,wikidata_id,individual_name,region_code,region_name,birthyear,meta_occupation,meta_region
0,Q316119,Gnaeus Pompeius Trogus,re_latin,Latin World,-100.0,historian,non_europe
1,Q782074,Claudianus Mamertus,re_latin,Latin World,420.0,theologian | philosopher,non_europe
2,Q182123,Irenaeus,re_latin,Latin World,130.0,theologian | philosopher,non_europe
3,Q44344,Hilary of Poitiers,re_latin,Latin World,315.0,theologian | philosopher,non_europe
4,Q1430,Marcus Aurelius,re_latin,Latin World,121.0,philosopher,non_europe
5,Q313795,John Cassian,re_latin,Latin World,360.0,theologian,non_europe
6,Q50082878,Jess Wade,re_latin,Latin World,2.0,physicist,non_europe
7,Q723645,Victorius of Aquitaine,re_latin,Latin World,450.0,astronomer | mathematician,non_europe
8,Q209102,Lactantius,re_latin,Latin World,250.0,philosopher | historian,non_europe
9,Q2891791,Latinius Pacatus Drepanius,re_latin,Latin World,400.0,historian,non_europe
10,Q2161,Tacitus,re_latin,Latin World,54.0,philosopher | historian,non_europe
11,Q885870,Victorinus Junior,re_latin,Latin World,300.0,historian,non_europe
12,Q239448,Pompeia Plotina,re_latin,Latin World,70.0,philosopher,non_europe
13,Q532684,Salvian,re_latin,Latin World,400.0,theologian | historian,non_europe
14,Q336704,Sulpicius Severus,re_latin,Latin World,360.0,historian,non_europe
15,Q297515,Pomponius Mela,re_latin,Latin World,15.0,geographer | historian,non_europe
16,Q188646,Lucan,re_latin,Latin World,39.0,historian,non_europe
17,Q535060,Terentianus,re_latin,Latin World,150.0,linguist,non_europe
18,Q10133,Suetonius,re_latin,Latin World,70.0,historian,non_europe
19,Q109998607,Tommaso Massarini,re_latin,Latin World,18.0,historian,non_europe
20,Q656891,Arulenus Rusticus,re_latin,Latin World,35.0,philosopher,non_europe
21,Q207113,Hippolytus,re_latin,Latin World,170.0,theologian,non_europe
22,Q755297,Athenaeus Mechanicus,re_latin,Latin World,-199.0,philosopher | mathematician,non_europe
23,Q74243,Marcus Cluvius Rufus,re_latin,Latin World,50.0,historian,non_europe
24,Q506540,Didymus Chalcenterus,re_latin,Latin World,-62.0,linguist,non_europe
25,Q248733,Eusebius of Myndus,re_latin,Latin World,300.0,philosopher,non_europe
26,Q311835,Pittacus of Mytilene,re_greek_world,Greek World,-650.0,philosopher,non_europe
27,Q708247,Gaius Marius Victorinus,re_latin,Latin World,290.0,theologian | philosopher,non_europe
28,Q134189,Plotinus,re_latin,Latin World,205.0,philosopher,non_europe
29,Q594441,Publius Clodius Thrasea Paetus,re_latin,Latin World,100.0,philosopher,non_europe
30,Q706319,Marinus of Tyre,re_latin,Latin World,100.0,geographer | mathematician,non_europe
31,Q82778,Pliny the Elder,re_latin,Latin World,20.0,philosopher | historian | anatomist,non_europe
32,Q298376,Gaius Julius Hyginus,re_latin,Latin World,-63.0,astronomer,non_europe
33,Q447741,Lucius Calbenus Taurus,re_latin,Latin World,150.0,philosopher,non_europe
34,Q758060,Atticus,re_latin,Latin World,150.0,philosopher,non_europe
35,Q670317,Gaius Oppius,re_latin,Latin World,-100.0,historian,non_europe
36,Q248969,Sopater of Apamea,re_latin,Latin World,242.0,philosopher,non_europe
37,Q1164993,Marcus Junius Congus Gracchanus,re_latin,Latin World,-200.0,historian,non_europe
38,Q1385296,Quintus Sextius,re_latin,Latin World,-50.0,philosopher,non_europe
39,Q365835,Tyrannius Rufinus,re_latin,Latin World,345.0,theologian,non_europe
40,Q3624758,Marcus Actorius Naso,re_latin,Latin World,-100.0,historian,non_europe
41,Q1376509,Sulpicius Alexander,re_latin,Latin World,400.0,historian,non_europe
42,Q174929,Tertullian,re_latin,Latin World,160.0,theologian | philosopher,non_europe
43,Q210853,Justin,re_latin,Latin World,101.0,historian,non_europe
44,Q1390986,Helvidius Priscus,re_latin,Latin World,50.0,philosopher,non_europe
45,Q311733,Titus Pomponius Atticus,re_latin,Latin World,-109.0,philosopher,non_europe
46,Q2312613,Flavius Lucius Dexter,re_latin,Latin World,400.0,historian,non_europe
47,Q782401,Sallustius,re_latin,Latin World,400.0,philosopher,non_europe
48,Q443278,Antonia Gordiana,re_latin,Latin World,201.0,historian,non_europe
49,Q294800,Aulus Gellius,re_latin,Latin World,130.0,philosopher,non_europe
50,Q44170,Ignatius of Antioch,re_latin,Latin World,35.0,theologian,non_europe
51,Q2054,Seneca,re_latin,Latin World,-4.0,philosopher,non_europe
52,Q1237555,Aulus Egnatius Priscillianus,re_latin,Latin World,135.0,philosopher,non_europe
53,Q273671,Seneca the Elder,re_latin,Latin World,-53.0,philosopher | historian,non_europe
54,Q947576,Valerius Antias,re_latin,Latin World,-200.0,historian,non_europe
55,Q11923560,Gaius Fannius,re_latin,Latin World,100.0,historian,non_europe
56,Q26204,Dionysius of Halicarnassus,re_latin,Latin World,-59.0,historian,non_europe
57,Q741160,Lucius Ampelius,re_latin,Latin World,150.0,historian,non_europe
58,Q290471,Moderatus of Gades,re_latin,Latin World,50.0,philosopher,non_europe
59,Q223615,Flavius Caper,re_latin,Latin World,150.0,linguist,non_europe
60,Q727792,Lucius Arruntius the Elder,re_latin,Latin World,-100.0,historian,non_europe
61,Q106026,Arius,re_latin,Latin World,250.0,theologian,non_europe
62,Q319273,Gaius Asinius Pollio,re_latin,Latin World,-74.0,historian,non_europe
63,Q759760,Aufidius Bassus,re_latin,Latin World,-50.0,historian,non_europe
64,Q966315,Virius Nicomachus Flavianus,re_latin,Latin World,400.0,historian,non_europe
65,Q682860,Julius Obsequens,re_latin,Latin World,400.0,historian,non_europe
66,Q669971,Trebellius Pollio,re_latin,Latin World,250.0,historian,non_europe
67,Q252841,Seleucus,re_latin,Latin World,200.0,historian,non_europe
68,Q1391069,Rabbi Ishmael,re_latin,Latin World,70.0,philosopher,non_europe
69,Q897734,Lucius Lucceius,re_latin,Latin World,-105.0,historian,non_europe
70,Q190240,Cyprian,re_latin,Latin World,200.0,philosopher,non_europe
71,Q313782,Aelian,re_latin,Latin World,200.0,zoologist | historian,non_europe
72,Q1271013,Adrian of Tyre,re_latin,Latin World,113.0,philosopher,non_europe
73,Q1084333,Flavius Sallustius,re_latin,Latin World,350.0,philosopher,non_europe
74,Q313924,Nicolaus of Damascus,re_latin,Latin World,-63.0,philosopher | historian,non_europe
75,Q563283,Gaius Asinius Quadratus,re_latin,Latin World,200.0,historian,non_europe
76,Q1541,Cicero,re_latin,Latin World,-106.0,philosopher,non_europe
77,Q192931,Pausanias,re_latin,Latin World,115.0,geographer | historian,non_europe
78,Q175042,Nigidius Figulus,re_latin,Latin World,-97.0,philosopher,non_europe
79,Q335309,Aulus Claudius Charax,re_latin,Latin World,150.0,historian,non_europe
80,Q12285191,Lucius Aemilius Juncus,re_latin,Latin World,100.0,philosopher,non_europe
81,Q1025379,Caelestius,re_latin,Latin World,380.0,theologian,non_europe
82,Q2335606,Pierius,re_latin,Latin World,201.0,philosopher,non_europe
83,Q772773,Antonius Musa,re_latin,Latin World,-62.0,botanist,non_europe
84,Q255448,Porcia,re_latin,Latin World,-100.0,philosopher,non_europe
85,Q316098,Marcus Velleius Paterculus,re_latin,Latin World,-18.0,historian,non_europe
86,Q451550,Philodemus,re_latin,Latin World,-109.0,philosopher,non_europe
87,Q171241,Diodorus Siculus,re_latin,Latin World,-89.0,geographer | historian,non_europe
88,Q1159625,Lucius Voltacilius Pitholaus,re_latin,Latin World,-100.0,historian,non_europe
89,Q26825,Herodotos,re_greek_world,Greek World,-483.0,historian,non_europe
90,Q444285,Asconius Pedianus,re_latin,Latin World,-8.0,historian,non_europe
91,Q274091,Dionysius Exiguus,re_latin,Latin World,475.0,mathematician,non_europe
92,Q222890,Novatian,re_latin,Latin World,220.0,theologian,non_europe
93,Q391514,Julius Capitolinus,re_latin,Latin World,250.0,historian,non_europe
94,Q15429187,Eumachus of Neapolis,re_latin,Latin World,-200.0,historian,non_europe
95,Q450708,Gaius Asinius Gallus,re_latin,Latin World,-39.0,historian,non_europe
96,Q934244,Pomponius Porphyrion,re_latin,Latin World,201.0,linguist,non_europe
97,Q12093928,Gaius Clodius Licinus,re_latin,Latin World,-50.0,historian,non_europe
98,Q47154,Lucretius,re_latin,Latin World,-93.0,philosopher,non_europe
99,Q2036794,Timagenes,re_latin,Latin World,-100.0,historian,non_europe
100,Q2857528,Antonius Castor,re_latin,Latin World,50.0,botanist,non_europe
101,Q248624,Amelius,re_latin,Latin World,200.0,philosopher,non_europe
102,Q441590,Eustathius of Cappadocia,re_latin,Latin World,300.0,philosopher,non_europe
103,Q248578,Chrysanthius,re_latin,Latin World,310.0,philosopher,non_europe
104,Q772677,Aulus Cremutius Cordus,re_latin,Latin World,-50.0,historian,non_europe
105,Q185117,Justin Martyr,re_latin,Latin World,100.0,theologian | philosopher,non_europe
106,Q11925501,Hermogenes of Carthago,re_latin,Latin World,150.0,theologian,non_europe
107,Q561367,Lucius Aelius Stilo Praeconinus,re_latin,Latin World,-153.0,philosopher,non_europe
108,Q354431,Aelius Aristides,re_latin,Latin World,117.0,philosopher,non_europe
109,Q673402,Gaius Sulpicius Gallus,re_latin,Latin World,-208.0,astronomer,non_europe
110,Q927711,Messius Phoebus Severus,re_latin,Latin World,450.0,philosopher,non_europe
111,Q451572,Menelaus of Alexandria,re_latin,Latin World,70.0,astronomer | mathematician,non_europe
112,Q192365,Cassiodorus,re_latin,Latin World,487.0,musicologist | philosopher | historian,non_europe
113,Q134461,Josephus,re_latin,Latin World,37.0,historian,non_europe
114,Q537755,Polyaenus,re_latin,Latin World,101.0,historian,non_europe
115,Q316123,Silius Italicus,re_latin,Latin World,26.0,historian,non_europe
116,Q1121669,Ticonius,re_latin,Latin World,370.0,theologian,non_europe
117,Q515249,Caecilius of Calacte,re_latin,Latin World,-50.0,historian,non_europe
118,Q554387,Favorinus,re_latin,Latin World,85.0,philosopher,non_europe
119,Q1164905,Marius Plotius Sacerdos,re_latin,Latin World,200.0,linguist,non_europe
120,Q735515,Aspasius,re_latin,Latin World,80.0,philosopher,non_europe
121,Q765147,Januarius Nepotianus,re_latin,Latin World,300.0,historian,non_europe
122,Q313056,Herodian,re_latin,Latin World,170.0,historian,non_europe
123,Q349959,Quintus Dellius,re_latin,Latin World,-100.0,historian,non_europe
124,Q1474972,Furius Dionysius Filocalus,re_latin,Latin World,400.0,historian,non_europe
125,Q221465,Hydatius,re_latin,Latin World,400.0,historian,non_europe
126,Q507036,Lucius Annaeus Cornutus,re_latin,Latin World,20.0,philosopher,non_europe
127,Q833663,Herennius Senecio,re_latin,Latin World,50.0,philosopher | historian,non_europe
128,Q109594,Cornelius Nepos,re_latin,Latin World,-99.0,historian,non_europe
129,Q201346,Marcion of Sinope,re_latin,Latin World,85.0,theologian | philosopher,non_europe
130,Q172198,Ammianus Marcellinus,re_latin,Latin World,330.0,historian,non_europe
131,Q441138,Alexandros Polyhistor,re_latin,Latin World,-99.0,geographer,non_europe
132,Q1242065,Quintus Baebius Macer,re_latin,Latin World,50.0,historian,non_europe
133,Q446155,Cronius the Pythagorean,re_latin,Latin World,200.0,philosopher,non_europe
134,Q748621,Victor of Vita,re_latin,Latin World,430.0,historian,non_europe
135,Q546375,Publius Egnatius Celer,re_latin,Latin World,100.0,philosopher,non_europe
136,Q18999,Junius Rusticus,re_latin,Latin World,100.0,philosopher,non_europe
137,Q729244,Calcidius,re_latin,Latin World,350.0,philosopher,non_europe
138,Q2868804,Lucius Ateius Praetextatus,re_latin,Latin World,-104.0,linguist,non_europe
139,Q718213,Auxentius of Milan,re_latin,Latin World,301.0,theologian,non_europe
140,Q1232970,Marcus Servilius Nonianus,re_latin,Latin World,-50.0,historian,non_europe
141,Q1243321,Vulcacius Gallicanus,re_latin,Latin World,250.0,historian,non_europe
142,Q16932930,Saint Sylvia of Aquitaine,re_latin,Latin World,330.0,historian,non_europe
143,Q367422,Julius Firmicus Maternus,re_latin,Latin World,400.0,astronomer,non_europe
144,Q365110,Philo of Larissa,re_latin,Latin World,-144.0,philosopher,non_europe
145,Q6197,Horace,re_latin,Latin World,-64.0,philosopher,non_europe
146,Q1965137,Marcus Favonius,re_latin,Latin World,-89.0,philosopher,non_europe
147,Q180081,Cato the Elder,re_latin,Latin World,-233.0,economist,non_europe
148,Q833542,Aelius Lampridius,re_latin,Latin World,400.0,historian,non_europe
149,Q4807731,Aspasius of Ravenna,re_latin,Latin World,200.0,philosopher,non_europe
150,Q1098323,Claudius Maximus,re_latin,Latin World,200.0,philosopher,non_europe
151,Q2039,Titus Livius,re_latin,Latin World,-58.0,historian,non_europe
152,Q379991,Valerius Maximus,re_latin,Latin World,-100.0,historian,non_europe
153,Q3189849,Julius Exsuperantius,re_latin,Latin World,350.0,historian,non_europe
154,Q975318,Granius Licinianus,re_latin,Latin World,101.0,historian,non_europe
155,Q102851,Boethius,re_latin,Latin World,480.0,musicologist | philosopher | mathematician,non_europe
156,Q3838837,Lucius Crassicius Pansa,re_latin,Latin World,-50.0,philosopher,non_europe
157,Q185770,Posidonius,re_latin,Latin World,-134.0,philosopher | physicist | astronomer | mathematician | geographer | historian,non_europe
158,Q1225062,Siro the Epicurean,re_latin,Latin World,-100.0,philosopher,non_europe
159,Q965333,Theodorus of Asine,re_latin,Latin World,275.0,philosopher,non_europe
160,Q995441,Fabius Rusticus,re_latin,Latin World,100.0,historian,non_europe
161,Q454652,Prosper of Aquitaine,re_latin,Latin World,390.0,theologian | historian,non_europe
162,Q11035375,Quintus Aelius Tubero,re_latin,Latin World,-162.0,philosopher,non_europe
163,Q535137,Marius Maximus,re_latin,Latin World,165.0,historian,non_europe
164,Q8778,Galen,re_latin,Latin World,200.0,anatomist,non_europe
165,Q1114706,Romulus of Genoa,re_latin,Latin World,301.0,theologian,non_europe
166,Q1232604,Julius Valerius Alexander Polemius,re_latin,Latin World,250.0,historian,non_europe
167,Q6033021,Palladius of Ratiaria,re_latin,Latin World,301.0,theologian,non_europe
168,Q315370,Celsus,re_latin,Latin World,200.0,philosopher,non_europe
169,Q317055,Marcus Cornelius Fronto,re_latin,Latin World,100.0,philosopher,non_europe
170,Q381874,Gaius Musonius Rufus,re_latin,Latin World,25.0,philosopher,non_europe
171,Q1223467,Quintus Lucilius Balbus,re_latin,Latin World,0.0,philosopher,non_europe
172,Q312410,Epicharmus of Kos,re_greek_world,Greek World,-523.0,philosopher | mathematician,non_europe
173,Q1349817,Castor of Rhodes,re_latin,Latin World,100.0,historian,non_europe
174,Q59138,Diogenes Laërtius,re_latin,Latin World,180.0,philosopher | historian,non_europe
175,Q1411,Claudius,re_latin,Latin World,-9.0,historian,non_europe
176,Q332785,Persius,re_latin,Latin World,34.0,philosopher,non_europe
177,Q190368,Appian,re_latin,Latin World,95.0,historian,non_europe
178,Q707449,Censorinus,re_latin,Latin World,250.0,musicologist,non_europe
179,Q316483,Lucius Annaeus Florus,re_latin,Latin World,70.0,historian,non_europe
180,Q1159576,Lucius Aelius Tubero,re_latin,Latin World,-150.0,philosopher | historian,non_europe
181,Q1376539,Renatus Profuturus Frigeridus,re_latin,Latin World,400.0,historian,non_europe
182,Q138724,Lucius Tarutius Firmanus,re_latin,Latin World,-100.0,astronomer | philosopher | mathematician,non_europe
183,Q2994436,Consentius,re_latin,Latin World,400.0,linguist,non_europe
184,Q2248247,Quintus Terentius Scaurus,re_latin,Latin World,201.0,linguist,non_europe
185,Q10261,Pythagoras,re_greek_world,Greek World,-582.0,musicologist | philosopher | mathematician,non_europe
186,Q311456,Orosius,re_latin,Latin World,385.0,theologian | historian,non_europe
187,Q1133857,Cornelius Labeo,re_latin,Latin World,250.0,philosopher,non_europe
188,Q772775,Polemon of Laodicea,re_latin,Latin World,90.0,philosopher,non_europe
189,Q521520,Gaius Licinius Mucianus,re_latin,Latin World,100.0,historian,non_europe
190,Q1237504,Plotius Crispinus,re_latin,Latin World,-50.0,philosopher,non_europe
191,Q662582,Fenestella,re_latin,Latin World,-35.0,historian,non_europe
192,Q206119,Marcus Terentius Varro,re_latin,Latin World,-115.0,musicologist | philosopher,non_europe
193,Q532315,Athenodoros Cordylion,re_latin,Latin World,-50.0,philosopher,non_europe
194,Q950770,Quintus Aelius Tubero,re_latin,Latin World,-73.0,historian,non_europe
195,Q4298,Publius Flavius Vegetius Renatus,re_latin,Latin World,400.0,historian,non_europe
196,Q1227766,Paeanius,re_latin,Latin World,400.0,historian,non_europe
197,Q9200,Paul the Apostle,re_latin,Latin World,5.0,theologian,non_europe
198,Q2123334,Quintus Aelius Tubero,re_latin,Latin World,-75.0,historian,non_europe
199,Q761346,Servius Fabius Pictor,re_latin,Latin World,-189.0,historian,non_europe
200,Q272087,Tatian,re_latin,Latin World,120.0,theologian | philosopher,non_europe
201,Q1662957,Julian of Eclanum,re_latin,Latin World,386.0,philosopher,non_europe
202,Q859652,Cerdo,re_latin,Latin World,200.0,theologian,non_europe
203,Q11906126,Publius Anteius Antiochus,re_latin,Latin World,150.0,philosopher,non_europe
204,Q47180,Petronius,re_latin,Latin World,27.0,philosopher,non_europe
205,Q794615,Aetius,re_latin,Latin World,200.0,astronomer | philosopher,non_europe
206,Q520487,Gaius Julius Solinus,re_latin,Latin World,400.0,geographer | historian,non_europe
207,Q1230624,Aelius Spartianus,re_latin,Latin World,301.0,historian,non_europe
208,Q43689,Ambrose,re_latin,Latin World,339.0,theologian | philosopher,non_europe
209,Q905137,Didymus the Musician,re_latin,Latin World,-100.0,musicologist,non_europe
210,Q203445,Porphyry,re_latin,Latin World,233.0,musicologist | philosopher | historian,non_europe
211,Q8747,Euclid,re_greek_world,Greek World,-322.0,mathematician,non_europe
212,Q1150145,Polemon of Athens,re_greek_world,Greek World,200.0,geographer | philosopher | historian,non_europe
213,Q660170,Isidore of Alexandria,re_greek_world,Greek World,450.0,philosopher,non_europe
214,Q248287,Peregrinus Proteus,re_greek_world,Greek World,95.0,philosopher,non_europe
215,Q2369009,Apollodorus the Epicurean,re_greek_world,Greek World,-150.0,philosopher,non_europe
216,Q185206,Priscian of Lydia,re_greek_world,Greek World,500.0,philosopher,non_europe
217,Q1377100,Calippus of Syracuse,re_greek_world,Greek World,-350.0,philosopher,non_europe
218,Q297420,Panaetius,re_greek_world,Greek World,-184.0,philosopher,non_europe
219,Q1465879,Xeniades,re_greek_world,Greek World,-500.0,philosopher,non_europe
220,Q359231,Bion of Borysthenes,re_greek_world,Greek World,-324.0,philosopher,non_europe
221,Q228564,Aspasia,re_greek_world,Greek World,-469.0,philosopher,non_europe
222,Q580565,Palaephatus,re_greek_world,Greek World,-400.0,historian,non_europe
223,Q297402,Prodicus,re_greek_world,Greek World,-459.0,philosopher,non_europe
224,Q179149,Antisthenes,re_greek_world,Greek World,-443.0,philosopher,non_europe
225,Q555818,Philippus of Opus,re_greek_world,Greek World,-400.0,astronomer | philosopher | mathematician,non_europe
226,Q2482150,Cleidemus,re_greek_world,Greek World,-350.0,historian,non_europe
227,Q183144,Epictetus,re_greek_world,Greek World,50.0,philosopher,non_europe
228,Q913,Socrates,re_greek_world,Greek World,-468.0,philosopher,non_europe
229,Q5382897,Epigenes,re_greek_world,Greek World,-450.0,philosopher,non_europe
230,Q928470,Simmias of Thebes,re_greek_world,Greek World,-500.0,philosopher | mathematician,non_europe
231,Q108577191,Archilochus,re_greek_world,Greek World,-271.0,historian,non_europe
232,Q983755,Praxagoras of Athens,re_greek_world,Greek World,400.0,historian,non_europe
233,Q288467,Lastheneia of Mantinea,re_greek_world,Greek World,-350.0,philosopher,non_europe
234,Q349916,Aristidis of Athens,re_greek_world,Greek World,150.0,philosopher,non_europe
235,Q962486,Echecrates of Phlius,re_greek_world,Greek World,-499.0,philosopher,non_europe
236,Q169243,Protagoras,re_greek_world,Greek World,-489.0,philosopher,non_europe
237,Q366031,Anaxarchus,re_greek_world,Greek World,-379.0,philosopher,non_europe
238,Q1236440,Bion of Abdera,re_greek_world,Greek World,-429.0,astronomer | mathematician,non_europe
239,Q1230889,Mnaseas,re_greek_world,Greek World,-300.0,historian,non_europe
240,Q221623,Heliodorus of Athens,re_greek_world,Greek World,-150.0,historian,non_europe
241,Q662932,Persaeus,re_greek_world,Greek World,-305.0,philosopher,non_europe
242,Q1047995,Antipater of Tyre,re_greek_world,Greek World,-50.0,philosopher,non_europe
243,Q162163,Ion of Chios,re_greek_world,Greek World,-489.0,philosopher | historian | mathematician,non_europe
244,Q177847,Lucian of Samosata,re_greek_world,Greek World,120.0,philosopher,non_europe
245,Q271809,Proclus,re_greek_world,Greek World,412.0,philosopher | mathematician,non_europe
246,Q363468,Dexippus,re_greek_world,Greek World,210.0,historian,non_europe
247,Q548104,Julius Pollux,re_greek_world,Greek World,200.0,philosopher,non_europe
248,Q514262,Androtion,re_greek_world,Greek World,-500.0,historian,non_europe
249,Q1185510,Demetrius of Callatis,re_greek_world,Greek World,-299.0,historian,non_europe
250,Q554535,Phaedrus,re_greek_world,Greek World,-443.0,philosopher,non_europe
251,Q965086,Sotades,re_greek_world,Greek World,-400.0,philosopher,non_europe
252,Q172248,Marcus Junius Brutus,re_greek_world,Greek World,-84.0,philosopher,non_europe
253,Q667385,Aristos of Ascalon,re_greek_world,Greek World,-50.0,philosopher,non_europe
254,Q462582,Pythias,re_greek_world,Greek World,-361.0,zoologist,non_europe
255,Q859,Plato,re_greek_world,Greek World,-426.0,philosopher,non_europe
256,Q41523,Plutarch,re_greek_world,Greek World,40.0,philosopher | historian,non_europe
257,Q609147,Phylarchus,re_greek_world,Greek World,-254.0,historian,non_europe
258,Q444595,Perictione,re_greek_world,Greek World,-500.0,philosopher,non_europe
259,Q235494,Hipparchia of Maroneia,re_greek_world,Greek World,-349.0,philosopher,non_europe
260,Q284994,Carneades,re_greek_world,Greek World,-212.0,philosopher,non_europe
261,Q4355017,Diyllus,re_greek_world,Greek World,-300.0,historian,non_europe
262,Q221497,Xenophilus,re_greek_world,Greek World,-400.0,musicologist | philosopher,non_europe
263,Q41683,Thucydides,re_greek_world,Greek World,-460.0,historian,non_europe
264,Q5264,Hippocrates,re_greek_world,Greek World,-459.0,philosopher,non_europe
265,Q317331,Aratus of Sicyon,re_greek_world,Greek World,-270.0,historian,non_europe
266,Q309772,Athenagoras of Athens,re_greek_world,Greek World,133.0,theologian | philosopher,non_europe
267,Q3012616,Damastes of Sigeum,re_greek_world,Greek World,-500.0,geographer | historian,non_europe
268,Q312682,Euclid of Megara,re_greek_world,Greek World,-436.0,philosopher,non_europe
269,Q2661420,Dardanus of Athens,re_greek_world,Greek World,-159.0,philosopher,non_europe
270,Q3060400,Euphantus,re_greek_world,Greek World,-320.0,philosopher | historian,non_europe
271,Q1186462,Demon of Athens,re_greek_world,Greek World,-400.0,historian,non_europe
272,Q920912,Theaetetus,re_greek_world,Greek World,-416.0,philosopher | mathematician,non_europe
273,Q316353,Strato of Lampsacus,re_greek_world,Greek World,-334.0,philosopher | physicist,non_europe
274,Q319406,Epimenides of Crete,re_greek_world,Greek World,-700.0,philosopher,non_europe
275,Q712755,Crates of Athens,re_greek_world,Greek World,-400.0,philosopher,non_europe
276,Q325955,Speusippus,re_greek_world,Greek World,-406.0,philosopher | mathematician,non_europe
277,Q205704,Apollodorus of Athens,re_greek_world,Greek World,-179.0,historian,non_europe
278,Q12960188,Theodotus,re_greek_world,Greek World,150.0,theologian,non_europe
279,Q553856,Polemon,re_greek_world,Greek World,-400.0,philosopher,non_europe
280,Q160362,Theophrastus,re_greek_world,Greek World,-370.0,botanist | philosopher | physicist,non_europe
281,Q868,Aristotle,re_greek_world,Greek World,-383.0,philosopher,non_europe
282,Q542808,Hermarchus,re_greek_world,Greek World,-324.0,philosopher,non_europe
283,Q1287486,Metrocles,re_greek_world,Greek World,-400.0,philosopher,non_europe
284,Q633023,Archiadas,re_greek_world,Greek World,500.0,philosopher,non_europe
285,Q73527,Arcesilaus,re_greek_world,Greek World,-314.0,philosopher,non_europe
286,Q42887,Clement I,re_greek_world,Greek World,100.0,theologian,non_europe
287,Q343607,Archelaus,re_greek_world,Greek World,-500.0,philosopher,non_europe
288,Q4791018,Aristodemus of Cydathenaeum,re_greek_world,Greek World,-450.0,philosopher,non_europe
289,Q2346245,Stesimbrotos of Thasos,re_greek_world,Greek World,-469.0,historian,non_europe
290,Q1057347,Hegesander,re_greek_world,Greek World,-150.0,historian,non_europe
291,Q433852,Ephippus of Olynthus,re_greek_world,Greek World,-400.0,historian,non_europe
292,Q316334,Heraclides Ponticus,re_greek_world,Greek World,-384.0,astronomer | philosopher,non_europe
293,Q2927235,Bryson of Achaea,re_greek_world,Greek World,-450.0,philosopher,non_europe
294,Q434021,Timycha,re_greek_world,Greek World,-400.0,philosopher,non_europe
295,Q1747004,Timon of Athens,re_greek_world,Greek World,-500.0,philosopher,non_europe
296,Q294092,Critias,re_greek_world,Greek World,-459.0,philosopher,non_europe
297,Q1586059,Harpocration of Argos,re_greek_world,Greek World,200.0,philosopher,non_europe
298,Q317947,Crates of Thebes,re_greek_world,Greek World,-364.0,philosopher,non_europe
299,Q2367894,Teles of Megara,re_greek_world,Greek World,-250.0,philosopher,non_europe
300,Q744125,Chaerephon,re_greek_world,Greek World,-401.0,philosopher,non_europe
301,Q4721014,Alexandrides of Delphi,re_greek_world,Greek World,-300.0,historian,non_europe
302,Q409647,Aeschines of Sphettus,re_greek_world,Greek World,-429.0,philosopher,non_europe
303,Q2217419,Nicomachus,re_greek_world,Greek World,-301.0,philosopher,non_europe
304,Q218451,Zoilus,re_greek_world,Greek World,-399.0,philosopher | historian,non_europe
305,Q320132,Nearchus,re_greek_world,Greek World,-355.0,historian,non_europe
306,Q129772,Xenophon,re_greek_world,Greek World,-429.0,philosopher | historian,non_europe
307,Q965144,Cebes,re_greek_world,Greek World,-500.0,philosopher | mathematician,non_europe
308,Q504744,Hellanicus of Mytilene,re_greek_world,Greek World,-489.0,historian,non_europe
309,Q544987,Aristobulus of Cassandreia,re_greek_world,Greek World,-374.0,historian,non_europe
310,Q223383,Mnesarchus of Athens,re_greek_world,Greek World,-159.0,philosopher,non_europe
311,Q452077,Menippus,re_greek_world,Greek World,-299.0,philosopher,non_europe
312,Q328793,Periander,re_greek_world,Greek World,-700.0,philosopher,non_europe
313,Q34601,Chilon of Sparta,re_greek_world,Greek World,-599.0,philosopher,non_europe
314,Q1128200,Lasus of Hermione,re_greek_world,Greek World,-548.0,musicologist,non_europe
315,Q210573,Hippias,re_greek_world,Greek World,-442.0,astronomer | philosopher | mathematician,non_europe
316,Q15091905,Deceneo,re_greek_world,Greek World,-100.0,astronomer | philosopher,non_europe
317,Q381048,Stilpo,re_greek_world,Greek World,-358.0,philosopher,non_europe
318,Q31845,Arrian,re_greek_world,Greek World,95.0,philosopher | historian,non_europe
319,Q473381,Ammonius of Athens,re_greek_world,Greek World,50.0,philosopher,non_europe
320,Q133337,Solon,re_greek_world,Greek World,-637.0,philosopher,non_europe
321,Q311879,Herodes Atticus,re_greek_world,Greek World,102.0,philosopher,non_europe
322,Q171303,Zeno of Citium,re_greek_world,Greek World,-333.0,philosopher,non_europe
323,Q380190,Phaedo of Elis,re_greek_world,Greek World,-401.0,philosopher,non_europe
324,Q191964,Diogenes of Apollonia,re_greek_world,Greek World,-459.0,philosopher,non_europe
325,Q964738,Peter the Patrician,re_greek_world,Greek World,500.0,historian,non_europe
326,Q266299,Philochorus,re_greek_world,Greek World,-339.0,historian,non_europe
327,Q435274,Hieronymus of Cardia,re_greek_world,Greek World,-353.0,historian,non_europe
328,Q41980,Democritus,re_greek_world,Greek World,-460.0,philosopher | mathematician,non_europe
329,Q949530,Demonax,re_greek_world,Greek World,200.0,philosopher,non_europe
330,Q537304,Ploutarchos of Athens,re_greek_world,Greek World,350.0,philosopher,non_europe
331,Q1336424,Hermogenes,re_greek_world,Greek World,-500.0,philosopher,non_europe
332,Q192313,Pyrrho,re_greek_world,Greek World,-360.0,philosopher,non_europe
333,Q82793,Callisthenes,re_greek_world,Greek World,-359.0,historian,non_europe
334,Q469199,Victorinus of Pettau,re_latin,Latin World,250.0,theologian | philosopher,non_europe
335,Q1367611,Socrates the Younger,re_greek_world,Greek World,-420.0,philosopher,non_europe
336,Q353580,Adeimantus of Collytus,re_greek_world,Greek World,-431.0,philosopher,non_europe
337,Q11916247,Ctesibius of Chalcis,re_greek_world,Greek World,-400.0,philosopher,non_europe
338,Q43216,Epicurus,re_greek_world,Greek World,-341.0,philosopher,non_europe
339,Q978418,Marsyas of Pella,re_greek_world,Greek World,-400.0,historian,non_europe
340,Q353264,Diagoras of Melos,re_greek_world,Greek World,-450.0,philosopher,non_europe
341,Q2274948,Philostratus,re_greek_world,Greek World,170.0,philosopher,non_europe
342,Q1227107,Diotima of Mantinea,re_greek_world,Greek World,-450.0,philosopher,non_europe
343,Q43423,Aesop,re_greek_world,Greek World,-619.0,philosopher,non_europe
344,Q211411,Chrysippus of Soli,re_greek_world,Greek World,-280.0,philosopher | mathematician,non_europe
345,Q586050,Asclepigenia,re_greek_world,Greek World,400.0,philosopher,non_europe
346,Q646951,Ariston of Chios,re_greek_world,Greek World,-299.0,philosopher,non_europe
347,Q668009,Aristotelis the Dialectician,re_greek_world,Greek World,-300.0,philosopher,non_europe
348,Q214121,Xenocrates,re_greek_world,Greek World,-395.0,philosopher | mathematician,non_europe
349,Q1279413,Cercidas,re_greek_world,Greek World,-300.0,philosopher,non_europe
350,Q1364945,Glaucon,re_greek_world,Greek World,-444.0,philosopher,non_europe
351,Q189759,Zeno of Sidon,re_greek_world,Greek World,-149.0,philosopher | mathematician,non_europe
352,Q280872,Timon of Phlius,re_greek_world,Greek World,-319.0,philosopher,non_europe
353,Q905827,Diodorus of Tyre,re_greek_world,Greek World,-150.0,philosopher,non_europe
354,Q1372239,Eudemus of Cyprus,re_greek_world,Greek World,-400.0,philosopher,non_europe
355,Q2861408,Aristion,re_greek_world,Greek World,-150.0,philosopher,non_europe
356,Q3630471,Autocrates,re_greek_world,Greek World,-250.0,historian,non_europe
357,Q1073837,Critolaus,re_greek_world,Greek World,-199.0,philosopher,non_europe
358,Q15078686,Antiphon,re_greek_world,Greek World,-500.0,philosopher | mathematician,non_europe
359,Q466951,Clitomachus,re_greek_world,Greek World,-186.0,philosopher,non_europe
360,Q261909,Meton of Athens,re_greek_world,Greek World,-500.0,astronomer | mathematician,non_europe
361,Q310149,Cleanthes,re_greek_world,Greek World,-329.0,philosopher,non_europe
362,Q125247,Cratylus,re_greek_world,Greek World,-500.0,philosopher,non_europe
363,Q2346819,Damon of Athens,re_greek_world,Greek World,-450.0,musicologist | philosopher,non_europe
364,Q934471,Criton,re_greek_world,Greek World,-468.0,philosopher,non_europe
365,Q1763617,Nicarete of Megara,re_greek_world,Greek World,-400.0,philosopher,non_europe
366,Q4780369,Apollodorus of Phaleron,re_greek_world,Greek World,-420.0,philosopher,non_europe
367,Q131169,Polybius,re_greek_world,Greek World,-199.0,historian,non_europe
368,Q780234,Priscus of Epirus,re_greek_world,Greek World,305.0,philosopher,non_europe
369,Q2759424,Anticlides,re_greek_world,Greek World,-300.0,historian,non_europe
370,Q59180,Diogenes of Sinope,re_greek_world,Greek World,-399.0,philosopher,non_europe
371,Q2087377,Asclepiades of Phlius,re_greek_world,Greek World,-349.0,philosopher,non_europe
372,Q298071,Hippodamus of Miletus,re_greek_world,Greek World,-497.0,mathematician,non_europe
373,Q18819268,Mnesarchus of Croton,re_greek_world,Greek World,-450.0,philosopher,non_europe
374,Q298860,Hippasus,re_greek_world,Greek World,-600.0,musicologist | philosopher | mathematician,non_europe
375,Q716416,Hippon,re_greek_world,Greek World,-500.0,philosopher,non_europe
376,Q162593,Pelagius,re_greek_world,Greek World,360.0,theologian | philosopher,non_europe
377,Q11920485,Escílax d'Halicarnàs,re_greek_world,Greek World,-150.0,astronomer,non_europe
378,Q928092,Peter the Iberian,re_greek_world,Greek World,411.0,philosopher,non_europe
379,Q4684706,Adrastus of Cyzicus,re_greek_world,Greek World,-500.0,astronomer,non_europe
380,Q581732,Antipater of Tarsus,re_greek_world,Greek World,-300.0,philosopher,non_europe
381,Q291952,Sosipatra,re_greek_world,Greek World,400.0,philosopher,non_europe
382,Q314467,Aenesidemus,re_greek_world,Greek World,-79.0,philosopher,non_europe
383,Q200608,Ephrem the Syrian,re_greek_world,Greek World,306.0,theologian,non_europe
384,Q31278,Cleomedes,re_greek_world,Greek World,1.0,astronomer | mathematician,non_europe
385,Q486945,Sotion,re_greek_world,Greek World,-100.0,philosopher,non_europe
386,Q16658175,Zosimus of Ascalona,re_greek_world,Greek World,450.0,historian,non_europe
387,Q472620,Artemidorus of Ephesus,re_greek_world,Greek World,-150.0,geographer,non_europe
388,Q510719,Eutocius of Ascalon,re_greek_world,Greek World,480.0,philosopher | mathematician,non_europe
389,Q352621,Dicaearchus,re_greek_world,Greek World,-349.0,geographer | philosopher | historian | mathematician,non_europe
390,Q168261,Ptolemy I Soter,re_greek_world,Greek World,-365.0,historian,non_europe
391,Q2470320,Apollonius of Ephesus,re_greek_world,Greek World,201.0,theologian,non_europe
392,Q921532,Dorotheus of Sidon,re_greek_world,Greek World,50.0,astronomer,non_europe
393,Q437869,Evagrius Ponticus,re_greek_world,Greek World,345.0,theologian,non_europe
394,Q178217,Diofantos,re_greek_world,Greek World,201.0,mathematician,non_europe
395,Q24068760,Aristobulus of Paneas,re_greek_world,Greek World,-150.0,philosopher,non_europe
396,Q451566,Menaechmus,re_greek_world,Greek World,-379.0,astronomer | mathematician,non_europe
397,Q18626710,Julian,re_greek_world,Greek World,400.0,theologian,non_europe
398,Q211783,Pappus of Alexandria,re_greek_world,Greek World,290.0,astronomer | mathematician,non_europe
399,Q712572,Philistus,re_greek_world,Greek World,-424.0,historian,non_europe
400,Q2285961,Silenus Calatinus,re_greek_world,Greek World,-300.0,historian,non_europe
401,Q310028,Isidore of Miletus,re_greek_world,Greek World,442.0,physicist | mathematician,non_europe
402,Q242270,Hecataeus of Miletus,re_greek_world,Greek World,-600.0,geographer | historian,non_europe
403,Q3991387,Timagoras of Gela,re_greek_world,Greek World,-350.0,philosopher,non_europe
404,Q580661,Antiochus of Syracuse,re_greek_world,Greek World,-450.0,historian,non_europe
405,Q434773,Crantor,re_greek_world,Greek World,-343.0,philosopher,non_europe
406,Q80612,Anaximenes of Miletus,re_greek_world,Greek World,-584.0,astronomer | philosopher | mathematician,non_europe
407,Q433919,Phintys,re_greek_world,Greek World,-400.0,philosopher,non_europe
408,Q581833,Marinus of Neapolis,re_greek_world,Greek World,440.0,astronomer | philosopher,non_europe
409,Q313018,Aristophanes of Byzantium,re_greek_world,Greek World,-256.0,linguist,non_europe
410,Q1354573,Lycus of Rhegium,re_greek_world,Greek World,-350.0,historian,non_europe
411,Q355664,Theodore of Mopsuestia,re_greek_world,Greek World,350.0,theologian,non_europe
412,Q311731,Priscus,re_greek_world,Greek World,410.0,philosopher | historian,non_europe
413,Q310916,Iamblichus,re_greek_world,Greek World,245.0,philosopher,non_europe
414,Q59137,Diogenes of Oenoanda,re_greek_world,Greek World,200.0,philosopher,non_europe
415,Q714841,Eustathius of Epiphania,re_greek_world,Greek World,401.0,historian,non_europe
416,Q721022,Malchus,re_greek_world,Greek World,450.0,historian,non_europe
417,Q44011,Gregory of Nazianzus,re_greek_world,Greek World,330.0,theologian | philosopher,non_europe
418,Q372798,Polus,re_greek_world,Greek World,-500.0,philosopher,non_europe
419,Q297040,Apollonius of Tyana,re_greek_world,Greek World,15.0,philosopher | mathematician,non_europe
420,Q391202,Agathangelos,re_greek_world,Greek World,500.0,historian,non_europe
421,Q317029,Theodoret,re_greek_world,Greek World,393.0,historian,non_europe
422,Q4024777,Zopyrus of Tarentum,re_greek_world,Greek World,-350.0,philosopher,non_europe
423,Q43182,Eratosthenes,re_greek_world,Greek World,-275.0,musicologist | astronomer | mathematician | geographer | historian,non_europe
424,Q645774,Bolus of Mendes,re_greek_world,Greek World,-300.0,botanist | philosopher,non_europe
425,Q2637222,Aesara,re_greek_world,Greek World,-400.0,philosopher,non_europe
426,Q3731014,Heracleides of Magnesia,re_greek_world,Greek World,-50.0,historian,non_europe
427,Q3620711,Apollonides of Smyrna,re_greek_world,Greek World,-150.0,philosopher,non_europe
428,Q356433,Priscian,re_greek_world,Greek World,500.0,philosopher,non_europe
429,Q1389145,John the Lydian,re_greek_world,Greek World,490.0,historian,non_europe
430,Q2705204,Evander,re_greek_world,Greek World,-201.0,philosopher,non_europe
431,Q235426,Theano,re_greek_world,Greek World,-600.0,astronomer | philosopher | mathematician,non_europe
432,Q354342,Bardaisan,re_greek_world,Greek World,154.0,philosopher,non_europe
433,Q1270333,Praxeas,re_greek_world,Greek World,200.0,theologian,non_europe
434,Q463564,Xenophon of Ephesus,re_greek_world,Greek World,101.0,philosopher,non_europe
435,Q192371,Polycarp,re_greek_world,Greek World,69.0,theologian,non_europe
436,Q1295215,Satyrus the Peripatetic,re_greek_world,Greek World,-300.0,philosopher | historian,non_europe
437,Q1616998,Neanthes of Cyzicus,re_greek_world,Greek World,-250.0,historian,non_europe
438,Q1148501,Diophanes of Nicaea,re_greek_world,Greek World,-100.0,botanist,non_europe
439,Q180671,Aratus,re_greek_world,Greek World,-314.0,astronomer,non_europe
440,Q1189157,Nausiphanes,re_greek_world,Greek World,-400.0,philosopher,non_europe
441,Q1496242,Callinicus,re_greek_world,Greek World,300.0,historian,non_europe
442,Q180109,Apollonius of Perga,re_greek_world,Greek World,-261.0,astronomer | mathematician,non_europe
443,Q335156,Aristoxenus,re_greek_world,Greek World,-359.0,musicologist | philosopher | mathematician,non_europe
444,Q1047689,Menodotus of Nicomedia,re_greek_world,Greek World,100.0,philosopher,non_europe
445,Q3381179,Philon of Gadara,re_greek_world,Greek World,100.0,mathematician,non_europe
446,Q287423,Epigenes of Byzantium,re_greek_world,Greek World,-150.0,astronomer | mathematician,non_europe
447,Q317146,Alexandros of Aphrodisias,re_greek_world,Greek World,200.0,philosopher,non_europe
448,Q275606,Aurelius Victor,re_greek_world,Greek World,320.0,historian,non_europe
449,Q451390,Autolycus of Pitane,re_greek_world,Greek World,-359.0,astronomer | mathematician,non_europe
450,Q83375,Empedocles,re_greek_world,Greek World,-489.0,philosopher,non_europe
451,Q441448,Carpocrates,re_greek_world,Greek World,100.0,philosopher,non_europe
452,Q312491,John Malalas,re_greek_world,Greek World,491.0,historian,non_europe
453,Q248793,Maximus of Ephesus,re_greek_world,Greek World,310.0,philosopher,non_europe
454,Q404023,Aedesius,re_greek_world,Greek World,280.0,philosopher,non_europe
455,Q316867,Sosigenes of Alexandria,re_greek_world,Greek World,-100.0,astronomer | philosopher | mathematician,non_europe
456,Q506553,Olympiodorus of Thebes,re_greek_world,Greek World,380.0,philosopher | historian,non_europe
457,Q550477,Timocharis,re_greek_world,Greek World,-319.0,astronomer,non_europe
458,Q346567,Callixenus of Rhodes,re_greek_world,Greek World,-199.0,historian,non_europe
459,Q385213,Prohaeresius,re_greek_world,Greek World,276.0,philosopher,non_europe
460,Q2047944,Palladius of Galatia,re_greek_world,Greek World,363.0,historian,non_europe
461,Q334457,Dio Chrysostom,re_greek_world,Greek World,40.0,philosopher,non_europe
462,Q51885,Thecla,re_greek_world,Greek World,100.0,theologian,non_europe
463,Q3044500,Demetrius of Scepsis,re_greek_world,Greek World,-204.0,philosopher | historian,non_europe
464,Q363818,Nicander,re_greek_world,Greek World,-249.0,historian,non_europe
465,Q2524557,Anatolius of Laodicea,re_greek_world,Greek World,250.0,philosopher | mathematician,non_europe
466,Q1373037,Syrianus,re_greek_world,Greek World,500.0,philosopher,non_europe
467,Q3347025,Neleus of Scepsis,re_greek_world,Greek World,-350.0,philosopher,non_europe
468,Q459774,Ambrose of Alexandria,re_greek_world,Greek World,200.0,theologian,non_europe
469,Q1747749,Tiberius Claudius Aristocles,re_greek_world,Greek World,100.0,philosopher,non_europe
470,Q201867,Cleitarchus,re_greek_world,Greek World,-400.0,historian,non_europe
471,Q125551,Parmenides,re_greek_world,Greek World,-514.0,philosopher,non_europe
472,Q3624868,Asclepiades,re_greek_world,Greek World,-150.0,historian,non_europe
473,Q444459,Alcidamas,re_greek_world,Greek World,-450.0,philosopher,non_europe
474,Q4441106,Aphthonius of Antioch,re_greek_world,Greek World,300.0,philosopher,non_europe
475,Q44024,Athanasios of Alexandria,re_greek_world,Greek World,296.0,theologian,non_europe
476,Q3413787,Archelaus,re_greek_world,Greek World,300.0,theologian,non_europe
477,Q705950,Theon of Smyrna,re_greek_world,Greek World,70.0,philosopher | musicologist | astronomer | mathematician,non_europe
478,Q380089,Fulgentius of Ruspe,re_greek_world,Greek World,468.0,theologian,non_europe
479,Q2861395,Aristodemus of Nysa,re_greek_world,Greek World,-200.0,philosopher | historian,non_europe
480,Q447451,Sabellius,re_greek_world,Greek World,200.0,theologian,non_europe
481,Q973954,Philoxenus of Mabbug,re_greek_world,Greek World,440.0,theologian,non_europe
482,Q433332,Mara Bar-Serapion,re_greek_world,Greek World,50.0,philosopher,non_europe
483,Q1613489,Hermias,re_greek_world,Greek World,401.0,philosopher,non_europe
484,Q186153,Procopius,re_greek_world,Greek World,500.0,historian,non_europe
485,Q188232,Didymus the Blind,re_greek_world,Greek World,313.0,theologian,non_europe
486,Q1266186,Theodosius of Bithynia,re_greek_world,Greek World,-159.0,astronomer | mathematician,non_europe
487,Q2696027,Alexander of Damascus,re_greek_world,Greek World,200.0,philosopher,non_europe
488,Q3714438,Dositheus,re_greek_world,Greek World,-250.0,astronomer | mathematician,non_europe
489,Q18639389,Abrotelia,re_greek_world,Greek World,-500.0,philosopher,non_europe
490,Q1531412,Harkhebi,re_greek_world,Greek World,-301.0,astronomer,non_europe
491,Q185223,Cassius Dio,re_greek_world,Greek World,150.0,historian,non_europe
492,Q2695834,Agathobulus,re_greek_world,Greek World,100.0,philosopher,non_europe
493,Q16529474,Astone,re_greek_world,Greek World,-550.0,philosopher,non_europe
494,Q503075,Crates of Mallus,re_greek_world,Greek World,-200.0,philosopher,non_europe
495,Q8739,Archimedes,re_greek_world,Greek World,-286.0,astronomer | philosopher | physicist | mathematician,non_europe
496,Q63456919,Pandrosion,re_greek_world,Greek World,400.0,mathematician,non_europe
497,Q317014,Sextus Julius Africanus,re_greek_world,Greek World,160.0,philosopher | historian,non_europe
498,Q170472,Origen,re_greek_world,Greek World,185.0,theologian | philosopher,non_europe
499,Q1051470,Vettius Valens,re_greek_world,Greek World,120.0,astronomer,non_europe
500,Q515542,Agathemerus,re_greek_world,Greek World,250.0,geographer,non_europe
501,Q504771,Philo of Byblos,re_greek_world,Greek World,50.0,historian,non_europe
502,Q1226993,Dionysius Periegetes,re_greek_world,Greek World,100.0,historian,non_europe
503,Q312500,Herophilos,re_greek_world,Greek World,-334.0,anatomist,non_europe
504,Q297390,Craterus,re_greek_world,Greek World,-369.0,historian,non_europe
505,Q707344,Numenius of Apamea,re_greek_world,Greek World,200.0,philosopher,non_europe
506,Q42458,Anaximander,re_greek_world,Greek World,-609.0,philosopher | physicist | astronomer | mathematician | geographer,non_europe
507,Q229246,Julia Domna,re_greek_world,Greek World,165.0,philosopher,non_europe
508,Q298654,Cyril of Jerusalem,re_greek_world,Greek World,313.0,theologian,non_europe
509,Q363375,Publilius Syrus,re_greek_world,Greek World,-100.0,philosopher,non_europe
510,Q391216,Agatharchides,re_greek_world,Greek World,-207.0,geographer | philosopher | historian | anatomist,non_europe
511,Q2531620,Pamprepius,re_greek_world,Greek World,440.0,philosopher,non_europe
512,Q4191445,Zenob Glak,re_greek_world,Greek World,300.0,historian,non_europe
513,Q165589,Leucippus,re_greek_world,Greek World,-500.0,philosopher | physicist,non_europe
514,Q451719,Damo,re_greek_world,Greek World,-600.0,philosopher | mathematician,non_europe
515,Q365977,Bias of Priene,re_greek_world,Greek World,-599.0,philosopher,non_europe
516,Q1378597,Eurytus,re_greek_world,Greek World,-500.0,philosopher | mathematician,non_europe
517,Q189767,Zeno of Tarsus,re_greek_world,Greek World,-250.0,philosopher,non_europe
518,Q139567,Zacharias Rhetor,re_greek_world,Greek World,465.0,philosopher | historian,non_europe
519,Q83041,Anaxagoras,re_greek_world,Greek World,-499.0,astronomer | philosopher | physicist | mathematician,non_europe
520,Q1400157,Cleinias of Tarentum,re_greek_world,Greek World,-500.0,philosopher,non_europe
521,Q313791,Ephorus,re_greek_world,Greek World,-399.0,historian,non_europe
522,Q260951,Dinon,re_greek_world,Greek World,-399.0,historian,non_europe
523,Q534163,Xanthos,re_greek_world,Greek World,-500.0,historian,non_europe
524,Q142999,Eusebius of Caesarea,re_greek_world,Greek World,275.0,theologian | historian,non_europe
525,Q317942,Euhemerus,re_greek_world,Greek World,-400.0,philosopher | historian | anthropologist,non_europe
526,Q31271346,Dion von Neapel,re_greek_world,Greek World,-500.0,mathematician,non_europe
527,Q354377,Conon of Samos,re_greek_world,Greek World,-279.0,astronomer | mathematician,non_europe
528,Q44015,John the Apostle,re_greek_world,Greek World,6.0,theologian,non_europe
529,Q378236,Aristides Quintilianus,re_greek_world,Greek World,150.0,musicologist,non_europe
530,Q1226828,Diogenes of Tarsus,re_greek_world,Greek World,-200.0,philosopher,non_europe
531,Q298226,Anthemius of Tralles,re_greek_world,Greek World,474.0,physicist | mathematician,non_europe
532,Q1226996,Dionysius of Miletus,re_greek_world,Greek World,-600.0,historian,non_europe
533,Q313934,Macrobius,re_greek_world,Greek World,370.0,musicologist | philosopher,non_europe
534,Q1419147,Firmilian,re_greek_world,Greek World,200.0,philosopher,non_europe
535,Q725225,Thrasyllus of Mendes,re_greek_world,Greek World,-100.0,musicologist | philosopher,non_europe
536,Q132157,Zeno of Elea,re_greek_world,Greek World,-489.0,philosopher | mathematician,non_europe
537,Q521203,Duris of Samos,re_greek_world,Greek World,-339.0,historian,non_europe
538,Q343018,Eunapius,re_greek_world,Greek World,349.0,philosopher | historian,non_europe
539,Q168707,Pliny the Younger,re_greek_world,Greek World,61.0,historian,non_europe
540,Q928551,Origen the Pagan,re_greek_world,Greek World,200.0,philosopher,non_europe
541,Q2749849,Athenodorus of Soli,re_greek_world,Greek World,-300.0,philosopher,non_europe
542,Q931271,Tisias,re_greek_world,Greek World,-499.0,philosopher,non_europe
543,Q189597,Philo of Alexandria,re_greek_world,Greek World,-14.0,philosopher | historian,non_europe
544,Q731906,Asclepiodotus of Alexandria,re_greek_world,Greek World,500.0,philosopher,non_europe
545,Q315360,Damascius,re_greek_world,Greek World,450.0,philosopher,non_europe
546,Q510737,Lucian of Antioch,re_greek_world,Greek World,240.0,theologian,non_europe
547,Q2902906,Rabbi Nehemiah,re_greek_world,Greek World,101.0,mathematician,non_europe
548,Q43706,John Chrysostom,re_greek_world,Greek World,349.0,theologian,non_europe
549,Q354384,Theon of Alexandria,re_greek_world,Greek World,335.0,astronomer | mathematician,non_europe
550,Q11903,Hypatia,re_greek_world,Greek World,360.0,astronomer | philosopher | mathematician,non_europe
551,Q443510,Hesychius of Alexandria,re_greek_world,Greek World,450.0,linguist,non_europe
552,Q3826494,Lamiscus,re_greek_world,Greek World,-400.0,philosopher | mathematician,non_europe
553,Q717647,Gnaeus Claudius Severus Arabianus,re_greek_world,Greek World,113.0,philosopher,non_europe
554,Q140188,Aristarchus of Samos,re_greek_world,Greek World,-309.0,astronomer,non_europe
555,Q456560,Myia,re_greek_world,Greek World,-600.0,philosopher | mathematician,non_europe
556,Q33941,Julian,re_greek_world,Greek World,331.0,philosopher,non_europe
557,Q317632,John Philoponus,re_greek_world,Greek World,490.0,philosopher | physicist | astronomer | mathematician | theologian,non_europe
558,Q1722472,Callias of Syracuse,re_greek_world,Greek World,-400.0,historian,non_europe
559,Q3432037,Aristaeus of Croton,re_greek_world,Greek World,-450.0,philosopher | mathematician,non_europe
560,Q897689,Chaeremon of Alexandria,re_greek_world,Greek World,10.0,philosopher | historian,non_europe
561,Q84027027,Didymus of Alexandria,re_greek_world,Greek World,-50.0,mathematician,non_europe
562,Q942439,Monimus,re_greek_world,Greek World,-400.0,philosopher,non_europe
563,Q310821,Akiva ben Joseph,re_greek_world,Greek World,15.0,theologian,non_europe
564,Q280432,Athenodoros Cananites,re_greek_world,Greek World,-100.0,philosopher | historian,non_europe
565,Q313286,Demetrius of Phalerum,re_greek_world,Greek World,-349.0,philosopher,non_europe
566,Q123147,Ammonius Hermiae,re_greek_world,Greek World,435.0,astronomer | philosopher,non_europe
567,Q2570422,Sotion,re_greek_world,Greek World,-250.0,philosopher | historian,non_europe
568,Q2657803,Asterius the Sophist,re_greek_world,Greek World,300.0,theologian,non_europe
569,Q1749928,Phaleas of Chalcedon,re_greek_world,Greek World,-400.0,philosopher,non_europe
570,Q280934,Alexander Lychnus,re_greek_world,Greek World,-50.0,historian,non_europe
571,Q11925495,Hermodorus,re_greek_world,Greek World,-399.0,philosopher,non_europe
572,Q15975321,Flavius Boethus,re_greek_world,Greek World,150.0,philosopher,non_europe
573,Q191734,Gregory of Nyssa,re_greek_world,Greek World,400.0,theologian,non_europe
574,Q1297839,Serenus of Antinouplis,re_greek_world,Greek World,300.0,mathematician,non_europe
575,Q1383547,Ulpianus,re_greek_world,Greek World,300.0,philosopher,non_europe
576,Q138531,Phlegon of Tralles,re_greek_world,Greek World,200.0,historian,non_europe
577,Q929311,Hegesias of Magnesia,re_greek_world,Greek World,-200.0,historian,non_europe
578,Q948620,Hermias of Atarneus,re_greek_world,Greek World,-350.0,philosopher,non_europe
579,Q365183,Themistius,re_greek_world,Greek World,317.0,philosopher,non_europe
580,Q754890,Athanis,re_greek_world,Greek World,-400.0,historian,non_europe
581,Q176287,Timaeus of Locri,re_greek_world,Greek World,-500.0,astronomer | philosopher | mathematician,non_europe
582,Q188883,Clement of Alexandria,re_greek_world,Greek World,150.0,theologian | philosopher,non_europe
583,Q3556912,Theognostus of Alexandria,re_greek_world,Greek World,210.0,theologian,non_europe
584,Q5063276,Cephalion,re_greek_world,Greek World,100.0,historian,non_europe
585,Q1241343,Justus of Tiberias,re_greek_world,Greek World,35.0,historian,non_europe
586,Q7155483,Pausanias of Damascus,re_greek_world,Greek World,-150.0,geographer,non_europe
587,Q1185502,Demetrius Lacon,re_greek_world,Greek World,-150.0,philosopher,non_europe
588,Q360366,Nicomachus,re_greek_world,Greek World,60.0,musicologist | philosopher | mathematician,non_europe
589,Q3636221,Baton of Sinope,re_greek_world,Greek World,-199.0,historian,non_europe
590,Q41766,Ctesibius,re_greek_world,Greek World,-283.0,mathematician,non_europe
591,Q729105,Severus of Antioch,re_greek_world,Greek World,465.0,theologian,non_europe
592,Q641051,Arius Didymus,re_greek_world,Greek World,-83.0,philosopher,non_europe
593,Q388333,Cadmus of Miletus,re_greek_world,Greek World,-500.0,historian,non_europe
594,Q44258,Basil of Caesarea,re_greek_world,Greek World,329.0,theologian | philosopher,non_europe
595,Q534986,Flavius Vopiscus,re_greek_world,Greek World,201.0,historian,non_europe
596,Q41155,Heraclitus,re_greek_world,Greek World,-534.0,philosopher,non_europe
597,Q36303,Thales,re_greek_world,Greek World,-624.0,astronomer | philosopher | physicist | mathematician,non_europe
598,Q974775,Olympiodorus the Younger,re_greek_world,Greek World,495.0,philosopher,non_europe
599,Q2763097,Abba Saul,re_greek_world,Greek World,101.0,theologian,non_europe
600,Q202001,Archytas,re_greek_world,Greek World,-427.0,philosopher | musicologist | astronomer | mathematician,non_europe
601,Q2312602,Montanus of Phrygia,re_greek_world,Greek World,150.0,theologian,non_europe
602,Q19715972,Nicostratus of Trebizond,re_greek_world,Greek World,300.0,historian,non_europe
603,Q44248,Jerome,re_greek_world,Greek World,345.0,theologian | historian,non_europe
604,Q857017,Gaius Blossius,re_greek_world,Greek World,-150.0,philosopher,non_europe
605,Q3371179,Polemarchus,re_greek_world,Greek World,-500.0,philosopher,non_europe
606,Q345277,Basilides,re_greek_world,Greek World,117.0,theologian,non_europe
607,Q3271431,Leon of Byzantium,re_greek_world,Greek World,-400.0,philosopher,non_europe
608,Q212338,Philolaus,re_greek_world,Greek World,-469.0,philosopher | musicologist | astronomer | mathematician,non_europe
609,Q2706119,Telecles,re_greek_world,Greek World,-201.0,philosopher,non_europe
610,Q11906871,Ascletarió,re_greek_world,Greek World,100.0,mathematician,non_europe
611,Q2832178,Alcimus,re_greek_world,Greek World,-350.0,historian,non_europe
612,Q2695686,Abba Hilkiah,re_greek_world,Greek World,1.0,theologian,non_europe
613,Q359945,Melito of Sardis,re_greek_world,Greek World,100.0,philosopher,non_europe
614,Q226868,Zosimos of Panopolis,re_greek_world,Greek World,250.0,philosopher,non_europe
615,Q738605,Boethus of Sidon,re_greek_world,Greek World,-199.0,philosopher,non_europe
616,Q461067,Pantaenus,re_greek_world,Greek World,200.0,theologian | philosopher,non_europe
617,Q7807000,Timosthenes,re_greek_world,Greek World,-301.0,geographer,non_europe
618,Q23061186,Nicolaus Sophista,re_greek_world,Greek World,400.0,philosopher,non_europe
619,Q161853,Hero of Alexandria,re_greek_world,Greek World,10.0,physicist | mathematician,non_europe
620,Q1175868,Menander of Ephesus,re_greek_world,Greek World,-299.0,historian,non_europe
621,Q159905,Hipparchus,re_greek_world,Greek World,-189.0,geographer | astronomer | mathematician,non_europe
622,Q2601910,Aristo of Pella,re_greek_world,Greek World,100.0,historian,non_europe
623,Q131671,Xenophanes,re_greek_world,Greek World,-569.0,philosopher,non_europe
624,Q1113270,Archedemus of Tarsus,re_greek_world,Greek World,-300.0,philosopher,non_europe
625,Q236594,Sextus Empiricus,re_greek_world,Greek World,200.0,philosopher,non_europe
626,Q471218,Callippus of Cyzicus,re_greek_world,Greek World,-369.0,astronomer | mathematician,non_europe
627,Q2639498,Boethus of Sidon,re_greek_world,Greek World,-74.0,philosopher,non_europe
628,Q320042,Antiochus of Ascalon,re_greek_world,Greek World,-123.0,philosopher,non_europe
629,Q461007,Eubulides,re_greek_world,Greek World,-500.0,philosopher,non_europe
630,Q436634,Cassius Longinus,re_greek_world,Greek World,213.0,philosopher,non_europe
631,Q1383804,Heracleides of Cyme,re_greek_world,Greek World,-399.0,historian,non_europe
632,Q248975,Herillus,re_greek_world,Greek World,-279.0,philosopher,non_europe
633,Q447428,Cerinthus,re_greek_world,Greek World,100.0,theologian | philosopher,non_europe
634,Q297776,Pedanius Dioscorides,re_greek_world,Greek World,40.0,botanist | pharmacologist,non_europe
635,Q657941,Albinus,re_greek_world,Greek World,100.0,philosopher,non_europe
636,Q973972,Sporus of Nicaea,re_greek_world,Greek World,240.0,astronomer | mathematician,non_europe
637,Q370123,Apollodorus of Artemita,re_greek_world,Greek World,-129.0,historian,non_europe
638,Q312548,Megasthenes,re_greek_world,Greek World,-350.0,historian | anthropologist,non_europe
639,Q950303,Cratippus of Pergamon,re_greek_world,Greek World,-100.0,philosopher,non_europe
640,Q450311,Alypius,re_greek_world,Greek World,350.0,musicologist,non_europe
641,Q2695791,Abtolemus,re_greek_world,Greek World,101.0,theologian,non_europe
642,Q3502838,Thallus,re_greek_world,Greek World,100.0,historian,non_europe
643,Q1290567,Maximus I of Constantinople,re_greek_world,Greek World,350.0,philosopher,non_europe
644,Q2696474,Apollinaris,re_greek_world,Greek World,400.0,philosopher,non_europe
645,Q365017,Agathocles of Cyzicus,re_greek_world,Greek World,-299.0,historian,non_europe
646,Q429744,Philinus of Agrigentum,re_greek_world,Greek World,-300.0,historian,non_europe
647,Q34943,Ptolemy,re_greek_world,Greek World,100.0,philosopher | musicologist | astronomer | mathematician | geographer,non_europe
648,Q310173,Ammonius Saccas,re_greek_world,Greek World,175.0,philosopher,non_europe
649,Q2319055,Rhianus,re_greek_world,Greek World,-274.0,historian,non_europe
650,Q718003,Possidius of Calama,re_latin,Latin World,370.0,historian,non_europe
651,Q8018,Augustine of Hippo,re_latin,Latin World,354.0,theologian | musicologist | philosopher | historian,non_europe
652,Q342416,Arnobius,re_latin,Latin World,255.0,philosopher,non_europe
653,Q348408,Martianus Capella,re_latin,Latin World,360.0,musicologist | philosopher,non_europe
654,Q261992,Optatus,re_latin,Latin World,400.0,theologian,non_europe
655,Q315670,Juba II,re_latin,Latin World,-47.0,historian,non_europe
656,Q170512,Apuleius,re_latin,Latin World,125.0,philosopher,non_europe
657,Q722705,Aşıkpaşazade,re_ottoman_turkey,Ottoman Turkey,1400.0,historian,non_europe
658,Q1984103,Neşri,re_ottoman_turkey,Ottoman Turkey,1450.0,historian,non_europe
659,Q991343,Oruç,re_ottoman_turkey,Ottoman Turkey,1500.0,historian,non_europe
660,Q343494,Idris Bitlisi,re_ottoman_turkey,Ottoman Turkey,1457.0,historian,non_europe
661,Q317973,Abdüssamed bin-Seyyidî Alî Diyarbekrî,re_ottoman_turkey,Ottoman Turkey,1500.0,historian,non_europe
662,Q2843525,Amirdovlat of Amasia,re_ottoman_turkey,Ottoman Turkey,1420.0,botanist,non_europe
663,Q12810590,Latîfî,re_ottoman_turkey,Ottoman Turkey,1491.0,historian,non_europe
664,Q1559975,Göynüklü Ahmed Efendi,re_ottoman_turkey,Ottoman Turkey,1700.0,historian,non_europe
665,Q449254,Ibn Kemal,re_ottoman_turkey,Ottoman Turkey,1469.0,historian,non_europe
666,Q15137609,Abraham Ankyuratsi,re_ottoman_turkey,Ottoman Turkey,1405.0,historian,non_europe
667,Q4054386,Abbas Wasim Efendi,re_ottoman_turkey,Ottoman Turkey,1689.0,astronomer,non_europe
668,Q1280128,Ebu Sehil Nu'man Efendi,re_ottoman_turkey,Ottoman Turkey,1700.0,historian,non_europe
669,Q353068,Akşemseddin,re_ottoman_turkey,Ottoman Turkey,1389.0,botanist | historian,non_europe
670,Q16329554,Adamantios Risios,re_ottoman_turkey,Ottoman Turkey,1675.0,theologian,non_europe
671,Q462745,Ahmad Khani,re_ottoman_turkey,Ottoman Turkey,1650.0,philosopher,non_europe
672,Q572436,Anthim the Iberian,re_ottoman_turkey,Ottoman Turkey,1650.0,philosopher,non_europe
673,Q317913,Abdurrahman Hibri,re_ottoman_turkey,Ottoman Turkey,1604.0,historian,non_europe
674,Q21541505,Dede Cöngi,re_ottoman_turkey,Ottoman Turkey,1495.0,philosopher,non_europe
675,Q3561173,George Amiroutzes,re_ottoman_turkey,Ottoman Turkey,1400.0,philosopher,non_europe
676,Q64167657,Yeghia Musheghyan,re_ottoman_turkey,Ottoman Turkey,1689.0,historian,non_europe
677,Q5360885,Elijah Bashyazi,re_ottoman_turkey,Ottoman Turkey,1420.0,philosopher,non_europe
678,Q388979,Sharaf Khan Bidlisi,re_ottoman_turkey,Ottoman Turkey,1543.0,historian,non_europe
679,Q16854270,Şükrullah,re_ottoman_turkey,Ottoman Turkey,1388.0,historian,non_europe
680,Q25452040,Hızır Bey,re_ottoman_turkey,Ottoman Turkey,1407.0,theologian | philosopher | logician,non_europe
681,Q4452,Thomas of Metsoph,re_ottoman_turkey,Ottoman Turkey,1378.0,historian,non_europe
682,Q428705,Mustafa Sheykhoghlu,re_ottoman_turkey,Ottoman Turkey,1341.0,linguist,non_europe
683,Q12251667,Yahya al-Yazidi,re_persian_world,Persian world,755.0,linguist,non_europe
684,Q4116564,Mohammad Tahir Vahid Qazvini,re_persian_world,Persian world,1607.0,historian,non_europe
685,Q12178019,Abu Sa'd 'Abd al-Karim al-Samani,re_persian_world,Persian world,1113.0,historian,non_europe
686,Q5942209,Abd-al-Baqi Nahavandi,re_persian_world,Persian world,1570.0,historian,non_europe
687,Q729591,Ata-Malik Juvayni,re_persian_world,Persian world,1226.0,historian,non_europe
688,Q2822174,Abu Nu`aym,re_persian_world,Persian world,948.0,historian,non_europe
689,Q2228574,Zahir al-Din Marashi,re_persian_world,Persian world,1413.0,historian,non_europe
690,Q3456753,Abd al-Qahir al-Jurjani,re_persian_world,Persian world,1001.0,linguist,non_europe
691,Q6419062,Aḥmad Ibn-Fāris,re_persian_world,Persian world,1000.0,historian,non_europe
692,Q11075,Abd al-Rahman al-Sufi,re_persian_world,Persian world,903.0,astronomer | mathematician,non_europe
693,Q293520,Abū Ḥanīfa Dīnawarī,re_persian_world,Persian world,828.0,botanist | astronomer | mathematician | geographer | historian,non_europe
694,Q94875087,ʿAlī Ibn-ʿUbaidallāh Ibn-Bābūya al-Qummī,re_persian_world,Persian world,1100.0,theologian,non_europe
695,Q2658411,Bahāʾ al-dīn al-ʿĀmilī,re_persian_world,Persian world,1547.0,astronomer | philosopher | mathematician,non_europe
696,Q4119490,Mohsen Fayz Kashani,re_persian_world,Persian world,1598.0,philosopher,non_europe
697,Q426523,Kamāl al-Dīn al-Fārisī,re_persian_world,Persian world,1265.0,mathematician,non_europe
698,Q234908,Nezami Ganjavi,re_persian_world,Persian world,1141.0,philosopher,non_europe
699,Q61669,Ibn Bibi,re_persian_world,Persian world,1250.0,historian,non_europe
700,Q4060358,Mu'ayyad al-Din al-'Urdi,re_persian_world,Persian world,1200.0,astronomer,non_europe
701,Q3458926,Ruzbihan Baqli,re_persian_world,Persian world,1128.0,philosopher,non_europe
702,Q115466,Jamshīd al-Kāshī,re_persian_world,Persian world,1380.0,astronomer | mathematician,non_europe
703,Q287573,Baidawi,re_persian_world,Persian world,1201.0,theologian | philosopher,non_europe
704,Q3315763,Mir Damad,re_persian_world,Persian world,1561.0,philosopher,non_europe
705,Q8011,Avicenna,re_persian_world,Persian world,980.0,philosopher | physicist | musicologist | astronomer | mathematician | chemist,non_europe
706,Q140540,Zahed Gilani,re_persian_world,Persian world,1216.0,theologian,non_europe
707,Q6351410,Ibn Manda,re_persian_world,Persian world,922.0,theologian,non_europe
708,Q2031579,Shams al-Dīn al-Samarqandī,re_persian_world,Persian world,1250.0,astronomer | mathematician,non_europe
709,Q335313,Abu Sahl al-Quhi,re_persian_world,Persian world,940.0,astronomer | physicist | mathematician,non_europe
710,Q1152795,Nizami Aruzi,re_persian_world,Persian world,1110.0,philosopher,non_europe
711,Q1048593,Amr ibn Ubayd,re_persian_world,Persian world,699.0,theologian,non_europe
712,Q2024702,Seyid Yahya Bakuvi,re_persian_world,Persian world,1410.0,philosopher,non_europe
713,Q32075,Baha' al-Din Naqshband,re_persian_world,Persian world,1327.0,theologian,non_europe
714,Q558205,Khwaja Abdullah Ansari,re_persian_world,Persian world,1006.0,theologian,non_europe
715,Q5875064,Aziz ad-Din Nasafi,re_persian_world,Persian world,1200.0,philosopher,non_europe
716,Q4060354,Al-Qaffāl al-Shāshī,re_persian_world,Persian world,904.0,linguist,non_europe
717,Q25451998,Abu al-Yusr al-Bazdawi,re_persian_world,Persian world,1030.0,theologian,non_europe
718,Q2986906,Abd al-Qadir Maraghi,re_persian_world,Persian world,1353.0,musicologist,non_europe
719,Q3412455,Qazi Sa’id Qumi,re_persian_world,Persian world,1640.0,philosopher,non_europe
720,Q5636823,Habiballah Esmaili,re_persian_world,Persian world,1344.0,historian,non_europe
721,Q336146,Abu al-Ghazi Bahadur,re_persian_world,Persian world,1603.0,historian,non_europe
722,Q657968,Minhaj-i-Siraj,re_persian_world,Persian world,1193.0,historian,non_europe
723,Q4814466,Roxana Moslehi,re_persian_world,Persian world,1348.0,epidemiologist | botanist,non_europe
724,Q2474377,Muhyi al-Dīn al-Maghribī,re_persian_world,Persian world,1220.0,astronomer | mathematician,non_europe
725,Q12177831,Manṣūr ibn Muḥammad Samʻānī,re_persian_world,Persian world,1035.0,theologian,non_europe
726,Q328782,Rashid-al-Din Hamadani,re_persian_world,Persian world,1247.0,historian,non_europe
727,Q312458,Jami,re_persian_world,Persian world,1414.0,musicologist | philosopher,non_europe
728,Q1377629,Mīr-Khvānd,re_persian_world,Persian world,1433.0,historian,non_europe
729,Q6537635,Abu Nasr Ali ibn Hebatallah ibn Djafar ibn Makula,re_persian_world,Persian world,1030.0,historian,non_europe
730,Q2822092,Abu Sahl 'Isa ibn Yahya al-Masihi,re_persian_world,Persian world,970.0,astronomer | philosopher,non_europe
731,Q4794354,Ibn Hibban,re_persian_world,Persian world,883.0,historian,non_europe
732,Q4561714,Ahmad ibn Muhammad,re_persian_world,Persian world,906.0,philosopher,non_europe
733,Q1093121,Hakim al-Nishaburi,re_persian_world,Persian world,933.0,historian,non_europe
734,Q3319050,Mohammed Qacim Ferichta,re_persian_world,Persian world,1560.0,historian,non_europe
735,Q4090633,Bolad,re_persian_world,Persian world,1240.0,historian,non_europe
736,Q2822093,Abu Said Gorgani,re_persian_world,Persian world,850.0,astronomer | mathematician,non_europe
737,Q482451,Al-Zamakhshari,re_persian_world,Persian world,1075.0,theologian | linguist | philosopher,non_europe
738,Q4117220,Amīn Rāzī,re_persian_world,Persian world,1501.0,geographer,non_europe
739,Q4497394,Khasta Qasim,re_persian_world,Persian world,1684.0,philosopher,non_europe
740,Q1113860,Rashid al-Din Vatvat,re_persian_world,Persian world,1088.0,linguist,non_europe
741,Q6414218,Hasan Beg Rumlu,re_persian_world,Persian world,1530.0,historian,non_europe
742,Q764947,Taftazani,re_persian_world,Persian world,1322.0,theologian | philosopher | mathematician,non_europe
743,Q2743660,Shaykh Saduq,re_persian_world,Persian world,918.0,theologian,non_europe
744,Q254739,Fazlallah Astarabadi,re_persian_world,Persian world,1340.0,philosopher,non_europe
745,Q12227985,Wāḥidī Nīsābūrī,re_persian_world,Persian world,1010.0,theologian | linguist | historian,non_europe
746,Q3814358,Ibn Khuzaymah,re_persian_world,Persian world,838.0,theologian,non_europe
747,Q287479,Estakhri,re_persian_world,Persian world,850.0,geographer,non_europe
748,Q929260,Calanus,re_persian_world,Persian world,-397.0,philosopher,non_europe
749,Q169234,Abu Bakr al-Razi,re_persian_world,Persian world,865.0,philosopher | chemist | mathematician,non_europe
750,Q2511004,Abd al-Razzaq Samarqandi,re_persian_world,Persian world,1413.0,historian,non_europe
751,Q5948206,Abd al-Fattah Fumani,re_persian_world,Persian world,1600.0,historian,non_europe
752,Q12578225,Abu-l-Qasim al-Farabi,re_persian_world,Persian world,1130.0,geographer,non_europe
753,Q2991836,Al-Khazini,re_persian_world,Persian world,1077.0,astronomer | philosopher | physicist | mathematician,non_europe
754,Q62630871,Abu Ishaq al-Saffar al-Bukhari,re_persian_world,Persian world,1067.0,theologian,non_europe
755,Q2561872,Iskandar Beg Munshi,re_persian_world,Persian world,1560.0,historian,non_europe
756,Q3777119,Al-Hurr al-Aamili,re_persian_world,Persian world,1624.0,theologian,non_europe
757,Q330893,Abraham the Great of Kashkar,re_persian_world,Persian world,503.0,theologian,non_europe
758,Q938348,Abou al-Layth As Samarqandî,re_persian_world,Persian world,944.0,theologian,non_europe
759,Q10293670,Seyyed Nematollah Jazayeri,re_persian_world,Persian world,1640.0,theologian,non_europe
760,Q3109034,Khwaju Kermani,re_persian_world,Persian world,1280.0,mathematician,non_europe
761,Q2383120,Abu Nasr Mansur,re_persian_world,Persian world,970.0,astronomer | mathematician,non_europe
762,Q557366,Ibn Tahir al-Baghdadi,re_persian_world,Persian world,980.0,mathematician,non_europe
763,Q5680834,Mohsin Fani,re_persian_world,Persian world,1615.0,historian,non_europe
764,Q11862838,Muhammad Ibn Masud al-Ayyashi,re_persian_world,Persian world,900.0,theologian,non_europe
765,Q1151481,Bahmanyār,re_persian_world,Persian world,993.0,philosopher | mathematician,non_europe
766,Q27825516,Sayyid Ali Akbar,re_persian_world,Persian world,869.0,theologian,non_europe
767,Q12177809,Imam Ar-Rafi'i,re_persian_world,Persian world,1160.0,theologian | historian,non_europe
768,Q353889,Sahl ibn Bishr,re_persian_world,Persian world,786.0,astronomer | mathematician,non_europe
769,Q7226225,Mashrab,re_persian_world,Persian world,1657.0,philosopher,non_europe
770,Q4164865,Al-Tughrai,re_persian_world,Persian world,1061.0,linguist,non_europe
771,Q5960565,Mir Shamsuddin Adib-Soltani,re_persian_world,Persian world,1310.0,philosopher,non_europe
772,Q5724876,Fazl b. Ruzbihan Khunji,re_persian_world,Persian world,1457.0,historian,non_europe
773,Q983510,Jahm bin Safwan,re_persian_world,Persian world,696.0,theologian,non_europe
774,Q4502475,Ḥusain Wāʿiẓ Kāšifī,re_persian_world,Persian world,1461.0,astronomer | mathematician,non_europe
775,Q2620460,Abul-Fazl Bayhaqi,re_persian_world,Persian world,996.0,historian,non_europe
776,Q796587,Shams Tabrizi,re_persian_world,Persian world,1185.0,philosopher,non_europe
777,Q6417154,Baba Kuhi of Shiraz,re_persian_world,Persian world,948.0,philosopher,non_europe
778,Q336653,Alexandre de Rhodes,re_persian_world,Persian world,1593.0,linguist,non_europe
779,Q11906149,Anushirvan ibn Khalid,re_persian_world,Persian world,1060.0,historian,non_europe
780,Q203922,Mani,re_persian_world,Persian world,216.0,theologian | philosopher,non_europe
781,Q983355,Sibawayh,re_persian_world,Persian world,760.0,linguist,non_europe
782,Q2594199,Al-Mahani,re_persian_world,Persian world,820.0,astronomer | mathematician,non_europe
783,Q445398,Fātima bint Mūsā,re_persian_world,Persian world,790.0,theologian,non_europe
784,Q2915197,Wassaf,re_persian_world,Persian world,1265.0,historian,non_europe
785,Q3773706,Abd al-Jabbar ibn Ahmad,re_persian_world,Persian world,935.0,theologian | philosopher,non_europe
786,Q16367981,Fatullah Sirvani,re_persian_world,Persian world,1417.0,mathematician,non_europe
787,Q333703,Fakhr al-Din al-Razi,re_persian_world,Persian world,1150.0,astronomer | philosopher | mathematician,non_europe
788,Q6820795,Abu Mansur al-Azhari,re_persian_world,Persian world,895.0,linguist,non_europe
789,Q5946533,Bi Bi Monajemeh Nishaburi,re_persian_world,Persian world,1203.0,astronomer | mathematician,non_europe
790,Q4116338,Mir Fendereski,re_persian_world,Persian world,1562.0,philosopher,non_europe
791,Q4115259,Abd al-Karīm ibn Hawāzin Qushayri,re_persian_world,Persian world,986.0,philosopher,non_europe
792,Q7489382,Sharaf al-Zaman al-Marwazi,re_persian_world,Persian world,1057.0,zoologist,non_europe
793,Q1231017,Tha'ālibī,re_persian_world,Persian world,961.0,linguist,non_europe
794,Q5964599,Rasul Jafarian,re_persian_world,Persian world,1343.0,historian,non_europe
795,Q25453527,Abu Sahl al-Sa'luki,re_persian_world,Persian world,908.0,theologian,non_europe
796,Q5668442,Naubakht,re_persian_world,Persian world,750.0,astronomer,non_europe
797,Q461062,Al-Karaji,re_persian_world,Persian world,953.0,mathematician,non_europe
798,Q106916684,Arshit Dana,re_persian_world,Persian world,-475.0,philosopher,non_europe
799,Q864619,Rajab Ali Tabrizi,re_persian_world,Persian world,1650.0,philosopher,non_europe
800,Q423644,Ali Qushji,re_persian_world,Persian world,1403.0,astronomer | linguist | physicist | mathematician,non_europe
801,Q729903,Qutb al-Din al-Shirazi,re_persian_world,Persian world,1236.0,philosopher | physicist | musicologist | astronomer | mathematician,non_europe
802,Q12223113,ʻAbd al-Ghāfir ibn Ismāʻīl Fārisī,re_persian_world,Persian world,1059.0,historian,non_europe
803,Q16519243,Abu Abdallah al-Jayhani,re_persian_world,Persian world,801.0,geographer,non_europe
804,Q328796,Nasir Khusraw,re_persian_world,Persian world,1004.0,philosopher,non_europe
805,Q3660690,Iranshahri,re_persian_world,Persian world,900.0,astronomer | philosopher | mathematician,non_europe
806,Q643786,Athīr al-Dīn al-Abharī,re_persian_world,Persian world,1200.0,astronomer | mathematician,non_europe
807,Q1088315,Al Khakim At Termizi,re_persian_world,Persian world,820.0,theologian,non_europe
808,Q17303834,Ibn al-Khammar,re_persian_world,Persian world,942.0,philosopher,non_europe
809,Q9546,Al-Ghazali,re_persian_world,Persian world,1058.0,theologian | philosopher,non_europe
810,Q292178,Al-Fadl ibn Sahl,re_persian_world,Persian world,770.0,astronomer,non_europe
811,Q3827234,Ibn Isfandiyar,re_persian_world,Persian world,1210.0,historian,non_europe
812,Q738649,Hamdallah Mustawfi,re_persian_world,Persian world,1281.0,geographer | historian,non_europe
813,Q335516,Abu Zayd al-Balkhi,re_persian_world,Persian world,850.0,geographer | physicist | mathematician,non_europe
814,Q2626083,Kirakos of Gandzak,re_persian_world,Persian world,1200.0,historian,non_europe
815,Q12177901,Ibn Furak,re_persian_world,Persian world,941.0,theologian,non_europe
816,Q2908840,Zayn al-Din Gorgani,re_persian_world,Persian world,1040.0,philosopher,non_europe
817,Q320324,Ahmad Ghazali,re_persian_world,Persian world,1100.0,theologian,non_europe
818,Q4846224,Abu l-Futuh al-Razi,re_persian_world,Persian world,1087.0,theologian,non_europe
819,Q1821848,Al-Samawal al-Maghribi,re_persian_world,Persian world,1130.0,astronomer | mathematician,non_europe
820,Q15891994,Yovanisik Caretsi,re_persian_world,Persian world,1560.0,historian,non_europe
821,Q52742567,Siraj ud-Din Muhammad ibn Abd ur-Rashid Sajawandi,re_persian_world,Persian world,1200.0,linguist | mathematician,non_europe
822,Q16050084,Ghiyāth al-Dīn Manṣūr Dashtakī Shīrāzī,re_persian_world,Persian world,1462.0,philosopher,non_europe
823,Q66999200,Ibn Abi al-Faraj al-Kinani,re_persian_world,Persian world,1036.0,linguist,non_europe
824,Q11937789,Muhammad ibn Ali Rawandi,re_persian_world,Persian world,1202.0,historian,non_europe
825,Q4115024,Ayn al-Quzat Hamadani,re_persian_world,Persian world,1098.0,philosopher | mathematician,non_europe
826,Q2988556,Al-Nayrizi,re_persian_world,Persian world,865.0,astronomer | mathematician,non_europe
827,Q12194385,An-Nadhar bin Syamil,re_persian_world,Persian world,740.0,astronomer | philosopher | linguist,non_europe
828,Q11826,Al-Biruni,re_persian_world,Persian world,973.0,philosopher | physicist | botanist | astronomer | linguist | mathematician | chemist | anthropologist | geographer | historian,non_europe
829,Q25451679,Abu Al - Moin Al - Nasafi,re_persian_world,Persian world,1046.0,theologian,non_europe
830,Q241026,Muḥammad ibn Ismā‘īl al-Bukhārī,re_persian_world,Persian world,810.0,theologian | historian,non_europe
831,Q20706345,Faṣīḥ al-Dīn Aḥmad Faṣīḥ Khvāfī,re_persian_world,Persian world,1375.0,historian,non_europe
832,Q1050887,Al-Shahrastani,re_persian_world,Persian world,1086.0,philosopher | historian,non_europe
833,Q18325461,Salih ibn Ahmad ibn Hanbal,re_persian_world,Persian world,818.0,theologian,non_europe
834,Q4670206,Abu Hatim Ahmad ibn Hamdan al-Razi,re_persian_world,Persian world,801.0,theologian | philosopher,non_europe
835,Q2663540,Muhammad Bal'ami,re_persian_world,Persian world,1000.0,historian,non_europe
836,Q57633062,Muhammad ibn Hussein al-Zaghuli,re_persian_world,Persian world,1080.0,linguist,non_europe
837,Q2669359,Najm al-Dīn al-Qazwīnī al-Kātibī,re_persian_world,Persian world,1203.0,astronomer | philosopher | mathematician,non_europe
838,Q123088,Ismail II,re_persian_world,Persian world,1533.0,astronomer,non_europe
839,Q5956631,Afdhal al-Din abu Hamid Kermani,re_persian_world,Persian world,1136.0,philosopher | historian,non_europe
840,Q5787478,Hamza al-Isbahani,re_persian_world,Persian world,893.0,historian,non_europe
841,Q1148049,Sanai,re_persian_world,Persian world,1080.0,philosopher,non_europe
842,Q1386256,Qāḍī Zāda al-Rūmī,re_persian_world,Persian world,1364.0,astronomer | mathematician,non_europe
843,Q3327524,Muhammad ibn Ahmad al-Khwarizmi,re_persian_world,Persian world,899.0,historian,non_europe
844,Q6932870,Muhammad ibn Falah,re_persian_world,Persian world,1400.0,theologian,non_europe
845,Q334857,Abu Bakr al-Kalabadhi,re_persian_world,Persian world,950.0,philosopher,non_europe
846,Q2472579,ʿUbaidallāh Ibn-Maḥmūd Aḥrār,re_persian_world,Persian world,1404.0,theologian,non_europe
847,Q35900,Omar Khayyám,re_persian_world,Persian world,1048.0,astronomer | philosopher | physicist | mathematician,non_europe
848,Q12223449,ʿAbdallāh Ibn-Aḥmad Nasafī,re_persian_world,Persian world,1240.0,theologian,non_europe
849,Q3242122,Hasan ibn Zayd,re_persian_world,Persian world,750.0,theologian,non_europe
850,Q4116938,Jalaladdin Davani,re_persian_world,Persian world,1426.0,philosopher,non_europe
851,Q12827721,Abu Mansur al-Maturidi,re_persian_world,Persian world,852.0,philosopher,non_europe
852,Q6417943,Elahi Ardabili,re_persian_world,Persian world,870.0,mathematician,non_europe
853,Q3296224,Muhammad ibn Mahmud Amuli,re_persian_world,Persian world,1300.0,mathematician,non_europe
854,Q563574,Abu Saʿīd Gardēzī,re_persian_world,Persian world,1100.0,geographer | historian,non_europe
855,Q486088,Ulugh Beg,re_persian_world,Persian world,1394.0,astronomer | mathematician,non_europe
856,Q22907093,Muhammad Sadiq Ardestani,re_persian_world,Persian world,1644.0,philosopher,non_europe
857,Q5951549,Qutb al-Din al-Ashkawari,re_persian_world,Persian world,1601.0,philosopher,non_europe
858,Q631972,Safi-ad-din Ardabili,re_persian_world,Persian world,1252.0,theologian,non_europe
859,Q5727594,Muhammad Baqir al-Sabzevari,re_persian_world,Persian world,1608.0,philosopher,non_europe
860,Q5794930,Aqa Husayn Khwansari,re_persian_world,Persian world,1637.0,philosopher,non_europe
861,Q5701959,Abu Hafs Omar al-Nasafi,re_persian_world,Persian world,1067.0,theologian | historian,non_europe
862,Q2991000,Abū Ja'far al-Khāzin,re_persian_world,Persian world,900.0,astronomer | mathematician,non_europe
863,Q194091,Attar of Nishapur,re_persian_world,Persian world,1145.0,philosopher,non_europe
864,Q1963396,Najm al-Din Razi,re_persian_world,Persian world,1177.0,philosopher,non_europe
865,Q315881,Hassan-i Sabbah,re_persian_world,Persian world,1050.0,theologian | astronomer | philosopher,non_europe
866,Q403498,Ismail ibn Hammad al-Jawhari,re_persian_world,Persian world,940.0,linguist,non_europe
867,Q481384,Ebn Meskavayh,re_persian_world,Persian world,932.0,philosopher | historian,non_europe
868,Q4118843,Ibn Khalawayh,re_persian_world,Persian world,950.0,theologian,non_europe
869,Q90863901,Ibn al-Malāḥimī,re_persian_world,Persian world,1050.0,theologian,non_europe
870,Q305325,Al-Isfahani,re_persian_world,Persian world,1000.0,mathematician,non_europe
871,Q2584074,Al-Juwayni,re_persian_world,Persian world,1028.0,theologian,non_europe
872,Q335282,Abū-Sa'īd Abul-Khayr,re_persian_world,Persian world,967.0,theologian,non_europe
873,Q8190792,Jamal ad-Din,re_persian_world,Persian world,1300.0,astronomer,non_europe
874,Q3063378,Ali ibn Mohammed al-Jurjani,re_persian_world,Persian world,1340.0,philosopher,non_europe
875,Q1797377,Najmuddin Kubra,re_persian_world,Persian world,1145.0,philosopher,non_europe
876,Q29996106,Budaq Monshi Qazvini,re_persian_world,Persian world,1510.0,historian,non_europe
877,Q4025793,Ibn Funduq,re_persian_world,Persian world,1106.0,mathematician,non_europe
878,Q282231,Benjamin Nahawandi,re_persian_world,Persian world,750.0,philosopher,non_europe
879,Q5954332,Ahmad Monshi Ghomi,re_persian_world,Persian world,1546.0,historian,non_europe
880,Q293651,Muḥammad Ibn-al-Ḥusain as-Sulamī,re_persian_world,Persian world,937.0,theologian,non_europe
881,Q3110028,Ibn Shahriyar,re_persian_world,Persian world,900.0,geographer,non_europe
882,Q6538434,Sawaguchi Kazuyuki,re_japan,Japan,1670.0,mathematician,non_europe
883,Q683792,Kitabatake Chikafusa,re_japan,Japan,1293.0,historian,non_europe
884,Q311478,Nichiren,re_japan,Japan,1222.0,philosopher,non_europe
885,Q786877,Shibukawa Shunkai,re_japan,Japan,1639.0,astronomer,non_europe
886,Q6538396,Andō Yūeki,re_japan,Japan,1624.0,astronomer,non_europe
887,Q177059,Hakuin Ekaku,re_japan,Japan,1686.0,philosopher,non_europe
888,Q2399435,Miyoshi Kiyotsura,re_japan,Japan,847.0,philosopher,non_europe
889,Q4385767,Bassui Tokushō,re_japan,Japan,1327.0,philosopher,non_europe
890,Q11389078,Irumagawa Shigetsune,re_japan,Japan,1688.0,astronomer,non_europe
891,Q6538534,Muramatsu Shigekiyo,re_japan,Japan,1608.0,mathematician,non_europe
892,Q1150441,Miyake Kanran,re_japan,Japan,1674.0,philosopher,non_europe
893,Q15304349,Tanabe Marefumi,re_japan,Japan,1692.0,historian,non_europe
894,Q1095270,Yamaga Sokō,re_japan,Japan,1622.0,philosopher,non_europe
895,Q193344,Miyamoto Musashi,re_japan,Japan,1585.0,philosopher,non_europe
896,Q1319454,Ishida Baigan,re_japan,Japan,1685.0,philosopher,non_europe
897,Q4067901,Konʼyō Aoki,re_japan,Japan,1698.0,botanist,non_europe
898,Q6560770,Amenomori Hōshū,re_japan,Japan,1668.0,philosopher,non_europe
899,Q1150151,Abe no Seimei,re_japan,Japan,921.0,astronomer,non_europe
900,Q369158,Ogyū Sorai,re_japan,Japan,1666.0,linguist | philosopher | political scientist,non_europe
901,Q1334965,Keichū,re_japan,Japan,1640.0,linguist,non_europe
902,Q715993,Jien,re_japan,Japan,1155.0,historian,non_europe
903,Q1343397,Kamo no Mabuchi,re_japan,Japan,1697.0,linguist | philosopher,non_europe
904,Q470531,Takakazu Seki,re_japan,Japan,1642.0,mathematician,non_europe
905,Q449943,Saichō,re_japan,Japan,767.0,philosopher,non_europe
906,Q1136664,Gyōki,re_japan,Japan,668.0,geographer,non_europe
907,Q2753679,Nishikawa Joken,re_japan,Japan,1648.0,astronomer,non_europe
908,Q378425,Fujiwara no Teika,re_japan,Japan,1162.0,linguist,non_europe
909,Q6563258,Dazai Shundai,re_japan,Japan,1680.0,political scientist,non_europe
910,Q1063276,Kibi no Makibi,re_japan,Japan,695.0,philosopher,non_europe
911,Q551135,Miyazaki Yasusada,re_japan,Japan,1623.0,botanist,non_europe
912,Q11561574,Shibukawa Hirotada,re_japan,Japan,1696.0,astronomer,non_europe
913,Q558279,Hayashi Razan,re_japan,Japan,1583.0,philosopher,non_europe
914,Q6565179,Muro Kyūsō,re_japan,Japan,1658.0,philosopher,non_europe
915,Q11661892,Aoki Nagayuki,re_japan,Japan,1669.0,astronomer,non_europe
916,Q11575248,Tanaka Kyūgu,re_japan,Japan,1662.0,political scientist,non_europe
917,Q6538413,Imamura Tomoaki,re_japan,Japan,1624.0,mathematician,non_europe
918,Q467616,Arai Hakuseki,re_japan,Japan,1657.0,historian | philosopher | economist,non_europe
919,Q169352,Zeami Motokiyo,re_japan,Japan,1363.0,philosopher,non_europe
920,Q231603,Sei Shōnagon,re_japan,Japan,966.0,historian,non_europe
921,Q1037304,Kumazawa Banzan,re_japan,Japan,1619.0,philosopher,non_europe
922,Q548162,Yamamoto Tsunetomo,re_japan,Japan,1659.0,philosopher,non_europe
923,Q11366221,Nakane Genkei,re_japan,Japan,1662.0,musicologist,non_europe
924,Q12954243,Yoshisuke Matsunaga,re_japan,Japan,1690.0,mathematician,non_europe
925,Q3915605,Kurushima Kinai,re_japan,Japan,1650.0,mathematician,non_europe
926,Q384703,Musō Soseki,re_japan,Japan,1275.0,philosopher,non_europe
927,Q640808,Jinsai Itō,re_japan,Japan,1627.0,philosopher,non_europe
928,Q3148401,Ikeda Mitsumasa,re_japan,Japan,1609.0,philosopher,non_europe
929,Q1334955,Kada no Azumamaro,re_japan,Japan,1669.0,linguist,non_europe
930,Q1065728,Toju Nakae,re_japan,Japan,1608.0,philosopher,non_europe
931,Q1527039,Yoshida Mitsuyoshi,re_japan,Japan,1598.0,mathematician,non_europe
932,Q1362200,Toneri-shinnō,re_japan,Japan,676.0,historian,non_europe
933,Q3128831,Hayashi Ryūkō,re_japan,Japan,1681.0,philosopher,non_europe
934,Q318064,Dōgen,re_japan,Japan,1200.0,philosopher,non_europe
935,Q726163,Kambei Mori,re_japan,Japan,1600.0,mathematician,non_europe
936,Q705860,Anjirō,re_japan,Japan,1600.0,linguist,non_europe
937,Q662447,Takebe Katahiro,re_japan,Japan,1664.0,mathematician,non_europe
938,Q1721396,Kaibara Ekken,re_japan,Japan,1630.0,botanist | philosopher,non_europe
939,Q6565636,Yamazaki Ansai,re_japan,Japan,1619.0,philosopher,non_europe
940,Q222227,Kūkai,re_japan,Japan,774.0,linguist | philosopher,non_europe
941,Q11642302,Endō Moritoshi,re_japan,Japan,1669.0,astronomer,non_europe
942,Q655390,Fujiwara Seika,re_japan,Japan,1561.0,philosopher,non_europe
943,Q6538408,Isomura Yoshinori,re_japan,Japan,1650.0,mathematician,non_europe
944,Q63566583,Jinzan Tani,re_japan,Japan,1663.0,astronomer,non_europe
945,Q3128822,Hayashi Hōkō,re_japan,Japan,1644.0,philosopher,non_europe
946,Q11564289,Minamoto no Yoshiari,re_japan,Japan,845.0,historian,non_europe
947,Q1559382,Minamoto no Shitagō,re_japan,Japan,911.0,linguist,non_europe
948,Q1952005,Mukai Genshō,re_japan,Japan,1609.0,botanist,non_europe
949,Q11583182,Zhen Dexiu,re_chinese_world,Chinese world,1178.0,philosopher,non_europe
950,Q2912463,Zhao Mengjian,re_chinese_world,Chinese world,1199.0,historian,non_europe
951,Q6146198,Qian Qianyi,re_chinese_world,Chinese world,1582.0,historian,non_europe
952,Q371966,Feng Menglong,re_chinese_world,Chinese world,1574.0,historian,non_europe
953,Q712287,Jizang,re_chinese_world,Chinese world,549.0,philosopher,non_europe
954,Q15912473,Fan Zuyu,re_chinese_world,Chinese world,1041.0,historian,non_europe
955,Q197958,Zhou Daguan,re_chinese_world,Chinese world,1266.0,geographer,non_europe
956,Q558380,Cheng Yi,re_chinese_world,Chinese world,1033.0,philosopher,non_europe
957,Q1206650,Ma Duanlin,re_chinese_world,Chinese world,1245.0,historian,non_europe
958,Q713013,Song Lian,re_chinese_world,Chinese world,1310.0,historian,non_europe
959,Q4272132,Lü Zuqian,re_chinese_world,Chinese world,1137.0,historian,non_europe
960,Q319329,Wang Chong,re_chinese_world,Chinese world,27.0,astronomer | philosopher | meteorologist | mathematician,non_europe
961,Q699266,Zheng Qiao,re_chinese_world,Chinese world,1104.0,astronomer | historian,non_europe
962,Q36020,Su Shi,re_chinese_world,Chinese world,1037.0,historian,non_europe
963,Q14942746,Gao Panlong,re_chinese_world,Chinese world,1562.0,philosopher,non_europe
964,Q8011232,Wang Gen,re_chinese_world,Chinese world,1483.0,philosopher,non_europe
965,Q319618,Wang Anshi,re_chinese_world,Chinese world,1021.0,economist,non_europe
966,Q981888,Tao Hongjing,re_chinese_world,Chinese world,456.0,philosopher,non_europe
967,Q197206,Zhang Heng,re_chinese_world,Chinese world,78.0,philosopher | astronomer | mathematician | anthropologist | geographer,non_europe
968,Q697553,Ye Shi,re_chinese_world,Chinese world,1150.0,philosopher,non_europe
969,Q10425950,Tian Xi,re_chinese_world,Chinese world,940.0,historian,non_europe
970,Q187172,Bodhidharma,re_chinese_world,Chinese world,483.0,philosopher,non_europe
971,Q1914745,Mazu Daoyi,re_chinese_world,Chinese world,709.0,philosopher,non_europe
972,Q11042295,Qu Dajun,re_chinese_world,Chinese world,1630.0,geographer | historian,non_europe
973,Q1154748,Jin Shengtan,re_chinese_world,Chinese world,1610.0,philosopher,non_europe
974,Q1070259,Qiao Zhou,re_chinese_world,Chinese world,199.0,astronomer,non_europe
975,Q9397,Zhu Xi,re_chinese_world,Chinese world,1130.0,philosopher | historian,non_europe
976,Q420427,Xu Guangqi,re_chinese_world,Chinese world,1562.0,astronomer | mathematician,non_europe
977,Q699485,Liu Ji,re_chinese_world,Chinese world,1311.0,astronomer | philosopher | historian,non_europe
978,Q197172,Zhang Daoling,re_chinese_world,Chinese world,34.0,philosopher,non_europe
979,Q15927765,Fan Zhen,re_chinese_world,Chinese world,1007.0,historian,non_europe
980,Q45378990,Fei Shiyin,re_chinese_world,Chinese world,1160.0,historian,non_europe
981,Q15913733,Xichan Wang,re_chinese_world,Chinese world,1628.0,astronomer | mathematician,non_europe
982,Q706214,Zhang Dai,re_chinese_world,Chinese world,1597.0,historian,non_europe
983,Q3497131,Luo Hongxian,re_chinese_world,Chinese world,1504.0,geographer,non_europe
984,Q15888775,Zhongtong Fang,re_chinese_world,Chinese world,1634.0,mathematician,non_europe
985,Q712125,Yin Mo,re_chinese_world,Chinese world,101.0,philosopher,non_europe
986,Q11115066,Mei Juecheng,re_chinese_world,Chinese world,1681.0,mathematician,non_europe
987,Q1156713,He Yan,re_chinese_world,Chinese world,195.0,philosopher,non_europe
988,Q979653,Paramartha,re_chinese_world,Chinese world,499.0,philosopher,non_europe
989,Q21814440,Gu Yingxiang,re_chinese_world,Chinese world,1483.0,historian,non_europe
990,Q11080108,Wen Bing,re_chinese_world,Chinese world,1609.0,historian,non_europe
991,Q553678,Ge Hong,re_chinese_world,Chinese world,284.0,philosopher,non_europe
992,Q11147294,Hong Mai,re_chinese_world,Chinese world,1123.0,historian,non_europe
993,Q227444,Zu Chongzhi,re_chinese_world,Chinese world,429.0,astronomer | mathematician,non_europe
994,Q378462,Wang Yangming,re_chinese_world,Chinese world,1472.0,philosopher,non_europe
995,Q698817,Zhao Rukuo,re_chinese_world,Chinese world,1170.0,geographer | historian,non_europe
996,Q3274593,Wang Fan,re_chinese_world,Chinese world,228.0,astronomer | mathematician,non_europe
997,Q11094966,Heling Zhu,re_chinese_world,Chinese world,1606.0,philosopher,non_europe
998,Q1367171,Xu Xiake,re_chinese_world,Chinese world,1587.0,geographer,non_europe
999,Q345012,Huineng,re_chinese_world,Chinese world,638.0,philosopher,non_europe
1000,Q17040371,Zhao Youqin,re_chinese_world,Chinese world,1279.0,astronomer | mathematician,non_europe
1001,Q3573233,Yungton Dorje Pel,re_chinese_world,Chinese world,1284.0,philosopher,non_europe
1002,Q11109045,Zha Jizuo,re_chinese_world,Chinese world,1601.0,historian,non_europe
1003,Q5363752,Cheng Dawei,re_chinese_world,Chinese world,1533.0,mathematician,non_europe
1004,Q565225,Qin Jiushao,re_chinese_world,Chinese world,1208.0,meteorologist | mathematician,non_europe
1005,Q11067446,Zhang Xie,re_chinese_world,Chinese world,1574.0,geographer,non_europe
1006,Q45537230,Mao Qianqian,re_chinese_world,Chinese world,1653.0,astronomer | mathematician,non_europe
1007,Q10330338,Zhu Bian,re_chinese_world,Chinese world,1085.0,historian,non_europe
1008,Q707875,Fang Xiaoru,re_chinese_world,Chinese world,1357.0,historian,non_europe
1009,Q270085,Shen Kuo,re_chinese_world,Chinese world,1031.0,zoologist | physicist | philosopher | botanist | astronomer | meteorologist | mathematician | geologist | anthropologist | geographer | economist,non_europe
1010,Q334323,Ouyang Xiu,re_chinese_world,Chinese world,1007.0,philosopher | historian,non_europe
1011,Q11646955,Jin Lvxiang,re_chinese_world,Chinese world,1232.0,historian,non_europe
1012,Q574521,Yang Hui,re_chinese_world,Chinese world,1238.0,mathematician,non_europe
1013,Q626019,Araniko,re_chinese_world,Chinese world,1244.0,astronomer,non_europe
1014,Q11097372,Li Tao,re_chinese_world,Chinese world,1115.0,historian,non_europe
1015,Q553520,Yang Xiong,re_chinese_world,Chinese world,-52.0,linguist | philosopher,non_europe
1016,Q5071661,Chang Qu,re_chinese_world,Chinese world,291.0,historian,non_europe
1017,Q561165,Shen Yue,re_chinese_world,Chinese world,441.0,historian,non_europe
1018,Q2466384,Lu Jiuyuan,re_chinese_world,Chinese world,1139.0,philosopher,non_europe
1019,Q18812219,Qu Taisu,re_chinese_world,Chinese world,1549.0,mathematician,non_europe
1020,Q3051507,Hua He,re_chinese_world,Chinese world,219.0,historian,non_europe
1021,Q45691164,Qu Jiusi,re_chinese_world,Chinese world,1546.0,historian,non_europe
1022,Q6121590,Gu Xiancheng,re_chinese_world,Chinese world,1550.0,philosopher,non_europe
1023,Q1292321,Zhang Sixun,re_chinese_world,Chinese world,1050.0,astronomer,non_europe
1024,Q15449527,Chen Hongxu,re_chinese_world,Chinese world,1597.0,archeologist | historian,non_europe
1025,Q11089447,Yan Shu,re_chinese_world,Chinese world,991.0,historian,non_europe
1026,Q457972,Guan Zhong,re_chinese_world,Chinese world,-719.0,philosopher,non_europe
1027,Q11073410,Hui Dong,re_chinese_world,Chinese world,1697.0,philosopher,non_europe
1028,Q1387854,Desi Sangye Gyatso,re_chinese_world,Chinese world,1653.0,historian,non_europe
1029,Q1088063,Hua Sui,re_chinese_world,Chinese world,1439.0,historian,non_europe
1030,Q7267602,Qian Dehong,re_chinese_world,Chinese world,1496.0,philosopher,non_europe
1031,Q5950484,Xu Ai,re_chinese_world,Chinese world,1487.0,philosopher,non_europe
1032,Q31754,Huang Zongxi,re_chinese_world,Chinese world,1610.0,philosopher | historian,non_europe
1033,Q11095476,Li Guangdi,re_chinese_world,Chinese world,1642.0,philosopher,non_europe
1034,Q10543449,Lu Zhen,re_chinese_world,Chinese world,957.0,historian,non_europe
1035,Q714374,Wang Fuzhi,re_chinese_world,Chinese world,1619.0,philosopher | historian,non_europe
1036,Q626733,Fan Chengda,re_chinese_world,Chinese world,1126.0,geographer,non_europe
1037,Q515272,Rigdzin Tsewang Norbu,re_chinese_world,Chinese world,1698.0,historian,non_europe
1038,Q706837,Liu Yuxi,re_chinese_world,Chinese world,772.0,philosopher,non_europe
1039,Q16076318,Xu Dong,re_chinese_world,Chinese world,976.0,historian,non_europe
1040,Q3315279,Zheng Ruozeng,re_chinese_world,Chinese world,1503.0,geographer,non_europe
1041,Q12165238,Fang Yizhi,re_chinese_world,Chinese world,1611.0,linguist,non_europe
1042,Q30949294,Ouyang De,re_chinese_world,Chinese world,1496.0,philosopher,non_europe
1043,Q558192,Cheng Hao,re_chinese_world,Chinese world,1032.0,philosopher,non_europe
1044,Q4578350,Chen Hongmou,re_chinese_world,Chinese world,1696.0,philosopher,non_europe
1045,Q699303,Chen Di,re_chinese_world,Chinese world,1541.0,linguist,non_europe
1046,Q698177,Li Zhi,re_chinese_world,Chinese world,1527.0,philosopher,non_europe
1047,Q197778,Zhiyi,re_chinese_world,Chinese world,538.0,philosopher,non_europe
1048,Q1288620,Wen Tong,re_chinese_world,Chinese world,1018.0,historian,non_europe
1049,Q4501983,Hu Hong,re_chinese_world,Chinese world,1105.0,philosopher,non_europe
1050,Q537211,Dong Qichang,re_chinese_world,Chinese world,1555.0,art theorist,non_europe
1051,Q703776,Du Qiong,re_chinese_world,Chinese world,101.0,astronomer,non_europe
1052,Q6473698,Lai Zhide,re_chinese_world,Chinese world,1525.0,philosopher,non_europe
1053,Q15941622,Chen Ji,re_chinese_world,Chinese world,1363.0,historian,non_europe
1054,Q716389,Li Gonglin,re_chinese_world,Chinese world,1049.0,archeologist | anthropologist,non_europe
1055,Q379577,Marpa Chokyi Lodro,re_chinese_world,Chinese world,1012.0,philosopher,non_europe
1056,Q1195906,Gu Yanwu,re_chinese_world,Chinese world,1613.0,philosopher | astronomer | linguist | geographer | historian,non_europe
1057,Q12159927,Tao Zongyi,re_chinese_world,Chinese world,1329.0,historian,non_europe
1058,Q1265657,Su Song,re_chinese_world,Chinese world,1020.0,zoologist | philosopher | botanist | astronomer | mathematician | geographer,non_europe
1059,Q16260354,Wang Kentang,re_chinese_world,Chinese world,1549.0,historian,non_europe
1060,Q1268609,Wu Zixu,re_chinese_world,Chinese world,-525.0,philosopher,non_europe
1061,Q31765,Fan Zhen,re_chinese_world,Chinese world,450.0,philosopher,non_europe
1062,Q11094003,Zhu Yizun,re_chinese_world,Chinese world,1629.0,historian,non_europe
1063,Q947874,Gö Lotsawa Zhönnu-pel,re_chinese_world,Chinese world,1392.0,historian,non_europe
1064,Q265181,He Xinyin,re_chinese_world,Chinese world,1517.0,philosopher,non_europe
1065,Q1275360,Zeng Gong,re_chinese_world,Chinese world,1019.0,historian,non_europe
1066,Q4501976,Anguo Hu,re_chinese_world,Chinese world,1074.0,philosopher,non_europe
1067,Q1155951,Su Zhe,re_chinese_world,Chinese world,1039.0,philosopher | historian,non_europe
1068,Q15920149,Qian Tan,re_chinese_world,Chinese world,1594.0,historian,non_europe
1069,Q20048449,Xue Fengzuo,re_chinese_world,Chinese world,1600.0,astronomer | mathematician,non_europe
1070,Q698543,Chen Baisha,re_chinese_world,Chinese world,1428.0,philosopher,non_europe
1071,Q13553235,Zhan Ruoshui,re_chinese_world,Chinese world,1466.0,philosopher,non_europe
1072,Q6728564,Chu Jen,re_chinese_world,Chinese world,1361.0,historian,non_europe
1073,Q10897757,Liu Hong,re_chinese_world,Chinese world,130.0,astronomer | mathematician,non_europe
1074,Q11835,Manuel Dias,re_chinese_world,Chinese world,1574.0,astronomer,non_europe
1075,Q985731,Xu Jingzong,re_chinese_world,Chinese world,592.0,geographer,non_europe
1076,Q1207661,Shan Tao,re_chinese_world,Chinese world,205.0,philosopher,non_europe
1077,Q37151,Sun Tzu,re_chinese_world,Chinese world,-543.0,philosopher,non_europe
1078,Q16076832,Ma Xu,re_chinese_world,Chinese world,70.0,historian,non_europe
1079,Q15917614,Wei Liaoweng,re_chinese_world,Chinese world,1178.0,philosopher,non_europe
1080,Q5895740,Hong Zicheng,re_chinese_world,Chinese world,1593.0,philosopher,non_europe
1081,Q12159141,Xu Yue,re_chinese_world,Chinese world,160.0,astronomer | philosopher | mathematician,non_europe
1082,Q42063,Xuanzang,re_chinese_world,Chinese world,602.0,philosopher,non_europe
1083,Q7967473,Wang Jia,re_chinese_world,Chinese world,400.0,historian,non_europe
1084,Q8070452,Zhang Zhu,re_chinese_world,Chinese world,1287.0,historian,non_europe
1085,Q2638471,Wei Shou,re_chinese_world,Chinese world,506.0,historian,non_europe
1086,Q587037,Antoine Thomas,re_chinese_world,Chinese world,1644.0,astronomer | linguist | mathematician,non_europe
1087,Q6042323,Yi Kaizhan,re_chinese_world,Chinese world,1400.0,mathematician,non_europe
1088,Q233340,Matteo Ricci,re_chinese_world,Chinese world,1552.0,geographer | mathematician,non_europe
1089,Q3287200,Mao Yuanyi,re_chinese_world,Chinese world,1594.0,historian,non_europe
1090,Q713247,Yishiha,re_chinese_world,Chinese world,1409.0,geographer,non_europe
1091,Q28414458,Yang Huan,re_chinese_world,Chinese world,1234.0,linguist,non_europe
1092,Q1872767,Lu Zhonglian,re_chinese_world,Chinese world,-304.0,philosopher,non_europe
1093,Q710705,Yi Xing,re_chinese_world,Chinese world,683.0,astronomer | mathematician,non_europe
1094,Q1260120,Dromton Gyelwa Jungne,re_chinese_world,Chinese world,1008.0,theologian,non_europe
1095,Q563564,Mahmud al-Kashgari,re_chinese_world,Chinese world,1029.0,geographer | linguist,non_europe
1096,Q11097685,Li Fu,re_chinese_world,Chinese world,1673.0,philosopher,non_europe
1097,Q62575481,Su Ma,re_chinese_world,Chinese world,1621.0,historian,non_europe
1098,Q840344,He Chengtian,re_chinese_world,Chinese world,370.0,mathematician,non_europe
1099,Q6688486,Lazzaro Cattaneo,re_chinese_world,Chinese world,1560.0,linguist,non_europe
1100,Q11053630,Shi Cui,re_chinese_world,Chinese world,103.0,botanist,non_europe
1101,Q16260015,Ma Duo,re_chinese_world,Chinese world,1366.0,historian,non_europe
1102,Q47739,Zhuangzi,re_chinese_world,Chinese world,-368.0,philosopher,non_europe
1103,Q13634415,Fan Zhi,re_chinese_world,Chinese world,911.0,historian,non_europe
1104,Q711413,Pei Ju,re_chinese_world,Chinese world,547.0,geographer,non_europe
1105,Q1151004,Yan Yuan,re_chinese_world,Chinese world,1635.0,philosopher,non_europe
1106,Q11069736,Peng Shiwang,re_chinese_world,Chinese world,1610.0,historian,non_europe
1107,Q10417558,Wang Yi,re_chinese_world,Chinese world,1433.0,historian,non_europe
1108,Q16259886,Xiong Bolong,re_chinese_world,Chinese world,1617.0,philosopher,non_europe
1109,Q11665206,Gu Zuyu,re_chinese_world,Chinese world,1631.0,geographer,non_europe
1110,Q11611790,Wei Hu,re_chinese_world,Chinese world,1633.0,historian,non_europe
1111,Q716190,Li Kui,re_chinese_world,Chinese world,-500.0,philosopher,non_europe
1112,Q5372193,Xie Cheng,re_chinese_world,Chinese world,182.0,historian,non_europe
1113,Q1292375,Zu Gengzhi,re_chinese_world,Chinese world,480.0,mathematician,non_europe
1114,Q1194206,Huiyuan,re_chinese_world,Chinese world,334.0,philosopher,non_europe
1115,Q265470,Xavier Ehrenbert Fridelli,re_chinese_world,Chinese world,1673.0,geographer,non_europe
1116,Q12147676,Erdeni,re_chinese_world,Chinese world,1592.0,linguist,non_europe
1117,Q15903781,Huo Tao,re_chinese_world,Chinese world,1487.0,historian,non_europe
1118,Q580624,Cao Chong,re_chinese_world,Chinese world,196.0,physicist,non_europe
1119,Q33566,Sima Guang,re_chinese_world,Chinese world,1019.0,historian,non_europe
1120,Q2361499,Jean-François Gerbillon,re_chinese_world,Chinese world,1654.0,astronomer | mathematician,non_europe
1121,Q16259917,Xun Can,re_chinese_world,Chinese world,201.0,philosopher,non_europe
1122,Q45572545,Wang Kai,re_chinese_world,Chinese world,1317.0,historian,non_europe
1123,Q45645724,Zheng Gao,re_chinese_world,Chinese world,1486.0,historian,non_europe
1124,Q277386,Wang Xuance,re_chinese_world,Chinese world,700.0,historian,non_europe
1125,Q197295,Zhang Tingyu,re_chinese_world,Chinese world,1672.0,historian,non_europe
1126,Q11084989,Fang Bao,re_chinese_world,Chinese world,1668.0,philosopher,non_europe
1127,Q366120,Lü Buwei,re_chinese_world,Chinese world,-290.0,philosopher,non_europe
1128,Q45559414,Chen Lian,re_chinese_world,Chinese world,1370.0,historian,non_europe
1129,Q45702763,Gu Tianxi,re_chinese_world,Chinese world,1589.0,historian,non_europe
1130,Q198136,"Zhu Zaiyu, Prince of Zheng",re_chinese_world,Chinese world,1536.0,historian | astronomer | physicist | mathematician,non_europe
1131,Q28959,Han Fei Zi,re_chinese_world,Chinese world,-279.0,philosopher,non_europe
1132,Q2898749,Su Shunqin,re_chinese_world,Chinese world,1008.0,historian,non_europe
1133,Q713554,Wang Su,re_chinese_world,Chinese world,195.0,philosopher,non_europe
1134,Q736629,Guo Huai,re_chinese_world,Chinese world,187.0,historian,non_europe
1135,Q10542488,Zhao Fang,re_chinese_world,Chinese world,1319.0,historian,non_europe
1136,Q1291953,Guo Xiang,re_chinese_world,Chinese world,252.0,philosopher,non_europe
1137,Q864708,Gan Bao,re_chinese_world,Chinese world,201.0,historian,non_europe
1138,Q378277,Ferdinand Verbiest,re_chinese_world,Chinese world,1623.0,astronomer | mathematician,non_europe
1139,Q5192697,Cui Renshi,re_chinese_world,Chinese world,580.0,historian,non_europe
1140,Q1291946,Zhi Dun,re_chinese_world,Chinese world,314.0,philosopher,non_europe
1141,Q657368,Ma Rong,re_chinese_world,Chinese world,79.0,philosopher,non_europe
1142,Q1370440,Johann Schreck,re_chinese_world,Chinese world,1576.0,botanist | astronomer,non_europe
1143,Q312978,Faxian,re_chinese_world,Chinese world,340.0,historian,non_europe
1144,Q110945420,Shen Bingzhen,re_chinese_world,Chinese world,1679.0,historian,non_europe
1145,Q16078617,Gu Donggao,re_chinese_world,Chinese world,1679.0,historian,non_europe
1146,Q17164322,Chen Jian,re_chinese_world,Chinese world,1497.0,historian,non_europe
1147,Q11095891,Li Tianjing,re_chinese_world,Chinese world,1579.0,mathematician,non_europe
1148,Q843276,Ying Shao,re_chinese_world,Chinese world,140.0,linguist,non_europe
1149,Q986624,Jiao Yu,re_chinese_world,Chinese world,1350.0,philosopher,non_europe
1150,Q5433784,Fang Hui,re_chinese_world,Chinese world,1227.0,historian,non_europe
1151,Q704075,Mao Qiling,re_chinese_world,Chinese world,1623.0,philosopher | historian,non_europe
1152,Q380598,Sun Ce,re_chinese_world,Chinese world,175.0,philosopher,non_europe
1153,Q1632823,Huangbo Xiyun,re_chinese_world,Chinese world,800.0,philosopher,non_europe
1154,Q765572,Guo Pu,re_chinese_world,Chinese world,276.0,historian,non_europe
1155,Q716876,Chen Tuan,re_chinese_world,Chinese world,871.0,philosopher,non_europe
1156,Q10900149,Liu Xianting,re_chinese_world,Chinese world,1648.0,historian,non_europe
1157,Q45469545,Ma Gui,re_chinese_world,Chinese world,1394.0,historian,non_europe
1158,Q216072,Xunzi,re_chinese_world,Chinese world,-312.0,philosopher,non_europe
1159,Q10816714,Liu Zongzhou,re_chinese_world,Chinese world,1587.0,philosopher,non_europe
1160,Q5369940,Kong Yingda,re_chinese_world,Chinese world,574.0,philosopher,non_europe
1161,Q11353853,Wan Sitong,re_chinese_world,Chinese world,1638.0,historian,non_europe
1162,Q994515,Giacomo Rho,re_chinese_world,Chinese world,1592.0,astronomer | mathematician,non_europe
1163,Q15926393,Ma Wei,re_chinese_world,Chinese world,1621.0,historian,non_europe
1164,Q468712,Ji Kang,re_chinese_world,Chinese world,223.0,philosopher,non_europe
1165,Q16138226,Bei Qiong,re_chinese_world,Chinese world,1314.0,historian,non_europe
1166,Q316304,Liu Hui,re_chinese_world,Chinese world,225.0,mathematician,non_europe
1167,Q11054345,"Chi, Chün-tao",re_chinese_world,Chinese world,263.0,botanist,non_europe
1168,Q10910502,Wei Su,re_chinese_world,Chinese world,1303.0,historian,non_europe
1169,Q45416277,Qi Jiguang,re_chinese_world,Chinese world,1528.0,historian,non_europe
1170,Q559731,Xu Shen,re_chinese_world,Chinese world,58.0,linguist,non_europe
1171,Q10788251,Liu Xu,re_chinese_world,Chinese world,888.0,historian,non_europe
1172,Q197813,Zhong Hui,re_chinese_world,Chinese world,225.0,philosopher,non_europe
1173,Q95369,Ignaz Kögler,re_chinese_world,Chinese world,1680.0,astronomer,non_europe
1174,Q10944085,Bu Shang,re_chinese_world,Chinese world,-506.0,philosopher,non_europe
1175,Q15934970,Wang Wei,re_chinese_world,Chinese world,1322.0,historian,non_europe
1176,Q1185798,Chao Cuo,re_chinese_world,Chinese world,-199.0,philosopher,non_europe
1177,Q378356,Wei Zheng,re_chinese_world,Chinese world,580.0,philosopher | historian,non_europe
1178,Q45613140,Yang Lian,re_chinese_world,Chinese world,1452.0,astronomer | mathematician,non_europe
1179,Q8071112,Zhu Guozhen,re_chinese_world,Chinese world,1557.0,historian,non_europe
1180,Q1243676,Martino Martini,re_chinese_world,Chinese world,1614.0,geographer | historian,non_europe
1181,Q152919,Li Si,re_chinese_world,Chinese world,-279.0,philosopher,non_europe
1182,Q17163746,Wan Jing,re_chinese_world,Chinese world,1659.0,historian,non_europe
1183,Q197338,Zhang Zai,re_chinese_world,Chinese world,1020.0,philosopher,non_europe
1184,Q11067613,Zhang Cang,re_chinese_world,Chinese world,-252.0,mathematician,non_europe
1185,Q1049563,Lodovico Buglio,re_chinese_world,Chinese world,1606.0,mathematician,non_europe
1186,Q736647,Fang Xuanling,re_chinese_world,Chinese world,578.0,historian,non_europe
1187,Q45414781,Feng Zizhen,re_chinese_world,Chinese world,1257.0,historian,non_europe
1188,Q698925,Li Shizhen,re_chinese_world,Chinese world,1517.0,botanist,non_europe
1189,Q4587779,Yang Guangxian,re_chinese_world,Chinese world,1597.0,astronomer,non_europe
1190,Q733082,Guo Shoujing,re_chinese_world,Chinese world,1231.0,astronomer | mathematician,non_europe
1191,Q724293,Sengzhao,re_chinese_world,Chinese world,384.0,philosopher,non_europe
1192,Q45648447,Zheng Qi,re_chinese_world,Chinese world,1428.0,historian,non_europe
1193,Q9372,Sima Qian,re_chinese_world,Chinese world,-144.0,astronomer | philosopher | historian | mathematician,non_europe
1194,Q7967402,Wang Daiyu,re_chinese_world,Chinese world,1600.0,philosopher,non_europe
1195,Q1147782,Xiang Xiu,re_chinese_world,Chinese world,250.0,philosopher,non_europe
1196,Q118467,Nicolas Fiva,re_chinese_world,Chinese world,1609.0,theologian | mathematician,non_europe
1197,Q13424361,Liu Zhi,re_chinese_world,Chinese world,1669.0,philosopher,non_europe
1198,Q11125626,Yin Shidan,re_chinese_world,Chinese world,1522.0,historian,non_europe
1199,Q45602254,Tang Su,re_chinese_world,Chinese world,1331.0,historian,non_europe
1200,Q4604,Confucius,re_chinese_world,Chinese world,-550.0,philosopher,non_europe
1201,Q5049015,Caspar Castner,re_chinese_world,Chinese world,1655.0,geographer | astronomer | mathematician,non_europe
1202,Q45369541,Bo Ting,re_chinese_world,Chinese world,1248.0,historian,non_europe
1203,Q4385580,Pei Wei (Jin dynasty),re_chinese_world,Chinese world,267.0,philosopher,non_europe
1204,Q3508627,Karel Slavíček,re_chinese_world,Chinese world,1678.0,astronomer | linguist | mathematician | musicologist,non_europe
1205,Q218900,Shi Shen,re_chinese_world,Chinese world,-400.0,astronomer,non_europe
1206,Q2401828,Sima Tan,re_chinese_world,Chinese world,-164.0,historian,non_europe
1207,Q10918606,Wu Renchen,re_chinese_world,Chinese world,1628.0,historian | mathematician,non_europe
1208,Q15912341,Wang Dan,re_chinese_world,Chinese world,957.0,historian,non_europe
1209,Q10945451,Sun Yuanhua,re_chinese_world,Chinese world,1582.0,mathematician,non_europe
1210,Q8059959,Yu Qin,re_chinese_world,Chinese world,1284.0,geographer,non_europe
1211,Q2856647,Fu Sheng,re_chinese_world,Chinese world,-267.0,philosopher,non_europe
1212,Q4260681,Li Gong,re_chinese_world,Chinese world,1659.0,historian,non_europe
1213,Q559421,Shen Buhai,re_chinese_world,Chinese world,-384.0,philosopher,non_europe
1214,Q5946443,Luo Rufang,re_chinese_world,Chinese world,1515.0,philosopher,non_europe
1215,Q2372474,Tang Zhen,re_chinese_world,Chinese world,1630.0,philosopher,non_europe
1216,Q4515473,Zhao Mingcheng,re_chinese_world,Chinese world,1081.0,historian,non_europe
1217,Q712581,Li Chunfeng,re_chinese_world,Chinese world,602.0,astronomer | historian | mathematician,non_europe
1218,Q704525,Liu An,re_chinese_world,Chinese world,-178.0,geographer,non_europe
1219,Q15946543,Pan Chengzhang,re_chinese_world,Chinese world,1626.0,historian,non_europe
1220,Q15932258,Wu Chen,re_chinese_world,Chinese world,1323.0,historian,non_europe
1221,Q11118543,Yang Chun,re_chinese_world,Chinese world,1675.0,historian,non_europe
1222,Q453449,Liu Xin,re_chinese_world,Chinese world,-49.0,astronomer | philosopher | historian | mathematician,non_europe
1223,Q2655284,Toqto'a,re_chinese_world,Chinese world,1314.0,historian,non_europe
1224,Q17130836,Claudio Filippo Grimaldi,re_chinese_world,Chinese world,1638.0,astronomer | mathematician,non_europe
1225,Q551391,Zhu Siben,re_chinese_world,Chinese world,1273.0,geographer,non_europe
1226,Q301650,Jia Yi,re_chinese_world,Chinese world,-199.0,philosopher,non_europe
1227,Q11093738,Zhu Shan,re_chinese_world,Chinese world,1340.0,historian,non_europe
1228,Q445626,Dong Zhongshu,re_chinese_world,Chinese world,-178.0,philosopher,non_europe
1229,Q721420,Hu Sansheng,re_chinese_world,Chinese world,1230.0,historian,non_europe
1230,Q94790915,Kaspar Castner,re_chinese_world,Chinese world,1665.0,philosopher | mathematician,non_europe
1231,Q3256864,Liu Yiqing,re_chinese_world,Chinese world,403.0,historian,non_europe
1232,Q15919171,Chen Houyao,re_chinese_world,Chinese world,1648.0,mathematician,non_europe
1233,Q11980612,Kilian Stumpf,re_chinese_world,Chinese world,1655.0,astronomer,non_europe
1234,Q736726,Emperor Wu of Liang,re_chinese_world,Chinese world,464.0,philosopher,non_europe
1235,Q9333,Laozi,re_chinese_world,Chinese world,-579.0,philosopher,non_europe
1236,Q981193,Sun Simiao,re_chinese_world,Chinese world,581.0,philosopher,non_europe
1237,Q20611787,Sagan Setsen,re_chinese_world,Chinese world,1604.0,historian,non_europe
1238,Q716369,Jia Dan,re_chinese_world,Chinese world,730.0,geographer,non_europe
1239,Q11567603,Jiao Hong,re_chinese_world,Chinese world,1540.0,philosopher | historian,non_europe
1240,Q5484029,Francisco Varo,re_chinese_world,Chinese world,1627.0,linguist,non_europe
1241,Q537727,Ban Biao,re_chinese_world,Chinese world,3.0,historian,non_europe
1242,Q253490,Li Fang,re_chinese_world,Chinese world,925.0,historian,non_europe
1243,Q24837460,Wang Xing,re_chinese_world,Chinese world,1331.0,historian,non_europe
1244,Q845669,Xu Heng,re_chinese_world,Chinese world,1209.0,philosopher,non_europe
1245,Q5945163,Zhao Buzhi,re_chinese_world,Chinese world,1053.0,philosopher,non_europe
1246,Q8044361,Xie Daoyun,re_chinese_world,Chinese world,349.0,philosopher,non_europe
1247,Q197962,Zhou Dunyi,re_chinese_world,Chinese world,1017.0,philosopher,non_europe
1248,Q45488589,Hu Shen,re_chinese_world,Chinese world,1315.0,historian,non_europe
1249,Q710078,Pei Songzhi,re_chinese_world,Chinese world,372.0,historian,non_europe
1250,Q11114865,Mei Wending,re_chinese_world,Chinese world,1633.0,astronomer | mathematician,non_europe
1251,Q1349949,Fazang,re_chinese_world,Chinese world,643.0,philosopher,non_europe
1252,Q45665755,Liu Heng,re_chinese_world,Chinese world,1358.0,historian,non_europe
1253,Q10514369,Yu Xi,re_chinese_world,Chinese world,281.0,astronomer,non_europe
1254,Q4294055,Minggatu,re_chinese_world,Chinese world,1692.0,astronomer | mathematician,non_europe
1255,Q9452128,Chenweng Liu,re_chinese_world,Chinese world,1232.0,historian,non_europe
1256,Q594971,Yuan Hong,re_chinese_world,Chinese world,328.0,historian,non_europe
1257,Q323439,Tsongkhapa Lobzang Drakpa,re_chinese_world,Chinese world,1357.0,philosopher,non_europe
1258,Q177081,Ban Zhao,re_chinese_world,Chinese world,45.0,philosopher | historian,non_europe
1259,Q722288,Shao Yong,re_chinese_world,Chinese world,1012.0,philosopher | historian,non_europe
1260,Q11066587,Zhang Yanghao,re_chinese_world,Chinese world,1270.0,philosopher,non_europe
1261,Q16075563,Chen Jingyun,re_chinese_world,Chinese world,1670.0,historian,non_europe
1262,Q403757,Gan De,re_chinese_world,Chinese world,-400.0,astronomer,non_europe
1263,Q836027,Lü Liuliang,re_chinese_world,Chinese world,1629.0,philosopher,non_europe
1264,Q3369486,Huang Daozhou,re_chinese_world,Chinese world,1585.0,astronomer,non_europe
1265,Q45427495,Zheng Wenkang,re_chinese_world,Chinese world,1413.0,historian,non_europe
1266,Q985861,Wu Cheng,re_chinese_world,Chinese world,1249.0,philosopher,non_europe
1267,Q10924410,Yan Yan,re_chinese_world,Chinese world,1575.0,historian,non_europe
1268,Q11631202,Xu Fuyuan,re_chinese_world,Chinese world,1535.0,philosopher,non_europe
1269,Q2707504,Giulio Alenio,re_chinese_world,Chinese world,1582.0,astronomer | historian,non_europe
1270,Q1275708,Xue Juzheng,re_chinese_world,Chinese world,912.0,historian,non_europe
1271,Q5291163,Dominique Parrenin,re_chinese_world,Chinese world,1665.0,geographer | anatomist,non_europe
1272,Q1131375,Huan Tan,re_chinese_world,Chinese world,-39.0,philosopher,non_europe
1273,Q459865,Wang Bi,re_chinese_world,Chinese world,226.0,philosopher,non_europe
1274,Q45499308,Liang Ji,re_chinese_world,Chinese world,1518.0,historian,non_europe
1275,Q439681,Ban Gu,re_chinese_world,Chinese world,32.0,historian,non_europe
1276,Q8666,Toghon Temür,re_chinese_world,Chinese world,1320.0,astronomer,non_europe
1277,Q8050738,Ye Chunji,re_chinese_world,Chinese world,1532.0,geographer,non_europe
1278,Q7129670,Pan Pingge,re_chinese_world,Chinese world,1610.0,philosopher,non_europe
1279,Q6578208,Sun Ch'i-feng,re_chinese_world,Chinese world,1583.0,philosopher,non_europe
1280,Q11136454,Kekuan Wang,re_chinese_world,Chinese world,1301.0,historian,non_europe
1281,Q2949846,Wang Chen,re_chinese_world,Chinese world,250.0,historian,non_europe
1282,Q45461060,Tang Zhida,re_chinese_world,Chinese world,1515.0,historian,non_europe
1283,Q351345,Shang Yang,re_chinese_world,Chinese world,-389.0,philosopher,non_europe
1284,Q45468001,Wu Yan,re_chinese_world,Chinese world,1624.0,historian,non_europe
1285,Q45536040,Shang Wen,re_chinese_world,Chinese world,1236.0,historian,non_europe
1286,Q9621698,Wu Yubi,re_chinese_world,Chinese world,1391.0,philosopher,non_europe
1287,Q45668827,Liu Ruoyu,re_chinese_world,Chinese world,1584.0,historian,non_europe
1288,Q1822759,Daosheng,re_chinese_world,Chinese world,355.0,philosopher,non_europe
1289,Q76732,Johann Adam Schall von Bell,re_chinese_world,Chinese world,1592.0,astronomer | mathematician,non_europe
1290,Q16260817,Hu Tianyou,re_chinese_world,Chinese world,1696.0,astronomer,non_europe
1291,Q714270,Zhang Yanyuan,re_chinese_world,Chinese world,815.0,historian,non_europe
1292,Q700284,Li Ao,re_chinese_world,Chinese world,772.0,philosopher,non_europe
1293,Q6149510,Jan Mikołaj Smogulecki,re_chinese_world,Chinese world,1610.0,astronomer | philosopher | mathematician,non_europe
1294,Q1066734,Li Yiji,re_chinese_world,Chinese world,-267.0,philosopher,non_europe
1295,Q706832,Liu Ling,re_chinese_world,Chinese world,221.0,philosopher,non_europe
1296,Q8059993,Yu Yonghe,re_chinese_world,Chinese world,1645.0,historian,non_europe
1297,Q290825,Wang Fu,re_chinese_world,Chinese world,78.0,philosopher,non_europe
1298,Q1069914,Lu You,re_chinese_world,Chinese world,1125.0,historian,non_europe
1299,Q37733946,Liu Hong,re_chinese_world,Chinese world,129.0,astronomer,non_europe
1300,Q197649,Zheng Xuan,re_chinese_world,Chinese world,127.0,philosopher,non_europe
1301,Q465282,Liu Xiang,re_chinese_world,Chinese world,-76.0,astronomer | philosopher | historian,non_europe
1302,Q318998,Han Yu,re_chinese_world,Chinese world,768.0,philosopher | historian,non_europe
1303,Q45567964,Fu Guan,re_chinese_world,Chinese world,1443.0,astronomer | historian,non_europe
1304,Q45592248,Hu Lian,re_chinese_world,Chinese world,1327.0,historian,non_europe
1305,Q10864302,Ding Xian,re_chinese_world,Chinese world,1358.0,historian,non_europe
1306,Q45563612,Chen Guan,re_chinese_world,Chinese world,1367.0,historian,non_europe
1307,Q11632916,Gu Yingtai,re_chinese_world,Chinese world,1620.0,historian,non_europe
1308,Q45412996,Zhang Shu,re_chinese_world,Chinese world,1292.0,historian,non_europe
1309,Q1852031,Cui Hong,re_chinese_world,Chinese world,470.0,historian,non_europe
1310,Q11618050,Xun Yue,re_chinese_world,Chinese world,148.0,philosopher,non_europe
1311,Q142683,Ruan Ji,re_chinese_world,Chinese world,210.0,philosopher,non_europe
1312,Q707702,Cai Yong,re_chinese_world,Chinese world,133.0,astronomer | historian,non_europe
1313,Q2984064,Lie Yukou,re_chinese_world,Chinese world,-449.0,philosopher,non_europe
1314,Q45414461,Ma Zhongxin,re_chinese_world,Chinese world,1260.0,historian,non_europe
1315,Q45708930,Qian Jideng,re_chinese_world,Chinese world,1594.0,historian,non_europe
1316,Q15931995,Han Bangqi,re_chinese_world,Chinese world,1479.0,astronomer | historian,non_europe
1317,Q197286,Zhang Sanfeng,re_chinese_world,Chinese world,1200.0,philosopher,non_europe
1318,Q845480,Yan Ruoqu,re_chinese_world,Chinese world,1636.0,geographer | philosopher | mathematician,non_europe
1319,Q586221,Antoine Gaubil,re_chinese_world,Chinese world,1689.0,astronomer | linguist | mathematician,non_europe
1320,Q11138243,Shen Tu,re_chinese_world,Chinese world,1357.0,historian,non_europe
1321,Q17163779,Wan Yan,re_chinese_world,Chinese world,1637.0,historian,non_europe
1322,Q740373,Fan Ye,re_chinese_world,Chinese world,398.0,historian,non_europe
1323,Q31758,Han Huang,re_chinese_world,Chinese world,723.0,economist,non_europe
1324,Q61466099,Chun Chen,re_chinese_world,Chinese world,1159.0,philosopher,non_europe
1325,Q45585703,Xia Zhirong,re_chinese_world,Chinese world,1697.0,historian,non_europe
1326,Q334090,Sun Bin,re_chinese_world,Chinese world,-400.0,philosopher,non_europe
1327,Q10565611,Chen Que,re_chinese_world,Chinese world,1604.0,philosopher,non_europe
1328,Q706887,Pei Xiu,re_chinese_world,Chinese world,224.0,geographer,non_europe
1329,Q6538730,Li Daoyuan,re_chinese_world,Chinese world,401.0,geographer,non_europe
1330,Q6650143,Li Ze,re_chinese_world,Chinese world,1260.0,historian,non_europe
1331,Q716964,Li Ye,re_chinese_world,Chinese world,1192.0,mathematician,non_europe
1332,Q11176038,Shulin Huang,re_chinese_world,Chinese world,1672.0,historian,non_europe
1333,Q3088895,Joachim Bouvet,re_chinese_world,Chinese world,1656.0,geographer | mathematician,non_europe
1334,Q715480,Jing Fang,re_chinese_world,Chinese world,-77.0,musicologist | astronomer | mathematician,non_europe
1335,Q15912883,Luo Furen,re_chinese_world,Chinese world,1298.0,astronomer,non_europe
1336,Q267350,Michał Boym,re_chinese_world,Chinese world,1612.0,linguist | botanist,non_europe
1337,Q198126,Zhu Shijie,re_chinese_world,Chinese world,1249.0,mathematician,non_europe
1338,Q468890,Chen Shou,re_chinese_world,Chinese world,233.0,historian,non_europe
1339,Q2501012,Joseph-Anne-Marie de Moyriac de Mailla,re_chinese_world,Chinese world,1669.0,geographer | linguist | historian,non_europe
1340,Q45593337,Wang Da,re_chinese_world,Chinese world,1333.0,historian,non_europe
1341,Q7876210,U Kala,re_south_east_asia,South East Asia,1678.0,historian,non_europe
1342,Q5483466,Francisco Ignacio Alcina,re_south_east_asia,South East Asia,1610.0,theologian | historian,non_europe
1343,Q3814009,Manuel Godinho de Erédia,re_south_east_asia,South East Asia,1563.0,geographer,non_europe
1344,Q713224,Trần Thái Tông,re_south_east_asia,South East Asia,1218.0,philosopher,non_europe
1345,Q28503447,Gaspar de San Agustín,re_south_east_asia,South East Asia,1650.0,historian,non_europe
1346,Q380415,Anthony van Diemen,re_south_east_asia,South East Asia,1593.0,economist,non_europe
1347,Q18511413,Pablo Clain,re_south_east_asia,South East Asia,1652.0,botanist | astronomer | philosopher | linguist,non_europe
1348,Q3262434,Louis Laneau,re_south_east_asia,South East Asia,1637.0,theologian,non_europe
1349,Q961926,Pieter Dirkszoon Keyser,re_south_east_asia,South East Asia,1540.0,geographer | astronomer,non_europe
1350,Q972307,Willem ten Rhijne,re_south_east_asia,South East Asia,1647.0,botanist,non_europe
1351,Q6951228,Mạc Đĩnh Chi,re_south_east_asia,South East Asia,1272.0,philosopher,non_europe
1352,Q5315885,Duong Van An,re_south_east_asia,South East Asia,1514.0,historian,non_europe
1353,Q60215,Bernhardus Varenius,re_south_east_asia,South East Asia,1622.0,geographer,non_europe
1354,Q1673469,Isaac de l'Ostal de Saint-Martin,re_south_east_asia,South East Asia,1629.0,botanist,non_europe
1355,Q77821,Andreas Cleyer,re_south_east_asia,South East Asia,1634.0,botanist,non_europe
1356,Q1155893,Chu Văn An,re_south_east_asia,South East Asia,1292.0,philosopher,non_europe
1357,Q1111882,Le Van Huu,re_south_east_asia,South East Asia,1230.0,historian,non_europe
1358,Q3707182,Diego Aduarte,re_south_east_asia,South East Asia,1570.0,historian,non_europe
1359,Q3210967,Phan Phu Tiên,re_south_east_asia,South East Asia,1370.0,historian,non_europe
1360,Q557726,Chu Suiliang,re_south_east_asia,South East Asia,597.0,historian,non_europe
1361,Q3210944,Vũ Quỳnh,re_south_east_asia,South East Asia,1452.0,historian,non_europe
1362,Q7159521,Pedro Chirino,re_south_east_asia,South East Asia,1557.0,historian,non_europe
1363,Q3210938,Phạm Công Trứ,re_south_east_asia,South East Asia,1600.0,historian,non_europe
1364,Q2676510,Johannes Klencke,re_south_east_asia,South East Asia,1618.0,philosopher,non_europe
1365,Q726381,Jacobus Bontius,re_south_east_asia,South East Asia,1592.0,anatomist,non_europe
1366,Q552049,Georg Joseph Kamel,re_south_east_asia,South East Asia,1661.0,botanist | zoologist,non_europe
1367,Q1347181,Nguyen Trai,re_south_east_asia,South East Asia,1380.0,philosopher,non_europe
1368,Q716585,Ngô Sĩ Liên,re_south_east_asia,South East Asia,1400.0,historian,non_europe
1369,Q96711604,Jean Richaud,re_indian_world,Indian world,1633.0,astronomer,non_europe
1370,Q1413989,Filippo Sassetti,re_indian_world,Indian world,1540.0,linguist,non_europe
1371,Q320619,Abhinavagupta,re_indian_world,Indian world,950.0,philosopher,non_europe
1372,Q320142,Śāriputra,re_indian_world,Indian world,-567.0,philosopher,non_europe
1373,Q2733487,Ali Hujwiri,re_indian_world,Indian world,1009.0,theologian,non_europe
1374,Q3964661,Somananda,re_indian_world,Indian world,875.0,philosopher,non_europe
1375,Q27263305,Muḥammad ibn Abī Bakr Damāmīnī,re_indian_world,Indian world,1362.0,linguist,non_europe
1376,Q316343,Vasubandhu,re_indian_world,Indian world,300.0,philosopher,non_europe
1377,Q774847,Kumārila Bhaṭṭa,re_indian_world,Indian world,700.0,linguist | philosopher,non_europe
1378,Q2723463,Hemachandra,re_indian_world,Indian world,1089.0,philosopher | historian | mathematician,non_europe
1379,Q6406918,Taleb Amoli,re_indian_world,Indian world,1585.0,mathematician,non_europe
1380,Q202943,Brahmagupta,re_indian_world,Indian world,590.0,astronomer | mathematician,non_europe
1381,Q334752,Abu'l-Fazl ibn Mubarak,re_indian_world,Indian world,1551.0,historian,non_europe
1382,Q4860674,Bari Imam,re_indian_world,Indian world,1617.0,theologian,non_europe
1383,Q11359,Aryabhata,re_indian_world,Indian world,476.0,astronomer | mathematician,non_europe
1384,Q4112614,Visvanatha Chakravarti,re_indian_world,Indian world,1626.0,theologian,non_europe
1385,Q6785680,Masum Shah,re_indian_world,Indian world,1538.0,historian,non_europe
1386,Q3080648,Mirza Muhammad Haidar Dughlat,re_indian_world,Indian world,1499.0,historian,non_europe
1387,Q665235,Gaspar Correia,re_indian_world,Indian world,1496.0,historian,non_europe
1388,Q2484904,Utpaladeva,re_indian_world,Indian world,900.0,philosopher,non_europe
1389,Q31829842,Hazrat Shah Makhdum,re_indian_world,Indian world,1216.0,theologian,non_europe
1390,Q335247,Buddhaghosa,re_indian_world,Indian world,401.0,philosopher,non_europe
1391,Q774062,Philippe Couplet,re_indian_world,Indian world,1623.0,historian,non_europe
1392,Q2672093,Ramananda,re_indian_world,Indian world,1400.0,philosopher,non_europe
1393,Q1137118,Diogo do Couto,re_indian_world,Indian world,1542.0,historian,non_europe
1394,Q5313951,Dumont de Montigny,re_indian_world,Indian world,1696.0,historian,non_europe
1395,Q312976,Tulsidas,re_indian_world,Indian world,1532.0,philosopher,non_europe
1396,Q2478699,Sanatana Goswami,re_indian_world,Indian world,1488.0,theologian,non_europe
1397,Q20397982,Qutb ad-Din an-Nahrawali,re_indian_world,Indian world,1511.0,historian,non_europe
1398,Q207817,Amir Khosrow,re_indian_world,Indian world,1253.0,philosopher,non_europe
1399,Q892489,Francesco della Penna,re_indian_world,Indian world,1680.0,linguist,non_europe
1400,Q3351571,Bulleh Shah,re_indian_world,Indian world,1680.0,philosopher,non_europe
1401,Q560066,Roberto de Nobili,re_indian_world,Indian world,1577.0,linguist,non_europe
1402,Q3633981,Dadu Dayal,re_indian_world,Indian world,1544.0,philosopher,non_europe
1403,Q3160832,Guru Jambheshwar,re_indian_world,Indian world,1451.0,philosopher,non_europe
1404,Q231680,Patanjali,re_indian_world,Indian world,-199.0,linguist | philosopher | mathematician,non_europe
1405,Q2269861,Mahāvīra,re_indian_world,Indian world,900.0,mathematician,non_europe
1406,Q3200157,Kshemaraja,re_indian_world,Indian world,975.0,philosopher,non_europe
1407,Q3525596,Thomas Stephens,re_indian_world,Indian world,1549.0,linguist,non_europe
1408,Q2977486,Muhammad Khwandamir,re_indian_world,Indian world,1475.0,historian,non_europe
1409,Q2493613,Ahmad Sirhindi,re_indian_world,Indian world,1564.0,theologian,non_europe
1410,Q4832251,Azar Kayvan,re_indian_world,Indian world,1501.0,philosopher,non_europe
1411,Q379905,Asanga,re_indian_world,Indian world,300.0,philosopher,non_europe
1412,Q824771,Bernhard Bischopinck,re_indian_world,Indian world,1692.0,theologian,non_europe
1413,Q6739386,Makhdoom Muhammad Hashim Thattvi,re_indian_world,Indian world,1692.0,theologian,non_europe
1414,Q534142,Anthony de Montserrat,re_indian_world,Indian world,1536.0,geographer,non_europe
1415,Q312551,Kabir,re_indian_world,Indian world,1440.0,philosopher,non_europe
1416,Q189725,Panini,re_indian_world,Indian world,-500.0,linguist,non_europe
1417,Q1557587,Guy Tachard,re_indian_world,Indian world,1648.0,mathematician,non_europe
1418,Q312967,Guru Gobind Singh,re_indian_world,Indian world,1666.0,philosopher,non_europe
1419,Q7487700,Shams ud Daula Shah Nawaz Khan,re_indian_world,Indian world,1700.0,historian,non_europe
1420,Q16209128,Makhdoom Bilawal,re_indian_world,Indian world,1451.0,philosopher,non_europe
1421,Q1029392,Claude de Visdelou,re_indian_world,Indian world,1656.0,mathematician,non_europe
1422,Q1493994,Garcia de Orta,re_indian_world,Indian world,1501.0,botanist,non_europe
1423,Q26223000,Makhdoom Sharfuddin Ahmed Yahya Maneri,re_indian_world,Indian world,1263.0,philosopher,non_europe
1424,Q9045,Chanakya,re_indian_world,Indian world,-374.0,philosopher | economist,non_europe
1425,Q4387084,Raghunatha Siromani,re_indian_world,Indian world,1477.0,philosopher,non_europe
1426,Q858348,Varāhamihira,re_indian_world,Indian world,505.0,astronomer | mathematician,non_europe
1427,Q2066944,Svātmārāma,re_indian_world,Indian world,1400.0,philosopher,non_europe
1428,Q2785614,Albert d'Orville,re_indian_world,Indian world,1621.0,geographer,non_europe
1429,Q1344635,Niccolao Manucci,re_indian_world,Indian world,1639.0,historian,non_europe
1430,Q3629943,`Abd al-Qadir Bada'uni,re_indian_world,Indian world,1540.0,linguist | historian,non_europe
1431,Q2511208,Vasugupta,re_indian_world,Indian world,860.0,philosopher,non_europe
1432,Q15131538,Maheśvarānanda,re_indian_world,Indian world,1201.0,philosopher,non_europe
1433,Q2639769,Shri Guru Ravidass,re_indian_world,Indian world,1450.0,philosopher,non_europe
1434,Q140584,Muhammad Aufi,re_indian_world,Indian world,1171.0,historian,non_europe
1435,Q553722,Śāntarakṣita,re_indian_world,Indian world,725.0,philosopher,non_europe
1436,Q9422,Mahavira,re_indian_world,Indian world,-539.0,philosopher,non_europe
1437,Q2041521,Gulbadan Begum,re_indian_world,Indian world,1523.0,historian,non_europe
1438,Q6934061,Mulla Mahmud Jaunpuri,re_indian_world,Indian world,1585.0,astronomer | philosopher,non_europe
1439,Q2551244,Anandavardhana,re_indian_world,Indian world,820.0,philosopher,non_europe
1440,Q115590,Madhava of Sangamagrama,re_indian_world,Indian world,1350.0,astronomer | mathematician,non_europe
1441,Q2357643,Brahmadeva,re_indian_world,Indian world,1060.0,astronomer | mathematician,non_europe
1442,Q2548030,Nilakantha Somayaji,re_indian_world,Indian world,1444.0,astronomer | mathematician,non_europe
1443,Q3524867,Bhadrabahu,re_indian_world,Indian world,-366.0,philosopher,non_europe
1444,Q3595804,Achyutananda Dasa,re_indian_world,Indian world,1510.0,philosopher,non_europe
1445,Q3595700,Vararuchi,re_indian_world,Indian world,-250.0,linguist | mathematician,non_europe
1446,Q153187,Ajita Kesakambali,re_indian_world,Indian world,-500.0,philosopher,non_europe
1447,Q335371,Madhvacharya,re_indian_world,Indian world,1238.0,philosopher,non_europe
1448,Q94172306,Narayanacharya,re_indian_world,Indian world,1600.0,philosopher,non_europe
1449,Q66428184,Satyanidhi Tirtha,re_indian_world,Indian world,1580.0,philosopher,non_europe
1450,Q4387083,Raghunatha Bhatta Goswami,re_indian_world,Indian world,1505.0,theologian,non_europe
1451,Q2350157,Purandara Dasa,re_indian_world,Indian world,1484.0,philosopher,non_europe
1452,Q1033695,Dnyaneshwar,re_indian_world,Indian world,1275.0,philosopher,non_europe
1453,Q45740313,Shridhar Swami Nazarekar,re_indian_world,Indian world,1658.0,philosopher,non_europe
1454,Q6936683,Munishvara,re_indian_world,Indian world,1650.0,mathematician,non_europe
1455,Q66183627,Satyanatha Tirtha,re_indian_world,Indian world,1648.0,philosopher,non_europe
1456,Q13111845,Govinda Bhattathiri,re_indian_world,Indian world,1237.0,astronomer,non_europe
1457,Q2075639,Yamunacharya,re_indian_world,Indian world,950.0,philosopher,non_europe
1458,Q3595755,Jyeṣṭhadeva,re_indian_world,Indian world,1500.0,astronomer | mathematician,non_europe
1459,Q891045,Parameshvara,re_indian_world,Indian world,1370.0,astronomer | mathematician,non_europe
1460,Q6150791,Janardanswamy,re_indian_world,Indian world,1504.0,philosopher,non_europe
1461,Q2655917,Jiva Goswami,re_indian_world,Indian world,1511.0,linguist,non_europe
1462,Q171195,Nāgārjuna,re_indian_world,Indian world,150.0,philosopher,non_europe
1463,Q558272,Dignāga,re_indian_world,Indian world,480.0,philosopher,non_europe
1464,Q1741798,Ramanuja,re_indian_world,Indian world,1017.0,theologian | philosopher,non_europe
1465,Q3530291,Vedanta Desika,re_indian_world,Indian world,1269.0,philosopher,non_europe
1466,Q2343604,Vallabha,re_indian_world,Indian world,1479.0,philosopher,non_europe
1467,Q2989506,Rupa Goswami,re_indian_world,Indian world,1489.0,philosopher,non_europe
1468,Q5657354,Haridatta,re_indian_world,Indian world,700.0,astronomer | mathematician,non_europe
1469,Q527384,Pingala,re_indian_world,Indian world,-149.0,linguist | mathematician,non_europe
1470,Q7919473,Vemana,re_indian_world,Indian world,1652.0,philosopher,non_europe
1471,Q3537994,Raghavendra Tirtha,re_indian_world,Indian world,1595.0,philosopher,non_europe
1472,Q7194114,Pillai Lokacharya,re_indian_world,Indian world,1205.0,philosopher,non_europe
1473,Q6360377,Kanaka Dasa,re_indian_world,Indian world,1509.0,philosopher,non_europe
1474,Q558275,the one eyed,re_indian_world,Indian world,200.0,philosopher,non_europe
1475,Q93267410,Raghunatha Tirtha,re_indian_world,Indian world,1405.0,philosopher,non_europe
1476,Q1423663,Yajnavalkya,re_indian_world,Indian world,-800.0,astronomer | philosopher,non_europe
1477,Q4143328,Gopala Bhatta Goswami,re_indian_world,Indian world,1503.0,theologian,non_europe
1478,Q180967,Adi Shankara,re_indian_world,Indian world,788.0,philosopher,non_europe
1479,Q2349261,Fernão Vaz Dourado,re_indian_world,Indian world,1520.0,geographer,non_europe
1480,Q16155497,Zainuddin Makhdoom II,re_indian_world,Indian world,1531.0,historian,non_europe
1481,Q771686,Basava,re_indian_world,Indian world,1134.0,philosopher,non_europe
1482,Q48730567,Akshobhya Tirtha,re_indian_world,Indian world,1282.0,theologian | philosopher,non_europe
1483,Q445460,Shantideva,re_indian_world,Indian world,685.0,philosopher,non_europe
1484,Q64031619,Raghuttama Tirtha,re_indian_world,Indian world,1548.0,philosopher,non_europe
1485,Q6167696,Jayatirtha,re_indian_world,Indian world,1345.0,philosopher,non_europe
1486,Q15725063,Jasobanta Dasa,re_indian_world,Indian world,1487.0,philosopher,non_europe
1487,Q6479873,Lakshmi Kumara Thathachariar,re_indian_world,Indian world,1572.0,philosopher,non_europe
1488,Q5589914,Govindasvāmi,re_indian_world,Indian world,800.0,astronomer | mathematician,non_europe
1489,Q213385,Bhāskara II,re_indian_world,Indian world,1114.0,astronomer | mathematician,non_europe
1490,Q6747104,Manavala Mamunigal,re_indian_world,Indian world,1370.0,philosopher,non_europe
1491,Q66449255,Satyabhinava Tirtha,re_indian_world,Indian world,1673.0,philosopher,non_europe
1492,Q456963,candra ki+rti,re_indian_world,Indian world,600.0,philosopher,non_europe
1493,Q993504,Yāska,re_indian_world,Indian world,-500.0,linguist,non_europe
1494,Q15724123,Jagannatha Dasa,re_indian_world,Indian world,1491.0,philosopher,non_europe
1495,Q2046090,Melpathur Narayana Bhattathiri,re_indian_world,Indian world,1560.0,astronomer | linguist | mathematician,non_europe
1496,Q625580,Yun Doo-su,re_korea,Korea,1533.0,philosopher,non_europe
1497,Q379655,Heo Mok,re_korea,Korea,1595.0,philosopher,non_europe
1498,Q7451459,Seo Gyeong-deok,re_korea,Korea,1489.0,philosopher,non_europe
1499,Q487042,Choe Chiwon,re_korea,Korea,857.0,philosopher,non_europe
1500,Q494615,Jang Yeong-sil,re_korea,Korea,1400.0,astronomer,non_europe
1501,Q623637,Choi Myung-kil,re_korea,Korea,1586.0,philosopher,non_europe
1502,Q6450511,Kwon Geun,re_korea,Korea,1352.0,philosopher,non_europe
1503,Q497595,Lee Lyang,re_korea,Korea,1519.0,philosopher,non_europe
1504,Q484795,Hong Yun-sung,re_korea,Korea,1425.0,philosopher,non_europe
1505,Q493702,Seongjong,re_korea,Korea,960.0,philosopher,non_europe
1506,Q485009,Yeongjo of Joseon,re_korea,Korea,1694.0,geographer,non_europe
1507,Q16181658,Jo Mun-myeong,re_korea,Korea,1680.0,philosopher,non_europe
1508,Q5895710,Hong Woo-won,re_korea,Korea,1605.0,philosopher,non_europe
1509,Q624010,Chung In-hong,re_korea,Korea,1535.0,philosopher,non_europe
1510,Q469423,Jeong Mong-ju,re_korea,Korea,1337.0,philosopher,non_europe
1511,Q486364,Kwon Sang-ha,re_korea,Korea,1641.0,philosopher,non_europe
1512,Q12587609,Kim Sang-heon,re_korea,Korea,1570.0,philosopher,non_europe
1513,Q497108,Lim Sa-hong,re_korea,Korea,1445.0,philosopher,non_europe
1514,Q484286,Il-yeon,re_korea,Korea,1206.0,historian,non_europe
1515,Q705838,Choe Bu,re_korea,Korea,1454.0,historian,non_europe
1516,Q483181,Crown Prince Sohyeon,re_korea,Korea,1612.0,philosopher,non_europe
1517,Q12612765,Yi Chung-hwan,re_korea,Korea,1690.0,philosopher,non_europe
1518,Q704894,Jinul,re_korea,Korea,1158.0,philosopher,non_europe
1519,Q486298,Han Myeong-hoe,re_korea,Korea,1415.0,philosopher,non_europe
1520,Q486283,Jo Gwang-jo,re_korea,Korea,1482.0,philosopher,non_europe
1521,Q486278,Kim Jong-jik,re_korea,Korea,1431.0,philosopher,non_europe
1522,Q12612363,Yi Yi-myeong,re_korea,Korea,1658.0,philosopher,non_europe
1523,Q12619596,Choe Seok-jeong,re_korea,Korea,1646.0,mathematician,non_europe
1524,Q12602156,Seong Hyeon,re_korea,Korea,1439.0,musicologist,non_europe
1525,Q492443,Jang Hyungwang,re_korea,Korea,1554.0,philosopher,non_europe
1526,Q624894,Yi Eonjeok,re_korea,Korea,1491.0,philosopher,non_europe
1527,Q496942,Kim Hyo-won,re_korea,Korea,1532.0,philosopher,non_europe
1528,Q485131,Queen Seondeok of Silla,re_korea,Korea,606.0,astronomer,non_europe
1529,Q464510,Hwang Jini,re_korea,Korea,1506.0,philosopher,non_europe
1530,Q497077,Kim Jip,re_korea,Korea,1574.0,philosopher,non_europe
1531,Q497164,Song Ikp'il,re_korea,Korea,1534.0,philosopher,non_europe
1532,Q486266,Yun Won-hyung,re_korea,Korea,1509.0,philosopher,non_europe
1533,Q380577,Yun Hyu,re_korea,Korea,1617.0,philosopher,non_europe
1534,Q496753,Ha Ryun,re_korea,Korea,1347.0,philosopher,non_europe
1535,Q497120,Yi Je-hyun,re_korea,Korea,1287.0,philosopher,non_europe
1536,Q486384,Yun Jeung,re_korea,Korea,1629.0,philosopher,non_europe
1537,Q625193,Yun Geun-su,re_korea,Korea,1537.0,philosopher,non_europe
1538,Q495259,Yi Ik,re_korea,Korea,1681.0,philosopher,non_europe
1539,Q484883,Heo Jeok,re_korea,Korea,1610.0,philosopher,non_europe
1540,Q12587864,Kim Su-hang,re_korea,Korea,1629.0,philosopher,non_europe
1541,Q469396,Jeong Do-jeon,re_korea,Korea,1342.0,philosopher,non_europe
1542,Q486251,Yangnyeong,re_korea,Korea,1394.0,philosopher,non_europe
1543,Q626748,Jeong Chang-son,re_korea,Korea,1402.0,philosopher,non_europe
1544,Q8053468,Yi Saek,re_korea,Korea,1328.0,philosopher,non_europe
1545,Q495636,Kim Bu-sik,re_korea,Korea,1075.0,historian,non_europe
1546,Q7451572,Seong Hui-ahn,re_korea,Korea,1461.0,philosopher,non_europe
1547,Q483026,Kwon Ram,re_korea,Korea,1416.0,philosopher,non_europe
1548,Q495964,An Hyang,re_korea,Korea,1243.0,philosopher,non_europe
1549,Q486311,Yi Su-hyung,re_korea,Korea,1435.0,philosopher,non_europe
1550,Q98742917,Yuk Yi,re_korea,Korea,1438.0,philosopher,non_europe
1551,Q3565525,Im Gyeong-eop,re_korea,Korea,1594.0,philosopher,non_europe
1552,Q709450,Jeong Gu,re_korea,Korea,1543.0,philosopher,non_europe
1553,Q487191,Yu Seong-ryong,re_korea,Korea,1542.0,historian,non_europe
1554,Q841216,Hyujeong,re_korea,Korea,1520.0,philosopher,non_europe
1555,Q287222,Yu Gam-dong,re_korea,Korea,1401.0,philosopher,non_europe
1556,Q379653,Yi I,re_korea,Korea,1536.0,philosopher,non_europe
1557,Q491778,Jeong Nan-jeong,re_korea,Korea,1506.0,philosopher,non_europe
1558,Q7125373,Pak Paengnyeon,re_korea,Korea,1417.0,linguist,non_europe
1559,Q470122,Shin Suk-ju,re_korea,Korea,1417.0,philosopher,non_europe
1560,Q11287139,Hong Dal-son,re_korea,Korea,1415.0,philosopher,non_europe
1561,Q623973,Choe Sejin,re_korea,Korea,1473.0,linguist,non_europe
1562,Q37682,Sejong the Great,re_korea,Korea,1397.0,linguist,non_europe
1563,Q5103799,Choe Chung,re_korea,Korea,984.0,philosopher,non_europe
1564,Q483255,Prince Hyoryeong,re_korea,Korea,1396.0,philosopher,non_europe
1565,Q6408542,Kim Dam,re_korea,Korea,1416.0,astronomer,non_europe
1566,Q497137,Kim Seok-ju,re_korea,Korea,1634.0,philosopher,non_europe
1567,Q497127,Kim Jang-saeng,re_korea,Korea,1548.0,philosopher,non_europe
1568,Q16181541,prince HwaYi,re_korea,Korea,1425.0,linguist,non_europe
1569,Q483908,Gil Jae,re_korea,Korea,1353.0,philosopher,non_europe
1570,Q11095247,Yi Ji-bang,re_korea,Korea,1466.0,geographer,non_europe
1571,Q705336,Sim Ui-gyeom,re_korea,Korea,1535.0,philosopher,non_europe
1572,Q490448,Seol Chong,re_korea,Korea,655.0,philosopher,non_europe
1573,Q12610537,Yun Hoe,re_korea,Korea,1380.0,linguist,non_europe
1574,Q625715,Moon Ik-chum,re_korea,Korea,1329.0,philosopher,non_europe
1575,Q491828,Sin Yong-gae,re_korea,Korea,1463.0,philosopher,non_europe
1576,Q485278,Ryu Sun-jeong,re_korea,Korea,1459.0,philosopher,non_europe
1577,Q497092,Song Jun-gil,re_korea,Korea,1606.0,philosopher,non_europe
1578,Q486558,Lee San-hae,re_korea,Korea,1539.0,philosopher,non_europe
1579,Q5360433,Jeong Hyun-jo,re_korea,Korea,1440.0,philosopher,non_europe
1580,Q498626,Nam Gon,re_korea,Korea,1471.0,philosopher,non_europe
1581,Q3055709,Uhwudong,re_korea,Korea,1430.0,philosopher,non_europe
1582,Q496891,Seong Hon,re_korea,Korea,1535.0,philosopher,non_europe
1583,Q22974749,Yi Jun-gyeong,re_korea,Korea,1499.0,philosopher,non_europe
1584,Q486291,Yi Hwang,re_korea,Korea,1501.0,philosopher,non_europe
1585,Q483049,Uisang,re_korea,Korea,625.0,philosopher,non_europe
1586,Q12606285,Yang Sŏng-ji,re_korea,Korea,1415.0,historian,non_europe
1587,Q486257,Cho Shik,re_korea,Korea,1501.0,philosopher,non_europe
1588,Q709174,Ahn Bang-jun,re_korea,Korea,1573.0,philosopher,non_europe
1589,Q484792,Han Hwak,re_korea,Korea,1400.0,philosopher,non_europe
1590,Q12612017,Lee Yeo-bin,re_korea,Korea,1556.0,philosopher,non_europe
1591,Q379647,Song Si-yeol,re_korea,Korea,1607.0,philosopher,non_europe
1592,Q16172046,Ki Ja-heon,re_korea,Korea,1562.0,philosopher,non_europe
1593,Q16174098,Seong Un,re_korea,Korea,1497.0,philosopher,non_europe
1594,Q497153,Yi Gwang-sik,re_korea,Korea,1493.0,historian,non_europe
1595,Q8053448,Yi Gae,re_korea,Korea,1417.0,linguist,non_europe
1596,Q624466,Uicheon,re_korea,Korea,1055.0,philosopher,non_europe
1597,Q1237726,Dominicus Gundissalinus,re_arabic_world,Arabic world,1115.0,linguist | philosopher,non_europe
1598,Q7413013,Samuel ibn Seneh Zarza,re_arabic_world,Arabic world,1360.0,philosopher,non_europe
1599,Q87474494,Mustafa ibn Fathallah al-Hamawi,re_arabic_world,Arabic world,1634.0,historian,non_europe
1600,Q4664590,Abd al-Rahman al-Tamanarti,re_arabic_world,Arabic world,1585.0,historian,non_europe
1601,Q67657447,Hamzah ibn ʻAbd Allah Nashiri,re_arabic_world,Arabic world,1430.0,botanist | historian,non_europe
1602,Q202308,Evliya Çelebi,re_arabic_world,Arabic world,1611.0,historian,non_europe
1603,Q12252068,Yusuf al-Maghribi,re_arabic_world,Arabic world,1550.0,linguist,non_europe
1604,Q2745413,Al-Hadi ila'l-Haqq Yahya,re_arabic_world,Arabic world,859.0,theologian,non_europe
1605,Q6533520,ʻAbd al-Raḥmān ibn ʻAlī Ibn al-Daybaʻ,re_arabic_world,Arabic world,1461.0,historian,non_europe
1606,Q3594807,Muhammad al-Munawi,re_arabic_world,Arabic world,1545.0,historian,non_europe
1607,Q68167891,Badr al-Din al-Husayn ibn al-Siddiq Ahdal,re_arabic_world,Arabic world,1402.0,historian,non_europe
1608,Q12230387,Fakhr al-Dīn Ṭurayḥī,re_arabic_world,Arabic world,1571.0,linguist,non_europe
1609,Q6813266,Abd as-Salam al-Qadiri,re_arabic_world,Arabic world,1648.0,linguist | historian,non_europe
1610,Q3460419,Saadia Azankot,re_arabic_world,Arabic world,1629.0,linguist,non_europe
1611,Q105338234,Madyan Qusuni,re_arabic_world,Arabic world,1562.0,historian,non_europe
1612,Q12240239,Muhammad al-Muhibbi,re_arabic_world,Arabic world,1651.0,historian,non_europe
1613,Q3622231,Müneccimbaşı Ahmed Dede,re_arabic_world,Arabic world,1631.0,astronomer | historian,non_europe
1614,Q105277177,Aḥmad Ibn-ʿAlī al-Manīnī,re_arabic_world,Arabic world,1678.0,historian,non_europe
1615,Q16123878,Al-Ashraf Umar II,re_arabic_world,Arabic world,1242.0,astronomer,non_europe
1616,Q4116828,Abd al-Qadir al-Fasi,re_arabic_world,Arabic world,1599.0,theologian,non_europe
1617,Q110905270,Sidi Amar Cherif,re_arabic_world,Arabic world,1700.0,theologian,non_europe
1618,Q110166188,Ismāʿīl ibn Saʿd Khashshāb,re_arabic_world,Arabic world,1700.0,historian,non_europe
1619,Q16654725,Ibrahim ibn Muhammad ibn Abd al-Wahhab,re_arabic_world,Arabic world,1650.0,theologian,non_europe
1620,Q439374,Wahb ibn Munabbih,re_arabic_world,Arabic world,655.0,historian,non_europe
1621,Q2821427,Abdul Wahid Ibn Ashir,re_arabic_world,Arabic world,1582.0,theologian,non_europe
1622,Q6893433,Mohammed al-Mahdi al-Fasi,re_arabic_world,Arabic world,1624.0,historian,non_europe
1623,Q19715067,Ibn Abi-r-Rijal,re_arabic_world,Arabic world,1620.0,theologian,non_europe
1624,Q293551,Ahmed Mohammed al-Maqqari,re_arabic_world,Arabic world,1578.0,historian,non_europe
1625,Q3503419,Sulaiman Al Mahri,re_arabic_world,Arabic world,1480.0,geographer,non_europe
1626,Q5791819,Cristobal Lechuga,re_arabic_world,Arabic world,1557.0,mathematician,non_europe
1627,Q6534150,Ibn al-Imad al-Hanbali,re_arabic_world,Arabic world,1623.0,historian,non_europe
1628,Q4695346,Ahmad Ibn al-Qadi,re_arabic_world,Arabic world,1552.0,historian | mathematician,non_europe
1629,Q4664587,Abd al-Rahman al-Fasi,re_arabic_world,Arabic world,1631.0,astronomer | historian,non_europe
1630,Q28936372,Sharaf al-Din Ansari,re_arabic_world,Arabic world,1620.0,historian,non_europe
1631,Q1963394,Najm al-Din al-Gazzi,re_arabic_world,Arabic world,1570.0,historian,non_europe
1632,Q970628,Abū Muhammad al-Hasan al-Hamdānī,re_arabic_world,Arabic world,893.0,geographer | astronomer | physicist | chemist,non_europe
1633,Q6893491,Mohammed ibn Qasim ibn Zakur,re_arabic_world,Arabic world,1664.0,historian,non_europe
1634,Q12178566,Ahmad Damanhuri,re_arabic_world,Arabic world,1689.0,linguist | chemist,non_europe
1635,Q6893439,Mohammed al-Rudani,re_arabic_world,Arabic world,1628.0,astronomer,non_europe
1636,Q58977026,Al-ʿIsāmī,re_arabic_world,Arabic world,1639.0,historian,non_europe
1637,Q2010955,Mulla Sadra,re_arabic_world,Arabic world,1571.0,philosopher,non_europe
1638,Q3108470,Mohammed al-Ifrani,re_arabic_world,Arabic world,1670.0,historian,non_europe
1639,Q12239694,Muhammad al-Kharashi,re_arabic_world,Arabic world,1601.0,theologian,non_europe
1640,Q21099034,Ibn Balban al-Hanbali,re_arabic_world,Arabic world,1597.0,theologian,non_europe
1641,Q12198098,ʻAlī Ḥasan ʻAlī ʻAbd al-Ḥamīd,re_arabic_world,Arabic world,1567.0,historian,non_europe
1642,Q1673452,Isaac Uziel,re_arabic_world,Arabic world,1600.0,linguist,non_europe
1643,Q29360046,Ibn Kinan,re_arabic_world,Arabic world,1663.0,historian,non_europe
1644,Q56506397,Ali ibn Muhammad ibn al-Walid,re_arabic_world,Arabic world,1128.0,philosopher,non_europe
1645,Q426371,Ḥasan Ibn-Muḥammad al-Būrīnī,re_arabic_world,Arabic world,1556.0,historian,non_europe
1646,Q6893500,Mohammed ibn al-Tayyib,re_arabic_world,Arabic world,1698.0,musicologist | linguist,non_europe
1647,Q94025057,Muhammad Ibn Muhammad Al-Fulani Al-Kishwani,re_arabic_world,Arabic world,1699.0,astronomer | mathematician,non_europe
1648,Q4115262,Fairuzabadi,re_arabic_world,Arabic world,1329.0,linguist,non_europe
1649,Q42279499,Abdullah ibn Husayn al-Suwaydi,re_arabic_world,Arabic world,1692.0,linguist,non_europe
1650,Q10324829,Maqqari,re_arabic_world,Arabic world,1591.0,historian,non_europe
1651,Q6532754,Ibn Abi Al-Soroor al-Bakri,re_arabic_world,Arabic world,1588.0,historian,non_europe
1652,Q3646767,Mustafa Âlî,re_arabic_world,Arabic world,1541.0,historian,non_europe
1653,Q3785847,Hisham ibn Urwah,re_arabic_world,Arabic world,680.0,theologian,non_europe
1654,Q51884,John of Damascus,re_arabic_world,Arabic world,675.0,theologian | astronomer | philosopher,non_europe
1655,Q958986,Ishtori Haparchi,re_arabic_world,Arabic world,1280.0,geographer,non_europe
1656,Q2804843,'Abdu Llâh Ibn Muhammad Al Ma'âfirî,re_arabic_world,Arabic world,1050.0,theologian,non_europe
1657,Q337029,Abu al-Aswad al-Du'ali,re_arabic_world,Arabic world,603.0,linguist,non_europe
1658,Q2916804,Mujir al-Din,re_arabic_world,Arabic world,1456.0,historian,non_europe
1659,Q4267,Adémar de Chabannes,re_arabic_world,Arabic world,988.0,historian,non_europe
1660,Q4165518,Khalid ibn Yazid,re_arabic_world,Arabic world,655.0,chemist,non_europe
1661,Q12218718,Shuraih Al-Qadhi,re_arabic_world,Arabic world,593.0,historian,non_europe
1662,Q12183510,Sulaimān Ibn-Mihrān Al-A’mash,re_arabic_world,Arabic world,680.0,theologian,non_europe
1663,Q112128,Husayn ibn Ali,re_arabic_world,Arabic world,626.0,theologian,non_europe
1664,Q6957308,Ibrahim al-Nakhai,re_arabic_world,Arabic world,670.0,theologian,non_europe
1665,Q56250455,Ahmad Ibn-Muhammad Ibn-al-Haʾim,re_arabic_world,Arabic world,1352.0,mathematician,non_europe
1666,Q2275364,Severus Sebokht,re_arabic_world,Arabic world,575.0,astronomer | philosopher,non_europe
1667,Q4116087,Ka'ab al-Ahbar,re_arabic_world,Arabic world,600.0,theologian,non_europe
1668,Q4670027,Abu 'Amr ibn al-'Ala',re_arabic_world,Arabic world,689.0,linguist,non_europe
1669,Q12222362,Amir al-Sha'bi,re_arabic_world,Arabic world,641.0,historian,non_europe
1670,Q1567837,Ibn Abi Ishaq,re_arabic_world,Arabic world,650.0,linguist,non_europe
1671,Q1881341,Sinan ibn Thabit,re_arabic_world,Arabic world,880.0,astronomer | mathematician,non_europe
1672,Q11944385,Radegunda de Treviño,re_arabic_world,Arabic world,1119.0,philosopher,non_europe
1673,Q1655912,Aḥmad Ibn-ʿAlī Ibn-Zunbul,re_arabic_world,Arabic world,1500.0,historian,non_europe
1674,Q12202948,Taqi al-Din al-Subki,re_arabic_world,Arabic world,1284.0,theologian,non_europe
1675,Q423210,Banū Mūsā,re_arabic_world,Arabic world,900.0,astronomer | mathematician,non_europe
1676,Q12182782,Ibn Muti al-Zawawi,re_arabic_world,Arabic world,1168.0,linguist,non_europe
1677,Q503130,Hunayn ibn Ishaq,re_arabic_world,Arabic world,808.0,philosopher,non_europe
1678,Q11917497,Al-Ja'd ibn Dirham,re_arabic_world,Arabic world,700.0,theologian | philosopher,non_europe
1679,Q12227970,Ibn Yunus Nabati,re_arabic_world,Arabic world,1389.0,philosopher,non_europe
1680,Q335966,Jonah ibn Janah,re_arabic_world,Arabic world,990.0,linguist,non_europe
1681,Q335145,Ibn al-Baitar,re_arabic_world,Arabic world,1197.0,botanist | pharmacologist,non_europe
1682,Q12198436,Bischr ibn al-Muʿtamir,re_arabic_world,Arabic world,800.0,theologian,non_europe
1683,Q4703386,Al-Zuhri,re_arabic_world,Arabic world,1130.0,geographer,non_europe
1684,Q21208389,Ibn al-A'lam,re_arabic_world,Arabic world,901.0,astronomer,non_europe
1685,Q510650,Hilal al-Sabi',re_arabic_world,Arabic world,969.0,historian,non_europe
1686,Q19288802,Ibn al-Samh,re_arabic_world,Arabic world,979.0,astronomer | mathematician,non_europe
1687,Q5984319,Ibn al-Wardi,re_arabic_world,Arabic world,1290.0,botanist | zoologist | historian | geographer,non_europe
1688,Q508501,Ibn Idhari,re_arabic_world,Arabic world,1300.0,historian,non_europe
1689,Q1959585,Ibn al-Tiqtaqa,re_arabic_world,Arabic world,1262.0,linguist | historian,non_europe
1690,Q4115511,Abu al-Hassan al-Amiri,re_arabic_world,Arabic world,913.0,philosopher,non_europe
1691,Q451427,Usama ibn Munqidh,re_arabic_world,Arabic world,1095.0,historian,non_europe
1692,Q67092995,Ismail al-Hadhiri,re_arabic_world,Arabic world,1137.0,linguist,non_europe
1693,Q7507290,Sibt al-Maridini,re_arabic_world,Arabic world,1423.0,astronomer,non_europe
1694,Q328748,Saadia Gaon,re_arabic_world,Arabic world,882.0,philosopher,non_europe
1695,Q12252153,Yousef ibn Mohamed ibn Masoud al-Sarmari,re_arabic_world,Arabic world,1296.0,linguist,non_europe
1696,Q1356575,Ibn al-Qalanisi,re_arabic_world,Arabic world,1071.0,historian,non_europe
1697,Q425501,Al-Azraqi,re_arabic_world,Arabic world,800.0,historian,non_europe
1698,Q5984286,Ibn abd al-Malik al-Marrakushi,re_arabic_world,Arabic world,1237.0,historian,non_europe
1699,Q648487,Al-Mada'ini,re_arabic_world,Arabic world,753.0,historian,non_europe
1700,Q400919,Ahmad al-Qalqashandi,re_arabic_world,Arabic world,1355.0,mathematician,non_europe
1701,Q15431116,Al-Quda'i,re_arabic_world,Arabic world,950.0,historian,non_europe
1702,Q3571329,Yahya Ibn Khaldun,re_arabic_world,Arabic world,1332.0,historian,non_europe
1703,Q287492,Ali ibn Ridwan,re_arabic_world,Arabic world,988.0,astronomer,non_europe
1704,Q3460213,Ibn Juljul,re_arabic_world,Arabic world,943.0,pharmacologist,non_europe
1705,Q5984161,Ibn Abi Tahir Tayfur,re_arabic_world,Arabic world,819.0,geographer | linguist | historian,non_europe
1706,Q6122255,Sayf ibn Umar,re_arabic_world,Arabic world,750.0,historian,non_europe
1707,Q1186444,Abu al-Salt,re_arabic_world,Arabic world,1068.0,astronomer | philosopher,non_europe
1708,Q2995629,Mohammed ibn Adjurrum,re_arabic_world,Arabic world,1273.0,linguist,non_europe
1709,Q2637918,Abu'l-Barakāt al-Baghdādī,re_arabic_world,Arabic world,1080.0,philosopher,non_europe
1710,Q1393417,Ali ibn Sahl Rabban al-Tabari,re_arabic_world,Arabic world,838.0,philosopher,non_europe
1711,Q3478584,Senoussi,re_arabic_world,Arabic world,1426.0,theologian,non_europe
1712,Q46420,Ibn Arabi,re_arabic_world,Arabic world,1165.0,philosopher,non_europe
1713,Q3478100,Wasil ibn Ata,re_arabic_world,Arabic world,700.0,theologian,non_europe
1714,Q314978,Ali ibn al-Husayn Zayn al-'Abidin,re_arabic_world,Arabic world,659.0,theologian,non_europe
1715,Q5847266,Ibn Duqmaq,re_arabic_world,Arabic world,1349.0,historian,non_europe
1716,Q536837,Isaac Israeli ben Solomon,re_arabic_world,Arabic world,832.0,philosopher,non_europe
1717,Q3772847,Ibn Amira,re_arabic_world,Arabic world,1186.0,historian,non_europe
1718,Q203142,Ibn al-Farid,re_arabic_world,Arabic world,1181.0,philosopher,non_europe
1719,Q57419639,Aladdin al-Shirazi,re_arabic_world,Arabic world,1386.0,logician,non_europe
1720,Q316364,Yaqut al-Hamawi,re_arabic_world,Arabic world,1178.0,geographer | historian,non_europe
1721,Q4702931,Al-Mufaddal ibn Abi al-Fada'il,re_arabic_world,Arabic world,1201.0,historian,non_europe
1722,Q311462,Abulfeda,re_arabic_world,Arabic world,1273.0,geographer | astronomer | historian,non_europe
1723,Q228203,Zufar ibn al-Hudhail,re_arabic_world,Arabic world,728.0,theologian,non_europe
1724,Q4702369,Al-Fakihi,re_arabic_world,Arabic world,839.0,historian,non_europe
1725,Q6533412,Ibn al-Ḥājib,re_arabic_world,Arabic world,1175.0,historian,non_europe
1726,Q3292293,Abu Mansur Mauhub al-Jawaliqi,re_arabic_world,Arabic world,1074.0,linguist,non_europe
1727,Q315377,Ali al-Hadi,re_arabic_world,Arabic world,829.0,theologian,non_europe
1728,Q12223451,Abdullah bin Asaad Al-Yafi'i,re_arabic_world,Arabic world,1298.0,historian,non_europe
1729,Q108733998,Abu al-Faraj al-Armanazi,re_arabic_world,Arabic world,1051.0,historian,non_europe
1730,Q42298432,Nasrallah al-Baghdadi,re_arabic_world,Arabic world,1332.0,linguist,non_europe
1731,Q4670097,Abu Bakr Ibn Mujāhid,re_arabic_world,Arabic world,900.0,theologian,non_europe
1732,Q467161,Samuel ibn Naghrillah,re_arabic_world,Arabic world,993.0,linguist | philosopher,non_europe
1733,Q3603848,Abū Isḥāq al-Shīrāzī,re_arabic_world,Arabic world,1003.0,theologian,non_europe
1734,Q12220160,"Ṣafadī, Khalīl ibn Aybak",re_arabic_world,Arabic world,1296.0,historian,non_europe
1735,Q3147432,Ibn Abi-Dínar al-Qayrawaní,re_arabic_world,Arabic world,1650.0,historian,non_europe
1736,Q12198099,Ibrāhīm ibn ʻUmar Biqāʻī,re_arabic_world,Arabic world,1407.0,historian,non_europe
1737,Q584679,Muḥammad ibn Ibrāhīm al-Fazārī,re_arabic_world,Arabic world,746.0,astronomer | mathematician,non_europe
1738,Q14095767,Muqātil ibn Sulaymān,re_arabic_world,Arabic world,701.0,theologian,non_europe
1739,Q12182523,al-Qāsim ibn Fīrruh Shāṭibī,re_arabic_world,Arabic world,1144.0,theologian,non_europe
1740,Q4115307,Al-Jubba'i,re_arabic_world,Arabic world,849.0,theologian | philosopher,non_europe
1741,Q6536134,Ibn Sallâm al-Jumahî,re_arabic_world,Arabic world,756.0,linguist,non_europe
1742,Q945425,Mashallah ibn Athari,re_arabic_world,Arabic world,740.0,astronomer | mathematician,non_europe
1743,Q42298972,Ibn Habib al-Halabi,re_arabic_world,Arabic world,1310.0,historian,non_europe
1744,Q7395439,Sa'id ibn Aws al-Ansari,re_arabic_world,Arabic world,743.0,linguist,non_europe
1745,Q307665,Abd Allah ibn al-Zubayr,re_arabic_world,Arabic world,624.0,theologian,non_europe
1746,Q1151805,Al-Qurtubi,re_arabic_world,Arabic world,1214.0,theologian,non_europe
1747,Q4120128,Al-Sakhawi,re_arabic_world,Arabic world,1428.0,historian,non_europe
1748,Q4322459,Zarkashi,re_arabic_world,Arabic world,1344.0,historian,non_europe
1749,Q3535817,ʿAbd Allāh ibn al-Ḥusayn al- ʿUkbarī,re_arabic_world,Arabic world,1143.0,mathematician,non_europe
1750,Q39837,Averroes,re_arabic_world,Arabic world,1126.0,astronomer | philosopher,non_europe
1751,Q67654781,Ibn al-Kharrat al-Dawalibi,re_arabic_world,Arabic world,1240.0,linguist,non_europe
1752,Q144639,Zakariya al-Qazwini,re_arabic_world,Arabic world,1203.0,geographer | zoologist | historian | mathematician,non_europe
1753,Q179759,Al-Kindi,re_arabic_world,Arabic world,801.0,philosopher | musicologist | astronomer | mathematician,non_europe
1754,Q22908812,Abul Hasan Hankari,re_arabic_world,Arabic world,1018.0,theologian,non_europe
1755,Q1061624,Chananel ben Chushiel,re_arabic_world,Arabic world,990.0,theologian,non_europe
1756,Q980179,Safi al-Din al-Urmawi,re_arabic_world,Arabic world,1216.0,musicologist,non_europe
1757,Q302956,Aaron ben Elijah,re_arabic_world,Arabic world,1328.0,theologian,non_europe
1758,Q3069371,Ibn al‐Ha'im al‐Ishbili,re_arabic_world,Arabic world,1213.0,astronomer | philosopher | mathematician,non_europe
1759,Q11079,Muḥammad ibn Jābir al-Ḥarrānī al-Battānī,re_arabic_world,Arabic world,858.0,astronomer | mathematician,non_europe
1760,Q15603559,Abū Bakr al-Darbandī,re_arabic_world,Arabic world,1068.0,theologian,non_europe
1761,Q4540405,'Abd al-'Aziz al-Wafa'i,re_arabic_world,Arabic world,1408.0,astronomer,non_europe
1762,Q4116044,Harith al-Muhasibi,re_arabic_world,Arabic world,781.0,theologian,non_europe
1763,Q6532914,Ibn Abī Shaiba,re_arabic_world,Arabic world,776.0,historian,non_europe
1764,Q251259,Ibn Tufayl,re_arabic_world,Arabic world,1110.0,philosopher,non_europe
1765,Q557361,Yahya of Antioch,re_arabic_world,Arabic world,980.0,historian,non_europe
1766,Q307250,'Abd al-Hamīd ibn Turk,re_arabic_world,Arabic world,800.0,mathematician,non_europe
1767,Q57259185,Ibn al-Ayni,re_arabic_world,Arabic world,1433.0,linguist,non_europe
1768,Q340519,Ahimaaz ben Paltiel,re_arabic_world,Arabic world,1017.0,historian,non_europe
1769,Q2719051,Ibn Sab'in,re_arabic_world,Arabic world,1217.0,philosopher,non_europe
1770,Q6532706,Ibn Abi al-Dunya,re_arabic_world,Arabic world,823.0,historian,non_europe
1771,Q316349,Abu al-Hasan al-Ash'ari,re_arabic_world,Arabic world,873.0,theologian | philosopher,non_europe
1772,Q16126606,al-Qāsim ibn ʻAbd Allāh Ibn Quṭlūbughā,re_arabic_world,Arabic world,1399.0,theologian | historian,non_europe
1773,Q4670034,Abu 'Ubaida,re_arabic_world,Arabic world,728.0,historian,non_europe
1774,Q1378989,Eutychius of Alexandria,re_arabic_world,Arabic world,877.0,historian,non_europe
1775,Q367319,Ibn Jubayr,re_arabic_world,Arabic world,1145.0,geographer,non_europe
1776,Q4063579,Altaïr Ibn-La'Ahad,re_arabic_world,Arabic world,1165.0,philosopher | historian,non_europe
1777,Q9294,Ibn Khaldun,re_arabic_world,Arabic world,1332.0,philosopher | sociologist | economist | anthropologist | historian,non_europe
1778,Q293608,Ibn al-Banna' al-Marrakushi,re_arabic_world,Arabic world,1256.0,astronomer | mathematician,non_europe
1779,Q330821,Abraham ibn Daud,re_arabic_world,Arabic world,1110.0,philosopher | historian,non_europe
1780,Q20003180,Ibn al-Dubaythi,re_arabic_world,Arabic world,1163.0,historian,non_europe
1781,Q4695507,Ahmad al-Buni,re_arabic_world,Arabic world,1200.0,mathematician,non_europe
1782,Q12178189,Ibn ʿAqil,re_arabic_world,Arabic world,1298.0,linguist,non_europe
1783,Q2478044,Alī ibn Ahmad al-Nasawī,re_arabic_world,Arabic world,1010.0,astronomer | mathematician,non_europe
1784,Q2820894,Abu l-Faraj at-Tayyib,re_arabic_world,Arabic world,980.0,philosopher,non_europe
1785,Q107345083,Abdullah ibn al-Hasan al-Qurtubi,re_arabic_world,Arabic world,1161.0,linguist,non_europe
1786,Q28714887,Muhammad ibn Saʿdān al-Ḍarīr,re_arabic_world,Arabic world,778.0,linguist,non_europe
1787,Q1379164,Taqi al-Din Muhammad ibn Ma'ruf,re_arabic_world,Arabic world,1526.0,astronomer | mathematician,non_europe
1788,Q846536,Ibn al-Adim,re_arabic_world,Arabic world,1192.0,historian,non_europe
1789,Q20383681,Abu al-Qassim al-Amidi,re_arabic_world,Arabic world,905.0,linguist,non_europe
1790,Q239355,Solomon ibn Gabirol,re_arabic_world,Arabic world,1021.0,philosopher,non_europe
1791,Q52200506,Ibn Naja al-Erbili,re_arabic_world,Arabic world,1190.0,linguist | philosopher,non_europe
1792,Q557961,Al-Khatib al-Baghdadi,re_arabic_world,Arabic world,1002.0,historian,non_europe
1793,Q119679,Ibn Qayyim Al-Jawziy,re_arabic_world,Arabic world,1292.0,theologian,non_europe
1794,Q481455,Abu-Shama al-Maqdissí,re_arabic_world,Arabic world,1203.0,historian,non_europe
1795,Q107344255,Abu al-Hajjaj al-Balawi,re_arabic_world,Arabic world,1132.0,linguist,non_europe
1796,Q11937838,Izz al-Din ibn Shaddad,re_arabic_world,Arabic world,1217.0,historian,non_europe
1797,Q4121967,Ibn al-Majdi,re_arabic_world,Arabic world,1359.0,astronomer | mathematician,non_europe
1798,Q3303997,Abu Sulayman Sijistani,re_arabic_world,Arabic world,932.0,philosopher,non_europe
1799,Q732363,Ibn 'Abd al-Barr,re_arabic_world,Arabic world,978.0,historian,non_europe
1800,Q846343,Sibt ibn al-Jawzi,re_arabic_world,Arabic world,1186.0,historian,non_europe
1801,Q55997606,Ibn al-Uqlishi,re_arabic_world,Arabic world,1097.0,linguist,non_europe
1802,Q2922506,Busiri,re_arabic_world,Arabic world,1213.0,mathematician,non_europe
1803,Q5963182,Abū al-Ṣalāḥ al-Ḥalabī,re_arabic_world,Arabic world,984.0,theologian,non_europe
1804,Q285255,Al-Waqidi,re_arabic_world,Arabic world,747.0,historian,non_europe
1805,Q2481432,Ibn al-Qifti,re_arabic_world,Arabic world,1172.0,historian,non_europe
1806,Q2665215,Ibrahim ibn Adham,re_arabic_world,Arabic world,718.0,theologian,non_europe
1807,Q20422810,Muḥammad ibn ʻAbd al-Malik Hamadhānī,re_arabic_world,Arabic world,1071.0,historian,non_europe
1808,Q11133,Abū Ishāq Ibrāhīm al-Zarqālī,re_arabic_world,Arabic world,1027.0,astronomer,non_europe
1809,Q3147440,Ibn Xabbat,re_arabic_world,Arabic world,1221.0,historian,non_europe
1810,Q6820252,Al-Jaṣṣās,re_arabic_world,Arabic world,918.0,theologian,non_europe
1811,Q423600,`Abdullah ibn `Abbas,re_arabic_world,Arabic world,619.0,historian,non_europe
1812,Q3321466,Ibn al-Abbar,re_arabic_world,Arabic world,1199.0,historian,non_europe
1813,Q2822098,Abul Barakat al-Balafiki,re_arabic_world,Arabic world,1264.0,historian,non_europe
1814,Q3751049,Al-Udri,re_arabic_world,Arabic world,1003.0,historian,non_europe
1815,Q6538102,Ibn Hisham Al-Ansari,re_arabic_world,Arabic world,1309.0,linguist,non_europe
1816,Q367330,Ibn Hawqal,re_arabic_world,Arabic world,943.0,geographer,non_europe
1817,Q298439,Abu al-Wafa Buzjani,re_arabic_world,Arabic world,940.0,astronomer | mathematician,non_europe
1818,Q107355618,Abd al-Malik ibn al-Siraj,re_arabic_world,Arabic world,1009.0,linguist,non_europe
1819,Q3317409,Mkhitar of Ani,re_arabic_world,Arabic world,1200.0,historian,non_europe
1820,Q2898339,Judah ibn Kuraish,re_arabic_world,Arabic world,850.0,linguist,non_europe
1821,Q2745220,Ibn Hayyan,re_arabic_world,Arabic world,987.0,historian,non_europe
1822,Q5907908,Ibn Bassal,re_arabic_world,Arabic world,1050.0,botanist,non_europe
1823,Q9593473,al-Musabbihi,re_arabic_world,Arabic world,977.0,historian,non_europe
1824,Q1299570,Ibn Zafar,re_arabic_world,Arabic world,1104.0,philosopher | political scientist,non_europe
1825,Q3875793,Husam al-Din Chalabi,re_arabic_world,Arabic world,1225.0,theologian,non_europe
1826,Q19629001,Sidi Boushaki,re_arabic_world,Arabic world,1394.0,theologian,non_europe
1827,Q12183231,Abu Bakr al-Ajurri,re_arabic_world,Arabic world,893.0,theologian,non_europe
1828,Q315920,Hasan al-Askari,re_arabic_world,Arabic world,846.0,theologian,non_europe
1829,Q6056774,İbni Arapşah,re_arabic_world,Arabic world,1389.0,philosopher,non_europe
1830,Q401463,Ahmed ar-Rifa'i,re_arabic_world,Arabic world,1118.0,theologian,non_europe
1831,Q2846653,Ibn Faradi,re_arabic_world,Arabic world,962.0,historian,non_europe
1832,Q130169,Sharif al-Murtadha,re_arabic_world,Arabic world,966.0,theologian,non_europe
1833,Q2821719,Abu Raita al-Takriti,re_arabic_world,Arabic world,775.0,theologian,non_europe
1834,Q2462319,Abū al-Ḥasan ibn ʿAlī al-Qalaṣādī,re_arabic_world,Arabic world,1412.0,mathematician,non_europe
1835,Q6533916,Ibn al-Sha'ar,re_arabic_world,Arabic world,1197.0,historian,non_europe
1836,Q31439,Abraham bar Hiyya,re_arabic_world,Arabic world,1070.0,geographer | astronomer | philosopher | mathematician,non_europe
1837,Q21208801,Muhammad al-Baghdadi,re_arabic_world,Arabic world,980.0,mathematician,non_europe
1838,Q982406,Sheikh Adi ibn Musafir,re_arabic_world,Arabic world,1073.0,theologian,non_europe
1839,Q6088021,Issachar ben Mordecai ibn Susan,re_arabic_world,Arabic world,1510.0,mathematician,non_europe
1840,Q81627,al-Jazari,re_arabic_world,Arabic world,1136.0,astronomer | mathematician,non_europe
1841,Q20384863,Muhammad ibn al-Hasan Saʼigh,re_arabic_world,Arabic world,1247.0,linguist,non_europe
1842,Q3043486,Sultan Walad,re_arabic_world,Arabic world,1226.0,philosopher,non_europe
1843,Q1399609,Ibn al-Rawandi,re_arabic_world,Arabic world,827.0,philosopher | historian,non_europe
1844,Q2231534,Yusuf al-Mu'taman ibn Hud,re_arabic_world,Arabic world,1001.0,mathematician,non_europe
1845,Q3154800,Isaac ibn Saul,re_arabic_world,Arabic world,950.0,linguist,non_europe
1846,Q168705,Al-Masudi,re_arabic_world,Arabic world,896.0,geographer | historian,non_europe
1847,Q12178782,Abu al-'Abbas Tha'lab,re_arabic_world,Arabic world,815.0,linguist,non_europe
1848,Q1370661,Menahem ben Saruq,re_arabic_world,Arabic world,920.0,philosopher,non_europe
1849,Q11104,Ibn al-Haytham,re_arabic_world,Arabic world,965.0,astronomer | philosopher | physicist | mathematician,non_europe
1850,Q55835386,Abū-Saʻīd Faraǧ Ibn-Qāsim Ibn-Lubb,re_arabic_world,Arabic world,1301.0,linguist,non_europe
1851,Q19291166,Ishaq ben Reuben,re_arabic_world,Arabic world,1073.0,philosopher,non_europe
1852,Q299200,Judah Halevi,re_arabic_world,Arabic world,1075.0,theologian | philosopher,non_europe
1853,Q16693597,Saad bin Ibrahim al-Zuhri,re_arabic_world,Arabic world,700.0,theologian,non_europe
1854,Q732429,Muhammad ibn Sa'd ibn Mani' al-Baghdadi,re_arabic_world,Arabic world,784.0,historian,non_europe
1855,Q2975510,Ibrahim ibn Sinan,re_arabic_world,Arabic world,908.0,astronomer | mathematician,non_europe
1856,Q7684920,Taqi al-Din Muhammad ibn Ahmad al-Fasi,re_arabic_world,Arabic world,1373.0,historian,non_europe
1857,Q334854,Ali ibn al-Athir,re_arabic_world,Arabic world,1160.0,theologian | historian,non_europe
1858,Q292484,Sayf al-Din al-Amidi,re_arabic_world,Arabic world,1156.0,philosopher,non_europe
1859,Q762229,Bahya ibn Paquda,re_arabic_world,Arabic world,1050.0,theologian | philosopher,non_europe
1860,Q192124,Muhammad ibn Jarir al-Tabari,re_arabic_world,Arabic world,839.0,philosopher | historian,non_europe
1861,Q2277088,Niftawayh,re_arabic_world,Arabic world,858.0,linguist | historian,non_europe
1862,Q5675767,"Kāzarūnī, ʻAlī ibn Muḥammad",re_arabic_world,Arabic world,1217.0,historian,non_europe
1863,Q716228,Hisham Ibn Al-Kalbi,re_arabic_world,Arabic world,737.0,historian,non_europe
1864,Q481499,Ibn Taghribirdi,re_arabic_world,Arabic world,1410.0,historian,non_europe
1865,Q1238067,Muhammad ibn Yūsuf al-Warrāq,re_arabic_world,Arabic world,904.0,geographer | historian,non_europe
1866,Q20388315,Afdal al-Din al-Khunaji,re_arabic_world,Arabic world,1194.0,philosopher,non_europe
1867,Q12251200,Wakee ibn al-Jarrah,re_arabic_world,Arabic world,746.0,theologian,non_europe
1868,Q66587206,Ibn al-Fahham,re_arabic_world,Arabic world,1031.0,linguist,non_europe
1869,Q7331,Ibn Battuta,re_arabic_world,Arabic world,1304.0,geographer,non_europe
1870,Q770298,Sadr al-Din al-Qunawi,re_arabic_world,Arabic world,1209.0,philosopher,non_europe
1871,Q16169783,Arib ibn Sa'd al-Katib al-Qurtubi,re_arabic_world,Arabic world,979.0,historian,non_europe
1872,Q12177924,Ahmad ibn Muhammad abu Yafar al-Gafiqi,re_arabic_world,Arabic world,1100.0,botanist | historian,non_europe
1873,Q317787,Ibn Hazm,re_arabic_world,Arabic world,994.0,geographer | philosopher,non_europe
1874,Q2390573,Al-ʾAṣmaʿiyy,re_arabic_world,Arabic world,740.0,botanist,non_europe
1875,Q16118116,Yaḥyā Ibn-Ziyād Farrāʾ,re_arabic_world,Arabic world,761.0,astronomer | linguist,non_europe
1876,Q12233266,Mūsá ibn Muḥammad Yūnīnī,re_arabic_world,Arabic world,1242.0,historian,non_europe
1877,Q4666111,Abdullah ibn Mubarak,re_arabic_world,Arabic world,736.0,historian,non_europe
1878,Q26215542,Kamal al-Din bin Younis,re_arabic_world,Arabic world,1156.0,astronomer | chemist | mathematician,non_europe
1879,Q984663,Ibn Qutaybah,re_arabic_world,Arabic world,828.0,theologian | historian,non_europe
1880,Q482353,al-Qadi al-Nuʿman,re_arabic_world,Arabic world,903.0,theologian | historian,non_europe
1881,Q12178297,Abū ʿAlī al-Fārisī,re_arabic_world,Arabic world,901.0,linguist,non_europe
1882,Q5984300,Ibn al-Furat,re_arabic_world,Arabic world,1336.0,historian,non_europe
1883,Q112465,Nafi' al-Madani,re_arabic_world,Arabic world,689.0,theologian,non_europe
1884,Q5410881,Muḥammad Ibn-Ibrāhīm Ibn-Ǧamāʿa,re_arabic_world,Arabic world,1241.0,theologian,non_europe
1885,Q514144,Guillaume de Sonnac,re_arabic_world,Arabic world,1200.0,historian,non_europe
1886,Q11373,Abu Ma'shar al-Balkhi,re_arabic_world,Arabic world,787.0,astronomer | philosopher | mathematician,non_europe
1887,Q22933487,Ibn al-Sa'i,re_arabic_world,Arabic world,1196.0,historian,non_europe
1888,Q369690,Ibn Kathir,re_arabic_world,Arabic world,1301.0,historian,non_europe
1889,Q293669,Abd al-Rahman al-Awza'i,re_arabic_world,Arabic world,707.0,theologian | philosopher,non_europe
1890,Q174325,Ibn Wasil,re_arabic_world,Arabic world,1208.0,philosopher | historian | mathematician,non_europe
1891,Q731866,Abu'l-Faraj ibn al-Jawzi,re_arabic_world,Arabic world,1116.0,philosopher | historian,non_europe
1892,Q12201802,ʿAbd-al-Wahhāb Ibn-ʿAlī Tāǧ-ad-Dīn as-Subkī,re_arabic_world,Arabic world,1327.0,theologian,non_europe
1893,Q319146,Ibn al-Nafis,re_arabic_world,Arabic world,1210.0,philosopher,non_europe
1894,Q334847,Ibn Ishaq,re_arabic_world,Arabic world,704.0,historian,non_europe
1895,Q2440642,Thomas of Jesus,re_arabic_world,Arabic world,1529.0,theologian,non_europe
1896,Q1153185,Sahl al-Tustari,re_arabic_world,Arabic world,818.0,theologian,non_europe
1897,Q57693362,Muhammad ibn Abd al-Wahid Mallahi,re_arabic_world,Arabic world,1154.0,historian,non_europe
1898,Q12243677,Muadh al-Harra,re_arabic_world,Arabic world,800.0,linguist,non_europe
1899,Q3308706,Ibn al-Wafid,re_arabic_world,Arabic world,997.0,botanist,non_europe
1900,Q6533428,Ibn al-Kashshab,re_arabic_world,Arabic world,1098.0,linguist,non_europe
1901,Q6407970,ʻAbd Allah ibn Muhammad al-Husayni Nuqrahkar,re_arabic_world,Arabic world,1307.0,linguist,non_europe
1902,Q12205849,Muhammad ibn Ibrahim ibn Yahya Watwat,re_arabic_world,Arabic world,1235.0,botanist | linguist | zoologist | chemist,non_europe
1903,Q6535133,Ibn Jinni,re_arabic_world,Arabic world,941.0,linguist,non_europe
1904,Q2477222,Abdullah ibn Saba',re_arabic_world,Arabic world,600.0,theologian,non_europe
1905,Q335635,Al-Mawardi,re_arabic_world,Arabic world,974.0,political scientist | sociologist,non_europe
1906,Q200947,Ahmad ibn Fadlan,re_arabic_world,Arabic world,879.0,geographer,non_europe
1907,Q4118605,Muhammad al-Maghili,re_arabic_world,Arabic world,1440.0,theologian,non_europe
1908,Q12187054,Jalal al-Din al-Qazwini,re_arabic_world,Arabic world,1268.0,linguist,non_europe
1909,Q2081331,Haly Abenragel,re_arabic_world,Arabic world,901.0,astronomer,non_europe
1910,Q2918077,Said al-Andalusi,re_arabic_world,Arabic world,1029.0,astronomer | historian,non_europe
1911,Q8192126,Ahmad ibn Muhammad al-Razi,re_arabic_world,Arabic world,887.0,historian,non_europe
1912,Q3637065,Baybars al-Mansûrî,re_arabic_world,Arabic world,1247.0,historian,non_europe
1913,Q467148,Joseph ben Ephraim Karo,re_arabic_world,Arabic world,1488.0,philosopher,non_europe
1914,Q6536330,Muhammad ibn Shakir al-Kutubi,re_arabic_world,Arabic world,1287.0,historian,non_europe
1915,Q12178232,Abu Hashim al-Jubba'i,re_arabic_world,Arabic world,888.0,theologian,non_europe
1916,Q12181671,Ibrahim al-Riyadi al-Shaybani,re_arabic_world,Arabic world,838.0,linguist,non_europe
1917,Q288111,Jabir ibn Aflah,re_arabic_world,Arabic world,1100.0,astronomer | mathematician,non_europe
1918,Q16027759,Hussein Baroudi,re_arabic_world,Arabic world,1698.0,theologian,non_europe
1919,Q4664586,Abd al-Rahman al-Jadiri,re_arabic_world,Arabic world,1375.0,astronomer,non_europe
1920,Q307686,Abdullah ibn Salam,re_arabic_world,Arabic world,550.0,theologian,non_europe
1921,Q2342579,Sharaf al-Dīn al-Ṭūsī,re_arabic_world,Arabic world,1135.0,astronomer | mathematician,non_europe
1922,Q3772449,Ibn al-Saffar,re_arabic_world,Arabic world,950.0,astronomer,non_europe
1923,Q7902047,Usman Harooni,re_arabic_world,Arabic world,1107.0,philosopher,non_europe
1924,Q20384774,Muḥammad ibn ʻAbd al-Wāḥid Ibn al-Humām,re_arabic_world,Arabic world,1388.0,theologian,non_europe
1925,Q108687011,Aḥmad ibn Yūsuf Qaramānī,re_arabic_world,Arabic world,1532.0,historian,non_europe
1926,Q1235399,Ibn al-'Awwam,re_arabic_world,Arabic world,1150.0,botanist,non_europe
1927,Q330776,Abraham ben Solomon,re_arabic_world,Arabic world,1482.0,historian,non_europe
1928,Q3147451,Ibn Qurqūl,re_arabic_world,Arabic world,1111.0,theologian,non_europe
1929,Q639821,Ibn Kammuna,re_arabic_world,Arabic world,1215.0,theologian | philosopher,non_europe
1930,Q918471,Abu Bakr ibn al-Arabi,re_arabic_world,Arabic world,1076.0,historian,non_europe
1931,Q4670442,Abu al-Hasan Ali al-Jaznai,re_arabic_world,Arabic world,1300.0,historian,non_europe
1932,Q56063581,Judah ben Solomon ha-Kohen,re_arabic_world,Arabic world,1215.0,astronomer,non_europe
1933,Q4670036,Abu Abdallah ibn Askar,re_arabic_world,Arabic world,1529.0,historian,non_europe
1934,Q13176625,Aḥmad ibn Yūsuf ibn ʻAlī Ibn al-Azraq al-Fāriqī,re_arabic_world,Arabic world,1116.0,historian,non_europe
1935,Q57420531,Ibn Khatib al-Nasiriya,re_arabic_world,Arabic world,1372.0,historian,non_europe
1936,Q4116640,Muhammad ibn Aslam Al-Ghafiqi,re_arabic_world,Arabic world,1100.0,botanist,non_europe
1937,Q106595657,Al-Ṭignarī,re_arabic_world,Arabic world,1100.0,botanist,non_europe
1938,Q3147455,Ibn Masarra,re_arabic_world,Arabic world,883.0,philosopher,non_europe
1939,Q565665,Ibn 'Asakir,re_arabic_world,Arabic world,1105.0,theologian | historian,non_europe
1940,Q380295,Bar Hebraeus,re_arabic_world,Arabic world,1226.0,historian,non_europe
1941,Q2608002,Al-Baqillani,re_arabic_world,Arabic world,950.0,theologian,non_europe
1942,Q28714944,Al-Rummani,re_arabic_world,Arabic world,909.0,linguist | logician,non_europe
1943,Q20418542,Abu-l-Hasan al-Tamgruti,re_arabic_world,Arabic world,1534.0,historian,non_europe
1944,Q5949576,Bondari Esfahani,re_arabic_world,Arabic world,1190.0,historian,non_europe
1945,Q57316754,Ibn Hasnun,re_arabic_world,Arabic world,908.0,linguist,non_europe
1946,Q527284,Yaʿqūb ibn Ṭāriq,re_arabic_world,Arabic world,800.0,astronomer | mathematician,non_europe
1947,Q3483161,Sidi Abderrahmane ath-Thaalibi,re_arabic_world,Arabic world,1384.0,theologian,non_europe
1948,Q404554,William of Tripoli,re_arabic_world,Arabic world,1250.0,anthropologist,non_europe
1949,Q2474911,Al-Abbās ibn Said al-Jawharī,re_arabic_world,Arabic world,800.0,astronomer | mathematician,non_europe
1950,Q253568,Baha ad-Din ibn Shaddad,re_arabic_world,Arabic world,1145.0,theologian | historian,non_europe
1951,Q20639763,Taghi-o-din Rased,re_arabic_world,Arabic world,1521.0,mathematician,non_europe
1952,Q3607440,Al-Harran,re_arabic_world,Arabic world,1030.0,theologian | astronomer | philosopher,non_europe
1953,Q11904608,Al-Birzali,re_arabic_world,Arabic world,1267.0,historian,non_europe
1954,Q3180928,Abu Hafs Umar al-Suhrawardi,re_arabic_world,Arabic world,1145.0,theologian | philosopher,non_europe
1955,Q4164868,Al-Jaldaki,re_arabic_world,Arabic world,1300.0,chemist,non_europe
1956,Q4116117,Ibrahim El-Desouki,re_arabic_world,Arabic world,1255.0,theologian,non_europe
1957,Q225496,Abu Bakr bin Yahya al-Suli,re_arabic_world,Arabic world,880.0,historian,non_europe
1958,Q2829269,Al-Qatrawani,re_arabic_world,Arabic world,1450.0,mathematician,non_europe
1959,Q335103,Abū Kāmil Shujāʿ ibn Aslam,re_arabic_world,Arabic world,850.0,mathematician,non_europe
1960,Q5657658,Muhammad al-Khushani,re_arabic_world,Arabic world,901.0,historian,non_europe
1961,Q19715092,Ibn Muyassar,re_arabic_world,Arabic world,1231.0,historian,non_europe
1962,Q2822074,Abu Chama Chihab al-Din Abu al-Qasim abd al-Rahman,re_arabic_world,Arabic world,1203.0,historian,non_europe
1963,Q71394,Ibn Khallikan,re_arabic_world,Arabic world,1211.0,historian,non_europe
1964,Q459921,Ibn Yunus,re_arabic_world,Arabic world,950.0,astronomer | philosopher | mathematician,non_europe
1965,Q42332045,Ibn al-Dhibithi,re_arabic_world,Arabic world,1163.0,historian,non_europe
1966,Q4165460,Aban bin Uthman bin Affan,re_arabic_world,Arabic world,641.0,historian,non_europe
1967,Q11926333,Ibn Abi l-Dam,re_arabic_world,Arabic world,1187.0,historian,non_europe
1968,Q94875106,ʿAlī Ibn-al-Mufaḍḍal al- Maqdisī,re_arabic_world,Arabic world,1150.0,theologian,non_europe
1969,Q5602779,Al-Marzubānī,re_arabic_world,Arabic world,909.0,historian,non_europe
1970,Q16148550,Abu'l Hasan ibn Arfa Ra'a,re_arabic_world,Arabic world,1121.0,chemist,non_europe
1971,Q2837555,Abu Bakr Muhammad al-Turtushi,re_arabic_world,Arabic world,1059.0,political scientist,non_europe
1972,Q51454069,Ibn al-Haitham,re_arabic_world,Arabic world,850.0,historian,non_europe
1973,Q20003172,Ibn Abī Ṭayyiʼ,re_arabic_world,Arabic world,1180.0,historian,non_europe
1974,Q4695527,Ahmad ibn Qasim Al-Hajarī,re_arabic_world,Arabic world,1570.0,linguist,non_europe
1975,Q12228305,Umara bin Abi al-Hasan al-Hakami,re_arabic_world,Arabic world,1121.0,historian,non_europe
1976,Q590185,Abu Madyan,re_arabic_world,Arabic world,1126.0,theologian,non_europe
1977,Q6834951,Muḥammad Ibn-al-Huḏail Abu-'l-Huḏail al-ʿAllāf,re_arabic_world,Arabic world,752.0,theologian,non_europe
1978,Q2474018,Kushyar Gilani,re_arabic_world,Arabic world,971.0,geographer | astronomer | mathematician,non_europe
1979,Q3773066,Ibn Juzayy,re_arabic_world,Arabic world,1321.0,historian,non_europe
1980,Q99975913,Ahmad ibn Arabxah,re_arabic_world,Arabic world,1389.0,historian,non_europe
1981,Q12193844,Mundhirī,re_arabic_world,Arabic world,1185.0,historian,non_europe
1982,Q6288216,Joseph ibn Shem-Tov,re_arabic_world,Arabic world,1400.0,philosopher,non_europe
1983,Q4115862,Abu al-Abbas al-Nabati,re_arabic_world,Arabic world,1166.0,theologian | botanist,non_europe
1984,Q293497,Al-Jahiz,re_arabic_world,Arabic world,775.0,zoologist | historian,non_europe
1985,Q783253,Maslamah ibn Aḥmad Majrīṭī,re_arabic_world,Arabic world,950.0,astronomer | chemist | mathematician,non_europe
1986,Q12180143,Akmal al-Din al-Babarti,re_arabic_world,Arabic world,1314.0,theologian | linguist,non_europe
1987,Q5984216,Ibn Jurayj,re_arabic_world,Arabic world,699.0,theologian,non_europe
1988,Q60832196,Ibn Fallus,re_arabic_world,Arabic world,1194.0,mathematician,non_europe
1989,Q3101035,Qadi Ayyad,re_arabic_world,Arabic world,1084.0,historian,non_europe
1990,Q3561501,Ishaq ibn Hunayn,re_arabic_world,Arabic world,830.0,mathematician,non_europe
1991,Q6532961,Ibn Abī Yaʿlā,re_arabic_world,Arabic world,1059.0,historian,non_europe
1992,Q318820,Benjamin of Tudela,re_arabic_world,Arabic world,1130.0,historian,non_europe
1993,Q11904655,Al-Mubashshir ibn Fātik,re_arabic_world,Arabic world,1019.0,philosopher | mathematician,non_europe
1994,Q3791575,Ibn Shihab al-Zuhri,re_arabic_world,Arabic world,678.0,theologian | historian,non_europe
1995,Q12177686,Ibn al-Sarī al-Zajjāj,re_arabic_world,Arabic world,857.0,linguist,non_europe
1996,Q250568,Thābit ibn Qurra,re_arabic_world,Arabic world,836.0,astronomer | mathematician,non_europe
1997,Q423774,Urwah ibn Zubayr,re_arabic_world,Arabic world,644.0,historian,non_europe
1998,Q3594808,Abd Al-Wahhab bin Ahmad Al-Misri Al-Sharani,re_arabic_world,Arabic world,1491.0,philosopher | historian,non_europe
1999,Q6718226,Jaʻfar ibn Thaʻlab Udfuwi,re_arabic_world,Arabic world,1286.0,linguist | historian,non_europe
2000,Q3607422,Al-Abiwardi,re_arabic_world,Arabic world,1064.0,historian,non_europe
2001,Q217915,Piri Reis,re_arabic_world,Arabic world,1470.0,geographer,non_europe
2002,Q3675585,Ibn al-Mustawfī,re_arabic_world,Arabic world,1170.0,linguist | historian,non_europe
2003,Q5984236,Ibn Maḍāʾ,re_arabic_world,Arabic world,1116.0,mathematician,non_europe
2004,Q54861334,Ahmad ibn Muhammad Fayyumi,re_arabic_world,Arabic world,1291.0,linguist,non_europe
2005,Q61056,al-Maʾmun,re_arabic_world,Arabic world,786.0,geographer,non_europe
2006,Q718169,Ibn al-Shatir,re_arabic_world,Arabic world,1304.0,astronomer | mathematician,non_europe
2007,Q5655018,Abenalsid,re_arabic_world,Arabic world,1052.0,philosopher,non_europe
2008,Q2462345,Al-Shaykh Al-Mufid,re_arabic_world,Arabic world,948.0,theologian,non_europe
2009,Q42298572,Taj al-Din al-Sinjari,re_arabic_world,Arabic world,1322.0,linguist,non_europe
2010,Q3603852,Ibn Kabar,re_arabic_world,Arabic world,1201.0,historian,non_europe
2011,Q22684344,Ismail bin Muhammad al-Saffar,re_arabic_world,Arabic world,861.0,linguist,non_europe
2012,Q3353450,Fakhr-al-Din Iraqi,re_arabic_world,Arabic world,1213.0,philosopher,non_europe
2013,Q160460,Al-Farabi,re_arabic_world,Arabic world,870.0,musicologist | philosopher | physicist,non_europe
2014,Q57477040,Qutb al-Din al-Safawi,re_arabic_world,Arabic world,1495.0,logician,non_europe
2015,Q363852,Moses Bar-Kepha,re_arabic_world,Arabic world,813.0,theologian,non_europe
2016,Q4119124,Ibn Hamza al-Maghribi,re_arabic_world,Arabic world,1500.0,mathematician,non_europe
2017,Q270670,Abraham ibn Ezra,re_arabic_world,Arabic world,1092.0,astronomer | philosopher,non_europe
2018,Q170046,Ja'far al-Sadiq,re_arabic_world,Arabic world,702.0,theologian,non_europe
2019,Q735601,Junayd of Baghdad,re_arabic_world,Arabic world,830.0,philosopher,non_europe
2020,Q981803,Dhul-Nun al-Misri,re_arabic_world,Arabic world,796.0,theologian | archeologist | historian,non_europe
2021,Q11482162,Ibn al-Haddad,re_arabic_world,Arabic world,1030.0,mathematician,non_europe
2022,Q3157606,Jacob ben Nissim,re_arabic_world,Arabic world,950.0,philosopher,non_europe
2023,Q6118970,Jacob Mantino ben Samuel,re_arabic_world,Arabic world,1490.0,philosopher,non_europe
2024,Q1397028,Ibn Manzur,re_arabic_world,Arabic world,1233.0,historian,non_europe
2025,Q2822099,Abu al-Abbas as-Sabti,re_arabic_world,Arabic world,1129.0,philosopher,non_europe
2026,Q18204876,Hisham ibn Hakam,re_arabic_world,Arabic world,750.0,philosopher,non_europe
2027,Q25088,Muhammad al-Jawad,re_arabic_world,Arabic world,811.0,theologian,non_europe
2028,Q10394588,Yaʿīsh ibn Ibrāhīm al-Umawī,re_arabic_world,Arabic world,1400.0,mathematician,non_europe
2029,Q12178132,Muḥammad ibn Yūsuf al-Kindi,re_arabic_world,Arabic world,897.0,historian,non_europe
2030,Q302835,Nasir al-Din al-Tusi,re_arabic_world,Arabic world,1201.0,theologian | astronomer | philosopher | mathematician,non_europe
2031,Q4695524,Ahmad ibn Munim al-Abdari,re_arabic_world,Arabic world,1150.0,mathematician,non_europe
2032,Q12198431,Bishr ibn Ghayāth Marīsī,re_arabic_world,Arabic world,800.0,theologian,non_europe
2033,Q9038,Al-Khwarizmi,re_arabic_world,Arabic world,780.0,philosopher | astronomer | mathematician | geographer | historian,non_europe
2034,Q97144071,Daoud bin Haytham al-Tanukhi,re_arabic_world,Arabic world,843.0,linguist,non_europe
2035,Q468432,Jalal al-Din al-Suyuti,re_arabic_world,Arabic world,1445.0,geographer | historian,non_europe
2036,Q12183326,Al-Akhfash al-Asghar,re_arabic_world,Arabic world,849.0,linguist,non_europe
2037,Q288067,Al-Nuwayri,re_arabic_world,Arabic world,1278.0,historian,non_europe
2038,Q557882,Azriel,re_arabic_world,Arabic world,1160.0,philosopher,non_europe
2039,Q4117458,Zakariyya al-Ansari,re_arabic_world,Arabic world,1420.0,linguist | historian,non_europe
2040,Q5984322,Ibn al-Yasamin,re_arabic_world,Arabic world,1100.0,mathematician,non_europe
2041,Q287501,Ibrahim an-Nazzam,re_arabic_world,Arabic world,775.0,theologian,non_europe
2042,Q61065695,Muḥibb al-Dīn Ibn al-Najjār,re_arabic_world,Arabic world,1183.0,historian,non_europe
2043,Q12208197,Hussein Khouja,re_arabic_world,Arabic world,1666.0,historian,non_europe
2044,Q1655886,Ḫalaf Ibn-ʿAbd-al-Malik Ibn-Baškuwāl,re_arabic_world,Arabic world,1101.0,historian,non_europe
2045,Q3147671,"Yashūʻadnāḥ, Bishop of Basra",re_arabic_world,Arabic world,801.0,theologian,non_europe
2046,Q25489664,Isaac Albalia,re_arabic_world,Arabic world,1035.0,astronomer,non_europe
2047,Q4076086,Abd al-Rashid al-Bakuwi,re_arabic_world,Arabic world,1400.0,geographer,non_europe
2048,Q519405,Khalifa ibn Khayyat,re_arabic_world,Arabic world,777.0,historian,non_europe
2049,Q144287,Zayd ibn Ali,re_arabic_world,Arabic world,695.0,theologian,non_europe
2050,Q290506,Al-Hilli,re_arabic_world,Arabic world,1250.0,theologian,non_europe
2051,Q2475262,Habash al-Hasib al-Marwazi,re_arabic_world,Arabic world,766.0,astronomer | mathematician,non_europe
2052,Q461096,Ibn Hišām,re_arabic_world,Arabic world,701.0,historian,non_europe
2053,Q2829271,Al-Qastallani,re_arabic_world,Arabic world,1448.0,historian,non_europe
2054,Q4195341,Ibrahim ibn Muhàmmad ibn Ibrahim al-Halabí,re_arabic_world,Arabic world,1460.0,historian,non_europe
2055,Q293528,Al-Baladhuri,re_arabic_world,Arabic world,820.0,geographer | historian,non_europe
2056,Q16117724,Ahmad al-Wansharisi,re_arabic_world,Arabic world,1431.0,theologian,non_europe
2057,Q1032839,Khalaf al-Ahmar,re_arabic_world,Arabic world,733.0,linguist,non_europe
2058,Q6534226,Abu Ya'la,re_arabic_world,Arabic world,990.0,theologian,non_europe
2059,Q3128063,Hasan al-Rammah,re_arabic_world,Arabic world,1200.0,chemist,non_europe
2060,Q1383938,Shem-Tov ibn Falaquera,re_arabic_world,Arabic world,1225.0,philosopher,non_europe
2061,Q6533780,Ibn al-Sikkit,re_arabic_world,Arabic world,802.0,linguist,non_europe
2062,Q982170,Shlomo ben Aderet,re_arabic_world,Arabic world,1235.0,philosopher,non_europe
2063,Q2829242,Al-Mubarrad,re_arabic_world,Arabic world,826.0,linguist,non_europe
2064,Q23951994,Ibrahim ibn Said al-Sahli,re_arabic_world,Arabic world,1001.0,astronomer | mathematician,non_europe
2065,Q471116,Ibn Hajar al-Asqalani,re_arabic_world,Arabic world,1372.0,historian,non_europe
2066,Q357940,Dunash ibn Tamim,re_arabic_world,Arabic world,890.0,astronomer,non_europe
2067,Q4670236,Abu Jafar ibn Harun al-Turjali,re_arabic_world,Arabic world,1180.0,philosopher,non_europe
2068,Q75007,Muhammad ibn Iyas,re_arabic_world,Arabic world,1448.0,historian,non_europe
2069,Q57749726,Ibn al-Qawba',re_arabic_world,Arabic world,1266.0,linguist,non_europe
2070,Q12191204,Aḥmad Ibn-Muḥammad al- Qudūrī,re_arabic_world,Arabic world,973.0,theologian,non_europe
2071,Q3045396,Ibn Said al-Maghribi,re_arabic_world,Arabic world,1213.0,geographer,non_europe
2072,Q840652,Omar Tiberiades,re_arabic_world,Arabic world,762.0,astronomer | philosopher | linguist,non_europe
2073,Q107341628,Ibn Sa'd al-Khayr of Valencia,re_arabic_world,Arabic world,1116.0,linguist,non_europe
2074,Q3777146,Izz al-Din ibn Hibatullah ibn Abi l-Hadid,re_arabic_world,Arabic world,1191.0,theologian | historian,non_europe
2075,Q11728390,Ibn Aqil,re_arabic_world,Arabic world,1040.0,theologian,non_europe
2076,Q2987645,Ibn Muʿādh al-Jayyānī,re_arabic_world,Arabic world,989.0,mathematician,non_europe
2077,Q3571334,Yahya ibn Adi,re_arabic_world,Arabic world,893.0,philosopher,non_europe
2078,Q4664888,Abdelwahid al-Marrakushi,re_arabic_world,Arabic world,1185.0,historian,non_europe
2079,Q67201430,Ibn al-Qabisi,re_arabic_world,Arabic world,1163.0,linguist,non_europe
2080,Q3046604,Ibn Abi Zar,re_arabic_world,Arabic world,1250.0,historian,non_europe
2081,Q127398,Moshe ben Maimon,re_arabic_world,Arabic world,1138.0,astronomer | philosopher,non_europe
2082,Q6758211,Jalaluddin al-Mahalli,re_arabic_world,Arabic world,1389.0,theologian,non_europe
2083,Q1640082,Abu Hayyan al-Gharnati,re_arabic_world,Arabic world,1256.0,theologian,non_europe
2084,Q308115,Abd as-Salam ibn Mashish al-Alami,re_arabic_world,Arabic world,1165.0,theologian,non_europe
2085,Q256506,Rabia of Basri,re_arabic_world,Arabic world,710.0,philosopher,non_europe
2086,Q307277,Abd al-Latif al-Baghdadi,re_arabic_world,Arabic world,1162.0,archeologist | historian,non_europe
2087,Q27546923,Al-Haytham ibn 'Adi,re_arabic_world,Arabic world,748.0,linguist | historian,non_europe
2088,Q330616,Al-Damiri,re_arabic_world,Arabic world,1341.0,philosopher | zoologist,non_europe
2089,Q3318809,Mohamed Seghir Ben Youssef,re_arabic_world,Arabic world,1691.0,historian,non_europe
2090,Q742319,Imad ad-Din al-Isfahani,re_arabic_world,Arabic world,1125.0,historian,non_europe
2091,Q12242407,Al-ʻIjliyyah,re_arabic_world,Arabic world,950.0,astronomer,non_europe
2092,Q3147431,Ibn Abd al-Zahir,re_arabic_world,Arabic world,1223.0,historian,non_europe
2093,Q220697,Abu Yusuf,re_arabic_world,Arabic world,731.0,philosopher,non_europe
2094,Q958426,Joseph ibn Tzaddik,re_arabic_world,Arabic world,1075.0,philosopher,non_europe
2095,Q6930533,Mu'ayyad fi'l-Din al-Shirazi,re_arabic_world,Arabic world,1000.0,philosopher,non_europe
2096,Q5907931,Ibn Tumlus,re_arabic_world,Arabic world,1164.0,philosopher,non_europe
2097,Q355455,Nahmanides,re_arabic_world,Arabic world,1194.0,philosopher,non_europe
2098,Q16159801,Abu-Bayhas,re_arabic_world,Arabic world,700.0,theologian,non_europe
2099,Q712890,Mujahid ibn Jabr,re_arabic_world,Arabic world,642.0,theologian,non_europe
2100,Q6533039,Ibn Abi al-Khisal,re_arabic_world,Arabic world,1073.0,historian,non_europe
2101,Q1919866,Ahmad ibn Mājid,re_arabic_world,Arabic world,1432.0,geographer,non_europe
2102,Q2829407,Abu al-Abbas al-Sharishi,re_arabic_world,Arabic world,1162.0,linguist,non_europe
2103,Q335599,Abu al-Faraj al-Isfahani,re_arabic_world,Arabic world,897.0,historian,non_europe
2104,Q97143599,Abu al-'Ala al-Majashi'i,re_arabic_world,Arabic world,1066.0,linguist,non_europe
2105,Q3607504,al-Himyari,re_arabic_world,Arabic world,1401.0,geographer,non_europe
2106,Q3778265,Ibn Sidah,re_arabic_world,Arabic world,1007.0,linguist | philosopher | logician,non_europe
2107,Q2479109,Abul Abbas al-Mursi,re_arabic_world,Arabic world,1219.0,theologian,non_europe
2108,Q11926367,Ibn al-Mudjawir,re_arabic_world,Arabic world,1204.0,geographer,non_europe
2109,Q3607662,Alam al-Din al-Hanafi,re_arabic_world,Arabic world,1178.0,astronomer | mathematician,non_europe
2110,Q293554,Al-Dhahabi,re_arabic_world,Arabic world,1274.0,historian,non_europe
2111,Q400930,Ahmad ibn Arabshah,re_arabic_world,Arabic world,1389.0,historian,non_europe
2112,Q4703267,Al-Suhayli,re_arabic_world,Arabic world,1114.0,theologian,non_europe
2113,Q3128841,Sayyid Haydar Amuli,re_arabic_world,Arabic world,1319.0,philosopher,non_europe
2114,Q1673518,Isaac ibn Latif,re_arabic_world,Arabic world,1210.0,philosopher,non_europe
2115,Q12177855,Al-Bazzar,re_arabic_world,Arabic world,820.0,theologian,non_europe
2116,Q527954,Asad ibn al-Furat,re_arabic_world,Arabic world,759.0,theologian,non_europe
2117,Q20810372,Abu Saeed Mubarak Makhzoomi,re_arabic_world,Arabic world,1013.0,theologian,non_europe
2118,Q2198528,Ahmad ibn Yusuf,re_arabic_world,Arabic world,835.0,astronomer | mathematician,non_europe
2119,Q1395668,Ibn Abi Usaibia,re_arabic_world,Arabic world,1203.0,historian,non_europe
2120,Q63487755,Shaydhalah,re_arabic_world,Arabic world,1001.0,theologian,non_europe
2121,Q22690798,Yahya al-Obaidaly,re_arabic_world,Arabic world,829.0,historian,non_europe
2122,Q305975,Abbas Ibn Firnas,re_arabic_world,Arabic world,810.0,astronomer | chemist,non_europe
2123,Q294116,Al-Muqaddasi,re_arabic_world,Arabic world,945.0,geographer,non_europe
2124,Q6536228,Fatḥ al-Din Ibn Sayyid al-Nās,re_arabic_world,Arabic world,1272.0,historian,non_europe
2125,Q8061995,Yusuf bin Ahmad al-Kawneyn,re_arabic_world,Arabic world,1150.0,philosopher,non_europe
2126,Q315031,Musa al-Kadhim,re_arabic_world,Arabic world,745.0,theologian,non_europe
2127,Q48703,Al-Muzani,re_arabic_world,Arabic world,791.0,theologian,non_europe
2128,Q107356660,Ibrahim ibn Abi Bakr al-Ansari,re_arabic_world,Arabic world,1212.0,linguist,non_europe
2129,Q337126,Al-Bakri,re_arabic_world,Arabic world,1014.0,botanist | historian | geographer,non_europe
2130,Q3719891,Al-Hasan ibn 'Ali al-Barbahari,re_arabic_world,Arabic world,867.0,theologian,non_europe
2131,Q293689,al-Yaʿqubi,re_arabic_world,Arabic world,801.0,geographer | historian | mathematician,non_europe
2132,Q2829422,Al Wazir Al Sarraj,re_arabic_world,Arabic world,1659.0,historian,non_europe
2133,Q1706130,Joseph ben Judah ibn Aknin,re_arabic_world,Arabic world,1150.0,philosopher,non_europe
2134,Q3389798,Martin of Leon,re_arabic_world,Arabic world,1130.0,philosopher,non_europe
2135,Q615555,Hamza ibn Ali ibn Ahmad,re_arabic_world,Arabic world,985.0,theologian,non_europe
2136,Q470795,Nur ad-Din al-Bitruji,re_arabic_world,Arabic world,1200.0,astronomer,non_europe
2137,Q337009,Abu Mikhnaf,re_arabic_world,Arabic world,709.0,historian,non_europe
2138,Q4170178,Ibn al-Qaisarani,re_arabic_world,Arabic world,1056.0,historian,non_europe
2139,Q19999496,Ezra ben Salomon de Gérone,re_arabic_world,Arabic world,1150.0,theologian,non_europe
2140,Q5984303,Ibn al-Fuwati,re_arabic_world,Arabic world,1244.0,astronomer | historian,non_europe
2141,Q85962479,Abdullah ibn Ahmad al-Fakihi,re_arabic_world,Arabic world,1493.0,linguist,non_europe
2142,Q31003843,'Ala' al-Din al-Bukhari,re_arabic_world,Arabic world,1377.0,theologian | logician,non_europe
2143,Q2695766,Abū Hayyān al-Tawhīdī,re_arabic_world,Arabic world,923.0,philosopher,non_europe
2144,Q12220518,Ḍirār ibn ʻAmr al-Ghaṭafānī,re_arabic_world,Arabic world,728.0,theologian,non_europe
2145,Q3147466,Ibn Zura,re_arabic_world,Arabic world,943.0,philosopher,non_europe
2146,Q706588,Khashkhash Ibn Saeed Ibn Aswad,re_arabic_world,Arabic world,801.0,geographer,non_europe
2147,Q311495,Abu al-Qasim al-Zahrawi,re_arabic_world,Arabic world,936.0,philosopher | anatomist,non_europe
2148,Q282883,Shahab al-Din Suhrawardi,re_arabic_world,Arabic world,1155.0,philosopher,non_europe
2149,Q25468769,Majd ad-Dīn Ibn Athir,re_arabic_world,Arabic world,1150.0,linguist | historian,non_europe
2150,Q2737184,Ibn al-Khatib,re_arabic_world,Arabic world,1313.0,philosopher | historian,non_europe
2151,Q3603837,Abu 'Ali al-Khaiyat,re_arabic_world,Arabic world,770.0,astronomer,non_europe
2152,Q10299689,Ibn Ghazi al-Miknasi,re_arabic_world,Arabic world,1437.0,linguist | historian | mathematician,non_europe
2153,Q2658869,Chihab al-Umari,re_arabic_world,Arabic world,1301.0,historian,non_europe
2154,Q6532342,Ibrahim ibn Ishaq al-Harbi,re_arabic_world,Arabic world,813.0,linguist,non_europe
2155,Q97143762,Al-Khidr bin Tharwan,re_arabic_world,Arabic world,1111.0,linguist,non_europe
2156,Q1384613,Ibn al-Nadim,re_arabic_world,Arabic world,1000.0,historian,non_europe
2157,Q10296786,Sayyed Ibn Tawus,re_arabic_world,Arabic world,1193.0,historian,non_europe
2158,Q11908846,Bayan ibn Saman al-Tamimi,re_arabic_world,Arabic world,700.0,theologian,non_europe
2159,Q4670019,Abu'l Husayn al-Basri,re_arabic_world,Arabic world,980.0,theologian,non_europe
2160,Q1168219,Josef ben Meir ibn Zabara,re_arabic_world,Arabic world,1140.0,physicist,non_europe
2161,Q12190429,ʻAlī ibn Muḥammad Sakhāwī,re_arabic_world,Arabic world,1163.0,linguist,non_europe
2162,Q167852,Jabir ibn Hayyan,re_arabic_world,Arabic world,721.0,astronomer | philosopher | mathematician,non_europe
2163,Q40379014,Ibn Khatib Daraya,re_arabic_world,Arabic world,1344.0,linguist,non_europe
2164,Q5661709,Al-Ruayni,re_arabic_world,Arabic world,950.0,philosopher,non_europe
2165,Q2637658,Sawirus ibn al-Muqaffaʿ,re_arabic_world,Arabic world,1000.0,historian,non_europe
2166,Q178638,Nasreddin,re_arabic_world,Arabic world,1200.0,philosopher,non_europe
2167,Q57252424,Ahmad ibn Khalil al-Khoei,re_arabic_world,Arabic world,1187.0,theologian,non_europe
2168,Q11362,Avempace,re_arabic_world,Arabic world,1080.0,botanist | astronomer | philosopher | mathematician,non_europe
2169,Q1243803,George Elmacin,re_arabic_world,Arabic world,1223.0,historian,non_europe
2170,Q18397639,Mūsá ibn ʻUqbah,re_arabic_world,Arabic world,674.0,historian,non_europe
2171,Q733598,Moses ben Jacob Cordovero,re_arabic_world,Arabic world,1522.0,theologian,non_europe
2172,Q15821159,Johann Baptist Weiganmeir,re_german_world,German world,1587.0,philosopher,europe
2173,Q94869580,Adriaen van Oorschot,re_low_countries,Low countries,1542.0,theologian,europe
2174,Q4758747,Andrew Tooke,re_central_europe,Central Europe,1673.0,linguist,europe
2175,Q2606307,Adam Marsh,re_british_islands,British Islands,1200.0,theologian,europe
2176,Q1403346,Felix Bidembach,re_german_world,German world,1604.0,theologian,europe
2177,Q994738,Jean-Antoine Nollet,re_france,France,1700.0,physicist,europe
2178,Q15454557,Matthias Flacius the Younger,re_german_world,German world,1547.0,philosopher,europe
2179,Q3262374,Louis Jouard de La Nauze,re_france,France,1696.0,historian,europe
2180,Q6282461,Joseph Dandridge,re_british_islands,British Islands,1665.0,zoologist,europe
2181,Q214816,Pierre Bayle,re_low_countries,Low countries,1647.0,theologian | philosopher | historian,europe
2182,Q94527169,Franz Wissinger,re_central_europe,Central Europe,1696.0,theologian,europe
2183,Q320870,Nicolas Fréret,re_france,France,1688.0,linguist | historian,europe
2184,Q381336,John Greaves,re_british_islands,British Islands,1602.0,archeologist | astronomer | mathematician,europe
2185,Q27429939,Christoph Neander,re_german_world,German world,1566.0,philosopher,europe
2186,Q6147368,Tirso de Avilés y Hevia,re_spain,Spain,1530.0,historian,europe
2187,Q69049,Peter Lambeck,re_german_world,German world,1628.0,historian,europe
2188,Q468460,Charles Plumier,re_spain,Spain,1646.0,botanist,europe
2189,Q559828,Péter Pázmány,re_central_europe,Central Europe,1570.0,philosopher,europe
2190,Q5362721,Elizabeth Elstob,re_british_islands,British Islands,1683.0,linguist | historian,europe
2191,Q1598246,Heinrich Maius,re_german_world,German world,1545.0,theologian,europe
2192,Q97098,Andreas Fromm,re_central_europe,Central Europe,1621.0,theologian,europe
2193,Q9263120,Franciszek z Brzegu,re_central_europe,Central Europe,1370.0,philosopher,europe
2194,Q2590582,Wolfgang Meurer,re_german_world,German world,1513.0,meteorologist,europe
2195,Q85319694,Gioachimo Alberti,re_italy,Italy,1595.0,historian,europe
2196,Q1695867,Johann Philipp Juncker,re_german_world,German world,1660.0,theologian,europe
2197,Q64592,Otto Mencke,re_german_world,German world,1644.0,philosopher | mathematician,europe
2198,Q25070,Henry of Latvia,re_german_world,German world,1187.0,philosopher | historian,europe
2199,Q3767184,Giovanni Fabrini,re_italy,Italy,1516.0,linguist,europe
2200,Q11716442,Jakub Henryk Zerneke,re_central_europe,Central Europe,1672.0,historian,europe
2201,Q3710207,Giordano Vitale,re_italy,Italy,1633.0,mathematician,europe
2202,Q536960,Samuel Parker,re_british_islands,British Islands,1640.0,theologian,europe
2203,Q18577133,Walter Diss,re_british_islands,British Islands,1330.0,theologian,europe
2204,Q725859,Herman of Carinthia,re_balkans,Balkans,1110.0,astronomer | philosopher | meteorologist | mathematician,europe
2205,Q94852418,Johann Heinrich Bocris,re_german_world,German world,1687.0,philosopher,europe
2206,Q55835567,Pedro de Lorca,re_spain,Spain,1560.0,theologian,europe
2207,Q24085,Petrus Cunaeus,re_low_countries,Low countries,1586.0,theologian | philosopher | historian,europe
2208,Q1733730,Petrus de Dacia,re_nordic_countries,Nordic countries,1300.0,astronomer | mathematician,europe
2209,Q61016712,Caspar Commelin,re_low_countries,Low countries,1636.0,historian,europe
2210,Q93876431,Bartolomeo of Ferrara,re_italy,Italy,1368.0,theologian,europe
2211,Q43977,Jan Hus,re_german_world,German world,1371.0,theologian | linguist | philosopher,europe
2212,Q1171275,Jean de Hautefeuille,re_france,France,1647.0,physicist,europe
2213,Q1669758,Ludolph Naaman,re_german_world,German world,1497.0,theologian,europe
2214,Q3180722,Johannes Braun,re_low_countries,Low countries,1628.0,theologian,europe
2215,Q669191,Simone Porzio,re_italy,Italy,1497.0,philosopher,europe
2216,Q59680004,Jakob Amport,re_german_world,German world,1580.0,theologian,europe
2217,Q327782,Antoine Le Grand,re_british_islands,British Islands,1629.0,theologian | philosopher,europe
2218,Q28934285,Friedrich Gramm,re_german_world,German world,1667.0,theologian,europe
2219,Q5080127,Charles Le Cène,re_british_islands,British Islands,1647.0,theologian,europe
2220,Q63302252,Giovanni Fantoni,re_italy,Italy,1675.0,anatomist,europe
2221,Q1084620,Christoph Brandis,re_german_world,German world,1600.0,historian,europe
2222,Q1884528,Magnus Crusius,re_german_world,German world,1697.0,theologian,europe
2223,Q26239670,Georg Günther Kräill,re_nordic_countries,Nordic countries,1584.0,geographer,europe
2224,Q1299966,Georg Mylius,re_slav_world,Slav world,1613.0,theologian,europe
2225,Q1504686,Georg Helt,re_german_world,German world,1485.0,theologian,europe
2226,Q15876185,Hendrick Doncker,re_low_countries,Low countries,1626.0,geographer,europe
2227,Q50330389,Fernando Antonio Ghedini,re_italy,Italy,1684.0,philosopher,europe
2228,Q502162,Nicolas Sanson,re_france,France,1600.0,geographer | historian,europe
2229,Q380814,Aelius Everardus Vorstius,re_low_countries,Low countries,1565.0,botanist | anatomist,europe
2230,Q752061,Astrónomus,re_france,France,800.0,historian,europe
2231,Q3531260,Tommaso Fazello,re_italy,Italy,1498.0,theologian | historian,europe
2232,Q1438496,Georg Schönberger,re_central_europe,Central Europe,1596.0,astronomer | mathematician,europe
2233,Q15994350,John Chamber,re_british_islands,British Islands,1546.0,astronomer,europe
2234,Q57403,Wilhelm Schickard,re_german_world,German world,1592.0,theologian | astronomer | mathematician,europe
2235,Q645779,Hermann von Wartberge,re_german_world,German world,1330.0,historian,europe
2236,Q18576207,Geoffrey Hardeby,re_british_islands,British Islands,1320.0,theologian,europe
2237,Q98742,Jacob Heerbrand,re_german_world,German world,1521.0,theologian,europe
2238,Q732320,Hyacinthe Robillard d'Avrigny,re_france,France,1675.0,historian,europe
2239,Q907815,Pál Doleschall,re_central_europe,Central Europe,1700.0,linguist,europe
2240,Q1695313,Johann Lorenz Pfeiffer,re_german_world,German world,1662.0,theologian,europe
2241,Q3387462,Pierre de Boissat,re_france,France,1603.0,linguist,europe
2242,Q705660,Ulrich of Strasburg,re_france,France,1220.0,theologian | philosopher,europe
2243,Q362753,Nicholas Mercator,re_france,France,1620.0,musicologist | astronomer | mathematician,europe
2244,Q3339586,Niccolò Gualtieri,re_italy,Italy,1688.0,botanist | zoologist,europe
2245,Q3510217,Sébastien Matte La Faveur,re_france,France,1626.0,chemist,europe
2246,Q3771416,Giuseppe Scala,re_italy,Italy,1556.0,astronomer | philosopher | mathematician,europe
2247,Q2576585,Adriaan Pars,re_low_countries,Low countries,1641.0,historian,europe
2248,Q15694807,Girolamo Dalla Corte,re_italy,Italy,1529.0,historian,europe
2249,Q22691480,Johannes Michael Budorensis,re_german_world,German world,1550.0,astronomer,europe
2250,Q1262294,Friedemann Bechmann,re_german_world,German world,1628.0,theologian,europe
2251,Q55835691,Francisco Diego Sayas y Ortubia,re_spain,Spain,1598.0,historian,europe
2252,Q26902012,Anton Remmelding,re_central_europe,Central Europe,1513.0,theologian,europe
2253,Q55680536,Christianus Justus Heintzelmann,re_german_world,German world,1664.0,theologian,europe
2254,Q669640,Judah Messer Leon,re_italy,Italy,1422.0,philosopher,europe
2255,Q102898,Michael Alberti,re_german_world,German world,1682.0,physicist,europe
2256,Q1919142,Melchior Isinder,re_central_europe,Central Europe,1520.0,theologian,europe
2257,Q3314090,Miles de Norry,re_france,France,1532.0,mathematician,europe
2258,Q94942667,Johann Künne,re_german_world,German world,1564.0,theologian,europe
2259,Q3431263,Richard Taverner,re_british_islands,British Islands,1505.0,linguist,europe
2260,Q1697195,Johann Bader,re_german_world,German world,1487.0,theologian,europe
2261,Q1458801,Friedrich Daniel Lamprecht,re_german_world,German world,1687.0,theologian,europe
2262,Q69874,Eusebius Amort,re_german_world,German world,1692.0,theologian,europe
2263,Q71261,Joachim Camerarius the Younger,re_german_world,German world,1534.0,botanist | zoologist,europe
2264,Q1645410,Johann Jakob Hottinger,re_german_world,German world,1652.0,theologian,europe
2265,Q1323315,Simon Grunau,re_central_europe,Central Europe,1470.0,historian,europe
2266,Q18224651,Giacomo Spinelli,re_italy,Italy,1637.0,economist,europe
2267,Q1693038,Johann Christoph Kohlhans,re_german_world,German world,1604.0,mathematician,europe
2268,Q657389,Claude Chantelou,re_france,France,1617.0,theologian | historian,europe
2269,Q1910337,Matthias Stojus,re_slav_world,Slav world,1526.0,mathematician,europe
2270,Q701605,"Philips of Marnix, Lord of Saint-Aldegonde",re_low_countries,Low countries,1540.0,theologian | geographer,europe
2271,Q105320235,Giovanni Ludovico Vivaldi,re_italy,Italy,1450.0,theologian,europe
2272,Q111385670,Johannes Crusius,re_low_countries,Low countries,1599.0,philosopher,europe
2273,Q28861720,Placido Nigido,re_italy,Italy,1570.0,theologian,europe
2274,Q947941,Matthew Locke,re_british_islands,British Islands,1632.0,musicologist,europe
2275,Q57078447,Stefano Vanneo,re_italy,Italy,1493.0,musicologist,europe
2276,Q1596585,Heinrich Arnold Stockfleth,re_german_world,German world,1643.0,theologian,europe
2277,Q1696088,Johann Samuel Strimesius,re_german_world,German world,1684.0,historian,europe
2278,Q3796467,Illuminato Aiguino,re_italy,Italy,1520.0,musicologist,europe
2279,Q471794,John Pell,re_british_islands,British Islands,1611.0,mathematician,europe
2280,Q94936906,Friedrich Swetge,re_low_countries,Low countries,1619.0,theologian,europe
2281,Q1503915,Georg Christian Gebauer,re_german_world,German world,1690.0,historian,europe
2282,Q1776231,Orazio Torsellino,re_italy,Italy,1545.0,historian,europe
2283,Q63393,Konrad von Marburg,re_german_world,German world,1180.0,theologian,europe
2284,Q717871,John of Segovia,re_france,France,1395.0,theologian,europe
2285,Q94858878,Georg Ludwig von Wurmb,re_german_world,German world,1643.0,philosopher,europe
2286,Q19768327,Marcus Wøldike,re_nordic_countries,Nordic countries,1699.0,theologian,europe
2287,Q19959787,Johann Heberer,re_german_world,German world,1568.0,historian,europe
2288,Q3635458,Bartolomeo Scala,re_italy,Italy,1430.0,historian,europe
2289,Q1693867,Johann Georg Joch,re_german_world,German world,1676.0,theologian,europe
2290,Q102344821,Edelbert Nymburský,re_central_europe,Central Europe,1700.0,theologian,europe
2291,Q98739,Johann Wilhelm Petersen,re_german_world,German world,1649.0,theologian,europe
2292,Q1528495,Johann Rudolph Osiander,re_german_world,German world,1689.0,theologian,europe
2293,Q3052524,Emmanuel-Maurice Duverney,re_france,France,1688.0,anatomist,europe
2294,Q102490,Evangelista Torricelli,re_italy,Italy,1608.0,physicist | mathematician,europe
2295,Q30731240,André Duval,re_france,France,1564.0,theologian,europe
2296,Q94530579,Corbinian Thomas,re_german_world,German world,1694.0,theologian | mathematician,europe
2297,Q646701,Thyrsus González de Santalla,re_italy,Italy,1624.0,theologian,europe
2298,Q1309947,Paul Mathesius,re_german_world,German world,1548.0,theologian,europe
2299,Q97120023,Marc Mastelyn,re_low_countries,Low countries,1599.0,theologian,europe
2300,Q1421310,Nikolaus Neodomus,re_slav_world,Slav world,1535.0,mathematician,europe
2301,Q1695522,Johann Michaelis,re_german_world,German world,1638.0,theologian,europe
2302,Q772711,Wespazjan Kochowski,re_central_europe,Central Europe,1633.0,philosopher | historian,europe
2303,Q5552613,Gerrit van Spaan,re_low_countries,Low countries,1654.0,historian,europe
2304,Q461521,Profiat Duran,re_france,France,1350.0,philosopher,europe
2305,Q1503832,Georg Buchholzer,re_german_world,German world,1503.0,theologian,europe
2306,Q5478415,Paolo Girardi,re_italy,Italy,1350.0,geologist,europe
2307,Q3131387,Juan Margarit i Pau,re_italy,Italy,1422.0,historian,europe
2308,Q55904820,Christoph Sturtz,re_german_world,German world,1557.0,historian,europe
2309,Q6814127,Frands Mikkelsen Vogelius,re_nordic_countries,Nordic countries,1640.0,theologian | historian,europe
2310,Q109134,Nikolaus Krage,re_german_world,German world,1500.0,theologian,europe
2311,Q56240237,Gaetano Maria Travasa,re_italy,Italy,1698.0,philosopher,europe
2312,Q66394,Jakob Bartsch,re_central_europe,Central Europe,1600.0,astronomer | mathematician,europe
2313,Q55679940,Johann Ludwig Pensel,re_german_world,German world,1676.0,theologian,europe
2314,Q457191,Pietro Andrea Mattioli,re_italy,Italy,1501.0,botanist,europe
2315,Q70830,Friedrich Dedekind,re_german_world,German world,1525.0,theologian,europe
2316,Q9032916,Miguel de Quirós,re_spain,Spain,1601.0,mathematician,europe
2317,Q17301067,Josep Capellades,re_spain,Spain,1610.0,theologian,europe
2318,Q78433,Johannes Clajus,re_german_world,German world,1535.0,theologian,europe
2319,Q20656625,Jacob Flach,re_german_world,German world,1537.0,botanist | mathematician,europe
2320,Q1677473,Jakob Fabricius,re_german_world,German world,1560.0,theologian,europe
2321,Q22209939,Brocardus of Saint-Nicolas,re_low_countries,Low countries,1680.0,theologian,europe
2322,Q6248871,John Milner,re_british_islands,British Islands,1628.0,theologian,europe
2323,Q372699,Adrian Buxschott,re_german_world,German world,1493.0,theologian,europe
2324,Q18603176,Jacob Bosch,re_low_countries,Low countries,1630.0,geographer,europe
2325,Q1229711,Hippolito Salviani,re_italy,Italy,1514.0,zoologist,europe
2326,Q451667,Roger Cotes,re_british_islands,British Islands,1682.0,astronomer | physicist | mathematician,europe
2327,Q123612,Gaspard Bauhin,re_german_world,German world,1560.0,botanist,europe
2328,Q3960321,Sigismondo Marchesi,re_italy,Italy,1625.0,historian,europe
2329,Q3189867,Julius Reichelt,re_france,France,1637.0,astronomer | mathematician,europe
2330,Q3101332,Georg Stengel,re_german_world,German world,1584.0,theologian | philosopher,europe
2331,Q110908,Johann Heinrich Meibom,re_german_world,German world,1590.0,historian,europe
2332,Q1405669,Ferdinand Orban,re_german_world,German world,1655.0,mathematician,europe
2333,Q6250616,John Norden,re_british_islands,British Islands,1548.0,geographer,europe
2334,Q220421,Johannes Acronius Frisius,re_german_world,German world,1520.0,astronomer | mathematician,europe
2335,Q119317,Christian Gottfried Hoffmann,re_german_world,German world,1692.0,historian,europe
2336,Q17303632,Michele Zappulli,re_italy,Italy,1548.0,historian,europe
2337,Q1708854,Josua Schwartz,re_german_world,German world,1632.0,theologian,europe
2338,Q111425,Caspar Cruciger the Younger,re_german_world,German world,1525.0,theologian,europe
2339,Q1523366,Pehr Fjellström,re_nordic_countries,Nordic countries,1697.0,linguist,europe
2340,Q1644031,Krzysztof Ostorodt,re_central_europe,Central Europe,1560.0,theologian,europe
2341,Q1346009,Ludolf Quirre,re_german_world,German world,1395.0,theologian,europe
2342,Q109044,Adam Tanner,re_german_world,German world,1572.0,theologian | philosopher,europe
2343,Q58815833,Daniel Michaelis,re_german_world,German world,1622.0,theologian,europe
2344,Q5573121,Gregorio de Valencia,re_italy,Italy,1549.0,theologian,europe
2345,Q56006568,Pompeo Della Barba,re_italy,Italy,1521.0,philosopher,europe
2346,Q6225724,Oluf Vind,re_nordic_countries,Nordic countries,1590.0,theologian,europe
2347,Q1136048,Cosimo Bartoli,re_italy,Italy,1503.0,mathematician,europe
2348,Q1732544,Carl Otto Rechenberg,re_german_world,German world,1689.0,historian,europe
2349,Q84599551,Annibal Barlet,re_france,France,1601.0,physicist | chemist,europe
2350,Q1224034,Dietrich Siegfried Claessen,re_german_world,German world,1685.0,theologian,europe
2351,Q652885,Ferenc Temlin,re_central_europe,Central Europe,1700.0,theologian,europe
2352,Q6069342,Everhard van Reyd,re_low_countries,Low countries,1550.0,historian,europe
2353,Q1283501,"Sir Thomas Herbert, 1st Baronet",re_british_islands,British Islands,1606.0,historian,europe
2354,Q734140,Walter of Winterburn,re_italy,Italy,1300.0,philosopher,europe
2355,Q8078451,Étienne Bauny,re_france,France,1564.0,theologian,europe
2356,Q5487543,Henricus Martini Fattbur,re_nordic_countries,Nordic countries,1590.0,theologian,europe
2357,Q254814,Jordanus of Giano,re_german_world,German world,1195.0,historian,europe
2358,Q124001,Nicolaus II Bernoulli,re_slav_world,Slav world,1695.0,mathematician,europe
2359,Q1903908,Martin Grulich,re_german_world,German world,1694.0,theologian,europe
2360,Q5078861,Charles Hayes,re_british_islands,British Islands,1678.0,geographer | mathematician,europe
2361,Q6959383,Peter Dens,re_low_countries,Low countries,1690.0,theologian,europe
2362,Q17429161,Toma Babić,re_balkans,Balkans,1680.0,linguist,europe
2363,Q978828,António Brandão,re_portugal,Portugal,1584.0,historian,europe
2364,Q65468,David Chytraeus,re_german_world,German world,1531.0,theologian | historian,europe
2365,Q153981,Thomas Müntzer,re_german_world,German world,1489.0,theologian,europe
2366,Q3262542,Louis Liger,re_france,France,1658.0,botanist,europe
2367,Q97013528,Henri Denys,re_low_countries,Low countries,1658.0,theologian,europe
2368,Q1539500,Gottfried Wegner,re_slav_world,Slav world,1644.0,theologian,europe
2369,Q1290831,Solomon ibn Verga,re_spain,Spain,1460.0,historian,europe
2370,Q23889301,Giunio Resti,re_balkans,Balkans,1669.0,historian,europe
2371,Q30014685,Martino Poli,re_france,France,1662.0,chemist,europe
2372,Q96686,Cyriacus Spangenberg,re_france,France,1528.0,theologian | historian,europe
2373,Q57197,Martin Waldseemüller,re_france,France,1470.0,theologian | geographer,europe
2374,Q1267185,Gottlieb Samuel Pristaff,re_german_world,German world,1700.0,theologian,europe
2375,Q63072,Johan Abeling,re_german_world,German world,1600.0,theologian | historian,europe
2376,Q1079562,Christian Friedrich Bauer,re_german_world,German world,1696.0,theologian,europe
2377,Q687932,Claude-François Ménestrier,re_france,France,1631.0,musicologist,europe
2378,Q1383390,Franco of Cologne,re_spain,Spain,1300.0,musicologist,europe
2379,Q2947016,Cesare Maria Antonio Rasponi,re_italy,Italy,1615.0,historian,europe
2380,Q64391849,Vincenzo Paravicini,re_german_world,German world,1648.0,theologian,europe
2381,Q762659,Patrick Adamson,re_british_islands,British Islands,1537.0,theologian,europe
2382,Q3960318,Sigismondo I Bertacchi,re_italy,Italy,1564.0,historian,europe
2383,Q1240171,Eberhard Bidenbach,re_german_world,German world,1528.0,theologian,europe
2384,Q5162643,Conrad of Leonberg,re_german_world,German world,1460.0,theologian,europe
2385,Q3385435,Pierre Hauton,re_france,France,1629.0,chemist,europe
2386,Q446955,Francesco Gasparini,re_italy,Italy,1668.0,musicologist,europe
2387,Q94868387,Philippe de Gamaches,re_france,France,1568.0,theologian,europe
2388,Q1253164,Péter Révay,re_central_europe,Central Europe,1568.0,historian,europe
2389,Q5941507,Humphrey Llwyd,re_british_islands,British Islands,1527.0,geographer,europe
2390,Q3710116,John Blagrave,re_british_islands,British Islands,1561.0,mathematician,europe
2391,Q5718759,Johan Esberg,re_nordic_countries,Nordic countries,1665.0,theologian,europe
2392,Q24887950,Giovanni Battista Clarici,re_italy,Italy,1542.0,geographer,europe
2393,Q23617041,Adriaan van Meerbeeck,re_low_countries,Low countries,1563.0,historian,europe
2394,Q12315581,Hans Wandal,re_nordic_countries,Nordic countries,1656.0,theologian,europe
2395,Q3651310,John Bellers,re_british_islands,British Islands,1654.0,economist,europe
2396,Q964903,Alberic of Monte Cassino,re_italy,Italy,1030.0,philosopher,europe
2397,Q7313246,Renier of St Laurent,re_low_countries,Low countries,1150.0,historian,europe
2398,Q7349725,Robert Sharrock,re_british_islands,British Islands,1630.0,botanist | philosopher,europe
2399,Q7357881,Roger Bolingbroke,re_british_islands,British Islands,1380.0,astronomer,europe
2400,Q1445402,Frans Burman,re_low_countries,Low countries,1628.0,theologian,europe
2401,Q84311432,Beat Holzhalb,re_german_world,German world,1693.0,theologian,europe
2402,Q3547627,Oberto Foglietta,re_italy,Italy,1518.0,historian,europe
2403,Q12901167,Nathan Bailey,re_british_islands,British Islands,1601.0,linguist,europe
2404,Q757841,Agnes Block,re_low_countries,Low countries,1629.0,botanist,europe
2405,Q60769,Hieronymus Bock,re_german_world,German world,1498.0,botanist | zoologist,europe
2406,Q2898811,Bernard de Girard Haillan,re_france,France,1535.0,historian,europe
2407,Q5860458,Fernandus Cordubensis,re_italy,Italy,1425.0,theologian | philosopher,europe
2408,Q726257,Guy de La Brosse,re_france,France,1586.0,botanist,europe
2409,Q500307,Andreas Rudolph,re_german_world,German world,1601.0,mathematician,europe
2410,Q6851589,Miles of Marseilles,re_france,France,1294.0,philosopher,europe
2411,Q1557835,Sebastian Fröschel,re_german_world,German world,1497.0,theologian,europe
2412,Q95234578,Johann Jacob Stromeyer,re_german_world,German world,1686.0,theologian,europe
2413,Q3071889,Filippo Ferrari,re_italy,Italy,1551.0,geographer | astronomer | linguist | mathematician,europe
2414,Q21553189,Jakobus Leydekker,re_low_countries,Low countries,1656.0,theologian,europe
2415,Q15712639,Anthony Bruodin,re_british_islands,British Islands,1625.0,historian,europe
2416,Q9050069,Nicolás de Jesús Belando,re_spain,Spain,1699.0,historian,europe
2417,Q550662,Johannes Magnus,re_italy,Italy,1488.0,theologian | historian,europe
2418,Q95316911,René Milleran,re_france,France,1655.0,linguist,europe
2419,Q3753207,Jaume Ferrer de Blanes,re_spain,Spain,1445.0,geographer,europe
2420,Q704486,Marcin Wadowita,re_central_europe,Central Europe,1567.0,theologian,europe
2421,Q100918,Christine Kirch,re_german_world,German world,1697.0,astronomer,europe
2422,Q59532492,Hieronymus Oertel,re_german_world,German world,1544.0,historian,europe
2423,Q9014930,Josef de Moret,re_spain,Spain,1615.0,historian,europe
2424,Q1670946,Peter Friedrich Arpe,re_german_world,German world,1682.0,historian,europe
2425,Q21016928,Jodocus Hondius II,re_low_countries,Low countries,1593.0,geographer,europe
2426,Q1856133,William of Heytesbury,re_british_islands,British Islands,1313.0,philosopher | mathematician,europe
2427,Q18672108,Richard Kilburne,re_british_islands,British Islands,1605.0,geographer,europe
2428,Q266482,Antonio Bonfini,re_central_europe,Central Europe,1427.0,historian,europe
2429,Q5792729,Nils Hasselbom,re_nordic_countries,Nordic countries,1690.0,mathematician,europe
2430,Q1684586,Jean-Alphonse Turrettini,re_france,France,1671.0,theologian,europe
2431,Q20180389,Albert Hunger,re_german_world,German world,1545.0,theologian,europe
2432,Q97147492,Joan Bautista Maltés,re_spain,Spain,1646.0,historian,europe
2433,Q1619497,Heinrich Ludolf Benthem,re_german_world,German world,1661.0,theologian,europe
2434,Q1231575,Charles Étienne Louis Camus,re_france,France,1699.0,astronomer | physicist | mathematician,europe
2435,Q730541,Pieter Burman the Elder,re_low_countries,Low countries,1668.0,historian,europe
2436,Q27431168,David Constant,re_german_world,German world,1638.0,theologian | philosopher,europe
2437,Q596911,Franciscus van den Enden,re_france,France,1602.0,philosopher,europe
2438,Q983347,Gisbertus Voetius,re_low_countries,Low countries,1589.0,theologian,europe
2439,Q3770194,Giuseppe Caiola,re_italy,Italy,1633.0,theologian,europe
2440,Q62317,Gottfried Kirch,re_german_world,German world,1639.0,astronomer,europe
2441,Q1082337,Christian Wilhelm Volland,re_german_world,German world,1682.0,theologian,europe
2442,Q1605469,Henning Flügge,re_german_world,German world,1683.0,theologian,europe
2443,Q454553,Odo of Cluny,re_france,France,878.0,musicologist,europe
2444,Q5571945,Nicolaus Bergius,re_central_europe,Central Europe,1658.0,theologian,europe
2445,Q13033657,Joachim Bielski,re_central_europe,Central Europe,1540.0,historian,europe
2446,Q353887,Antoine Arnauld,re_low_countries,Low countries,1612.0,theologian | philosopher | mathematician | logician,europe
2447,Q7342197,Robert Bolton,re_british_islands,British Islands,1572.0,theologian,europe
2448,Q3080753,Rui Faleiro,re_spain,Spain,1500.0,geographer | astronomer,europe
2449,Q1690182,Joachim Holtze,re_central_europe,Central Europe,1683.0,theologian,europe
2450,Q55124409,Johann Adam Haßlocher,re_german_world,German world,1645.0,theologian,europe
2451,Q55853923,Sebastian Kortholt,re_german_world,German world,1675.0,philosopher,europe
2452,Q18530140,John Blackburne,re_british_islands,British Islands,1694.0,botanist,europe
2453,Q28869628,Martin Nößler,re_german_world,German world,1554.0,theologian,europe
2454,Q3048505,Edward Wotton,re_british_islands,British Islands,1492.0,zoologist,europe
2455,Q64344,Johann Cochlaeus,re_central_europe,Central Europe,1479.0,theologian | musicologist,europe
2456,Q57627455,Jean Hermant,re_france,France,1650.0,theologian | historian,europe
2457,Q94938986,Friedrich Caspar Hagen,re_german_world,German world,1681.0,theologian,europe
2458,Q55677939,Giovanni Battista Diano,re_italy,Italy,1655.0,theologian,europe
2459,Q3430490,Richard Baker,re_british_islands,British Islands,1568.0,theologian | historian,europe
2460,Q255334,Georg Henisch,re_german_world,German world,1549.0,historian,europe
2461,Q345455,Charles François de Cisternay du Fay,re_france,France,1698.0,physicist | chemist,europe
2462,Q95445555,Jacobus Mibes,re_central_europe,Central Europe,1648.0,theologian,europe
2463,Q1437025,Jacobus Polius,re_german_world,German world,1588.0,historian,europe
2464,Q21684217,Hieronymus Torrella,re_spain,Spain,1450.0,mathematician,europe
2465,Q5353,Gilles de Corbeil,re_france,France,1140.0,anatomist,europe
2466,Q21545952,Zomino da Pistoia,re_italy,Italy,1387.0,theologian,europe
2467,Q5607070,Gregory Martin,re_france,France,1540.0,linguist,europe
2468,Q16584910,Oswald Krüger,re_slav_world,Slav world,1589.0,astronomer | physicist | mathematician,europe
2469,Q21634466,Laurent De Cuyper,re_low_countries,Low countries,1528.0,theologian,europe
2470,Q1454084,Jehiel ben Solomon Heilprin,re_slav_world,Slav world,1660.0,historian,europe
2471,Q24088804,Cipriano Targioni,re_italy,Italy,1672.0,anatomist,europe
2472,Q12318967,Jakob Madsen Aarhus,re_nordic_countries,Nordic countries,1538.0,theologian | linguist,europe
2473,Q1109556,Laurentius David Bollhagen,re_central_europe,Central Europe,1683.0,theologian,europe
2474,Q97837,Samuel Benedikt Carpzov,re_german_world,German world,1647.0,theologian,europe
2475,Q18945508,Gottfried Behm,re_german_world,German world,1636.0,mathematician,europe
2476,Q18945075,Bartolomeo Intieri,re_italy,Italy,1677.0,botanist,europe
2477,Q319399,Antoine Galland,re_france,France,1646.0,archeologist | anthropologist,europe
2478,Q6185660,Jerónimo Osório,re_portugal,Portugal,1506.0,theologian | historian,europe
2479,Q107619,Georg Erhard Hamberger,re_german_world,German world,1697.0,botanist | chemist | anatomist,europe
2480,Q29949102,Mathaios Johannes Karyofyllis,re_italy,Italy,1565.0,theologian,europe
2481,Q15118093,Hakob Krymetsi,re_slav_world,Slav world,1360.0,philosopher,europe
2482,Q97211,Christoph Hartknoch,re_central_europe,Central Europe,1644.0,theologian | historian,europe
2483,Q41568536,Rafaino Caresini,re_italy,Italy,1314.0,historian,europe
2484,Q163833,Sebastian z Felsztyna,re_central_europe,Central Europe,1485.0,musicologist,europe
2485,Q2528939,Vitus Scheffer,re_central_europe,Central Europe,1648.0,astronomer | mathematician,europe
2486,Q707787,Robert Filmer,re_british_islands,British Islands,1588.0,philosopher,europe
2487,Q7090119,Omer Talon,re_france,France,1510.0,philosopher,europe
2488,Q6223588,John Browne,re_british_islands,British Islands,1642.0,anatomist,europe
2489,Q94763594,Andreas Rosa,re_german_world,German world,1530.0,astronomer,europe
2490,Q5394199,George Rust,re_british_islands,British Islands,1628.0,theologian | philosopher,europe
2491,Q99284555,Bartolomeo Ricci,re_italy,Italy,1542.0,theologian,europe
2492,Q11780974,z Mościsk Mikołaj,re_central_europe,Central Europe,1559.0,theologian,europe
2493,Q549965,János Vitéz,re_central_europe,Central Europe,1408.0,astronomer | mathematician,europe
2494,Q31065346,Petrus Fabricius,re_nordic_countries,Nordic countries,1587.0,astronomer,europe
2495,Q55679998,Gottfried Jalufky,re_central_europe,Central Europe,1678.0,theologian,europe
2496,Q4137508,Hessel Gerritsz,re_low_countries,Low countries,1581.0,geographer,europe
2497,Q1451148,François Noe͏̈l,re_france,France,1651.0,theologian | geographer,europe
2498,Q109876923,Francesco Rainaldi,re_italy,Italy,1600.0,theologian,europe
2499,Q15808323,Erhard Cellius,re_german_world,German world,1546.0,historian,europe
2500,Q104879934,Martin Master,re_british_islands,British Islands,1607.0,mathematician,europe
2501,Q1550576,Laurens Laurensen,re_german_world,German world,1495.0,theologian,europe
2502,Q41493652,Pierre le Bibliothécaire,re_france,France,850.0,historian,europe
2503,Q139528,Zacharias Schilter,re_german_world,German world,1541.0,theologian,europe
2504,Q1271395,Gilbert of Sempringham,re_british_islands,British Islands,1083.0,philosopher,europe
2505,Q1226984,Ferenc Otrokocsi Fóris,re_central_europe,Central Europe,1648.0,theologian | linguist | philosopher,europe
2506,Q57180004,Antoine Noguier,re_france,France,1600.0,historian,europe
2507,Q55682568,Johann Leonhard Bildstein,re_german_world,German world,1601.0,theologian,europe
2508,Q3394353,Joan Salvador i Riera,re_spain,Spain,1683.0,botanist,europe
2509,Q3767401,Giovanni Giustino Ciampini,re_italy,Italy,1633.0,archeologist | anthropologist,europe
2510,Q1389095,Jakob Mennel,re_german_world,German world,1460.0,historian,europe
2511,Q6034269,Laurentius Palumbus,re_nordic_countries,Nordic countries,1615.0,theologian,europe
2512,Q1690602,Joachim Zehner,re_german_world,German world,1566.0,theologian | philosopher,europe
2513,Q3309695,Michel Félibien,re_france,France,1665.0,historian,europe
2514,Q437423,Philippe de Commines,re_france,France,1447.0,historian,europe
2515,Q3907883,Pompeo Sarnelli,re_italy,Italy,1649.0,historian,europe
2516,Q3018672,David Renaud Boullier,re_low_countries,Low countries,1699.0,philosopher,europe
2517,Q18945802,Teofilo Bruni,re_italy,Italy,1569.0,astronomer | mathematician,europe
2518,Q77397,Valentin Weigel,re_german_world,German world,1533.0,theologian | philosopher,europe
2519,Q55018249,Samuel Bocchart,re_france,France,1599.0,theologian | linguist | zoologist,europe
2520,Q116904,Johann Heinrich Hottinger,re_german_world,German world,1620.0,theologian,europe
2521,Q11851332,Anders Wanochius,re_nordic_countries,Nordic countries,1651.0,zoologist,europe
2522,Q805661,Balthasar Zimmermann,re_german_world,German world,1570.0,geographer,europe
2523,Q61950017,Claude Morel,re_france,France,1650.0,theologian,europe
2524,Q63302009,Francesco Capecelatro,re_italy,Italy,1595.0,historian,europe
2525,Q64828851,Muzio Muzii,re_italy,Italy,1535.0,historian,europe
2526,Q18624068,Felix Platter,re_german_world,German world,1605.0,zoologist,europe
2527,Q1587770,Hartwig Wichelmann,re_german_world,German world,1612.0,philosopher,europe
2528,Q3845683,Marcello Squarcialupi,re_central_europe,Central Europe,1538.0,astronomer,europe
2529,Q94869792,Ulrich Nicolaus Schramm,re_german_world,German world,1562.0,theologian,europe
2530,Q3383623,Pierre Abadie,re_france,France,1650.0,theologian,europe
2531,Q15410601,Nicolaes Visscher II,re_low_countries,Low countries,1649.0,geographer,europe
2532,Q5753271,Hieronim Moskorzowski,re_central_europe,Central Europe,1560.0,theologian,europe
2533,Q40430286,David Heinrich Köpken,re_german_world,German world,1677.0,theologian,europe
2534,Q1389271,John Ogilby,re_british_islands,British Islands,1600.0,geographer | linguist,europe
2535,Q342720,George Chapman,re_british_islands,British Islands,1559.0,linguist,europe
2536,Q104919340,Jacques Chanevelle,re_france,France,1620.0,philosopher,europe
2537,Q253974,Flodoard,re_france,France,894.0,historian,europe
2538,Q2141696,William Turner,re_british_islands,British Islands,1510.0,botanist | zoologist,europe
2539,Q98960345,Domenico De Angelis,re_italy,Italy,1675.0,theologian | philosopher | historian,europe
2540,Q5128784,Claude D'Espence,re_france,France,1511.0,theologian,europe
2541,Q106129,Bernhard Oelreich,re_german_world,German world,1626.0,theologian,europe
2542,Q330538,David Blondel,re_low_countries,Low countries,1590.0,theologian | historian,europe
2543,Q1617229,Alfonso de Valdés,re_german_world,German world,1490.0,theologian | philosopher,europe
2544,Q71592,Joseph Furttenbach,re_german_world,German world,1591.0,mathematician,europe
2545,Q428547,Nicolas Bernier,re_france,France,1664.0,musicologist,europe
2546,Q55124289,Matthias Fuhrmann,re_german_world,German world,1690.0,historian,europe
2547,Q38782279,Gabriel Groddeck,re_central_europe,Central Europe,1672.0,philosopher,europe
2548,Q2916076,Winston Churchill,re_british_islands,British Islands,1620.0,historian,europe
2549,Q3893150,Pandolfo Collenuccio,re_italy,Italy,1444.0,historian,europe
2550,Q46830,Robert Hooke,re_british_islands,British Islands,1635.0,philosopher | physicist | astronomer | anatomist,europe
2551,Q107983163,Jilji od sv. Jana Krtitele,re_central_europe,Central Europe,1605.0,theologian | historian,europe
2552,Q18945477,Giulio Capilupi,re_italy,Italy,1544.0,mathematician,europe
2553,Q18576243,George Swinnock,re_british_islands,British Islands,1627.0,theologian,europe
2554,Q88488273,Guglielmo Maramauro,re_italy,Italy,1317.0,theologian,europe
2555,Q15876895,Jan Pieterszoon Dou,re_low_countries,Low countries,1573.0,geographer | mathematician,europe
2556,Q4148122,Ortwin,re_german_world,German world,1480.0,theologian,europe
2557,Q451693,"William Brouncker, 2nd Viscount Brouncker",re_british_islands,British Islands,1620.0,mathematician,europe
2558,Q3014885,Daniel of Morley,re_british_islands,British Islands,1140.0,philosopher,europe
2559,Q63206,Otto Brunfels,re_german_world,German world,1488.0,theologian | botanist | zoologist,europe
2560,Q18398264,Valerand de la Varanne,re_france,France,1450.0,theologian,europe
2561,Q15838996,Giovanni Battista Personeni,re_italy,Italy,1575.0,theologian,europe
2562,Q547901,Johannes Meursius,re_nordic_countries,Nordic countries,1579.0,historian,europe
2563,Q952846,Antonio de Solís y Ribadeneyra,re_spain,Spain,1610.0,historian,europe
2564,Q45348704,Giugurta Tommasi,re_italy,Italy,1562.0,historian,europe
2565,Q10357463,Raphael Bluteau,re_portugal,Portugal,1638.0,philosopher,europe
2566,Q220976,Thomas à Kempis,re_low_countries,Low countries,1380.0,theologian | philosopher,europe
2567,Q554825,Benedikt Kotruljević,re_italy,Italy,1416.0,economist,europe
2568,Q1612418,Hermann Rahtmann,re_central_europe,Central Europe,1585.0,theologian,europe
2569,Q319802,Albert Hardenberg,re_german_world,German world,1510.0,theologian,europe
2570,Q15451952,Georg Gutke,re_german_world,German world,1589.0,philosopher,europe
2571,Q5040227,Carl Gottlieb Ehler,re_central_europe,Central Europe,1685.0,astronomer | mathematician,europe
2572,Q445967,Joachim Neander,re_german_world,German world,1650.0,theologian,europe
2573,Q1696211,Johann Sebastian Pfauser,re_german_world,German world,1520.0,theologian,europe
2574,Q3130352,Henri-Charles de Beaubrun,re_france,France,1655.0,theologian,europe
2575,Q1003892,Johannes Fridelius,re_central_europe,Central Europe,1638.0,zoologist,europe
2576,Q713261,Petr Chelčický,re_central_europe,Central Europe,1390.0,theologian | philosopher,europe
2577,Q15440232,Johann Andreas Gleich,re_german_world,German world,1666.0,theologian,europe
2578,Q98891,Christoph Semler,re_german_world,German world,1669.0,theologian | astronomer,europe
2579,Q1903797,Martin Fuhrmann,re_german_world,German world,1450.0,theologian,europe
2580,Q3341053,Nicole Gilles,re_france,France,1420.0,historian,europe
2581,Q3499309,Torquato Accetto,re_italy,Italy,1598.0,philosopher,europe
2582,Q78447,Andreas Musculus,re_german_world,German world,1514.0,theologian,europe
2583,Q3083445,Pierre Barrère,re_france,France,1690.0,botanist | zoologist,europe
2584,Q545716,Pere Miquel Carbonell,re_spain,Spain,1434.0,historian,europe
2585,Q56024512,Guillaume Marcel,re_france,France,1647.0,geographer | historian,europe
2586,Q37475153,Johann Jacob Hainlin,re_german_world,German world,1588.0,mathematician,europe
2587,Q27656158,Domingo de Oña,re_italy,Italy,1560.0,theologian | philosopher,europe
2588,Q450192,Guillaume de Puylaurens,re_france,France,1200.0,historian,europe
2589,Q14946873,James Keill,re_british_islands,British Islands,1673.0,philosopher | anatomist,europe
2590,Q1447018,Franz Guillimann,re_german_world,German world,1570.0,historian,europe
2591,Q105272382,Agostino Busco,re_italy,Italy,1608.0,historian,europe
2592,Q61860832,Juan Carlos de Andosilla,re_italy,Italy,1644.0,mathematician,europe
2593,Q497554,Christoph Demantius,re_german_world,German world,1567.0,musicologist,europe
2594,Q112980,Andreas Angelus,re_german_world,German world,1561.0,historian,europe
2595,Q1674617,Israel Kolmodin,re_nordic_countries,Nordic countries,1643.0,theologian,europe
2596,Q55227740,Fortunato da Rovigo,re_italy,Italy,1638.0,botanist,europe
2597,Q66627,George Cassander,re_german_world,German world,1513.0,theologian,europe
2598,Q1692701,Johann Beyer,re_german_world,German world,1673.0,astronomer,europe
2599,Q5339928,Edmund Wingate,re_british_islands,British Islands,1596.0,mathematician,europe
2600,Q55126780,Peter Streithagen,re_german_world,German world,1592.0,theologian,europe
2601,Q781378,Marino Sanuto the Younger,re_italy,Italy,1466.0,historian,europe
2602,Q2712188,Hans Schriber,re_german_world,German world,1500.0,historian,europe
2603,Q6236902,Jonas Werving,re_nordic_countries,Nordic countries,1650.0,historian,europe
2604,Q1504654,Georg Heinrich Pfeiffer,re_german_world,German world,1662.0,theologian,europe
2605,Q1980748,Pieter Maasz Smit,re_low_countries,Low countries,1650.0,geographer | mathematician,europe
2606,Q348377,Jean de Léry,re_german_world,German world,1536.0,theologian,europe
2607,Q1516516,Johann Franz Löw,re_central_europe,Central Europe,1648.0,philosopher,europe
2608,Q103335,Fritsche Closener,re_france,France,1315.0,historian,europe
2609,Q1638357,Roland-Michel Barrin de La Galissonière,re_france,France,1693.0,botanist,europe
2610,Q1798471,"Pedro Afonso, conde de Barcelos",re_portugal,Portugal,1288.0,historian,europe
2611,Q1697302,Johannes Bremer,re_german_world,German world,1400.0,theologian,europe
2612,Q11929280,Juan Dolz del Castellar,re_spain,Spain,1450.0,philosopher,europe
2613,Q3261353,Louis Bretez,re_france,France,1601.0,geographer,europe
2614,Q12630940,Feliks Petančić,re_balkans,Balkans,1455.0,historian,europe
2615,Q1187173,Martín Cortés de Albacar,re_spain,Spain,1510.0,astronomer,europe
2616,Q84289,Georg von Peuerbach,re_german_world,German world,1423.0,astronomer | mathematician,europe
2617,Q4745835,Amerus,re_british_islands,British Islands,1201.0,musicologist,europe
2618,Q430685,Sylvester Mazzolini,re_italy,Italy,1456.0,theologian,europe
2619,Q89351,Chrysostomus Hanthaler,re_german_world,German world,1690.0,historian,europe
2620,Q17417832,Johann Ludwig Andreae,re_german_world,German world,1667.0,theologian,europe
2621,Q6235719,John Goodwin,re_british_islands,British Islands,1594.0,theologian,europe
2622,Q2458567,François Bonivard,re_france,France,1493.0,historian,europe
2623,Q18516490,David Coster,re_low_countries,Low countries,1686.0,geographer,europe
2624,Q1693836,Johann Georg Geret,re_german_world,German world,1694.0,theologian,europe
2625,Q202279,Guillaume de l'Hôpital,re_france,France,1661.0,mathematician,europe
2626,Q1506024,Georg Simler,re_german_world,German world,1477.0,theologian,europe
2627,Q1089729,James of Hesbaye,re_low_countries,Low countries,1260.0,musicologist,europe
2628,Q527567,Pedro Jaime Esteve,re_spain,Spain,1500.0,botanist,europe
2629,Q9354486,Judasz Tadeusz Krusinski,re_central_europe,Central Europe,1675.0,historian,europe
2630,Q96362963,Johann Leopold Cysat,re_german_world,German world,1601.0,geographer,europe
2631,Q1922495,Jacob van Oudenhoven,re_low_countries,Low countries,1601.0,historian,europe
2632,Q94919120,Johann Georg Fuchs,re_german_world,German world,1627.0,theologian,europe
2633,Q76579,Georgius Agricola,re_german_world,German world,1494.0,geologist | philosopher | historian | chemist,europe
2634,Q455140,Bartolomeo Platina,re_italy,Italy,1421.0,historian,europe
2635,Q18945439,Giovanni Francesco Fiammelli,re_italy,Italy,1565.0,mathematician,europe
2636,Q62535,Melchior Hoffman,re_france,France,1490.0,theologian,europe
2637,Q21044471,Pierre Louvet,re_france,France,1617.0,historian,europe
2638,Q1868086,Frederik van Leenhof,re_low_countries,Low countries,1647.0,philosopher,europe
2639,Q3701909,Daniele Concina,re_italy,Italy,1687.0,theologian,europe
2640,Q5171313,Cornelius Burges,re_central_europe,Central Europe,1589.0,theologian,europe
2641,Q24262669,Girolamo Donati,re_italy,Italy,1454.0,theologian,europe
2642,Q1257525,Girolamo Michelangelo Chiti,re_italy,Italy,1679.0,musicologist,europe
2643,Q3086343,François de la Fare,re_france,France,1584.0,theologian,europe
2644,Q3174194,Jean Rabec,re_france,France,1505.0,theologian,europe
2645,Q1696061,Johannes Schütz,re_german_world,German world,1531.0,theologian,europe
2646,Q94907865,Sebald Ludwig,re_german_world,German world,1548.0,theologian,europe
2647,Q662424,Andreas Agnellus,re_italy,Italy,805.0,historian,europe
2648,Q33308799,Peter Boye,re_german_world,German world,1450.0,theologian,europe
2649,Q1429323,Paul Crusius,re_german_world,German world,1525.0,theologian | astronomer | historian | mathematician,europe
2650,Q15905920,Christoph Zeller,re_german_world,German world,1605.0,theologian,europe
2651,Q633094,Johannes Bureus,re_nordic_countries,Nordic countries,1568.0,archeologist | linguist | historian,europe
2652,Q209152,William Penn,re_british_islands,British Islands,1644.0,theologian | philosopher,europe
2653,Q633408,Archibald Pitcairne,re_british_islands,British Islands,1652.0,philosopher | mathematician | anatomist,europe
2654,Q2505740,Lambert ten Kate,re_low_countries,Low countries,1674.0,theologian | linguist,europe
2655,Q5483187,Francisco Bermúdez de Pedraza,re_spain,Spain,1585.0,historian,europe
2656,Q585227,Antoine-Augustin Bruzen de La Martinière,re_france,France,1662.0,geographer | historian,europe
2657,Q3816857,Sebastián de Covarrubias,re_spain,Spain,1539.0,linguist,europe
2658,Q2840364,Licinianus of Cartagena,re_spain,Spain,554.0,theologian,europe
2659,Q3713292,Domenico da Gravina,re_italy,Italy,1300.0,historian,europe
2660,Q3101533,George Dousa,re_low_countries,Low countries,1574.0,historian,europe
2661,Q1694992,Johann Joachim Zentgraf,re_france,France,1643.0,theologian,europe
2662,Q93113,Coluccio Salutati,re_italy,Italy,1331.0,philosopher,europe
2663,Q311625,Francesco Geminiani,re_british_islands,British Islands,1687.0,musicologist,europe
2664,Q94943552,Ulrich Zwingli,re_german_world,German world,1556.0,theologian,europe
2665,Q5274883,Diego del Puerto,re_spain,Spain,1500.0,musicologist,europe
2666,Q3387491,Pierre de Cazeneuve,re_france,France,1591.0,historian,europe
2667,Q1047932,Caspar IV. Lerch,re_german_world,German world,1575.0,historian,europe
2668,Q3372504,Paul de Rapin,re_german_world,German world,1661.0,historian,europe
2669,Q55226311,Carlo Francesco Camozzi,re_italy,Italy,1672.0,theologian,europe
2670,Q3181172,John Cameron,re_france,France,1579.0,theologian,europe
2671,Q1080765,Christian Langhansen,re_slav_world,Slav world,1660.0,theologian | mathematician,europe
2672,Q94930937,Johannes Lysius,re_german_world,German world,1675.0,theologian,europe
2673,Q20820554,Pál Gyöngyösi,re_german_world,German world,1668.0,theologian,europe
2674,Q2417087,Theobald Nigrinus,re_france,France,1485.0,theologian,europe
2675,Q8007956,William Douglass,re_british_islands,British Islands,1691.0,historian,europe
2676,Q3435427,Robert Hues,re_british_islands,British Islands,1553.0,geographer | mathematician,europe
2677,Q107695984,Josse-Joseph Plumyoen,re_low_countries,Low countries,1692.0,historian,europe
2678,Q16521537,János Lippay,re_central_europe,Central Europe,1606.0,botanist,europe
2679,Q649722,Caesar of Heisterbach,re_german_world,German world,1180.0,theologian,europe
2680,Q685979,Wolfgang Lazius,re_german_world,German world,1514.0,geographer | historian,europe
2681,Q246091,Urban Hjärne,re_nordic_countries,Nordic countries,1641.0,geologist | chemist,europe
2682,Q12768304,Juraj Bohuš,re_central_europe,Central Europe,1687.0,geographer,europe
2683,Q109876907,Faustino Tasso,re_italy,Italy,1541.0,historian,europe
2684,Q7183989,Philip Lonicer,re_german_world,German world,1543.0,theologian | historian,europe
2685,Q5953290,Juan de Mal Lara,re_spain,Spain,1524.0,philosopher,europe
2686,Q6000244,Johan Månsson,re_nordic_countries,Nordic countries,1590.0,geographer,europe
2687,Q3771646,Giuseppe Zambeccari,re_italy,Italy,1655.0,anatomist,europe
2688,Q55127426,Christoph Woltereck,re_german_world,German world,1686.0,historian,europe
2689,Q71071,David of Augsburg,re_german_world,German world,1200.0,theologian,europe
2690,Q52149234,Hero Sibersma,re_low_countries,Low countries,1644.0,theologian,europe
2691,Q87662240,Ignaz Greiner,re_german_world,German world,1698.0,theologian,europe
2692,Q55225218,Bartolomeo Baffi,re_italy,Italy,1544.0,theologian,europe
2693,Q61560397,Francesco Bordoni,re_italy,Italy,1595.0,theologian,europe
2694,Q597852,William Chillingworth,re_british_islands,British Islands,1602.0,theologian,europe
2695,Q15434161,Heinrich Dittlinger,re_german_world,German world,1440.0,historian,europe
2696,Q1527187,Gisbert Matthias Elsner,re_low_countries,Low countries,1698.0,theologian,europe
2697,Q107999611,Simon de Vries,re_low_countries,Low countries,1630.0,historian,europe
2698,Q724270,Jan Frederik Gronovius,re_low_countries,Low countries,1690.0,botanist,europe
2699,Q21704957,Georg Hieronymus Welsch,re_german_world,German world,1624.0,zoologist,europe
2700,Q19841153,"Maximilien van Hangest-Genlis, dit d’Yvoy",re_low_countries,Low countries,1621.0,geographer,europe
2701,Q1928957,Michael Rackelmann,re_german_world,German world,1505.0,theologian,europe
2702,Q2756217,Vital du Four,re_france,France,1260.0,philosopher,europe
2703,Q17003205,Casimir Freschot,re_german_world,German world,1640.0,historian,europe
2704,Q1522301,Gian Girolamo Zannichelli,re_italy,Italy,1662.0,botanist | pharmacologist,europe
2705,Q505697,Thomas Mun,re_british_islands,British Islands,1571.0,economist,europe
2706,Q94912597,Johann Daniel Böckel,re_german_world,German world,1692.0,theologian,europe
2707,Q557382,Elias Tillandz,re_nordic_countries,Nordic countries,1640.0,botanist,europe
2708,Q17478136,Martín Laso de Oropesa,re_spain,Spain,1499.0,linguist,europe
2709,Q3085502,Francesco Panigarola,re_italy,Italy,1548.0,theologian,europe
2710,Q718564,William de la Mare,re_british_islands,British Islands,1300.0,philosopher,europe
2711,Q5590407,Eric Burman,re_nordic_countries,Nordic countries,1692.0,astronomer | meteorologist | mathematician,europe
2712,Q923800,Honoré Fabri,re_italy,Italy,1607.0,theologian | astronomer | physicist | mathematician,europe
2713,Q299446,Basilios Bessarion,re_italy,Italy,1403.0,philosopher,europe
2714,Q685566,Philippe Alegambe,re_italy,Italy,1592.0,historian,europe
2715,Q55677110,Joachim Heinrich Siemerling,re_german_world,German world,1662.0,theologian,europe
2716,Q28761,Alfred of Sareshel,re_british_islands,British Islands,1101.0,philosopher,europe
2717,Q76639,Philip Johan von Strahlenberg,re_nordic_countries,Nordic countries,1677.0,geographer,europe
2718,Q55374922,Ulrich Cubicularius,re_german_world,German world,1600.0,theologian,europe
2719,Q2832803,Alessandro Pascoli,re_italy,Italy,1669.0,philosopher,europe
2720,Q21544626,Francesco Bernardino Ferrari,re_italy,Italy,1577.0,historian,europe
2721,Q2424380,Thomas Grynaeus,re_german_world,German world,1512.0,theologian,europe
2722,Q55122469,Christian Hartsoecker,re_low_countries,Low countries,1619.0,theologian,europe
2723,Q3172160,Jean Fusoris,re_france,France,1365.0,mathematician,europe
2724,Q2466849,Jean Molinet,re_france,France,1435.0,historian,europe
2725,Q5577683,Isak Björklund,re_nordic_countries,Nordic countries,1686.0,theologian,europe
2726,Q107349457,Gilles Boileau de Bouillon,re_france,France,1525.0,geographer,europe
2727,Q1259432,Conrad Tiburtius Rango,re_german_world,German world,1639.0,theologian,europe
2728,Q158097,Johann Crüger,re_german_world,German world,1598.0,musicologist,europe
2729,Q1696250,Johann Simonis,re_german_world,German world,1698.0,theologian,europe
2730,Q726787,Plato Tiburtinus,re_italy,Italy,1110.0,astronomer | mathematician,europe
2731,Q27950132,Johann Heinrich Schellenbauer,re_german_world,German world,1643.0,theologian,europe
2732,Q94918129,Johann Christian Langbein,re_german_world,German world,1687.0,theologian,europe
2733,Q1503919,Georg Christian Joannis,re_german_world,German world,1658.0,historian,europe
2734,Q17617561,Michael Burger,re_slav_world,Slav world,1686.0,chemist,europe
2735,Q3603769,Abraham Angermannus,re_nordic_countries,Nordic countries,1540.0,theologian,europe
2736,Q18911804,Martin Weinrich,re_german_world,German world,1548.0,physicist,europe
2737,Q11917148,Diego Mas,re_spain,Spain,1553.0,philosopher,europe
2738,Q7701147,Teofil Rutka,re_slav_world,Slav world,1622.0,philosopher,europe
2739,Q108839,Michael Friedrich Quade,re_central_europe,Central Europe,1682.0,theologian,europe
2740,Q3093659,Gabriel Calloet-Kerbrat,re_france,France,1616.0,botanist,europe
2741,Q794358,András Beythe,re_central_europe,Central Europe,1564.0,botanist,europe
2742,Q5613374,Gualberto Fabricio de Vagad,re_spain,Spain,1500.0,historian,europe
2743,Q94869193,Johann Jakob Lavater,re_german_world,German world,1694.0,theologian,europe
2744,Q347699,Claude Perrault,re_france,France,1613.0,zoologist | botanist | art theorist | anatomist,europe
2745,Q969459,Jacobus de Cessolis,re_italy,Italy,1250.0,philosopher,europe
2746,Q55136659,Johann Martin Schamel,re_german_world,German world,1668.0,theologian,europe
2747,Q706830,Henry Gellibrand,re_british_islands,British Islands,1597.0,geologist | astronomer | mathematician,europe
2748,Q107504,Johann Friedrich Penther,re_german_world,German world,1693.0,mathematician,europe
2749,Q2027537,Nicolaas Bidloo,re_slav_world,Slav world,1674.0,botanist,europe
2750,Q379912,Bernard Mandeville,re_british_islands,British Islands,1670.0,philosopher | economist,europe
2751,Q2144421,Renward Cysat,re_german_world,German world,1545.0,geographer,europe
2752,Q67494,Simon Paulli,re_nordic_countries,Nordic countries,1603.0,botanist | anatomist,europe
2753,Q4136968,Johann Gustav Gaerber,re_slav_world,Slav world,1690.0,geographer,europe
2754,Q2333971,Statius Fabricius,re_german_world,German world,1591.0,theologian,europe
2755,Q5992477,Ignacio de Arbieto,re_spain,Spain,1585.0,philosopher | historian,europe
2756,Q1666446,Vitus Auslasser,re_german_world,German world,1479.0,botanist,europe
2757,Q3351002,Olivier Enguerrand,re_france,France,1505.0,theologian,europe
2758,Q2315627,Albrycht Stanisław Radziwiłł,re_central_europe,Central Europe,1595.0,historian,europe
2759,Q124470,Martin Mushard,re_german_world,German world,1699.0,archeologist | historian,europe
2760,Q94923581,Philippe Villemot,re_france,France,1651.0,astronomer,europe
2761,Q15243346,Kaspar Kratzer,re_german_world,German world,1545.0,theologian,europe
2762,Q18693187,Johann Gropp,re_german_world,German world,1655.0,theologian,europe
2763,Q5804480,Lope de Deza,re_spain,Spain,1546.0,economist,europe
2764,Q369366,Matthew Paris,re_british_islands,British Islands,1200.0,geographer,europe
2765,Q330591,Abraham Scultetus,re_german_world,German world,1566.0,theologian,europe
2766,Q272297,Æthelweard,re_british_islands,British Islands,975.0,historian,europe
2767,Q1291744,Johann Christian Lünig,re_german_world,German world,1662.0,historian,europe
2768,Q105950394,Juan de Espinosa,re_spain,Spain,1500.0,musicologist,europe
2769,Q86223,Georg Matthäus Vischer,re_german_world,German world,1628.0,geographer,europe
2770,Q55678975,Michiel Fortgens,re_low_countries,Low countries,1663.0,theologian,europe
2771,Q773822,Antoninus of Florence,re_italy,Italy,1389.0,theologian,europe
2772,Q75330810,Johann Jakob Dachs,re_german_world,German world,1667.0,theologian,europe
2773,Q57968,Matthäus Merian,re_german_world,German world,1593.0,geographer,europe
2774,Q3377691,Petrus Serrarius,re_low_countries,Low countries,1600.0,theologian,europe
2775,Q55849443,Heinrich Christoph Ebell,re_german_world,German world,1652.0,mathematician,europe
2776,Q3809561,John Preston,re_british_islands,British Islands,1587.0,theologian,europe
2777,Q61741561,Magi Sevilla,re_france,France,1597.0,theologian | historian,europe
2778,Q1085128,Christoph Heinrich Zeibich,re_german_world,German world,1677.0,theologian,europe
2779,Q610189,Leopold Innocenty Nepomucen Polzer,re_central_europe,Central Europe,1697.0,historian,europe
2780,Q1263643,Samuel Theodor Gericke,re_german_world,German world,1665.0,art theorist,europe
2781,Q3512588,Vito Maria Amico,re_italy,Italy,1697.0,historian,europe
2782,Q16268626,Antonio Pelacani,re_italy,Italy,1275.0,philosopher,europe
2783,Q1671132,Johann Georg Puschner,re_german_world,German world,1680.0,astronomer,europe
2784,Q4402242,Andreas Rüdiger,re_german_world,German world,1673.0,philosopher | physicist,europe
2785,Q1910537,Matthäus Luidke,re_german_world,German world,1517.0,theologian,europe
2786,Q76035,Johann Gottlob Carpzov,re_german_world,German world,1679.0,theologian,europe
2787,Q15430809,Andreas Franckenberger,re_german_world,German world,1536.0,historian,europe
2788,Q19280008,Friedrich von Helbach,re_german_world,German world,1568.0,theologian,europe
2789,Q1441548,Hector Gottfried Masius,re_nordic_countries,Nordic countries,1653.0,theologian,europe
2790,Q372888,Clarembald of Arras,re_france,France,1110.0,theologian | philosopher,europe
2791,Q56389183,Károly Frigyes Loew,re_central_europe,Central Europe,1699.0,botanist,europe
2792,Q2424349,Thomas Grote,re_german_world,German world,1425.0,theologian,europe
2793,Q8063868,Zachary Grey,re_british_islands,British Islands,1686.0,historian,europe
2794,Q1259240,Johannes Knebel,re_german_world,German world,1413.0,historian,europe
2795,Q55126675,Justus Söffing,re_german_world,German world,1624.0,theologian,europe
2796,Q95298775,Bernhard Ströbel,re_german_world,German world,1567.0,theologian,europe
2797,Q94810852,Lorenz Carl Brückner,re_central_europe,Central Europe,1673.0,theologian,europe
2798,Q102396,Samuel Friedrich Lauterbach,re_central_europe,Central Europe,1662.0,theologian | historian,europe
2799,Q3022925,Denis Sauvage,re_france,France,1520.0,linguist | historian,europe
2800,Q42689643,Girolamo Fabri,re_italy,Italy,1627.0,historian,europe
2801,Q1212308,Sándor Máriássy,re_central_europe,Central Europe,1689.0,theologian,europe
2802,Q1517082,John Sarrazin,re_france,France,1200.0,theologian,europe
2803,Q19300871,Lluís Pons d'Icart,re_spain,Spain,1518.0,archeologist,europe
2804,Q55677670,Johann Stoz,re_german_world,German world,1619.0,theologian,europe
2805,Q20525404,Francesco Bassegli,re_balkans,Balkans,1441.0,theologian,europe
2806,Q5341979,Edward Boys,re_british_islands,British Islands,1599.0,theologian,europe
2807,Q6786791,Matthaios Kamariotis,re_balkans,Balkans,1401.0,philosopher,europe
2808,Q2965581,Christian Reineccius,re_german_world,German world,1668.0,theologian,europe
2809,Q60059,Albertus Magnus,re_german_world,German world,1193.0,zoologist | philosopher | botanist | musicologist | chemist | theologian | geographer | economist,europe
2810,Q178709,Giambattista Vico,re_italy,Italy,1668.0,philosopher | historian | sociologist,europe
2811,Q24646868,Tobias Volckmer,re_german_world,German world,1560.0,mathematician,europe
2812,Q741901,Tiberius Hemsterhuis,re_low_countries,Low countries,1685.0,linguist | philosopher | mathematician,europe
2813,Q63859268,Jakob Beyrlin,re_german_world,German world,1576.0,historian,europe
2814,Q18649307,Philibert Bretin,re_france,France,1550.0,mathematician,europe
2815,Q105631017,Pedro Agramont Zaldíbar,re_spain,Spain,1567.0,historian,europe
2816,Q751273,Johannes Sibertus Kuffler,re_german_world,German world,1595.0,chemist,europe
2817,Q22054804,Johannes van Paesschen,re_low_countries,Low countries,1450.0,theologian,europe
2818,Q95154620,Benno Löbl,re_central_europe,Central Europe,1688.0,theologian | philosopher,europe
2819,Q113425,Stanisław Lubieniecki,re_german_world,German world,1623.0,astronomer | historian,europe
2820,Q51586657,Giovanni Vincenzo Patuzzi,re_italy,Italy,1700.0,theologian,europe
2821,Q23806362,Tommaso Buoninsegni,re_italy,Italy,1531.0,theologian,europe
2822,Q1517199,Albert Ernst von Wartenberg,re_german_world,German world,1635.0,historian,europe
2823,Q6034045,Johan Palmroot,re_nordic_countries,Nordic countries,1659.0,theologian,europe
2824,Q6169250,Jean-François Foucquet,re_france,France,1665.0,astronomer | historian,europe
2825,Q17617463,Christian Nicolaus von Winsheim,re_slav_world,Slav world,1694.0,astronomer,europe
2826,Q2119913,Claude Hardy,re_france,France,1604.0,linguist | mathematician,europe
2827,Q1611029,Hermann Fabronius,re_german_world,German world,1570.0,theologian,europe
2828,Q7786944,Thomas Adams,re_british_islands,British Islands,1583.0,theologian,europe
2829,Q45840048,Johann Christian Burgmann,re_german_world,German world,1697.0,theologian,europe
2830,Q366328,Brunetto Latini,re_italy,Italy,1220.0,philosopher,europe
2831,Q96611,Caspar Neumann,re_central_europe,Central Europe,1648.0,theologian,europe
2832,Q94876631,Leonhard Andreä,re_german_world,German world,1606.0,theologian,europe
2833,Q1693920,Johann Georg Palm,re_german_world,German world,1697.0,theologian,europe
2834,Q1579772,Nicholas Abram,re_france,France,1589.0,theologian | historian,europe
2835,Q6177257,Swen Sithelius,re_nordic_countries,Nordic countries,1671.0,theologian,europe
2836,Q55124980,Eckard Leichner,re_german_world,German world,1612.0,philosopher,europe
2837,Q21208919,Giovanni Giacomo Pierantoni,re_german_world,German world,1601.0,mathematician,europe
2838,Q1377476,Johann Cogler,re_central_europe,Central Europe,1525.0,theologian,europe
2839,Q19631433,Étienne Thiroux,re_france,France,1647.0,theologian,europe
2840,Q57186,Samuel von Pufendorf,re_german_world,German world,1632.0,historian | philosopher | economist,europe
2841,Q3410332,Bartholomew of Lucca,re_italy,Italy,1240.0,theologian | historian,europe
2842,Q1350979,Erhard Sperber,re_slav_world,Slav world,1529.0,theologian,europe
2843,Q3807718,Jean de Hesdin,re_france,France,1320.0,theologian,europe
2844,Q1871688,Louis Feuillée,re_france,France,1660.0,botanist | astronomer | geographer,europe
2845,Q6777860,Martín de Rada,re_spain,Spain,1533.0,linguist,europe
2846,Q94871974,Martin Faber,re_german_world,German world,1536.0,theologian,europe
2847,Q21545835,Ulrich Obrecht,re_france,France,1646.0,historian,europe
2848,Q892507,Bonifacius Wolfhart,re_german_world,German world,1490.0,theologian,europe
2849,Q2960075,Charles Raffélis de Soissans,re_france,France,1691.0,historian,europe
2850,Q3767643,Giovanni Maria Angiolello,re_italy,Italy,1451.0,historian,europe
2851,Q1677771,Jacob Odé,re_low_countries,Low countries,1698.0,philosopher | physicist | astronomer | mathematician | theologian,europe
2852,Q76499180,Anton Mayr,re_german_world,German world,1673.0,theologian | philosopher,europe
2853,Q1212824,Péter Melius Juhász,re_central_europe,Central Europe,1532.0,botanist,europe
2854,Q17625960,Durand d'Auvergne,re_france,France,1250.0,philosopher,europe
2855,Q3395472,Dinko Zlatarić,re_balkans,Balkans,1558.0,linguist,europe
2856,Q94934641,Johann Huber,re_france,France,1573.0,theologian,europe
2857,Q2427248,Thomas Sergryphius,re_italy,Italy,1505.0,theologian,europe
2858,Q88948162,Marco Dandolo,re_italy,Italy,1458.0,philosopher,europe
2859,Q1302535,Marin Getaldić,re_balkans,Balkans,1568.0,physicist | mathematician,europe
2860,Q8340823,Pedro Jimeno,re_spain,Spain,1515.0,anatomist,europe
2861,Q5942359,José Manuel Trelles Villademoros,re_spain,Spain,1685.0,historian,europe
2862,Q954735,Samuel Daniel,re_british_islands,British Islands,1563.0,historian,europe
2863,Q16269751,Niklaus von Flüe,re_german_world,German world,1598.0,theologian,europe
2864,Q94766402,Johann Dirckinck,re_german_world,German world,1641.0,philosopher,europe
2865,Q16215744,Johann Friedrich Heunisch,re_german_world,German world,1661.0,theologian,europe
2866,Q5908725,Petrus Svenonis Kihlman,re_nordic_countries,Nordic countries,1629.0,theologian,europe
2867,Q1462595,Friedrich Ulrich Calixt,re_german_world,German world,1622.0,theologian,europe
2868,Q4801825,Artus de Lionne,re_france,France,1655.0,theologian,europe
2869,Q2827097,Agostino Oreggi,re_italy,Italy,1577.0,theologian,europe
2870,Q3290542,Marguerin de la Bigne,re_france,France,1546.0,theologian,europe
2871,Q103194,Johann Osiander,re_german_world,German world,1564.0,theologian,europe
2872,Q17380746,Marcus Henrici Helsingius,re_nordic_countries,Nordic countries,1565.0,philosopher,europe
2873,Q3418819,Randle Cotgrave,re_british_islands,British Islands,1600.0,linguist,europe
2874,Q94930895,Georg Wolf,re_german_world,German world,1575.0,theologian,europe
2875,Q1145,Jean-Philippe Rameau,re_france,France,1683.0,musicologist,europe
2876,Q2732806,Jacobus le Mort,re_low_countries,Low countries,1650.0,chemist,europe
2877,Q6136324,James Howell,re_british_islands,British Islands,1594.0,historian,europe
2878,Q15845463,Barthélémy Germon,re_france,France,1663.0,historian,europe
2879,Q55676237,Johann Ludwig Hocker,re_german_world,German world,1670.0,theologian,europe
2880,Q3271478,Léonard Baldner,re_france,France,1612.0,botanist,europe
2881,Q1694319,Johann Hartmann Misler,re_german_world,German world,1642.0,theologian,europe
2882,Q29015372,Joannes van Heumen,re_low_countries,Low countries,1650.0,theologian,europe
2883,Q105954063,Joannes Macarius,re_france,France,1540.0,archeologist | historian,europe
2884,Q3838933,Lucio Scarano,re_italy,Italy,1540.0,philosopher,europe
2885,Q12315242,Hans Bartholin,re_nordic_countries,Nordic countries,1665.0,theologian,europe
2886,Q157359,Johann Kuhnau,re_german_world,German world,1660.0,musicologist | mathematician,europe
2887,Q1677782,Jacques Dubois,re_france,France,1478.0,anatomist,europe
2888,Q121829,Karl Nicolaus Lange,re_german_world,German world,1670.0,paleontologist,europe
2889,Q2844611,Amé Bourdon,re_france,France,1636.0,anatomist,europe
2890,Q11978455,Jens Sørensen,re_nordic_countries,Nordic countries,1646.0,geographer,europe
2891,Q20875186,Giovanni Battista Bianconi,re_italy,Italy,1698.0,historian,europe
2892,Q6119861,Sancho de Muñón,re_spain,Spain,1501.0,theologian,europe
2893,Q2758907,James Sherard,re_british_islands,British Islands,1666.0,botanist,europe
2894,Q1956257,Bertin,re_france,France,615.0,historian,europe
2895,Q122058,Philipp Gallicius,re_german_world,German world,1504.0,theologian,europe
2896,Q56559748,Matthias Erasmus Kohlreif,re_german_world,German world,1641.0,theologian,europe
2897,Q47469059,Francesco Dal Pozzo,re_italy,Italy,1490.0,philosopher,europe
2898,Q3742619,Ferdinando Leopoldo Del Migliore,re_italy,Italy,1628.0,historian,europe
2899,Q55848694,Johann Brandmüller,re_german_world,German world,1533.0,theologian,europe
2900,Q677718,Paulus Renealmus,re_france,France,1560.0,botanist,europe
2901,Q15821313,Johann Ketzmann,re_german_world,German world,1487.0,theologian,europe
2902,Q531788,Pieter Pauw,re_low_countries,Low countries,1564.0,botanist | anatomist,europe
2903,Q895587,Gerard Geldenhouwer,re_german_world,German world,1482.0,theologian | historian,europe
2904,Q3898055,Paul Gabriel Antoine,re_france,France,1678.0,theologian,europe
2905,Q108664,Marquard Freher,re_german_world,German world,1565.0,historian,europe
2906,Q18527537,Roger Collingwood,re_british_islands,British Islands,1495.0,mathematician,europe
2907,Q94934346,Otto Flesche,re_german_world,German world,1691.0,theologian,europe
2908,Q356298,Orderic Vitalis,re_france,France,1075.0,historian,europe
2909,Q247826,Abraham Heidanus,re_low_countries,Low countries,1597.0,theologian,europe
2910,Q3843379,Magnus Beronius,re_nordic_countries,Nordic countries,1692.0,theologian,europe
2911,Q18576914,Robert Hawes,re_british_islands,British Islands,1665.0,geographer,europe
2912,Q107718310,Jacob Roecx,re_low_countries,Low countries,1480.0,theologian,europe
2913,Q553474,Johannes Baazius the younger,re_nordic_countries,Nordic countries,1626.0,theologian,europe
2914,Q84975,Valentin Thilo,re_slav_world,Slav world,1607.0,theologian,europe
2915,Q570603,Francesco Stancaro,re_central_europe,Central Europe,1501.0,linguist,europe
2916,Q2030849,Antonio de Herrera y Tordesillas,re_spain,Spain,1549.0,historian,europe
2917,Q119930,Polykarp Leyser II,re_german_world,German world,1586.0,theologian,europe
2918,Q1279339,John Collins,re_british_islands,British Islands,1625.0,mathematician,europe
2919,Q6184229,Jørgen Jørgensen Sorterup,re_nordic_countries,Nordic countries,1662.0,historian,europe
2920,Q3714363,Dorothea Maria Graff,re_slav_world,Slav world,1678.0,botanist,europe
2921,Q98838,Johann Friedrich Gauhe,re_german_world,German world,1681.0,historian,europe
2922,Q1692175,Peter Koster,re_german_world,German world,1640.0,historian,europe
2923,Q2618397,François Eudes de Mézeray,re_france,France,1610.0,historian,europe
2924,Q101736,Johann Winter von Andernach,re_france,France,1505.0,anatomist,europe
2925,Q359951,Ado of Vienne,re_france,France,800.0,historian,europe
2926,Q3767285,Giovanni Francesco Richelmi,re_italy,Italy,1679.0,theologian,europe
2927,Q451293,Giovanni Ceva,re_italy,Italy,1647.0,mathematician,europe
2928,Q55676246,Heinrich Weidensee,re_german_world,German world,1644.0,theologian,europe
2929,Q627941,Jacopo Zabarella,re_italy,Italy,1533.0,philosopher,europe
2930,Q713191,Peder Palladius,re_nordic_countries,Nordic countries,1503.0,theologian,europe
2931,Q20875737,Josep Coma,re_france,France,1700.0,historian,europe
2932,Q154938,Bede,re_british_islands,British Islands,672.0,theologian | historian,europe
2933,Q722978,Claude Buffier,re_france,France,1661.0,theologian | geographer | philosopher | historian,europe
2934,Q18169772,Jakob Schrenck von Notzing,re_german_world,German world,1539.0,historian,europe
2935,Q118351,Constantine L'Empereur van Oppyck,re_low_countries,Low countries,1591.0,theologian,europe
2936,Q3749759,Francesco Cattani da Diacceto,re_italy,Italy,1446.0,philosopher,europe
2937,Q1281873,Heiric of Auxerre,re_france,France,841.0,theologian | philosopher,europe
2938,Q73396,Abraham Vater,re_german_world,German world,1684.0,anatomist,europe
2939,Q2080920,Petrus Alphonsi,re_spain,Spain,1062.0,theologian | astronomer,europe
2940,Q1694711,Pierre Gallisard,re_france,France,1500.0,theologian,europe
2941,Q18530778,Richard Chefer,re_british_islands,British Islands,1354.0,theologian,europe
2942,Q726962,Jacques Barrelier,re_france,France,1606.0,botanist,europe
2943,Q21334720,Giovanni Marangoni,re_italy,Italy,1673.0,archeologist,europe
2944,Q5949636,Juan Frederic Schedler Van der Schueren,re_spain,Spain,1560.0,theologian,europe
2945,Q28771624,Conrad Dieterich,re_german_world,German world,1575.0,theologian,europe
2946,Q333534,Petrus Plancius,re_low_countries,Low countries,1552.0,theologian | geographer | astronomer,europe
2947,Q2066873,Richard of Wallingford,re_british_islands,British Islands,1292.0,astronomer | mathematician,europe
2948,Q3767067,Giovanni Crisostomo Javelli,re_italy,Italy,1470.0,theologian | philosopher,europe
2949,Q3103400,Juraj Ratkaj,re_balkans,Balkans,1612.0,historian,europe
2950,Q55133974,Johann David Schwertner,re_german_world,German world,1658.0,theologian,europe
2951,Q1461809,Friedrich Runge,re_german_world,German world,1559.0,theologian,europe
2952,Q1677643,Jakob Strauß,re_german_world,German world,1480.0,theologian,europe
2953,Q1696081,Johann Samuel Hering,re_central_europe,Central Europe,1683.0,historian,europe
2954,Q94909953,Huych Allard,re_low_countries,Low countries,1620.0,geographer,europe
2955,Q39599,Christiaan Huygens,re_low_countries,Low countries,1629.0,zoologist | physicist | musicologist | astronomer | mathematician,europe
2956,Q1747469,Robert Smith,re_british_islands,British Islands,1689.0,musicologist | mathematician,europe
2957,Q710804,Eusèbe Renaudot,re_france,France,1646.0,theologian,europe
2958,Q73571,Valerius Herberger,re_central_europe,Central Europe,1562.0,theologian | historian,europe
2959,Q376164,Hadrian à Saravia,re_british_islands,British Islands,1532.0,theologian,europe
2960,Q22570380,Theodorus Peltanus,re_german_world,German world,1511.0,theologian | philosopher,europe
2961,Q817220,Bengt Gottfried Forselius,re_nordic_countries,Nordic countries,1660.0,linguist,europe
2962,Q19729684,Adriaan van Cattenburgh,re_low_countries,Low countries,1664.0,theologian,europe
2963,Q833697,Bojthi Veres Gáspár,re_central_europe,Central Europe,1595.0,historian,europe
2964,Q1488113,Giacomo Zanoni,re_italy,Italy,1615.0,botanist,europe
2965,Q64174,Johann Christian Buxbaum,re_german_world,German world,1693.0,botanist | zoologist,europe
2966,Q94867575,Friedrich Pable,re_central_europe,Central Europe,1649.0,theologian,europe
2967,Q1262734,Duarte Nunes de Leão,re_portugal,Portugal,1530.0,linguist | historian,europe
2968,Q1598462,Heinrich Papenburger,re_german_world,German world,1558.0,theologian,europe
2969,Q2978303,Claude d'Abbeville,re_france,France,1590.0,zoologist,europe
2970,Q3298664,Mathieu Blouin,re_france,France,1554.0,historian,europe
2971,Q2840001,Alphonse I d'Elbène,re_france,France,1538.0,historian,europe
2972,Q2041970,Outgert Cluyt,re_low_countries,Low countries,1578.0,botanist | zoologist,europe
2973,Q1445985,Frans Alard,re_german_world,German world,1500.0,theologian,europe
2974,Q186452,Menahem Recanati,re_italy,Italy,1250.0,philosopher,europe
2975,Q44601,Francesco Guicciardini,re_italy,Italy,1483.0,philosopher | historian,europe
2976,Q55123665,Rudolf von Bellinckhausen,re_german_world,German world,1567.0,theologian,europe
2977,Q55125823,Martin Plantsch,re_german_world,German world,1460.0,theologian,europe
2978,Q1441514,Francis Glisson,re_british_islands,British Islands,1597.0,anatomist,europe
2979,Q6223171,John Bridgewater,re_france,France,1532.0,historian,europe
2980,Q1611259,Johannes Salat,re_german_world,German world,1498.0,historian,europe
2981,Q640051,Bathsua Makin,re_british_islands,British Islands,1600.0,linguist,europe
2982,Q12306335,Christopher Bartholin,re_nordic_countries,Nordic countries,1657.0,mathematician,europe
2983,Q2525149,Ole Borch,re_nordic_countries,Nordic countries,1626.0,philosopher | botanist | zoologist | chemist,europe
2984,Q3768915,Girolamo Dandini,re_italy,Italy,1552.0,theologian,europe
2985,Q18945162,Clermont,re_france,France,1601.0,mathematician,europe
2986,Q2960512,Charles-René d'Hozier,re_france,France,1640.0,historian,europe
2987,Q581159,Pedro de Soto,re_italy,Italy,1493.0,theologian,europe
2988,Q26648,John Argyropoulos,re_italy,Italy,1416.0,philosopher,europe
2989,Q2093220,Pierre Boquin,re_german_world,German world,1518.0,theologian,europe
2990,Q17073754,Johann Burchart,re_central_europe,Central Europe,1546.0,chemist,europe
2991,Q1929404,Michael Siricius,re_german_world,German world,1628.0,theologian,europe
2992,Q72906,Martin Crusius,re_german_world,German world,1526.0,historian,europe
2993,Q55072425,Lorenz Scholz,re_central_europe,Central Europe,1552.0,botanist | zoologist,europe
2994,Q541514,Johannes Gezelius the younger,re_nordic_countries,Nordic countries,1647.0,theologian,europe
2995,Q706203,Philipp Nicolai,re_german_world,German world,1556.0,theologian,europe
2996,Q3157850,Jacques Alexandre Le Tenneur,re_france,France,1610.0,mathematician,europe
2997,Q60845268,Johannes Sigfridus,re_german_world,German world,1556.0,botanist | anatomist,europe
2998,Q1613275,Hermann von Neuenar,re_german_world,German world,1492.0,botanist | historian,europe
2999,Q5971475,Mogens Madsen,re_nordic_countries,Nordic countries,1527.0,historian,europe
3000,Q3181255,John Colgan,re_british_islands,British Islands,1592.0,historian,europe
3001,Q1669626,Michael Radau,re_slav_world,Slav world,1617.0,theologian,europe
3002,Q111154579,Filippo Antonini,re_italy,Italy,1560.0,archeologist,europe
3003,Q55673571,Friedrich Christian Heider,re_german_world,German world,1677.0,theologian,europe
3004,Q1081865,Christian Schütz,re_german_world,German world,1526.0,theologian,europe
3005,Q12768573,Ján Misch,re_german_world,German world,1613.0,astronomer,europe
3006,Q3122009,Guy Michel Lejay,re_france,France,1588.0,theologian,europe
3007,Q58215803,Hieronymus Burckhardt,re_german_world,German world,1680.0,theologian,europe
3008,Q1539137,Gottfried Cundisius,re_german_world,German world,1599.0,theologian,europe
3009,Q5670261,Alfonso de Alcalá,re_spain,Spain,1465.0,linguist,europe
3010,Q55905933,Heinrich Urdemann,re_german_world,German world,1420.0,theologian,europe
3011,Q1081945,Christian Specht,re_german_world,German world,1647.0,theologian,europe
3012,Q1727292,Nicolaus Rebhan,re_german_world,German world,1571.0,theologian,europe
3013,Q43746,Bonaventure,re_france,France,1221.0,theologian | philosopher,europe
3014,Q16185906,Marco Antonio Ceccaldi,re_italy,Italy,1521.0,historian,europe
3015,Q55844402,Nikolas von Burgund,re_low_countries,Low countries,1586.0,historian,europe
3016,Q2609522,Sedulius Scottus,re_british_islands,British Islands,850.0,philosopher,europe
3017,Q21543753,Barthold Feind,re_german_world,German world,1633.0,theologian | astronomer,europe
3018,Q538586,Charles Estienne,re_france,France,1504.0,botanist | linguist | anatomist,europe
3019,Q52158473,Henricus Van Born,re_low_countries,Low countries,1630.0,theologian,europe
3020,Q5113018,Christopher Packe,re_british_islands,British Islands,1686.0,geologist,europe
3021,Q3175129,Jean Yeuwain,re_low_countries,Low countries,1566.0,linguist,europe
3022,Q364975,Richard Cantillon,re_british_islands,British Islands,1680.0,philosopher | economist,europe
3023,Q677639,Jérôme-Hermès Bolsec,re_france,France,1501.0,theologian,europe
3024,Q571155,Nikolaus Ager,re_france,France,1568.0,botanist,europe
3025,Q95635574,Johann Christian Rende,re_german_world,German world,1676.0,theologian,europe
3026,Q2120010,Franciscus Haraeus,re_low_countries,Low countries,1555.0,geographer | historian,europe
3027,Q454603,Jodocus Hondius,re_low_countries,Low countries,1563.0,geographer | astronomer,europe
3028,Q18880379,William Sudbury,re_british_islands,British Islands,1351.0,theologian,europe
3029,Q1348087,Erasmus Stella,re_german_world,German world,1460.0,historian,europe
3030,Q4216698,David Caspari,re_central_europe,Central Europe,1648.0,theologian,europe
3031,Q24737420,Agostino Bucci,re_italy,Italy,1531.0,philosopher,europe
3032,Q983261,Henricus Hondius II,re_low_countries,Low countries,1597.0,geographer,europe
3033,Q1468644,Tobiah ben Eliezer,re_balkans,Balkans,1050.0,theologian,europe
3034,Q464471,Andrea Alciato,re_italy,Italy,1492.0,historian,europe
3035,Q62008124,Simon de Biondo,re_italy,Italy,1350.0,theologian,europe
3036,Q107928,Peter Becker,re_central_europe,Central Europe,1491.0,theologian,europe
3037,Q123717,Wiguleus Hund,re_german_world,German world,1514.0,historian,europe
3038,Q75308992,Johann Criginger,re_german_world,German world,1564.0,theologian,europe
3039,Q56237091,Jacobus Streso,re_low_countries,Low countries,1648.0,theologian,europe
3040,Q311814,Giovanni Alfonso Borelli,re_italy,Italy,1608.0,mathematician,europe
3041,Q56556949,Andreas Wurm,re_german_world,German world,1455.0,theologian,europe
3042,Q94942665,Wolfgang Gerdangk,re_german_world,German world,1611.0,theologian,europe
3043,Q3431220,Richard Sibbes,re_british_islands,British Islands,1577.0,theologian,europe
3044,Q86074251,Hiëronymus van Alphen,re_low_countries,Low countries,1700.0,theologian,europe
3045,Q57337,Anton Praetorius,re_german_world,German world,1560.0,theologian,europe
3046,Q15290301,Peter Werenfels,re_german_world,German world,1627.0,theologian,europe
3047,Q319749,Edme Mariotte,re_france,France,1620.0,botanist | physicist | chemist,europe
3048,Q1693315,Johannes Eichel,re_german_world,German world,1621.0,anthropologist,europe
3049,Q19986310,Laure Hillerin,re_france,France,949.0,historian,europe
3050,Q94944382,Andreas Schumann,re_slav_world,Slav world,1699.0,theologian,europe
3051,Q61858088,José Vicente del Olmo,re_spain,Spain,1611.0,geographer,europe
3052,Q537015,Willem Baudartius,re_low_countries,Low countries,1565.0,theologian,europe
3053,Q15454733,Ludwig Gerhard,re_german_world,German world,1680.0,theologian,europe
3054,Q205031,Castore Durante,re_italy,Italy,1529.0,botanist,europe
3055,Q1361390,Prokop Diviš,re_central_europe,Central Europe,1698.0,theologian | physicist | zoologist,europe
3056,Q712257,Hincmar,re_france,France,806.0,theologian | philosopher | historian,europe
3057,Q547564,Gaetano Giulio Zumbo,re_france,France,1656.0,anatomist,europe
3058,Q18530596,Peter Carter,re_british_islands,British Islands,1530.0,logician,europe
3059,Q5698044,Antonio Cervera de la Torre,re_spain,Spain,1600.0,historian,europe
3060,Q2874928,Aymar du Rivail,re_france,France,1491.0,historian,europe
3061,Q55676864,Matthias Burchard,re_german_world,German world,1619.0,theologian,europe
3062,Q2633293,Pierre du Ryer,re_france,France,1605.0,historian,europe
3063,Q1368349,Johann Vogel,re_german_world,German world,1589.0,theologian,europe
3064,Q1424744,Juan Díaz,re_german_world,German world,1510.0,theologian,europe
3065,Q3525471,Thomas Penny,re_british_islands,British Islands,1532.0,zoologist,europe
3066,Q538065,Prospero Alpini,re_italy,Italy,1553.0,botanist,europe
3067,Q983588,Gissur Einarsson,re_nordic_countries,Nordic countries,1512.0,theologian,europe
3068,Q23000129,Marco Antonio Altieri,re_italy,Italy,1450.0,historian,europe
3069,Q3171057,Jean Beguin,re_france,France,1550.0,chemist,europe
3070,Q1633681,Olegarius,re_spain,Spain,1060.0,philosopher,europe
3071,Q51485783,Georg Christian von Knorr,re_german_world,German world,1691.0,theologian,europe
3072,Q3620091,Antonio Riccoboni,re_italy,Italy,1541.0,historian,europe
3073,Q29264730,Gaspar Huguet,re_spain,Spain,1700.0,historian,europe
3074,Q21545736,Tarquinio Galluzzi,re_italy,Italy,1574.0,philosopher,europe
3075,Q312694,John Law,re_italy,Italy,1671.0,economist,europe
3076,Q3086917,Vicente Lusitano,re_portugal,Portugal,1520.0,musicologist,europe
3077,Q19596402,Alberto Cassio,re_italy,Italy,1669.0,archeologist | historian,europe
3078,Q101319,Tobias Adami,re_german_world,German world,1581.0,philosopher,europe
3079,Q5576930,Georg Biurman,re_nordic_countries,Nordic countries,1700.0,geographer,europe
3080,Q16198117,Nathaniel Crouch,re_british_islands,British Islands,1632.0,historian,europe
3081,Q953427,Constantijn Huygens jr.,re_low_countries,Low countries,1628.0,astronomer,europe
3082,Q56062338,Pierre-Joseph de Solignac,re_france,France,1687.0,historian,europe
3083,Q3173719,Jean Nicolaï,re_france,France,1594.0,theologian,europe
3084,Q1085457,Christoph Ludwig Stieglitz,re_german_world,German world,1687.0,theologian,europe
3085,Q11885483,Olof Gangius,re_nordic_countries,Nordic countries,1628.0,geographer,europe
3086,Q1996629,Petrus Martinez de Osma,re_spain,Spain,1427.0,theologian | philosopher,europe
3087,Q19357558,Girolamo Borsieri,re_italy,Italy,1588.0,geographer | historian,europe
3088,Q6241942,John Johnson,re_british_islands,British Islands,1662.0,theologian,europe
3089,Q3085088,François Lamy,re_france,France,1636.0,theologian,europe
3090,Q12263147,Martín de Coscojales,re_spain,Spain,1542.0,historian,europe
3091,Q173441,Muhammad al-Idrisi,re_italy,Italy,1101.0,botanist | historian | geographer,europe
3092,Q3592307,Étienne Noël,re_france,France,1581.0,theologian,europe
3093,Q1684943,Jean-Joseph Surin,re_france,France,1600.0,philosopher,europe
3094,Q1698641,Johannes Winckelmann,re_german_world,German world,1551.0,theologian,europe
3095,Q2387965,Jacques Roergas de Serviez,re_france,France,1679.0,historian,europe
3096,Q266447,Ralph of Caen,re_france,France,1085.0,historian,europe
3097,Q7639702,Jens Bircherod,re_nordic_countries,Nordic countries,1664.0,theologian,europe
3098,Q266017,Guidobaldo del Monte,re_italy,Italy,1545.0,astronomer | philosopher | physicist | mathematician,europe
3099,Q1375945,Franz Kiggelaer,re_low_countries,Low countries,1648.0,botanist,europe
3100,Q3777109,Martinus de Dacia,re_nordic_countries,Nordic countries,1220.0,theologian | philosopher,europe
3101,Q3845887,Marcantonio Genua,re_italy,Italy,1491.0,philosopher,europe
3102,Q809544,Bartolomé de Medina,re_spain,Spain,1527.0,theologian | economist,europe
3103,Q334154,Giambattista della Porta,re_italy,Italy,1535.0,philosopher | physicist | astronomer | mathematician | chemist,europe
3104,Q3190791,Jérôme Abarca-Bolea-y-Portugal,re_spain,Spain,1500.0,historian,europe
3105,Q1910510,Matthaeus Dresser,re_german_world,German world,1536.0,historian,europe
3106,Q561050,Laurentius Petri,re_nordic_countries,Nordic countries,1499.0,theologian,europe
3107,Q23000054,Matthaeus Hiller,re_german_world,German world,1646.0,theologian,europe
3108,Q721423,Francisco López de Gómara,re_spain,Spain,1511.0,historian,europe
3109,Q40650483,Andreas Goldmayer,re_german_world,German world,1602.0,astronomer | mathematician,europe
3110,Q3014856,Daniel Zwicker,re_low_countries,Low countries,1612.0,theologian,europe
3111,Q5563665,Giovanni Angelo Canini,re_italy,Italy,1617.0,archeologist | anthropologist,europe
3112,Q5565448,Giuseppe Maria Figatelli,re_italy,Italy,1639.0,mathematician,europe
3113,Q1300702,Jacob Stolterfoht,re_german_world,German world,1600.0,theologian,europe
3114,Q1166131,Martonfalvi Tóth György,re_central_europe,Central Europe,1635.0,theologian,europe
3115,Q443783,Richard Hooker,re_british_islands,British Islands,1554.0,theologian,europe
3116,Q2383250,Jean Taisner,re_german_world,German world,1508.0,mathematician,europe
3117,Q3261837,Louis Ellies Dupin,re_france,France,1657.0,theologian | historian,europe
3118,Q348832,Adam Bohorič,re_france,France,1520.0,linguist,europe
3119,Q3106971,Giovanni Maria Velmazio,re_italy,Italy,1505.0,philosopher,europe
3120,Q56006595,Jacobus Jansonius,re_low_countries,Low countries,1547.0,theologian,europe
3121,Q117161,Johann von Muralt,re_german_world,German world,1645.0,anatomist,europe
3122,Q1974177,Simon Pelgrom,re_low_countries,Low countries,1507.0,historian,europe
3123,Q58637188,Georg Müller,re_german_world,German world,1603.0,theologian,europe
3124,Q12360594,Christian Bomhower,re_central_europe,Central Europe,1449.0,theologian,europe
3125,Q1503697,Georg Besserer,re_german_world,German world,1544.0,theologian,europe
3126,Q324040,Giovanni Pietro Maffei,re_italy,Italy,1533.0,historian,europe
3127,Q84499902,Cornelius Gravesande,re_low_countries,Low countries,1631.0,anatomist,europe
3128,Q91661,Johannes Praetorius,re_german_world,German world,1537.0,astronomer | physicist | mathematician,europe
3129,Q96636,Ludwig Babenstuber,re_german_world,German world,1660.0,philosopher,europe
3130,Q3129976,Robert Gaguin,re_france,France,1434.0,philosopher | historian,europe
3131,Q1174666,David Hanisius,re_german_world,German world,1665.0,theologian,europe
3132,Q1860320,Matthias de l'Obel,re_british_islands,British Islands,1538.0,botanist,europe
3133,Q94918412,Jo. Hieronymus Textorius,re_france,France,1629.0,theologian,europe
3134,Q94935116,Andreas Francke,re_german_world,German world,1496.0,theologian,europe
3135,Q67146,Gottfried Arnold,re_german_world,German world,1666.0,theologian | historian,europe
3136,Q109588126,Johann Weingärtner,re_german_world,German world,1643.0,theologian,europe
3137,Q3955738,Serafin Crijević,re_balkans,Balkans,1696.0,historian,europe
3138,Q108173133,Jan David,re_low_countries,Low countries,1545.0,theologian,europe
3139,Q706801,John of Viktring,re_slav_world,Slav world,1300.0,historian,europe
3140,Q101002817,Balthasar Arend,re_german_world,German world,1640.0,theologian,europe
3141,Q3642052,Bonaventura Morone,re_italy,Italy,1557.0,theologian,europe
3142,Q2577971,William Ball,re_british_islands,British Islands,1627.0,astronomer,europe
3143,Q15456688,Petrus Saxonius,re_german_world,German world,1591.0,astronomer | mathematician,europe
3144,Q112283632,Ambrogio Taegio,re_italy,Italy,1461.0,historian,europe
3145,Q94943098,George Hübner,re_central_europe,Central Europe,1635.0,theologian,europe
3146,Q108908999,Ambrosius Salzer,re_german_world,German world,1476.0,theologian,europe
3147,Q75046252,Luis de Bavia,re_spain,Spain,1555.0,historian,europe
3148,Q11717750,Jan Innocenty Petrycy,re_central_europe,Central Europe,1592.0,historian,europe
3149,Q22582943,Georg Friedrich Stabel,re_german_world,German world,1687.0,chemist,europe
3150,Q16511374,Hasan Kafi Pruščak,re_balkans,Balkans,1544.0,sociologist,europe
3151,Q6170392,Petrus Schyllberg,re_nordic_countries,Nordic countries,1669.0,theologian,europe
3152,Q109064,Michael Helding,re_german_world,German world,1506.0,theologian,europe
3153,Q29645169,Cornelis Gielis,re_low_countries,Low countries,1675.0,geographer,europe
3154,Q3762652,Gian Giacomo Adria,re_italy,Italy,1485.0,historian,europe
3155,Q55681627,Kornelius Lindner,re_german_world,German world,1694.0,mathematician,europe
3156,Q553947,Sturla Þórðarson,re_nordic_countries,Nordic countries,1214.0,historian,europe
3157,Q94528129,Johann Hillebrandt,re_spain,Spain,1686.0,theologian | philosopher,europe
3158,Q331747,Absalon Pederssøn Beyer,re_nordic_countries,Nordic countries,1528.0,theologian | historian,europe
3159,Q23856523,Jean Pontas,re_france,France,1638.0,theologian,europe
3160,Q1237898,Amable de Bourzeys,re_france,France,1606.0,theologian,europe
3161,Q3944190,Saba Malaspina,re_italy,Italy,1220.0,historian,europe
3162,Q2757322,Bertrand d'Argentré,re_france,France,1519.0,historian,europe
3163,Q963519,Perizonius,re_low_countries,Low countries,1651.0,linguist | historian,europe
3164,Q7519855,Simon Syrenius,re_central_europe,Central Europe,1540.0,botanist,europe
3165,Q1663970,Johann Daniel Bütemeister,re_german_world,German world,1661.0,theologian,europe
3166,Q5345838,Edward Wells,re_british_islands,British Islands,1667.0,theologian | geographer | mathematician,europe
3167,Q2087675,Philippe Mouskes,re_low_countries,Low countries,1215.0,historian,europe
3168,Q594466,Anton Steding,re_german_world,German world,1621.0,theologian,europe
3169,Q1611387,Hermann Hamelmann,re_german_world,German world,1526.0,theologian | historian,europe
3170,Q94889806,Johann Conrad Zeller,re_german_world,German world,1603.0,theologian,europe
3171,Q5945864,José Torrubia,re_italy,Italy,1698.0,geologist | linguist | paleontologist,europe
3172,Q28739891,Jean-Baptiste Souchet,re_france,France,1589.0,historian,europe
3173,Q78057341,Johann Friedrich Benedikt Benoit,re_german_world,German world,1676.0,theologian,europe
3174,Q283471,Arild Huitfeldt,re_nordic_countries,Nordic countries,1546.0,historian,europe
3175,Q312017,Stephen Hales,re_british_islands,British Islands,1677.0,botanist | physicist | chemist | anatomist,europe
3176,Q6320169,Jérôme Besoigne,re_france,France,1686.0,theologian,europe
3177,Q4981388,Kristina Svantesdotter Sture,re_nordic_countries,Nordic countries,1559.0,historian,europe
3178,Q94934836,Johann Christoph Lehmann,re_central_europe,Central Europe,1661.0,theologian,europe
3179,Q55679965,Rudolphus Petri,re_low_countries,Low countries,1586.0,theologian,europe
3180,Q16383212,Khachatur Erzrumetsi,re_italy,Italy,1666.0,theologian | philosopher,europe
3181,Q94621985,Giuseppe Maria Stampa,re_italy,Italy,1666.0,theologian,europe
3182,Q734885,Hilduin,re_france,France,775.0,historian,europe
3183,Q1648130,Nicolas de Fer,re_france,France,1647.0,geographer,europe
3184,Q1644220,Thomas Wyttenbach,re_german_world,German world,1472.0,theologian,europe
3185,Q15679359,Giano Pirro Pincio,re_italy,Italy,1600.0,historian,europe
3186,Q3086024,François Vinchant,re_low_countries,Low countries,1580.0,historian,europe
3187,Q1459320,Friedrich Gottlob Hertzog,re_central_europe,Central Europe,1689.0,theologian,europe
3188,Q14945632,William Reade,re_british_islands,British Islands,1283.0,mathematician,europe
3189,Q551795,Jacques Pelletier du Mans,re_france,France,1517.0,philosopher | mathematician,europe
3190,Q2433244,Tilemann Schnabel,re_german_world,German world,1475.0,theologian,europe
3191,Q501774,Giuseppe Biancani,re_italy,Italy,1566.0,astronomer | mathematician,europe
3192,Q676595,René Ouvrard,re_france,France,1624.0,musicologist,europe
3193,Q2853973,Antoine Garaby de La Luzerne,re_france,France,1617.0,philosopher,europe
3194,Q52063691,Lambert van den Bos,re_low_countries,Low countries,1620.0,historian,europe
3195,Q378870,Daniele Barbaro,re_italy,Italy,1513.0,mathematician,europe
3196,Q346523,Andrea Cesalpino,re_italy,Italy,1524.0,botanist | philosopher,europe
3197,Q7287149,Ralph Agas,re_british_islands,British Islands,1540.0,geographer,europe
3198,Q720273,Santiago de Murcia,re_spain,Spain,1673.0,musicologist,europe
3199,Q94859226,Luigi Bellacato,re_italy,Italy,1501.0,philosopher,europe
3200,Q78163,Peter Schenk the Elder,re_german_world,German world,1660.0,geographer,europe
3201,Q1177245,David Wolleber,re_german_world,German world,1600.0,historian,europe
3202,Q21543490,Johann Friedrich Nolte,re_german_world,German world,1694.0,theologian,europe
3203,Q384229,Juan Ramón Koenig,re_low_countries,Low countries,1623.0,mathematician,europe
3204,Q94936888,Daniel Thalius,re_german_world,German world,1544.0,mathematician,europe
3205,Q3124396,Gerard of Abbeville,re_france,France,1225.0,theologian,europe
3206,Q94910370,Jakob Merstetter,re_german_world,German world,1460.0,theologian,europe
3207,Q1368362,Wolfgang Capito,re_france,France,1478.0,theologian,europe
3208,Q94888432,Wilhelm Zimmermann,re_german_world,German world,1542.0,theologian,europe
3209,Q470566,Antoine Gombaud,re_france,France,1607.0,mathematician,europe
3210,Q354612,Leonard Plukenet,re_british_islands,British Islands,1642.0,botanist,europe
3211,Q32912284,Rajmund Zamanja,re_balkans,Balkans,1587.0,linguist | philosopher,europe
3212,Q454346,Amandus Pächler,re_german_world,German world,1624.0,historian,europe
3213,Q2374092,Martin Silvester Grabe,re_central_europe,Central Europe,1627.0,theologian,europe
3214,Q94872492,Johann Dürr,re_german_world,German world,1564.0,theologian,europe
3215,Q55127469,Franz Köckritz,re_central_europe,Central Europe,1497.0,historian,europe
3216,Q2086921,Philipp Julius Rehtmeyer,re_german_world,German world,1678.0,theologian,europe
3217,Q94866605,Andreas Kirchberger,re_german_world,German world,1555.0,theologian,europe
3218,Q5544857,Frans Mikael von Aken,re_nordic_countries,Nordic countries,1698.0,chemist,europe
3219,Q1698099,Johannes Nuhn,re_german_world,German world,1442.0,historian,europe
3220,Q3749669,Francesco Brunetti,re_italy,Italy,1605.0,historian,europe
3221,Q1485186,Peter Hegemon,re_slav_world,Slav world,1512.0,theologian,europe
3222,Q95748,Johann Pistorius the Younger,re_german_world,German world,1546.0,theologian | historian,europe
3223,Q950256,Franchinus Gaffurius,re_italy,Italy,1451.0,musicologist,europe
3224,Q21282981,Pieter Bruynsz,re_low_countries,Low countries,1550.0,geographer,europe
3225,Q3340777,Nicolas Sarrabat,re_france,France,1698.0,astronomer | mathematician,europe
3226,Q12022523,Jan Florián Hammerschmidt,re_central_europe,Central Europe,1652.0,historian,europe
3227,Q1424428,Isaac Gottfried Goedtke,re_central_europe,Central Europe,1691.0,historian,europe
3228,Q4639752,Gerónimo Uztáriz,re_spain,Spain,1670.0,economist,europe
3229,Q605144,Antonio Serra,re_italy,Italy,1600.0,philosopher | economist,europe
3230,Q28973029,Bernardino Baldini,re_italy,Italy,1515.0,mathematician,europe
3231,Q64141364,Luis de la Cadena,re_france,France,1500.0,theologian,europe
3232,Q1507882,George Meister,re_german_world,German world,1653.0,botanist,europe
3233,Q127641,Vitus Bering,re_nordic_countries,Nordic countries,1681.0,geographer,europe
3234,Q1307497,Heinrich Banzcow,re_german_world,German world,1480.0,theologian,europe
3235,Q1706693,Giovanni Veneroni,re_france,France,1642.0,linguist,europe
3236,Q95156271,Martin Pirchan,re_central_europe,Central Europe,1671.0,philosopher,europe
3237,Q1692252,Johann Adam Schertzer,re_german_world,German world,1628.0,theologian,europe
3238,Q1410935,Sébastien Truchet,re_france,France,1657.0,mathematician,europe
3239,Q1309623,Oldřich Prefát z Vlkanova,re_central_europe,Central Europe,1523.0,astronomer | mathematician,europe
3240,Q15430971,Johann Andreas Planer,re_german_world,German world,1601.0,mathematician,europe
3241,Q706495,Luis de Milán,re_spain,Spain,1500.0,musicologist,europe
3242,Q1279596,Eberhard von Holle,re_german_world,German world,1532.0,theologian,europe
3243,Q297435,Roscellinus,re_france,France,1050.0,theologian | philosopher,europe
3244,Q106624534,Bonaventura Malvasia,re_italy,Italy,1598.0,theologian,europe
3245,Q246312,Samuel Columbus,re_nordic_countries,Nordic countries,1642.0,linguist,europe
3246,Q98931,Johann Georg Albinus,re_german_world,German world,1624.0,theologian,europe
3247,Q928195,John Smyth,re_low_countries,Low countries,1570.0,theologian,europe
3248,Q4065273,Adam Anderson,re_british_islands,British Islands,1692.0,historian | economist,europe
3249,Q15428093,Heinrich August Schumacher,re_german_world,German world,1683.0,historian,europe
3250,Q3471086,Samuel Cottereau du Clos,re_france,France,1598.0,chemist,europe
3251,Q783040,Isaac Beeckman,re_low_countries,Low countries,1588.0,musicologist | philosopher | physicist | mathematician,europe
3252,Q2667383,Abraham Nicolas Amelot de la Houssaye,re_france,France,1634.0,historian,europe
3253,Q99793,Johann Friedrich Henckel,re_german_world,German world,1678.0,geologist | chemist,europe
3254,Q692413,Alexander of Villedieu,re_france,France,1175.0,mathematician,europe
3255,Q100371270,Maximilian Percelli,re_italy,Italy,1648.0,philosopher,europe
3256,Q731249,Christopher Simpson,re_british_islands,British Islands,1605.0,musicologist,europe
3257,Q12669555,Pilypas Frizijus,re_central_europe,Central Europe,1572.0,philosopher,europe
3258,Q1991572,Nicolaus Leutinger,re_german_world,German world,1554.0,historian,europe
3259,Q1694415,Johann Heinrich Hoffmann,re_german_world,German world,1669.0,astronomer,europe
3260,Q94934533,Jonas Baier,re_german_world,German world,1585.0,theologian,europe
3261,Q2590821,Wolfgang Peristerus,re_central_europe,Central Europe,1532.0,theologian,europe
3262,Q125322,Johann Heinrich Ulrich,re_german_world,German world,1665.0,theologian,europe
3263,Q3587776,Élie Vinet,re_france,France,1509.0,archeologist | philosopher | historian,europe
3264,Q2480672,Balthazar Huydecoper,re_low_countries,Low countries,1695.0,historian,europe
3265,Q16645528,Jean Léger,re_low_countries,Low countries,1625.0,historian,europe
3266,Q1927763,Michael Heinrich Krause,re_german_world,German world,1651.0,theologian,europe
3267,Q18129846,Joannes van Doetecum I,re_low_countries,Low countries,1530.0,geographer,europe
3268,Q5479586,Francesco Sizzi,re_italy,Italy,1550.0,astronomer,europe
3269,Q3766991,Giovanni Cavalcanti,re_italy,Italy,1381.0,historian,europe
3270,Q16064805,Niels Pedersen Aurilesius,re_nordic_countries,Nordic countries,1601.0,theologian,europe
3271,Q1163083,Daniel Waterland,re_british_islands,British Islands,1683.0,theologian,europe
3272,Q3768489,Giovanni di Pedrino,re_italy,Italy,1390.0,historian,europe
3273,Q3619237,Antonio Beffa Negrini,re_italy,Italy,1532.0,historian,europe
3274,Q104183543,Jean Du Buisson,re_france,France,1525.0,theologian | philosopher,europe
3275,Q3384616,Pierre Daniel,re_france,France,1531.0,linguist,europe
3276,Q18819536,John Speed,re_british_islands,British Islands,1595.0,anatomist,europe
3277,Q7349562,Robert Sanderson,re_british_islands,British Islands,1587.0,theologian,europe
3278,Q6236549,Georg Werner,re_slav_world,Slav world,1589.0,theologian,europe
3279,Q993166,Erik Benzelius the Elder,re_nordic_countries,Nordic countries,1632.0,theologian,europe
3280,Q351125,Adam Weiß,re_german_world,German world,1490.0,theologian,europe
3281,Q40746628,Martin Meurisse,re_france,France,1584.0,physicist,europe
3282,Q94926271,Samuel Theodor Schmidt,re_german_world,German world,1682.0,theologian,europe
3283,Q8004902,William Backhouse,re_british_islands,British Islands,1593.0,philosopher,europe
3284,Q106612617,Gregorio Alasia,re_italy,Italy,1578.0,historian,europe
3285,Q3219458,Laurent Pothenot,re_france,France,1650.0,mathematician,europe
3286,Q1969164,Nicholas of Lyra,re_france,France,1270.0,theologian | philosopher,europe
3287,Q1697554,Johannes Gerdes,re_nordic_countries,Nordic countries,1624.0,theologian,europe
3288,Q112520048,Michael Siebeneicher,re_central_europe,Central Europe,1642.0,historian,europe
3289,Q107482752,Matthaeus Galenus,re_france,France,1528.0,theologian,europe
3290,Q2739963,Francesco Maria Zanotti,re_italy,Italy,1692.0,philosopher,europe
3291,Q27583741,Gerhard von Mastricht,re_german_world,German world,1639.0,historian,europe
3292,Q95384,Philipp Friedrich Hiller,re_german_world,German world,1699.0,theologian,europe
3293,Q1792951,Stanislaus Wülberz,re_german_world,German world,1695.0,historian,europe
3294,Q991553,Tamás Esterházy,re_central_europe,Central Europe,1570.0,linguist,europe
3295,Q1983825,Johannes van Keulen,re_low_countries,Low countries,1654.0,geographer,europe
3296,Q55677226,Leonhard Hausmann,re_german_world,German world,1672.0,philosopher,europe
3297,Q96269652,Sébastien Briguet,re_german_world,German world,1685.0,historian,europe
3298,Q65409,Johann Gottlieb Heineccius,re_german_world,German world,1681.0,philosopher,europe
3299,Q107720,Andreas Poach,re_german_world,German world,1516.0,theologian,europe
3300,Q3300480,Maurice Bressieu,re_france,France,1546.0,mathematician,europe
3301,Q326493,Jan Długosz,re_central_europe,Central Europe,1415.0,geographer | historian,europe
3302,Q5537393,George Buck,re_british_islands,British Islands,1560.0,historian,europe
3303,Q21545256,Giovanni Vincenzo Lucchesini,re_italy,Italy,1660.0,historian,europe
3304,Q3525012,Thomas Creech,re_british_islands,British Islands,1659.0,linguist,europe
3305,Q21684999,Jean Paul de Rome d'Ardène,re_france,France,1690.0,botanist,europe
3306,Q21857528,Sebastiano Fantoni Castrucci,re_italy,Italy,1625.0,historian,europe
3307,Q1359257,John Theyer,re_british_islands,British Islands,1597.0,archeologist,europe
3308,Q1232944,Sigismund Gelenius,re_german_world,German world,1497.0,linguist | philosopher,europe
3309,Q18945401,Giovanni Battista Caruso,re_italy,Italy,1673.0,historian,europe
3310,Q5623280,Jens Dolmer,re_nordic_countries,Nordic countries,1615.0,historian,europe
3311,Q3165889,Jean-François Senault,re_low_countries,Low countries,1599.0,philosopher,europe
3312,Q88943367,Marzio Milesi,re_italy,Italy,1570.0,archeologist,europe
3313,Q120198,Gerold Edlibach,re_german_world,German world,1454.0,historian,europe
3314,Q7344935,Robert Greene,re_british_islands,British Islands,1678.0,philosopher,europe
3315,Q53503442,Friedrich Lachmund,re_german_world,German world,1635.0,zoologist,europe
3316,Q5728139,Henry Scrimgeour,re_british_islands,British Islands,1505.0,philosopher,europe
3317,Q110847,Clemens Timpler,re_german_world,German world,1563.0,theologian | philosopher | physicist,europe
3318,Q2075212,Peter Goldschmidt,re_german_world,German world,1662.0,theologian,europe
3319,Q94917004,Johann Funck,re_german_world,German world,1643.0,theologian,europe
3320,Q872290,Engelbert of Admont,re_german_world,German world,1250.0,musicologist,europe
3321,Q2714672,Alessandro Marchetti,re_italy,Italy,1633.0,physicist | mathematician,europe
3322,Q94906389,Andreas Andreae,re_france,France,1673.0,theologian,europe
3323,Q805626,Balthasar Meisner,re_german_world,German world,1587.0,theologian,europe
3324,Q775926,Pierre Thomas,re_france,France,1634.0,theologian,europe
3325,Q55193335,Johann Schmidt,re_german_world,German world,1639.0,theologian,europe
3326,Q56031764,Abraham van den Corput,re_low_countries,Low countries,1599.0,historian,europe
3327,Q725614,Eadmer,re_british_islands,British Islands,1060.0,historian,europe
3328,Q30089724,Matthias Burgklehner,re_german_world,German world,1573.0,historian,europe
3329,Q1174956,David Kellner,re_german_world,German world,1670.0,musicologist,europe
3330,Q545017,Jan Commelin,re_low_countries,Low countries,1629.0,botanist,europe
3331,Q1354627,Kazimierz Łyszczyński,re_central_europe,Central Europe,1634.0,philosopher,europe
3332,Q12631500,Giovanni Giacomo de Rossi,re_italy,Italy,1627.0,geographer,europe
3333,Q499732,Andreas Müller,re_central_europe,Central Europe,1630.0,theologian,europe
3334,Q1514827,Ludwig Agricola,re_german_world,German world,1508.0,theologian,europe
3335,Q95445506,František Christen,re_central_europe,Central Europe,1682.0,theologian,europe
3336,Q1560202,Wilhelm Hüls,re_german_world,German world,1598.0,theologian,europe
3337,Q1377770,Giulio Pontedera,re_italy,Italy,1688.0,botanist | zoologist,europe
3338,Q1376849,Jacob ben Asher,re_spain,Spain,1269.0,theologian,europe
3339,Q12320696,Jón Halldórsson,re_nordic_countries,Nordic countries,1665.0,historian,europe
3340,Q508679,Robert de Sorbon,re_france,France,1201.0,theologian,europe
3341,Q7966266,Walter Taylor,re_british_islands,British Islands,1700.0,mathematician,europe
3342,Q17385053,Johan Wassenius,re_nordic_countries,Nordic countries,1625.0,philosopher,europe
3343,Q121696,Johann Renner,re_german_world,German world,1525.0,historian,europe
3344,Q57661082,Johann Faccius,re_german_world,German world,1698.0,philosopher,europe
3345,Q94866765,Hermann Löhner,re_german_world,German world,1614.0,theologian,europe
3346,Q3595369,Arthur Agarde,re_british_islands,British Islands,1536.0,archeologist | historian,europe
3347,Q6225748,Rasmus Vinding,re_nordic_countries,Nordic countries,1615.0,historian,europe
3348,Q921942,Samuel Purchas,re_british_islands,British Islands,1577.0,theologian,europe
3349,Q55226454,Marcantonio Cappello,re_italy,Italy,1550.0,theologian,europe
3350,Q1079985,Christian Gottlob Gerber,re_german_world,German world,1686.0,theologian | historian,europe
3351,Q805645,Balthasar Rhaw,re_german_world,German world,1527.0,theologian | historian,europe
3352,Q3938268,Robert Ferguson,re_british_islands,British Islands,1637.0,historian,europe
3353,Q6221695,Johannes Vallerius,re_nordic_countries,Nordic countries,1677.0,mathematician,europe
3354,Q1174620,Pierre Caroli,re_france,France,1480.0,theologian,europe
3355,Q63171083,Domingo La Ripa,re_spain,Spain,1622.0,historian,europe
3356,Q3483509,Siwart Haverkamp,re_low_countries,Low countries,1684.0,historian,europe
3357,Q3086296,François de Plantade,re_france,France,1670.0,geographer | astronomer | archeologist,europe
3358,Q19514114,Pierre Eskrich,re_france,France,1530.0,geographer,europe
3359,Q4679852,Adam Steuart,re_low_countries,Low countries,1591.0,philosopher,europe
3360,Q94885113,Christoph Wilhelm Beier,re_german_world,German world,1651.0,theologian,europe
3361,Q338718,Lawrence of Březová,re_central_europe,Central Europe,1370.0,historian,europe
3362,Q1694660,Johann Hoepner,re_german_world,German world,1582.0,theologian,europe
3363,Q15867936,Vitus Müller,re_german_world,German world,1561.0,theologian,europe
3364,Q1346405,Heinrich Eckstorm,re_german_world,German world,1557.0,theologian,europe
3365,Q2281685,Philip Verheyen,re_low_countries,Low countries,1648.0,anatomist,europe
3366,Q70053,Konrad Mutian,re_german_world,German world,1470.0,philosopher,europe
3367,Q481456,Heinrich Faber,re_german_world,German world,1490.0,musicologist,europe
3368,Q3086320,François de Signier,re_france,France,1674.0,historian,europe
3369,Q1469379,Johann Fortmann,re_german_world,German world,1576.0,theologian,europe
3370,Q433401,Paul Lucas,re_spain,Spain,1664.0,anatomist,europe
3371,Q18783919,Richard Richardson,re_british_islands,British Islands,1663.0,botanist,europe
3372,Q17301815,Juan Luís de Moncada,re_spain,Spain,1585.0,historian,europe
3373,Q3770909,Giuseppe Maria Ercolani,re_italy,Italy,1672.0,theologian | mathematician,europe
3374,Q21297026,Louis de Cressolles,re_italy,Italy,1568.0,theologian,europe
3375,Q1389662,Guillaume Delisle,re_france,France,1675.0,geographer,europe
3376,Q3107394,Thomas Sébillet,re_france,France,1512.0,linguist,europe
3377,Q94836479,Petrus Zweidler,re_german_world,German world,1570.0,geographer,europe
3378,Q94933948,Martin Ludemann,re_german_world,German world,1603.0,theologian | philosopher,europe
3379,Q345605,Federico Zuccari,re_italy,Italy,1539.0,art theorist,europe
3380,Q28669609,Giovanni Battista Rossi,re_italy,Italy,1507.0,philosopher,europe
3381,Q2218924,Samuel Walther,re_german_world,German world,1679.0,historian,europe
3382,Q15880673,Philip Rubens,re_low_countries,Low countries,1574.0,archeologist,europe
3383,Q6321467,Jørgen Dybvad,re_nordic_countries,Nordic countries,1545.0,theologian | mathematician,europe
3384,Q352663,Sperone Speroni,re_italy,Italy,1500.0,philosopher,europe
3385,Q124645,Sylvester Tegetmeyer,re_central_europe,Central Europe,1450.0,theologian,europe
3386,Q3984251,Terenzio Alciati,re_italy,Italy,1570.0,theologian | historian,europe
3387,Q361718,Adolph Friedrich von Preen,re_german_world,German world,1623.0,theologian,europe
3388,Q18093440,Johan van den Sande,re_low_countries,Low countries,1568.0,historian,europe
3389,Q106890,Martin Schmeizel,re_german_world,German world,1679.0,historian,europe
3390,Q3750080,Francesco Grassi,re_italy,Italy,1685.0,archeologist,europe
3391,Q11767491,Marcin Biem,re_central_europe,Central Europe,1470.0,astronomer,europe
3392,Q73014,Erhard Weigel,re_german_world,German world,1625.0,astronomer | philosopher | mathematician,europe
3393,Q1124636,Thomas Stapleton,re_low_countries,Low countries,1535.0,theologian,europe
3394,Q4955687,Ingeborg i Mjärhult,re_nordic_countries,Nordic countries,1665.0,philosopher,europe
3395,Q21207961,Falconet,re_france,France,1601.0,mathematician,europe
3396,Q12881820,Nikolaos Koursoulas,re_balkans,Balkans,1602.0,theologian,europe
3397,Q65260,Johann Lorenz von Mosheim,re_german_world,German world,1694.0,theologian | philosopher | historian,europe
3398,Q15438569,Daniel Gerhard Heisius,re_german_world,German world,1675.0,theologian,europe
3399,Q61439,Georg Eberhard Rumphius,re_german_world,German world,1627.0,botanist | zoologist | historian,europe
3400,Q177578,Lelio Sozzini,re_german_world,German world,1525.0,theologian,europe
3401,Q94888886,Wigbold Muilman,re_low_countries,Low countries,1674.0,theologian,europe
3402,Q1080857,Christian Lokervitz,re_german_world,German world,1650.0,theologian | linguist | philosopher,europe
3403,Q50826757,Antoine Garissoles,re_france,France,1587.0,theologian,europe
3404,Q1692847,Johann Caspar Bauhin,re_german_world,German world,1606.0,botanist,europe
3405,Q2332441,Pierre Carcavy,re_france,France,1600.0,mathematician,europe
3406,Q2062816,Paul Trenckmann,re_german_world,German world,1676.0,geographer,europe
3407,Q18945471,Girolamo Manfredi,re_italy,Italy,1430.0,astronomer | philosopher,europe
3408,Q1482287,John Clayton,re_british_islands,British Islands,1657.0,geographer,europe
3409,Q55676276,Christian Heinrich Fries,re_german_world,German world,1643.0,theologian,europe
3410,Q1372399,Yuriy Drohobych,re_central_europe,Central Europe,1450.0,astronomer | philosopher,europe
3411,Q2662898,Antonio Vallisneri,re_italy,Italy,1661.0,botanist | geologist,europe
3412,Q28836215,Fridrich Vilém ze Sommersbergu,re_central_europe,Central Europe,1698.0,historian,europe
3413,Q229190,Catherine of Siena,re_italy,Italy,1347.0,philosopher,europe
3414,Q1370726,Pierre Bersuire,re_france,France,1290.0,historian,europe
3415,Q326158,Guillaume Costeley,re_france,France,1531.0,musicologist,europe
3416,Q55911447,Pierre Schez,re_german_world,German world,1691.0,theologian,europe
3417,Q3742330,Thomas Hiärne,re_slav_world,Slav world,1638.0,historian,europe
3418,Q19286794,Johann Hermann Schmincke,re_german_world,German world,1684.0,historian,europe
3419,Q1505423,Georg Muestinger,re_german_world,German world,1400.0,astronomer,europe
3420,Q805654,Balthasar Stolberg,re_german_world,German world,1640.0,theologian,europe
3421,Q106891426,Antoine Millieu,re_italy,Italy,1575.0,theologian,europe
3422,Q1690494,Joachim Stephani,re_german_world,German world,1544.0,philosopher | mathematician,europe
3423,Q55122297,Leonhard Grebner,re_german_world,German world,1694.0,philosopher,europe
3424,Q1715059,Jón Vídalín,re_nordic_countries,Nordic countries,1666.0,theologian,europe
3425,Q1697157,Johannes Amandus,re_german_world,German world,1470.0,theologian,europe
3426,Q665453,Abraham Wheelocke,re_british_islands,British Islands,1593.0,linguist,europe
3427,Q4719745,Alexander Neville,re_british_islands,British Islands,1544.0,historian,europe
3428,Q106866845,Jerôme de Hangest,re_france,France,1480.0,theologian,europe
3429,Q57654591,Bartholomaeus Coppen,re_german_world,German world,1565.0,theologian,europe
3430,Q76462959,Lars Elingius,re_nordic_countries,Nordic countries,1640.0,philosopher,europe
3431,Q2902973,Giovanni da Carignano,re_italy,Italy,1250.0,geographer,europe
3432,Q66625270,Domènec Alegre,re_spain,Spain,1621.0,astronomer,europe
3433,Q275500,Jean Buridan,re_france,France,1300.0,theologian | philosopher | logician,europe
3434,Q22348267,Alberto Alberti,re_italy,Italy,1593.0,theologian,europe
3435,Q65033632,Jacques Bertot,re_france,France,1622.0,theologian,europe
3436,Q1505735,Georg Rhete,re_central_europe,Central Europe,1500.0,theologian,europe
3437,Q738477,Marcus Zuerius van Boxhorn,re_low_countries,Low countries,1612.0,linguist,europe
3438,Q76161,Johannes Werner,re_german_world,German world,1468.0,geographer | astronomer | mathematician,europe
3439,Q3174233,Jean Raulin,re_france,France,1443.0,theologian,europe
3440,Q2080960,Petrus Edeling,re_central_europe,Central Europe,1522.0,theologian,europe
3441,Q3171264,Jean Chartier,re_france,France,1390.0,historian,europe
3442,Q435320,Francysk Skaryna,re_central_europe,Central Europe,1486.0,philosopher,europe
3443,Q252918,Aegidius Faber,re_german_world,German world,1490.0,theologian,europe
3444,Q2330980,Stanislaus Bornbach,re_central_europe,Central Europe,1530.0,historian,europe
3445,Q55228566,Capoleone Guelfucci,re_italy,Italy,1541.0,historian,europe
3446,Q5629850,Pehr Ekermann,re_nordic_countries,Nordic countries,1697.0,zoologist,europe
3447,Q3638235,Benito Sánchez de Herrera,re_italy,Italy,1598.0,theologian,europe
3448,Q17123831,Johann Gerhard Arnold,re_german_world,German world,1637.0,historian,europe
3449,Q24265739,Ambrogio Leone,re_italy,Italy,1459.0,philosopher | historian | mathematician,europe
3450,Q4734506,Alonso de Espinosa,re_spain,Spain,1543.0,historian,europe
3451,Q55193572,Georg Sohn,re_german_world,German world,1551.0,theologian,europe
3452,Q809390,Bartholomew Des Bosses,re_german_world,German world,1668.0,philosopher,europe
3453,Q1664649,Johannes Criginger,re_german_world,German world,1521.0,theologian | geographer,europe
3454,Q18945696,Onofrio Castelli,re_italy,Italy,1580.0,geographer,europe
3455,Q4570593,Laurids Mortensen Scavenius,re_nordic_countries,Nordic countries,1589.0,theologian,europe
3456,Q22210332,Antoine de Cousu,re_france,France,1600.0,musicologist,europe
3457,Q945949,Johannes Phocylides Holwarda,re_low_countries,Low countries,1618.0,astronomer | philosopher,europe
3458,Q4775565,Antoine de Mouchy,re_france,France,1494.0,theologian,europe
3459,Q3471204,Samuel Petit,re_france,France,1594.0,historian,europe
3460,Q1679386,Jacob Tydaeus,re_slav_world,Slav world,1628.0,theologian | historian,europe
3461,Q117744,Johann Conrad Peyer,re_german_world,German world,1653.0,anatomist,europe
3462,Q20003439,Joan Baptista Anyés,re_spain,Spain,1480.0,theologian,europe
3463,Q12802659,Sigismund Gleispach,re_german_world,German world,1633.0,theologian,europe
3464,Q2292954,Christian Otter,re_low_countries,Low countries,1598.0,mathematician,europe
3465,Q28869761,Giovanni Battista Francol,re_italy,Italy,1655.0,historian,europe
3466,Q326307,Peter Olivi,re_france,France,1248.0,theologian | philosopher,europe
3467,Q1685842,Jean Taffin,re_low_countries,Low countries,1529.0,theologian,europe
3468,Q326763,Seth Ward,re_british_islands,British Islands,1617.0,astronomer | mathematician,europe
3469,Q91673,Gaspar Schott,re_german_world,German world,1608.0,physicist | mathematician,europe
3470,Q522664,Pierre Magnol,re_france,France,1638.0,botanist,europe
3471,Q3904132,Pietro Paolo Caporella,re_italy,Italy,1450.0,theologian,europe
3472,Q55123076,Johann Jakob Lehmann,re_german_world,German world,1683.0,philosopher,europe
3473,Q2589841,Wolfgang Harder,re_german_world,German world,1522.0,theologian,europe
3474,Q1175880,David Nerreter,re_central_europe,Central Europe,1649.0,theologian,europe
3475,Q1762461,Tobias Olfen,re_german_world,German world,1597.0,historian,europe
3476,Q94920080,Gaspard Poitevin,re_france,France,1700.0,philosopher,europe
3477,Q55874091,Jacob Henrik Paulli,re_german_world,German world,1637.0,anatomist,europe
3478,Q1087100,Christoph Bulaeus,re_german_world,German world,1602.0,theologian,europe
3479,Q17130821,Johann Gottfried Becker,re_nordic_countries,Nordic countries,1639.0,chemist,europe
3480,Q2422583,Elias Herckmans,re_low_countries,Low countries,1596.0,geographer,europe
3481,Q104812741,Josep Salvador i Riera,re_spain,Spain,1690.0,botanist,europe
3482,Q98970884,Guy Allard,re_france,France,1635.0,historian,europe
3483,Q3120458,William of Saliceto,re_italy,Italy,1210.0,anatomist,europe
3484,Q6391090,Meir ben Ezekiel ibn Gabbai,re_spain,Spain,1480.0,theologian,europe
3485,Q7325668,Richard Field,re_british_islands,British Islands,1561.0,theologian,europe
3486,Q6015405,Miguel de Olivares,re_italy,Italy,1675.0,historian,europe
3487,Q60845209,Johann Paul Felwinger,re_german_world,German world,1606.0,philosopher,europe
3488,Q52153997,Innocenzo Malvasia,re_italy,Italy,1552.0,botanist,europe
3489,Q606757,Antonius Walaeus,re_low_countries,Low countries,1573.0,theologian,europe
3490,Q2832753,Alessandro Benedetti,re_italy,Italy,1450.0,anatomist,europe
3491,Q94934354,Caspar van den Ende,re_low_countries,Low countries,1614.0,linguist,europe
3492,Q3170878,Jean Bouchet,re_france,France,1476.0,historian,europe
3493,Q95445454,Wojciech Tylkowski,re_central_europe,Central Europe,1629.0,theologian,europe
3494,Q3154725,Isaac-Joseph Berruyer,re_france,France,1681.0,historian,europe
3495,Q94916625,Christian Otto Weinschenck,re_german_world,German world,1687.0,theologian,europe
3496,Q9396738,Świętosław Orzelski,re_central_europe,Central Europe,1549.0,historian,europe
3497,Q331154,Guillaume Fichet,re_italy,Italy,1433.0,theologian,europe
3498,Q106650,Michael Brüggemann,re_central_europe,Central Europe,1583.0,linguist,europe
3499,Q64876357,Juan Sánchez Sedeño,re_spain,Spain,1552.0,logician,europe
3500,Q651013,Roberto Valturio,re_italy,Italy,1405.0,historian,europe
3501,Q558167,Jean-Baptiste Labat,re_france,France,1663.0,botanist | historian | anthropologist,europe
3502,Q1694062,Johann Glandorp,re_german_world,German world,1501.0,theologian,europe
3503,Q56433063,Anselme Rolle,re_france,France,1583.0,theologian,europe
3504,Q6158199,Erik Odelstierna,re_nordic_countries,Nordic countries,1661.0,chemist,europe
3505,Q659093,Benedetto Dei,re_italy,Italy,1418.0,historian,europe
3506,Q108206,John Bunyan,re_british_islands,British Islands,1628.0,theologian,europe
3507,Q113633,Friedrich Reiser,re_france,France,1401.0,theologian,europe
3508,Q7150179,Paul Dax,re_german_world,German world,1503.0,geographer,europe
3509,Q95008696,Petrus Patiens,re_german_world,German world,1530.0,theologian,europe
3510,Q2589707,Johann Friedrich Schweitzer,re_low_countries,Low countries,1630.0,botanist | chemist | anatomist,europe
3511,Q666687,Juan de Valdés,re_italy,Italy,1505.0,theologian,europe
3512,Q3105034,Giacomo Bosio,re_italy,Italy,1544.0,historian,europe
3513,Q3476896,Sebastiano Menzocchi,re_italy,Italy,1535.0,historian,europe
3514,Q95717,Matthias Knutzen,re_german_world,German world,1646.0,philosopher,europe
3515,Q2958722,Charles Cheynet,re_france,France,1668.0,musicologist | mathematician,europe
3516,Q312384,Francisco de Vitoria,re_spain,Spain,1480.0,philosopher | economist,europe
3517,Q579504,John of Głogów,re_central_europe,Central Europe,1445.0,geographer | astronomer | philosopher | mathematician,europe
3518,Q27999329,Teofilo Macchetti,re_italy,Italy,1632.0,musicologist,europe
3519,Q11940054,Paul Giustiniani,re_italy,Italy,1476.0,theologian,europe
3520,Q3760954,Gerardo Maurisio,re_italy,Italy,1173.0,historian,europe
3521,Q1677946,Jacobus Dedelley,re_german_world,German world,1694.0,philosopher,europe
3522,Q568497,Pierre Daniel Huet,re_france,France,1630.0,theologian | philosopher,europe
3523,Q42898070,Johann Georg Greisel,re_central_europe,Central Europe,1650.0,anatomist,europe
3524,Q3160246,Jacques de Billy,re_france,France,1535.0,theologian,europe
3525,Q3608540,Alberto Radicati,re_low_countries,Low countries,1698.0,philosopher | historian,europe
3526,Q5544232,George Sale,re_british_islands,British Islands,1697.0,linguist,europe
3527,Q73013,Peter Crüger,re_central_europe,Central Europe,1580.0,astronomer | mathematician,europe
3528,Q2857440,Antonio Santini,re_italy,Italy,1577.0,astronomer | mathematician,europe
3529,Q2480140,Jan Opstraet,re_low_countries,Low countries,1651.0,theologian,europe
3530,Q16859342,Zacheus Isham,re_british_islands,British Islands,1651.0,theologian,europe
3531,Q1607145,Henry Pemberton,re_british_islands,British Islands,1694.0,physicist,europe
3532,Q1592626,Jean Ruel,re_france,France,1474.0,botanist,europe
3533,Q15407143,François de Lanion,re_france,France,1650.0,philosopher,europe
3534,Q94866968,Gustav Adolph Jung,re_german_world,German world,1664.0,theologian,europe
3535,Q3740174,Conrad Quensel,re_nordic_countries,Nordic countries,1676.0,astronomer | mathematician,europe
3536,Q3157608,Jacob de Bucquoy,re_low_countries,Low countries,1693.0,geographer,europe
3537,Q2326613,Yves Marie André,re_france,France,1675.0,philosopher | mathematician,europe
3538,Q15867314,Michael Müller,re_german_world,German world,1639.0,theologian,europe
3539,Q94440464,Ferdinando Porretti,re_italy,Italy,1684.0,theologian,europe
3540,Q1258970,Hermann Flender,re_german_world,German world,1653.0,theologian,europe
3541,Q46125120,Joseph Ferrer,re_spain,Spain,1682.0,musicologist,europe
3542,Q1668691,Lucas Debes,re_nordic_countries,Nordic countries,1623.0,geographer,europe
3543,Q3638083,Benedetto Giovio,re_italy,Italy,1471.0,historian,europe
3544,Q711573,Niccolò Leoniceno,re_italy,Italy,1428.0,botanist | linguist,europe
3545,Q1698178,Johannes Polyander,re_low_countries,Low countries,1568.0,theologian,europe
3546,Q2471187,Charles Rollin,re_france,France,1661.0,historian,europe
3547,Q1504322,Georg Friedrich Meinhart,re_german_world,German world,1651.0,theologian,europe
3548,Q639247,Rudolf of Fulda,re_german_world,German world,800.0,theologian | historian,europe
3549,Q3186021,Joshua Barnes,re_british_islands,British Islands,1654.0,historian,europe
3550,Q3340748,Nicolas Robert,re_france,France,1614.0,zoologist,europe
3551,Q5621928,Peter Dijkman,re_nordic_countries,Nordic countries,1647.0,archeologist,europe
3552,Q15054957,Johannes Tolhopff,re_german_world,German world,1445.0,astronomer,europe
3553,Q121435,Michael Vehe,re_german_world,German world,1485.0,theologian,europe
3554,Q104553593,Dujam Hranković,re_balkans,Balkans,1350.0,historian,europe
3555,Q741149,Polydore Vergil,re_italy,Italy,1470.0,historian,europe
3556,Q55135794,Friedrich Werner,re_german_world,German world,1659.0,theologian,europe
3557,Q107695922,Guillaume Levaillant de la Bassardrie,re_low_countries,Low countries,1667.0,mathematician,europe
3558,Q5979754,Johannes Matthiae Gothus,re_nordic_countries,Nordic countries,1592.0,theologian,europe
3559,Q59529773,Pompeo Vizani,re_italy,Italy,1540.0,historian,europe
3560,Q959445,Herman Karl von Keyserling,re_central_europe,Central Europe,1697.0,historian,europe
3561,Q18945555,Jerònimo Cortés,re_spain,Spain,1560.0,astronomer | mathematician | zoologist,europe
3562,Q4887399,Benedykt Wiszowaty,re_central_europe,Central Europe,1650.0,philosopher,europe
3563,Q3435231,Robert Girard,re_france,France,1575.0,theologian,europe
3564,Q37577,John Calvin,re_france,France,1509.0,theologian,europe
3565,Q969183,James Harrington,re_british_islands,British Islands,1611.0,sociologist,europe
3566,Q11857929,Enevaldus Svenonius,re_nordic_countries,Nordic countries,1617.0,theologian,europe
3567,Q1047984,Caspar Müller,re_german_world,German world,1504.0,historian,europe
3568,Q27150629,Filippo del Torre,re_italy,Italy,1657.0,archeologist,europe
3569,Q2821490,Abel Brunier,re_france,France,1573.0,botanist,europe
3570,Q3159413,Jacques Longueval,re_france,France,1680.0,historian,europe
3571,Q22662597,Pietro Antonio Spinelli,re_italy,Italy,1555.0,theologian | philosopher,europe
3572,Q17268956,Mansvét Förschan,re_central_europe,Central Europe,1650.0,theologian,europe
3573,Q2578020,William Bellenden,re_british_islands,British Islands,1550.0,historian,europe
3574,Q60377771,Johann Francke,re_german_world,German world,1648.0,pharmacologist | anatomist,europe
3575,Q73764,Christian Scriver,re_german_world,German world,1629.0,theologian,europe
3576,Q608093,Anthony Jenkinson,re_british_islands,British Islands,1529.0,historian,europe
3577,Q42544,Thomas More,re_british_islands,British Islands,1478.0,theologian | philosopher | historian,europe
3578,Q2424918,Thomas Ihre,re_nordic_countries,Nordic countries,1659.0,theologian,europe
3579,Q11881250,Martin Miltopaeus,re_nordic_countries,Nordic countries,1631.0,philosopher,europe
3580,Q2010807,Balthasar de Ayala,re_low_countries,Low countries,1548.0,philosopher,europe
3581,Q64137,Caspar Schwenckfeld,re_german_world,German world,1489.0,theologian | philosopher,europe
3582,Q1078939,Christian Benedict Michaelis,re_german_world,German world,1680.0,theologian,europe
3583,Q55125730,Johannes Müllner,re_german_world,German world,1565.0,historian,europe
3584,Q50821556,Theophilus Neuberger,re_german_world,German world,1593.0,theologian,europe
3585,Q611673,Peder Claussøn Friis,re_nordic_countries,Nordic countries,1545.0,historian,europe
3586,Q145085,Michał Frencel,re_german_world,German world,1628.0,theologian,europe
3587,Q3120419,Guillaume de Pierrefleur,re_german_world,German world,1510.0,historian,europe
3588,Q949492,Jan Janssonius,re_low_countries,Low countries,1588.0,geographer,europe
3589,Q1692351,Johann Andreas Grammlich,re_german_world,German world,1689.0,theologian,europe
3590,Q1134002,Cornelius von Hase,re_german_world,German world,1653.0,theologian,europe
3591,Q1316917,Johannes Freder,re_german_world,German world,1510.0,theologian,europe
3592,Q2636609,Leonty Magnitsky,re_slav_world,Slav world,1669.0,mathematician,europe
3593,Q8270534,Søren Lintrup,re_nordic_countries,Nordic countries,1669.0,theologian,europe
3594,Q690346,Denis the Carthusian,re_low_countries,Low countries,1402.0,theologian | philosopher,europe
3595,Q2977358,Claude Estiennot de la Serre,re_france,France,1639.0,historian,europe
3596,Q3120782,Joan Francés Fulcònis,re_france,France,1520.0,mathematician,europe
3597,Q1319217,Méric Casaubon,re_british_islands,British Islands,1599.0,philosopher,europe
3598,Q1700893,John Lutterell,re_france,France,1250.0,theologian | philosopher,europe
3599,Q3655969,Anders Bure,re_nordic_countries,Nordic countries,1571.0,geographer,europe
3600,Q100793338,Jan Mudran,re_central_europe,Central Europe,1647.0,theologian | philosopher,europe
3601,Q371825,Johann Christoph Pepusch,re_british_islands,British Islands,1667.0,musicologist,europe
3602,Q113745,Franz von Retz,re_german_world,German world,1343.0,theologian,europe
3603,Q2126785,Ralph Niger,re_british_islands,British Islands,1140.0,historian,europe
3604,Q15440397,Johann Wolf,re_german_world,German world,1653.0,theologian,europe
3605,Q26713603,Marino Freccia,re_italy,Italy,1503.0,historian,europe
3606,Q726157,Jean Rousseau,re_france,France,1644.0,musicologist,europe
3607,Q4216105,William Carstares,re_british_islands,British Islands,1649.0,theologian,europe
3608,Q1964905,Jacques Savary,re_france,France,1622.0,economist,europe
3609,Q12784095,Alasia da Sommaripa,re_italy,Italy,1578.0,historian,europe
3610,Q1084839,Christoph Fahrner,re_german_world,German world,1616.0,chemist,europe
3611,Q2544764,Pierre Lemonnier,re_france,France,1675.0,astronomer | physicist | mathematician,europe
3612,Q1354309,Johann Fecht,re_german_world,German world,1636.0,theologian,europe
3613,Q959748,Frans Hogenberg,re_german_world,German world,1535.0,geographer,europe
3614,Q3384809,Pierre Du Bosc,re_low_countries,Low countries,1623.0,theologian,europe
3615,Q3385840,Pierre Le Baud,re_france,France,1458.0,historian,europe
3616,Q40858764,Luis de Guzmán,re_spain,Spain,1544.0,theologian,europe
3617,Q91741,Eckebert,re_german_world,German world,1200.0,theologian,europe
3618,Q15442873,Thomas Case,re_british_islands,British Islands,1598.0,theologian,europe
3619,Q7819084,Tommaso Tamburini,re_italy,Italy,1591.0,philosopher,europe
3620,Q3340832,Nicolas Vallard,re_france,France,1600.0,geographer,europe
3621,Q1188064,Pietro Mengoli,re_italy,Italy,1626.0,mathematician,europe
3622,Q741596,Jean Le Bel,re_low_countries,Low countries,1290.0,historian,europe
3623,Q23955355,Francesco Scacchi,re_italy,Italy,1577.0,historian,europe
3624,Q3165602,Jean-François Foppens,re_low_countries,Low countries,1689.0,theologian | historian,europe
3625,Q5540147,George Hakewill,re_british_islands,British Islands,1578.0,theologian,europe
3626,Q6238044,John Hart,re_british_islands,British Islands,1501.0,linguist,europe
3627,Q6055901,Pablo Cibramonte,re_spain,Spain,1600.0,theologian | mathematician,europe
3628,Q12795200,Lovrenc Čadež,re_german_world,German world,1550.0,theologian,europe
3629,Q3768321,Giovanni Valentino Gentile,re_german_world,German world,1515.0,theologian,europe
3630,Q3084997,Walter Charleton,re_british_islands,British Islands,1619.0,philosopher | zoologist,europe
3631,Q19679646,Giovanni Battista Casali,re_italy,Italy,1578.0,archeologist,europe
3632,Q3530145,Tobias Matthew,re_british_islands,British Islands,1546.0,theologian,europe
3633,Q54913154,Thomas Henrici,re_german_world,German world,1597.0,theologian,europe
3634,Q72975,Philipp Nicodemus Frischlin,re_german_world,German world,1547.0,astronomer | linguist | mathematician,europe
3635,Q176206,Pieter van Musschenbroek,re_low_countries,Low countries,1692.0,astronomer | physicist | mathematician,europe
3636,Q3107116,Giovanni Camillo Glorioso,re_italy,Italy,1572.0,astronomer | mathematician,europe
3637,Q2427830,Thomas Venatorius,re_german_world,German world,1488.0,theologian,europe
3638,Q1695318,Johann Lucas Pestorf,re_german_world,German world,1638.0,theologian,europe
3639,Q325647,Diego de Estella,re_spain,Spain,1524.0,theologian,europe
3640,Q1528547,Giuseppe Ottavio Pitoni,re_italy,Italy,1657.0,musicologist,europe
3641,Q3151393,Innocent Gentillet,re_france,France,1532.0,theologian,europe
3642,Q712787,Mustafa Naima,re_balkans,Balkans,1655.0,historian,europe
3643,Q3619029,Antonino Amico,re_italy,Italy,1586.0,historian,europe
3644,Q61715539,Traugott Schreber,re_german_world,German world,1671.0,geographer,europe
3645,Q18945012,Anton Deusing,re_low_countries,Low countries,1612.0,astronomer | mathematician,europe
3646,Q809352,Bartholomäus Gesius,re_german_world,German world,1562.0,theologian,europe
3647,Q1489776,Gabriel Wedderkopff,re_german_world,German world,1644.0,theologian,europe
3648,Q1685749,Jean Petit,re_france,France,1360.0,theologian,europe
3649,Q110881,Josua Arnd,re_german_world,German world,1626.0,theologian | historian,europe
3650,Q323861,Jan de Bakker,re_low_countries,Low countries,1499.0,theologian,europe
3651,Q61476357,Girolamo d'Este,re_italy,Italy,1450.0,historian,europe
3652,Q94909775,Georg Damm,re_german_world,German world,1633.0,theologian,europe
3653,Q11699202,Gabriel Rzączyński,re_central_europe,Central Europe,1664.0,zoologist,europe
3654,Q321390,Adam of Balsham,re_british_islands,British Islands,1105.0,philosopher | mathematician,europe
3655,Q1458426,Friedrich Bernhard Werner,re_central_europe,Central Europe,1690.0,geographer,europe
3656,Q5591919,Petrus Bång,re_slav_world,Slav world,1633.0,theologian,europe
3657,Q3158079,Jacques-Vincent Bidal d'Asfeld,re_france,France,1664.0,theologian,europe
3658,Q6791542,Matthias Döring,re_german_world,German world,1390.0,theologian | historian,europe
3659,Q15640667,Bernardo de Cienfuegos,re_spain,Spain,1580.0,botanist,europe
3660,Q982050,Gershom ben Judah,re_german_world,German world,960.0,philosopher,europe
3661,Q19402352,Bartholomeus Mercator,re_low_countries,Low countries,1540.0,geographer,europe
3662,Q87535,Nikolaus Gerbel,re_france,France,1485.0,theologian,europe
3663,Q1597158,Heinrich Ernst Owen,re_german_world,German world,1685.0,theologian,europe
3664,Q3100339,Guillaume de La Perrière,re_france,France,1503.0,philosopher,europe
3665,Q95169558,Leopold Svojský,re_central_europe,Central Europe,1699.0,theologian,europe
3666,Q1352012,Laurent Cassegrain,re_france,France,1629.0,astronomer | physicist,europe
3667,Q142187,Thomas Britton,re_british_islands,British Islands,1644.0,chemist,europe
3668,Q55673794,Cornelius Dietrich Koch,re_german_world,German world,1676.0,philosopher,europe
3669,Q98207,Johannes Grau,re_german_world,German world,1483.0,theologian,europe
3670,Q120244,Jacob Carl Spener,re_german_world,German world,1684.0,historian,europe
3671,Q464230,Marinus Barletius,re_italy,Italy,1450.0,historian,europe
3672,Q805593,Balthasar Düring,re_german_world,German world,1466.0,theologian,europe
3673,Q16638328,Gabriel Hummelberger,re_german_world,German world,1487.0,botanist,europe
3674,Q1679450,Jacob van Hoogstraten,re_german_world,German world,1460.0,theologian,europe
3675,Q5479222,Francesco Bocchi,re_italy,Italy,1548.0,historian,europe
3676,Q221125,William Dampier,re_british_islands,British Islands,1651.0,botanist,europe
3677,Q2559850,Wenzeslaus Linck,re_german_world,German world,1483.0,theologian,europe
3678,Q11717326,Jan Dominik Zajączkowic,re_central_europe,Central Europe,1650.0,philosopher,europe
3679,Q21001156,Josep Carreres,re_spain,Spain,1700.0,philosopher,europe
3680,Q104641390,Aron Aleksander Olizarowski,re_slav_world,Slav world,1610.0,philosopher,europe
3681,Q55122759,Heinrich Jakob van Bashuysen,re_german_world,German world,1679.0,theologian,europe
3682,Q55679992,Peter Zeller,re_german_world,German world,1655.0,theologian,europe
3683,Q1684633,Jean-Baptiste Du Tertre,re_france,France,1610.0,botanist | zoologist,europe
3684,Q6080027,Jørgen Rosenkrantz,re_nordic_countries,Nordic countries,1607.0,theologian,europe
3685,Q15695484,Giovanni Gaspare Beretti,re_italy,Italy,1660.0,theologian | philosopher | historian,europe
3686,Q12735,John Amos Comenius,re_low_countries,Low countries,1592.0,theologian | linguist | philosopher,europe
3687,Q105224468,Giuseppe Bini,re_italy,Italy,1689.0,historian,europe
3688,Q1910558,Matthäus Vogel,re_german_world,German world,1519.0,theologian,europe
3689,Q18945764,Richard White,re_british_islands,British Islands,1590.0,physicist | mathematician,europe
3690,Q19917564,Guillaume Paradin,re_france,France,1510.0,historian,europe
3691,Q2580220,William Penbygull,re_british_islands,British Islands,1400.0,philosopher,europe
3692,Q31763330,Mariano Aristuto,re_italy,Italy,1688.0,geologist,europe
3693,Q1698303,Johann Saubert,re_german_world,German world,1638.0,theologian,europe
3694,Q18945726,Peter Megerlin,re_german_world,German world,1623.0,astronomer,europe
3695,Q2090833,Gian Vincenzo Pinelli,re_italy,Italy,1535.0,botanist,europe
3696,Q56062032,Petrus van der Hagen,re_low_countries,Low countries,1641.0,theologian,europe
3697,Q17198514,Gottfried Grawert,re_german_world,German world,1670.0,geographer,europe
3698,Q498747,Andreas Kesler,re_german_world,German world,1595.0,theologian,europe
3699,Q3739678,Anders Anton von Stiernman,re_nordic_countries,Nordic countries,1695.0,historian,europe
3700,Q111464,Johannes Bünderlin,re_german_world,German world,1499.0,theologian,europe
3701,Q5511268,Fyodor Luzhin,re_slav_world,Slav world,1695.0,geographer,europe
3702,Q1526408,Johann Böschenstein,re_german_world,German world,1472.0,mathematician,europe
3703,Q601642,Carlo Lodoli,re_italy,Italy,1690.0,mathematician,europe
3704,Q21557912,Nicolas-Joseph Poisson,re_france,France,1637.0,philosopher,europe
3705,Q57778991,Antoine Teissier,re_german_world,German world,1632.0,historian,europe
3706,Q1693310,Johann Ehrenfried Zschackwitz,re_german_world,German world,1669.0,historian,europe
3707,Q94886053,Johann Hoffmann,re_german_world,German world,1630.0,historian,europe
3708,Q1647912,Johannes Ferinarius,re_german_world,German world,1534.0,theologian,europe
3709,Q116577,Thomas Platter the Younger,re_german_world,German world,1574.0,botanist,europe
3710,Q2355082,García de Silva Figueroa,re_spain,Spain,1551.0,archeologist,europe
3711,Q107440,Johann Georg Neumann,re_german_world,German world,1661.0,theologian | historian,europe
3712,Q65334,Nicholas Remy,re_france,France,1530.0,historian,europe
3713,Q27894019,Caspar Burman,re_low_countries,Low countries,1696.0,historian,europe
3714,Q11927912,Joan Ramon Ferrer,re_spain,Spain,1500.0,linguist,europe
3715,Q104134,Johann Daniel Herrnschmidt,re_german_world,German world,1675.0,theologian,europe
3716,Q500077,Andreas Pouchenius,re_german_world,German world,1526.0,theologian,europe
3717,Q90845,Johannes Ferrarius,re_german_world,German world,1485.0,theologian | philosopher,europe
3718,Q2246876,Giovanni Battista Baliani,re_italy,Italy,1582.0,astronomer | physicist | mathematician,europe
3719,Q58435905,Nicolaus Roding,re_german_world,German world,1519.0,theologian,europe
3720,Q118711,Johannes Musaeus,re_german_world,German world,1613.0,theologian,europe
3721,Q867312,Carlo Antonio Manzini,re_italy,Italy,1600.0,astronomer | mathematician,europe
3722,Q3713060,Domenico Giovanni Candela,re_italy,Italy,1541.0,theologian,europe
3723,Q1536134,Johann Samuel Trommsdorff,re_german_world,German world,1676.0,theologian,europe
3724,Q6231677,John Ellis,re_british_islands,British Islands,1606.0,theologian,europe
3725,Q695938,Ewald Georg von Kleist,re_central_europe,Central Europe,1700.0,physicist,europe
3726,Q467772,"Philip III, Landgrave of Hesse-Butzbach",re_german_world,German world,1581.0,mathematician,europe
3727,Q94888483,Matthias Wertwein,re_italy,Italy,1521.0,theologian,europe
3728,Q24953770,Giovanni Rafanelli,re_italy,Italy,1443.0,theologian,europe
3729,Q1300786,Erhard Johann Brumhard,re_german_world,German world,1692.0,theologian,europe
3730,Q3767266,Giovanni Francesco Crivelli,re_italy,Italy,1691.0,mathematician,europe
3731,Q106084125,Alessandro Altan,re_italy,Italy,1533.0,geographer,europe
3732,Q103073,Heinrich von Herford,re_german_world,German world,1326.0,historian,europe
3733,Q25419426,Estêvão Rodrigues de Castro,re_italy,Italy,1560.0,philosopher,europe
3734,Q16573520,Lorenzo Bolano,re_italy,Italy,1540.0,archeologist | philosopher,europe
3735,Q720451,Jean Richer,re_france,France,1630.0,astronomer | anatomist,europe
3736,Q7192119,Pierre Cally,re_france,France,1630.0,theologian | philosopher,europe
3737,Q3401937,Thomas Carte,re_british_islands,British Islands,1686.0,historian,europe
3738,Q3345814,Noël Duret,re_france,France,1590.0,astronomer | mathematician,europe
3739,Q100997711,William Brassier,re_british_islands,British Islands,1689.0,geographer,europe
3740,Q363513,Judah Loew ben Bezalel,re_central_europe,Central Europe,1520.0,philosopher | mathematician,europe
3741,Q9376391,Wojciech Bystrzonowski,re_central_europe,Central Europe,1699.0,theologian | philosopher,europe
3742,Q59685425,Francisco de Mendonça,re_portugal,Portugal,1573.0,philosopher,europe
3743,Q287485,Theodoros Gaza,re_italy,Italy,1398.0,philosopher,europe
3744,Q1873744,Lucrezia Marinella,re_italy,Italy,1571.0,philosopher,europe
3745,Q744014,Nicholas of Clémanges,re_france,France,1363.0,theologian | philosopher,europe
3746,Q12023155,Jan Tanner,re_central_europe,Central Europe,1623.0,theologian | historian,europe
3747,Q1314820,Heinrich Rixner,re_german_world,German world,1634.0,theologian,europe
3748,Q60145514,Janez Krstnik Thullner,re_german_world,German world,1668.0,historian,europe
3749,Q2228901,Andreas Cornelius,re_low_countries,Low countries,1550.0,historian,europe
3750,Q5563848,Giovanni Francisco Vigani,re_british_islands,British Islands,1650.0,chemist,europe
3751,Q47502076,Alexandr Šamský,re_central_europe,Central Europe,1687.0,philosopher | physicist,europe
3752,Q1349327,Erdmann Rudolph Fischer,re_german_world,German world,1687.0,theologian,europe
3753,Q1466890,Ferenc Zay,re_central_europe,Central Europe,1498.0,historian,europe
3754,Q3431614,Elias Brenner,re_nordic_countries,Nordic countries,1647.0,archeologist | historian,europe
3755,Q94876594,Sebastian Bader,re_german_world,German world,1523.0,theologian,europe
3756,Q696040,"William IV, Landgrave of Hesse-Kassel",re_german_world,German world,1532.0,astronomer,europe
3757,Q1242534,Gilles-François de Gottignies,re_italy,Italy,1630.0,astronomer | mathematician,europe
3758,Q365046,Thomas Aikenhead,re_british_islands,British Islands,1676.0,theologian,europe
3759,Q638418,Aernout van Buchel,re_low_countries,Low countries,1565.0,archeologist,europe
3760,Q1695296,Johann Lindemann,re_german_world,German world,1488.0,theologian,europe
3761,Q21544173,Johannes Vorst,re_german_world,German world,1623.0,theologian,europe
3762,Q120784,Ludwig Lavater,re_german_world,German world,1527.0,theologian,europe
3763,Q15454162,Hermann Christoph Engelcken,re_german_world,German world,1679.0,theologian,europe
3764,Q109365,Henning Arnisaeus,re_nordic_countries,Nordic countries,1570.0,philosopher,europe
3765,Q3762111,Jacques-Hyacinthe Serry,re_italy,Italy,1659.0,theologian,europe
3766,Q914447,Hermann Bonnus,re_german_world,German world,1504.0,theologian,europe
3767,Q3107033,Giovanni Battista Bianchi,re_italy,Italy,1681.0,anatomist,europe
3768,Q16211504,Isaac Jacquelot,re_german_world,German world,1647.0,theologian,europe
3769,Q2521066,Visconte Maggiolo,re_italy,Italy,1478.0,geographer,europe
3770,Q1697209,Johannes Baptista Montanus,re_italy,Italy,1498.0,anatomist,europe
3771,Q50181871,Hieronymus Prunner,re_german_world,German world,1550.0,theologian,europe
3772,Q43378756,Pedro Enguera,re_spain,Spain,1700.0,mathematician,europe
3773,Q96339,Franz Albert Aepinus,re_german_world,German world,1673.0,theologian | philosopher,europe
3774,Q8321471,Jean de Beins,re_france,France,1577.0,geographer,europe
3775,Q1078915,Christian Baum,re_german_world,German world,1580.0,theologian,europe
3776,Q123660,Johann Bauhin,re_german_world,German world,1541.0,botanist,europe
3777,Q1960743,Pieter de la Court,re_low_countries,Low countries,1618.0,historian | philosopher | economist,europe
3778,Q940417,Symeon of Durham,re_british_islands,British Islands,1060.0,historian,europe
3779,Q17326030,Samuel Meiger,re_german_world,German world,1532.0,theologian,europe
3780,Q4755002,Andrea Cambini,re_italy,Italy,1445.0,historian,europe
3781,Q12768524,Justus Johann Torkos,re_central_europe,Central Europe,1699.0,chemist,europe
3782,Q55684453,Johann Heinrich Welcker,re_german_world,German world,1650.0,theologian,europe
3783,Q56243212,Gaspard de Seguiran,re_france,France,1569.0,theologian,europe
3784,Q3511097,Séran de La Tour,re_france,France,1700.0,historian,europe
3785,Q56023320,Hieronymus Praetorius,re_german_world,German world,1595.0,physicist,europe
3786,Q3383950,Pierre Berthauld,re_france,France,1600.0,historian,europe
3787,Q1047833,Casparus Clee,re_slav_world,Slav world,1553.0,historian,europe
3788,Q15078949,Pierre-Alexandre Levesque de La Ravalière,re_france,France,1697.0,historian,europe
3789,Q1556205,Gustav Molanus,re_german_world,German world,1650.0,theologian,europe
3790,Q19060237,Gervais Bigeon,re_france,France,1620.0,theologian,europe
3791,Q19723817,Ambrogio Fiandino,re_italy,Italy,1460.0,theologian,europe
3792,Q2978197,Claude Thomassin,re_france,France,1615.0,theologian,europe
3793,Q282356,Pedro Reinel,re_portugal,Portugal,1500.0,geographer,europe
3794,Q75797,Michael Maestlin,re_german_world,German world,1550.0,astronomer | mathematician,europe
3795,Q770810,Valerius Andreas,re_low_countries,Low countries,1588.0,historian,europe
3796,Q435718,Pedro Nunes,re_portugal,Portugal,1502.0,geographer | astronomer | philosopher | mathematician,europe
3797,Q435300,Francesco Patrizi,re_italy,Italy,1529.0,philosopher,europe
3798,Q94927898,Stutte Wikbold,re_german_world,German world,1340.0,theologian,europe
3799,Q21546759,Alessandro Adelasio,re_italy,Italy,1631.0,theologian,europe
3800,Q111381628,Pavel Josef Axlar,re_central_europe,Central Europe,1650.0,theologian,europe
3801,Q55122976,Christoph Gewold,re_german_world,German world,1556.0,historian,europe
3802,Q94931086,Johann Andreas Boeckler,re_german_world,German world,1686.0,theologian,europe
3803,Q1910548,Matthäus Röseler,re_german_world,German world,1522.0,astronomer | mathematician,europe
3804,Q2015448,Rui de Pina,re_portugal,Portugal,1440.0,historian,europe
3805,Q1280218,Jakob Fabricius,re_central_europe,Central Europe,1551.0,theologian,europe
3806,Q7966528,Walter of Bruges,re_france,France,1227.0,theologian,europe
3807,Q59630610,Fernando Alvares Seco,re_portugal,Portugal,1550.0,geographer,europe
3808,Q560613,Bernardino Baldi,re_italy,Italy,1553.0,mathematician,europe
3809,Q20890611,Manuel Pimentel,re_portugal,Portugal,1650.0,geographer,europe
3810,Q4792439,Arlotto of Prato,re_italy,Italy,1201.0,theologian,europe
3811,Q1465988,Johann Rotenburg,re_central_europe,Central Europe,1572.0,theologian,europe
3812,Q94884936,Johann Christoph Urbich,re_german_world,German world,1615.0,theologian,europe
3813,Q2109747,Primat de Saint-Denis,re_france,France,1300.0,historian,europe
3814,Q55193282,Heinrich Friedrich Otto,re_german_world,German world,1692.0,historian,europe
3815,Q108430476,Hans Willem van Aylva,re_low_countries,Low countries,1694.0,historian,europe
3816,Q1696169,Johann Schultingh,re_low_countries,Low countries,1630.0,philosopher | historian,europe
3817,Q711910,Niccolò Barbaro,re_italy,Italy,1420.0,historian,europe
3818,Q4208449,Filippo Maria Casoni,re_italy,Italy,1662.0,historian,europe
3819,Q3219052,Laurent Bordelon,re_france,France,1653.0,theologian,europe
3820,Q1307732,Johann Gottfried Zeidler,re_german_world,German world,1655.0,theologian,europe
3821,Q372038,Józef Naronowicz-Naroński,re_slav_world,Slav world,1610.0,geographer | historian | mathematician,europe
3822,Q8016427,William Owtram,re_british_islands,British Islands,1626.0,theologian,europe
3823,Q3093722,Gabriel Dupréau,re_france,France,1511.0,theologian,europe
3824,Q20056547,Muzio Febonio,re_italy,Italy,1597.0,historian,europe
3825,Q952799,János Nadányi,re_central_europe,Central Europe,1643.0,historian,europe
3826,Q318787,Pietro Pomponazzi,re_italy,Italy,1462.0,philosopher,europe
3827,Q18616687,Bernhard Werenberg,re_german_world,German world,1577.0,philosopher,europe
3828,Q859889,Isaac La Peyrère,re_france,France,1596.0,theologian,europe
3829,Q1904579,Martin Mirus,re_german_world,German world,1532.0,theologian,europe
3830,Q5526541,Gaspar Frutuoso,re_portugal,Portugal,1522.0,historian,europe
3831,Q5598401,Gregorius Borastus,re_nordic_countries,Nordic countries,1585.0,historian,europe
3832,Q1463506,Friedrich Zollmann,re_german_world,German world,1690.0,historian,europe
3833,Q1697294,Johann Bornschürer,re_german_world,German world,1625.0,theologian,europe
3834,Q969675,Joseph Solomon Delmedigo,re_central_europe,Central Europe,1591.0,philosopher | musicologist | astronomer | mathematician,europe
3835,Q3770694,Giuseppe Girolamo Semenzi,re_italy,Italy,1645.0,historian,europe
3836,Q55125084,Johann Georg Lotter,re_slav_world,Slav world,1699.0,historian,europe
3837,Q2345130,Stephen Switzer,re_british_islands,British Islands,1682.0,historian,europe
3838,Q1697538,Johannes Gallus,re_german_world,German world,1525.0,theologian,europe
3839,Q316367,Francis Hutcheson,re_british_islands,British Islands,1694.0,theologian | philosopher | economist,europe
3840,Q28599892,Giuseppe Volpi,re_italy,Italy,1680.0,historian,europe
3841,Q6068794,Pedro Fernández de Navarrete,re_spain,Spain,1564.0,economist,europe
3842,Q5376,Robert the Monk,re_france,France,1055.0,historian,europe
3843,Q18343121,Martin Naboth,re_german_world,German world,1675.0,chemist,europe
3844,Q861443,Christophe Butkens,re_low_countries,Low countries,1590.0,historian,europe
3845,Q15963993,Johann Bucker,re_german_world,German world,1650.0,geographer,europe
3846,Q98522572,Liévin Algoet,re_german_world,German world,1500.0,historian | physicist,europe
3847,Q770506,Christian Sgrooten,re_german_world,German world,1525.0,geographer,europe
3848,Q1078821,Christian August Hausen,re_german_world,German world,1663.0,theologian | historian,europe
3849,Q1494931,Kaspar Löner,re_german_world,German world,1493.0,theologian,europe
3850,Q1625673,Johannes Vögelin,re_german_world,German world,1500.0,astronomer | mathematician,europe
3851,Q350773,Baldo Angelo Abati,re_italy,Italy,1401.0,zoologist | physicist,europe
3852,Q41139187,Daniel Bernhardi,re_german_world,German world,1622.0,theologian,europe
3853,Q306658,Abbo of Fleury,re_france,France,945.0,philosopher | mathematician,europe
3854,Q5094294,Chevalier des Marchais,re_france,France,1683.0,geographer,europe
3855,Q109958,Reiner Reineccius,re_german_world,German world,1541.0,historian,europe
3856,Q56605582,Guillaume Du Peyrat,re_france,France,1563.0,theologian | historian,europe
3857,Q12657632,Jonas Chodzinskis,re_central_europe,Central Europe,1600.0,philosopher,europe
3858,Q2161357,Gisbert Cuper,re_low_countries,Low countries,1644.0,historian,europe
3859,Q55123800,Johann Konrad Axt,re_german_world,German world,1638.0,chemist,europe
3860,Q71316,Jacob Bidermann,re_italy,Italy,1578.0,theologian | philosopher,europe
3861,Q96643,Euricius Cordus,re_german_world,German world,1486.0,botanist,europe
3862,Q16496382,Baltasar Teles,re_portugal,Portugal,1596.0,philosopher | historian,europe
3863,Q855257,Blasius of Parma,re_italy,Italy,1355.0,philosopher | mathematician,europe
3864,Q286599,Palla Strozzi,re_italy,Italy,1372.0,linguist | philosopher,europe
3865,Q18223075,Johann Gottfried Misler,re_german_world,German world,1679.0,theologian,europe
3866,Q700334,Kara Mehmed Pacha,re_central_europe,Central Europe,1650.0,historian,europe
3867,Q1341370,"Henry Home, Lord Kames",re_british_islands,British Islands,1696.0,philosopher | historian | anthropologist | sociologist,europe
3868,Q15811728,Georg Heinrich Keller,re_german_world,German world,1624.0,theologian,europe
3869,Q125214,Johannes Scheuchzer,re_german_world,German world,1684.0,botanist,europe
3870,Q94905092,Johannes Seidel,re_central_europe,Central Europe,1671.0,theologian,europe
3871,Q59528959,Mattia Palmieri,re_italy,Italy,1423.0,historian,europe
3872,Q95298381,Michael Schiller,re_german_world,German world,1614.0,mathematician,europe
3873,Q131548,Jordanes,re_italy,Italy,600.0,historian,europe
3874,Q2841391,Amaury Bouchard,re_france,France,1490.0,philosopher,europe
3875,Q3713173,Domenico Panaroli,re_italy,Italy,1587.0,botanist,europe
3876,Q3184480,Joseph Alexis Poutrain,re_low_countries,Low countries,1684.0,historian,europe
3877,Q5341875,Edward Bernard,re_british_islands,British Islands,1638.0,astronomer,europe
3878,Q4755191,Andrea Mocenigo,re_italy,Italy,1473.0,historian,europe
3879,Q925729,Ignace-Gaston Pardies,re_france,France,1636.0,physicist | mathematician,europe
3880,Q16188962,Antoni Codorniu,re_italy,Italy,1699.0,philosopher,europe
3881,Q1541662,Landolfus Sagax,re_italy,Italy,1010.0,historian,europe
3882,Q1556204,Hermann Nicephorus,re_german_world,German world,1555.0,philosopher,europe
3883,Q26267121,Antonio Boccapaduli,re_italy,Italy,1530.0,theologian | philosopher,europe
3884,Q6157206,Christian Nold,re_nordic_countries,Nordic countries,1626.0,theologian,europe
3885,Q1347196,Thomas Helwys,re_british_islands,British Islands,1550.0,theologian,europe
3886,Q23695787,Bartolomé de Albornoz,re_spain,Spain,1519.0,historian,europe
3887,Q55685296,Marsilius Wenck,re_german_world,German world,1601.0,theologian,europe
3888,Q20017002,Juan Suárez de Peralta,re_spain,Spain,1541.0,historian,europe
3889,Q1591049,Hermann Barkhaus,re_german_world,German world,1629.0,theologian,europe
3890,Q2512717,Isaac van Geelkercken,re_low_countries,Low countries,1615.0,geographer,europe
3891,Q41568869,Niccolò Coppola,re_spain,Spain,1650.0,mathematician,europe
3892,Q7942002,Voskan Yerevantsi,re_france,France,1614.0,linguist,europe
3893,Q63428,Abraham Calovius,re_german_world,German world,1612.0,theologian,europe
3894,Q1030704,Gregor Lagus,re_central_europe,Central Europe,1586.0,theologian,europe
3895,Q2581060,William Whittingham,re_british_islands,British Islands,1524.0,theologian,europe
3896,Q6752723,Manuel Martí i Saragossà,re_spain,Spain,1663.0,archeologist | anthropologist,europe
3897,Q93453484,Manuel de Campos,re_portugal,Portugal,1681.0,mathematician,europe
3898,Q52154105,Simon Schijnvoet,re_low_countries,Low countries,1653.0,anatomist,europe
3899,Q1986557,Nicolas Chuquet,re_france,France,1445.0,mathematician,europe
3900,Q1693205,Johann David Kypke,re_slav_world,Slav world,1692.0,theologian,europe
3901,Q3710165,Walcher of Malvern,re_british_islands,British Islands,1001.0,astronomer | mathematician,europe
3902,Q1596866,Heinrich Bukow,re_german_world,German world,1500.0,theologian,europe
3903,Q1539925,Gottlob Friedrich Seligmann,re_german_world,German world,1654.0,theologian,europe
3904,Q55123174,Ludwig Christian Mieg,re_german_world,German world,1668.0,theologian,europe
3905,Q2418400,Theodor Undereyck,re_german_world,German world,1635.0,theologian,europe
3906,Q122656,Johann Stössel,re_german_world,German world,1524.0,theologian,europe
3907,Q62770,Johannes Schöner,re_german_world,German world,1477.0,geographer | astronomer | mathematician,europe
3908,Q21511550,Balthasar Ehrhart,re_german_world,German world,1700.0,paleontologist,europe
3909,Q99244,Heinrich Georg Neuss,re_german_world,German world,1654.0,theologian,europe
3910,Q8199644,Angelo Pietra,re_italy,Italy,1550.0,economist,europe
3911,Q2574405,Justus van Effen,re_low_countries,Low countries,1684.0,linguist,europe
3912,Q5550226,Gerard van Schagen,re_low_countries,Low countries,1641.0,geographer,europe
3913,Q3561373,Vittorio Siri,re_france,France,1608.0,historian | mathematician,europe
3914,Q2176092,Carlos Coloma,re_spain,Spain,1567.0,historian,europe
3915,Q3147472,Ibn Al-Thahabi,re_spain,Spain,901.0,chemist,europe
3916,Q1690934,Job Hartmann Enenkel,re_german_world,German world,1576.0,historian,europe
3917,Q1506226,Georg Tobias Pistorius,re_german_world,German world,1666.0,historian,europe
3918,Q437734,James Stirling,re_british_islands,British Islands,1692.0,mathematician,europe
3919,Q1689821,Mathias Cremerius Peltzer,re_german_world,German world,1465.0,theologian,europe
3920,Q6774256,Marten Schagen,re_low_countries,Low countries,1700.0,historian,europe
3921,Q2804450,Ulrich Junius,re_german_world,German world,1670.0,mathematician,europe
3922,Q539443,Johan Palmstruch,re_nordic_countries,Nordic countries,1611.0,economist,europe
3923,Q1084854,Christoph Franck,re_german_world,German world,1642.0,theologian,europe
3924,Q18945289,Francesco Galigai,re_italy,Italy,1498.0,mathematician,europe
3925,Q58317058,Wolfgang Jobst,re_german_world,German world,1521.0,historian | physicist,europe
3926,Q3345779,Noël Béda,re_france,France,1470.0,theologian,europe
3927,Q1246983,Johann Hermann von Elswich,re_german_world,German world,1684.0,theologian,europe
3928,Q109853474,Marcello Francolini,re_italy,Italy,1533.0,theologian | philosopher,europe
3929,Q499677,Andreas Mylius,re_german_world,German world,1527.0,historian,europe
3930,Q29848881,Paulus Aquilinas,re_central_europe,Central Europe,1520.0,historian,europe
3931,Q1904489,Martin Lupáč,re_central_europe,Central Europe,1400.0,theologian,europe
3932,Q1505032,Georg Konrad Rieger,re_german_world,German world,1687.0,theologian,europe
3933,Q7029868,Nicolas d'Orbellis,re_italy,Italy,1500.0,theologian | philosopher,europe
3934,Q28104286,Heinrich Dringenberg,re_german_world,German world,1630.0,philosopher,europe
3935,Q595497,Francesco Pucci,re_italy,Italy,1543.0,philosopher,europe
3936,Q94876595,David Vechner,re_german_world,German world,1668.0,theologian,europe
3937,Q3603791,Abramo Bzovio,re_italy,Italy,1567.0,historian,europe
3938,Q3261417,Louis Cappel de Montgemberg,re_france,France,1534.0,theologian,europe
3939,Q3360719,Erik Pontoppidan the elder,re_nordic_countries,Nordic countries,1616.0,theologian | linguist,europe
3940,Q15783328,Andreas Magerius,re_france,France,1500.0,theologian,europe
3941,Q2750183,"Louis-Armand de Lom d'Arce de Lahontan, Baron de Lahontan",re_france,France,1666.0,anthropologist,europe
3942,Q1079332,Christian Dreier,re_central_europe,Central Europe,1610.0,theologian,europe
3943,Q2093849,Pierre Pithou,re_france,France,1539.0,historian,europe
3944,Q15919417,Franz Sebastian Nonhardt,re_german_world,German world,1680.0,theologian,europe
3945,Q334978,Jean Chapelain,re_france,France,1595.0,philosopher,europe
3946,Q15457679,Severin Binius,re_german_world,German world,1573.0,historian,europe
3947,Q2578595,Anna Åkerhjelm,re_german_world,German world,1642.0,archeologist,europe
3948,Q6002934,Martín Ximena Jurado,re_spain,Spain,1615.0,historian,europe
3949,Q2960695,Charles de Saint-Paul,re_france,France,1592.0,historian,europe
3950,Q94935218,Christoph Siegfried,re_german_world,German world,1590.0,theologian,europe
3951,Q2656173,Levinus Vincent,re_low_countries,Low countries,1658.0,zoologist,europe
3952,Q16569344,Francisco de Mendieta y Retes,re_spain,Spain,1556.0,historian,europe
3953,Q101802,Georg Aportanus,re_german_world,German world,1495.0,theologian,europe
3954,Q1385583,Jorge Reinel,re_portugal,Portugal,1502.0,geographer,europe
3955,Q878349,Francis Lambert,re_german_world,German world,1486.0,theologian,europe
3956,Q28514476,Giannettino Gonzaga,re_italy,Italy,1602.0,theologian,europe
3957,Q1929740,Michael Watson,re_german_world,German world,1623.0,philosopher | historian | political scientist,europe
3958,Q980754,Johann Himmel,re_german_world,German world,1581.0,theologian,europe
3959,Q2595492,Thomas Ellwood,re_british_islands,British Islands,1639.0,theologian,europe
3960,Q20172498,Joseph ben David Ibn Yaḥya,re_italy,Italy,1495.0,philosopher,europe
3961,Q551722,Giovanni Lami,re_italy,Italy,1697.0,historian,europe
3962,Q94929964,Joachim Westphal,re_german_world,German world,1551.0,theologian,europe
3963,Q100927,Christfried Kirch,re_german_world,German world,1694.0,astronomer,europe
3964,Q535676,Angelo Decembrio,re_italy,Italy,1415.0,historian,europe
3965,Q64760900,Jaime Perez de Valencia,re_spain,Spain,1408.0,theologian,europe
3966,Q1986633,Nicolas Lenglet du Fresnoy,re_france,France,1674.0,historian,europe
3967,Q15452974,Johann Christian Thomae,re_german_world,German world,1668.0,historian,europe
3968,Q468193,Jan of Jenštejn,re_italy,Italy,1351.0,philosopher,europe
3969,Q1709082,Reiner Bontius,re_low_countries,Low countries,1576.0,astronomer | philosopher,europe
3970,Q94808930,Johann Abraham Rüdel,re_german_world,German world,1700.0,theologian,europe
3971,Q64182,Basil Faber,re_german_world,German world,1520.0,theologian,europe
3972,Q517177,Fridugisus,re_france,France,800.0,philosopher,europe
3973,Q109091,Philipp Müller,re_german_world,German world,1585.0,mathematician,europe
3974,Q18593247,John Huniades,re_british_islands,British Islands,1621.0,chemist,europe
3975,Q380654,Aegidius Tschudi,re_german_world,German world,1505.0,geographer | historian,europe
3976,Q6251204,John Oldmixon,re_british_islands,British Islands,1673.0,historian,europe
3977,Q55127190,Jakob Wex,re_france,France,1645.0,theologian,europe
3978,Q681164,Semyon Chelyuskin,re_slav_world,Slav world,1700.0,geographer,europe
3979,Q953365,Luis de Ávila y Zuniga,re_spain,Spain,1500.0,historian,europe
3980,Q1506630,Georg von Mascow,re_german_world,German world,1584.0,theologian,europe
3981,Q61297,Rudolf Jakob Camerarius,re_german_world,German world,1665.0,botanist | zoologist,europe
3982,Q21544065,Christoph Coler,re_german_world,German world,1570.0,historian,europe
3983,Q21545896,Wilhelm Hilden,re_german_world,German world,1551.0,mathematician,europe
3984,Q3766557,Giovanni Battista Angelini,re_italy,Italy,1690.0,historian,europe
3985,Q4775422,Antoine-Simon Le Page du Pratz,re_france,France,1695.0,anthropologist | historian | anatomist,europe
3986,Q3018380,David Martin,re_low_countries,Low countries,1639.0,theologian,europe
3987,Q1539686,Gotthilf August Francke,re_german_world,German world,1696.0,theologian,europe
3988,Q23565042,Andreas Ornithoparchus,re_german_world,German world,1490.0,musicologist,europe
3989,Q55679972,Georg Michahelles,re_german_world,German world,1651.0,theologian,europe
3990,Q6252938,John Pine,re_british_islands,British Islands,1690.0,geographer,europe
3991,Q15975,Montesquieu,re_france,France,1689.0,philosopher | historian | sociologist,europe
3992,Q116017,Conrad Dasypodius,re_france,France,1532.0,astronomer | mathematician,europe
3993,Q1498115,Alexius Crosner,re_german_world,German world,1490.0,theologian,europe
3994,Q3340325,Nicolas Fontaine,re_france,France,1625.0,theologian,europe
3995,Q2894300,Miguel de Portilla y Esquivel,re_spain,Spain,1660.0,historian,europe
3996,Q5717632,Baltasar Íñigo,re_spain,Spain,1656.0,mathematician,europe
3997,Q331322,Nicholas of Autrecourt,re_france,France,1299.0,theologian | philosopher,europe
3998,Q7171687,Petar Bogdan,re_balkans,Balkans,1601.0,historian,europe
3999,Q56000826,Heitor Pinto,re_portugal,Portugal,1528.0,theologian,europe
4000,Q1003681,François d'Aguilon,re_low_countries,Low countries,1567.0,physicist | mathematician,europe
4001,Q1095179,Romuald Guarna,re_italy,Italy,1115.0,historian,europe
4002,Q3613818,Ambrogio Catarino Politi,re_italy,Italy,1487.0,theologian,europe
4003,Q2113216,Prosdocimus de Beldemandis,re_italy,Italy,1375.0,musicologist | astronomer | mathematician,europe
4004,Q3845545,Marcello Capra,re_italy,Italy,1510.0,philosopher,europe
4005,Q3839120,Ludovico Jacobilli,re_italy,Italy,1598.0,historian,europe
4006,Q94811039,Wolfgang Johann Gröper,re_german_world,German world,1682.0,theologian,europe
4007,Q1489766,Gabriel Wagner,re_german_world,German world,1660.0,philosopher | mathematician | zoologist,europe
4008,Q6085275,Andreas Rydelius,re_nordic_countries,Nordic countries,1671.0,theologian,europe
4009,Q2343177,Stephan Broelmann,re_german_world,German world,1551.0,historian,europe
4010,Q3722899,Elia Astorini,re_italy,Italy,1651.0,philosopher | mathematician,europe
4011,Q18507396,Andrej Mikec,re_german_world,German world,1605.0,theologian,europe
4012,Q58042,Engelbert Kaempfer,re_german_world,German world,1651.0,botanist,europe
4013,Q3778928,Guglielmo Grataroli,re_german_world,German world,1516.0,philosopher,europe
4014,Q4110577,Johan Widekindi,re_nordic_countries,Nordic countries,1619.0,historian,europe
4015,Q2839276,Alonso de Zurita,re_spain,Spain,1512.0,historian,europe
4016,Q2200235,Isaac Le Long,re_german_world,German world,1683.0,historian,europe
4017,Q2708668,Theodorus Velius,re_low_countries,Low countries,1572.0,historian,europe
4018,Q3766049,Giovan Battista Amico,re_italy,Italy,1512.0,astronomer | philosopher | mathematician,europe
4019,Q66904720,Joan Baptista Ballester,re_spain,Spain,1624.0,theologian,europe
4020,Q1693478,Johann Freiberger,re_german_world,German world,1470.0,historian,europe
4021,Q1693340,Johann Erhard Kapp,re_german_world,German world,1696.0,historian,europe
4022,Q94935071,Georg Otto,re_german_world,German world,1625.0,theologian,europe
4023,Q454663,Eggerik Beninga,re_german_world,German world,1490.0,historian,europe
4024,Q62676484,Mathijs Wier,re_low_countries,Low countries,1505.0,theologian,europe
4025,Q10266594,Diogo Soares,re_portugal,Portugal,1684.0,geographer,europe
4026,Q3300223,Maurus Dantine,re_france,France,1688.0,historian,europe
4027,Q55626209,Georg Seger,re_central_europe,Central Europe,1629.0,zoologist,europe
4028,Q73802857,Giovanni Argenti,re_italy,Italy,1561.0,historian,europe
4029,Q3606775,Agostino Inveges,re_italy,Italy,1595.0,historian,europe
4030,Q1871917,Louis Picques,re_france,France,1637.0,theologian,europe
4031,Q47455858,Conrad Friedrich Feuerlein,re_german_world,German world,1694.0,theologian,europe
4032,Q4213981,Matej Karaman,re_balkans,Balkans,1700.0,linguist,europe
4033,Q38541085,Bésian Arroy,re_france,France,1589.0,theologian,europe
4034,Q108250525,Francesco Baselli,re_italy,Italy,1604.0,theologian,europe
4035,Q55844253,Salomon Hottinger,re_german_world,German world,1649.0,physicist | mathematician | anatomist,europe
4036,Q60603688,Carlos de la Reguera,re_spain,Spain,1679.0,mathematician,europe
4037,Q268083,André de Resende,re_portugal,Portugal,1500.0,theologian | archeologist | anthropologist,europe
4038,Q999655,Johann Jakob Rüeger,re_german_world,German world,1548.0,theologian | historian,europe
4039,Q3606765,Agostino Giustiniani,re_italy,Italy,1470.0,geographer | linguist | historian,europe
4040,Q1359314,Ernst Ludwig Carl,re_german_world,German world,1682.0,economist,europe
4041,Q1116427,Fortunat Sprecher,re_german_world,German world,1585.0,historian,europe
4042,Q2638958,Albert Vogt,re_german_world,German world,1634.0,theologian,europe
4043,Q18945682,Niccolò Gianpriamo,re_italy,Italy,1686.0,astronomer | mathematician,europe
4044,Q5535668,Georg Caspari,re_central_europe,Central Europe,1683.0,theologian,europe
4045,Q55228443,Carlo Granelli,re_german_world,German world,1671.0,archeologist | historian,europe
4046,Q1085217,Christoph Irenäus,re_german_world,German world,1522.0,theologian,europe
4047,Q98556548,Grgur Budislavic,re_balkans,Balkans,1485.0,theologian | philosopher,europe
4048,Q18527191,Clement of Llanthony,re_british_islands,British Islands,1100.0,theologian,europe
4049,Q3765756,Giorgio Siculo,re_italy,Italy,1517.0,theologian,europe
4050,Q5584377,William Bradshaw,re_british_islands,British Islands,1571.0,theologian,europe
4051,Q96765,Valentin Ickelshamer,re_german_world,German world,1500.0,linguist,europe
4052,Q16524841,Alberto Gliričić,re_italy,Italy,1510.0,theologian,europe
4053,Q2155112,Bartolomé Leonardo de Argensola,re_spain,Spain,1562.0,historian,europe
4054,Q2368376,Richard of Devizes,re_british_islands,British Islands,1150.0,historian,europe
4055,Q948840,Pier Antonio Micheli,re_italy,Italy,1679.0,botanist,europe
4056,Q240336,Emanuel van Meteren,re_british_islands,British Islands,1535.0,historian,europe
4057,Q2421569,Simon van Leeuwen,re_low_countries,Low countries,1627.0,historian,europe
4058,Q203814,Lawrence Giustiniani,re_italy,Italy,1381.0,philosopher,europe
4059,Q7442644,Sebastián Fox Morcillo,re_spain,Spain,1526.0,philosopher,europe
4060,Q55673746,Ludwig Friedrich Rothmahler,re_german_world,German world,1679.0,theologian,europe
4061,Q1708321,Joseph ha-Kohen,re_italy,Italy,1496.0,historian,europe
4062,Q322873,Juan Bautista Villalpando,re_italy,Italy,1552.0,mathematician,europe
4063,Q16215699,Johann Christian Biel,re_german_world,German world,1687.0,theologian,europe
4064,Q23015642,Hubert Thomas,re_low_countries,Low countries,1495.0,historian,europe
4065,Q1659938,Immanuel König,re_central_europe,Central Europe,1590.0,theologian,europe
4066,Q94935547,Michael Schmidt,re_german_world,German world,1602.0,theologian,europe
4067,Q21559782,Marcello Venuti,re_italy,Italy,1700.0,archeologist,europe
4068,Q188411,Bernard of Clairvaux,re_france,France,1091.0,theologian | philosopher,europe
4069,Q324534,Laonikos Chalkokondyles,re_balkans,Balkans,1423.0,historian,europe
4070,Q5604675,Greenville Collins,re_british_islands,British Islands,1643.0,geographer,europe
4071,Q16515445,Hilarion Špaček,re_central_europe,Central Europe,1650.0,theologian,europe
4072,Q48115,"Fulk IV, Count of Anjou",re_france,France,1043.0,historian,europe
4073,Q362239,Alain Manesson Mallet,re_france,France,1630.0,geographer,europe
4074,Q18528219,Seth Partridge,re_british_islands,British Islands,1604.0,mathematician,europe
4075,Q95081122,Tobiáš Jelínek,re_central_europe,Central Europe,1668.0,philosopher,europe
4076,Q7790680,Thomas Hill,re_british_islands,British Islands,1528.0,historian | mathematician,europe
4077,Q5867836,Francisco de Arriaza,re_spain,Spain,1669.0,economist,europe
4078,Q1283998,Heinrich Höpfner,re_german_world,German world,1582.0,theologian,europe
4079,Q1230580,Albert Linemann,re_slav_world,Slav world,1603.0,astronomer | mathematician,europe
4080,Q16203872,Joseph Besse,re_british_islands,British Islands,1683.0,theologian,europe
4081,Q6190332,Johan Stiernhöök,re_nordic_countries,Nordic countries,1596.0,political scientist,europe
4082,Q712537,Gunther of Pairis,re_german_world,German world,1150.0,historian,europe
4083,Q780601,Michał Twaróg of Bystrzyków,re_central_europe,Central Europe,1450.0,philosopher,europe
4084,Q1710035,Burchard de Volder,re_low_countries,Low countries,1643.0,astronomer | philosopher | physicist | mathematician,europe
4085,Q3340095,Nicolas Bergier,re_france,France,1567.0,archeologist,europe
4086,Q1696199,Johannes Eichhorn,re_slav_world,Slav world,1518.0,theologian | mathematician,europe
4087,Q55193408,Franz Wagner,re_german_world,German world,1675.0,historian,europe
4088,Q540950,Lazarus Secretarius,re_central_europe,Central Europe,1500.0,geographer,europe
4089,Q94934316,Simon Weiß,re_central_europe,Central Europe,1623.0,theologian,europe
4090,Q716427,Jean Juvénal des Ursins,re_france,France,1388.0,philosopher | historian,europe
4091,Q55852637,David Hottinger,re_german_world,German world,1685.0,historian,europe
4092,Q55126116,Johann Christoph Salbach,re_german_world,German world,1637.0,theologian,europe
4093,Q1598247,Heinrich Majus,re_german_world,German world,1632.0,physicist,europe
4094,Q21165229,Philibert Collet,re_france,France,1643.0,botanist | historian,europe
4095,Q49715,Adam Neuser,re_german_world,German world,1530.0,theologian,europe
4096,Q5535811,Georg Schomann,re_central_europe,Central Europe,1539.0,theologian,europe
4097,Q62471146,Conrad Spangenberg,re_german_world,German world,1525.0,theologian,europe
4098,Q15292115,János Zermegh,re_central_europe,Central Europe,1504.0,historian,europe
4099,Q94850452,Martin Bosse,re_nordic_countries,Nordic countries,1695.0,theologian,europe
4100,Q13565189,Charlotta Frölich,re_nordic_countries,Nordic countries,1698.0,historian | botanist | physicist,europe
4101,Q348702,Adam Bartholomäus,re_german_world,German world,1505.0,theologian,europe
4102,Q504352,Rasmus Bartholin,re_nordic_countries,Nordic countries,1625.0,physicist | chemist | mathematician | anatomist,europe
4103,Q7327123,Richard Knolles,re_british_islands,British Islands,1545.0,historian,europe
4104,Q5162533,Conrad Henfling,re_german_world,German world,1648.0,musicologist | mathematician,europe
4105,Q94764290,Daniel Rixinger,re_france,France,1561.0,philosopher,europe
4106,Q351518,Simplicius of Cilicia,re_balkans,Balkans,501.0,astronomer | philosopher | mathematician,europe
4107,Q3610215,Alessandro Politi,re_italy,Italy,1679.0,theologian,europe
4108,Q72662,Urbanus Rhegius,re_german_world,German world,1489.0,theologian,europe
4109,Q95288,Christoph Friedrich Richter,re_german_world,German world,1676.0,theologian | zoologist,europe
4110,Q826361,Bernhard von Sanden the Elder,re_slav_world,Slav world,1636.0,theologian,europe
4111,Q17327784,Francesco Calzolari,re_italy,Italy,1522.0,botanist,europe
4112,Q1048024,Caspar Schleupner,re_central_europe,Central Europe,1535.0,mathematician,europe
4113,Q2978209,Claude-Toussaint Marot de La Garaye,re_france,France,1675.0,chemist,europe
4114,Q354517,Immanuel Bonfils,re_france,France,1300.0,astronomer | mathematician,europe
4115,Q1229061,Johann Juncker,re_german_world,German world,1679.0,chemist,europe
4116,Q1372875,Maffeo Vegio,re_italy,Italy,1407.0,archeologist,europe
4117,Q4821208,Augustine Reding,re_german_world,German world,1625.0,theologian,europe
4118,Q29390286,Hinrich Balemann,re_german_world,German world,1692.0,theologian,europe
4119,Q728482,Charles Jervas,re_british_islands,British Islands,1675.0,linguist,europe
4120,Q60022878,Pavel Wutschnig,re_german_world,German world,1659.0,theologian,europe
4121,Q955752,Barnabé Brisson,re_france,France,1531.0,philosopher,europe
4122,Q33109082,Jasper Köneken,re_german_world,German world,1629.0,theologian,europe
4123,Q339211,Hermann Witsius,re_low_countries,Low countries,1636.0,theologian,europe
4124,Q94838937,Johann Friedrich Wucherer,re_german_world,German world,1682.0,physicist,europe
4125,Q94890717,Bartholomäus Hubner,re_german_world,German world,1544.0,mathematician,europe
4126,Q16649893,Laurentius Molin,re_nordic_countries,Nordic countries,1657.0,theologian,europe
4127,Q310783,Lodovico Ferrari,re_italy,Italy,1522.0,mathematician,europe
4128,Q12789066,Franc Domenik Kalin,re_german_world,German world,1624.0,historian,europe
4129,Q1771569,Wolfgang Heider,re_german_world,German world,1558.0,political scientist | anthropologist,europe
4130,Q3525646,Thomas Walgenstein,re_nordic_countries,Nordic countries,1627.0,physicist,europe
4131,Q3619910,Antonio Mongitore,re_italy,Italy,1663.0,historian,europe
4132,Q55127312,Johann Valentin Wagner,re_german_world,German world,1682.0,philosopher,europe
4133,Q2073600,Peter Adolf Boysen,re_german_world,German world,1690.0,theologian | historian,europe
4134,Q922679,Simon Karchne,re_german_world,German world,1649.0,theologian | philosopher,europe
4135,Q1682302,Jan Táborský,re_central_europe,Central Europe,1500.0,astronomer,europe
4136,Q4990189,Ludolph Smids,re_low_countries,Low countries,1649.0,historian,europe
4137,Q112110768,Antonio Maria Garofani,re_italy,Italy,1550.0,historian,europe
4138,Q5991250,Arvid Moller,re_central_europe,Central Europe,1674.0,philosopher,europe
4139,Q3480834,Severo Bonini,re_italy,Italy,1582.0,musicologist,europe
4140,Q1557932,Johannes Lonicer,re_german_world,German world,1497.0,theologian,europe
4141,Q55125167,Philipp Lambacher,re_german_world,German world,1700.0,historian,europe
4142,Q476238,Robert Abbot,re_british_islands,British Islands,1560.0,theologian,europe
4143,Q531345,Thomas Digges,re_british_islands,British Islands,1546.0,astronomer | mathematician,europe
4144,Q3161758,Jan Szczepan Kurdwanowski,re_france,France,1680.0,physicist,europe
4145,Q6076012,Isaac Bargrave,re_british_islands,British Islands,1586.0,theologian,europe
4146,Q100269611,Andrzej Schonflissius,re_central_europe,Central Europe,1590.0,theologian,europe
4147,Q94530672,Paul Hansiz,re_german_world,German world,1645.0,historian,europe
4148,Q980045,François Valentijn,re_low_countries,Low countries,1666.0,historian | anatomist,europe
4149,Q1111214,Johannes Ruysch,re_german_world,German world,1460.0,geographer | astronomer,europe
4150,Q5705671,Heliodoro de Paiva,re_portugal,Portugal,1502.0,theologian | philosopher,europe
4151,Q89466,Johannes Scheubel,re_german_world,German world,1494.0,astronomer | mathematician,europe
4152,Q6120446,Jacques Bouillart,re_france,France,1669.0,historian,europe
4153,Q5659931,Agostino Dati,re_italy,Italy,1420.0,linguist | historian,europe
4154,Q19965528,Johann Adrian Slevogt,re_german_world,German world,1653.0,chemist,europe
4155,Q3638804,Bernardo Silvano,re_italy,Italy,1465.0,geographer,europe
4156,Q65187,Bartholomaeus Pitiscus,re_german_world,German world,1561.0,theologian | astronomer | mathematician,europe
4157,Q58325052,Gabriel Bergier,re_german_world,German world,1659.0,theologian,europe
4158,Q41795942,Innocent Le Masson,re_france,France,1627.0,theologian,europe
4159,Q45056659,Gregor Rocken,re_central_europe,Central Europe,1650.0,theologian,europe
4160,Q555930,Lodovico Grossi da Viadana,re_italy,Italy,1560.0,musicologist,europe
4161,Q3104956,Yom Tob Atías,re_spain,Spain,1500.0,theologian,europe
4162,Q94869953,Georg Müller,re_german_world,German world,1557.0,theologian,europe
4163,Q55673400,Jakob Bril,re_low_countries,Low countries,1639.0,theologian,europe
4164,Q7024607,Niccolò Orlandini,re_italy,Italy,1553.0,historian,europe
4165,Q1692881,Johann Christian Adami,re_german_world,German world,1662.0,theologian,europe
4166,Q1226841,Gérard Roussel,re_france,France,1500.0,theologian | philosopher,europe
4167,Q4763275,Angiolo Maria Colomboni,re_italy,Italy,1608.0,mathematician,europe
4168,Q1084785,Christoph Eberhard,re_german_world,German world,1675.0,geographer,europe
4169,Q809338,Bartholomäus Anhorn der Ältere,re_german_world,German world,1566.0,historian,europe
4170,Q1933377,Pietro de' Crescenzi,re_italy,Italy,1233.0,botanist,europe
4171,Q3384637,Petrus Dasypodius,re_france,France,1495.0,linguist,europe
4172,Q3086225,François de Labat,re_france,France,1697.0,economist,europe
4173,Q338876,Matthias Qualle,re_german_world,German world,1470.0,philosopher,europe
4174,Q318580,Pierre d'Ailly,re_france,France,1350.0,theologian | geographer | astronomer | philosopher,europe
4175,Q672898,Thomas Dempster,re_italy,Italy,1579.0,historian,europe
4176,Q745030,Peter of Vaux de Cernay,re_france,France,1182.0,historian,europe
4177,Q373581,Garcia de Resende,re_portugal,Portugal,1470.0,historian,europe
4178,Q744091,Charles Malapert,re_spain,Spain,1581.0,astronomer | mathematician,europe
4179,Q16513462,Samuel Heiland,re_german_world,German world,1533.0,theologian,europe
4180,Q1727027,Ludovico delle Colombe,re_italy,Italy,1565.0,philosopher,europe
4181,Q35650726,Johann Baptist Mayr,re_german_world,German world,1681.0,theologian,europe
4182,Q275425,Thietmar of Merseburg,re_german_world,German world,975.0,historian,europe
4183,Q16888027,Simon Loeffler,re_german_world,German world,1627.0,theologian,europe
4184,Q3856712,Michele Monaco,re_italy,Italy,1574.0,historian,europe
4185,Q103541,Tobias Beutel,re_german_world,German world,1627.0,astronomer | mathematician,europe
4186,Q1229085,Gasparo Tagliacozzi,re_italy,Italy,1545.0,anatomist,europe
4187,Q69151,Nicolaus Reimers,re_central_europe,Central Europe,1551.0,astronomer | mathematician,europe
4188,Q354523,Thomas of Celano,re_italy,Italy,1190.0,historian,europe
4189,Q2412465,Jean de Coras,re_france,France,1515.0,philosopher,europe
4190,Q598060,Peter Martyr Vermigli,re_german_world,German world,1499.0,theologian,europe
4191,Q1339028,Emo Lucius Vriemoet,re_low_countries,Low countries,1699.0,theologian,europe
4192,Q2263863,Benedetto Accolti the Elder,re_italy,Italy,1415.0,historian,europe
4193,Q3796323,Ilario Altobelli,re_italy,Italy,1560.0,astronomer,europe
4194,Q94856267,Johann Baptist Ott,re_german_world,German world,1661.0,historian,europe
4195,Q3174344,Jean Riolan,re_france,France,1539.0,anatomist,europe
4196,Q3180574,Johann Heinrich Zorn,re_german_world,German world,1698.0,zoologist,europe
4197,Q5344893,Edward Powell,re_british_islands,British Islands,1478.0,theologian,europe
4198,Q2401430,Simon Ockley,re_british_islands,British Islands,1678.0,historian,europe
4199,Q84770,Paolo Riccio,re_german_world,German world,1480.0,theologian | philosopher | mathematician,europe
4200,Q1385325,Willem Piso,re_low_countries,Low countries,1611.0,botanist | zoologist,europe
4201,Q97456144,Johann Georg Gross,re_german_world,German world,1581.0,theologian,europe
4202,Q18732185,John Müller,re_german_world,German world,1699.0,mathematician,europe
4203,Q48861610,Pietro Leoni,re_italy,Italy,1452.0,philosopher,europe
4204,Q3045526,Dídac Montfar Sorts i Cellers,re_spain,Spain,1600.0,historian,europe
4205,Q68363541,Johann Wilhelm Beusch,re_german_world,German world,1689.0,philosopher,europe
4206,Q102223,Johannes Trygophorus,re_german_world,German world,1497.0,theologian,europe
4207,Q712463,Piotr Skarga,re_central_europe,Central Europe,1536.0,theologian,europe
4208,Q1646176,Johann Wilhelm Neumayr von Ramsla,re_german_world,German world,1572.0,economist,europe
4209,Q11884322,Nicolaus Nycopensis,re_slav_world,Slav world,1610.0,philosopher,europe
4210,Q94852549,Friedrich Wilhelm Breuninger,re_german_world,German world,1690.0,theologian,europe
4211,Q7794149,Thomas Stackhouse,re_british_islands,British Islands,1677.0,theologian,europe
4212,Q11727329,Joachim Pastorius,re_central_europe,Central Europe,1611.0,historian,europe
4213,Q1512245,Gerhard Omcke,re_german_world,German world,1500.0,theologian,europe
4214,Q1254428,Giovanni Jacopo de Marinoni,re_german_world,German world,1676.0,astronomer | mathematician,europe
4215,Q6006524,Maturino Queras,re_france,France,1614.0,theologian,europe
4216,Q110267,Rudolph Clenck,re_german_world,German world,1528.0,theologian,europe
4217,Q3138994,Stanisław Górski,re_central_europe,Central Europe,1497.0,historian,europe
4218,Q12795314,Luka Knafelj,re_central_europe,Central Europe,1621.0,theologian,europe
4219,Q47086948,Domenico Cini,re_italy,Italy,1695.0,historian,europe
4220,Q330422,Abraham Munting,re_low_countries,Low countries,1626.0,botanist,europe
4221,Q1910555,Matthäus Tabbert,re_german_world,German world,1625.0,theologian,europe
4222,Q367240,Gerard of Cremona,re_spain,Spain,1114.0,astronomer | linguist,europe
4223,Q18170070,Nicolas Fizes,re_france,France,1648.0,geographer | mathematician,europe
4224,Q471406,Elias Ashmole,re_british_islands,British Islands,1617.0,historian,europe
4225,Q522982,Guðbrandur Þorláksson,re_nordic_countries,Nordic countries,1542.0,mathematician,europe
4226,Q11716361,Jakub Barner,re_central_europe,Central Europe,1641.0,chemist,europe
4227,Q94786689,Thomas Lindemann,re_nordic_countries,Nordic countries,1609.0,theologian,europe
4228,Q1986767,Nicolaus Biceps,re_central_europe,Central Europe,1400.0,theologian | philosopher,europe
4229,Q98386619,Luis de Lemos,re_portugal,Portugal,1530.0,philosopher,europe
4230,Q1692487,Johann Balthasar Beyschlag,re_german_world,German world,1669.0,theologian,europe
4231,Q7173221,Peter Ceffons,re_france,France,1320.0,theologian,europe
4232,Q79465157,Gellius de Bouma,re_low_countries,Low countries,1580.0,theologian,europe
4233,Q56006761,Hans Wilhelm Wolf,re_central_europe,Central Europe,1638.0,theologian,europe
4234,Q315197,Stephen Gray,re_british_islands,British Islands,1666.0,physicist | chemist,europe
4235,Q1085393,Christoph Langhansen,re_slav_world,Slav world,1691.0,theologian | astronomer | mathematician,europe
4236,Q2075388,Peter Haberkorn,re_german_world,German world,1604.0,theologian,europe
4237,Q2199696,Eduard Poppius,re_low_countries,Low countries,1576.0,theologian,europe
4238,Q328186,Natalis Comes,re_italy,Italy,1520.0,historian,europe
4239,Q110294,Jan Pieterszoon Sweelinck,re_low_countries,Low countries,1562.0,musicologist,europe
4240,Q429632,Christian Tobias Damm,re_german_world,German world,1699.0,linguist,europe
4241,Q94885876,Elias Schad,re_france,France,1541.0,theologian,europe
4242,Q12631470,Giacomo Cantelli,re_italy,Italy,1643.0,geographer,europe
4243,Q106142,Johannes Angelus,re_german_world,German world,1542.0,theologian,europe
4244,Q2040759,Otto Tachenius,re_italy,Italy,1610.0,chemist,europe
4245,Q715419,Robert of Chester,re_british_islands,British Islands,1200.0,astronomer | mathematician,europe
4246,Q1271577,Jakob Bergemann,re_german_world,German world,1527.0,philosopher | mathematician,europe
4247,Q19630390,Guillaume Ribier,re_france,France,1578.0,historian,europe
4248,Q1782255,Konrad Post,re_german_world,German world,1613.0,theologian,europe
4249,Q18945788,Silvio Belli,re_italy,Italy,1510.0,mathematician,europe
4250,Q94940951,Andreas von Cronhelm,re_german_world,German world,1640.0,theologian,europe
4251,Q6166963,Johan Julius Salberg,re_nordic_countries,Nordic countries,1680.0,zoologist,europe
4252,Q15380260,Michel Riccio,re_france,France,1445.0,historian,europe
4253,Q3898383,Paweł Piasecki,re_central_europe,Central Europe,1579.0,historian,europe
4254,Q18734029,Philip Norris,re_british_islands,British Islands,1400.0,theologian,europe
4255,Q19288976,Joan Plaça,re_spain,Spain,1525.0,botanist,europe
4256,Q95789,Georg Samuel Dörffel,re_german_world,German world,1643.0,theologian | astronomer,europe
4257,Q21324380,Giovanni Vignoli,re_italy,Italy,1667.0,archeologist,europe
4258,Q5616048,Guillaume Guiart,re_france,France,1201.0,historian,europe
4259,Q4356643,Jacob Lorhard,re_german_world,German world,1561.0,philosopher,europe
4260,Q5244772,Jan Łasicki,re_slav_world,Slav world,1534.0,theologian | historian,europe
4261,Q85228656,Juan de la Anunciación,re_spain,Spain,1633.0,theologian,europe
4262,Q3762141,Giacomo Bracelli,re_italy,Italy,1390.0,historian,europe
4263,Q3044483,Demetrios Chrysoloras,re_balkans,Balkans,1350.0,theologian | astronomer | philosopher,europe
4264,Q1124208,János Kéry,re_central_europe,Central Europe,1637.0,theologian,europe
4265,Q1694985,Johann Joachim Lange,re_german_world,German world,1698.0,mathematician,europe
4266,Q107482734,Carolus Petri,re_low_countries,Low countries,1633.0,theologian,europe
4267,Q3766621,Giovanni Battista Cattaneo,re_italy,Italy,1488.0,theologian,europe
4268,Q1307898,Matthias Oeder,re_german_world,German world,1600.0,geographer,europe
4269,Q41559766,Bernardo Basin,re_spain,Spain,1445.0,theologian,europe
4270,Q29850445,Giovanni Francesco Baldini,re_italy,Italy,1677.0,archeologist | historian,europe
4271,Q3484500,Simon de Phares,re_france,France,1444.0,astronomer,europe
4272,Q21209072,Stefano da San Gregorio,re_italy,Italy,1601.0,mathematician,europe
4273,Q77511,Maria Margaretha Kirch,re_german_world,German world,1670.0,astronomer,europe
4274,Q1698611,Johann Vesling,re_italy,Italy,1598.0,botanist | anatomist,europe
4275,Q13733626,Isaak de Graaf,re_low_countries,Low countries,1668.0,geographer,europe
4276,Q3992755,Tommaso Del Bene,re_italy,Italy,1592.0,theologian | philosopher,europe
4277,Q103192,Georg Lysthenius,re_german_world,German world,1532.0,theologian,europe
4278,Q1308979,Georgius Koppehele,re_german_world,German world,1538.0,theologian,europe
4279,Q94876229,Johann Molitor,re_german_world,German world,1576.0,theologian,europe
4280,Q18671808,John Higgins,re_british_islands,British Islands,1545.0,linguist,europe
4281,Q61918921,David Pforr,re_german_world,German world,1631.0,theologian,europe
4282,Q1685450,Jean Courtecuisse,re_france,France,1350.0,theologian,europe
4283,Q1694905,Johann Jakob Lorez,re_german_world,German world,1697.0,theologian,europe
4284,Q2066360,Francis Lodwick,re_low_countries,Low countries,1619.0,linguist,europe
4285,Q3525166,Thomas Gouye,re_france,France,1650.0,astronomer,europe
4286,Q29386402,Jean de Clapiès,re_france,France,1670.0,geographer | astronomer,europe
4287,Q1519486,Johann Reiske,re_german_world,German world,1641.0,historian,europe
4288,Q87964,Ernst Salomon Cyprian,re_german_world,German world,1673.0,theologian,europe
4289,Q2978128,Claude Sallier,re_france,France,1685.0,linguist,europe
4290,Q187910,Veit Arnpeck,re_german_world,German world,1440.0,historian,europe
4291,Q55133894,Johann Franz Schweiger,re_central_europe,Central Europe,1692.0,theologian,europe
4292,Q16645535,Jean Mansel,re_france,France,1400.0,historian,europe
4293,Q1054508,Jean-Baptiste Cotelier,re_france,France,1629.0,theologian,europe
4294,Q111042,Ludwig Rabus,re_german_world,German world,1523.0,theologian,europe
4295,Q15455060,Franz Wolf,re_german_world,German world,1644.0,theologian,europe
4296,Q63171068,Miguel Ramón Zapater,re_spain,Spain,1628.0,theologian | historian,europe
4297,Q949162,Alessandro Achillini,re_italy,Italy,1463.0,philosopher | anatomist,europe
4298,Q28678364,Dom Brás,re_portugal,Portugal,1600.0,mathematician,europe
4299,Q15452077,Georg Melchior Ludolf,re_german_world,German world,1667.0,historian,europe
4300,Q457308,François Catrou,re_france,France,1659.0,linguist | historian,europe
4301,Q2262449,Fulvio Orsini,re_italy,Italy,1529.0,archeologist,europe
4302,Q1677772,Jacobus Trigland,re_low_countries,Low countries,1652.0,theologian,europe
4303,Q1696786,Johann von Fuchte,re_german_world,German world,1568.0,theologian,europe
4304,Q18759283,Giovanni Ferrerio,re_france,France,1502.0,philosopher | historian,europe
4305,Q35564442,Mikołaj Wodka z Kwidzynia,re_central_europe,Central Europe,1442.0,astronomer,europe
4306,Q27070471,Antoine de La Faye,re_france,France,1540.0,theologian,europe
4307,Q315437,Antonius Corvinus,re_german_world,German world,1501.0,theologian,europe
4308,Q1312882,Paul von Eitzen,re_german_world,German world,1521.0,theologian,europe
4309,Q1697959,Johannes Loesel,re_slav_world,Slav world,1607.0,botanist,europe
4310,Q94812353,Bonaventura Riesch,re_german_world,German world,1696.0,theologian,europe
4311,Q1567581,Hadrianus Junius,re_low_countries,Low countries,1511.0,botanist | zoologist,europe
4312,Q21369214,Giovanni Maggi,re_italy,Italy,1566.0,geographer,europe
4313,Q793874,Henrik Berzeviczy,re_central_europe,Central Europe,1652.0,theologian,europe
4314,Q70147,Felix Fabri,re_german_world,German world,1441.0,theologian | historian,europe
4315,Q85845309,"Shguanin, Caesarius Maria, O.S.M., 1692-1769",re_italy,Italy,1692.0,theologian,europe
4316,Q18593187,Jeremy Shakerley,re_british_islands,British Islands,1626.0,astronomer,europe
4317,Q882619,Ulrich Füetrer,re_german_world,German world,1401.0,historian,europe
4318,Q67841,Gregory of Tours,re_france,France,538.0,historian,europe
4319,Q703858,Ratramnus,re_france,France,800.0,theologian | philosopher,europe
4320,Q110658,Jakob Miller,re_german_world,German world,1550.0,theologian,europe
4321,Q7527919,"Sir John Marsham, 1st Baronet",re_british_islands,British Islands,1602.0,historian,europe
4322,Q19999615,Pierre Maillart,re_low_countries,Low countries,1550.0,musicologist,europe
4323,Q104613202,Theodoricus Langius,re_low_countries,Low countries,1600.0,linguist,europe
4324,Q459749,Ambrosius Wilfflingseder,re_german_world,German world,1500.0,theologian,europe
4325,Q192315,Pierre Gassendi,re_france,France,1592.0,philosopher | physicist | astronomer | mathematician | theologian | zoologist,europe
4326,Q338487,Stanislovas Rapalionis,re_slav_world,Slav world,1485.0,theologian,europe
4327,Q5760781,Bothwid Gladhem,re_nordic_countries,Nordic countries,1650.0,theologian,europe
4328,Q975325,David Braun,re_central_europe,Central Europe,1664.0,historian,europe
4329,Q539915,Daniel Speer,re_german_world,German world,1636.0,musicologist,europe
4330,Q15456273,Helias Putschen,re_german_world,German world,1580.0,historian,europe
4331,Q101975,Michael Ettmüller,re_german_world,German world,1644.0,botanist,europe
4332,Q2424152,Thomas Gallus,re_italy,Italy,1190.0,theologian,europe
4333,Q1533688,Godfrey Henschen,re_low_countries,Low countries,1601.0,historian,europe
4334,Q122152,Michael Gottlieb Hansch,re_german_world,German world,1683.0,philosopher,europe
4335,Q68275,Johannes Poliander,re_slav_world,Slav world,1487.0,theologian,europe
4336,Q3309745,Michel Germain,re_france,France,1645.0,historian,europe
4337,Q448557,Alvarus Pelagius,re_spain,Spain,1275.0,theologian,europe
4338,Q16527382,Antonio Belloni,re_italy,Italy,1479.0,historian,europe
4339,Q1694118,Johann Gottfried Krause,re_german_world,German world,1685.0,theologian,europe
4340,Q12320132,Johannes Valeur,re_nordic_countries,Nordic countries,1700.0,theologian,europe
4341,Q2621738,Costanzo Varolio,re_italy,Italy,1543.0,anatomist,europe
4342,Q18399996,Adrian Beier,re_german_world,German world,1600.0,historian,europe
4343,Q1505429,Georg Moebius,re_german_world,German world,1616.0,theologian,europe
