,wikidata_id,individual_name,region_code,region_name,birthyear,meta_occupation,meta_region
0,Q316119,Gnaeus Pompeius Trogus,re_latin,Latin World,-100.0,historian,non_europe
1,Q782074,Claudianus Mamertus,re_latin,Latin World,420.0,theologian | philosopher,non_europe
2,Q182123,Irenaeus,re_latin,Latin World,130.0,theologian | philosopher,non_europe
3,Q44344,Hilary of Poitiers,re_latin,Latin World,315.0,theologian | philosopher,non_europe
4,Q1430,Marcus Aurelius,re_latin,Latin World,121.0,philosopher,non_europe
5,Q313795,John Cassian,re_latin,Latin World,360.0,theologian,non_europe
6,Q50082878,Jess Wade,re_latin,Latin World,2.0,physicist,non_europe
7,Q723645,Victorius of Aquitaine,re_latin,Latin World,450.0,astronomer | mathematician,non_europe
8,Q209102,Lactantius,re_latin,Latin World,250.0,philosopher | historian,non_europe
9,Q2891791,Latinius Pacatus Drepanius,re_latin,Latin World,400.0,historian,non_europe
10,Q2161,Tacitus,re_latin,Latin World,54.0,philosopher | historian,non_europe
11,Q885870,Victorinus Junior,re_latin,Latin World,300.0,historian,non_europe
12,Q239448,Pompeia Plotina,re_latin,Latin World,70.0,philosopher,non_europe
13,Q532684,Salvian,re_latin,Latin World,400.0,theologian | historian,non_europe
14,Q336704,Sulpicius Severus,re_latin,Latin World,360.0,historian,non_europe
15,Q297515,Pomponius Mela,re_latin,Latin World,15.0,geographer | historian,non_europe
16,Q188646,Lucan,re_latin,Latin World,39.0,historian,non_europe
17,Q535060,Terentianus,re_latin,Latin World,150.0,linguist,non_europe
18,Q10133,Suetonius,re_latin,Latin World,70.0,historian,non_europe
19,Q109998607,Tommaso Massarini,re_latin,Latin World,18.0,historian,non_europe
20,Q656891,Arulenus Rusticus,re_latin,Latin World,35.0,philosopher,non_europe
21,Q207113,Hippolytus,re_latin,Latin World,170.0,theologian,non_europe
22,Q755297,Athenaeus Mechanicus,re_latin,Latin World,-199.0,philosopher | mathematician,non_europe
23,Q74243,Marcus Cluvius Rufus,re_latin,Latin World,50.0,historian,non_europe
24,Q506540,Didymus Chalcenterus,re_latin,Latin World,-62.0,linguist,non_europe
25,Q248733,Eusebius of Myndus,re_latin,Latin World,300.0,philosopher,non_europe
26,Q311835,Pittacus of Mytilene,re_greek_world,Greek World,-650.0,philosopher,non_europe
27,Q708247,Gaius Marius Victorinus,re_latin,Latin World,290.0,theologian | philosopher,non_europe
28,Q134189,Plotinus,re_latin,Latin World,205.0,philosopher,non_europe
29,Q594441,Publius Clodius Thrasea Paetus,re_latin,Latin World,100.0,philosopher,non_europe
30,Q706319,Marinus of Tyre,re_latin,Latin World,100.0,geographer | mathematician,non_europe
31,Q82778,Pliny the Elder,re_latin,Latin World,20.0,philosopher | historian | anatomist,non_europe
32,Q298376,Gaius Julius Hyginus,re_latin,Latin World,-63.0,astronomer,non_europe
33,Q447741,Lucius Calbenus Taurus,re_latin,Latin World,150.0,philosopher,non_europe
34,Q758060,Atticus,re_latin,Latin World,150.0,philosopher,non_europe
35,Q670317,Gaius Oppius,re_latin,Latin World,-100.0,historian,non_europe
36,Q248969,Sopater of Apamea,re_latin,Latin World,242.0,philosopher,non_europe
37,Q1164993,Marcus Junius Congus Gracchanus,re_latin,Latin World,-200.0,historian,non_europe
38,Q1385296,Quintus Sextius,re_latin,Latin World,-50.0,philosopher,non_europe
39,Q365835,Tyrannius Rufinus,re_latin,Latin World,345.0,theologian,non_europe
40,Q3624758,Marcus Actorius Naso,re_latin,Latin World,-100.0,historian,non_europe
41,Q1376509,Sulpicius Alexander,re_latin,Latin World,400.0,historian,non_europe
42,Q174929,Tertullian,re_latin,Latin World,160.0,theologian | philosopher,non_europe
43,Q210853,Justin,re_latin,Latin World,101.0,historian,non_europe
44,Q1390986,Helvidius Priscus,re_latin,Latin World,50.0,philosopher,non_europe
45,Q311733,Titus Pomponius Atticus,re_latin,Latin World,-109.0,philosopher,non_europe
46,Q2312613,Flavius Lucius Dexter,re_latin,Latin World,400.0,historian,non_europe
47,Q782401,Sallustius,re_latin,Latin World,400.0,philosopher,non_europe
48,Q443278,Antonia Gordiana,re_latin,Latin World,201.0,historian,non_europe
49,Q294800,Aulus Gellius,re_latin,Latin World,130.0,philosopher,non_europe
50,Q44170,Ignatius of Antioch,re_latin,Latin World,35.0,theologian,non_europe
51,Q2054,Seneca,re_latin,Latin World,-4.0,philosopher,non_europe
52,Q1237555,Aulus Egnatius Priscillianus,re_latin,Latin World,135.0,philosopher,non_europe
53,Q273671,Seneca the Elder,re_latin,Latin World,-53.0,philosopher | historian,non_europe
54,Q947576,Valerius Antias,re_latin,Latin World,-200.0,historian,non_europe
55,Q11923560,Gaius Fannius,re_latin,Latin World,100.0,historian,non_europe
56,Q26204,Dionysius of Halicarnassus,re_latin,Latin World,-59.0,historian,non_europe
57,Q741160,Lucius Ampelius,re_latin,Latin World,150.0,historian,non_europe
58,Q290471,Moderatus of Gades,re_latin,Latin World,50.0,philosopher,non_europe
59,Q223615,Flavius Caper,re_latin,Latin World,150.0,linguist,non_europe
60,Q727792,Lucius Arruntius the Elder,re_latin,Latin World,-100.0,historian,non_europe
61,Q106026,Arius,re_latin,Latin World,250.0,theologian,non_europe
62,Q319273,Gaius Asinius Pollio,re_latin,Latin World,-74.0,historian,non_europe
63,Q759760,Aufidius Bassus,re_latin,Latin World,-50.0,historian,non_europe
64,Q966315,Virius Nicomachus Flavianus,re_latin,Latin World,400.0,historian,non_europe
65,Q682860,Julius Obsequens,re_latin,Latin World,400.0,historian,non_europe
66,Q669971,Trebellius Pollio,re_latin,Latin World,250.0,historian,non_europe
67,Q252841,Seleucus,re_latin,Latin World,200.0,historian,non_europe
68,Q1391069,Rabbi Ishmael,re_latin,Latin World,70.0,philosopher,non_europe
69,Q897734,Lucius Lucceius,re_latin,Latin World,-105.0,historian,non_europe
70,Q190240,Cyprian,re_latin,Latin World,200.0,philosopher,non_europe
71,Q313782,Aelian,re_latin,Latin World,200.0,zoologist | historian,non_europe
72,Q1271013,Adrian of Tyre,re_latin,Latin World,113.0,philosopher,non_europe
73,Q1084333,Flavius Sallustius,re_latin,Latin World,350.0,philosopher,non_europe
74,Q313924,Nicolaus of Damascus,re_latin,Latin World,-63.0,philosopher | historian,non_europe
75,Q563283,Gaius Asinius Quadratus,re_latin,Latin World,200.0,historian,non_europe
76,Q1541,Cicero,re_latin,Latin World,-106.0,philosopher,non_europe
77,Q192931,Pausanias,re_latin,Latin World,115.0,geographer | historian,non_europe
78,Q175042,Nigidius Figulus,re_latin,Latin World,-97.0,philosopher,non_europe
79,Q335309,Aulus Claudius Charax,re_latin,Latin World,150.0,historian,non_europe
80,Q12285191,Lucius Aemilius Juncus,re_latin,Latin World,100.0,philosopher,non_europe
81,Q1025379,Caelestius,re_latin,Latin World,380.0,theologian,non_europe
82,Q2335606,Pierius,re_latin,Latin World,201.0,philosopher,non_europe
83,Q772773,Antonius Musa,re_latin,Latin World,-62.0,botanist,non_europe
84,Q255448,Porcia,re_latin,Latin World,-100.0,philosopher,non_europe
85,Q316098,Marcus Velleius Paterculus,re_latin,Latin World,-18.0,historian,non_europe
86,Q451550,Philodemus,re_latin,Latin World,-109.0,philosopher,non_europe
87,Q171241,Diodorus Siculus,re_latin,Latin World,-89.0,geographer | historian,non_europe
88,Q1159625,Lucius Voltacilius Pitholaus,re_latin,Latin World,-100.0,historian,non_europe
89,Q26825,Herodotos,re_greek_world,Greek World,-483.0,historian,non_europe
90,Q444285,Asconius Pedianus,re_latin,Latin World,-8.0,historian,non_europe
91,Q274091,Dionysius Exiguus,re_latin,Latin World,475.0,mathematician,non_europe
92,Q222890,Novatian,re_latin,Latin World,220.0,theologian,non_europe
93,Q391514,Julius Capitolinus,re_latin,Latin World,250.0,historian,non_europe
94,Q15429187,Eumachus of Neapolis,re_latin,Latin World,-200.0,historian,non_europe
95,Q450708,Gaius Asinius Gallus,re_latin,Latin World,-39.0,historian,non_europe
96,Q934244,Pomponius Porphyrion,re_latin,Latin World,201.0,linguist,non_europe
97,Q12093928,Gaius Clodius Licinus,re_latin,Latin World,-50.0,historian,non_europe
98,Q47154,Lucretius,re_latin,Latin World,-93.0,philosopher,non_europe
99,Q2036794,Timagenes,re_latin,Latin World,-100.0,historian,non_europe
100,Q2857528,Antonius Castor,re_latin,Latin World,50.0,botanist,non_europe
101,Q248624,Amelius,re_latin,Latin World,200.0,philosopher,non_europe
102,Q441590,Eustathius of Cappadocia,re_latin,Latin World,300.0,philosopher,non_europe
103,Q248578,Chrysanthius,re_latin,Latin World,310.0,philosopher,non_europe
104,Q772677,Aulus Cremutius Cordus,re_latin,Latin World,-50.0,historian,non_europe
105,Q185117,Justin Martyr,re_latin,Latin World,100.0,theologian | philosopher,non_europe
106,Q11925501,Hermogenes of Carthago,re_latin,Latin World,150.0,theologian,non_europe
107,Q561367,Lucius Aelius Stilo Praeconinus,re_latin,Latin World,-153.0,philosopher,non_europe
108,Q354431,Aelius Aristides,re_latin,Latin World,117.0,philosopher,non_europe
109,Q673402,Gaius Sulpicius Gallus,re_latin,Latin World,-208.0,astronomer,non_europe
110,Q927711,Messius Phoebus Severus,re_latin,Latin World,450.0,philosopher,non_europe
111,Q451572,Menelaus of Alexandria,re_latin,Latin World,70.0,astronomer | mathematician,non_europe
112,Q192365,Cassiodorus,re_latin,Latin World,487.0,musicologist | philosopher | historian,non_europe
113,Q134461,Josephus,re_latin,Latin World,37.0,historian,non_europe
114,Q537755,Polyaenus,re_latin,Latin World,101.0,historian,non_europe
115,Q316123,Silius Italicus,re_latin,Latin World,26.0,historian,non_europe
116,Q1121669,Ticonius,re_latin,Latin World,370.0,theologian,non_europe
117,Q515249,Caecilius of Calacte,re_latin,Latin World,-50.0,historian,non_europe
118,Q554387,Favorinus,re_latin,Latin World,85.0,philosopher,non_europe
119,Q1164905,Marius Plotius Sacerdos,re_latin,Latin World,200.0,linguist,non_europe
120,Q735515,Aspasius,re_latin,Latin World,80.0,philosopher,non_europe
121,Q765147,Januarius Nepotianus,re_latin,Latin World,300.0,historian,non_europe
122,Q313056,Herodian,re_latin,Latin World,170.0,historian,non_europe
123,Q349959,Quintus Dellius,re_latin,Latin World,-100.0,historian,non_europe
124,Q1474972,Furius Dionysius Filocalus,re_latin,Latin World,400.0,historian,non_europe
125,Q221465,Hydatius,re_latin,Latin World,400.0,historian,non_europe
126,Q507036,Lucius Annaeus Cornutus,re_latin,Latin World,20.0,philosopher,non_europe
127,Q833663,Herennius Senecio,re_latin,Latin World,50.0,philosopher | historian,non_europe
128,Q109594,Cornelius Nepos,re_latin,Latin World,-99.0,historian,non_europe
129,Q201346,Marcion of Sinope,re_latin,Latin World,85.0,theologian | philosopher,non_europe
130,Q172198,Ammianus Marcellinus,re_latin,Latin World,330.0,historian,non_europe
131,Q441138,Alexandros Polyhistor,re_latin,Latin World,-99.0,geographer,non_europe
132,Q1242065,Quintus Baebius Macer,re_latin,Latin World,50.0,historian,non_europe
133,Q446155,Cronius the Pythagorean,re_latin,Latin World,200.0,philosopher,non_europe
134,Q748621,Victor of Vita,re_latin,Latin World,430.0,historian,non_europe
135,Q546375,Publius Egnatius Celer,re_latin,Latin World,100.0,philosopher,non_europe
136,Q18999,Junius Rusticus,re_latin,Latin World,100.0,philosopher,non_europe
137,Q729244,Calcidius,re_latin,Latin World,350.0,philosopher,non_europe
138,Q2868804,Lucius Ateius Praetextatus,re_latin,Latin World,-104.0,linguist,non_europe
139,Q718213,Auxentius of Milan,re_latin,Latin World,301.0,theologian,non_europe
140,Q1232970,Marcus Servilius Nonianus,re_latin,Latin World,-50.0,historian,non_europe
141,Q1243321,Vulcacius Gallicanus,re_latin,Latin World,250.0,historian,non_europe
142,Q16932930,Saint Sylvia of Aquitaine,re_latin,Latin World,330.0,historian,non_europe
143,Q367422,Julius Firmicus Maternus,re_latin,Latin World,400.0,astronomer,non_europe
144,Q365110,Philo of Larissa,re_latin,Latin World,-144.0,philosopher,non_europe
145,Q6197,Horace,re_latin,Latin World,-64.0,philosopher,non_europe
146,Q1965137,Marcus Favonius,re_latin,Latin World,-89.0,philosopher,non_europe
147,Q180081,Cato the Elder,re_latin,Latin World,-233.0,economist,non_europe
148,Q833542,Aelius Lampridius,re_latin,Latin World,400.0,historian,non_europe
149,Q4807731,Aspasius of Ravenna,re_latin,Latin World,200.0,philosopher,non_europe
150,Q1098323,Claudius Maximus,re_latin,Latin World,200.0,philosopher,non_europe
151,Q2039,Titus Livius,re_latin,Latin World,-58.0,historian,non_europe
152,Q379991,Valerius Maximus,re_latin,Latin World,-100.0,historian,non_europe
153,Q3189849,Julius Exsuperantius,re_latin,Latin World,350.0,historian,non_europe
154,Q975318,Granius Licinianus,re_latin,Latin World,101.0,historian,non_europe
155,Q102851,Boethius,re_latin,Latin World,480.0,musicologist | philosopher | mathematician,non_europe
156,Q3838837,Lucius Crassicius Pansa,re_latin,Latin World,-50.0,philosopher,non_europe
157,Q185770,Posidonius,re_latin,Latin World,-134.0,philosopher | physicist | astronomer | mathematician | geographer | historian,non_europe
158,Q1225062,Siro the Epicurean,re_latin,Latin World,-100.0,philosopher,non_europe
159,Q965333,Theodorus of Asine,re_latin,Latin World,275.0,philosopher,non_europe
160,Q995441,Fabius Rusticus,re_latin,Latin World,100.0,historian,non_europe
161,Q454652,Prosper of Aquitaine,re_latin,Latin World,390.0,theologian | historian,non_europe
162,Q11035375,Quintus Aelius Tubero,re_latin,Latin World,-162.0,philosopher,non_europe
163,Q535137,Marius Maximus,re_latin,Latin World,165.0,historian,non_europe
164,Q8778,Galen,re_latin,Latin World,200.0,anatomist,non_europe
165,Q1114706,Romulus of Genoa,re_latin,Latin World,301.0,theologian,non_europe
166,Q1232604,Julius Valerius Alexander Polemius,re_latin,Latin World,250.0,historian,non_europe
167,Q6033021,Palladius of Ratiaria,re_latin,Latin World,301.0,theologian,non_europe
168,Q315370,Celsus,re_latin,Latin World,200.0,philosopher,non_europe
169,Q317055,Marcus Cornelius Fronto,re_latin,Latin World,100.0,philosopher,non_europe
170,Q381874,Gaius Musonius Rufus,re_latin,Latin World,25.0,philosopher,non_europe
171,Q1223467,Quintus Lucilius Balbus,re_latin,Latin World,0.0,philosopher,non_europe
172,Q312410,Epicharmus of Kos,re_greek_world,Greek World,-523.0,philosopher | mathematician,non_europe
173,Q1349817,Castor of Rhodes,re_latin,Latin World,100.0,historian,non_europe
174,Q59138,Diogenes Laërtius,re_latin,Latin World,180.0,philosopher | historian,non_europe
175,Q1411,Claudius,re_latin,Latin World,-9.0,historian,non_europe
176,Q332785,Persius,re_latin,Latin World,34.0,philosopher,non_europe
177,Q190368,Appian,re_latin,Latin World,95.0,historian,non_europe
178,Q707449,Censorinus,re_latin,Latin World,250.0,musicologist,non_europe
179,Q316483,Lucius Annaeus Florus,re_latin,Latin World,70.0,historian,non_europe
180,Q1159576,Lucius Aelius Tubero,re_latin,Latin World,-150.0,philosopher | historian,non_europe
181,Q1376539,Renatus Profuturus Frigeridus,re_latin,Latin World,400.0,historian,non_europe
182,Q138724,Lucius Tarutius Firmanus,re_latin,Latin World,-100.0,astronomer | philosopher | mathematician,non_europe
183,Q2994436,Consentius,re_latin,Latin World,400.0,linguist,non_europe
184,Q2248247,Quintus Terentius Scaurus,re_latin,Latin World,201.0,linguist,non_europe
185,Q10261,Pythagoras,re_greek_world,Greek World,-582.0,musicologist | philosopher | mathematician,non_europe
186,Q311456,Orosius,re_latin,Latin World,385.0,theologian | historian,non_europe
187,Q1133857,Cornelius Labeo,re_latin,Latin World,250.0,philosopher,non_europe
188,Q772775,Polemon of Laodicea,re_latin,Latin World,90.0,philosopher,non_europe
189,Q521520,Gaius Licinius Mucianus,re_latin,Latin World,100.0,historian,non_europe
190,Q1237504,Plotius Crispinus,re_latin,Latin World,-50.0,philosopher,non_europe
191,Q662582,Fenestella,re_latin,Latin World,-35.0,historian,non_europe
192,Q206119,Marcus Terentius Varro,re_latin,Latin World,-115.0,musicologist | philosopher,non_europe
193,Q532315,Athenodoros Cordylion,re_latin,Latin World,-50.0,philosopher,non_europe
194,Q950770,Quintus Aelius Tubero,re_latin,Latin World,-73.0,historian,non_europe
195,Q4298,Publius Flavius Vegetius Renatus,re_latin,Latin World,400.0,historian,non_europe
196,Q1227766,Paeanius,re_latin,Latin World,400.0,historian,non_europe
197,Q9200,Paul the Apostle,re_latin,Latin World,5.0,theologian,non_europe
198,Q2123334,Quintus Aelius Tubero,re_latin,Latin World,-75.0,historian,non_europe
199,Q761346,Servius Fabius Pictor,re_latin,Latin World,-189.0,historian,non_europe
200,Q272087,Tatian,re_latin,Latin World,120.0,theologian | philosopher,non_europe
201,Q1662957,Julian of Eclanum,re_latin,Latin World,386.0,philosopher,non_europe
202,Q859652,Cerdo,re_latin,Latin World,200.0,theologian,non_europe
203,Q11906126,Publius Anteius Antiochus,re_latin,Latin World,150.0,philosopher,non_europe
204,Q47180,Petronius,re_latin,Latin World,27.0,philosopher,non_europe
205,Q794615,Aetius,re_latin,Latin World,200.0,astronomer | philosopher,non_europe
206,Q520487,Gaius Julius Solinus,re_latin,Latin World,400.0,geographer | historian,non_europe
207,Q1230624,Aelius Spartianus,re_latin,Latin World,301.0,historian,non_europe
208,Q43689,Ambrose,re_latin,Latin World,339.0,theologian | philosopher,non_europe
209,Q905137,Didymus the Musician,re_latin,Latin World,-100.0,musicologist,non_europe
210,Q203445,Porphyry,re_latin,Latin World,233.0,musicologist | philosopher | historian,non_europe
211,Q8747,Euclid,re_greek_world,Greek World,-322.0,mathematician,non_europe
212,Q1150145,Polemon of Athens,re_greek_world,Greek World,200.0,geographer | philosopher | historian,non_europe
213,Q660170,Isidore of Alexandria,re_greek_world,Greek World,450.0,philosopher,non_europe
214,Q248287,Peregrinus Proteus,re_greek_world,Greek World,95.0,philosopher,non_europe
215,Q2369009,Apollodorus the Epicurean,re_greek_world,Greek World,-150.0,philosopher,non_europe
216,Q185206,Priscian of Lydia,re_greek_world,Greek World,500.0,philosopher,non_europe
217,Q1377100,Calippus of Syracuse,re_greek_world,Greek World,-350.0,philosopher,non_europe
218,Q297420,Panaetius,re_greek_world,Greek World,-184.0,philosopher,non_europe
219,Q1465879,Xeniades,re_greek_world,Greek World,-500.0,philosopher,non_europe
220,Q359231,Bion of Borysthenes,re_greek_world,Greek World,-324.0,philosopher,non_europe
221,Q228564,Aspasia,re_greek_world,Greek World,-469.0,philosopher,non_europe
222,Q580565,Palaephatus,re_greek_world,Greek World,-400.0,historian,non_europe
223,Q297402,Prodicus,re_greek_world,Greek World,-459.0,philosopher,non_europe
224,Q179149,Antisthenes,re_greek_world,Greek World,-443.0,philosopher,non_europe
225,Q555818,Philippus of Opus,re_greek_world,Greek World,-400.0,astronomer | philosopher | mathematician,non_europe
226,Q2482150,Cleidemus,re_greek_world,Greek World,-350.0,historian,non_europe
227,Q183144,Epictetus,re_greek_world,Greek World,50.0,philosopher,non_europe
228,Q913,Socrates,re_greek_world,Greek World,-468.0,philosopher,non_europe
229,Q5382897,Epigenes,re_greek_world,Greek World,-450.0,philosopher,non_europe
230,Q928470,Simmias of Thebes,re_greek_world,Greek World,-500.0,philosopher | mathematician,non_europe
231,Q108577191,Archilochus,re_greek_world,Greek World,-271.0,historian,non_europe
232,Q983755,Praxagoras of Athens,re_greek_world,Greek World,400.0,historian,non_europe
233,Q288467,Lastheneia of Mantinea,re_greek_world,Greek World,-350.0,philosopher,non_europe
234,Q349916,Aristidis of Athens,re_greek_world,Greek World,150.0,philosopher,non_europe
235,Q962486,Echecrates of Phlius,re_greek_world,Greek World,-499.0,philosopher,non_europe
236,Q169243,Protagoras,re_greek_world,Greek World,-489.0,philosopher,non_europe
237,Q366031,Anaxarchus,re_greek_world,Greek World,-379.0,philosopher,non_europe
238,Q1236440,Bion of Abdera,re_greek_world,Greek World,-429.0,astronomer | mathematician,non_europe
239,Q1230889,Mnaseas,re_greek_world,Greek World,-300.0,historian,non_europe
240,Q221623,Heliodorus of Athens,re_greek_world,Greek World,-150.0,historian,non_europe
241,Q662932,Persaeus,re_greek_world,Greek World,-305.0,philosopher,non_europe
242,Q1047995,Antipater of Tyre,re_greek_world,Greek World,-50.0,philosopher,non_europe
243,Q162163,Ion of Chios,re_greek_world,Greek World,-489.0,philosopher | historian | mathematician,non_europe
244,Q177847,Lucian of Samosata,re_greek_world,Greek World,120.0,philosopher,non_europe
245,Q271809,Proclus,re_greek_world,Greek World,412.0,philosopher | mathematician,non_europe
246,Q363468,Dexippus,re_greek_world,Greek World,210.0,historian,non_europe
247,Q548104,Julius Pollux,re_greek_world,Greek World,200.0,philosopher,non_europe
248,Q514262,Androtion,re_greek_world,Greek World,-500.0,historian,non_europe
249,Q1185510,Demetrius of Callatis,re_greek_world,Greek World,-299.0,historian,non_europe
250,Q554535,Phaedrus,re_greek_world,Greek World,-443.0,philosopher,non_europe
251,Q965086,Sotades,re_greek_world,Greek World,-400.0,philosopher,non_europe
252,Q172248,Marcus Junius Brutus,re_greek_world,Greek World,-84.0,philosopher,non_europe
253,Q667385,Aristos of Ascalon,re_greek_world,Greek World,-50.0,philosopher,non_europe
254,Q462582,Pythias,re_greek_world,Greek World,-361.0,zoologist,non_europe
255,Q859,Plato,re_greek_world,Greek World,-426.0,philosopher,non_europe
256,Q41523,Plutarch,re_greek_world,Greek World,40.0,philosopher | historian,non_europe
257,Q609147,Phylarchus,re_greek_world,Greek World,-254.0,historian,non_europe
258,Q444595,Perictione,re_greek_world,Greek World,-500.0,philosopher,non_europe
259,Q235494,Hipparchia of Maroneia,re_greek_world,Greek World,-349.0,philosopher,non_europe
260,Q284994,Carneades,re_greek_world,Greek World,-212.0,philosopher,non_europe
261,Q4355017,Diyllus,re_greek_world,Greek World,-300.0,historian,non_europe
262,Q221497,Xenophilus,re_greek_world,Greek World,-400.0,musicologist | philosopher,non_europe
263,Q41683,Thucydides,re_greek_world,Greek World,-460.0,historian,non_europe
264,Q5264,Hippocrates,re_greek_world,Greek World,-459.0,philosopher,non_europe
265,Q317331,Aratus of Sicyon,re_greek_world,Greek World,-270.0,historian,non_europe
266,Q309772,Athenagoras of Athens,re_greek_world,Greek World,133.0,theologian | philosopher,non_europe
267,Q3012616,Damastes of Sigeum,re_greek_world,Greek World,-500.0,geographer | historian,non_europe
268,Q312682,Euclid of Megara,re_greek_world,Greek World,-436.0,philosopher,non_europe
269,Q2661420,Dardanus of Athens,re_greek_world,Greek World,-159.0,philosopher,non_europe
270,Q3060400,Euphantus,re_greek_world,Greek World,-320.0,philosopher | historian,non_europe
271,Q1186462,Demon of Athens,re_greek_world,Greek World,-400.0,historian,non_europe
272,Q920912,Theaetetus,re_greek_world,Greek World,-416.0,philosopher | mathematician,non_europe
273,Q316353,Strato of Lampsacus,re_greek_world,Greek World,-334.0,philosopher | physicist,non_europe
274,Q319406,Epimenides of Crete,re_greek_world,Greek World,-700.0,philosopher,non_europe
275,Q712755,Crates of Athens,re_greek_world,Greek World,-400.0,philosopher,non_europe
276,Q325955,Speusippus,re_greek_world,Greek World,-406.0,philosopher | mathematician,non_europe
277,Q205704,Apollodorus of Athens,re_greek_world,Greek World,-179.0,historian,non_europe
278,Q12960188,Theodotus,re_greek_world,Greek World,150.0,theologian,non_europe
279,Q553856,Polemon,re_greek_world,Greek World,-400.0,philosopher,non_europe
280,Q160362,Theophrastus,re_greek_world,Greek World,-370.0,botanist | philosopher | physicist,non_europe
281,Q868,Aristotle,re_greek_world,Greek World,-383.0,philosopher,non_europe
282,Q542808,Hermarchus,re_greek_world,Greek World,-324.0,philosopher,non_europe
283,Q1287486,Metrocles,re_greek_world,Greek World,-400.0,philosopher,non_europe
284,Q633023,Archiadas,re_greek_world,Greek World,500.0,philosopher,non_europe
285,Q73527,Arcesilaus,re_greek_world,Greek World,-314.0,philosopher,non_europe
286,Q42887,Clement I,re_greek_world,Greek World,100.0,theologian,non_europe
287,Q343607,Archelaus,re_greek_world,Greek World,-500.0,philosopher,non_europe
288,Q4791018,Aristodemus of Cydathenaeum,re_greek_world,Greek World,-450.0,philosopher,non_europe
289,Q2346245,Stesimbrotos of Thasos,re_greek_world,Greek World,-469.0,historian,non_europe
290,Q1057347,Hegesander,re_greek_world,Greek World,-150.0,historian,non_europe
291,Q433852,Ephippus of Olynthus,re_greek_world,Greek World,-400.0,historian,non_europe
292,Q316334,Heraclides Ponticus,re_greek_world,Greek World,-384.0,astronomer | philosopher,non_europe
293,Q2927235,Bryson of Achaea,re_greek_world,Greek World,-450.0,philosopher,non_europe
294,Q434021,Timycha,re_greek_world,Greek World,-400.0,philosopher,non_europe
295,Q1747004,Timon of Athens,re_greek_world,Greek World,-500.0,philosopher,non_europe
296,Q294092,Critias,re_greek_world,Greek World,-459.0,philosopher,non_europe
297,Q1586059,Harpocration of Argos,re_greek_world,Greek World,200.0,philosopher,non_europe
298,Q317947,Crates of Thebes,re_greek_world,Greek World,-364.0,philosopher,non_europe
299,Q2367894,Teles of Megara,re_greek_world,Greek World,-250.0,philosopher,non_europe
300,Q744125,Chaerephon,re_greek_world,Greek World,-401.0,philosopher,non_europe
301,Q4721014,Alexandrides of Delphi,re_greek_world,Greek World,-300.0,historian,non_europe
302,Q409647,Aeschines of Sphettus,re_greek_world,Greek World,-429.0,philosopher,non_europe
303,Q2217419,Nicomachus,re_greek_world,Greek World,-301.0,philosopher,non_europe
304,Q218451,Zoilus,re_greek_world,Greek World,-399.0,philosopher | historian,non_europe
305,Q320132,Nearchus,re_greek_world,Greek World,-355.0,historian,non_europe
306,Q129772,Xenophon,re_greek_world,Greek World,-429.0,philosopher | historian,non_europe
307,Q965144,Cebes,re_greek_world,Greek World,-500.0,philosopher | mathematician,non_europe
308,Q504744,Hellanicus of Mytilene,re_greek_world,Greek World,-489.0,historian,non_europe
309,Q544987,Aristobulus of Cassandreia,re_greek_world,Greek World,-374.0,historian,non_europe
310,Q223383,Mnesarchus of Athens,re_greek_world,Greek World,-159.0,philosopher,non_europe
311,Q452077,Menippus,re_greek_world,Greek World,-299.0,philosopher,non_europe
312,Q328793,Periander,re_greek_world,Greek World,-700.0,philosopher,non_europe
313,Q34601,Chilon of Sparta,re_greek_world,Greek World,-599.0,philosopher,non_europe
314,Q1128200,Lasus of Hermione,re_greek_world,Greek World,-548.0,musicologist,non_europe
315,Q210573,Hippias,re_greek_world,Greek World,-442.0,astronomer | philosopher | mathematician,non_europe
316,Q15091905,Deceneo,re_greek_world,Greek World,-100.0,astronomer | philosopher,non_europe
317,Q381048,Stilpo,re_greek_world,Greek World,-358.0,philosopher,non_europe
318,Q31845,Arrian,re_greek_world,Greek World,95.0,philosopher | historian,non_europe
319,Q473381,Ammonius of Athens,re_greek_world,Greek World,50.0,philosopher,non_europe
320,Q133337,Solon,re_greek_world,Greek World,-637.0,philosopher,non_europe
321,Q311879,Herodes Atticus,re_greek_world,Greek World,102.0,philosopher,non_europe
322,Q171303,Zeno of Citium,re_greek_world,Greek World,-333.0,philosopher,non_europe
323,Q380190,Phaedo of Elis,re_greek_world,Greek World,-401.0,philosopher,non_europe
324,Q191964,Diogenes of Apollonia,re_greek_world,Greek World,-459.0,philosopher,non_europe
325,Q964738,Peter the Patrician,re_greek_world,Greek World,500.0,historian,non_europe
326,Q266299,Philochorus,re_greek_world,Greek World,-339.0,historian,non_europe
327,Q435274,Hieronymus of Cardia,re_greek_world,Greek World,-353.0,historian,non_europe
328,Q41980,Democritus,re_greek_world,Greek World,-460.0,philosopher | mathematician,non_europe
329,Q949530,Demonax,re_greek_world,Greek World,200.0,philosopher,non_europe
330,Q537304,Ploutarchos of Athens,re_greek_world,Greek World,350.0,philosopher,non_europe
331,Q1336424,Hermogenes,re_greek_world,Greek World,-500.0,philosopher,non_europe
332,Q192313,Pyrrho,re_greek_world,Greek World,-360.0,philosopher,non_europe
333,Q82793,Callisthenes,re_greek_world,Greek World,-359.0,historian,non_europe
334,Q469199,Victorinus of Pettau,re_latin,Latin World,250.0,theologian | philosopher,non_europe
335,Q1367611,Socrates the Younger,re_greek_world,Greek World,-420.0,philosopher,non_europe
336,Q353580,Adeimantus of Collytus,re_greek_world,Greek World,-431.0,philosopher,non_europe
337,Q11916247,Ctesibius of Chalcis,re_greek_world,Greek World,-400.0,philosopher,non_europe
338,Q43216,Epicurus,re_greek_world,Greek World,-341.0,philosopher,non_europe
339,Q978418,Marsyas of Pella,re_greek_world,Greek World,-400.0,historian,non_europe
340,Q353264,Diagoras of Melos,re_greek_world,Greek World,-450.0,philosopher,non_europe
341,Q2274948,Philostratus,re_greek_world,Greek World,170.0,philosopher,non_europe
342,Q1227107,Diotima of Mantinea,re_greek_world,Greek World,-450.0,philosopher,non_europe
343,Q43423,Aesop,re_greek_world,Greek World,-619.0,philosopher,non_europe
344,Q211411,Chrysippus of Soli,re_greek_world,Greek World,-280.0,philosopher | mathematician,non_europe
345,Q586050,Asclepigenia,re_greek_world,Greek World,400.0,philosopher,non_europe
346,Q646951,Ariston of Chios,re_greek_world,Greek World,-299.0,philosopher,non_europe
347,Q668009,Aristotelis the Dialectician,re_greek_world,Greek World,-300.0,philosopher,non_europe
348,Q214121,Xenocrates,re_greek_world,Greek World,-395.0,philosopher | mathematician,non_europe
349,Q1279413,Cercidas,re_greek_world,Greek World,-300.0,philosopher,non_europe
350,Q1364945,Glaucon,re_greek_world,Greek World,-444.0,philosopher,non_europe
351,Q189759,Zeno of Sidon,re_greek_world,Greek World,-149.0,philosopher | mathematician,non_europe
352,Q280872,Timon of Phlius,re_greek_world,Greek World,-319.0,philosopher,non_europe
353,Q905827,Diodorus of Tyre,re_greek_world,Greek World,-150.0,philosopher,non_europe
354,Q1372239,Eudemus of Cyprus,re_greek_world,Greek World,-400.0,philosopher,non_europe
355,Q2861408,Aristion,re_greek_world,Greek World,-150.0,philosopher,non_europe
356,Q3630471,Autocrates,re_greek_world,Greek World,-250.0,historian,non_europe
357,Q1073837,Critolaus,re_greek_world,Greek World,-199.0,philosopher,non_europe
358,Q15078686,Antiphon,re_greek_world,Greek World,-500.0,philosopher | mathematician,non_europe
359,Q466951,Clitomachus,re_greek_world,Greek World,-186.0,philosopher,non_europe
360,Q261909,Meton of Athens,re_greek_world,Greek World,-500.0,astronomer | mathematician,non_europe
361,Q310149,Cleanthes,re_greek_world,Greek World,-329.0,philosopher,non_europe
362,Q125247,Cratylus,re_greek_world,Greek World,-500.0,philosopher,non_europe
363,Q2346819,Damon of Athens,re_greek_world,Greek World,-450.0,musicologist | philosopher,non_europe
364,Q934471,Criton,re_greek_world,Greek World,-468.0,philosopher,non_europe
365,Q1763617,Nicarete of Megara,re_greek_world,Greek World,-400.0,philosopher,non_europe
366,Q4780369,Apollodorus of Phaleron,re_greek_world,Greek World,-420.0,philosopher,non_europe
367,Q131169,Polybius,re_greek_world,Greek World,-199.0,historian,non_europe
368,Q780234,Priscus of Epirus,re_greek_world,Greek World,305.0,philosopher,non_europe
369,Q2759424,Anticlides,re_greek_world,Greek World,-300.0,historian,non_europe
370,Q59180,Diogenes of Sinope,re_greek_world,Greek World,-399.0,philosopher,non_europe
371,Q2087377,Asclepiades of Phlius,re_greek_world,Greek World,-349.0,philosopher,non_europe
372,Q298071,Hippodamus of Miletus,re_greek_world,Greek World,-497.0,mathematician,non_europe
373,Q18819268,Mnesarchus of Croton,re_greek_world,Greek World,-450.0,philosopher,non_europe
374,Q298860,Hippasus,re_greek_world,Greek World,-600.0,musicologist | philosopher | mathematician,non_europe
375,Q716416,Hippon,re_greek_world,Greek World,-500.0,philosopher,non_europe
376,Q162593,Pelagius,re_greek_world,Greek World,360.0,theologian | philosopher,non_europe
377,Q11920485,Escílax d'Halicarnàs,re_greek_world,Greek World,-150.0,astronomer,non_europe
378,Q928092,Peter the Iberian,re_greek_world,Greek World,411.0,philosopher,non_europe
379,Q4684706,Adrastus of Cyzicus,re_greek_world,Greek World,-500.0,astronomer,non_europe
380,Q581732,Antipater of Tarsus,re_greek_world,Greek World,-300.0,philosopher,non_europe
381,Q291952,Sosipatra,re_greek_world,Greek World,400.0,philosopher,non_europe
382,Q314467,Aenesidemus,re_greek_world,Greek World,-79.0,philosopher,non_europe
383,Q200608,Ephrem the Syrian,re_greek_world,Greek World,306.0,theologian,non_europe
384,Q31278,Cleomedes,re_greek_world,Greek World,1.0,astronomer | mathematician,non_europe
385,Q486945,Sotion,re_greek_world,Greek World,-100.0,philosopher,non_europe
386,Q16658175,Zosimus of Ascalona,re_greek_world,Greek World,450.0,historian,non_europe
387,Q472620,Artemidorus of Ephesus,re_greek_world,Greek World,-150.0,geographer,non_europe
388,Q510719,Eutocius of Ascalon,re_greek_world,Greek World,480.0,philosopher | mathematician,non_europe
389,Q352621,Dicaearchus,re_greek_world,Greek World,-349.0,geographer | philosopher | historian | mathematician,non_europe
390,Q168261,Ptolemy I Soter,re_greek_world,Greek World,-365.0,historian,non_europe
391,Q2470320,Apollonius of Ephesus,re_greek_world,Greek World,201.0,theologian,non_europe
392,Q921532,Dorotheus of Sidon,re_greek_world,Greek World,50.0,astronomer,non_europe
393,Q437869,Evagrius Ponticus,re_greek_world,Greek World,345.0,theologian,non_europe
394,Q178217,Diofantos,re_greek_world,Greek World,201.0,mathematician,non_europe
395,Q24068760,Aristobulus of Paneas,re_greek_world,Greek World,-150.0,philosopher,non_europe
396,Q451566,Menaechmus,re_greek_world,Greek World,-379.0,astronomer | mathematician,non_europe
397,Q18626710,Julian,re_greek_world,Greek World,400.0,theologian,non_europe
398,Q211783,Pappus of Alexandria,re_greek_world,Greek World,290.0,astronomer | mathematician,non_europe
399,Q712572,Philistus,re_greek_world,Greek World,-424.0,historian,non_europe
400,Q2285961,Silenus Calatinus,re_greek_world,Greek World,-300.0,historian,non_europe
401,Q310028,Isidore of Miletus,re_greek_world,Greek World,442.0,physicist | mathematician,non_europe
402,Q242270,Hecataeus of Miletus,re_greek_world,Greek World,-600.0,geographer | historian,non_europe
403,Q3991387,Timagoras of Gela,re_greek_world,Greek World,-350.0,philosopher,non_europe
404,Q580661,Antiochus of Syracuse,re_greek_world,Greek World,-450.0,historian,non_europe
405,Q434773,Crantor,re_greek_world,Greek World,-343.0,philosopher,non_europe
406,Q80612,Anaximenes of Miletus,re_greek_world,Greek World,-584.0,astronomer | philosopher | mathematician,non_europe
407,Q433919,Phintys,re_greek_world,Greek World,-400.0,philosopher,non_europe
408,Q581833,Marinus of Neapolis,re_greek_world,Greek World,440.0,astronomer | philosopher,non_europe
409,Q313018,Aristophanes of Byzantium,re_greek_world,Greek World,-256.0,linguist,non_europe
410,Q1354573,Lycus of Rhegium,re_greek_world,Greek World,-350.0,historian,non_europe
411,Q355664,Theodore of Mopsuestia,re_greek_world,Greek World,350.0,theologian,non_europe
412,Q311731,Priscus,re_greek_world,Greek World,410.0,philosopher | historian,non_europe
413,Q310916,Iamblichus,re_greek_world,Greek World,245.0,philosopher,non_europe
414,Q59137,Diogenes of Oenoanda,re_greek_world,Greek World,200.0,philosopher,non_europe
415,Q714841,Eustathius of Epiphania,re_greek_world,Greek World,401.0,historian,non_europe
416,Q721022,Malchus,re_greek_world,Greek World,450.0,historian,non_europe
417,Q44011,Gregory of Nazianzus,re_greek_world,Greek World,330.0,theologian | philosopher,non_europe
418,Q372798,Polus,re_greek_world,Greek World,-500.0,philosopher,non_europe
419,Q297040,Apollonius of Tyana,re_greek_world,Greek World,15.0,philosopher | mathematician,non_europe
420,Q391202,Agathangelos,re_greek_world,Greek World,500.0,historian,non_europe
421,Q317029,Theodoret,re_greek_world,Greek World,393.0,historian,non_europe
422,Q4024777,Zopyrus of Tarentum,re_greek_world,Greek World,-350.0,philosopher,non_europe
423,Q43182,Eratosthenes,re_greek_world,Greek World,-275.0,musicologist | astronomer | mathematician | geographer | historian,non_europe
424,Q645774,Bolus of Mendes,re_greek_world,Greek World,-300.0,botanist | philosopher,non_europe
425,Q2637222,Aesara,re_greek_world,Greek World,-400.0,philosopher,non_europe
426,Q3731014,Heracleides of Magnesia,re_greek_world,Greek World,-50.0,historian,non_europe
427,Q3620711,Apollonides of Smyrna,re_greek_world,Greek World,-150.0,philosopher,non_europe
428,Q356433,Priscian,re_greek_world,Greek World,500.0,philosopher,non_europe
429,Q1389145,John the Lydian,re_greek_world,Greek World,490.0,historian,non_europe
430,Q2705204,Evander,re_greek_world,Greek World,-201.0,philosopher,non_europe
431,Q235426,Theano,re_greek_world,Greek World,-600.0,astronomer | philosopher | mathematician,non_europe
432,Q354342,Bardaisan,re_greek_world,Greek World,154.0,philosopher,non_europe
433,Q1270333,Praxeas,re_greek_world,Greek World,200.0,theologian,non_europe
434,Q463564,Xenophon of Ephesus,re_greek_world,Greek World,101.0,philosopher,non_europe
435,Q192371,Polycarp,re_greek_world,Greek World,69.0,theologian,non_europe
436,Q1295215,Satyrus the Peripatetic,re_greek_world,Greek World,-300.0,philosopher | historian,non_europe
437,Q1616998,Neanthes of Cyzicus,re_greek_world,Greek World,-250.0,historian,non_europe
438,Q1148501,Diophanes of Nicaea,re_greek_world,Greek World,-100.0,botanist,non_europe
439,Q180671,Aratus,re_greek_world,Greek World,-314.0,astronomer,non_europe
440,Q1189157,Nausiphanes,re_greek_world,Greek World,-400.0,philosopher,non_europe
441,Q1496242,Callinicus,re_greek_world,Greek World,300.0,historian,non_europe
442,Q180109,Apollonius of Perga,re_greek_world,Greek World,-261.0,astronomer | mathematician,non_europe
443,Q335156,Aristoxenus,re_greek_world,Greek World,-359.0,musicologist | philosopher | mathematician,non_europe
444,Q1047689,Menodotus of Nicomedia,re_greek_world,Greek World,100.0,philosopher,non_europe
445,Q3381179,Philon of Gadara,re_greek_world,Greek World,100.0,mathematician,non_europe
446,Q287423,Epigenes of Byzantium,re_greek_world,Greek World,-150.0,astronomer | mathematician,non_europe
447,Q317146,Alexandros of Aphrodisias,re_greek_world,Greek World,200.0,philosopher,non_europe
448,Q275606,Aurelius Victor,re_greek_world,Greek World,320.0,historian,non_europe
449,Q451390,Autolycus of Pitane,re_greek_world,Greek World,-359.0,astronomer | mathematician,non_europe
450,Q83375,Empedocles,re_greek_world,Greek World,-489.0,philosopher,non_europe
451,Q441448,Carpocrates,re_greek_world,Greek World,100.0,philosopher,non_europe
452,Q312491,John Malalas,re_greek_world,Greek World,491.0,historian,non_europe
453,Q248793,Maximus of Ephesus,re_greek_world,Greek World,310.0,philosopher,non_europe
454,Q404023,Aedesius,re_greek_world,Greek World,280.0,philosopher,non_europe
455,Q316867,Sosigenes of Alexandria,re_greek_world,Greek World,-100.0,astronomer | philosopher | mathematician,non_europe
456,Q506553,Olympiodorus of Thebes,re_greek_world,Greek World,380.0,philosopher | historian,non_europe
457,Q550477,Timocharis,re_greek_world,Greek World,-319.0,astronomer,non_europe
458,Q346567,Callixenus of Rhodes,re_greek_world,Greek World,-199.0,historian,non_europe
459,Q385213,Prohaeresius,re_greek_world,Greek World,276.0,philosopher,non_europe
460,Q2047944,Palladius of Galatia,re_greek_world,Greek World,363.0,historian,non_europe
461,Q334457,Dio Chrysostom,re_greek_world,Greek World,40.0,philosopher,non_europe
462,Q51885,Thecla,re_greek_world,Greek World,100.0,theologian,non_europe
463,Q3044500,Demetrius of Scepsis,re_greek_world,Greek World,-204.0,philosopher | historian,non_europe
464,Q363818,Nicander,re_greek_world,Greek World,-249.0,historian,non_europe
465,Q2524557,Anatolius of Laodicea,re_greek_world,Greek World,250.0,philosopher | mathematician,non_europe
466,Q1373037,Syrianus,re_greek_world,Greek World,500.0,philosopher,non_europe
467,Q3347025,Neleus of Scepsis,re_greek_world,Greek World,-350.0,philosopher,non_europe
468,Q459774,Ambrose of Alexandria,re_greek_world,Greek World,200.0,theologian,non_europe
469,Q1747749,Tiberius Claudius Aristocles,re_greek_world,Greek World,100.0,philosopher,non_europe
470,Q201867,Cleitarchus,re_greek_world,Greek World,-400.0,historian,non_europe
471,Q125551,Parmenides,re_greek_world,Greek World,-514.0,philosopher,non_europe
472,Q3624868,Asclepiades,re_greek_world,Greek World,-150.0,historian,non_europe
473,Q444459,Alcidamas,re_greek_world,Greek World,-450.0,philosopher,non_europe
474,Q4441106,Aphthonius of Antioch,re_greek_world,Greek World,300.0,philosopher,non_europe
475,Q44024,Athanasios of Alexandria,re_greek_world,Greek World,296.0,theologian,non_europe
476,Q3413787,Archelaus,re_greek_world,Greek World,300.0,theologian,non_europe
477,Q705950,Theon of Smyrna,re_greek_world,Greek World,70.0,philosopher | musicologist | astronomer | mathematician,non_europe
478,Q380089,Fulgentius of Ruspe,re_greek_world,Greek World,468.0,theologian,non_europe
479,Q2861395,Aristodemus of Nysa,re_greek_world,Greek World,-200.0,philosopher | historian,non_europe
480,Q447451,Sabellius,re_greek_world,Greek World,200.0,theologian,non_europe
481,Q973954,Philoxenus of Mabbug,re_greek_world,Greek World,440.0,theologian,non_europe
482,Q433332,Mara Bar-Serapion,re_greek_world,Greek World,50.0,philosopher,non_europe
483,Q1613489,Hermias,re_greek_world,Greek World,401.0,philosopher,non_europe
484,Q186153,Procopius,re_greek_world,Greek World,500.0,historian,non_europe
485,Q188232,Didymus the Blind,re_greek_world,Greek World,313.0,theologian,non_europe
486,Q1266186,Theodosius of Bithynia,re_greek_world,Greek World,-159.0,astronomer | mathematician,non_europe
487,Q2696027,Alexander of Damascus,re_greek_world,Greek World,200.0,philosopher,non_europe
488,Q3714438,Dositheus,re_greek_world,Greek World,-250.0,astronomer | mathematician,non_europe
489,Q18639389,Abrotelia,re_greek_world,Greek World,-500.0,philosopher,non_europe
490,Q1531412,Harkhebi,re_greek_world,Greek World,-301.0,astronomer,non_europe
491,Q185223,Cassius Dio,re_greek_world,Greek World,150.0,historian,non_europe
492,Q2695834,Agathobulus,re_greek_world,Greek World,100.0,philosopher,non_europe
493,Q16529474,Astone,re_greek_world,Greek World,-550.0,philosopher,non_europe
494,Q503075,Crates of Mallus,re_greek_world,Greek World,-200.0,philosopher,non_europe
495,Q8739,Archimedes,re_greek_world,Greek World,-286.0,astronomer | philosopher | physicist | mathematician,non_europe
496,Q63456919,Pandrosion,re_greek_world,Greek World,400.0,mathematician,non_europe
497,Q317014,Sextus Julius Africanus,re_greek_world,Greek World,160.0,philosopher | historian,non_europe
498,Q170472,Origen,re_greek_world,Greek World,185.0,theologian | philosopher,non_europe
499,Q1051470,Vettius Valens,re_greek_world,Greek World,120.0,astronomer,non_europe
500,Q515542,Agathemerus,re_greek_world,Greek World,250.0,geographer,non_europe
501,Q504771,Philo of Byblos,re_greek_world,Greek World,50.0,historian,non_europe
502,Q1226993,Dionysius Periegetes,re_greek_world,Greek World,100.0,historian,non_europe
503,Q312500,Herophilos,re_greek_world,Greek World,-334.0,anatomist,non_europe
504,Q297390,Craterus,re_greek_world,Greek World,-369.0,historian,non_europe
505,Q707344,Numenius of Apamea,re_greek_world,Greek World,200.0,philosopher,non_europe
506,Q42458,Anaximander,re_greek_world,Greek World,-609.0,philosopher | physicist | astronomer | mathematician | geographer,non_europe
507,Q229246,Julia Domna,re_greek_world,Greek World,165.0,philosopher,non_europe
508,Q298654,Cyril of Jerusalem,re_greek_world,Greek World,313.0,theologian,non_europe
509,Q363375,Publilius Syrus,re_greek_world,Greek World,-100.0,philosopher,non_europe
510,Q391216,Agatharchides,re_greek_world,Greek World,-207.0,geographer | philosopher | historian | anatomist,non_europe
511,Q2531620,Pamprepius,re_greek_world,Greek World,440.0,philosopher,non_europe
512,Q4191445,Zenob Glak,re_greek_world,Greek World,300.0,historian,non_europe
513,Q165589,Leucippus,re_greek_world,Greek World,-500.0,philosopher | physicist,non_europe
514,Q451719,Damo,re_greek_world,Greek World,-600.0,philosopher | mathematician,non_europe
515,Q365977,Bias of Priene,re_greek_world,Greek World,-599.0,philosopher,non_europe
516,Q1378597,Eurytus,re_greek_world,Greek World,-500.0,philosopher | mathematician,non_europe
517,Q189767,Zeno of Tarsus,re_greek_world,Greek World,-250.0,philosopher,non_europe
518,Q139567,Zacharias Rhetor,re_greek_world,Greek World,465.0,philosopher | historian,non_europe
519,Q83041,Anaxagoras,re_greek_world,Greek World,-499.0,astronomer | philosopher | physicist | mathematician,non_europe
520,Q1400157,Cleinias of Tarentum,re_greek_world,Greek World,-500.0,philosopher,non_europe
521,Q313791,Ephorus,re_greek_world,Greek World,-399.0,historian,non_europe
522,Q260951,Dinon,re_greek_world,Greek World,-399.0,historian,non_europe
523,Q534163,Xanthos,re_greek_world,Greek World,-500.0,historian,non_europe
524,Q142999,Eusebius of Caesarea,re_greek_world,Greek World,275.0,theologian | historian,non_europe
525,Q317942,Euhemerus,re_greek_world,Greek World,-400.0,philosopher | historian | anthropologist,non_europe
526,Q31271346,Dion von Neapel,re_greek_world,Greek World,-500.0,mathematician,non_europe
527,Q354377,Conon of Samos,re_greek_world,Greek World,-279.0,astronomer | mathematician,non_europe
528,Q44015,John the Apostle,re_greek_world,Greek World,6.0,theologian,non_europe
529,Q378236,Aristides Quintilianus,re_greek_world,Greek World,150.0,musicologist,non_europe
530,Q1226828,Diogenes of Tarsus,re_greek_world,Greek World,-200.0,philosopher,non_europe
531,Q298226,Anthemius of Tralles,re_greek_world,Greek World,474.0,physicist | mathematician,non_europe
532,Q1226996,Dionysius of Miletus,re_greek_world,Greek World,-600.0,historian,non_europe
533,Q313934,Macrobius,re_greek_world,Greek World,370.0,musicologist | philosopher,non_europe
534,Q1419147,Firmilian,re_greek_world,Greek World,200.0,philosopher,non_europe
535,Q725225,Thrasyllus of Mendes,re_greek_world,Greek World,-100.0,musicologist | philosopher,non_europe
536,Q132157,Zeno of Elea,re_greek_world,Greek World,-489.0,philosopher | mathematician,non_europe
537,Q521203,Duris of Samos,re_greek_world,Greek World,-339.0,historian,non_europe
538,Q343018,Eunapius,re_greek_world,Greek World,349.0,philosopher | historian,non_europe
539,Q168707,Pliny the Younger,re_greek_world,Greek World,61.0,historian,non_europe
540,Q928551,Origen the Pagan,re_greek_world,Greek World,200.0,philosopher,non_europe
541,Q2749849,Athenodorus of Soli,re_greek_world,Greek World,-300.0,philosopher,non_europe
542,Q931271,Tisias,re_greek_world,Greek World,-499.0,philosopher,non_europe
543,Q189597,Philo of Alexandria,re_greek_world,Greek World,-14.0,philosopher | historian,non_europe
544,Q731906,Asclepiodotus of Alexandria,re_greek_world,Greek World,500.0,philosopher,non_europe
545,Q315360,Damascius,re_greek_world,Greek World,450.0,philosopher,non_europe
546,Q510737,Lucian of Antioch,re_greek_world,Greek World,240.0,theologian,non_europe
547,Q2902906,Rabbi Nehemiah,re_greek_world,Greek World,101.0,mathematician,non_europe
548,Q43706,John Chrysostom,re_greek_world,Greek World,349.0,theologian,non_europe
549,Q354384,Theon of Alexandria,re_greek_world,Greek World,335.0,astronomer | mathematician,non_europe
550,Q11903,Hypatia,re_greek_world,Greek World,360.0,astronomer | philosopher | mathematician,non_europe
551,Q443510,Hesychius of Alexandria,re_greek_world,Greek World,450.0,linguist,non_europe
552,Q3826494,Lamiscus,re_greek_world,Greek World,-400.0,philosopher | mathematician,non_europe
553,Q717647,Gnaeus Claudius Severus Arabianus,re_greek_world,Greek World,113.0,philosopher,non_europe
554,Q140188,Aristarchus of Samos,re_greek_world,Greek World,-309.0,astronomer,non_europe
555,Q456560,Myia,re_greek_world,Greek World,-600.0,philosopher | mathematician,non_europe
556,Q33941,Julian,re_greek_world,Greek World,331.0,philosopher,non_europe
557,Q317632,John Philoponus,re_greek_world,Greek World,490.0,philosopher | physicist | astronomer | mathematician | theologian,non_europe
558,Q1722472,Callias of Syracuse,re_greek_world,Greek World,-400.0,historian,non_europe
559,Q3432037,Aristaeus of Croton,re_greek_world,Greek World,-450.0,philosopher | mathematician,non_europe
560,Q897689,Chaeremon of Alexandria,re_greek_world,Greek World,10.0,philosopher | historian,non_europe
561,Q84027027,Didymus of Alexandria,re_greek_world,Greek World,-50.0,mathematician,non_europe
562,Q942439,Monimus,re_greek_world,Greek World,-400.0,philosopher,non_europe
563,Q310821,Akiva ben Joseph,re_greek_world,Greek World,15.0,theologian,non_europe
564,Q280432,Athenodoros Cananites,re_greek_world,Greek World,-100.0,philosopher | historian,non_europe
565,Q313286,Demetrius of Phalerum,re_greek_world,Greek World,-349.0,philosopher,non_europe
566,Q123147,Ammonius Hermiae,re_greek_world,Greek World,435.0,astronomer | philosopher,non_europe
567,Q2570422,Sotion,re_greek_world,Greek World,-250.0,philosopher | historian,non_europe
568,Q2657803,Asterius the Sophist,re_greek_world,Greek World,300.0,theologian,non_europe
569,Q1749928,Phaleas of Chalcedon,re_greek_world,Greek World,-400.0,philosopher,non_europe
570,Q280934,Alexander Lychnus,re_greek_world,Greek World,-50.0,historian,non_europe
571,Q11925495,Hermodorus,re_greek_world,Greek World,-399.0,philosopher,non_europe
572,Q15975321,Flavius Boethus,re_greek_world,Greek World,150.0,philosopher,non_europe
573,Q191734,Gregory of Nyssa,re_greek_world,Greek World,400.0,theologian,non_europe
574,Q1297839,Serenus of Antinouplis,re_greek_world,Greek World,300.0,mathematician,non_europe
575,Q1383547,Ulpianus,re_greek_world,Greek World,300.0,philosopher,non_europe
576,Q138531,Phlegon of Tralles,re_greek_world,Greek World,200.0,historian,non_europe
577,Q929311,Hegesias of Magnesia,re_greek_world,Greek World,-200.0,historian,non_europe
578,Q948620,Hermias of Atarneus,re_greek_world,Greek World,-350.0,philosopher,non_europe
579,Q365183,Themistius,re_greek_world,Greek World,317.0,philosopher,non_europe
580,Q754890,Athanis,re_greek_world,Greek World,-400.0,historian,non_europe
581,Q176287,Timaeus of Locri,re_greek_world,Greek World,-500.0,astronomer | philosopher | mathematician,non_europe
582,Q188883,Clement of Alexandria,re_greek_world,Greek World,150.0,theologian | philosopher,non_europe
583,Q3556912,Theognostus of Alexandria,re_greek_world,Greek World,210.0,theologian,non_europe
584,Q5063276,Cephalion,re_greek_world,Greek World,100.0,historian,non_europe
585,Q1241343,Justus of Tiberias,re_greek_world,Greek World,35.0,historian,non_europe
586,Q7155483,Pausanias of Damascus,re_greek_world,Greek World,-150.0,geographer,non_europe
587,Q1185502,Demetrius Lacon,re_greek_world,Greek World,-150.0,philosopher,non_europe
588,Q360366,Nicomachus,re_greek_world,Greek World,60.0,musicologist | philosopher | mathematician,non_europe
589,Q3636221,Baton of Sinope,re_greek_world,Greek World,-199.0,historian,non_europe
590,Q41766,Ctesibius,re_greek_world,Greek World,-283.0,mathematician,non_europe
591,Q729105,Severus of Antioch,re_greek_world,Greek World,465.0,theologian,non_europe
592,Q641051,Arius Didymus,re_greek_world,Greek World,-83.0,philosopher,non_europe
593,Q388333,Cadmus of Miletus,re_greek_world,Greek World,-500.0,historian,non_europe
594,Q44258,Basil of Caesarea,re_greek_world,Greek World,329.0,theologian | philosopher,non_europe
595,Q534986,Flavius Vopiscus,re_greek_world,Greek World,201.0,historian,non_europe
596,Q41155,Heraclitus,re_greek_world,Greek World,-534.0,philosopher,non_europe
597,Q36303,Thales,re_greek_world,Greek World,-624.0,astronomer | philosopher | physicist | mathematician,non_europe
598,Q974775,Olympiodorus the Younger,re_greek_world,Greek World,495.0,philosopher,non_europe
599,Q2763097,Abba Saul,re_greek_world,Greek World,101.0,theologian,non_europe
600,Q202001,Archytas,re_greek_world,Greek World,-427.0,philosopher | musicologist | astronomer | mathematician,non_europe
601,Q2312602,Montanus of Phrygia,re_greek_world,Greek World,150.0,theologian,non_europe
602,Q19715972,Nicostratus of Trebizond,re_greek_world,Greek World,300.0,historian,non_europe
603,Q44248,Jerome,re_greek_world,Greek World,345.0,theologian | historian,non_europe
604,Q857017,Gaius Blossius,re_greek_world,Greek World,-150.0,philosopher,non_europe
605,Q3371179,Polemarchus,re_greek_world,Greek World,-500.0,philosopher,non_europe
606,Q345277,Basilides,re_greek_world,Greek World,117.0,theologian,non_europe
607,Q3271431,Leon of Byzantium,re_greek_world,Greek World,-400.0,philosopher,non_europe
608,Q212338,Philolaus,re_greek_world,Greek World,-469.0,philosopher | musicologist | astronomer | mathematician,non_europe
609,Q2706119,Telecles,re_greek_world,Greek World,-201.0,philosopher,non_europe
610,Q11906871,Ascletarió,re_greek_world,Greek World,100.0,mathematician,non_europe
611,Q2832178,Alcimus,re_greek_world,Greek World,-350.0,historian,non_europe
612,Q2695686,Abba Hilkiah,re_greek_world,Greek World,1.0,theologian,non_europe
613,Q359945,Melito of Sardis,re_greek_world,Greek World,100.0,philosopher,non_europe
614,Q226868,Zosimos of Panopolis,re_greek_world,Greek World,250.0,philosopher,non_europe
615,Q738605,Boethus of Sidon,re_greek_world,Greek World,-199.0,philosopher,non_europe
616,Q461067,Pantaenus,re_greek_world,Greek World,200.0,theologian | philosopher,non_europe
617,Q7807000,Timosthenes,re_greek_world,Greek World,-301.0,geographer,non_europe
618,Q23061186,Nicolaus Sophista,re_greek_world,Greek World,400.0,philosopher,non_europe
619,Q161853,Hero of Alexandria,re_greek_world,Greek World,10.0,physicist | mathematician,non_europe
620,Q1175868,Menander of Ephesus,re_greek_world,Greek World,-299.0,historian,non_europe
621,Q159905,Hipparchus,re_greek_world,Greek World,-189.0,geographer | astronomer | mathematician,non_europe
622,Q2601910,Aristo of Pella,re_greek_world,Greek World,100.0,historian,non_europe
623,Q131671,Xenophanes,re_greek_world,Greek World,-569.0,philosopher,non_europe
624,Q1113270,Archedemus of Tarsus,re_greek_world,Greek World,-300.0,philosopher,non_europe
625,Q236594,Sextus Empiricus,re_greek_world,Greek World,200.0,philosopher,non_europe
626,Q471218,Callippus of Cyzicus,re_greek_world,Greek World,-369.0,astronomer | mathematician,non_europe
627,Q2639498,Boethus of Sidon,re_greek_world,Greek World,-74.0,philosopher,non_europe
628,Q320042,Antiochus of Ascalon,re_greek_world,Greek World,-123.0,philosopher,non_europe
629,Q461007,Eubulides,re_greek_world,Greek World,-500.0,philosopher,non_europe
630,Q436634,Cassius Longinus,re_greek_world,Greek World,213.0,philosopher,non_europe
631,Q1383804,Heracleides of Cyme,re_greek_world,Greek World,-399.0,historian,non_europe
632,Q248975,Herillus,re_greek_world,Greek World,-279.0,philosopher,non_europe
633,Q447428,Cerinthus,re_greek_world,Greek World,100.0,theologian | philosopher,non_europe
634,Q297776,Pedanius Dioscorides,re_greek_world,Greek World,40.0,botanist | pharmacologist,non_europe
635,Q657941,Albinus,re_greek_world,Greek World,100.0,philosopher,non_europe
636,Q973972,Sporus of Nicaea,re_greek_world,Greek World,240.0,astronomer | mathematician,non_europe
637,Q370123,Apollodorus of Artemita,re_greek_world,Greek World,-129.0,historian,non_europe
638,Q312548,Megasthenes,re_greek_world,Greek World,-350.0,historian | anthropologist,non_europe
639,Q950303,Cratippus of Pergamon,re_greek_world,Greek World,-100.0,philosopher,non_europe
640,Q450311,Alypius,re_greek_world,Greek World,350.0,musicologist,non_europe
641,Q2695791,Abtolemus,re_greek_world,Greek World,101.0,theologian,non_europe
642,Q3502838,Thallus,re_greek_world,Greek World,100.0,historian,non_europe
643,Q1290567,Maximus I of Constantinople,re_greek_world,Greek World,350.0,philosopher,non_europe
644,Q2696474,Apollinaris,re_greek_world,Greek World,400.0,philosopher,non_europe
645,Q365017,Agathocles of Cyzicus,re_greek_world,Greek World,-299.0,historian,non_europe
646,Q429744,Philinus of Agrigentum,re_greek_world,Greek World,-300.0,historian,non_europe
647,Q34943,Ptolemy,re_greek_world,Greek World,100.0,philosopher | musicologist | astronomer | mathematician | geographer,non_europe
648,Q310173,Ammonius Saccas,re_greek_world,Greek World,175.0,philosopher,non_europe
649,Q2319055,Rhianus,re_greek_world,Greek World,-274.0,historian,non_europe
650,Q718003,Possidius of Calama,re_latin,Latin World,370.0,historian,non_europe
651,Q8018,Augustine of Hippo,re_latin,Latin World,354.0,theologian | musicologist | philosopher | historian,non_europe
652,Q342416,Arnobius,re_latin,Latin World,255.0,philosopher,non_europe
653,Q348408,Martianus Capella,re_latin,Latin World,360.0,musicologist | philosopher,non_europe
654,Q261992,Optatus,re_latin,Latin World,400.0,theologian,non_europe
655,Q315670,Juba II,re_latin,Latin World,-47.0,historian,non_europe
656,Q170512,Apuleius,re_latin,Latin World,125.0,philosopher,non_europe
657,Q722705,Aşıkpaşazade,re_ottoman_turkey,Ottoman Turkey,1400.0,historian,non_europe
658,Q1984103,Neşri,re_ottoman_turkey,Ottoman Turkey,1450.0,historian,non_europe
659,Q991343,Oruç,re_ottoman_turkey,Ottoman Turkey,1500.0,historian,non_europe
660,Q343494,Idris Bitlisi,re_ottoman_turkey,Ottoman Turkey,1457.0,historian,non_europe
661,Q317973,Abdüssamed bin-Seyyidî Alî Diyarbekrî,re_ottoman_turkey,Ottoman Turkey,1500.0,historian,non_europe
662,Q2843525,Amirdovlat of Amasia,re_ottoman_turkey,Ottoman Turkey,1420.0,botanist,non_europe
663,Q12810590,Latîfî,re_ottoman_turkey,Ottoman Turkey,1491.0,historian,non_europe
664,Q1559975,Göynüklü Ahmed Efendi,re_ottoman_turkey,Ottoman Turkey,1700.0,historian,non_europe
665,Q449254,Ibn Kemal,re_ottoman_turkey,Ottoman Turkey,1469.0,historian,non_europe
666,Q15137609,Abraham Ankyuratsi,re_ottoman_turkey,Ottoman Turkey,1405.0,historian,non_europe
667,Q4054386,Abbas Wasim Efendi,re_ottoman_turkey,Ottoman Turkey,1689.0,astronomer,non_europe
668,Q1280128,Ebu Sehil Nu'man Efendi,re_ottoman_turkey,Ottoman Turkey,1700.0,historian,non_europe
669,Q353068,Akşemseddin,re_ottoman_turkey,Ottoman Turkey,1389.0,botanist | historian,non_europe
670,Q16329554,Adamantios Risios,re_ottoman_turkey,Ottoman Turkey,1675.0,theologian,non_europe
671,Q462745,Ahmad Khani,re_ottoman_turkey,Ottoman Turkey,1650.0,philosopher,non_europe
672,Q572436,Anthim the Iberian,re_ottoman_turkey,Ottoman Turkey,1650.0,philosopher,non_europe
673,Q317913,Abdurrahman Hibri,re_ottoman_turkey,Ottoman Turkey,1604.0,historian,non_europe
674,Q21541505,Dede Cöngi,re_ottoman_turkey,Ottoman Turkey,1495.0,philosopher,non_europe
675,Q3561173,George Amiroutzes,re_ottoman_turkey,Ottoman Turkey,1400.0,philosopher,non_europe
676,Q64167657,Yeghia Musheghyan,re_ottoman_turkey,Ottoman Turkey,1689.0,historian,non_europe
677,Q5360885,Elijah Bashyazi,re_ottoman_turkey,Ottoman Turkey,1420.0,philosopher,non_europe
678,Q388979,Sharaf Khan Bidlisi,re_ottoman_turkey,Ottoman Turkey,1543.0,historian,non_europe
679,Q16854270,Şükrullah,re_ottoman_turkey,Ottoman Turkey,1388.0,historian,non_europe
680,Q25452040,Hızır Bey,re_ottoman_turkey,Ottoman Turkey,1407.0,theologian | philosopher | logician,non_europe
681,Q4452,Thomas of Metsoph,re_ottoman_turkey,Ottoman Turkey,1378.0,historian,non_europe
682,Q428705,Mustafa Sheykhoghlu,re_ottoman_turkey,Ottoman Turkey,1341.0,linguist,non_europe
683,Q12251667,Yahya al-Yazidi,re_persian_world,Persian world,755.0,linguist,non_europe
684,Q4116564,Mohammad Tahir Vahid Qazvini,re_persian_world,Persian world,1607.0,historian,non_europe
685,Q12178019,Abu Sa'd 'Abd al-Karim al-Samani,re_persian_world,Persian world,1113.0,historian,non_europe
686,Q5942209,Abd-al-Baqi Nahavandi,re_persian_world,Persian world,1570.0,historian,non_europe
687,Q729591,Ata-Malik Juvayni,re_persian_world,Persian world,1226.0,historian,non_europe
688,Q2822174,Abu Nu`aym,re_persian_world,Persian world,948.0,historian,non_europe
689,Q2228574,Zahir al-Din Marashi,re_persian_world,Persian world,1413.0,historian,non_europe
690,Q3456753,Abd al-Qahir al-Jurjani,re_persian_world,Persian world,1001.0,linguist,non_europe
691,Q6419062,Aḥmad Ibn-Fāris,re_persian_world,Persian world,1000.0,historian,non_europe
692,Q11075,Abd al-Rahman al-Sufi,re_persian_world,Persian world,903.0,astronomer | mathematician,non_europe
693,Q293520,Abū Ḥanīfa Dīnawarī,re_persian_world,Persian world,828.0,botanist | astronomer | mathematician | geographer | historian,non_europe
694,Q94875087,ʿAlī Ibn-ʿUbaidallāh Ibn-Bābūya al-Qummī,re_persian_world,Persian world,1100.0,theologian,non_europe
695,Q2658411,Bahāʾ al-dīn al-ʿĀmilī,re_persian_world,Persian world,1547.0,astronomer | philosopher | mathematician,non_europe
696,Q4119490,Mohsen Fayz Kashani,re_persian_world,Persian world,1598.0,philosopher,non_europe
697,Q426523,Kamāl al-Dīn al-Fārisī,re_persian_world,Persian world,1265.0,mathematician,non_europe
698,Q234908,Nezami Ganjavi,re_persian_world,Persian world,1141.0,philosopher,non_europe
699,Q61669,Ibn Bibi,re_persian_world,Persian world,1250.0,historian,non_europe
700,Q4060358,Mu'ayyad al-Din al-'Urdi,re_persian_world,Persian world,1200.0,astronomer,non_europe
701,Q3458926,Ruzbihan Baqli,re_persian_world,Persian world,1128.0,philosopher,non_europe
702,Q115466,Jamshīd al-Kāshī,re_persian_world,Persian world,1380.0,astronomer | mathematician,non_europe
703,Q287573,Baidawi,re_persian_world,Persian world,1201.0,theologian | philosopher,non_europe
704,Q3315763,Mir Damad,re_persian_world,Persian world,1561.0,philosopher,non_europe
705,Q8011,Avicenna,re_persian_world,Persian world,980.0,philosopher | physicist | musicologist | astronomer | mathematician | chemist,non_europe
706,Q140540,Zahed Gilani,re_persian_world,Persian world,1216.0,theologian,non_europe
707,Q6351410,Ibn Manda,re_persian_world,Persian world,922.0,theologian,non_europe
708,Q2031579,Shams al-Dīn al-Samarqandī,re_persian_world,Persian world,1250.0,astronomer | mathematician,non_europe
709,Q335313,Abu Sahl al-Quhi,re_persian_world,Persian world,940.0,astronomer | physicist | mathematician,non_europe
710,Q1152795,Nizami Aruzi,re_persian_world,Persian world,1110.0,philosopher,non_europe
711,Q1048593,Amr ibn Ubayd,re_persian_world,Persian world,699.0,theologian,non_europe
712,Q2024702,Seyid Yahya Bakuvi,re_persian_world,Persian world,1410.0,philosopher,non_europe
713,Q32075,Baha' al-Din Naqshband,re_persian_world,Persian world,1327.0,theologian,non_europe
714,Q558205,Khwaja Abdullah Ansari,re_persian_world,Persian world,1006.0,theologian,non_europe
715,Q5875064,Aziz ad-Din Nasafi,re_persian_world,Persian world,1200.0,philosopher,non_europe
716,Q4060354,Al-Qaffāl al-Shāshī,re_persian_world,Persian world,904.0,linguist,non_europe
717,Q25451998,Abu al-Yusr al-Bazdawi,re_persian_world,Persian world,1030.0,theologian,non_europe
718,Q2986906,Abd al-Qadir Maraghi,re_persian_world,Persian world,1353.0,musicologist,non_europe
719,Q3412455,Qazi Sa’id Qumi,re_persian_world,Persian world,1640.0,philosopher,non_europe
720,Q5636823,Habiballah Esmaili,re_persian_world,Persian world,1344.0,historian,non_europe
721,Q336146,Abu al-Ghazi Bahadur,re_persian_world,Persian world,1603.0,historian,non_europe
722,Q657968,Minhaj-i-Siraj,re_persian_world,Persian world,1193.0,historian,non_europe
723,Q4814466,Roxana Moslehi,re_persian_world,Persian world,1348.0,epidemiologist | botanist,non_europe
724,Q2474377,Muhyi al-Dīn al-Maghribī,re_persian_world,Persian world,1220.0,astronomer | mathematician,non_europe
725,Q12177831,Manṣūr ibn Muḥammad Samʻānī,re_persian_world,Persian world,1035.0,theologian,non_europe
726,Q328782,Rashid-al-Din Hamadani,re_persian_world,Persian world,1247.0,historian,non_europe
727,Q312458,Jami,re_persian_world,Persian world,1414.0,musicologist | philosopher,non_europe
728,Q1377629,Mīr-Khvānd,re_persian_world,Persian world,1433.0,historian,non_europe
729,Q6537635,Abu Nasr Ali ibn Hebatallah ibn Djafar ibn Makula,re_persian_world,Persian world,1030.0,historian,non_europe
730,Q2822092,Abu Sahl 'Isa ibn Yahya al-Masihi,re_persian_world,Persian world,970.0,astronomer | philosopher,non_europe
731,Q4794354,Ibn Hibban,re_persian_world,Persian world,883.0,historian,non_europe
732,Q4561714,Ahmad ibn Muhammad,re_persian_world,Persian world,906.0,philosopher,non_europe
733,Q1093121,Hakim al-Nishaburi,re_persian_world,Persian world,933.0,historian,non_europe
734,Q3319050,Mohammed Qacim Ferichta,re_persian_world,Persian world,1560.0,historian,non_europe
735,Q4090633,Bolad,re_persian_world,Persian world,1240.0,historian,non_europe
736,Q2822093,Abu Said Gorgani,re_persian_world,Persian world,850.0,astronomer | mathematician,non_europe
737,Q482451,Al-Zamakhshari,re_persian_world,Persian world,1075.0,theologian | linguist | philosopher,non_europe
738,Q4117220,Amīn Rāzī,re_persian_world,Persian world,1501.0,geographer,non_europe
739,Q4497394,Khasta Qasim,re_persian_world,Persian world,1684.0,philosopher,non_europe
740,Q1113860,Rashid al-Din Vatvat,re_persian_world,Persian world,1088.0,linguist,non_europe
741,Q6414218,Hasan Beg Rumlu,re_persian_world,Persian world,1530.0,historian,non_europe
742,Q764947,Taftazani,re_persian_world,Persian world,1322.0,theologian | philosopher | mathematician,non_europe
743,Q2743660,Shaykh Saduq,re_persian_world,Persian world,918.0,theologian,non_europe
744,Q254739,Fazlallah Astarabadi,re_persian_world,Persian world,1340.0,philosopher,non_europe
745,Q12227985,Wāḥidī Nīsābūrī,re_persian_world,Persian world,1010.0,theologian | linguist | historian,non_europe
746,Q3814358,Ibn Khuzaymah,re_persian_world,Persian world,838.0,theologian,non_europe
747,Q287479,Estakhri,re_persian_world,Persian world,850.0,geographer,non_europe
748,Q929260,Calanus,re_persian_world,Persian world,-397.0,philosopher,non_europe
749,Q169234,Abu Bakr al-Razi,re_persian_world,Persian world,865.0,philosopher | chemist | mathematician,non_europe
750,Q2511004,Abd al-Razzaq Samarqandi,re_persian_world,Persian world,1413.0,historian,non_europe
751,Q5948206,Abd al-Fattah Fumani,re_persian_world,Persian world,1600.0,historian,non_europe
752,Q12578225,Abu-l-Qasim al-Farabi,re_persian_world,Persian world,1130.0,geographer,non_europe
753,Q2991836,Al-Khazini,re_persian_world,Persian world,1077.0,astronomer | philosopher | physicist | mathematician,non_europe
754,Q62630871,Abu Ishaq al-Saffar al-Bukhari,re_persian_world,Persian world,1067.0,theologian,non_europe
755,Q2561872,Iskandar Beg Munshi,re_persian_world,Persian world,1560.0,historian,non_europe
756,Q3777119,Al-Hurr al-Aamili,re_persian_world,Persian world,1624.0,theologian,non_europe
757,Q330893,Abraham the Great of Kashkar,re_persian_world,Persian world,503.0,theologian,non_europe
758,Q938348,Abou al-Layth As Samarqandî,re_persian_world,Persian world,944.0,theologian,non_europe
759,Q10293670,Seyyed Nematollah Jazayeri,re_persian_world,Persian world,1640.0,theologian,non_europe
760,Q3109034,Khwaju Kermani,re_persian_world,Persian world,1280.0,mathematician,non_europe
761,Q2383120,Abu Nasr Mansur,re_persian_world,Persian world,970.0,astronomer | mathematician,non_europe
762,Q557366,Ibn Tahir al-Baghdadi,re_persian_world,Persian world,980.0,mathematician,non_europe
763,Q5680834,Mohsin Fani,re_persian_world,Persian world,1615.0,historian,non_europe
764,Q11862838,Muhammad Ibn Masud al-Ayyashi,re_persian_world,Persian world,900.0,theologian,non_europe
765,Q1151481,Bahmanyār,re_persian_world,Persian world,993.0,philosopher | mathematician,non_europe
766,Q27825516,Sayyid Ali Akbar,re_persian_world,Persian world,869.0,theologian,non_europe
767,Q12177809,Imam Ar-Rafi'i,re_persian_world,Persian world,1160.0,theologian | historian,non_europe
768,Q353889,Sahl ibn Bishr,re_persian_world,Persian world,786.0,astronomer | mathematician,non_europe
769,Q7226225,Mashrab,re_persian_world,Persian world,1657.0,philosopher,non_europe
770,Q4164865,Al-Tughrai,re_persian_world,Persian world,1061.0,linguist,non_europe
771,Q5960565,Mir Shamsuddin Adib-Soltani,re_persian_world,Persian world,1310.0,philosopher,non_europe
772,Q5724876,Fazl b. Ruzbihan Khunji,re_persian_world,Persian world,1457.0,historian,non_europe
773,Q983510,Jahm bin Safwan,re_persian_world,Persian world,696.0,theologian,non_europe
774,Q4502475,Ḥusain Wāʿiẓ Kāšifī,re_persian_world,Persian world,1461.0,astronomer | mathematician,non_europe
775,Q2620460,Abul-Fazl Bayhaqi,re_persian_world,Persian world,996.0,historian,non_europe
776,Q796587,Shams Tabrizi,re_persian_world,Persian world,1185.0,philosopher,non_europe
777,Q6417154,Baba Kuhi of Shiraz,re_persian_world,Persian world,948.0,philosopher,non_europe
778,Q336653,Alexandre de Rhodes,re_persian_world,Persian world,1593.0,linguist,non_europe
779,Q11906149,Anushirvan ibn Khalid,re_persian_world,Persian world,1060.0,historian,non_europe
780,Q203922,Mani,re_persian_world,Persian world,216.0,theologian | philosopher,non_europe
781,Q983355,Sibawayh,re_persian_world,Persian world,760.0,linguist,non_europe
782,Q2594199,Al-Mahani,re_persian_world,Persian world,820.0,astronomer | mathematician,non_europe
783,Q445398,Fātima bint Mūsā,re_persian_world,Persian world,790.0,theologian,non_europe
784,Q2915197,Wassaf,re_persian_world,Persian world,1265.0,historian,non_europe
785,Q3773706,Abd al-Jabbar ibn Ahmad,re_persian_world,Persian world,935.0,theologian | philosopher,non_europe
786,Q16367981,Fatullah Sirvani,re_persian_world,Persian world,1417.0,mathematician,non_europe
787,Q333703,Fakhr al-Din al-Razi,re_persian_world,Persian world,1150.0,astronomer | philosopher | mathematician,non_europe
788,Q6820795,Abu Mansur al-Azhari,re_persian_world,Persian world,895.0,linguist,non_europe
789,Q5946533,Bi Bi Monajemeh Nishaburi,re_persian_world,Persian world,1203.0,astronomer | mathematician,non_europe
790,Q4116338,Mir Fendereski,re_persian_world,Persian world,1562.0,philosopher,non_europe
791,Q4115259,Abd al-Karīm ibn Hawāzin Qushayri,re_persian_world,Persian world,986.0,philosopher,non_europe
792,Q7489382,Sharaf al-Zaman al-Marwazi,re_persian_world,Persian world,1057.0,zoologist,non_europe
793,Q1231017,Tha'ālibī,re_persian_world,Persian world,961.0,linguist,non_europe
794,Q5964599,Rasul Jafarian,re_persian_world,Persian world,1343.0,historian,non_europe
795,Q25453527,Abu Sahl al-Sa'luki,re_persian_world,Persian world,908.0,theologian,non_europe
796,Q5668442,Naubakht,re_persian_world,Persian world,750.0,astronomer,non_europe
797,Q461062,Al-Karaji,re_persian_world,Persian world,953.0,mathematician,non_europe
798,Q106916684,Arshit Dana,re_persian_world,Persian world,-475.0,philosopher,non_europe
799,Q864619,Rajab Ali Tabrizi,re_persian_world,Persian world,1650.0,philosopher,non_europe
800,Q423644,Ali Qushji,re_persian_world,Persian world,1403.0,astronomer | linguist | physicist | mathematician,non_europe
801,Q729903,Qutb al-Din al-Shirazi,re_persian_world,Persian world,1236.0,philosopher | physicist | musicologist | astronomer | mathematician,non_europe
802,Q12223113,ʻAbd al-Ghāfir ibn Ismāʻīl Fārisī,re_persian_world,Persian world,1059.0,historian,non_europe
803,Q16519243,Abu Abdallah al-Jayhani,re_persian_world,Persian world,801.0,geographer,non_europe
804,Q328796,Nasir Khusraw,re_persian_world,Persian world,1004.0,philosopher,non_europe
805,Q3660690,Iranshahri,re_persian_world,Persian world,900.0,astronomer | philosopher | mathematician,non_europe
806,Q643786,Athīr al-Dīn al-Abharī,re_persian_world,Persian world,1200.0,astronomer | mathematician,non_europe
807,Q1088315,Al Khakim At Termizi,re_persian_world,Persian world,820.0,theologian,non_europe
808,Q17303834,Ibn al-Khammar,re_persian_world,Persian world,942.0,philosopher,non_europe
809,Q9546,Al-Ghazali,re_persian_world,Persian world,1058.0,theologian | philosopher,non_europe
810,Q292178,Al-Fadl ibn Sahl,re_persian_world,Persian world,770.0,astronomer,non_europe
811,Q3827234,Ibn Isfandiyar,re_persian_world,Persian world,1210.0,historian,non_europe
812,Q738649,Hamdallah Mustawfi,re_persian_world,Persian world,1281.0,geographer | historian,non_europe
813,Q335516,Abu Zayd al-Balkhi,re_persian_world,Persian world,850.0,geographer | physicist | mathematician,non_europe
814,Q2626083,Kirakos of Gandzak,re_persian_world,Persian world,1200.0,historian,non_europe
815,Q12177901,Ibn Furak,re_persian_world,Persian world,941.0,theologian,non_europe
816,Q2908840,Zayn al-Din Gorgani,re_persian_world,Persian world,1040.0,philosopher,non_europe
817,Q320324,Ahmad Ghazali,re_persian_world,Persian world,1100.0,theologian,non_europe
818,Q4846224,Abu l-Futuh al-Razi,re_persian_world,Persian world,1087.0,theologian,non_europe
819,Q1821848,Al-Samawal al-Maghribi,re_persian_world,Persian world,1130.0,astronomer | mathematician,non_europe
820,Q15891994,Yovanisik Caretsi,re_persian_world,Persian world,1560.0,historian,non_europe
821,Q52742567,Siraj ud-Din Muhammad ibn Abd ur-Rashid Sajawandi,re_persian_world,Persian world,1200.0,linguist | mathematician,non_europe
822,Q16050084,Ghiyāth al-Dīn Manṣūr Dashtakī Shīrāzī,re_persian_world,Persian world,1462.0,philosopher,non_europe
823,Q66999200,Ibn Abi al-Faraj al-Kinani,re_persian_world,Persian world,1036.0,linguist,non_europe
824,Q11937789,Muhammad ibn Ali Rawandi,re_persian_world,Persian world,1202.0,historian,non_europe
825,Q4115024,Ayn al-Quzat Hamadani,re_persian_world,Persian world,1098.0,philosopher | mathematician,non_europe
826,Q2988556,Al-Nayrizi,re_persian_world,Persian world,865.0,astronomer | mathematician,non_europe
827,Q12194385,An-Nadhar bin Syamil,re_persian_world,Persian world,740.0,astronomer | philosopher | linguist,non_europe
828,Q11826,Al-Biruni,re_persian_world,Persian world,973.0,philosopher | physicist | botanist | astronomer | linguist | mathematician | chemist | anthropologist | geographer | historian,non_europe
829,Q25451679,Abu Al - Moin Al - Nasafi,re_persian_world,Persian world,1046.0,theologian,non_europe
830,Q241026,Muḥammad ibn Ismā‘īl al-Bukhārī,re_persian_world,Persian world,810.0,theologian | historian,non_europe
831,Q20706345,Faṣīḥ al-Dīn Aḥmad Faṣīḥ Khvāfī,re_persian_world,Persian world,1375.0,historian,non_europe
832,Q1050887,Al-Shahrastani,re_persian_world,Persian world,1086.0,philosopher | historian,non_europe
833,Q18325461,Salih ibn Ahmad ibn Hanbal,re_persian_world,Persian world,818.0,theologian,non_europe
834,Q4670206,Abu Hatim Ahmad ibn Hamdan al-Razi,re_persian_world,Persian world,801.0,theologian | philosopher,non_europe
835,Q2663540,Muhammad Bal'ami,re_persian_world,Persian world,1000.0,historian,non_europe
836,Q57633062,Muhammad ibn Hussein al-Zaghuli,re_persian_world,Persian world,1080.0,linguist,non_europe
837,Q2669359,Najm al-Dīn al-Qazwīnī al-Kātibī,re_persian_world,Persian world,1203.0,astronomer | philosopher | mathematician,non_europe
838,Q123088,Ismail II,re_persian_world,Persian world,1533.0,astronomer,non_europe
839,Q5956631,Afdhal al-Din abu Hamid Kermani,re_persian_world,Persian world,1136.0,philosopher | historian,non_europe
840,Q5787478,Hamza al-Isbahani,re_persian_world,Persian world,893.0,historian,non_europe
841,Q1148049,Sanai,re_persian_world,Persian world,1080.0,philosopher,non_europe
842,Q1386256,Qāḍī Zāda al-Rūmī,re_persian_world,Persian world,1364.0,astronomer | mathematician,non_europe
843,Q3327524,Muhammad ibn Ahmad al-Khwarizmi,re_persian_world,Persian world,899.0,historian,non_europe
844,Q6932870,Muhammad ibn Falah,re_persian_world,Persian world,1400.0,theologian,non_europe
845,Q334857,Abu Bakr al-Kalabadhi,re_persian_world,Persian world,950.0,philosopher,non_europe
846,Q2472579,ʿUbaidallāh Ibn-Maḥmūd Aḥrār,re_persian_world,Persian world,1404.0,theologian,non_europe
847,Q35900,Omar Khayyám,re_persian_world,Persian world,1048.0,astronomer | philosopher | physicist | mathematician,non_europe
848,Q12223449,ʿAbdallāh Ibn-Aḥmad Nasafī,re_persian_world,Persian world,1240.0,theologian,non_europe
849,Q3242122,Hasan ibn Zayd,re_persian_world,Persian world,750.0,theologian,non_europe
850,Q4116938,Jalaladdin Davani,re_persian_world,Persian world,1426.0,philosopher,non_europe
851,Q12827721,Abu Mansur al-Maturidi,re_persian_world,Persian world,852.0,philosopher,non_europe
852,Q6417943,Elahi Ardabili,re_persian_world,Persian world,870.0,mathematician,non_europe
853,Q3296224,Muhammad ibn Mahmud Amuli,re_persian_world,Persian world,1300.0,mathematician,non_europe
854,Q563574,Abu Saʿīd Gardēzī,re_persian_world,Persian world,1100.0,geographer | historian,non_europe
855,Q486088,Ulugh Beg,re_persian_world,Persian world,1394.0,astronomer | mathematician,non_europe
856,Q22907093,Muhammad Sadiq Ardestani,re_persian_world,Persian world,1644.0,philosopher,non_europe
857,Q5951549,Qutb al-Din al-Ashkawari,re_persian_world,Persian world,1601.0,philosopher,non_europe
858,Q631972,Safi-ad-din Ardabili,re_persian_world,Persian world,1252.0,theologian,non_europe
859,Q5727594,Muhammad Baqir al-Sabzevari,re_persian_world,Persian world,1608.0,philosopher,non_europe
860,Q5794930,Aqa Husayn Khwansari,re_persian_world,Persian world,1637.0,philosopher,non_europe
861,Q5701959,Abu Hafs Omar al-Nasafi,re_persian_world,Persian world,1067.0,theologian | historian,non_europe
862,Q2991000,Abū Ja'far al-Khāzin,re_persian_world,Persian world,900.0,astronomer | mathematician,non_europe
863,Q194091,Attar of Nishapur,re_persian_world,Persian world,1145.0,philosopher,non_europe
864,Q1963396,Najm al-Din Razi,re_persian_world,Persian world,1177.0,philosopher,non_europe
865,Q315881,Hassan-i Sabbah,re_persian_world,Persian world,1050.0,theologian | astronomer | philosopher,non_europe
866,Q403498,Ismail ibn Hammad al-Jawhari,re_persian_world,Persian world,940.0,linguist,non_europe
867,Q481384,Ebn Meskavayh,re_persian_world,Persian world,932.0,philosopher | historian,non_europe
868,Q4118843,Ibn Khalawayh,re_persian_world,Persian world,950.0,theologian,non_europe
869,Q90863901,Ibn al-Malāḥimī,re_persian_world,Persian world,1050.0,theologian,non_europe
870,Q305325,Al-Isfahani,re_persian_world,Persian world,1000.0,mathematician,non_europe
871,Q2584074,Al-Juwayni,re_persian_world,Persian world,1028.0,theologian,non_europe
872,Q335282,Abū-Sa'īd Abul-Khayr,re_persian_world,Persian world,967.0,theologian,non_europe
873,Q8190792,Jamal ad-Din,re_persian_world,Persian world,1300.0,astronomer,non_europe
874,Q3063378,Ali ibn Mohammed al-Jurjani,re_persian_world,Persian world,1340.0,philosopher,non_europe
875,Q1797377,Najmuddin Kubra,re_persian_world,Persian world,1145.0,philosopher,non_europe
876,Q29996106,Budaq Monshi Qazvini,re_persian_world,Persian world,1510.0,historian,non_europe
877,Q4025793,Ibn Funduq,re_persian_world,Persian world,1106.0,mathematician,non_europe
878,Q282231,Benjamin Nahawandi,re_persian_world,Persian world,750.0,philosopher,non_europe
879,Q5954332,Ahmad Monshi Ghomi,re_persian_world,Persian world,1546.0,historian,non_europe
880,Q293651,Muḥammad Ibn-al-Ḥusain as-Sulamī,re_persian_world,Persian world,937.0,theologian,non_europe
881,Q3110028,Ibn Shahriyar,re_persian_world,Persian world,900.0,geographer,non_europe
882,Q6538434,Sawaguchi Kazuyuki,re_japan,Japan,1670.0,mathematician,non_europe
883,Q683792,Kitabatake Chikafusa,re_japan,Japan,1293.0,historian,non_europe
884,Q311478,Nichiren,re_japan,Japan,1222.0,philosopher,non_europe
885,Q786877,Shibukawa Shunkai,re_japan,Japan,1639.0,astronomer,non_europe
886,Q6538396,Andō Yūeki,re_japan,Japan,1624.0,astronomer,non_europe
887,Q177059,Hakuin Ekaku,re_japan,Japan,1686.0,philosopher,non_europe
888,Q2399435,Miyoshi Kiyotsura,re_japan,Japan,847.0,philosopher,non_europe
889,Q4385767,Bassui Tokushō,re_japan,Japan,1327.0,philosopher,non_europe
890,Q11389078,Irumagawa Shigetsune,re_japan,Japan,1688.0,astronomer,non_europe
891,Q6538534,Muramatsu Shigekiyo,re_japan,Japan,1608.0,mathematician,non_europe
892,Q1150441,Miyake Kanran,re_japan,Japan,1674.0,philosopher,non_europe
893,Q15304349,Tanabe Marefumi,re_japan,Japan,1692.0,historian,non_europe
894,Q1095270,Yamaga Sokō,re_japan,Japan,1622.0,philosopher,non_europe
895,Q193344,Miyamoto Musashi,re_japan,Japan,1585.0,philosopher,non_europe
896,Q1319454,Ishida Baigan,re_japan,Japan,1685.0,philosopher,non_europe
897,Q4067901,Konʼyō Aoki,re_japan,Japan,1698.0,botanist,non_europe
898,Q6560770,Amenomori Hōshū,re_japan,Japan,1668.0,philosopher,non_europe
899,Q1150151,Abe no Seimei,re_japan,Japan,921.0,astronomer,non_europe
900,Q369158,Ogyū Sorai,re_japan,Japan,1666.0,linguist | philosopher | political scientist,non_europe
901,Q1334965,Keichū,re_japan,Japan,1640.0,linguist,non_europe
902,Q715993,Jien,re_japan,Japan,1155.0,historian,non_europe
903,Q1343397,Kamo no Mabuchi,re_japan,Japan,1697.0,linguist | philosopher,non_europe
904,Q470531,Takakazu Seki,re_japan,Japan,1642.0,mathematician,non_europe
905,Q449943,Saichō,re_japan,Japan,767.0,philosopher,non_europe
906,Q1136664,Gyōki,re_japan,Japan,668.0,geographer,non_europe
907,Q2753679,Nishikawa Joken,re_japan,Japan,1648.0,astronomer,non_europe
908,Q378425,Fujiwara no Teika,re_japan,Japan,1162.0,linguist,non_europe
909,Q6563258,Dazai Shundai,re_japan,Japan,1680.0,political scientist,non_europe
910,Q1063276,Kibi no Makibi,re_japan,Japan,695.0,philosopher,non_europe
911,Q551135,Miyazaki Yasusada,re_japan,Japan,1623.0,botanist,non_europe
912,Q11561574,Shibukawa Hirotada,re_japan,Japan,1696.0,astronomer,non_europe
913,Q558279,Hayashi Razan,re_japan,Japan,1583.0,philosopher,non_europe
914,Q6565179,Muro Kyūsō,re_japan,Japan,1658.0,philosopher,non_europe
915,Q11661892,Aoki Nagayuki,re_japan,Japan,1669.0,astronomer,non_europe
916,Q11575248,Tanaka Kyūgu,re_japan,Japan,1662.0,political scientist,non_europe
917,Q6538413,Imamura Tomoaki,re_japan,Japan,1624.0,mathematician,non_europe
918,Q467616,Arai Hakuseki,re_japan,Japan,1657.0,historian | philosopher | economist,non_europe
919,Q169352,Zeami Motokiyo,re_japan,Japan,1363.0,philosopher,non_europe
920,Q231603,Sei Shōnagon,re_japan,Japan,966.0,historian,non_europe
921,Q1037304,Kumazawa Banzan,re_japan,Japan,1619.0,philosopher,non_europe
922,Q548162,Yamamoto Tsunetomo,re_japan,Japan,1659.0,philosopher,non_europe
923,Q11366221,Nakane Genkei,re_japan,Japan,1662.0,musicologist,non_europe
924,Q12954243,Yoshisuke Matsunaga,re_japan,Japan,1690.0,mathematician,non_europe
925,Q3915605,Kurushima Kinai,re_japan,Japan,1650.0,mathematician,non_europe
926,Q384703,Musō Soseki,re_japan,Japan,1275.0,philosopher,non_europe
927,Q640808,Jinsai Itō,re_japan,Japan,1627.0,philosopher,non_europe
928,Q3148401,Ikeda Mitsumasa,re_japan,Japan,1609.0,philosopher,non_europe
929,Q1334955,Kada no Azumamaro,re_japan,Japan,1669.0,linguist,non_europe
930,Q1065728,Toju Nakae,re_japan,Japan,1608.0,philosopher,non_europe
931,Q1527039,Yoshida Mitsuyoshi,re_japan,Japan,1598.0,mathematician,non_europe
932,Q1362200,Toneri-shinnō,re_japan,Japan,676.0,historian,non_europe
933,Q3128831,Hayashi Ryūkō,re_japan,Japan,1681.0,philosopher,non_europe
934,Q318064,Dōgen,re_japan,Japan,1200.0,philosopher,non_europe
935,Q726163,Kambei Mori,re_japan,Japan,1600.0,mathematician,non_europe
936,Q705860,Anjirō,re_japan,Japan,1600.0,linguist,non_europe
937,Q662447,Takebe Katahiro,re_japan,Japan,1664.0,mathematician,non_europe
938,Q1721396,Kaibara Ekken,re_japan,Japan,1630.0,botanist | philosopher,non_europe
939,Q6565636,Yamazaki Ansai,re_japan,Japan,1619.0,philosopher,non_europe
940,Q222227,Kūkai,re_japan,Japan,774.0,linguist | philosopher,non_europe
941,Q11642302,Endō Moritoshi,re_japan,Japan,1669.0,astronomer,non_europe
942,Q655390,Fujiwara Seika,re_japan,Japan,1561.0,philosopher,non_europe
943,Q6538408,Isomura Yoshinori,re_japan,Japan,1650.0,mathematician,non_europe
944,Q63566583,Jinzan Tani,re_japan,Japan,1663.0,astronomer,non_europe
945,Q3128822,Hayashi Hōkō,re_japan,Japan,1644.0,philosopher,non_europe
946,Q11564289,Minamoto no Yoshiari,re_japan,Japan,845.0,historian,non_europe
947,Q1559382,Minamoto no Shitagō,re_japan,Japan,911.0,linguist,non_europe
948,Q1952005,Mukai Genshō,re_japan,Japan,1609.0,botanist,non_europe
949,Q11583182,Zhen Dexiu,re_chinese_world,Chinese world,1178.0,philosopher,non_europe
950,Q2912463,Zhao Mengjian,re_chinese_world,Chinese world,1199.0,historian,non_europe
951,Q6146198,Qian Qianyi,re_chinese_world,Chinese world,1582.0,historian,non_europe
952,Q371966,Feng Menglong,re_chinese_world,Chinese world,1574.0,historian,non_europe
953,Q712287,Jizang,re_chinese_world,Chinese world,549.0,philosopher,non_europe
954,Q15912473,Fan Zuyu,re_chinese_world,Chinese world,1041.0,historian,non_europe
955,Q197958,Zhou Daguan,re_chinese_world,Chinese world,1266.0,geographer,non_europe
956,Q558380,Cheng Yi,re_chinese_world,Chinese world,1033.0,philosopher,non_europe
957,Q1206650,Ma Duanlin,re_chinese_world,Chinese world,1245.0,historian,non_europe
958,Q713013,Song Lian,re_chinese_world,Chinese world,1310.0,historian,non_europe
959,Q4272132,Lü Zuqian,re_chinese_world,Chinese world,1137.0,historian,non_europe
960,Q319329,Wang Chong,re_chinese_world,Chinese world,27.0,astronomer | philosopher | meteorologist | mathematician,non_europe
961,Q699266,Zheng Qiao,re_chinese_world,Chinese world,1104.0,astronomer | historian,non_europe
962,Q36020,Su Shi,re_chinese_world,Chinese world,1037.0,historian,non_europe
963,Q14942746,Gao Panlong,re_chinese_world,Chinese world,1562.0,philosopher,non_europe
964,Q8011232,Wang Gen,re_chinese_world,Chinese world,1483.0,philosopher,non_europe
965,Q319618,Wang Anshi,re_chinese_world,Chinese world,1021.0,economist,non_europe
966,Q981888,Tao Hongjing,re_chinese_world,Chinese world,456.0,philosopher,non_europe
967,Q197206,Zhang Heng,re_chinese_world,Chinese world,78.0,philosopher | astronomer | mathematician | anthropologist | geographer,non_europe
968,Q697553,Ye Shi,re_chinese_world,Chinese world,1150.0,philosopher,non_europe
969,Q10425950,Tian Xi,re_chinese_world,Chinese world,940.0,historian,non_europe
970,Q187172,Bodhidharma,re_chinese_world,Chinese world,483.0,philosopher,non_europe
971,Q1914745,Mazu Daoyi,re_chinese_world,Chinese world,709.0,philosopher,non_europe
972,Q11042295,Qu Dajun,re_chinese_world,Chinese world,1630.0,geographer | historian,non_europe
973,Q1154748,Jin Shengtan,re_chinese_world,Chinese world,1610.0,philosopher,non_europe
974,Q1070259,Qiao Zhou,re_chinese_world,Chinese world,199.0,astronomer,non_europe
975,Q9397,Zhu Xi,re_chinese_world,Chinese world,1130.0,philosopher | historian,non_europe
976,Q420427,Xu Guangqi,re_chinese_world,Chinese world,1562.0,astronomer | mathematician,non_europe
977,Q699485,Liu Ji,re_chinese_world,Chinese world,1311.0,astronomer | philosopher | historian,non_europe
978,Q197172,Zhang Daoling,re_chinese_world,Chinese world,34.0,philosopher,non_europe
979,Q15927765,Fan Zhen,re_chinese_world,Chinese world,1007.0,historian,non_europe
980,Q45378990,Fei Shiyin,re_chinese_world,Chinese world,1160.0,historian,non_europe
981,Q15913733,Xichan Wang,re_chinese_world,Chinese world,1628.0,astronomer | mathematician,non_europe
982,Q706214,Zhang Dai,re_chinese_world,Chinese world,1597.0,historian,non_europe
983,Q3497131,Luo Hongxian,re_chinese_world,Chinese world,1504.0,geographer,non_europe
984,Q15888775,Zhongtong Fang,re_chinese_world,Chinese world,1634.0,mathematician,non_europe
985,Q712125,Yin Mo,re_chinese_world,Chinese world,101.0,philosopher,non_europe
986,Q11115066,Mei Juecheng,re_chinese_world,Chinese world,1681.0,mathematician,non_europe
987,Q1156713,He Yan,re_chinese_world,Chinese world,195.0,philosopher,non_europe
988,Q979653,Paramartha,re_chinese_world,Chinese world,499.0,philosopher,non_europe
989,Q21814440,Gu Yingxiang,re_chinese_world,Chinese world,1483.0,historian,non_europe
990,Q11080108,Wen Bing,re_chinese_world,Chinese world,1609.0,historian,non_europe
991,Q553678,Ge Hong,re_chinese_world,Chinese world,284.0,philosopher,non_europe
992,Q11147294,Hong Mai,re_chinese_world,Chinese world,1123.0,historian,non_europe
993,Q227444,Zu Chongzhi,re_chinese_world,Chinese world,429.0,astronomer | mathematician,non_europe
994,Q378462,Wang Yangming,re_chinese_world,Chinese world,1472.0,philosopher,non_europe
995,Q698817,Zhao Rukuo,re_chinese_world,Chinese world,1170.0,geographer | historian,non_europe
996,Q3274593,Wang Fan,re_chinese_world,Chinese world,228.0,astronomer | mathematician,non_europe
997,Q11094966,Heling Zhu,re_chinese_world,Chinese world,1606.0,philosopher,non_europe
998,Q1367171,Xu Xiake,re_chinese_world,Chinese world,1587.0,geographer,non_europe
999,Q345012,Huineng,re_chinese_world,Chinese world,638.0,philosopher,non_europe
1000,Q17040371,Zhao Youqin,re_chinese_world,Chinese world,1279.0,astronomer | mathematician,non_europe
1001,Q3573233,Yungton Dorje Pel,re_chinese_world,Chinese world,1284.0,philosopher,non_europe
1002,Q11109045,Zha Jizuo,re_chinese_world,Chinese world,1601.0,historian,non_europe
1003,Q5363752,Cheng Dawei,re_chinese_world,Chinese world,1533.0,mathematician,non_europe
1004,Q565225,Qin Jiushao,re_chinese_world,Chinese world,1208.0,meteorologist | mathematician,non_europe
1005,Q11067446,Zhang Xie,re_chinese_world,Chinese world,1574.0,geographer,non_europe
1006,Q45537230,Mao Qianqian,re_chinese_world,Chinese world,1653.0,astronomer | mathematician,non_europe
1007,Q10330338,Zhu Bian,re_chinese_world,Chinese world,1085.0,historian,non_europe
1008,Q707875,Fang Xiaoru,re_chinese_world,Chinese world,1357.0,historian,non_europe
1009,Q270085,Shen Kuo,re_chinese_world,Chinese world,1031.0,zoologist | physicist | philosopher | botanist | astronomer | meteorologist | mathematician | geologist | anthropologist | geographer | economist,non_europe
1010,Q334323,Ouyang Xiu,re_chinese_world,Chinese world,1007.0,philosopher | historian,non_europe
1011,Q11646955,Jin Lvxiang,re_chinese_world,Chinese world,1232.0,historian,non_europe
1012,Q574521,Yang Hui,re_chinese_world,Chinese world,1238.0,mathematician,non_europe
1013,Q626019,Araniko,re_chinese_world,Chinese world,1244.0,astronomer,non_europe
1014,Q11097372,Li Tao,re_chinese_world,Chinese world,1115.0,historian,non_europe
1015,Q553520,Yang Xiong,re_chinese_world,Chinese world,-52.0,linguist | philosopher,non_europe
1016,Q5071661,Chang Qu,re_chinese_world,Chinese world,291.0,historian,non_europe
1017,Q561165,Shen Yue,re_chinese_world,Chinese world,441.0,historian,non_europe
1018,Q2466384,Lu Jiuyuan,re_chinese_world,Chinese world,1139.0,philosopher,non_europe
1019,Q18812219,Qu Taisu,re_chinese_world,Chinese world,1549.0,mathematician,non_europe
1020,Q3051507,Hua He,re_chinese_world,Chinese world,219.0,historian,non_europe
1021,Q45691164,Qu Jiusi,re_chinese_world,Chinese world,1546.0,historian,non_europe
1022,Q6121590,Gu Xiancheng,re_chinese_world,Chinese world,1550.0,philosopher,non_europe
1023,Q1292321,Zhang Sixun,re_chinese_world,Chinese world,1050.0,astronomer,non_europe
1024,Q15449527,Chen Hongxu,re_chinese_world,Chinese world,1597.0,archeologist | historian,non_europe
1025,Q11089447,Yan Shu,re_chinese_world,Chinese world,991.0,historian,non_europe
1026,Q457972,Guan Zhong,re_chinese_world,Chinese world,-719.0,philosopher,non_europe
1027,Q11073410,Hui Dong,re_chinese_world,Chinese world,1697.0,philosopher,non_europe
1028,Q1387854,Desi Sangye Gyatso,re_chinese_world,Chinese world,1653.0,historian,non_europe
1029,Q1088063,Hua Sui,re_chinese_world,Chinese world,1439.0,historian,non_europe
1030,Q7267602,Qian Dehong,re_chinese_world,Chinese world,1496.0,philosopher,non_europe
1031,Q5950484,Xu Ai,re_chinese_world,Chinese world,1487.0,philosopher,non_europe
1032,Q31754,Huang Zongxi,re_chinese_world,Chinese world,1610.0,philosopher | historian,non_europe
1033,Q11095476,Li Guangdi,re_chinese_world,Chinese world,1642.0,philosopher,non_europe
1034,Q10543449,Lu Zhen,re_chinese_world,Chinese world,957.0,historian,non_europe
1035,Q714374,Wang Fuzhi,re_chinese_world,Chinese world,1619.0,philosopher | historian,non_europe
1036,Q626733,Fan Chengda,re_chinese_world,Chinese world,1126.0,geographer,non_europe
1037,Q515272,Rigdzin Tsewang Norbu,re_chinese_world,Chinese world,1698.0,historian,non_europe
1038,Q706837,Liu Yuxi,re_chinese_world,Chinese world,772.0,philosopher,non_europe
1039,Q16076318,Xu Dong,re_chinese_world,Chinese world,976.0,historian,non_europe
1040,Q3315279,Zheng Ruozeng,re_chinese_world,Chinese world,1503.0,geographer,non_europe
1041,Q12165238,Fang Yizhi,re_chinese_world,Chinese world,1611.0,linguist,non_europe
1042,Q30949294,Ouyang De,re_chinese_world,Chinese world,1496.0,philosopher,non_europe
1043,Q558192,Cheng Hao,re_chinese_world,Chinese world,1032.0,philosopher,non_europe
1044,Q4578350,Chen Hongmou,re_chinese_world,Chinese world,1696.0,philosopher,non_europe
1045,Q699303,Chen Di,re_chinese_world,Chinese world,1541.0,linguist,non_europe
1046,Q698177,Li Zhi,re_chinese_world,Chinese world,1527.0,philosopher,non_europe
1047,Q197778,Zhiyi,re_chinese_world,Chinese world,538.0,philosopher,non_europe
1048,Q1288620,Wen Tong,re_chinese_world,Chinese world,1018.0,historian,non_europe
1049,Q4501983,Hu Hong,re_chinese_world,Chinese world,1105.0,philosopher,non_europe
1050,Q537211,Dong Qichang,re_chinese_world,Chinese world,1555.0,art theorist,non_europe
1051,Q703776,Du Qiong,re_chinese_world,Chinese world,101.0,astronomer,non_europe
1052,Q6473698,Lai Zhide,re_chinese_world,Chinese world,1525.0,philosopher,non_europe
1053,Q15941622,Chen Ji,re_chinese_world,Chinese world,1363.0,historian,non_europe
1054,Q716389,Li Gonglin,re_chinese_world,Chinese world,1049.0,archeologist | anthropologist,non_europe
1055,Q379577,Marpa Chokyi Lodro,re_chinese_world,Chinese world,1012.0,philosopher,non_europe
1056,Q1195906,Gu Yanwu,re_chinese_world,Chinese world,1613.0,philosopher | astronomer | linguist | geographer | historian,non_europe
1057,Q12159927,Tao Zongyi,re_chinese_world,Chinese world,1329.0,historian,non_europe
1058,Q1265657,Su Song,re_chinese_world,Chinese world,1020.0,zoologist | philosopher | botanist | astronomer | mathematician | geographer,non_europe
1059,Q16260354,Wang Kentang,re_chinese_world,Chinese world,1549.0,historian,non_europe
1060,Q1268609,Wu Zixu,re_chinese_world,Chinese world,-525.0,philosopher,non_europe
1061,Q31765,Fan Zhen,re_chinese_world,Chinese world,450.0,philosopher,non_europe
1062,Q11094003,Zhu Yizun,re_chinese_world,Chinese world,1629.0,historian,non_europe
1063,Q947874,Gö Lotsawa Zhönnu-pel,re_chinese_world,Chinese world,1392.0,historian,non_europe
1064,Q265181,He Xinyin,re_chinese_world,Chinese world,1517.0,philosopher,non_europe
1065,Q1275360,Zeng Gong,re_chinese_world,Chinese world,1019.0,historian,non_europe
1066,Q4501976,Anguo Hu,re_chinese_world,Chinese world,1074.0,philosopher,non_europe
1067,Q1155951,Su Zhe,re_chinese_world,Chinese world,1039.0,philosopher | historian,non_europe
1068,Q15920149,Qian Tan,re_chinese_world,Chinese world,1594.0,historian,non_europe
1069,Q20048449,Xue Fengzuo,re_chinese_world,Chinese world,1600.0,astronomer | mathematician,non_europe
1070,Q698543,Chen Baisha,re_chinese_world,Chinese world,1428.0,philosopher,non_europe
1071,Q13553235,Zhan Ruoshui,re_chinese_world,Chinese world,1466.0,philosopher,non_europe
1072,Q6728564,Chu Jen,re_chinese_world,Chinese world,1361.0,historian,non_europe
1073,Q10897757,Liu Hong,re_chinese_world,Chinese world,130.0,astronomer | mathematician,non_europe
1074,Q11835,Manuel Dias,re_chinese_world,Chinese world,1574.0,astronomer,non_europe
1075,Q985731,Xu Jingzong,re_chinese_world,Chinese world,592.0,geographer,non_europe
1076,Q1207661,Shan Tao,re_chinese_world,Chinese world,205.0,philosopher,non_europe
1077,Q37151,Sun Tzu,re_chinese_world,Chinese world,-543.0,philosopher,non_europe
1078,Q16076832,Ma Xu,re_chinese_world,Chinese world,70.0,historian,non_europe
1079,Q15917614,Wei Liaoweng,re_chinese_world,Chinese world,1178.0,philosopher,non_europe
1080,Q5895740,Hong Zicheng,re_chinese_world,Chinese world,1593.0,philosopher,non_europe
1081,Q12159141,Xu Yue,re_chinese_world,Chinese world,160.0,astronomer | philosopher | mathematician,non_europe
1082,Q42063,Xuanzang,re_chinese_world,Chinese world,602.0,philosopher,non_europe
1083,Q7967473,Wang Jia,re_chinese_world,Chinese world,400.0,historian,non_europe
1084,Q8070452,Zhang Zhu,re_chinese_world,Chinese world,1287.0,historian,non_europe
1085,Q2638471,Wei Shou,re_chinese_world,Chinese world,506.0,historian,non_europe
1086,Q587037,Antoine Thomas,re_chinese_world,Chinese world,1644.0,astronomer | linguist | mathematician,non_europe
1087,Q6042323,Yi Kaizhan,re_chinese_world,Chinese world,1400.0,mathematician,non_europe
1088,Q233340,Matteo Ricci,re_chinese_world,Chinese world,1552.0,geographer | mathematician,non_europe
1089,Q3287200,Mao Yuanyi,re_chinese_world,Chinese world,1594.0,historian,non_europe
1090,Q713247,Yishiha,re_chinese_world,Chinese world,1409.0,geographer,non_europe
1091,Q28414458,Yang Huan,re_chinese_world,Chinese world,1234.0,linguist,non_europe
1092,Q1872767,Lu Zhonglian,re_chinese_world,Chinese world,-304.0,philosopher,non_europe
1093,Q710705,Yi Xing,re_chinese_world,Chinese world,683.0,astronomer | mathematician,non_europe
1094,Q1260120,Dromton Gyelwa Jungne,re_chinese_world,Chinese world,1008.0,theologian,non_europe
1095,Q563564,Mahmud al-Kashgari,re_chinese_world,Chinese world,1029.0,geographer | linguist,non_europe
1096,Q11097685,Li Fu,re_chinese_world,Chinese world,1673.0,philosopher,non_europe
1097,Q62575481,Su Ma,re_chinese_world,Chinese world,1621.0,historian,non_europe
1098,Q840344,He Chengtian,re_chinese_world,Chinese world,370.0,mathematician,non_europe
1099,Q6688486,Lazzaro Cattaneo,re_chinese_world,Chinese world,1560.0,linguist,non_europe
1100,Q11053630,Shi Cui,re_chinese_world,Chinese world,103.0,botanist,non_europe
1101,Q16260015,Ma Duo,re_chinese_world,Chinese world,1366.0,historian,non_europe
1102,Q47739,Zhuangzi,re_chinese_world,Chinese world,-368.0,philosopher,non_europe
1103,Q13634415,Fan Zhi,re_chinese_world,Chinese world,911.0,historian,non_europe
1104,Q711413,Pei Ju,re_chinese_world,Chinese world,547.0,geographer,non_europe
1105,Q1151004,Yan Yuan,re_chinese_world,Chinese world,1635.0,philosopher,non_europe
1106,Q11069736,Peng Shiwang,re_chinese_world,Chinese world,1610.0,historian,non_europe
1107,Q10417558,Wang Yi,re_chinese_world,Chinese world,1433.0,historian,non_europe
1108,Q16259886,Xiong Bolong,re_chinese_world,Chinese world,1617.0,philosopher,non_europe
1109,Q11665206,Gu Zuyu,re_chinese_world,Chinese world,1631.0,geographer,non_europe
1110,Q11611790,Wei Hu,re_chinese_world,Chinese world,1633.0,historian,non_europe
1111,Q716190,Li Kui,re_chinese_world,Chinese world,-500.0,philosopher,non_europe
1112,Q5372193,Xie Cheng,re_chinese_world,Chinese world,182.0,historian,non_europe
1113,Q1292375,Zu Gengzhi,re_chinese_world,Chinese world,480.0,mathematician,non_europe
1114,Q1194206,Huiyuan,re_chinese_world,Chinese world,334.0,philosopher,non_europe
1115,Q265470,Xavier Ehrenbert Fridelli,re_chinese_world,Chinese world,1673.0,geographer,non_europe
1116,Q12147676,Erdeni,re_chinese_world,Chinese world,1592.0,linguist,non_europe
1117,Q15903781,Huo Tao,re_chinese_world,Chinese world,1487.0,historian,non_europe
1118,Q580624,Cao Chong,re_chinese_world,Chinese world,196.0,physicist,non_europe
1119,Q33566,Sima Guang,re_chinese_world,Chinese world,1019.0,historian,non_europe
1120,Q2361499,Jean-François Gerbillon,re_chinese_world,Chinese world,1654.0,astronomer | mathematician,non_europe
1121,Q16259917,Xun Can,re_chinese_world,Chinese world,201.0,philosopher,non_europe
1122,Q45572545,Wang Kai,re_chinese_world,Chinese world,1317.0,historian,non_europe
1123,Q45645724,Zheng Gao,re_chinese_world,Chinese world,1486.0,historian,non_europe
1124,Q277386,Wang Xuance,re_chinese_world,Chinese world,700.0,historian,non_europe
1125,Q197295,Zhang Tingyu,re_chinese_world,Chinese world,1672.0,historian,non_europe
1126,Q11084989,Fang Bao,re_chinese_world,Chinese world,1668.0,philosopher,non_europe
1127,Q366120,Lü Buwei,re_chinese_world,Chinese world,-290.0,philosopher,non_europe
1128,Q45559414,Chen Lian,re_chinese_world,Chinese world,1370.0,historian,non_europe
1129,Q45702763,Gu Tianxi,re_chinese_world,Chinese world,1589.0,historian,non_europe
1130,Q198136,"Zhu Zaiyu, Prince of Zheng",re_chinese_world,Chinese world,1536.0,historian | astronomer | physicist | mathematician,non_europe
1131,Q28959,Han Fei Zi,re_chinese_world,Chinese world,-279.0,philosopher,non_europe
1132,Q2898749,Su Shunqin,re_chinese_world,Chinese world,1008.0,historian,non_europe
1133,Q713554,Wang Su,re_chinese_world,Chinese world,195.0,philosopher,non_europe
1134,Q736629,Guo Huai,re_chinese_world,Chinese world,187.0,historian,non_europe
1135,Q10542488,Zhao Fang,re_chinese_world,Chinese world,1319.0,historian,non_europe
1136,Q1291953,Guo Xiang,re_chinese_world,Chinese world,252.0,philosopher,non_europe
1137,Q864708,Gan Bao,re_chinese_world,Chinese world,201.0,historian,non_europe
1138,Q378277,Ferdinand Verbiest,re_chinese_world,Chinese world,1623.0,astronomer | mathematician,non_europe
1139,Q5192697,Cui Renshi,re_chinese_world,Chinese world,580.0,historian,non_europe
1140,Q1291946,Zhi Dun,re_chinese_world,Chinese world,314.0,philosopher,non_europe
1141,Q657368,Ma Rong,re_chinese_world,Chinese world,79.0,philosopher,non_europe
1142,Q1370440,Johann Schreck,re_chinese_world,Chinese world,1576.0,botanist | astronomer,non_europe
1143,Q312978,Faxian,re_chinese_world,Chinese world,340.0,historian,non_europe
1144,Q110945420,Shen Bingzhen,re_chinese_world,Chinese world,1679.0,historian,non_europe
1145,Q16078617,Gu Donggao,re_chinese_world,Chinese world,1679.0,historian,non_europe
1146,Q17164322,Chen Jian,re_chinese_world,Chinese world,1497.0,historian,non_europe
1147,Q11095891,Li Tianjing,re_chinese_world,Chinese world,1579.0,mathematician,non_europe
1148,Q843276,Ying Shao,re_chinese_world,Chinese world,140.0,linguist,non_europe
1149,Q986624,Jiao Yu,re_chinese_world,Chinese world,1350.0,philosopher,non_europe
1150,Q5433784,Fang Hui,re_chinese_world,Chinese world,1227.0,historian,non_europe
1151,Q704075,Mao Qiling,re_chinese_world,Chinese world,1623.0,philosopher | historian,non_europe
1152,Q380598,Sun Ce,re_chinese_world,Chinese world,175.0,philosopher,non_europe
1153,Q1632823,Huangbo Xiyun,re_chinese_world,Chinese world,800.0,philosopher,non_europe
1154,Q765572,Guo Pu,re_chinese_world,Chinese world,276.0,historian,non_europe
1155,Q716876,Chen Tuan,re_chinese_world,Chinese world,871.0,philosopher,non_europe
1156,Q10900149,Liu Xianting,re_chinese_world,Chinese world,1648.0,historian,non_europe
1157,Q45469545,Ma Gui,re_chinese_world,Chinese world,1394.0,historian,non_europe
1158,Q216072,Xunzi,re_chinese_world,Chinese world,-312.0,philosopher,non_europe
1159,Q10816714,Liu Zongzhou,re_chinese_world,Chinese world,1587.0,philosopher,non_europe
1160,Q5369940,Kong Yingda,re_chinese_world,Chinese world,574.0,philosopher,non_europe
1161,Q11353853,Wan Sitong,re_chinese_world,Chinese world,1638.0,historian,non_europe
1162,Q994515,Giacomo Rho,re_chinese_world,Chinese world,1592.0,astronomer | mathematician,non_europe
1163,Q15926393,Ma Wei,re_chinese_world,Chinese world,1621.0,historian,non_europe
1164,Q468712,Ji Kang,re_chinese_world,Chinese world,223.0,philosopher,non_europe
1165,Q16138226,Bei Qiong,re_chinese_world,Chinese world,1314.0,historian,non_europe
1166,Q316304,Liu Hui,re_chinese_world,Chinese world,225.0,mathematician,non_europe
1167,Q11054345,"Chi, Chün-tao",re_chinese_world,Chinese world,263.0,botanist,non_europe
1168,Q10910502,Wei Su,re_chinese_world,Chinese world,1303.0,historian,non_europe
1169,Q45416277,Qi Jiguang,re_chinese_world,Chinese world,1528.0,historian,non_europe
1170,Q559731,Xu Shen,re_chinese_world,Chinese world,58.0,linguist,non_europe
1171,Q10788251,Liu Xu,re_chinese_world,Chinese world,888.0,historian,non_europe
1172,Q197813,Zhong Hui,re_chinese_world,Chinese world,225.0,philosopher,non_europe
1173,Q95369,Ignaz Kögler,re_chinese_world,Chinese world,1680.0,astronomer,non_europe
1174,Q10944085,Bu Shang,re_chinese_world,Chinese world,-506.0,philosopher,non_europe
1175,Q15934970,Wang Wei,re_chinese_world,Chinese world,1322.0,historian,non_europe
1176,Q1185798,Chao Cuo,re_chinese_world,Chinese world,-199.0,philosopher,non_europe
1177,Q378356,Wei Zheng,re_chinese_world,Chinese world,580.0,philosopher | historian,non_europe
1178,Q45613140,Yang Lian,re_chinese_world,Chinese world,1452.0,astronomer | mathematician,non_europe
1179,Q8071112,Zhu Guozhen,re_chinese_world,Chinese world,1557.0,historian,non_europe
1180,Q1243676,Martino Martini,re_chinese_world,Chinese world,1614.0,geographer | historian,non_europe
1181,Q152919,Li Si,re_chinese_world,Chinese world,-279.0,philosopher,non_europe
1182,Q17163746,Wan Jing,re_chinese_world,Chinese world,1659.0,historian,non_europe
1183,Q197338,Zhang Zai,re_chinese_world,Chinese world,1020.0,philosopher,non_europe
1184,Q11067613,Zhang Cang,re_chinese_world,Chinese world,-252.0,mathematician,non_europe
1185,Q1049563,Lodovico Buglio,re_chinese_world,Chinese world,1606.0,mathematician,non_europe
1186,Q736647,Fang Xuanling,re_chinese_world,Chinese world,578.0,historian,non_europe
1187,Q45414781,Feng Zizhen,re_chinese_world,Chinese world,1257.0,historian,non_europe
1188,Q698925,Li Shizhen,re_chinese_world,Chinese world,1517.0,botanist,non_europe
1189,Q4587779,Yang Guangxian,re_chinese_world,Chinese world,1597.0,astronomer,non_europe
1190,Q733082,Guo Shoujing,re_chinese_world,Chinese world,1231.0,astronomer | mathematician,non_europe
1191,Q724293,Sengzhao,re_chinese_world,Chinese world,384.0,philosopher,non_europe
1192,Q45648447,Zheng Qi,re_chinese_world,Chinese world,1428.0,historian,non_europe
1193,Q9372,Sima Qian,re_chinese_world,Chinese world,-144.0,astronomer | philosopher | historian | mathematician,non_europe
1194,Q7967402,Wang Daiyu,re_chinese_world,Chinese world,1600.0,philosopher,non_europe
1195,Q1147782,Xiang Xiu,re_chinese_world,Chinese world,250.0,philosopher,non_europe
1196,Q118467,Nicolas Fiva,re_chinese_world,Chinese world,1609.0,theologian | mathematician,non_europe
1197,Q13424361,Liu Zhi,re_chinese_world,Chinese world,1669.0,philosopher,non_europe
1198,Q11125626,Yin Shidan,re_chinese_world,Chinese world,1522.0,historian,non_europe
1199,Q45602254,Tang Su,re_chinese_world,Chinese world,1331.0,historian,non_europe
1200,Q4604,Confucius,re_chinese_world,Chinese world,-550.0,philosopher,non_europe
1201,Q5049015,Caspar Castner,re_chinese_world,Chinese world,1655.0,geographer | astronomer | mathematician,non_europe
1202,Q45369541,Bo Ting,re_chinese_world,Chinese world,1248.0,historian,non_europe
1203,Q4385580,Pei Wei (Jin dynasty),re_chinese_world,Chinese world,267.0,philosopher,non_europe
1204,Q3508627,Karel Slavíček,re_chinese_world,Chinese world,1678.0,astronomer | linguist | mathematician | musicologist,non_europe
1205,Q218900,Shi Shen,re_chinese_world,Chinese world,-400.0,astronomer,non_europe
1206,Q2401828,Sima Tan,re_chinese_world,Chinese world,-164.0,historian,non_europe
1207,Q10918606,Wu Renchen,re_chinese_world,Chinese world,1628.0,historian | mathematician,non_europe
1208,Q15912341,Wang Dan,re_chinese_world,Chinese world,957.0,historian,non_europe
1209,Q10945451,Sun Yuanhua,re_chinese_world,Chinese world,1582.0,mathematician,non_europe
1210,Q8059959,Yu Qin,re_chinese_world,Chinese world,1284.0,geographer,non_europe
1211,Q2856647,Fu Sheng,re_chinese_world,Chinese world,-267.0,philosopher,non_europe
1212,Q4260681,Li Gong,re_chinese_world,Chinese world,1659.0,historian,non_europe
1213,Q559421,Shen Buhai,re_chinese_world,Chinese world,-384.0,philosopher,non_europe
1214,Q5946443,Luo Rufang,re_chinese_world,Chinese world,1515.0,philosopher,non_europe
1215,Q2372474,Tang Zhen,re_chinese_world,Chinese world,1630.0,philosopher,non_europe
1216,Q4515473,Zhao Mingcheng,re_chinese_world,Chinese world,1081.0,historian,non_europe
1217,Q712581,Li Chunfeng,re_chinese_world,Chinese world,602.0,astronomer | historian | mathematician,non_europe
1218,Q704525,Liu An,re_chinese_world,Chinese world,-178.0,geographer,non_europe
1219,Q15946543,Pan Chengzhang,re_chinese_world,Chinese world,1626.0,historian,non_europe
1220,Q15932258,Wu Chen,re_chinese_world,Chinese world,1323.0,historian,non_europe
1221,Q11118543,Yang Chun,re_chinese_world,Chinese world,1675.0,historian,non_europe
1222,Q453449,Liu Xin,re_chinese_world,Chinese world,-49.0,astronomer | philosopher | historian | mathematician,non_europe
1223,Q2655284,Toqto'a,re_chinese_world,Chinese world,1314.0,historian,non_europe
1224,Q17130836,Claudio Filippo Grimaldi,re_chinese_world,Chinese world,1638.0,astronomer | mathematician,non_europe
1225,Q551391,Zhu Siben,re_chinese_world,Chinese world,1273.0,geographer,non_europe
1226,Q301650,Jia Yi,re_chinese_world,Chinese world,-199.0,philosopher,non_europe
1227,Q11093738,Zhu Shan,re_chinese_world,Chinese world,1340.0,historian,non_europe
1228,Q445626,Dong Zhongshu,re_chinese_world,Chinese world,-178.0,philosopher,non_europe
1229,Q721420,Hu Sansheng,re_chinese_world,Chinese world,1230.0,historian,non_europe
1230,Q94790915,Kaspar Castner,re_chinese_world,Chinese world,1665.0,philosopher | mathematician,non_europe
1231,Q3256864,Liu Yiqing,re_chinese_world,Chinese world,403.0,historian,non_europe
1232,Q15919171,Chen Houyao,re_chinese_world,Chinese world,1648.0,mathematician,non_europe
1233,Q11980612,Kilian Stumpf,re_chinese_world,Chinese world,1655.0,astronomer,non_europe
1234,Q736726,Emperor Wu of Liang,re_chinese_world,Chinese world,464.0,philosopher,non_europe
1235,Q9333,Laozi,re_chinese_world,Chinese world,-579.0,philosopher,non_europe
1236,Q981193,Sun Simiao,re_chinese_world,Chinese world,581.0,philosopher,non_europe
1237,Q20611787,Sagan Setsen,re_chinese_world,Chinese world,1604.0,historian,non_europe
1238,Q716369,Jia Dan,re_chinese_world,Chinese world,730.0,geographer,non_europe
1239,Q11567603,Jiao Hong,re_chinese_world,Chinese world,1540.0,philosopher | historian,non_europe
1240,Q5484029,Francisco Varo,re_chinese_world,Chinese world,1627.0,linguist,non_europe
1241,Q537727,Ban Biao,re_chinese_world,Chinese world,3.0,historian,non_europe
1242,Q253490,Li Fang,re_chinese_world,Chinese world,925.0,historian,non_europe
1243,Q24837460,Wang Xing,re_chinese_world,Chinese world,1331.0,historian,non_europe
1244,Q845669,Xu Heng,re_chinese_world,Chinese world,1209.0,philosopher,non_europe
1245,Q5945163,Zhao Buzhi,re_chinese_world,Chinese world,1053.0,philosopher,non_europe
1246,Q8044361,Xie Daoyun,re_chinese_world,Chinese world,349.0,philosopher,non_europe
1247,Q197962,Zhou Dunyi,re_chinese_world,Chinese world,1017.0,philosopher,non_europe
1248,Q45488589,Hu Shen,re_chinese_world,Chinese world,1315.0,historian,non_europe
1249,Q710078,Pei Songzhi,re_chinese_world,Chinese world,372.0,historian,non_europe
1250,Q11114865,Mei Wending,re_chinese_world,Chinese world,1633.0,astronomer | mathematician,non_europe
1251,Q1349949,Fazang,re_chinese_world,Chinese world,643.0,philosopher,non_europe
1252,Q45665755,Liu Heng,re_chinese_world,Chinese world,1358.0,historian,non_europe
1253,Q10514369,Yu Xi,re_chinese_world,Chinese world,281.0,astronomer,non_europe
1254,Q4294055,Minggatu,re_chinese_world,Chinese world,1692.0,astronomer | mathematician,non_europe
1255,Q9452128,Chenweng Liu,re_chinese_world,Chinese world,1232.0,historian,non_europe
1256,Q594971,Yuan Hong,re_chinese_world,Chinese world,328.0,historian,non_europe
1257,Q323439,Tsongkhapa Lobzang Drakpa,re_chinese_world,Chinese world,1357.0,philosopher,non_europe
1258,Q177081,Ban Zhao,re_chinese_world,Chinese world,45.0,philosopher | historian,non_europe
1259,Q722288,Shao Yong,re_chinese_world,Chinese world,1012.0,philosopher | historian,non_europe
1260,Q11066587,Zhang Yanghao,re_chinese_world,Chinese world,1270.0,philosopher,non_europe
1261,Q16075563,Chen Jingyun,re_chinese_world,Chinese world,1670.0,historian,non_europe
1262,Q403757,Gan De,re_chinese_world,Chinese world,-400.0,astronomer,non_europe
1263,Q836027,Lü Liuliang,re_chinese_world,Chinese world,1629.0,philosopher,non_europe
1264,Q3369486,Huang Daozhou,re_chinese_world,Chinese world,1585.0,astronomer,non_europe
1265,Q45427495,Zheng Wenkang,re_chinese_world,Chinese world,1413.0,historian,non_europe
1266,Q985861,Wu Cheng,re_chinese_world,Chinese world,1249.0,philosopher,non_europe
1267,Q10924410,Yan Yan,re_chinese_world,Chinese world,1575.0,historian,non_europe
1268,Q11631202,Xu Fuyuan,re_chinese_world,Chinese world,1535.0,philosopher,non_europe
1269,Q2707504,Giulio Alenio,re_chinese_world,Chinese world,1582.0,astronomer | historian,non_europe
1270,Q1275708,Xue Juzheng,re_chinese_world,Chinese world,912.0,historian,non_europe
1271,Q5291163,Dominique Parrenin,re_chinese_world,Chinese world,1665.0,geographer | anatomist,non_europe
1272,Q1131375,Huan Tan,re_chinese_world,Chinese world,-39.0,philosopher,non_europe
1273,Q459865,Wang Bi,re_chinese_world,Chinese world,226.0,philosopher,non_europe
1274,Q45499308,Liang Ji,re_chinese_world,Chinese world,1518.0,historian,non_europe
1275,Q439681,Ban Gu,re_chinese_world,Chinese world,32.0,historian,non_europe
1276,Q8666,Toghon Temür,re_chinese_world,Chinese world,1320.0,astronomer,non_europe
1277,Q8050738,Ye Chunji,re_chinese_world,Chinese world,1532.0,geographer,non_europe
1278,Q7129670,Pan Pingge,re_chinese_world,Chinese world,1610.0,philosopher,non_europe
1279,Q6578208,Sun Ch'i-feng,re_chinese_world,Chinese world,1583.0,philosopher,non_europe
1280,Q11136454,Kekuan Wang,re_chinese_world,Chinese world,1301.0,historian,non_europe
1281,Q2949846,Wang Chen,re_chinese_world,Chinese world,250.0,historian,non_europe
1282,Q45461060,Tang Zhida,re_chinese_world,Chinese world,1515.0,historian,non_europe
1283,Q351345,Shang Yang,re_chinese_world,Chinese world,-389.0,philosopher,non_europe
1284,Q45468001,Wu Yan,re_chinese_world,Chinese world,1624.0,historian,non_europe
1285,Q45536040,Shang Wen,re_chinese_world,Chinese world,1236.0,historian,non_europe
1286,Q9621698,Wu Yubi,re_chinese_world,Chinese world,1391.0,philosopher,non_europe
1287,Q45668827,Liu Ruoyu,re_chinese_world,Chinese world,1584.0,historian,non_europe
1288,Q1822759,Daosheng,re_chinese_world,Chinese world,355.0,philosopher,non_europe
1289,Q76732,Johann Adam Schall von Bell,re_chinese_world,Chinese world,1592.0,astronomer | mathematician,non_europe
1290,Q16260817,Hu Tianyou,re_chinese_world,Chinese world,1696.0,astronomer,non_europe
1291,Q714270,Zhang Yanyuan,re_chinese_world,Chinese world,815.0,historian,non_europe
1292,Q700284,Li Ao,re_chinese_world,Chinese world,772.0,philosopher,non_europe
1293,Q6149510,Jan Mikołaj Smogulecki,re_chinese_world,Chinese world,1610.0,astronomer | philosopher | mathematician,non_europe
1294,Q1066734,Li Yiji,re_chinese_world,Chinese world,-267.0,philosopher,non_europe
1295,Q706832,Liu Ling,re_chinese_world,Chinese world,221.0,philosopher,non_europe
1296,Q8059993,Yu Yonghe,re_chinese_world,Chinese world,1645.0,historian,non_europe
1297,Q290825,Wang Fu,re_chinese_world,Chinese world,78.0,philosopher,non_europe
1298,Q1069914,Lu You,re_chinese_world,Chinese world,1125.0,historian,non_europe
1299,Q37733946,Liu Hong,re_chinese_world,Chinese world,129.0,astronomer,non_europe
1300,Q197649,Zheng Xuan,re_chinese_world,Chinese world,127.0,philosopher,non_europe
1301,Q465282,Liu Xiang,re_chinese_world,Chinese world,-76.0,astronomer | philosopher | historian,non_europe
1302,Q318998,Han Yu,re_chinese_world,Chinese world,768.0,philosopher | historian,non_europe
1303,Q45567964,Fu Guan,re_chinese_world,Chinese world,1443.0,astronomer | historian,non_europe
1304,Q45592248,Hu Lian,re_chinese_world,Chinese world,1327.0,historian,non_europe
1305,Q10864302,Ding Xian,re_chinese_world,Chinese world,1358.0,historian,non_europe
1306,Q45563612,Chen Guan,re_chinese_world,Chinese world,1367.0,historian,non_europe
1307,Q11632916,Gu Yingtai,re_chinese_world,Chinese world,1620.0,historian,non_europe
1308,Q45412996,Zhang Shu,re_chinese_world,Chinese world,1292.0,historian,non_europe
1309,Q1852031,Cui Hong,re_chinese_world,Chinese world,470.0,historian,non_europe
1310,Q11618050,Xun Yue,re_chinese_world,Chinese world,148.0,philosopher,non_europe
1311,Q142683,Ruan Ji,re_chinese_world,Chinese world,210.0,philosopher,non_europe
1312,Q707702,Cai Yong,re_chinese_world,Chinese world,133.0,astronomer | historian,non_europe
1313,Q2984064,Lie Yukou,re_chinese_world,Chinese world,-449.0,philosopher,non_europe
1314,Q45414461,Ma Zhongxin,re_chinese_world,Chinese world,1260.0,historian,non_europe
1315,Q45708930,Qian Jideng,re_chinese_world,Chinese world,1594.0,historian,non_europe
1316,Q15931995,Han Bangqi,re_chinese_world,Chinese world,1479.0,astronomer | historian,non_europe
1317,Q197286,Zhang Sanfeng,re_chinese_world,Chinese world,1200.0,philosopher,non_europe
1318,Q845480,Yan Ruoqu,re_chinese_world,Chinese world,1636.0,geographer | philosopher | mathematician,non_europe
1319,Q586221,Antoine Gaubil,re_chinese_world,Chinese world,1689.0,astronomer | linguist | mathematician,non_europe
1320,Q11138243,Shen Tu,re_chinese_world,Chinese world,1357.0,historian,non_europe
1321,Q17163779,Wan Yan,re_chinese_world,Chinese world,1637.0,historian,non_europe
1322,Q740373,Fan Ye,re_chinese_world,Chinese world,398.0,historian,non_europe
1323,Q31758,Han Huang,re_chinese_world,Chinese world,723.0,economist,non_europe
1324,Q61466099,Chun Chen,re_chinese_world,Chinese world,1159.0,philosopher,non_europe
1325,Q45585703,Xia Zhirong,re_chinese_world,Chinese world,1697.0,historian,non_europe
1326,Q334090,Sun Bin,re_chinese_world,Chinese world,-400.0,philosopher,non_europe
1327,Q10565611,Chen Que,re_chinese_world,Chinese world,1604.0,philosopher,non_europe
1328,Q706887,Pei Xiu,re_chinese_world,Chinese world,224.0,geographer,non_europe
1329,Q6538730,Li Daoyuan,re_chinese_world,Chinese world,401.0,geographer,non_europe
1330,Q6650143,Li Ze,re_chinese_world,Chinese world,1260.0,historian,non_europe
1331,Q716964,Li Ye,re_chinese_world,Chinese world,1192.0,mathematician,non_europe
1332,Q11176038,Shulin Huang,re_chinese_world,Chinese world,1672.0,historian,non_europe
1333,Q3088895,Joachim Bouvet,re_chinese_world,Chinese world,1656.0,geographer | mathematician,non_europe
1334,Q715480,Jing Fang,re_chinese_world,Chinese world,-77.0,musicologist | astronomer | mathematician,non_europe
1335,Q15912883,Luo Furen,re_chinese_world,Chinese world,1298.0,astronomer,non_europe
1336,Q267350,Michał Boym,re_chinese_world,Chinese world,1612.0,linguist | botanist,non_europe
1337,Q198126,Zhu Shijie,re_chinese_world,Chinese world,1249.0,mathematician,non_europe
1338,Q468890,Chen Shou,re_chinese_world,Chinese world,233.0,historian,non_europe
1339,Q2501012,Joseph-Anne-Marie de Moyriac de Mailla,re_chinese_world,Chinese world,1669.0,geographer | linguist | historian,non_europe
1340,Q45593337,Wang Da,re_chinese_world,Chinese world,1333.0,historian,non_europe
1341,Q7876210,U Kala,re_south_east_asia,South East Asia,1678.0,historian,non_europe
1342,Q5483466,Francisco Ignacio Alcina,re_south_east_asia,South East Asia,1610.0,theologian | historian,non_europe
1343,Q3814009,Manuel Godinho de Erédia,re_south_east_asia,South East Asia,1563.0,geographer,non_europe
1344,Q713224,Trần Thái Tông,re_south_east_asia,South East Asia,1218.0,philosopher,non_europe
1345,Q28503447,Gaspar de San Agustín,re_south_east_asia,South East Asia,1650.0,historian,non_europe
1346,Q380415,Anthony van Diemen,re_south_east_asia,South East Asia,1593.0,economist,non_europe
1347,Q18511413,Pablo Clain,re_south_east_asia,South East Asia,1652.0,botanist | astronomer | philosopher | linguist,non_europe
1348,Q3262434,Louis Laneau,re_south_east_asia,South East Asia,1637.0,theologian,non_europe
1349,Q961926,Pieter Dirkszoon Keyser,re_south_east_asia,South East Asia,1540.0,geographer | astronomer,non_europe
1350,Q972307,Willem ten Rhijne,re_south_east_asia,South East Asia,1647.0,botanist,non_europe
1351,Q6951228,Mạc Đĩnh Chi,re_south_east_asia,South East Asia,1272.0,philosopher,non_europe
1352,Q5315885,Duong Van An,re_south_east_asia,South East Asia,1514.0,historian,non_europe
1353,Q60215,Bernhardus Varenius,re_south_east_asia,South East Asia,1622.0,geographer,non_europe
1354,Q1673469,Isaac de l'Ostal de Saint-Martin,re_south_east_asia,South East Asia,1629.0,botanist,non_europe
1355,Q77821,Andreas Cleyer,re_south_east_asia,South East Asia,1634.0,botanist,non_europe
1356,Q1155893,Chu Văn An,re_south_east_asia,South East Asia,1292.0,philosopher,non_europe
1357,Q1111882,Le Van Huu,re_south_east_asia,South East Asia,1230.0,historian,non_europe
1358,Q3707182,Diego Aduarte,re_south_east_asia,South East Asia,1570.0,historian,non_europe
1359,Q3210967,Phan Phu Tiên,re_south_east_asia,South East Asia,1370.0,historian,non_europe
1360,Q557726,Chu Suiliang,re_south_east_asia,South East Asia,597.0,historian,non_europe
1361,Q3210944,Vũ Quỳnh,re_south_east_asia,South East Asia,1452.0,historian,non_europe
1362,Q7159521,Pedro Chirino,re_south_east_asia,South East Asia,1557.0,historian,non_europe
1363,Q3210938,Phạm Công Trứ,re_south_east_asia,South East Asia,1600.0,historian,non_europe
1364,Q2676510,Johannes Klencke,re_south_east_asia,South East Asia,1618.0,philosopher,non_europe
1365,Q726381,Jacobus Bontius,re_south_east_asia,South East Asia,1592.0,anatomist,non_europe
1366,Q552049,Georg Joseph Kamel,re_south_east_asia,South East Asia,1661.0,botanist | zoologist,non_europe
1367,Q1347181,Nguyen Trai,re_south_east_asia,South East Asia,1380.0,philosopher,non_europe
1368,Q716585,Ngô Sĩ Liên,re_south_east_asia,South East Asia,1400.0,historian,non_europe
1369,Q96711604,Jean Richaud,re_indian_world,Indian world,1633.0,astronomer,non_europe
1370,Q1413989,Filippo Sassetti,re_indian_world,Indian world,1540.0,linguist,non_europe
1371,Q320619,Abhinavagupta,re_indian_world,Indian world,950.0,philosopher,non_europe
1372,Q320142,Śāriputra,re_indian_world,Indian world,-567.0,philosopher,non_europe
1373,Q2733487,Ali Hujwiri,re_indian_world,Indian world,1009.0,theologian,non_europe
1374,Q3964661,Somananda,re_indian_world,Indian world,875.0,philosopher,non_europe
1375,Q27263305,Muḥammad ibn Abī Bakr Damāmīnī,re_indian_world,Indian world,1362.0,linguist,non_europe
1376,Q316343,Vasubandhu,re_indian_world,Indian world,300.0,philosopher,non_europe
1377,Q774847,Kumārila Bhaṭṭa,re_indian_world,Indian world,700.0,linguist | philosopher,non_europe
1378,Q2723463,Hemachandra,re_indian_world,Indian world,1089.0,philosopher | historian | mathematician,non_europe
1379,Q6406918,Taleb Amoli,re_indian_world,Indian world,1585.0,mathematician,non_europe
1380,Q202943,Brahmagupta,re_indian_world,Indian world,590.0,astronomer | mathematician,non_europe
1381,Q334752,Abu'l-Fazl ibn Mubarak,re_indian_world,Indian world,1551.0,historian,non_europe
1382,Q4860674,Bari Imam,re_indian_world,Indian world,1617.0,theologian,non_europe
1383,Q11359,Aryabhata,re_indian_world,Indian world,476.0,astronomer | mathematician,non_europe
1384,Q4112614,Visvanatha Chakravarti,re_indian_world,Indian world,1626.0,theologian,non_europe
1385,Q6785680,Masum Shah,re_indian_world,Indian world,1538.0,historian,non_europe
1386,Q3080648,Mirza Muhammad Haidar Dughlat,re_indian_world,Indian world,1499.0,historian,non_europe
1387,Q665235,Gaspar Correia,re_indian_world,Indian world,1496.0,historian,non_europe
1388,Q2484904,Utpaladeva,re_indian_world,Indian world,900.0,philosopher,non_europe
1389,Q31829842,Hazrat Shah Makhdum,re_indian_world,Indian world,1216.0,theologian,non_europe
1390,Q335247,Buddhaghosa,re_indian_world,Indian world,401.0,philosopher,non_europe
1391,Q774062,Philippe Couplet,re_indian_world,Indian world,1623.0,historian,non_europe
1392,Q2672093,Ramananda,re_indian_world,Indian world,1400.0,philosopher,non_europe
1393,Q1137118,Diogo do Couto,re_indian_world,Indian world,1542.0,historian,non_europe
1394,Q5313951,Dumont de Montigny,re_indian_world,Indian world,1696.0,historian,non_europe
1395,Q312976,Tulsidas,re_indian_world,Indian world,1532.0,philosopher,non_europe
1396,Q2478699,Sanatana Goswami,re_indian_world,Indian world,1488.0,theologian,non_europe
1397,Q20397982,Qutb ad-Din an-Nahrawali,re_indian_world,Indian world,1511.0,historian,non_europe
1398,Q207817,Amir Khosrow,re_indian_world,Indian world,1253.0,philosopher,non_europe
1399,Q892489,Francesco della Penna,re_indian_world,Indian world,1680.0,linguist,non_europe
1400,Q3351571,Bulleh Shah,re_indian_world,Indian world,1680.0,philosopher,non_europe
1401,Q560066,Roberto de Nobili,re_indian_world,Indian world,1577.0,linguist,non_europe
1402,Q3633981,Dadu Dayal,re_indian_world,Indian world,1544.0,philosopher,non_europe
1403,Q3160832,Guru Jambheshwar,re_indian_world,Indian world,1451.0,philosopher,non_europe
1404,Q231680,Patanjali,re_indian_world,Indian world,-199.0,linguist | philosopher | mathematician,non_europe
1405,Q2269861,Mahāvīra,re_indian_world,Indian world,900.0,mathematician,non_europe
1406,Q3200157,Kshemaraja,re_indian_world,Indian world,975.0,philosopher,non_europe
1407,Q3525596,Thomas Stephens,re_indian_world,Indian world,1549.0,linguist,non_europe
1408,Q2977486,Muhammad Khwandamir,re_indian_world,Indian world,1475.0,historian,non_europe
1409,Q2493613,Ahmad Sirhindi,re_indian_world,Indian world,1564.0,theologian,non_europe
1410,Q4832251,Azar Kayvan,re_indian_world,Indian world,1501.0,philosopher,non_europe
1411,Q379905,Asanga,re_indian_world,Indian world,300.0,philosopher,non_europe
1412,Q824771,Bernhard Bischopinck,re_indian_world,Indian world,1692.0,theologian,non_europe
1413,Q6739386,Makhdoom Muhammad Hashim Thattvi,re_indian_world,Indian world,1692.0,theologian,non_europe
1414,Q534142,Anthony de Montserrat,re_indian_world,Indian world,1536.0,geographer,non_europe
1415,Q312551,Kabir,re_indian_world,Indian world,1440.0,philosopher,non_europe
1416,Q189725,Panini,re_indian_world,Indian world,-500.0,linguist,non_europe
1417,Q1557587,Guy Tachard,re_indian_world,Indian world,1648.0,mathematician,non_europe
1418,Q312967,Guru Gobind Singh,re_indian_world,Indian world,1666.0,philosopher,non_europe
1419,Q7487700,Shams ud Daula Shah Nawaz Khan,re_indian_world,Indian world,1700.0,historian,non_europe
1420,Q16209128,Makhdoom Bilawal,re_indian_world,Indian world,1451.0,philosopher,non_europe
1421,Q1029392,Claude de Visdelou,re_indian_world,Indian world,1656.0,mathematician,non_europe
1422,Q1493994,Garcia de Orta,re_indian_world,Indian world,1501.0,botanist,non_europe
1423,Q26223000,Makhdoom Sharfuddin Ahmed Yahya Maneri,re_indian_world,Indian world,1263.0,philosopher,non_europe
1424,Q9045,Chanakya,re_indian_world,Indian world,-374.0,philosopher | economist,non_europe
1425,Q4387084,Raghunatha Siromani,re_indian_world,Indian world,1477.0,philosopher,non_europe
1426,Q858348,Varāhamihira,re_indian_world,Indian world,505.0,astronomer | mathematician,non_europe
1427,Q2066944,Svātmārāma,re_indian_world,Indian world,1400.0,philosopher,non_europe
1428,Q2785614,Albert d'Orville,re_indian_world,Indian world,1621.0,geographer,non_europe
1429,Q1344635,Niccolao Manucci,re_indian_world,Indian world,1639.0,historian,non_europe
1430,Q3629943,`Abd al-Qadir Bada'uni,re_indian_world,Indian world,1540.0,linguist | historian,non_europe
1431,Q2511208,Vasugupta,re_indian_world,Indian world,860.0,philosopher,non_europe
1432,Q15131538,Maheśvarānanda,re_indian_world,Indian world,1201.0,philosopher,non_europe
1433,Q2639769,Shri Guru Ravidass,re_indian_world,Indian world,1450.0,philosopher,non_europe
1434,Q140584,Muhammad Aufi,re_indian_world,Indian world,1171.0,historian,non_europe
1435,Q553722,Śāntarakṣita,re_indian_world,Indian world,725.0,philosopher,non_europe
1436,Q9422,Mahavira,re_indian_world,Indian world,-539.0,philosopher,non_europe
1437,Q2041521,Gulbadan Begum,re_indian_world,Indian world,1523.0,historian,non_europe
1438,Q6934061,Mulla Mahmud Jaunpuri,re_indian_world,Indian world,1585.0,astronomer | philosopher,non_europe
1439,Q2551244,Anandavardhana,re_indian_world,Indian world,820.0,philosopher,non_europe
1440,Q115590,Madhava of Sangamagrama,re_indian_world,Indian world,1350.0,astronomer | mathematician,non_europe
1441,Q2357643,Brahmadeva,re_indian_world,Indian world,1060.0,astronomer | mathematician,non_europe
1442,Q2548030,Nilakantha Somayaji,re_indian_world,Indian world,1444.0,astronomer | mathematician,non_europe
1443,Q3524867,Bhadrabahu,re_indian_world,Indian world,-366.0,philosopher,non_europe
1444,Q3595804,Achyutananda Dasa,re_indian_world,Indian world,1510.0,philosopher,non_europe
1445,Q3595700,Vararuchi,re_indian_world,Indian world,-250.0,linguist | mathematician,non_europe
1446,Q153187,Ajita Kesakambali,re_indian_world,Indian world,-500.0,philosopher,non_europe
1447,Q335371,Madhvacharya,re_indian_world,Indian world,1238.0,philosopher,non_europe
1448,Q94172306,Narayanacharya,re_indian_world,Indian world,1600.0,philosopher,non_europe
1449,Q66428184,Satyanidhi Tirtha,re_indian_world,Indian world,1580.0,philosopher,non_europe
1450,Q4387083,Raghunatha Bhatta Goswami,re_indian_world,Indian world,1505.0,theologian,non_europe
1451,Q2350157,Purandara Dasa,re_indian_world,Indian world,1484.0,philosopher,non_europe
1452,Q1033695,Dnyaneshwar,re_indian_world,Indian world,1275.0,philosopher,non_europe
1453,Q45740313,Shridhar Swami Nazarekar,re_indian_world,Indian world,1658.0,philosopher,non_europe
1454,Q6936683,Munishvara,re_indian_world,Indian world,1650.0,mathematician,non_europe
1455,Q66183627,Satyanatha Tirtha,re_indian_world,Indian world,1648.0,philosopher,non_europe
1456,Q13111845,Govinda Bhattathiri,re_indian_world,Indian world,1237.0,astronomer,non_europe
1457,Q2075639,Yamunacharya,re_indian_world,Indian world,950.0,philosopher,non_europe
1458,Q3595755,Jyeṣṭhadeva,re_indian_world,Indian world,1500.0,astronomer | mathematician,non_europe
1459,Q891045,Parameshvara,re_indian_world,Indian world,1370.0,astronomer | mathematician,non_europe
1460,Q6150791,Janardanswamy,re_indian_world,Indian world,1504.0,philosopher,non_europe
1461,Q2655917,Jiva Goswami,re_indian_world,Indian world,1511.0,linguist,non_europe
1462,Q171195,Nāgārjuna,re_indian_world,Indian world,150.0,philosopher,non_europe
1463,Q558272,Dignāga,re_indian_world,Indian world,480.0,philosopher,non_europe
1464,Q1741798,Ramanuja,re_indian_world,Indian world,1017.0,theologian | philosopher,non_europe
1465,Q3530291,Vedanta Desika,re_indian_world,Indian world,1269.0,philosopher,non_europe
1466,Q2343604,Vallabha,re_indian_world,Indian world,1479.0,philosopher,non_europe
1467,Q2989506,Rupa Goswami,re_indian_world,Indian world,1489.0,philosopher,non_europe
1468,Q5657354,Haridatta,re_indian_world,Indian world,700.0,astronomer | mathematician,non_europe
1469,Q527384,Pingala,re_indian_world,Indian world,-149.0,linguist | mathematician,non_europe
1470,Q7919473,Vemana,re_indian_world,Indian world,1652.0,philosopher,non_europe
1471,Q3537994,Raghavendra Tirtha,re_indian_world,Indian world,1595.0,philosopher,non_europe
1472,Q7194114,Pillai Lokacharya,re_indian_world,Indian world,1205.0,philosopher,non_europe
1473,Q6360377,Kanaka Dasa,re_indian_world,Indian world,1509.0,philosopher,non_europe
1474,Q558275,the one eyed,re_indian_world,Indian world,200.0,philosopher,non_europe
1475,Q93267410,Raghunatha Tirtha,re_indian_world,Indian world,1405.0,philosopher,non_europe
1476,Q1423663,Yajnavalkya,re_indian_world,Indian world,-800.0,astronomer | philosopher,non_europe
1477,Q4143328,Gopala Bhatta Goswami,re_indian_world,Indian world,1503.0,theologian,non_europe
1478,Q180967,Adi Shankara,re_indian_world,Indian world,788.0,philosopher,non_europe
1479,Q2349261,Fernão Vaz Dourado,re_indian_world,Indian world,1520.0,geographer,non_europe
1480,Q16155497,Zainuddin Makhdoom II,re_indian_world,Indian world,1531.0,historian,non_europe
1481,Q771686,Basava,re_indian_world,Indian world,1134.0,philosopher,non_europe
1482,Q48730567,Akshobhya Tirtha,re_indian_world,Indian world,1282.0,theologian | philosopher,non_europe
1483,Q445460,Shantideva,re_indian_world,Indian world,685.0,philosopher,non_europe
1484,Q64031619,Raghuttama Tirtha,re_indian_world,Indian world,1548.0,philosopher,non_europe
1485,Q6167696,Jayatirtha,re_indian_world,Indian world,1345.0,philosopher,non_europe
1486,Q15725063,Jasobanta Dasa,re_indian_world,Indian world,1487.0,philosopher,non_europe
1487,Q6479873,Lakshmi Kumara Thathachariar,re_indian_world,Indian world,1572.0,philosopher,non_europe
1488,Q5589914,Govindasvāmi,re_indian_world,Indian world,800.0,astronomer | mathematician,non_europe
1489,Q213385,Bhāskara II,re_indian_world,Indian world,1114.0,astronomer | mathematician,non_europe
1490,Q6747104,Manavala Mamunigal,re_indian_world,Indian world,1370.0,philosopher,non_europe
1491,Q66449255,Satyabhinava Tirtha,re_indian_world,Indian world,1673.0,philosopher,non_europe
1492,Q456963,candra ki+rti,re_indian_world,Indian world,600.0,philosopher,non_europe
1493,Q993504,Yāska,re_indian_world,Indian world,-500.0,linguist,non_europe
1494,Q15724123,Jagannatha Dasa,re_indian_world,Indian world,1491.0,philosopher,non_europe
1495,Q2046090,Melpathur Narayana Bhattathiri,re_indian_world,Indian world,1560.0,astronomer | linguist | mathematician,non_europe
1496,Q625580,Yun Doo-su,re_korea,Korea,1533.0,philosopher,non_europe
1497,Q379655,Heo Mok,re_korea,Korea,1595.0,philosopher,non_europe
1498,Q7451459,Seo Gyeong-deok,re_korea,Korea,1489.0,philosopher,non_europe
1499,Q487042,Choe Chiwon,re_korea,Korea,857.0,philosopher,non_europe
1500,Q494615,Jang Yeong-sil,re_korea,Korea,1400.0,astronomer,non_europe
1501,Q623637,Choi Myung-kil,re_korea,Korea,1586.0,philosopher,non_europe
1502,Q6450511,Kwon Geun,re_korea,Korea,1352.0,philosopher,non_europe
1503,Q497595,Lee Lyang,re_korea,Korea,1519.0,philosopher,non_europe
1504,Q484795,Hong Yun-sung,re_korea,Korea,1425.0,philosopher,non_europe
1505,Q493702,Seongjong,re_korea,Korea,960.0,philosopher,non_europe
1506,Q485009,Yeongjo of Joseon,re_korea,Korea,1694.0,geographer,non_europe
1507,Q16181658,Jo Mun-myeong,re_korea,Korea,1680.0,philosopher,non_europe
1508,Q5895710,Hong Woo-won,re_korea,Korea,1605.0,philosopher,non_europe
1509,Q624010,Chung In-hong,re_korea,Korea,1535.0,philosopher,non_europe
1510,Q469423,Jeong Mong-ju,re_korea,Korea,1337.0,philosopher,non_europe
1511,Q486364,Kwon Sang-ha,re_korea,Korea,1641.0,philosopher,non_europe
1512,Q12587609,Kim Sang-heon,re_korea,Korea,1570.0,philosopher,non_europe
1513,Q497108,Lim Sa-hong,re_korea,Korea,1445.0,philosopher,non_europe
1514,Q484286,Il-yeon,re_korea,Korea,1206.0,historian,non_europe
1515,Q705838,Choe Bu,re_korea,Korea,1454.0,historian,non_europe
1516,Q483181,Crown Prince Sohyeon,re_korea,Korea,1612.0,philosopher,non_europe
1517,Q12612765,Yi Chung-hwan,re_korea,Korea,1690.0,philosopher,non_europe
1518,Q704894,Jinul,re_korea,Korea,1158.0,philosopher,non_europe
1519,Q486298,Han Myeong-hoe,re_korea,Korea,1415.0,philosopher,non_europe
1520,Q486283,Jo Gwang-jo,re_korea,Korea,1482.0,philosopher,non_europe
1521,Q486278,Kim Jong-jik,re_korea,Korea,1431.0,philosopher,non_europe
1522,Q12612363,Yi Yi-myeong,re_korea,Korea,1658.0,philosopher,non_europe
1523,Q12619596,Choe Seok-jeong,re_korea,Korea,1646.0,mathematician,non_europe
1524,Q12602156,Seong Hyeon,re_korea,Korea,1439.0,musicologist,non_europe
1525,Q492443,Jang Hyungwang,re_korea,Korea,1554.0,philosopher,non_europe
1526,Q624894,Yi Eonjeok,re_korea,Korea,1491.0,philosopher,non_europe
1527,Q496942,Kim Hyo-won,re_korea,Korea,1532.0,philosopher,non_europe
1528,Q485131,Queen Seondeok of Silla,re_korea,Korea,606.0,astronomer,non_europe
1529,Q464510,Hwang Jini,re_korea,Korea,1506.0,philosopher,non_europe
1530,Q497077,Kim Jip,re_korea,Korea,1574.0,philosopher,non_europe
1531,Q497164,Song Ikp'il,re_korea,Korea,1534.0,philosopher,non_europe
1532,Q486266,Yun Won-hyung,re_korea,Korea,1509.0,philosopher,non_europe
1533,Q380577,Yun Hyu,re_korea,Korea,1617.0,philosopher,non_europe
1534,Q496753,Ha Ryun,re_korea,Korea,1347.0,philosopher,non_europe
1535,Q497120,Yi Je-hyun,re_korea,Korea,1287.0,philosopher,non_europe
1536,Q486384,Yun Jeung,re_korea,Korea,1629.0,philosopher,non_europe
1537,Q625193,Yun Geun-su,re_korea,Korea,1537.0,philosopher,non_europe
1538,Q495259,Yi Ik,re_korea,Korea,1681.0,philosopher,non_europe
1539,Q484883,Heo Jeok,re_korea,Korea,1610.0,philosopher,non_europe
1540,Q12587864,Kim Su-hang,re_korea,Korea,1629.0,philosopher,non_europe
1541,Q469396,Jeong Do-jeon,re_korea,Korea,1342.0,philosopher,non_europe
1542,Q486251,Yangnyeong,re_korea,Korea,1394.0,philosopher,non_europe
1543,Q626748,Jeong Chang-son,re_korea,Korea,1402.0,philosopher,non_europe
1544,Q8053468,Yi Saek,re_korea,Korea,1328.0,philosopher,non_europe
1545,Q495636,Kim Bu-sik,re_korea,Korea,1075.0,historian,non_europe
1546,Q7451572,Seong Hui-ahn,re_korea,Korea,1461.0,philosopher,non_europe
1547,Q483026,Kwon Ram,re_korea,Korea,1416.0,philosopher,non_europe
1548,Q495964,An Hyang,re_korea,Korea,1243.0,philosopher,non_europe
1549,Q486311,Yi Su-hyung,re_korea,Korea,1435.0,philosopher,non_europe
1550,Q98742917,Yuk Yi,re_korea,Korea,1438.0,philosopher,non_europe
1551,Q3565525,Im Gyeong-eop,re_korea,Korea,1594.0,philosopher,non_europe
1552,Q709450,Jeong Gu,re_korea,Korea,1543.0,philosopher,non_europe
1553,Q487191,Yu Seong-ryong,re_korea,Korea,1542.0,historian,non_europe
1554,Q841216,Hyujeong,re_korea,Korea,1520.0,philosopher,non_europe
1555,Q287222,Yu Gam-dong,re_korea,Korea,1401.0,philosopher,non_europe
1556,Q379653,Yi I,re_korea,Korea,1536.0,philosopher,non_europe
1557,Q491778,Jeong Nan-jeong,re_korea,Korea,1506.0,philosopher,non_europe
1558,Q7125373,Pak Paengnyeon,re_korea,Korea,1417.0,linguist,non_europe
1559,Q470122,Shin Suk-ju,re_korea,Korea,1417.0,philosopher,non_europe
1560,Q11287139,Hong Dal-son,re_korea,Korea,1415.0,philosopher,non_europe
1561,Q623973,Choe Sejin,re_korea,Korea,1473.0,linguist,non_europe
1562,Q37682,Sejong the Great,re_korea,Korea,1397.0,linguist,non_europe
1563,Q5103799,Choe Chung,re_korea,Korea,984.0,philosopher,non_europe
1564,Q483255,Prince Hyoryeong,re_korea,Korea,1396.0,philosopher,non_europe
1565,Q6408542,Kim Dam,re_korea,Korea,1416.0,astronomer,non_europe
1566,Q497137,Kim Seok-ju,re_korea,Korea,1634.0,philosopher,non_europe
1567,Q497127,Kim Jang-saeng,re_korea,Korea,1548.0,philosopher,non_europe
1568,Q16181541,prince HwaYi,re_korea,Korea,1425.0,linguist,non_europe
1569,Q483908,Gil Jae,re_korea,Korea,1353.0,philosopher,non_europe
1570,Q11095247,Yi Ji-bang,re_korea,Korea,1466.0,geographer,non_europe
1571,Q705336,Sim Ui-gyeom,re_korea,Korea,1535.0,philosopher,non_europe
1572,Q490448,Seol Chong,re_korea,Korea,655.0,philosopher,non_europe
1573,Q12610537,Yun Hoe,re_korea,Korea,1380.0,linguist,non_europe
1574,Q625715,Moon Ik-chum,re_korea,Korea,1329.0,philosopher,non_europe
1575,Q491828,Sin Yong-gae,re_korea,Korea,1463.0,philosopher,non_europe
1576,Q485278,Ryu Sun-jeong,re_korea,Korea,1459.0,philosopher,non_europe
1577,Q497092,Song Jun-gil,re_korea,Korea,1606.0,philosopher,non_europe
1578,Q486558,Lee San-hae,re_korea,Korea,1539.0,philosopher,non_europe
1579,Q5360433,Jeong Hyun-jo,re_korea,Korea,1440.0,philosopher,non_europe
1580,Q498626,Nam Gon,re_korea,Korea,1471.0,philosopher,non_europe
1581,Q3055709,Uhwudong,re_korea,Korea,1430.0,philosopher,non_europe
1582,Q496891,Seong Hon,re_korea,Korea,1535.0,philosopher,non_europe
1583,Q22974749,Yi Jun-gyeong,re_korea,Korea,1499.0,philosopher,non_europe
1584,Q486291,Yi Hwang,re_korea,Korea,1501.0,philosopher,non_europe
1585,Q483049,Uisang,re_korea,Korea,625.0,philosopher,non_europe
1586,Q12606285,Yang Sŏng-ji,re_korea,Korea,1415.0,historian,non_europe
1587,Q486257,Cho Shik,re_korea,Korea,1501.0,philosopher,non_europe
1588,Q709174,Ahn Bang-jun,re_korea,Korea,1573.0,philosopher,non_europe
1589,Q484792,Han Hwak,re_korea,Korea,1400.0,philosopher,non_europe
1590,Q12612017,Lee Yeo-bin,re_korea,Korea,1556.0,philosopher,non_europe
1591,Q379647,Song Si-yeol,re_korea,Korea,1607.0,philosopher,non_europe
1592,Q16172046,Ki Ja-heon,re_korea,Korea,1562.0,philosopher,non_europe
1593,Q16174098,Seong Un,re_korea,Korea,1497.0,philosopher,non_europe
1594,Q497153,Yi Gwang-sik,re_korea,Korea,1493.0,historian,non_europe
1595,Q8053448,Yi Gae,re_korea,Korea,1417.0,linguist,non_europe
1596,Q624466,Uicheon,re_korea,Korea,1055.0,philosopher,non_europe
1597,Q1237726,Dominicus Gundissalinus,re_arabic_world,Arabic world,1115.0,linguist | philosopher,non_europe
1598,Q7413013,Samuel ibn Seneh Zarza,re_arabic_world,Arabic world,1360.0,philosopher,non_europe
1599,Q87474494,Mustafa ibn Fathallah al-Hamawi,re_arabic_world,Arabic world,1634.0,historian,non_europe
1600,Q4664590,Abd al-Rahman al-Tamanarti,re_arabic_world,Arabic world,1585.0,historian,non_europe
1601,Q67657447,Hamzah ibn ʻAbd Allah Nashiri,re_arabic_world,Arabic world,1430.0,botanist | historian,non_europe
1602,Q202308,Evliya Çelebi,re_arabic_world,Arabic world,1611.0,historian,non_europe
1603,Q12252068,Yusuf al-Maghribi,re_arabic_world,Arabic world,1550.0,linguist,non_europe
1604,Q2745413,Al-Hadi ila'l-Haqq Yahya,re_arabic_world,Arabic world,859.0,theologian,non_europe
1605,Q6533520,ʻAbd al-Raḥmān ibn ʻAlī Ibn al-Daybaʻ,re_arabic_world,Arabic world,1461.0,historian,non_europe
1606,Q3594807,Muhammad al-Munawi,re_arabic_world,Arabic world,1545.0,historian,non_europe
1607,Q68167891,Badr al-Din al-Husayn ibn al-Siddiq Ahdal,re_arabic_world,Arabic world,1402.0,historian,non_europe
1608,Q12230387,Fakhr al-Dīn Ṭurayḥī,re_arabic_world,Arabic world,1571.0,linguist,non_europe
1609,Q6813266,Abd as-Salam al-Qadiri,re_arabic_world,Arabic world,1648.0,linguist | historian,non_europe
1610,Q3460419,Saadia Azankot,re_arabic_world,Arabic world,1629.0,linguist,non_europe
1611,Q105338234,Madyan Qusuni,re_arabic_world,Arabic world,1562.0,historian,non_europe
1612,Q12240239,Muhammad al-Muhibbi,re_arabic_world,Arabic world,1651.0,historian,non_europe
1613,Q3622231,Müneccimbaşı Ahmed Dede,re_arabic_world,Arabic world,1631.0,astronomer | historian,non_europe
1614,Q105277177,Aḥmad Ibn-ʿAlī al-Manīnī,re_arabic_world,Arabic world,1678.0,historian,non_europe
1615,Q16123878,Al-Ashraf Umar II,re_arabic_world,Arabic world,1242.0,astronomer,non_europe
1616,Q4116828,Abd al-Qadir al-Fasi,re_arabic_world,Arabic world,1599.0,theologian,non_europe
1617,Q110905270,Sidi Amar Cherif,re_arabic_world,Arabic world,1700.0,theologian,non_europe
1618,Q110166188,Ismāʿīl ibn Saʿd Khashshāb,re_arabic_world,Arabic world,1700.0,historian,non_europe
1619,Q16654725,Ibrahim ibn Muhammad ibn Abd al-Wahhab,re_arabic_world,Arabic world,1650.0,theologian,non_europe
1620,Q439374,Wahb ibn Munabbih,re_arabic_world,Arabic world,655.0,historian,non_europe
1621,Q2821427,Abdul Wahid Ibn Ashir,re_arabic_world,Arabic world,1582.0,theologian,non_europe
1622,Q6893433,Mohammed al-Mahdi al-Fasi,re_arabic_world,Arabic world,1624.0,historian,non_europe
1623,Q19715067,Ibn Abi-r-Rijal,re_arabic_world,Arabic world,1620.0,theologian,non_europe
1624,Q293551,Ahmed Mohammed al-Maqqari,re_arabic_world,Arabic world,1578.0,historian,non_europe
1625,Q3503419,Sulaiman Al Mahri,re_arabic_world,Arabic world,1480.0,geographer,non_europe
1626,Q5791819,Cristobal Lechuga,re_arabic_world,Arabic world,1557.0,mathematician,non_europe
1627,Q6534150,Ibn al-Imad al-Hanbali,re_arabic_world,Arabic world,1623.0,historian,non_europe
1628,Q4695346,Ahmad Ibn al-Qadi,re_arabic_world,Arabic world,1552.0,historian | mathematician,non_europe
1629,Q4664587,Abd al-Rahman al-Fasi,re_arabic_world,Arabic world,1631.0,astronomer | historian,non_europe
1630,Q28936372,Sharaf al-Din Ansari,re_arabic_world,Arabic world,1620.0,historian,non_europe
1631,Q1963394,Najm al-Din al-Gazzi,re_arabic_world,Arabic world,1570.0,historian,non_europe
1632,Q970628,Abū Muhammad al-Hasan al-Hamdānī,re_arabic_world,Arabic world,893.0,geographer | astronomer | physicist | chemist,non_europe
1633,Q6893491,Mohammed ibn Qasim ibn Zakur,re_arabic_world,Arabic world,1664.0,historian,non_europe
1634,Q12178566,Ahmad Damanhuri,re_arabic_world,Arabic world,1689.0,linguist | chemist,non_europe
1635,Q6893439,Mohammed al-Rudani,re_arabic_world,Arabic world,1628.0,astronomer,non_europe
1636,Q58977026,Al-ʿIsāmī,re_arabic_world,Arabic world,1639.0,historian,non_europe
1637,Q2010955,Mulla Sadra,re_arabic_world,Arabic world,1571.0,philosopher,non_europe
1638,Q3108470,Mohammed al-Ifrani,re_arabic_world,Arabic world,1670.0,historian,non_europe
1639,Q12239694,Muhammad al-Kharashi,re_arabic_world,Arabic world,1601.0,theologian,non_europe
1640,Q21099034,Ibn Balban al-Hanbali,re_arabic_world,Arabic world,1597.0,theologian,non_europe
1641,Q12198098,ʻAlī Ḥasan ʻAlī ʻAbd al-Ḥamīd,re_arabic_world,Arabic world,1567.0,historian,non_europe
1642,Q1673452,Isaac Uziel,re_arabic_world,Arabic world,1600.0,linguist,non_europe
1643,Q29360046,Ibn Kinan,re_arabic_world,Arabic world,1663.0,historian,non_europe
1644,Q56506397,Ali ibn Muhammad ibn al-Walid,re_arabic_world,Arabic world,1128.0,philosopher,non_europe
1645,Q426371,Ḥasan Ibn-Muḥammad al-Būrīnī,re_arabic_world,Arabic world,1556.0,historian,non_europe
1646,Q6893500,Mohammed ibn al-Tayyib,re_arabic_world,Arabic world,1698.0,musicologist | linguist,non_europe
1647,Q94025057,Muhammad Ibn Muhammad Al-Fulani Al-Kishwani,re_arabic_world,Arabic world,1699.0,astronomer | mathematician,non_europe
1648,Q4115262,Fairuzabadi,re_arabic_world,Arabic world,1329.0,linguist,non_europe
1649,Q42279499,Abdullah ibn Husayn al-Suwaydi,re_arabic_world,Arabic world,1692.0,linguist,non_europe
1650,Q10324829,Maqqari,re_arabic_world,Arabic world,1591.0,historian,non_europe
1651,Q6532754,Ibn Abi Al-Soroor al-Bakri,re_arabic_world,Arabic world,1588.0,historian,non_europe
1652,Q3646767,Mustafa Âlî,re_arabic_world,Arabic world,1541.0,historian,non_europe
1653,Q3785847,Hisham ibn Urwah,re_arabic_world,Arabic world,680.0,theologian,non_europe
1654,Q51884,John of Damascus,re_arabic_world,Arabic world,675.0,theologian | astronomer | philosopher,non_europe
1655,Q958986,Ishtori Haparchi,re_arabic_world,Arabic world,1280.0,geographer,non_europe
1656,Q2804843,'Abdu Llâh Ibn Muhammad Al Ma'âfirî,re_arabic_world,Arabic world,1050.0,theologian,non_europe
1657,Q337029,Abu al-Aswad al-Du'ali,re_arabic_world,Arabic world,603.0,linguist,non_europe
1658,Q2916804,Mujir al-Din,re_arabic_world,Arabic world,1456.0,historian,non_europe
1659,Q4267,Adémar de Chabannes,re_arabic_world,Arabic world,988.0,historian,non_europe
1660,Q4165518,Khalid ibn Yazid,re_arabic_world,Arabic world,655.0,chemist,non_europe
1661,Q12218718,Shuraih Al-Qadhi,re_arabic_world,Arabic world,593.0,historian,non_europe
1662,Q12183510,Sulaimān Ibn-Mihrān Al-A’mash,re_arabic_world,Arabic world,680.0,theologian,non_europe
1663,Q112128,Husayn ibn Ali,re_arabic_world,Arabic world,626.0,theologian,non_europe
1664,Q6957308,Ibrahim al-Nakhai,re_arabic_world,Arabic world,670.0,theologian,non_europe
1665,Q56250455,Ahmad Ibn-Muhammad Ibn-al-Haʾim,re_arabic_world,Arabic world,1352.0,mathematician,non_europe
1666,Q2275364,Severus Sebokht,re_arabic_world,Arabic world,575.0,astronomer | philosopher,non_europe
1667,Q4116087,Ka'ab al-Ahbar,re_arabic_world,Arabic world,600.0,theologian,non_europe
1668,Q4670027,Abu 'Amr ibn al-'Ala',re_arabic_world,Arabic world,689.0,linguist,non_europe
1669,Q12222362,Amir al-Sha'bi,re_arabic_world,Arabic world,641.0,historian,non_europe
1670,Q1567837,Ibn Abi Ishaq,re_arabic_world,Arabic world,650.0,linguist,non_europe
1671,Q1881341,Sinan ibn Thabit,re_arabic_world,Arabic world,880.0,astronomer | mathematician,non_europe
1672,Q11944385,Radegunda de Treviño,re_arabic_world,Arabic world,1119.0,philosopher,non_europe
1673,Q1655912,Aḥmad Ibn-ʿAlī Ibn-Zunbul,re_arabic_world,Arabic world,1500.0,historian,non_europe
1674,Q12202948,Taqi al-Din al-Subki,re_arabic_world,Arabic world,1284.0,theologian,non_europe
1675,Q423210,Banū Mūsā,re_arabic_world,Arabic world,900.0,astronomer | mathematician,non_europe
1676,Q12182782,Ibn Muti al-Zawawi,re_arabic_world,Arabic world,1168.0,linguist,non_europe
1677,Q503130,Hunayn ibn Ishaq,re_arabic_world,Arabic world,808.0,philosopher,non_europe
1678,Q11917497,Al-Ja'd ibn Dirham,re_arabic_world,Arabic world,700.0,theologian | philosopher,non_europe
1679,Q12227970,Ibn Yunus Nabati,re_arabic_world,Arabic world,1389.0,philosopher,non_europe
1680,Q335966,Jonah ibn Janah,re_arabic_world,Arabic world,990.0,linguist,non_europe
1681,Q335145,Ibn al-Baitar,re_arabic_world,Arabic world,1197.0,botanist | pharmacologist,non_europe
1682,Q12198436,Bischr ibn al-Muʿtamir,re_arabic_world,Arabic world,800.0,theologian,non_europe
1683,Q4703386,Al-Zuhri,re_arabic_world,Arabic world,1130.0,geographer,non_europe
1684,Q21208389,Ibn al-A'lam,re_arabic_world,Arabic world,901.0,astronomer,non_europe
1685,Q510650,Hilal al-Sabi',re_arabic_world,Arabic world,969.0,historian,non_europe
1686,Q19288802,Ibn al-Samh,re_arabic_world,Arabic world,979.0,astronomer | mathematician,non_europe
1687,Q5984319,Ibn al-Wardi,re_arabic_world,Arabic world,1290.0,botanist | zoologist | historian | geographer,non_europe
1688,Q508501,Ibn Idhari,re_arabic_world,Arabic world,1300.0,historian,non_europe
1689,Q1959585,Ibn al-Tiqtaqa,re_arabic_world,Arabic world,1262.0,linguist | historian,non_europe
1690,Q4115511,Abu al-Hassan al-Amiri,re_arabic_world,Arabic world,913.0,philosopher,non_europe
1691,Q451427,Usama ibn Munqidh,re_arabic_world,Arabic world,1095.0,historian,non_europe
1692,Q67092995,Ismail al-Hadhiri,re_arabic_world,Arabic world,1137.0,linguist,non_europe
1693,Q7507290,Sibt al-Maridini,re_arabic_world,Arabic world,1423.0,astronomer,non_europe
1694,Q328748,Saadia Gaon,re_arabic_world,Arabic world,882.0,philosopher,non_europe
1695,Q12252153,Yousef ibn Mohamed ibn Masoud al-Sarmari,re_arabic_world,Arabic world,1296.0,linguist,non_europe
1696,Q1356575,Ibn al-Qalanisi,re_arabic_world,Arabic world,1071.0,historian,non_europe
1697,Q425501,Al-Azraqi,re_arabic_world,Arabic world,800.0,historian,non_europe
1698,Q5984286,Ibn abd al-Malik al-Marrakushi,re_arabic_world,Arabic world,1237.0,historian,non_europe
1699,Q648487,Al-Mada'ini,re_arabic_world,Arabic world,753.0,historian,non_europe
1700,Q400919,Ahmad al-Qalqashandi,re_arabic_world,Arabic world,1355.0,mathematician,non_europe
1701,Q15431116,Al-Quda'i,re_arabic_world,Arabic world,950.0,historian,non_europe
1702,Q3571329,Yahya Ibn Khaldun,re_arabic_world,Arabic world,1332.0,historian,non_europe
1703,Q287492,Ali ibn Ridwan,re_arabic_world,Arabic world,988.0,astronomer,non_europe
1704,Q3460213,Ibn Juljul,re_arabic_world,Arabic world,943.0,pharmacologist,non_europe
1705,Q5984161,Ibn Abi Tahir Tayfur,re_arabic_world,Arabic world,819.0,geographer | linguist | historian,non_europe
1706,Q6122255,Sayf ibn Umar,re_arabic_world,Arabic world,750.0,historian,non_europe
1707,Q1186444,Abu al-Salt,re_arabic_world,Arabic world,1068.0,astronomer | philosopher,non_europe
1708,Q2995629,Mohammed ibn Adjurrum,re_arabic_world,Arabic world,1273.0,linguist,non_europe
1709,Q2637918,Abu'l-Barakāt al-Baghdādī,re_arabic_world,Arabic world,1080.0,philosopher,non_europe
1710,Q1393417,Ali ibn Sahl Rabban al-Tabari,re_arabic_world,Arabic world,838.0,philosopher,non_europe
1711,Q3478584,Senoussi,re_arabic_world,Arabic world,1426.0,theologian,non_europe
1712,Q46420,Ibn Arabi,re_arabic_world,Arabic world,1165.0,philosopher,non_europe
1713,Q3478100,Wasil ibn Ata,re_arabic_world,Arabic world,700.0,theologian,non_europe
1714,Q314978,Ali ibn al-Husayn Zayn al-'Abidin,re_arabic_world,Arabic world,659.0,theologian,non_europe
1715,Q5847266,Ibn Duqmaq,re_arabic_world,Arabic world,1349.0,historian,non_europe
1716,Q536837,Isaac Israeli ben Solomon,re_arabic_world,Arabic world,832.0,philosopher,non_europe
1717,Q3772847,Ibn Amira,re_arabic_world,Arabic world,1186.0,historian,non_europe
1718,Q203142,Ibn al-Farid,re_arabic_world,Arabic world,1181.0,philosopher,non_europe
1719,Q57419639,Aladdin al-Shirazi,re_arabic_world,Arabic world,1386.0,logician,non_europe
1720,Q316364,Yaqut al-Hamawi,re_arabic_world,Arabic world,1178.0,geographer | historian,non_europe
1721,Q4702931,Al-Mufaddal ibn Abi al-Fada'il,re_arabic_world,Arabic world,1201.0,historian,non_europe
1722,Q311462,Abulfeda,re_arabic_world,Arabic world,1273.0,geographer | astronomer | historian,non_europe
1723,Q228203,Zufar ibn al-Hudhail,re_arabic_world,Arabic world,728.0,theologian,non_europe
1724,Q4702369,Al-Fakihi,re_arabic_world,Arabic world,839.0,historian,non_europe
1725,Q6533412,Ibn al-Ḥājib,re_arabic_world,Arabic world,1175.0,historian,non_europe
1726,Q3292293,Abu Mansur Mauhub al-Jawaliqi,re_arabic_world,Arabic world,1074.0,linguist,non_europe
1727,Q315377,Ali al-Hadi,re_arabic_world,Arabic world,829.0,theologian,non_europe
1728,Q12223451,Abdullah bin Asaad Al-Yafi'i,re_arabic_world,Arabic world,1298.0,historian,non_europe
1729,Q108733998,Abu al-Faraj al-Armanazi,re_arabic_world,Arabic world,1051.0,historian,non_europe
1730,Q42298432,Nasrallah al-Baghdadi,re_arabic_world,Arabic world,1332.0,linguist,non_europe
1731,Q4670097,Abu Bakr Ibn Mujāhid,re_arabic_world,Arabic world,900.0,theologian,non_europe
1732,Q467161,Samuel ibn Naghrillah,re_arabic_world,Arabic world,993.0,linguist | philosopher,non_europe
1733,Q3603848,Abū Isḥāq al-Shīrāzī,re_arabic_world,Arabic world,1003.0,theologian,non_europe
1734,Q12220160,"Ṣafadī, Khalīl ibn Aybak",re_arabic_world,Arabic world,1296.0,historian,non_europe
1735,Q3147432,Ibn Abi-Dínar al-Qayrawaní,re_arabic_world,Arabic world,1650.0,historian,non_europe
1736,Q12198099,Ibrāhīm ibn ʻUmar Biqāʻī,re_arabic_world,Arabic world,1407.0,historian,non_europe
1737,Q584679,Muḥammad ibn Ibrāhīm al-Fazārī,re_arabic_world,Arabic world,746.0,astronomer | mathematician,non_europe
1738,Q14095767,Muqātil ibn Sulaymān,re_arabic_world,Arabic world,701.0,theologian,non_europe
1739,Q12182523,al-Qāsim ibn Fīrruh Shāṭibī,re_arabic_world,Arabic world,1144.0,theologian,non_europe
1740,Q4115307,Al-Jubba'i,re_arabic_world,Arabic world,849.0,theologian | philosopher,non_europe
1741,Q6536134,Ibn Sallâm al-Jumahî,re_arabic_world,Arabic world,756.0,linguist,non_europe
1742,Q945425,Mashallah ibn Athari,re_arabic_world,Arabic world,740.0,astronomer | mathematician,non_europe
1743,Q42298972,Ibn Habib al-Halabi,re_arabic_world,Arabic world,1310.0,historian,non_europe
1744,Q7395439,Sa'id ibn Aws al-Ansari,re_arabic_world,Arabic world,743.0,linguist,non_europe
1745,Q307665,Abd Allah ibn al-Zubayr,re_arabic_world,Arabic world,624.0,theologian,non_europe
1746,Q1151805,Al-Qurtubi,re_arabic_world,Arabic world,1214.0,theologian,non_europe
1747,Q4120128,Al-Sakhawi,re_arabic_world,Arabic world,1428.0,historian,non_europe
1748,Q4322459,Zarkashi,re_arabic_world,Arabic world,1344.0,historian,non_europe
1749,Q3535817,ʿAbd Allāh ibn al-Ḥusayn al- ʿUkbarī,re_arabic_world,Arabic world,1143.0,mathematician,non_europe
1750,Q39837,Averroes,re_arabic_world,Arabic world,1126.0,astronomer | philosopher,non_europe
1751,Q67654781,Ibn al-Kharrat al-Dawalibi,re_arabic_world,Arabic world,1240.0,linguist,non_europe
1752,Q144639,Zakariya al-Qazwini,re_arabic_world,Arabic world,1203.0,geographer | zoologist | historian | mathematician,non_europe
1753,Q179759,Al-Kindi,re_arabic_world,Arabic world,801.0,philosopher | musicologist | astronomer | mathematician,non_europe
1754,Q22908812,Abul Hasan Hankari,re_arabic_world,Arabic world,1018.0,theologian,non_europe
1755,Q1061624,Chananel ben Chushiel,re_arabic_world,Arabic world,990.0,theologian,non_europe
1756,Q980179,Safi al-Din al-Urmawi,re_arabic_world,Arabic world,1216.0,musicologist,non_europe
1757,Q302956,Aaron ben Elijah,re_arabic_world,Arabic world,1328.0,theologian,non_europe
1758,Q3069371,Ibn al‐Ha'im al‐Ishbili,re_arabic_world,Arabic world,1213.0,astronomer | philosopher | mathematician,non_europe
1759,Q11079,Muḥammad ibn Jābir al-Ḥarrānī al-Battānī,re_arabic_world,Arabic world,858.0,astronomer | mathematician,non_europe
1760,Q15603559,Abū Bakr al-Darbandī,re_arabic_world,Arabic world,1068.0,theologian,non_europe
1761,Q4540405,'Abd al-'Aziz al-Wafa'i,re_arabic_world,Arabic world,1408.0,astronomer,non_europe
1762,Q4116044,Harith al-Muhasibi,re_arabic_world,Arabic world,781.0,theologian,non_europe
1763,Q6532914,Ibn Abī Shaiba,re_arabic_world,Arabic world,776.0,historian,non_europe
1764,Q251259,Ibn Tufayl,re_arabic_world,Arabic world,1110.0,philosopher,non_europe
1765,Q557361,Yahya of Antioch,re_arabic_world,Arabic world,980.0,historian,non_europe
1766,Q307250,'Abd al-Hamīd ibn Turk,re_arabic_world,Arabic world,800.0,mathematician,non_europe
1767,Q57259185,Ibn al-Ayni,re_arabic_world,Arabic world,1433.0,linguist,non_europe
1768,Q340519,Ahimaaz ben Paltiel,re_arabic_world,Arabic world,1017.0,historian,non_europe
1769,Q2719051,Ibn Sab'in,re_arabic_world,Arabic world,1217.0,philosopher,non_europe
1770,Q6532706,Ibn Abi al-Dunya,re_arabic_world,Arabic world,823.0,historian,non_europe
1771,Q316349,Abu al-Hasan al-Ash'ari,re_arabic_world,Arabic world,873.0,theologian | philosopher,non_europe
1772,Q16126606,al-Qāsim ibn ʻAbd Allāh Ibn Quṭlūbughā,re_arabic_world,Arabic world,1399.0,theologian | historian,non_europe
1773,Q4670034,Abu 'Ubaida,re_arabic_world,Arabic world,728.0,historian,non_europe
1774,Q1378989,Eutychius of Alexandria,re_arabic_world,Arabic world,877.0,historian,non_europe
1775,Q367319,Ibn Jubayr,re_arabic_world,Arabic world,1145.0,geographer,non_europe
1776,Q4063579,Altaïr Ibn-La'Ahad,re_arabic_world,Arabic world,1165.0,philosopher | historian,non_europe
1777,Q9294,Ibn Khaldun,re_arabic_world,Arabic world,1332.0,philosopher | sociologist | economist | anthropologist | historian,non_europe
1778,Q293608,Ibn al-Banna' al-Marrakushi,re_arabic_world,Arabic world,1256.0,astronomer | mathematician,non_europe
1779,Q330821,Abraham ibn Daud,re_arabic_world,Arabic world,1110.0,philosopher | historian,non_europe
1780,Q20003180,Ibn al-Dubaythi,re_arabic_world,Arabic world,1163.0,historian,non_europe
1781,Q4695507,Ahmad al-Buni,re_arabic_world,Arabic world,1200.0,mathematician,non_europe
1782,Q12178189,Ibn ʿAqil,re_arabic_world,Arabic world,1298.0,linguist,non_europe
1783,Q2478044,Alī ibn Ahmad al-Nasawī,re_arabic_world,Arabic world,1010.0,astronomer | mathematician,non_europe
1784,Q2820894,Abu l-Faraj at-Tayyib,re_arabic_world,Arabic world,980.0,philosopher,non_europe
1785,Q107345083,Abdullah ibn al-Hasan al-Qurtubi,re_arabic_world,Arabic world,1161.0,linguist,non_europe
1786,Q28714887,Muhammad ibn Saʿdān al-Ḍarīr,re_arabic_world,Arabic world,778.0,linguist,non_europe
1787,Q1379164,Taqi al-Din Muhammad ibn Ma'ruf,re_arabic_world,Arabic world,1526.0,astronomer | mathematician,non_europe
1788,Q846536,Ibn al-Adim,re_arabic_world,Arabic world,1192.0,historian,non_europe
1789,Q20383681,Abu al-Qassim al-Amidi,re_arabic_world,Arabic world,905.0,linguist,non_europe
1790,Q239355,Solomon ibn Gabirol,re_arabic_world,Arabic world,1021.0,philosopher,non_europe
1791,Q52200506,Ibn Naja al-Erbili,re_arabic_world,Arabic world,1190.0,linguist | philosopher,non_europe
1792,Q557961,Al-Khatib al-Baghdadi,re_arabic_world,Arabic world,1002.0,historian,non_europe
1793,Q119679,Ibn Qayyim Al-Jawziy,re_arabic_world,Arabic world,1292.0,theologian,non_europe
1794,Q481455,Abu-Shama al-Maqdissí,re_arabic_world,Arabic world,1203.0,historian,non_europe
1795,Q107344255,Abu al-Hajjaj al-Balawi,re_arabic_world,Arabic world,1132.0,linguist,non_europe
1796,Q11937838,Izz al-Din ibn Shaddad,re_arabic_world,Arabic world,1217.0,historian,non_europe
1797,Q4121967,Ibn al-Majdi,re_arabic_world,Arabic world,1359.0,astronomer | mathematician,non_europe
1798,Q3303997,Abu Sulayman Sijistani,re_arabic_world,Arabic world,932.0,philosopher,non_europe
1799,Q732363,Ibn 'Abd al-Barr,re_arabic_world,Arabic world,978.0,historian,non_europe
1800,Q846343,Sibt ibn al-Jawzi,re_arabic_world,Arabic world,1186.0,historian,non_europe
1801,Q55997606,Ibn al-Uqlishi,re_arabic_world,Arabic world,1097.0,linguist,non_europe
1802,Q2922506,Busiri,re_arabic_world,Arabic world,1213.0,mathematician,non_europe
1803,Q5963182,Abū al-Ṣalāḥ al-Ḥalabī,re_arabic_world,Arabic world,984.0,theologian,non_europe
1804,Q285255,Al-Waqidi,re_arabic_world,Arabic world,747.0,historian,non_europe
1805,Q2481432,Ibn al-Qifti,re_arabic_world,Arabic world,1172.0,historian,non_europe
1806,Q2665215,Ibrahim ibn Adham,re_arabic_world,Arabic world,718.0,theologian,non_europe
1807,Q20422810,Muḥammad ibn ʻAbd al-Malik Hamadhānī,re_arabic_world,Arabic world,1071.0,historian,non_europe
1808,Q11133,Abū Ishāq Ibrāhīm al-Zarqālī,re_arabic_world,Arabic world,1027.0,astronomer,non_europe
1809,Q3147440,Ibn Xabbat,re_arabic_world,Arabic world,1221.0,historian,non_europe
1810,Q6820252,Al-Jaṣṣās,re_arabic_world,Arabic world,918.0,theologian,non_europe
1811,Q423600,`Abdullah ibn `Abbas,re_arabic_world,Arabic world,619.0,historian,non_europe
1812,Q3321466,Ibn al-Abbar,re_arabic_world,Arabic world,1199.0,historian,non_europe
1813,Q2822098,Abul Barakat al-Balafiki,re_arabic_world,Arabic world,1264.0,historian,non_europe
1814,Q3751049,Al-Udri,re_arabic_world,Arabic world,1003.0,historian,non_europe
1815,Q6538102,Ibn Hisham Al-Ansari,re_arabic_world,Arabic world,1309.0,linguist,non_europe
1816,Q367330,Ibn Hawqal,re_arabic_world,Arabic world,943.0,geographer,non_europe
1817,Q298439,Abu al-Wafa Buzjani,re_arabic_world,Arabic world,940.0,astronomer | mathematician,non_europe
1818,Q107355618,Abd al-Malik ibn al-Siraj,re_arabic_world,Arabic world,1009.0,linguist,non_europe
1819,Q3317409,Mkhitar of Ani,re_arabic_world,Arabic world,1200.0,historian,non_europe
1820,Q2898339,Judah ibn Kuraish,re_arabic_world,Arabic world,850.0,linguist,non_europe
1821,Q2745220,Ibn Hayyan,re_arabic_world,Arabic world,987.0,historian,non_europe
1822,Q5907908,Ibn Bassal,re_arabic_world,Arabic world,1050.0,botanist,non_europe
1823,Q9593473,al-Musabbihi,re_arabic_world,Arabic world,977.0,historian,non_europe
1824,Q1299570,Ibn Zafar,re_arabic_world,Arabic world,1104.0,philosopher | political scientist,non_europe
1825,Q3875793,Husam al-Din Chalabi,re_arabic_world,Arabic world,1225.0,theologian,non_europe
1826,Q19629001,Sidi Boushaki,re_arabic_world,Arabic world,1394.0,theologian,non_europe
1827,Q12183231,Abu Bakr al-Ajurri,re_arabic_world,Arabic world,893.0,theologian,non_europe
1828,Q315920,Hasan al-Askari,re_arabic_world,Arabic world,846.0,theologian,non_europe
1829,Q6056774,İbni Arapşah,re_arabic_world,Arabic world,1389.0,philosopher,non_europe
1830,Q401463,Ahmed ar-Rifa'i,re_arabic_world,Arabic world,1118.0,theologian,non_europe
1831,Q2846653,Ibn Faradi,re_arabic_world,Arabic world,962.0,historian,non_europe
1832,Q130169,Sharif al-Murtadha,re_arabic_world,Arabic world,966.0,theologian,non_europe
1833,Q2821719,Abu Raita al-Takriti,re_arabic_world,Arabic world,775.0,theologian,non_europe
1834,Q2462319,Abū al-Ḥasan ibn ʿAlī al-Qalaṣādī,re_arabic_world,Arabic world,1412.0,mathematician,non_europe
1835,Q6533916,Ibn al-Sha'ar,re_arabic_world,Arabic world,1197.0,historian,non_europe
1836,Q31439,Abraham bar Hiyya,re_arabic_world,Arabic world,1070.0,geographer | astronomer | philosopher | mathematician,non_europe
1837,Q21208801,Muhammad al-Baghdadi,re_arabic_world,Arabic world,980.0,mathematician,non_europe
1838,Q982406,Sheikh Adi ibn Musafir,re_arabic_world,Arabic world,1073.0,theologian,non_europe
1839,Q6088021,Issachar ben Mordecai ibn Susan,re_arabic_world,Arabic world,1510.0,mathematician,non_europe
1840,Q81627,al-Jazari,re_arabic_world,Arabic world,1136.0,astronomer | mathematician,non_europe
1841,Q20384863,Muhammad ibn al-Hasan Saʼigh,re_arabic_world,Arabic world,1247.0,linguist,non_europe
1842,Q3043486,Sultan Walad,re_arabic_world,Arabic world,1226.0,philosopher,non_europe
1843,Q1399609,Ibn al-Rawandi,re_arabic_world,Arabic world,827.0,philosopher | historian,non_europe
1844,Q2231534,Yusuf al-Mu'taman ibn Hud,re_arabic_world,Arabic world,1001.0,mathematician,non_europe
1845,Q3154800,Isaac ibn Saul,re_arabic_world,Arabic world,950.0,linguist,non_europe
1846,Q168705,Al-Masudi,re_arabic_world,Arabic world,896.0,geographer | historian,non_europe
1847,Q12178782,Abu al-'Abbas Tha'lab,re_arabic_world,Arabic world,815.0,linguist,non_europe
1848,Q1370661,Menahem ben Saruq,re_arabic_world,Arabic world,920.0,philosopher,non_europe
1849,Q11104,Ibn al-Haytham,re_arabic_world,Arabic world,965.0,astronomer | philosopher | physicist | mathematician,non_europe
1850,Q55835386,Abū-Saʻīd Faraǧ Ibn-Qāsim Ibn-Lubb,re_arabic_world,Arabic world,1301.0,linguist,non_europe
1851,Q19291166,Ishaq ben Reuben,re_arabic_world,Arabic world,1073.0,philosopher,non_europe
1852,Q299200,Judah Halevi,re_arabic_world,Arabic world,1075.0,theologian | philosopher,non_europe
1853,Q16693597,Saad bin Ibrahim al-Zuhri,re_arabic_world,Arabic world,700.0,theologian,non_europe
1854,Q732429,Muhammad ibn Sa'd ibn Mani' al-Baghdadi,re_arabic_world,Arabic world,784.0,historian,non_europe
1855,Q2975510,Ibrahim ibn Sinan,re_arabic_world,Arabic world,908.0,astronomer | mathematician,non_europe
1856,Q7684920,Taqi al-Din Muhammad ibn Ahmad al-Fasi,re_arabic_world,Arabic world,1373.0,historian,non_europe
1857,Q334854,Ali ibn al-Athir,re_arabic_world,Arabic world,1160.0,theologian | historian,non_europe
1858,Q292484,Sayf al-Din al-Amidi,re_arabic_world,Arabic world,1156.0,philosopher,non_europe
1859,Q762229,Bahya ibn Paquda,re_arabic_world,Arabic world,1050.0,theologian | philosopher,non_europe
1860,Q192124,Muhammad ibn Jarir al-Tabari,re_arabic_world,Arabic world,839.0,philosopher | historian,non_europe
1861,Q2277088,Niftawayh,re_arabic_world,Arabic world,858.0,linguist | historian,non_europe
1862,Q5675767,"Kāzarūnī, ʻAlī ibn Muḥammad",re_arabic_world,Arabic world,1217.0,historian,non_europe
1863,Q716228,Hisham Ibn Al-Kalbi,re_arabic_world,Arabic world,737.0,historian,non_europe
1864,Q481499,Ibn Taghribirdi,re_arabic_world,Arabic world,1410.0,historian,non_europe
1865,Q1238067,Muhammad ibn Yūsuf al-Warrāq,re_arabic_world,Arabic world,904.0,geographer | historian,non_europe
1866,Q20388315,Afdal al-Din al-Khunaji,re_arabic_world,Arabic world,1194.0,philosopher,non_europe
1867,Q12251200,Wakee ibn al-Jarrah,re_arabic_world,Arabic world,746.0,theologian,non_europe
1868,Q66587206,Ibn al-Fahham,re_arabic_world,Arabic world,1031.0,linguist,non_europe
1869,Q7331,Ibn Battuta,re_arabic_world,Arabic world,1304.0,geographer,non_europe
1870,Q770298,Sadr al-Din al-Qunawi,re_arabic_world,Arabic world,1209.0,philosopher,non_europe
1871,Q16169783,Arib ibn Sa'd al-Katib al-Qurtubi,re_arabic_world,Arabic world,979.0,historian,non_europe
1872,Q12177924,Ahmad ibn Muhammad abu Yafar al-Gafiqi,re_arabic_world,Arabic world,1100.0,botanist | historian,non_europe
1873,Q317787,Ibn Hazm,re_arabic_world,Arabic world,994.0,geographer | philosopher,non_europe
1874,Q2390573,Al-ʾAṣmaʿiyy,re_arabic_world,Arabic world,740.0,botanist,non_europe
1875,Q16118116,Yaḥyā Ibn-Ziyād Farrāʾ,re_arabic_world,Arabic world,761.0,astronomer | linguist,non_europe
1876,Q12233266,Mūsá ibn Muḥammad Yūnīnī,re_arabic_world,Arabic world,1242.0,historian,non_europe
1877,Q4666111,Abdullah ibn Mubarak,re_arabic_world,Arabic world,736.0,historian,non_europe
1878,Q26215542,Kamal al-Din bin Younis,re_arabic_world,Arabic world,1156.0,astronomer | chemist | mathematician,non_europe
1879,Q984663,Ibn Qutaybah,re_arabic_world,Arabic world,828.0,theologian | historian,non_europe
1880,Q482353,al-Qadi al-Nuʿman,re_arabic_world,Arabic world,903.0,theologian | historian,non_europe
1881,Q12178297,Abū ʿAlī al-Fārisī,re_arabic_world,Arabic world,901.0,linguist,non_europe
1882,Q5984300,Ibn al-Furat,re_arabic_world,Arabic world,1336.0,historian,non_europe
1883,Q112465,Nafi' al-Madani,re_arabic_world,Arabic world,689.0,theologian,non_europe
1884,Q5410881,Muḥammad Ibn-Ibrāhīm Ibn-Ǧamāʿa,re_arabic_world,Arabic world,1241.0,theologian,non_europe
1885,Q514144,Guillaume de Sonnac,re_arabic_world,Arabic world,1200.0,historian,non_europe
1886,Q11373,Abu Ma'shar al-Balkhi,re_arabic_world,Arabic world,787.0,astronomer | philosopher | mathematician,non_europe
1887,Q22933487,Ibn al-Sa'i,re_arabic_world,Arabic world,1196.0,historian,non_europe
1888,Q369690,Ibn Kathir,re_arabic_world,Arabic world,1301.0,historian,non_europe
1889,Q293669,Abd al-Rahman al-Awza'i,re_arabic_world,Arabic world,707.0,theologian | philosopher,non_europe
1890,Q174325,Ibn Wasil,re_arabic_world,Arabic world,1208.0,philosopher | historian | mathematician,non_europe
1891,Q731866,Abu'l-Faraj ibn al-Jawzi,re_arabic_world,Arabic world,1116.0,philosopher | historian,non_europe
1892,Q12201802,ʿAbd-al-Wahhāb Ibn-ʿAlī Tāǧ-ad-Dīn as-Subkī,re_arabic_world,Arabic world,1327.0,theologian,non_europe
1893,Q319146,Ibn al-Nafis,re_arabic_world,Arabic world,1210.0,philosopher,non_europe
1894,Q334847,Ibn Ishaq,re_arabic_world,Arabic world,704.0,historian,non_europe
1895,Q2440642,Thomas of Jesus,re_arabic_world,Arabic world,1529.0,theologian,non_europe
1896,Q1153185,Sahl al-Tustari,re_arabic_world,Arabic world,818.0,theologian,non_europe
1897,Q57693362,Muhammad ibn Abd al-Wahid Mallahi,re_arabic_world,Arabic world,1154.0,historian,non_europe
1898,Q12243677,Muadh al-Harra,re_arabic_world,Arabic world,800.0,linguist,non_europe
1899,Q3308706,Ibn al-Wafid,re_arabic_world,Arabic world,997.0,botanist,non_europe
1900,Q6533428,Ibn al-Kashshab,re_arabic_world,Arabic world,1098.0,linguist,non_europe
1901,Q6407970,ʻAbd Allah ibn Muhammad al-Husayni Nuqrahkar,re_arabic_world,Arabic world,1307.0,linguist,non_europe
1902,Q12205849,Muhammad ibn Ibrahim ibn Yahya Watwat,re_arabic_world,Arabic world,1235.0,botanist | linguist | zoologist | chemist,non_europe
1903,Q6535133,Ibn Jinni,re_arabic_world,Arabic world,941.0,linguist,non_europe
1904,Q2477222,Abdullah ibn Saba',re_arabic_world,Arabic world,600.0,theologian,non_europe
1905,Q335635,Al-Mawardi,re_arabic_world,Arabic world,974.0,political scientist | sociologist,non_europe
1906,Q200947,Ahmad ibn Fadlan,re_arabic_world,Arabic world,879.0,geographer,non_europe
1907,Q4118605,Muhammad al-Maghili,re_arabic_world,Arabic world,1440.0,theologian,non_europe
1908,Q12187054,Jalal al-Din al-Qazwini,re_arabic_world,Arabic world,1268.0,linguist,non_europe
1909,Q2081331,Haly Abenragel,re_arabic_world,Arabic world,901.0,astronomer,non_europe
1910,Q2918077,Said al-Andalusi,re_arabic_world,Arabic world,1029.0,astronomer | historian,non_europe
1911,Q8192126,Ahmad ibn Muhammad al-Razi,re_arabic_world,Arabic world,887.0,historian,non_europe
1912,Q3637065,Baybars al-Mansûrî,re_arabic_world,Arabic world,1247.0,historian,non_europe
1913,Q467148,Joseph ben Ephraim Karo,re_arabic_world,Arabic world,1488.0,philosopher,non_europe
1914,Q6536330,Muhammad ibn Shakir al-Kutubi,re_arabic_world,Arabic world,1287.0,historian,non_europe
1915,Q12178232,Abu Hashim al-Jubba'i,re_arabic_world,Arabic world,888.0,theologian,non_europe
1916,Q12181671,Ibrahim al-Riyadi al-Shaybani,re_arabic_world,Arabic world,838.0,linguist,non_europe
1917,Q288111,Jabir ibn Aflah,re_arabic_world,Arabic world,1100.0,astronomer | mathematician,non_europe
1918,Q16027759,Hussein Baroudi,re_arabic_world,Arabic world,1698.0,theologian,non_europe
1919,Q4664586,Abd al-Rahman al-Jadiri,re_arabic_world,Arabic world,1375.0,astronomer,non_europe
1920,Q307686,Abdullah ibn Salam,re_arabic_world,Arabic world,550.0,theologian,non_europe
1921,Q2342579,Sharaf al-Dīn al-Ṭūsī,re_arabic_world,Arabic world,1135.0,astronomer | mathematician,non_europe
1922,Q3772449,Ibn al-Saffar,re_arabic_world,Arabic world,950.0,astronomer,non_europe
1923,Q7902047,Usman Harooni,re_arabic_world,Arabic world,1107.0,philosopher,non_europe
1924,Q20384774,Muḥammad ibn ʻAbd al-Wāḥid Ibn al-Humām,re_arabic_world,Arabic world,1388.0,theologian,non_europe
1925,Q108687011,Aḥmad ibn Yūsuf Qaramānī,re_arabic_world,Arabic world,1532.0,historian,non_europe
1926,Q1235399,Ibn al-'Awwam,re_arabic_world,Arabic world,1150.0,botanist,non_europe
1927,Q330776,Abraham ben Solomon,re_arabic_world,Arabic world,1482.0,historian,non_europe
1928,Q3147451,Ibn Qurqūl,re_arabic_world,Arabic world,1111.0,theologian,non_europe
1929,Q639821,Ibn Kammuna,re_arabic_world,Arabic world,1215.0,theologian | philosopher,non_europe
1930,Q918471,Abu Bakr ibn al-Arabi,re_arabic_world,Arabic world,1076.0,historian,non_europe
1931,Q4670442,Abu al-Hasan Ali al-Jaznai,re_arabic_world,Arabic world,1300.0,historian,non_europe
1932,Q56063581,Judah ben Solomon ha-Kohen,re_arabic_world,Arabic world,1215.0,astronomer,non_europe
1933,Q4670036,Abu Abdallah ibn Askar,re_arabic_world,Arabic world,1529.0,historian,non_europe
1934,Q13176625,Aḥmad ibn Yūsuf ibn ʻAlī Ibn al-Azraq al-Fāriqī,re_arabic_world,Arabic world,1116.0,historian,non_europe
1935,Q57420531,Ibn Khatib al-Nasiriya,re_arabic_world,Arabic world,1372.0,historian,non_europe
1936,Q4116640,Muhammad ibn Aslam Al-Ghafiqi,re_arabic_world,Arabic world,1100.0,botanist,non_europe
1937,Q106595657,Al-Ṭignarī,re_arabic_world,Arabic world,1100.0,botanist,non_europe
1938,Q3147455,Ibn Masarra,re_arabic_world,Arabic world,883.0,philosopher,non_europe
1939,Q565665,Ibn 'Asakir,re_arabic_world,Arabic world,1105.0,theologian | historian,non_europe
1940,Q380295,Bar Hebraeus,re_arabic_world,Arabic world,1226.0,historian,non_europe
1941,Q2608002,Al-Baqillani,re_arabic_world,Arabic world,950.0,theologian,non_europe
1942,Q28714944,Al-Rummani,re_arabic_world,Arabic world,909.0,linguist | logician,non_europe
1943,Q20418542,Abu-l-Hasan al-Tamgruti,re_arabic_world,Arabic world,1534.0,historian,non_europe
1944,Q5949576,Bondari Esfahani,re_arabic_world,Arabic world,1190.0,historian,non_europe
1945,Q57316754,Ibn Hasnun,re_arabic_world,Arabic world,908.0,linguist,non_europe
1946,Q527284,Yaʿqūb ibn Ṭāriq,re_arabic_world,Arabic world,800.0,astronomer | mathematician,non_europe
1947,Q3483161,Sidi Abderrahmane ath-Thaalibi,re_arabic_world,Arabic world,1384.0,theologian,non_europe
1948,Q404554,William of Tripoli,re_arabic_world,Arabic world,1250.0,anthropologist,non_europe
1949,Q2474911,Al-Abbās ibn Said al-Jawharī,re_arabic_world,Arabic world,800.0,astronomer | mathematician,non_europe
1950,Q253568,Baha ad-Din ibn Shaddad,re_arabic_world,Arabic world,1145.0,theologian | historian,non_europe
1951,Q20639763,Taghi-o-din Rased,re_arabic_world,Arabic world,1521.0,mathematician,non_europe
1952,Q3607440,Al-Harran,re_arabic_world,Arabic world,1030.0,theologian | astronomer | philosopher,non_europe
1953,Q11904608,Al-Birzali,re_arabic_world,Arabic world,1267.0,historian,non_europe
1954,Q3180928,Abu Hafs Umar al-Suhrawardi,re_arabic_world,Arabic world,1145.0,theologian | philosopher,non_europe
1955,Q4164868,Al-Jaldaki,re_arabic_world,Arabic world,1300.0,chemist,non_europe
1956,Q4116117,Ibrahim El-Desouki,re_arabic_world,Arabic world,1255.0,theologian,non_europe
1957,Q225496,Abu Bakr bin Yahya al-Suli,re_arabic_world,Arabic world,880.0,historian,non_europe
1958,Q2829269,Al-Qatrawani,re_arabic_world,Arabic world,1450.0,mathematician,non_europe
1959,Q335103,Abū Kāmil Shujāʿ ibn Aslam,re_arabic_world,Arabic world,850.0,mathematician,non_europe
1960,Q5657658,Muhammad al-Khushani,re_arabic_world,Arabic world,901.0,historian,non_europe
1961,Q19715092,Ibn Muyassar,re_arabic_world,Arabic world,1231.0,historian,non_europe
1962,Q2822074,Abu Chama Chihab al-Din Abu al-Qasim abd al-Rahman,re_arabic_world,Arabic world,1203.0,historian,non_europe
1963,Q71394,Ibn Khallikan,re_arabic_world,Arabic world,1211.0,historian,non_europe
1964,Q459921,Ibn Yunus,re_arabic_world,Arabic world,950.0,astronomer | philosopher | mathematician,non_europe
1965,Q42332045,Ibn al-Dhibithi,re_arabic_world,Arabic world,1163.0,historian,non_europe
1966,Q4165460,Aban bin Uthman bin Affan,re_arabic_world,Arabic world,641.0,historian,non_europe
1967,Q11926333,Ibn Abi l-Dam,re_arabic_world,Arabic world,1187.0,historian,non_europe
1968,Q94875106,ʿAlī Ibn-al-Mufaḍḍal al- Maqdisī,re_arabic_world,Arabic world,1150.0,theologian,non_europe
1969,Q5602779,Al-Marzubānī,re_arabic_world,Arabic world,909.0,historian,non_europe
1970,Q16148550,Abu'l Hasan ibn Arfa Ra'a,re_arabic_world,Arabic world,1121.0,chemist,non_europe
1971,Q2837555,Abu Bakr Muhammad al-Turtushi,re_arabic_world,Arabic world,1059.0,political scientist,non_europe
1972,Q51454069,Ibn al-Haitham,re_arabic_world,Arabic world,850.0,historian,non_europe
1973,Q20003172,Ibn Abī Ṭayyiʼ,re_arabic_world,Arabic world,1180.0,historian,non_europe
1974,Q4695527,Ahmad ibn Qasim Al-Hajarī,re_arabic_world,Arabic world,1570.0,linguist,non_europe
1975,Q12228305,Umara bin Abi al-Hasan al-Hakami,re_arabic_world,Arabic world,1121.0,historian,non_europe
1976,Q590185,Abu Madyan,re_arabic_world,Arabic world,1126.0,theologian,non_europe
1977,Q6834951,Muḥammad Ibn-al-Huḏail Abu-'l-Huḏail al-ʿAllāf,re_arabic_world,Arabic world,752.0,theologian,non_europe
1978,Q2474018,Kushyar Gilani,re_arabic_world,Arabic world,971.0,geographer | astronomer | mathematician,non_europe
1979,Q3773066,Ibn Juzayy,re_arabic_world,Arabic world,1321.0,historian,non_europe
1980,Q99975913,Ahmad ibn Arabxah,re_arabic_world,Arabic world,1389.0,historian,non_europe
1981,Q12193844,Mundhirī,re_arabic_world,Arabic world,1185.0,historian,non_europe
1982,Q6288216,Joseph ibn Shem-Tov,re_arabic_world,Arabic world,1400.0,philosopher,non_europe
1983,Q4115862,Abu al-Abbas al-Nabati,re_arabic_world,Arabic world,1166.0,theologian | botanist,non_europe
1984,Q293497,Al-Jahiz,re_arabic_world,Arabic world,775.0,zoologist | historian,non_europe
1985,Q783253,Maslamah ibn Aḥmad Majrīṭī,re_arabic_world,Arabic world,950.0,astronomer | chemist | mathematician,non_europe
1986,Q12180143,Akmal al-Din al-Babarti,re_arabic_world,Arabic world,1314.0,theologian | linguist,non_europe
1987,Q5984216,Ibn Jurayj,re_arabic_world,Arabic world,699.0,theologian,non_europe
1988,Q60832196,Ibn Fallus,re_arabic_world,Arabic world,1194.0,mathematician,non_europe
1989,Q3101035,Qadi Ayyad,re_arabic_world,Arabic world,1084.0,historian,non_europe
1990,Q3561501,Ishaq ibn Hunayn,re_arabic_world,Arabic world,830.0,mathematician,non_europe
1991,Q6532961,Ibn Abī Yaʿlā,re_arabic_world,Arabic world,1059.0,historian,non_europe
1992,Q318820,Benjamin of Tudela,re_arabic_world,Arabic world,1130.0,historian,non_europe
1993,Q11904655,Al-Mubashshir ibn Fātik,re_arabic_world,Arabic world,1019.0,philosopher | mathematician,non_europe
1994,Q3791575,Ibn Shihab al-Zuhri,re_arabic_world,Arabic world,678.0,theologian | historian,non_europe
1995,Q12177686,Ibn al-Sarī al-Zajjāj,re_arabic_world,Arabic world,857.0,linguist,non_europe
1996,Q250568,Thābit ibn Qurra,re_arabic_world,Arabic world,836.0,astronomer | mathematician,non_europe
1997,Q423774,Urwah ibn Zubayr,re_arabic_world,Arabic world,644.0,historian,non_europe
1998,Q3594808,Abd Al-Wahhab bin Ahmad Al-Misri Al-Sharani,re_arabic_world,Arabic world,1491.0,philosopher | historian,non_europe
1999,Q6718226,Jaʻfar ibn Thaʻlab Udfuwi,re_arabic_world,Arabic world,1286.0,linguist | historian,non_europe
2000,Q3607422,Al-Abiwardi,re_arabic_world,Arabic world,1064.0,historian,non_europe
2001,Q217915,Piri Reis,re_arabic_world,Arabic world,1470.0,geographer,non_europe
2002,Q3675585,Ibn al-Mustawfī,re_arabic_world,Arabic world,1170.0,linguist | historian,non_europe
2003,Q5984236,Ibn Maḍāʾ,re_arabic_world,Arabic world,1116.0,mathematician,non_europe
2004,Q54861334,Ahmad ibn Muhammad Fayyumi,re_arabic_world,Arabic world,1291.0,linguist,non_europe
2005,Q61056,al-Maʾmun,re_arabic_world,Arabic world,786.0,geographer,non_europe
2006,Q718169,Ibn al-Shatir,re_arabic_world,Arabic world,1304.0,astronomer | mathematician,non_europe
2007,Q5655018,Abenalsid,re_arabic_world,Arabic world,1052.0,philosopher,non_europe
2008,Q2462345,Al-Shaykh Al-Mufid,re_arabic_world,Arabic world,948.0,theologian,non_europe
2009,Q42298572,Taj al-Din al-Sinjari,re_arabic_world,Arabic world,1322.0,linguist,non_europe
2010,Q3603852,Ibn Kabar,re_arabic_world,Arabic world,1201.0,historian,non_europe
2011,Q22684344,Ismail bin Muhammad al-Saffar,re_arabic_world,Arabic world,861.0,linguist,non_europe
2012,Q3353450,Fakhr-al-Din Iraqi,re_arabic_world,Arabic world,1213.0,philosopher,non_europe
2013,Q160460,Al-Farabi,re_arabic_world,Arabic world,870.0,musicologist | philosopher | physicist,non_europe
2014,Q57477040,Qutb al-Din al-Safawi,re_arabic_world,Arabic world,1495.0,logician,non_europe
2015,Q363852,Moses Bar-Kepha,re_arabic_world,Arabic world,813.0,theologian,non_europe
2016,Q4119124,Ibn Hamza al-Maghribi,re_arabic_world,Arabic world,1500.0,mathematician,non_europe
2017,Q270670,Abraham ibn Ezra,re_arabic_world,Arabic world,1092.0,astronomer | philosopher,non_europe
2018,Q170046,Ja'far al-Sadiq,re_arabic_world,Arabic world,702.0,theologian,non_europe
2019,Q735601,Junayd of Baghdad,re_arabic_world,Arabic world,830.0,philosopher,non_europe
2020,Q981803,Dhul-Nun al-Misri,re_arabic_world,Arabic world,796.0,theologian | archeologist | historian,non_europe
2021,Q11482162,Ibn al-Haddad,re_arabic_world,Arabic world,1030.0,mathematician,non_europe
2022,Q3157606,Jacob ben Nissim,re_arabic_world,Arabic world,950.0,philosopher,non_europe
2023,Q6118970,Jacob Mantino ben Samuel,re_arabic_world,Arabic world,1490.0,philosopher,non_europe
2024,Q1397028,Ibn Manzur,re_arabic_world,Arabic world,1233.0,historian,non_europe
2025,Q2822099,Abu al-Abbas as-Sabti,re_arabic_world,Arabic world,1129.0,philosopher,non_europe
2026,Q18204876,Hisham ibn Hakam,re_arabic_world,Arabic world,750.0,philosopher,non_europe
2027,Q25088,Muhammad al-Jawad,re_arabic_world,Arabic world,811.0,theologian,non_europe
2028,Q10394588,Yaʿīsh ibn Ibrāhīm al-Umawī,re_arabic_world,Arabic world,1400.0,mathematician,non_europe
2029,Q12178132,Muḥammad ibn Yūsuf al-Kindi,re_arabic_world,Arabic world,897.0,historian,non_europe
2030,Q302835,Nasir al-Din al-Tusi,re_arabic_world,Arabic world,1201.0,theologian | astronomer | philosopher | mathematician,non_europe
2031,Q4695524,Ahmad ibn Munim al-Abdari,re_arabic_world,Arabic world,1150.0,mathematician,non_europe
2032,Q12198431,Bishr ibn Ghayāth Marīsī,re_arabic_world,Arabic world,800.0,theologian,non_europe
2033,Q9038,Al-Khwarizmi,re_arabic_world,Arabic world,780.0,philosopher | astronomer | mathematician | geographer | historian,non_europe
2034,Q97144071,Daoud bin Haytham al-Tanukhi,re_arabic_world,Arabic world,843.0,linguist,non_europe
2035,Q468432,Jalal al-Din al-Suyuti,re_arabic_world,Arabic world,1445.0,geographer | historian,non_europe
2036,Q12183326,Al-Akhfash al-Asghar,re_arabic_world,Arabic world,849.0,linguist,non_europe
2037,Q288067,Al-Nuwayri,re_arabic_world,Arabic world,1278.0,historian,non_europe
2038,Q557882,Azriel,re_arabic_world,Arabic world,1160.0,philosopher,non_europe
2039,Q4117458,Zakariyya al-Ansari,re_arabic_world,Arabic world,1420.0,linguist | historian,non_europe
2040,Q5984322,Ibn al-Yasamin,re_arabic_world,Arabic world,1100.0,mathematician,non_europe
2041,Q287501,Ibrahim an-Nazzam,re_arabic_world,Arabic world,775.0,theologian,non_europe
2042,Q61065695,Muḥibb al-Dīn Ibn al-Najjār,re_arabic_world,Arabic world,1183.0,historian,non_europe
2043,Q12208197,Hussein Khouja,re_arabic_world,Arabic world,1666.0,historian,non_europe
2044,Q1655886,Ḫalaf Ibn-ʿAbd-al-Malik Ibn-Baškuwāl,re_arabic_world,Arabic world,1101.0,historian,non_europe
2045,Q3147671,"Yashūʻadnāḥ, Bishop of Basra",re_arabic_world,Arabic world,801.0,theologian,non_europe
2046,Q25489664,Isaac Albalia,re_arabic_world,Arabic world,1035.0,astronomer,non_europe
2047,Q4076086,Abd al-Rashid al-Bakuwi,re_arabic_world,Arabic world,1400.0,geographer,non_europe
2048,Q519405,Khalifa ibn Khayyat,re_arabic_world,Arabic world,777.0,historian,non_europe
2049,Q144287,Zayd ibn Ali,re_arabic_world,Arabic world,695.0,theologian,non_europe
2050,Q290506,Al-Hilli,re_arabic_world,Arabic world,1250.0,theologian,non_europe
2051,Q2475262,Habash al-Hasib al-Marwazi,re_arabic_world,Arabic world,766.0,astronomer | mathematician,non_europe
2052,Q461096,Ibn Hišām,re_arabic_world,Arabic world,701.0,historian,non_europe
2053,Q2829271,Al-Qastallani,re_arabic_world,Arabic world,1448.0,historian,non_europe
2054,Q4195341,Ibrahim ibn Muhàmmad ibn Ibrahim al-Halabí,re_arabic_world,Arabic world,1460.0,historian,non_europe
2055,Q293528,Al-Baladhuri,re_arabic_world,Arabic world,820.0,geographer | historian,non_europe
2056,Q16117724,Ahmad al-Wansharisi,re_arabic_world,Arabic world,1431.0,theologian,non_europe
2057,Q1032839,Khalaf al-Ahmar,re_arabic_world,Arabic world,733.0,linguist,non_europe
2058,Q6534226,Abu Ya'la,re_arabic_world,Arabic world,990.0,theologian,non_europe
2059,Q3128063,Hasan al-Rammah,re_arabic_world,Arabic world,1200.0,chemist,non_europe
2060,Q1383938,Shem-Tov ibn Falaquera,re_arabic_world,Arabic world,1225.0,philosopher,non_europe
2061,Q6533780,Ibn al-Sikkit,re_arabic_world,Arabic world,802.0,linguist,non_europe
2062,Q982170,Shlomo ben Aderet,re_arabic_world,Arabic world,1235.0,philosopher,non_europe
2063,Q2829242,Al-Mubarrad,re_arabic_world,Arabic world,826.0,linguist,non_europe
2064,Q23951994,Ibrahim ibn Said al-Sahli,re_arabic_world,Arabic world,1001.0,astronomer | mathematician,non_europe
2065,Q471116,Ibn Hajar al-Asqalani,re_arabic_world,Arabic world,1372.0,historian,non_europe
2066,Q357940,Dunash ibn Tamim,re_arabic_world,Arabic world,890.0,astronomer,non_europe
2067,Q4670236,Abu Jafar ibn Harun al-Turjali,re_arabic_world,Arabic world,1180.0,philosopher,non_europe
2068,Q75007,Muhammad ibn Iyas,re_arabic_world,Arabic world,1448.0,historian,non_europe
2069,Q57749726,Ibn al-Qawba',re_arabic_world,Arabic world,1266.0,linguist,non_europe
2070,Q12191204,Aḥmad Ibn-Muḥammad al- Qudūrī,re_arabic_world,Arabic world,973.0,theologian,non_europe
2071,Q3045396,Ibn Said al-Maghribi,re_arabic_world,Arabic world,1213.0,geographer,non_europe
2072,Q840652,Omar Tiberiades,re_arabic_world,Arabic world,762.0,astronomer | philosopher | linguist,non_europe
2073,Q107341628,Ibn Sa'd al-Khayr of Valencia,re_arabic_world,Arabic world,1116.0,linguist,non_europe
2074,Q3777146,Izz al-Din ibn Hibatullah ibn Abi l-Hadid,re_arabic_world,Arabic world,1191.0,theologian | historian,non_europe
2075,Q11728390,Ibn Aqil,re_arabic_world,Arabic world,1040.0,theologian,non_europe
2076,Q2987645,Ibn Muʿādh al-Jayyānī,re_arabic_world,Arabic world,989.0,mathematician,non_europe
2077,Q3571334,Yahya ibn Adi,re_arabic_world,Arabic world,893.0,philosopher,non_europe
2078,Q4664888,Abdelwahid al-Marrakushi,re_arabic_world,Arabic world,1185.0,historian,non_europe
2079,Q67201430,Ibn al-Qabisi,re_arabic_world,Arabic world,1163.0,linguist,non_europe
2080,Q3046604,Ibn Abi Zar,re_arabic_world,Arabic world,1250.0,historian,non_europe
2081,Q127398,Moshe ben Maimon,re_arabic_world,Arabic world,1138.0,astronomer | philosopher,non_europe
2082,Q6758211,Jalaluddin al-Mahalli,re_arabic_world,Arabic world,1389.0,theologian,non_europe
2083,Q1640082,Abu Hayyan al-Gharnati,re_arabic_world,Arabic world,1256.0,theologian,non_europe
2084,Q308115,Abd as-Salam ibn Mashish al-Alami,re_arabic_world,Arabic world,1165.0,theologian,non_europe
2085,Q256506,Rabia of Basri,re_arabic_world,Arabic world,710.0,philosopher,non_europe
2086,Q307277,Abd al-Latif al-Baghdadi,re_arabic_world,Arabic world,1162.0,archeologist | historian,non_europe
2087,Q27546923,Al-Haytham ibn 'Adi,re_arabic_world,Arabic world,748.0,linguist | historian,non_europe
2088,Q330616,Al-Damiri,re_arabic_world,Arabic world,1341.0,philosopher | zoologist,non_europe
2089,Q3318809,Mohamed Seghir Ben Youssef,re_arabic_world,Arabic world,1691.0,historian,non_europe
2090,Q742319,Imad ad-Din al-Isfahani,re_arabic_world,Arabic world,1125.0,historian,non_europe
2091,Q12242407,Al-ʻIjliyyah,re_arabic_world,Arabic world,950.0,astronomer,non_europe
2092,Q3147431,Ibn Abd al-Zahir,re_arabic_world,Arabic world,1223.0,historian,non_europe
2093,Q220697,Abu Yusuf,re_arabic_world,Arabic world,731.0,philosopher,non_europe
2094,Q958426,Joseph ibn Tzaddik,re_arabic_world,Arabic world,1075.0,philosopher,non_europe
2095,Q6930533,Mu'ayyad fi'l-Din al-Shirazi,re_arabic_world,Arabic world,1000.0,philosopher,non_europe
2096,Q5907931,Ibn Tumlus,re_arabic_world,Arabic world,1164.0,philosopher,non_europe
2097,Q355455,Nahmanides,re_arabic_world,Arabic world,1194.0,philosopher,non_europe
2098,Q16159801,Abu-Bayhas,re_arabic_world,Arabic world,700.0,theologian,non_europe
2099,Q712890,Mujahid ibn Jabr,re_arabic_world,Arabic world,642.0,theologian,non_europe
2100,Q6533039,Ibn Abi al-Khisal,re_arabic_world,Arabic world,1073.0,historian,non_europe
2101,Q1919866,Ahmad ibn Mājid,re_arabic_world,Arabic world,1432.0,geographer,non_europe
2102,Q2829407,Abu al-Abbas al-Sharishi,re_arabic_world,Arabic world,1162.0,linguist,non_europe
2103,Q335599,Abu al-Faraj al-Isfahani,re_arabic_world,Arabic world,897.0,historian,non_europe
2104,Q97143599,Abu al-'Ala al-Majashi'i,re_arabic_world,Arabic world,1066.0,linguist,non_europe
2105,Q3607504,al-Himyari,re_arabic_world,Arabic world,1401.0,geographer,non_europe
2106,Q3778265,Ibn Sidah,re_arabic_world,Arabic world,1007.0,linguist | philosopher | logician,non_europe
2107,Q2479109,Abul Abbas al-Mursi,re_arabic_world,Arabic world,1219.0,theologian,non_europe
2108,Q11926367,Ibn al-Mudjawir,re_arabic_world,Arabic world,1204.0,geographer,non_europe
2109,Q3607662,Alam al-Din al-Hanafi,re_arabic_world,Arabic world,1178.0,astronomer | mathematician,non_europe
2110,Q293554,Al-Dhahabi,re_arabic_world,Arabic world,1274.0,historian,non_europe
2111,Q400930,Ahmad ibn Arabshah,re_arabic_world,Arabic world,1389.0,historian,non_europe
2112,Q4703267,Al-Suhayli,re_arabic_world,Arabic world,1114.0,theologian,non_europe
2113,Q3128841,Sayyid Haydar Amuli,re_arabic_world,Arabic world,1319.0,philosopher,non_europe
2114,Q1673518,Isaac ibn Latif,re_arabic_world,Arabic world,1210.0,philosopher,non_europe
2115,Q12177855,Al-Bazzar,re_arabic_world,Arabic world,820.0,theologian,non_europe
2116,Q527954,Asad ibn al-Furat,re_arabic_world,Arabic world,759.0,theologian,non_europe
2117,Q20810372,Abu Saeed Mubarak Makhzoomi,re_arabic_world,Arabic world,1013.0,theologian,non_europe
2118,Q2198528,Ahmad ibn Yusuf,re_arabic_world,Arabic world,835.0,astronomer | mathematician,non_europe
2119,Q1395668,Ibn Abi Usaibia,re_arabic_world,Arabic world,1203.0,historian,non_europe
2120,Q63487755,Shaydhalah,re_arabic_world,Arabic world,1001.0,theologian,non_europe
2121,Q22690798,Yahya al-Obaidaly,re_arabic_world,Arabic world,829.0,historian,non_europe
2122,Q305975,Abbas Ibn Firnas,re_arabic_world,Arabic world,810.0,astronomer | chemist,non_europe
2123,Q294116,Al-Muqaddasi,re_arabic_world,Arabic world,945.0,geographer,non_europe
2124,Q6536228,Fatḥ al-Din Ibn Sayyid al-Nās,re_arabic_world,Arabic world,1272.0,historian,non_europe
2125,Q8061995,Yusuf bin Ahmad al-Kawneyn,re_arabic_world,Arabic world,1150.0,philosopher,non_europe
2126,Q315031,Musa al-Kadhim,re_arabic_world,Arabic world,745.0,theologian,non_europe
2127,Q48703,Al-Muzani,re_arabic_world,Arabic world,791.0,theologian,non_europe
2128,Q107356660,Ibrahim ibn Abi Bakr al-Ansari,re_arabic_world,Arabic world,1212.0,linguist,non_europe
2129,Q337126,Al-Bakri,re_arabic_world,Arabic world,1014.0,botanist | historian | geographer,non_europe
2130,Q3719891,Al-Hasan ibn 'Ali al-Barbahari,re_arabic_world,Arabic world,867.0,theologian,non_europe
2131,Q293689,al-Yaʿqubi,re_arabic_world,Arabic world,801.0,geographer | historian | mathematician,non_europe
2132,Q2829422,Al Wazir Al Sarraj,re_arabic_world,Arabic world,1659.0,historian,non_europe
2133,Q1706130,Joseph ben Judah ibn Aknin,re_arabic_world,Arabic world,1150.0,philosopher,non_europe
2134,Q3389798,Martin of Leon,re_arabic_world,Arabic world,1130.0,philosopher,non_europe
2135,Q615555,Hamza ibn Ali ibn Ahmad,re_arabic_world,Arabic world,985.0,theologian,non_europe
2136,Q470795,Nur ad-Din al-Bitruji,re_arabic_world,Arabic world,1200.0,astronomer,non_europe
2137,Q337009,Abu Mikhnaf,re_arabic_world,Arabic world,709.0,historian,non_europe
2138,Q4170178,Ibn al-Qaisarani,re_arabic_world,Arabic world,1056.0,historian,non_europe
2139,Q19999496,Ezra ben Salomon de Gérone,re_arabic_world,Arabic world,1150.0,theologian,non_europe
2140,Q5984303,Ibn al-Fuwati,re_arabic_world,Arabic world,1244.0,astronomer | historian,non_europe
2141,Q85962479,Abdullah ibn Ahmad al-Fakihi,re_arabic_world,Arabic world,1493.0,linguist,non_europe
2142,Q31003843,'Ala' al-Din al-Bukhari,re_arabic_world,Arabic world,1377.0,theologian | logician,non_europe
2143,Q2695766,Abū Hayyān al-Tawhīdī,re_arabic_world,Arabic world,923.0,philosopher,non_europe
2144,Q12220518,Ḍirār ibn ʻAmr al-Ghaṭafānī,re_arabic_world,Arabic world,728.0,theologian,non_europe
2145,Q3147466,Ibn Zura,re_arabic_world,Arabic world,943.0,philosopher,non_europe
2146,Q706588,Khashkhash Ibn Saeed Ibn Aswad,re_arabic_world,Arabic world,801.0,geographer,non_europe
2147,Q311495,Abu al-Qasim al-Zahrawi,re_arabic_world,Arabic world,936.0,philosopher | anatomist,non_europe
2148,Q282883,Shahab al-Din Suhrawardi,re_arabic_world,Arabic world,1155.0,philosopher,non_europe
2149,Q25468769,Majd ad-Dīn Ibn Athir,re_arabic_world,Arabic world,1150.0,linguist | historian,non_europe
2150,Q2737184,Ibn al-Khatib,re_arabic_world,Arabic world,1313.0,philosopher | historian,non_europe
2151,Q3603837,Abu 'Ali al-Khaiyat,re_arabic_world,Arabic world,770.0,astronomer,non_europe
2152,Q10299689,Ibn Ghazi al-Miknasi,re_arabic_world,Arabic world,1437.0,linguist | historian | mathematician,non_europe
2153,Q2658869,Chihab al-Umari,re_arabic_world,Arabic world,1301.0,historian,non_europe
2154,Q6532342,Ibrahim ibn Ishaq al-Harbi,re_arabic_world,Arabic world,813.0,linguist,non_europe
2155,Q97143762,Al-Khidr bin Tharwan,re_arabic_world,Arabic world,1111.0,linguist,non_europe
2156,Q1384613,Ibn al-Nadim,re_arabic_world,Arabic world,1000.0,historian,non_europe
2157,Q10296786,Sayyed Ibn Tawus,re_arabic_world,Arabic world,1193.0,historian,non_europe
2158,Q11908846,Bayan ibn Saman al-Tamimi,re_arabic_world,Arabic world,700.0,theologian,non_europe
2159,Q4670019,Abu'l Husayn al-Basri,re_arabic_world,Arabic world,980.0,theologian,non_europe
2160,Q1168219,Josef ben Meir ibn Zabara,re_arabic_world,Arabic world,1140.0,physicist,non_europe
2161,Q12190429,ʻAlī ibn Muḥammad Sakhāwī,re_arabic_world,Arabic world,1163.0,linguist,non_europe
2162,Q167852,Jabir ibn Hayyan,re_arabic_world,Arabic world,721.0,astronomer | philosopher | mathematician,non_europe
2163,Q40379014,Ibn Khatib Daraya,re_arabic_world,Arabic world,1344.0,linguist,non_europe
2164,Q5661709,Al-Ruayni,re_arabic_world,Arabic world,950.0,philosopher,non_europe
2165,Q2637658,Sawirus ibn al-Muqaffaʿ,re_arabic_world,Arabic world,1000.0,historian,non_europe
2166,Q178638,Nasreddin,re_arabic_world,Arabic world,1200.0,philosopher,non_europe
2167,Q57252424,Ahmad ibn Khalil al-Khoei,re_arabic_world,Arabic world,1187.0,theologian,non_europe
2168,Q11362,Avempace,re_arabic_world,Arabic world,1080.0,botanist | astronomer | philosopher | mathematician,non_europe
2169,Q1243803,George Elmacin,re_arabic_world,Arabic world,1223.0,historian,non_europe
2170,Q18397639,Mūsá ibn ʻUqbah,re_arabic_world,Arabic world,674.0,historian,non_europe
2171,Q733598,Moses ben Jacob Cordovero,re_arabic_world,Arabic world,1522.0,theologian,non_europe
2172,Q657600,Francesco Barozzi,re_italy,Italy,1537.0,astronomer | mathematician,europe
2173,Q605447,Antonio Tempesta,re_italy,Italy,1555.0,geographer,europe
2174,Q95297823,Johann Baptist Meckhardt,re_german_world,German world,1537.0,theologian,europe
2175,Q1571299,Johannes Gisenius,re_german_world,German world,1577.0,theologian,europe
2176,Q109076,Andreas Osiander,re_german_world,German world,1562.0,theologian,europe
2177,Q8559867,Diego Pérez de Valdivia,re_spain,Spain,1510.0,theologian,europe
2178,Q541378,Nicolás Antonio,re_spain,Spain,1617.0,historian,europe
2179,Q299446,Basilios Bessarion,re_italy,Italy,1403.0,philosopher,europe
2180,Q21545618,Rutgerus Hermannides,re_central_europe,Central Europe,1666.0,historian,europe
2181,Q6249830,John Munro,re_british_islands,British Islands,1670.0,anatomist,europe
2182,Q99420,Heinrich Bünting,re_german_world,German world,1545.0,theologian | geographer,europe
2183,Q94440464,Ferdinando Porretti,re_italy,Italy,1684.0,theologian,europe
2184,Q63164201,Bartolomé Llorente y García,re_spain,Spain,1540.0,historian,europe
2185,Q8317735,Jean L'Hoste,re_france,France,1586.0,mathematician,europe
2186,Q1719881,Gian Luigi Pascale,re_italy,Italy,1530.0,theologian,europe
2187,Q1677624,Jacob Schenck,re_german_world,German world,1508.0,theologian,europe
2188,Q14468630,Charles François Houbigant,re_france,France,1686.0,linguist,europe
2189,Q994018,Bruno,re_italy,Italy,1100.0,theologian,europe
2190,Q61073,Sebastian Münster,re_german_world,German world,1488.0,theologian | geographer | mathematician,europe
2191,Q1501346,Heinrich Eckhard,re_german_world,German world,1580.0,theologian,europe
2192,Q1175012,David Klug,re_german_world,German world,1618.0,theologian,europe
2193,Q18093440,Johan van den Sande,re_low_countries,Low countries,1568.0,historian,europe
2194,Q64128,Johannes Brenz,re_german_world,German world,1499.0,theologian,europe
2195,Q3295688,Martin de Barcos,re_france,France,1600.0,theologian,europe
2196,Q634048,Daniel Adam z Veleslavína,re_central_europe,Central Europe,1546.0,linguist | philosopher,europe
2197,Q55875838,Arnoldus Angelus,re_central_europe,Central Europe,1620.0,theologian,europe
2198,Q5698078,Antonio Coronel,re_spain,Spain,1500.0,philosopher,europe
2199,Q26713603,Marino Freccia,re_italy,Italy,1503.0,historian,europe
2200,Q719623,Robert Moray,re_british_islands,British Islands,1609.0,chemist,europe
2201,Q7193021,Pietro Pitati,re_italy,Italy,1490.0,astronomer | mathematician,europe
2202,Q3525012,Thomas Creech,re_british_islands,British Islands,1659.0,linguist,europe
2203,Q1174666,David Hanisius,re_german_world,German world,1665.0,theologian,europe
2204,Q55126790,Zacharias Theobald,re_central_europe,Central Europe,1584.0,theologian | historian,europe
2205,Q2903986,Girolamo Ruscelli,re_italy,Italy,1504.0,physicist,europe
2206,Q676456,"Pierre Le Pesant, sieur de Boisguilbert",re_france,France,1646.0,economist,europe
2207,Q6965659,Narcissus Luttrell,re_british_islands,British Islands,1657.0,historian,europe
2208,Q3377683,Pietro Cirneo,re_france,France,1447.0,historian,europe
2209,Q501214,Andreas Wesling,re_german_world,German world,1500.0,theologian,europe
2210,Q3713199,Domenico Quartaironi,re_italy,Italy,1651.0,mathematician,europe
2211,Q3431390,Richard FitzNeal,re_british_islands,British Islands,1130.0,economist,europe
2212,Q311528,Adam of Fulda,re_german_world,German world,1445.0,musicologist,europe
2213,Q2662898,Antonio Vallisneri,re_italy,Italy,1661.0,botanist | geologist,europe
2214,Q15695484,Giovanni Gaspare Beretti,re_italy,Italy,1660.0,theologian | philosopher | historian,europe
2215,Q3816857,Sebastián de Covarrubias,re_spain,Spain,1539.0,linguist,europe
2216,Q430754,Peder Soerensen,re_nordic_countries,Nordic countries,1542.0,chemist,europe
2217,Q1671964,Iohannes Sslechta,re_central_europe,Central Europe,1466.0,philosopher,europe
2218,Q105748,Theodor Fabricius,re_german_world,German world,1501.0,theologian,europe
2219,Q1771410,Samuel Lange,re_german_world,German world,1618.0,theologian,europe
2220,Q55682568,Johann Leonhard Bildstein,re_german_world,German world,1601.0,theologian,europe
2221,Q94927898,Stutte Wikbold,re_german_world,German world,1340.0,theologian,europe
2222,Q654608,Jacques de Vitry,re_italy,Italy,1170.0,theologian | philosopher | historian,europe
2223,Q5792729,Nils Hasselbom,re_nordic_countries,Nordic countries,1690.0,mathematician,europe
2224,Q3050535,Eleazar Albin,re_british_islands,British Islands,1680.0,botanist,europe
2225,Q10267984,Domenico Capacci,re_italy,Italy,1694.0,geographer,europe
2226,Q2708668,Theodorus Velius,re_low_countries,Low countries,1572.0,historian,europe
2227,Q94938201,Pierre Cartier,re_german_world,German world,1698.0,geologist,europe
2228,Q15090859,Hugh of Balma,re_france,France,1289.0,theologian,europe
2229,Q1698386,Johann Schwertfeger,re_german_world,German world,1488.0,theologian,europe
2230,Q2254750,Gaspar de Molina y Oviedo,re_spain,Spain,1679.0,philosopher,europe
2231,Q369562,Wincenty Kadłubek,re_central_europe,Central Europe,1150.0,historian,europe
2232,Q1693478,Johann Freiberger,re_german_world,German world,1470.0,historian,europe
2233,Q3635341,Bartolomeo Burchelati,re_italy,Italy,1548.0,historian,europe
2234,Q16573520,Lorenzo Bolano,re_italy,Italy,1540.0,archeologist | philosopher,europe
2235,Q62023962,Johann Friedrich Haug,re_german_world,German world,1680.0,theologian,europe
2236,Q2758907,James Sherard,re_british_islands,British Islands,1666.0,botanist,europe
2237,Q1747950,Philipp Scherbe,re_german_world,German world,1553.0,philosopher,europe
2238,Q74715977,Bernard Wojewódka,re_central_europe,Central Europe,1600.0,mathematician,europe
2239,Q7931664,Vincent Baron,re_france,France,1604.0,theologian,europe
2240,Q56389211,György Purkircher,re_central_europe,Central Europe,1530.0,botanist,europe
2241,Q94866998,Christian Kahl,re_german_world,German world,1677.0,theologian,europe
2242,Q39500224,Francesco Collio,re_italy,Italy,1580.0,theologian,europe
2243,Q809338,Bartholomäus Anhorn der Ältere,re_german_world,German world,1566.0,historian,europe
2244,Q3419323,Raoul de Presles,re_france,France,1316.0,theologian,europe
2245,Q94929022,Georg Heinrich Kalckhoff,re_german_world,German world,1688.0,theologian,europe
2246,Q3100339,Guillaume de La Perrière,re_france,France,1503.0,philosopher,europe
2247,Q53707179,Diego José Dormer,re_spain,Spain,1649.0,historian,europe
2248,Q1387558,Girolamo Diruta,re_italy,Italy,1554.0,musicologist,europe
2249,Q78090,Johann Hommel,re_german_world,German world,1518.0,theologian | astronomer | mathematician,europe
2250,Q1697613,Johannes Hagemeister,re_central_europe,Central Europe,1502.0,theologian,europe
2251,Q508679,Robert de Sorbon,re_france,France,1201.0,theologian,europe
2252,Q2528924,Vitus Büscher,re_german_world,German world,1602.0,theologian,europe
2253,Q1539583,Gottfried Raesfeld,re_german_world,German world,1522.0,theologian,europe
2254,Q1905267,Martin Willich,re_german_world,German world,1583.0,theologian,europe
2255,Q954735,Samuel Daniel,re_british_islands,British Islands,1563.0,historian,europe
2256,Q3179454,Joachim Darquistade,re_france,France,1688.0,geographer,europe
2257,Q1339,Johann Sebastian Bach,re_german_world,German world,1685.0,musicologist,europe
2258,Q3512588,Vito Maria Amico,re_italy,Italy,1697.0,historian,europe
2259,Q55844253,Salomon Hottinger,re_german_world,German world,1649.0,physicist | mathematician | anatomist,europe
2260,Q2331694,Diego Valadés,re_italy,Italy,1533.0,linguist,europe
2261,Q5535673,Georg Cruciger,re_german_world,German world,1575.0,theologian,europe
2262,Q18646078,Adrianus Tegularius,re_low_countries,Low countries,1605.0,theologian,europe
2263,Q5582103,Gonsalvus of Spain,re_france,France,1255.0,philosopher,europe
2264,Q94866765,Hermann Löhner,re_german_world,German world,1614.0,theologian,europe
2265,Q1440321,Fracanzano da Montalboddo,re_italy,Italy,1500.0,geographer,europe
2266,Q724270,Jan Frederik Gronovius,re_low_countries,Low countries,1690.0,botanist,europe
2267,Q3014885,Daniel of Morley,re_british_islands,British Islands,1140.0,philosopher,europe
2268,Q984123,Johannes Buteo,re_france,France,1492.0,mathematician,europe
2269,Q118267,Lucas Osiander the Younger,re_german_world,German world,1571.0,theologian,europe
2270,Q1476321,Konrad Barthold Behrens,re_german_world,German world,1660.0,historian,europe
2271,Q633094,Johannes Bureus,re_nordic_countries,Nordic countries,1568.0,archeologist | linguist | historian,europe
2272,Q3257803,Lodovico Domenichi,re_italy,Italy,1515.0,linguist,europe
2273,Q777092,Matteo Villani,re_italy,Italy,1285.0,historian,europe
2274,Q1677768,Magdalius Jacobus,re_german_world,German world,1470.0,theologian,europe
2275,Q1694473,Johann Heinrich Pott,re_german_world,German world,1692.0,chemist,europe
2276,Q24067164,Michel Hospein,re_german_world,German world,1565.0,geographer,europe
2277,Q786884,Stjepan Brodarić,re_central_europe,Central Europe,1480.0,historian,europe
2278,Q1510122,Gerard Bontius,re_low_countries,Low countries,1536.0,botanist | astronomer | mathematician,europe
2279,Q350426,Adam Michna z Otradovic,re_central_europe,Central Europe,1600.0,musicologist,europe
2280,Q1293788,Johann Gottlieb Krause,re_german_world,German world,1684.0,historian,europe
2281,Q328747,Jean de Joinville,re_france,France,1224.0,historian,europe
2282,Q1352704,Michael of Cesena,re_german_world,German world,1270.0,theologian | philosopher,europe
2283,Q313925,Thomas Browne,re_british_islands,British Islands,1605.0,philosopher,europe
2284,Q662424,Andreas Agnellus,re_italy,Italy,805.0,historian,europe
2285,Q94817431,Christian Trautmann,re_german_world,German world,1678.0,anatomist,europe
2286,Q20733310,James Davies,re_british_islands,British Islands,1648.0,historian,europe
2287,Q11696649,Eliasz Pielgrzymowski,re_central_europe,Central Europe,1564.0,historian,europe
2288,Q1964905,Jacques Savary,re_france,France,1622.0,economist,europe
2289,Q1693874,Johann Georg Keyßler,re_german_world,German world,1693.0,archeologist | historian,europe
2290,Q110881,Josua Arnd,re_german_world,German world,1626.0,theologian | historian,europe
2291,Q2380036,Jacques Hardion,re_france,France,1686.0,historian,europe
2292,Q94896988,Johann Ernst Hohenholtz,re_german_world,German world,1690.0,theologian,europe
2293,Q6251426,John Overall,re_british_islands,British Islands,1560.0,theologian,europe
2294,Q1260285,Johann Heinrich Ringier,re_german_world,German world,1668.0,theologian,europe
2295,Q91072,John Herbinius,re_central_europe,Central Europe,1633.0,theologian,europe
2296,Q3893150,Pandolfo Collenuccio,re_italy,Italy,1444.0,historian,europe
2297,Q1078821,Christian August Hausen,re_german_world,German world,1663.0,theologian | historian,europe
2298,Q86092,Adam Adami,re_german_world,German world,1610.0,historian,europe
2299,Q94909738,Melchior Belkow,re_german_world,German world,1598.0,philosopher,europe
2300,Q41557829,Livio Agrippa,re_italy,Italy,1501.0,philosopher,europe
2301,Q15695516,Giovanni Bonifacio,re_italy,Italy,1547.0,historian,europe
2302,Q3085984,François Vautier,re_france,France,1589.0,botanist,europe
2303,Q5622748,Daniel Djurberg,re_nordic_countries,Nordic countries,1659.0,theologian,europe
2304,Q61858088,José Vicente del Olmo,re_spain,Spain,1611.0,geographer,europe
2305,Q51934258,Jan Janszoon Orlers,re_low_countries,Low countries,1570.0,historian,europe
2306,Q110255,Henning Iwen,re_central_europe,Central Europe,1350.0,theologian,europe
2307,Q3565998,Matteo Tafuri,re_italy,Italy,1492.0,philosopher,europe
2308,Q5792658,Henrik Hassel,re_nordic_countries,Nordic countries,1700.0,philosopher | zoologist,europe
2309,Q9052500,Onofre Pelechá,re_spain,Spain,1501.0,astronomer,europe
2310,Q96696,Eucharius Gottlieb Rink,re_german_world,German world,1670.0,historian,europe
2311,Q21545418,Pierre-Joseph Cantel,re_france,France,1645.0,historian,europe
2312,Q1506334,Georg Wecker,re_german_world,German world,1566.0,physicist,europe
2313,Q88878452,Tommaso Benci,re_italy,Italy,1427.0,philosopher,europe
2314,Q11717326,Jan Dominik Zajączkowic,re_central_europe,Central Europe,1650.0,philosopher,europe
2315,Q1472257,Martin Merz,re_german_world,German world,1425.0,mathematician,europe
2316,Q96008,Cornelius Loos,re_low_countries,Low countries,1546.0,theologian,europe
2317,Q27786526,Antonio Cordeses,re_spain,Spain,1518.0,theologian,europe
2318,Q2512717,Isaac van Geelkercken,re_low_countries,Low countries,1615.0,geographer,europe
2319,Q1696465,Johann Valentin Furtmüller,re_german_world,German world,1497.0,theologian,europe
2320,Q21214948,Pieter van Schooten,re_low_countries,Low countries,1634.0,mathematician,europe
2321,Q1415401,Martin Heins,re_german_world,German world,1610.0,theologian | historian,europe
2322,Q7342197,Robert Bolton,re_british_islands,British Islands,1572.0,theologian,europe
2323,Q1381719,William Paterson,re_british_islands,British Islands,1658.0,economist,europe
2324,Q2274810,Sethus Calvisius Jr.,re_german_world,German world,1639.0,theologian,europe
2325,Q16670908,Peter Ludwig le Roy,re_german_world,German world,1699.0,historian,europe
2326,Q630413,Jean de Labadie,re_german_world,German world,1610.0,theologian,europe
2327,Q55122658,Benedict Morgenstern,re_slav_world,Slav world,1525.0,theologian,europe
2328,Q94874564,Philipp Dietrich,re_german_world,German world,1544.0,theologian,europe
2329,Q1359257,John Theyer,re_british_islands,British Islands,1597.0,archeologist,europe
2330,Q1633681,Olegarius,re_spain,Spain,1060.0,philosopher,europe
2331,Q2958696,Charles Cavendish,re_british_islands,British Islands,1591.0,mathematician,europe
2332,Q428905,Asser,re_british_islands,British Islands,900.0,historian,europe
2333,Q919119,Sebastian Castellio,re_german_world,German world,1515.0,theologian,europe
2334,Q2458567,François Bonivard,re_france,France,1493.0,historian,europe
2335,Q717894,Olof Bromelius,re_nordic_countries,Nordic countries,1639.0,botanist,europe
2336,Q1692258,Johann Adam Tresenreuter,re_german_world,German world,1676.0,theologian,europe
2337,Q1551121,Nicolaus Nieremberger,re_german_world,German world,1648.0,theologian,europe
2338,Q1505735,Georg Rhete,re_central_europe,Central Europe,1500.0,theologian,europe
2339,Q2476881,Ulrich Wagner,re_german_world,German world,1500.0,mathematician,europe
2340,Q21546637,Cornelis Cooltuyn,re_german_world,German world,1526.0,theologian,europe
2341,Q1637291,Humphry Ditton,re_british_islands,British Islands,1675.0,philosopher | mathematician,europe
2342,Q16853696,Theodor Ludwig Lau,re_german_world,German world,1670.0,philosopher,europe
2343,Q59528959,Mattia Palmieri,re_italy,Italy,1423.0,historian,europe
2344,Q11727329,Joachim Pastorius,re_central_europe,Central Europe,1611.0,historian,europe
2345,Q330591,Abraham Scultetus,re_german_world,German world,1566.0,theologian,europe
2346,Q2086921,Philipp Julius Rehtmeyer,re_german_world,German world,1678.0,theologian,europe
2347,Q2870578,Aubert Miraeus,re_low_countries,Low countries,1573.0,theologian | historian,europe
2348,Q1598485,Heinrich Philipp Guden,re_german_world,German world,1676.0,theologian,europe
2349,Q1259554,Johannes Meilof,re_german_world,German world,1435.0,theologian,europe
2350,Q2918665,Simeon ben Zemah Duran,re_spain,Spain,1361.0,philosopher,europe
2351,Q660644,Cornelius Gemma,re_low_countries,Low countries,1535.0,astronomer,europe
2352,Q1349459,Francisco Valls Galán,re_spain,Spain,1665.0,musicologist,europe
2353,Q713096,Franciscus Junius,re_low_countries,Low countries,1545.0,theologian,europe
2354,Q4800711,Arthur Wilson,re_british_islands,British Islands,1595.0,historian,europe
2355,Q1929266,Michael Schreiber,re_slav_world,Slav world,1662.0,theologian | historian,europe
2356,Q59405,Nicholas Mahudel,re_france,France,1673.0,archeologist | historian | anthropologist,europe
2357,Q4893800,Bernard of Trilia,re_france,France,1240.0,theologian,europe
2358,Q266609,Robert Copland,re_british_islands,British Islands,1515.0,linguist,europe
2359,Q266482,Antonio Bonfini,re_central_europe,Central Europe,1427.0,historian,europe
2360,Q1991578,Nikolaus Lilienfeld,re_german_world,German world,1400.0,astronomer,europe
2361,Q58215803,Hieronymus Burckhardt,re_german_world,German world,1680.0,theologian,europe
2362,Q10347594,Pedro Margalho,re_portugal,Portugal,1474.0,philosopher,europe
2363,Q21704957,Georg Hieronymus Welsch,re_german_world,German world,1624.0,zoologist,europe
2364,Q38101538,Filippo Arrighetti,re_italy,Italy,1582.0,philosopher,europe
2365,Q106904789,Pierre Bonnet Bourdelot,re_france,France,1638.0,musicologist,europe
2366,Q21774050,Giovanni Palazzi,re_italy,Italy,1640.0,historian,europe
2367,Q1357769,Ernst Christian Schroedter,re_german_world,German world,1675.0,mathematician,europe
2368,Q2078748,Peter Ulner,re_german_world,German world,1523.0,theologian,europe
2369,Q76554,Johannes Agricola,re_german_world,German world,1494.0,theologian | philosopher,europe
2370,Q16406904,Johann Pastelberg,re_central_europe,Central Europe,1650.0,theologian,europe
2371,Q6282461,Joseph Dandridge,re_british_islands,British Islands,1665.0,zoologist,europe
2372,Q77296,Paul Scriptoris,re_france,France,1462.0,theologian | mathematician,europe
2373,Q142309,Michael Sattler,re_german_world,German world,1490.0,theologian,europe
2374,Q2471178,Georges de Brébeuf,re_france,France,1617.0,linguist,europe
2375,Q6752964,Manuel da Costa,re_portugal,Portugal,1541.0,historian,europe
2376,Q90333,Josua Stegmann,re_german_world,German world,1588.0,theologian,europe
2377,Q15290301,Peter Werenfels,re_german_world,German world,1627.0,theologian,europe
2378,Q743506,Edmund Bonner,re_british_islands,British Islands,1500.0,theologian,europe
2379,Q6240537,John Hutchinson,re_british_islands,British Islands,1674.0,philosopher,europe
2380,Q1514827,Ludwig Agricola,re_german_world,German world,1508.0,theologian,europe
2381,Q1082007,Christian Stephan Scheffel,re_german_world,German world,1693.0,botanist,europe
2382,Q3131474,Henri Lelevel,re_france,France,1665.0,theologian,europe
2383,Q94894374,Peter Ryhiner,re_german_world,German world,1692.0,theologian | philosopher,europe
2384,Q339351,Jan Łaski,re_central_europe,Central Europe,1499.0,theologian,europe
2385,Q6215568,Johann Adolph Wedel,re_german_world,German world,1675.0,chemist,europe
2386,Q947941,Matthew Locke,re_british_islands,British Islands,1632.0,musicologist,europe
2387,Q75214,Johann Eberlin von Günzburg,re_german_world,German world,1465.0,theologian,europe
2388,Q86536275,Giovanni Giacomo Staserio,re_italy,Italy,1565.0,astronomer | mathematician,europe
2389,Q279892,Pietro Cataldi,re_italy,Italy,1552.0,mathematician,europe
2390,Q2947016,Cesare Maria Antonio Rasponi,re_italy,Italy,1615.0,historian,europe
2391,Q6299154,Juan Cardenas,re_spain,Spain,1613.0,theologian,europe
2392,Q2984219,Philippe Buache,re_france,France,1700.0,geographer,europe
2393,Q188411,Bernard of Clairvaux,re_france,France,1091.0,theologian | philosopher,europe
2394,Q29289191,Gaudenzio Merula,re_italy,Italy,1500.0,historian,europe
2395,Q55026852,Johann Hartmann Degener,re_low_countries,Low countries,1687.0,zoologist,europe
2396,Q55133131,Moritz Karl Christian Woog,re_german_world,German world,1684.0,theologian,europe
2397,Q445918,Franciscus Mercurius van Helmont,re_low_countries,Low countries,1614.0,chemist,europe
2398,Q3228790,Galvano Fiamma,re_italy,Italy,1283.0,historian,europe
2399,Q94937459,Johann Andreas Knoblauch,re_german_world,German world,1685.0,theologian,europe
2400,Q1692585,Johann Baptist Röschel,re_german_world,German world,1652.0,theologian | physicist,europe
2401,Q5678293,Gaspar Juan Escolano,re_spain,Spain,1560.0,historian,europe
2402,Q55901520,Peter Hecht,re_german_world,German world,1582.0,theologian,europe
2403,Q1553868,Guillaume Feugueray,re_france,France,1535.0,theologian,europe
2404,Q15303557,Giuseppe Carnevale,re_italy,Italy,1558.0,historian,europe
2405,Q3410332,Bartholomew of Lucca,re_italy,Italy,1240.0,theologian | historian,europe
2406,Q51485783,Georg Christian von Knorr,re_german_world,German world,1691.0,theologian,europe
2407,Q1379553,Pietro Giannone,re_italy,Italy,1676.0,philosopher | historian,europe
2408,Q3984251,Terenzio Alciati,re_italy,Italy,1570.0,theologian | historian,europe
2409,Q1335413,John of Fordun,re_british_islands,British Islands,1301.0,historian,europe
2410,Q2737973,Bernardo Davanzati,re_italy,Italy,1529.0,historian | botanist | linguist | economist,europe
2411,Q3295081,Pere Tomich,re_spain,Spain,1500.0,historian,europe
2412,Q16645440,Jean Chastelier,re_france,France,1552.0,theologian,europe
2413,Q7787871,Thomas Brett,re_british_islands,British Islands,1667.0,theologian,europe
2414,Q25706702,Georg Winckler,re_german_world,German world,1450.0,theologian,europe
2415,Q7350421,Robert Tofte,re_british_islands,British Islands,1562.0,linguist,europe
2416,Q18507396,Andrej Mikec,re_german_world,German world,1605.0,theologian,europe
2417,Q19629915,Gervais Chardon,re_france,France,1620.0,theologian,europe
2418,Q8270534,Søren Lintrup,re_nordic_countries,Nordic countries,1669.0,theologian,europe
2419,Q3805875,Giacomo Filippo Foresti,re_italy,Italy,1434.0,theologian,europe
2420,Q3595369,Arthur Agarde,re_british_islands,British Islands,1536.0,archeologist | historian,europe
2421,Q15503281,Andrea da Schivenoglia,re_italy,Italy,1411.0,historian,europe
2422,Q5218695,Daniel Santbech,re_low_countries,Low countries,1600.0,astronomer | mathematician,europe
2423,Q534814,Theodulf of Orléans,re_france,France,750.0,theologian,europe
2424,Q21511550,Balthasar Ehrhart,re_german_world,German world,1700.0,paleontologist,europe
2425,Q732320,Hyacinthe Robillard d'Avrigny,re_france,France,1675.0,historian,europe
2426,Q2409668,Alessandra Giliani,re_italy,Italy,1307.0,anatomist,europe
2427,Q321500,James Douglas,re_british_islands,British Islands,1675.0,anatomist,europe
2428,Q237871,Catherine of Vadstena,re_nordic_countries,Nordic countries,1331.0,philosopher,europe
2429,Q1063554,Charles Alston,re_british_islands,British Islands,1685.0,botanist,europe
2430,Q11765746,Maciej ze Saspowa,re_central_europe,Central Europe,1408.0,philosopher,europe
2431,Q1928888,Michael Philipp Beuther,re_german_world,German world,1564.0,theologian,europe
2432,Q2732806,Jacobus le Mort,re_low_countries,Low countries,1650.0,chemist,europe
2433,Q6777860,Martín de Rada,re_spain,Spain,1533.0,linguist,europe
2434,Q69407085,Franz Schilcher,re_german_world,German world,1660.0,philosopher,europe
2435,Q3271478,Léonard Baldner,re_france,France,1612.0,botanist,europe
2436,Q11714103,Isaac Gervaise,re_france,France,1680.0,economist,europe
2437,Q809310,Bartholome Bischoffsberger,re_german_world,German world,1623.0,historian,europe
2438,Q55124289,Matthias Fuhrmann,re_german_world,German world,1690.0,historian,europe
2439,Q960658,Guillaume Rondelet,re_france,France,1507.0,botanist | zoologist | anatomist,europe
2440,Q1539292,Gottfried Kohlreif,re_german_world,German world,1676.0,theologian,europe
2441,Q55193263,Michael Müller,re_german_world,German world,1673.0,theologian,europe
2442,Q1479945,Johann Bachstrom,re_slav_world,Slav world,1686.0,theologian,europe
2443,Q102223,Johannes Trygophorus,re_german_world,German world,1497.0,theologian,europe
2444,Q24737372,Ambraccio Dell'Ale,re_italy,Italy,1600.0,philosopher,europe
2445,Q4323,Albert of Aix,re_france,France,1060.0,historian,europe
2446,Q3876450,Nicolas de Gonesse,re_france,France,1364.0,theologian,europe
2447,Q3262590,Louis Maimbourg,re_france,France,1610.0,historian,europe
2448,Q816859,Benedict Drechsler,re_german_world,German world,1651.0,chemist,europe
2449,Q55193245,Johann Friedrich Mieg,re_low_countries,Low countries,1642.0,theologian,europe
2450,Q817424,Benjamin Bramer,re_german_world,German world,1588.0,mathematician,europe
2451,Q3762111,Jacques-Hyacinthe Serry,re_italy,Italy,1659.0,theologian,europe
2452,Q53068,Claudio Monteverdi,re_italy,Italy,1567.0,musicologist,europe
2453,Q533514,George of Trebizond,re_italy,Italy,1395.0,philosopher,europe
2454,Q716704,Ibn Malik,re_spain,Spain,600.0,linguist,europe
2455,Q1989021,Niels Palladius,re_nordic_countries,Nordic countries,1510.0,theologian,europe
2456,Q125071,Johann Jacob Leu,re_german_world,German world,1689.0,historian,europe
2457,Q78106587,Ernst Stisser,re_german_world,German world,1595.0,theologian,europe
2458,Q1383306,Remigius of Auxerre,re_france,France,841.0,theologian | philosopher,europe
2459,Q12899320,Christian Herlin,re_france,France,1550.0,mathematician,europe
2460,Q28669609,Giovanni Battista Rossi,re_italy,Italy,1507.0,philosopher,europe
2461,Q1732544,Carl Otto Rechenberg,re_german_world,German world,1689.0,historian,europe
2462,Q817716,Benjamin Ursinus,re_german_world,German world,1646.0,theologian,europe
2463,Q1579898,Hans Gram,re_nordic_countries,Nordic countries,1685.0,historian,europe
2464,Q1697927,Johannes Lassenius,re_nordic_countries,Nordic countries,1636.0,theologian,europe
2465,Q4106023,Jean de Vayrac,re_france,France,1664.0,historian,europe
2466,Q3768368,Giovanni Vincenzo Verzellino,re_italy,Italy,1562.0,historian,europe
2467,Q589427,Anton Friedrich Steding,re_german_world,German world,1653.0,theologian,europe
2468,Q12955031,Ramiro Rampinelli,re_italy,Italy,1697.0,mathematician,europe
2469,Q3173610,Jean Morin,re_france,France,1591.0,theologian,europe
2470,Q63428,Abraham Calovius,re_german_world,German world,1612.0,theologian,europe
2471,Q110915,Erasmus Schmidt,re_german_world,German world,1570.0,mathematician,europe
2472,Q58819510,Giuseppe Maria Casotti,re_italy,Italy,1679.0,historian,europe
2473,Q99102,Johann Philipp von Wurzelbauer,re_german_world,German world,1651.0,astronomer,europe
2474,Q1693018,Johann Christoph Ernesti,re_german_world,German world,1662.0,theologian,europe
2475,Q15454152,Zacharias Grape,re_german_world,German world,1637.0,theologian,europe
2476,Q82037541,Jean Girardot de Nozeroy,re_france,France,1580.0,historian,europe
2477,Q530425,Sámuel Mikoviny,re_central_europe,Central Europe,1700.0,geographer | astronomer | mathematician,europe
2478,Q3960321,Sigismondo Marchesi,re_italy,Italy,1625.0,historian,europe
2479,Q1367426,George Wishart,re_british_islands,British Islands,1513.0,theologian,europe
2480,Q17310814,Christophe Tassin,re_france,France,1650.0,geographer,europe
2481,Q3568802,William Lower,re_british_islands,British Islands,1570.0,astronomer,europe
2482,Q7349926,Robert South,re_british_islands,British Islands,1634.0,theologian,europe
2483,Q3774295,Adam Buddle,re_british_islands,British Islands,1662.0,botanist,europe
2484,Q21522119,James Newton,re_british_islands,British Islands,1639.0,botanist,europe
2485,Q25432170,Juan de Rojas y Ausa,re_spain,Spain,1622.0,theologian,europe
2486,Q55052316,Johann Georg Vetter,re_german_world,German world,1681.0,geographer,europe
2487,Q5670192,Alonso Palma,re_spain,Spain,1500.0,historian,europe
2488,Q1382991,Ewaldus Schrevelius,re_low_countries,Low countries,1575.0,botanist,europe
2489,Q262880,Blaise de Vigenère,re_france,France,1523.0,mathematician,europe
2490,Q5544232,George Sale,re_british_islands,British Islands,1697.0,linguist,europe
2491,Q94869971,Johann Caspar Müller,re_german_world,German world,1670.0,theologian,europe
2492,Q56024512,Guillaume Marcel,re_france,France,1647.0,geographer | historian,europe
2493,Q11737705,Kazimierz Biernacki,re_central_europe,Central Europe,1629.0,historian,europe
2494,Q15428098,Paul Floren,re_german_world,German world,1550.0,theologian,europe
2495,Q19945274,Jean Thiroux,re_france,France,1663.0,theologian,europe
2496,Q1696061,Johannes Schütz,re_german_world,German world,1531.0,theologian,europe
2497,Q55835691,Francisco Diego Sayas y Ortubia,re_spain,Spain,1598.0,historian,europe
2498,Q16888027,Simon Loeffler,re_german_world,German world,1627.0,theologian,europe
2499,Q1277022,Henry of Oyta,re_german_world,German world,1330.0,theologian,europe
2500,Q969637,Georg von Reicherstorffer,re_central_europe,Central Europe,1495.0,geographer | historian,europe
2501,Q68868,David Hollatz,re_central_europe,Central Europe,1648.0,theologian,europe
2502,Q2636609,Leonty Magnitsky,re_slav_world,Slav world,1669.0,mathematician,europe
2503,Q1693163,Johann Daniel Gruber,re_german_world,German world,1688.0,historian,europe
2504,Q1902418,Marquard II. Schenk von Castell,re_german_world,German world,1605.0,theologian,europe
2505,Q52158477,José Sicardo,re_spain,Spain,1643.0,historian,europe
2506,Q97456144,Johann Georg Gross,re_german_world,German world,1581.0,theologian,europe
2507,Q2960512,Charles-René d'Hozier,re_france,France,1640.0,historian,europe
2508,Q71316,Jacob Bidermann,re_italy,Italy,1578.0,theologian | philosopher,europe
2509,Q61793759,Gottfried Voigt,re_german_world,German world,1644.0,theologian | zoologist | physicist,europe
2510,Q5753271,Hieronim Moskorzowski,re_central_europe,Central Europe,1560.0,theologian,europe
2511,Q86991916,Johann Lavater,re_german_world,German world,1624.0,philosopher,europe
2512,Q5806368,Diego Mateo Zapata,re_spain,Spain,1664.0,philosopher,europe
2513,Q16646009,Johannes Cuno,re_german_world,German world,1463.0,theologian,europe
2514,Q1525677,Samuel Maresius,re_low_countries,Low countries,1599.0,theologian,europe
2515,Q94766559,Johannes Deuschlin,re_german_world,German world,1480.0,theologian,europe
2516,Q21809653,Jan Kryštof Bořek,re_german_world,German world,1665.0,economist,europe
2517,Q1949189,Moses Isserles,re_central_europe,Central Europe,1520.0,theologian,europe
2518,Q64780753,Tilman Limperger,re_german_world,German world,1455.0,theologian,europe
2519,Q67599,Johann Georg Graevius,re_low_countries,Low countries,1632.0,historian,europe
2520,Q97300221,Jaume Jordà,re_spain,Spain,1650.0,theologian | historian,europe
2521,Q1288869,Alexander Cunningham,re_british_islands,British Islands,1654.0,historian,europe
2522,Q342720,George Chapman,re_british_islands,British Islands,1559.0,linguist,europe
2523,Q1808204,Laurentius Stenzler,re_german_world,German world,1698.0,theologian,europe
2524,Q7701147,Teofil Rutka,re_slav_world,Slav world,1622.0,philosopher,europe
2525,Q88202,Georg Andreas Helwing,re_central_europe,Central Europe,1666.0,theologian | botanist,europe
2526,Q6219462,John Arrowsmith,re_british_islands,British Islands,1602.0,theologian,europe
2527,Q447318,Jacob Ziegler,re_german_world,German world,1470.0,theologian | geographer | astronomer | mathematician,europe
2528,Q91380,Michael Christoph Hanow,re_central_europe,Central Europe,1695.0,meteorologist | historian | mathematician,europe
2529,Q47507140,Jerónimo de Abarrátegui y Figueroa,re_spain,Spain,1653.0,theologian,europe
2530,Q2856921,Antoine de Ruffi,re_france,France,1607.0,historian,europe
2531,Q7788603,Thomas Cooper,re_british_islands,British Islands,1517.0,linguist,europe
2532,Q55123264,Mathias Agricius,re_german_world,German world,1545.0,historian,europe
2533,Q98693,Johann Benedict Carpzov,re_german_world,German world,1607.0,theologian,europe
2534,Q1417722,Joachim Bering,re_german_world,German world,1574.0,theologian,europe
2535,Q2080920,Petrus Alphonsi,re_spain,Spain,1062.0,theologian | astronomer,europe
2536,Q185832,Emmanuel Swedenborg,re_british_islands,British Islands,1688.0,theologian | philosopher | physicist | mathematician,europe
2537,Q621821,Caleb Threlkeld,re_british_islands,British Islands,1676.0,botanist,europe
2538,Q1385985,Kilian Stobæus,re_nordic_countries,Nordic countries,1690.0,historian | zoologist,europe
2539,Q3173209,Jean Lévesque de Burigny,re_france,France,1692.0,historian,europe
2540,Q109011,Hieronymus Schreiber,re_france,France,1600.0,astronomer | mathematician,europe
2541,Q2287807,Simone Simoni,re_central_europe,Central Europe,1532.0,philosopher,europe
2542,Q1220101,Jean Nadasi,re_german_world,German world,1613.0,theologian,europe
2543,Q4295,Peter Abelard,re_france,France,1079.0,theologian | linguist | philosopher | logician,europe
2544,Q11719605,Jan z Trzciany,re_slav_world,Slav world,1510.0,philosopher,europe
2545,Q3002898,Christoforo Borri,re_italy,Italy,1583.0,astronomer | mathematician,europe
2546,Q1116573,Johannes Liesegang,re_german_world,German world,1616.0,theologian,europe
2547,Q9206035,Deodat Nersesowicz,re_slav_world,Slav world,1647.0,theologian,europe
2548,Q65356,Sethus Calvisius,re_german_world,German world,1556.0,musicologist | astronomer | mathematician,europe
2549,Q2874928,Aymar du Rivail,re_france,France,1491.0,historian,europe
2550,Q24038746,Francesco Valesio,re_italy,Italy,1670.0,historian,europe
2551,Q102116,Joachim Oelhaf,re_central_europe,Central Europe,1570.0,anatomist,europe
2552,Q5353,Gilles de Corbeil,re_france,France,1140.0,anatomist,europe
2553,Q3435427,Robert Hues,re_british_islands,British Islands,1553.0,geographer | mathematician,europe
2554,Q104919340,Jacques Chanevelle,re_france,France,1620.0,philosopher,europe
2555,Q63232,Maria Cunitz,re_central_europe,Central Europe,1610.0,astronomer,europe
2556,Q122059,Gerhoh of Reichersberg,re_german_world,German world,1092.0,theologian,europe
2557,Q94904473,Johann Sauermann,re_german_world,German world,1640.0,philosopher,europe
2558,Q2735436,Thomas Pereira,re_portugal,Portugal,1645.0,astronomer | mathematician,europe
2559,Q3430484,Johan Risingh,re_nordic_countries,Nordic countries,1617.0,economist,europe
2560,Q21543007,Jean Benoît,re_france,France,1483.0,theologian,europe
2561,Q297435,Roscellinus,re_france,France,1050.0,theologian | philosopher,europe
2562,Q1489766,Gabriel Wagner,re_german_world,German world,1660.0,philosopher | mathematician | zoologist,europe
2563,Q2791618,Erycius Puteanus,re_low_countries,Low countries,1574.0,linguist,europe
2564,Q1218382,Steven Blankaart,re_low_countries,Low countries,1650.0,zoologist,europe
2565,Q1403346,Felix Bidembach,re_german_world,German world,1604.0,theologian,europe
2566,Q1073176,António Cordeiro,re_portugal,Portugal,1641.0,historian,europe
2567,Q88681144,Jacob Cellarius,re_german_world,German world,1542.0,philosopher,europe
2568,Q3384862,Pierre Du Moulin,re_france,France,1568.0,theologian,europe
2569,Q18945075,Bartolomeo Intieri,re_italy,Italy,1677.0,botanist,europe
2570,Q17002216,Anselm of Besate,re_italy,Italy,1050.0,philosopher,europe
2571,Q94920080,Gaspard Poitevin,re_france,France,1700.0,philosopher,europe
2572,Q18672337,Simon of Hinton,re_british_islands,British Islands,1248.0,theologian,europe
2573,Q1694199,Johann Gottlieb Olearius,re_slav_world,Slav world,1684.0,historian,europe
2574,Q1677772,Jacobus Trigland,re_low_countries,Low countries,1652.0,theologian,europe
2575,Q71437,John Brugman,re_low_countries,Low countries,1400.0,theologian,europe
2576,Q6215993,Johann Jacob Grasser,re_german_world,German world,1579.0,historian,europe
2577,Q1079619,Christian Friedrich Knorr,re_german_world,German world,1646.0,theologian,europe
2578,Q312372,Adelard of Bath,re_british_islands,British Islands,1075.0,astronomer | philosopher | mathematician,europe
2579,Q22691350,Nicolaus Beusser,re_german_world,German world,1600.0,mathematician,europe
2580,Q1959852,Ioannes Servilius,re_low_countries,Low countries,1536.0,linguist,europe
2581,Q1259164,Rudolf Collinus,re_german_world,German world,1499.0,theologian,europe
2582,Q28923839,Torello Saraina,re_italy,Italy,1475.0,historian,europe
2583,Q316835,Arnold of Lübeck,re_german_world,German world,1150.0,historian,europe
2584,Q646092,Beatus Rhenanus,re_france,France,1485.0,philosopher | historian,europe
2585,Q1973226,Cornelis Grapheus,re_low_countries,Low countries,1482.0,theologian,europe
2586,Q94934326,Hendrik Ravesteijn,re_low_countries,Low countries,1678.0,theologian,europe
2587,Q330740,Abraham Zacuto,re_spain,Spain,1450.0,astronomer | historian | mathematician,europe
2588,Q322560,Abner of Burgos,re_spain,Spain,1270.0,philosopher,europe
2589,Q1307637,Pedro de Ribadeneira,re_spain,Spain,1527.0,historian,europe
2590,Q94866605,Andreas Kirchberger,re_german_world,German world,1555.0,theologian,europe
2591,Q15984834,William Buckley,re_british_islands,British Islands,1519.0,mathematician,europe
2592,Q728668,Stephen Harding,re_france,France,1059.0,theologian,europe
2593,Q1690375,Joachim Praetorius,re_central_europe,Central Europe,1566.0,theologian,europe
2594,Q5807749,Olof Hiorter,re_nordic_countries,Nordic countries,1696.0,astronomer,europe
2595,Q5580,Albrecht Dürer,re_german_world,German world,1471.0,art theorist | mathematician,europe
2596,Q26721209,Anton Klingler,re_german_world,German world,1649.0,theologian,europe
2597,Q19502119,Christian Trentsch,re_german_world,German world,1605.0,philosopher,europe
2598,Q28837246,Antonino da Patti,re_italy,Italy,1539.0,theologian,europe
2599,Q55857462,Abraham Musculus,re_german_world,German world,1534.0,theologian,europe
2600,Q17003247,Jan of Holešov,re_central_europe,Central Europe,1366.0,theologian | anthropologist,europe
2601,Q13522643,Johann Vesembeck,re_german_world,German world,1548.0,theologian,europe
2602,Q66622267,Pedro Martínez de Brea,re_spain,Spain,1600.0,philosopher,europe
2603,Q1368362,Wolfgang Capito,re_france,France,1478.0,theologian,europe
2604,Q5567104,Ralph Bathurst,re_british_islands,British Islands,1620.0,theologian,europe
2605,Q1229700,John of Garland,re_british_islands,British Islands,1195.0,linguist | historian,europe
2606,Q3219052,Laurent Bordelon,re_france,France,1653.0,theologian,europe
2607,Q677202,Jan Brożek,re_central_europe,Central Europe,1585.0,astronomer | mathematician,europe
2608,Q1782485,Conrad Vorstius,re_german_world,German world,1569.0,theologian,europe
2609,Q17126532,Sigismundus Gossembrot,re_france,France,1417.0,historian,europe
2610,Q6215730,Johann Chrysostom Magnenus,re_france,France,1590.0,philosopher,europe
2611,Q3385840,Pierre Le Baud,re_france,France,1458.0,historian,europe
2612,Q1451332,Christoph Kaldenbach,re_german_world,German world,1613.0,historian,europe
2613,Q4639752,Gerónimo Uztáriz,re_spain,Spain,1670.0,economist,europe
2614,Q124386,Johann Heinrich Heidegger,re_german_world,German world,1633.0,theologian,europe
2615,Q16859253,Jean Bouguer,re_france,France,1652.0,geographer | mathematician,europe
2616,Q560142,Jean Astruc,re_france,France,1684.0,theologian,europe
2617,Q465329,Stephen Langton,re_british_islands,British Islands,1150.0,theologian,europe
2618,Q255334,Georg Henisch,re_german_world,German world,1549.0,historian,europe
2619,Q1380865,Jeremias Homberger,re_central_europe,Central Europe,1529.0,theologian,europe
2620,Q106112,Martin Behm,re_central_europe,Central Europe,1557.0,theologian,europe
2621,Q3613818,Ambrogio Catarino Politi,re_italy,Italy,1487.0,theologian,europe
2622,Q66853,Manegold of Lautenbach,re_german_world,German world,1030.0,theologian | philosopher,europe
2623,Q2087101,Philipp Peter Guden,re_german_world,German world,1642.0,theologian,europe
2624,Q3093724,Gabriel Dugrès,re_france,France,1631.0,linguist,europe
2625,Q78666218,Felipe Colombo,re_spain,Spain,1623.0,historian,europe
2626,Q94874389,Christian Gotthelf Birnbaum,re_german_world,German world,1651.0,theologian,europe
2627,Q15454129,Zacharias Grape,re_german_world,German world,1671.0,theologian,europe
2628,Q585889,Antoine Court,re_german_world,German world,1696.0,historian,europe
2629,Q1700641,John Jonston,re_central_europe,Central Europe,1603.0,botanist | zoologist | historian,europe
2630,Q24067400,Adam Heinrich Lackmann,re_german_world,German world,1694.0,historian,europe
2631,Q94919939,Meletios Syrigos,re_balkans,Balkans,1585.0,theologian,europe
2632,Q6836003,Michał Falkener,re_central_europe,Central Europe,1460.0,astronomer | philosopher | mathematician,europe
2633,Q3174858,Jean Tronchin Dubreuil,re_german_world,German world,1641.0,historian,europe
2634,Q55673422,Johann Conrad Dieterich,re_german_world,German world,1612.0,historian,europe
2635,Q1084848,Christoph Fischer,re_german_world,German world,1650.0,theologian,europe
2636,Q6774256,Marten Schagen,re_low_countries,Low countries,1700.0,historian,europe
2637,Q69432,Quirinus Kuhlmann,re_slav_world,Slav world,1651.0,theologian,europe
2638,Q15651684,Mélèce Syrigos,re_balkans,Balkans,1586.0,theologian,europe
2639,Q5684449,Rodrigo Méndez Silva,re_italy,Italy,1606.0,historian,europe
2640,Q10324338,Manuel Luís Maldonado,re_portugal,Portugal,1644.0,historian,europe
2641,Q55071968,Lars Roberg,re_nordic_countries,Nordic countries,1664.0,botanist | zoologist,europe
2642,Q8078448,Étienne Agard de Champs,re_france,France,1613.0,theologian,europe
2643,Q123448,Christian Frederick Boerner,re_german_world,German world,1683.0,theologian,europe
2644,Q1693335,Johann Engelhard Steuber,re_german_world,German world,1693.0,theologian,europe
2645,Q55807,William Baffin,re_british_islands,British Islands,1584.0,geographer,europe
2646,Q1910337,Matthias Stojus,re_slav_world,Slav world,1526.0,mathematician,europe
2647,Q15455831,Johannes Wessel,re_german_world,German world,1671.0,theologian,europe
2648,Q94942911,Joseph Ritter,re_german_world,German world,1695.0,theologian | philosopher,europe
2649,Q5483782,Francisco Pareja,re_spain,Spain,1600.0,linguist,europe
2650,Q98447,Jeremias Friedrich Reuß,re_german_world,German world,1700.0,theologian,europe
2651,Q216692,Ludvig Holberg,re_nordic_countries,Nordic countries,1684.0,philosopher | historian,europe
2652,Q22693527,Georg Michael Preu,re_german_world,German world,1681.0,theologian,europe
2653,Q3377691,Petrus Serrarius,re_low_countries,Low countries,1600.0,theologian,europe
2654,Q548981,Alberic of Trois-Fontaines,re_france,France,1201.0,historian,europe
2655,Q11851351,Andreas Thuronius,re_nordic_countries,Nordic countries,1632.0,astronomer | philosopher,europe
2656,Q3708518,Dionigi di Borgo San Sepolcro,re_italy,Italy,1300.0,theologian,europe
2657,Q3171356,Jean Cochet,re_france,France,1698.0,philosopher,europe
2658,Q3163926,Jean-Baptiste Cadry,re_france,France,1680.0,theologian,europe
2659,Q11857929,Enevaldus Svenonius,re_nordic_countries,Nordic countries,1617.0,theologian,europe
2660,Q94908479,Lüder Kannengiesser,re_german_world,German world,1631.0,theologian | philosopher,europe
2661,Q5565299,Thomas Bang,re_nordic_countries,Nordic countries,1600.0,theologian,europe
2662,Q1084906,Christoph Friedrich Lämmel,re_german_world,German world,1659.0,theologian,europe
2663,Q1598247,Heinrich Majus,re_german_world,German world,1632.0,physicist,europe
2664,Q1224163,Theodoric of Freiberg,re_german_world,German world,1250.0,theologian | philosopher | physicist,europe
2665,Q105826791,Gaspar de Aguilar,re_spain,Spain,1500.0,musicologist,europe
2666,Q349065,Anton Maria Salvini,re_italy,Italy,1653.0,botanist,europe
2667,Q3190791,Jérôme Abarca-Bolea-y-Portugal,re_spain,Spain,1500.0,historian,europe
2668,Q94889806,Johann Conrad Zeller,re_german_world,German world,1603.0,theologian,europe
2669,Q15438191,Daniel Tossanus,re_german_world,German world,1590.0,theologian,europe
2670,Q6070246,Pere Tomás,re_spain,Spain,1280.0,philosopher,europe
2671,Q3185841,Joseph de Jouvancy,re_italy,Italy,1643.0,historian,europe
2672,Q1437025,Jacobus Polius,re_german_world,German world,1588.0,historian,europe
2673,Q1767425,Girolamo Vittori,re_france,France,1549.0,linguist,europe
2674,Q1764693,Robert Dudley,re_italy,Italy,1574.0,geographer,europe
2675,Q381010,Olaus Petri,re_nordic_countries,Nordic countries,1493.0,theologian | historian,europe
2676,Q12795314,Luka Knafelj,re_central_europe,Central Europe,1621.0,theologian,europe
2677,Q7519855,Simon Syrenius,re_central_europe,Central Europe,1540.0,botanist,europe
2678,Q1696067,Johann Samuel Adami,re_german_world,German world,1638.0,theologian,europe
2679,Q3768899,Girolamo Borgia,re_italy,Italy,1475.0,historian,europe
2680,Q3565991,Gabriele Manfredi,re_italy,Italy,1681.0,mathematician,europe
2681,Q41569664,Antonio Gallo,re_italy,Italy,1440.0,historian,europe
2682,Q108434822,Ludolf Walther,re_german_world,German world,1595.0,theologian,europe
2683,Q94933948,Martin Ludemann,re_german_world,German world,1603.0,theologian | philosopher,europe
2684,Q426862,Guido Bonatti,re_italy,Italy,1223.0,astronomer,europe
2685,Q1619056,Johann Rurer,re_german_world,German world,1480.0,theologian,europe
2686,Q18945563,Johann Lantz,re_german_world,German world,1564.0,mathematician,europe
2687,Q60095,Otto von Guericke,re_german_world,German world,1602.0,physicist,europe
2688,Q3938268,Robert Ferguson,re_british_islands,British Islands,1637.0,historian,europe
2689,Q55122312,Johann Michael Lang,re_german_world,German world,1664.0,theologian,europe
2690,Q3577158,Ægidius Ziervgel,re_nordic_countries,Nordic countries,1697.0,botanist,europe
2691,Q95298775,Bernhard Ströbel,re_german_world,German world,1567.0,theologian,europe
2692,Q15811728,Georg Heinrich Keller,re_german_world,German world,1624.0,theologian,europe
2693,Q127641,Vitus Bering,re_nordic_countries,Nordic countries,1681.0,geographer,europe
2694,Q1176562,David Schwertner,re_german_world,German world,1625.0,theologian,europe
2695,Q5587405,Reinerus Reineri Broocman,re_nordic_countries,Nordic countries,1677.0,theologian,europe
2696,Q333232,Vasily Tatishchev,re_slav_world,Slav world,1686.0,historian | geographer | economist | anthropologist,europe
2697,Q55193282,Heinrich Friedrich Otto,re_german_world,German world,1692.0,historian,europe
2698,Q2417087,Theobald Nigrinus,re_france,France,1485.0,theologian,europe
2699,Q2421569,Simon van Leeuwen,re_low_countries,Low countries,1627.0,historian,europe
2700,Q94930895,Georg Wolf,re_german_world,German world,1575.0,theologian,europe
2701,Q13054796,Christian Møinichen,re_nordic_countries,Nordic countries,1683.0,theologian,europe
2702,Q92786753,Gaudenci Senac,re_spain,Spain,1700.0,botanist,europe
2703,Q4207154,Marco Antonio Cadamosto,re_italy,Italy,1476.0,mathematician,europe
2704,Q108815,Salomon Alberti,re_german_world,German world,1540.0,anatomist,europe
2705,Q6136324,James Howell,re_british_islands,British Islands,1594.0,historian,europe
2706,Q3340170,Nicolas Caignet de Fréauville,re_france,France,1250.0,theologian,europe
2707,Q19959787,Johann Heberer,re_german_world,German world,1568.0,historian,europe
2708,Q3340748,Nicolas Robert,re_france,France,1614.0,zoologist,europe
2709,Q19402352,Bartholomeus Mercator,re_low_countries,Low countries,1540.0,geographer,europe
2710,Q87861,Bernhard Pez,re_german_world,German world,1683.0,historian,europe
2711,Q461640,Isaac ben Joseph ibn Pulgar,re_spain,Spain,1201.0,philosopher,europe
2712,Q907815,Pál Doleschall,re_central_europe,Central Europe,1700.0,linguist,europe
2713,Q5594681,Martin Aschaneus,re_nordic_countries,Nordic countries,1575.0,archeologist,europe
2714,Q289655,Étienne François Geoffroy,re_france,France,1672.0,chemist,europe
2715,Q1679186,Jakob Köbel,re_german_world,German world,1462.0,mathematician,europe
2716,Q5822,Piero della Francesca,re_italy,Italy,1416.0,mathematician,europe
2717,Q58753,August Hermann Francke,re_german_world,German world,1663.0,theologian,europe
2718,Q3384620,Pierre Dangicourt,re_german_world,German world,1664.0,mathematician,europe
2719,Q21207730,Jean-François du Soleil,re_france,France,1490.0,astronomer | mathematician,europe
2720,Q11717750,Jan Innocenty Petrycy,re_central_europe,Central Europe,1592.0,historian,europe
2721,Q3147472,Ibn Al-Thahabi,re_spain,Spain,901.0,chemist,europe
2722,Q350198,Olaus Rudbeck,re_nordic_countries,Nordic countries,1630.0,botanist | astronomer | archeologist | anatomist | historian,europe
2723,Q3990733,Thomas Watson,re_british_islands,British Islands,1616.0,theologian,europe
2724,Q5783020,Petter Hahn,re_nordic_countries,Nordic countries,1650.0,anatomist,europe
2725,Q1514998,Gershom Carmichael,re_british_islands,British Islands,1672.0,philosopher,europe
2726,Q1628129,William of St-Thierry,re_france,France,1075.0,theologian | philosopher,europe
2727,Q72662,Urbanus Rhegius,re_german_world,German world,1489.0,theologian,europe
2728,Q1294162,Edward Wright,re_british_islands,British Islands,1561.0,geographer | mathematician,europe
2729,Q9334711,Sebastian Bobola,re_central_europe,Central Europe,1586.0,theologian,europe
2730,Q106042171,Leonhard Jacobi,re_german_world,German world,1515.0,theologian,europe
2731,Q55125823,Martin Plantsch,re_german_world,German world,1460.0,theologian,europe
2732,Q3309745,Michel Germain,re_france,France,1645.0,historian,europe
2733,Q85153,Johan Gabriel Doppelmayr,re_german_world,German world,1677.0,geographer | astronomer | mathematician,europe
2734,Q1695735,Johann Otto Henckel,re_german_world,German world,1636.0,theologian,europe
2735,Q2064215,Paul Götze,re_german_world,German world,1570.0,historian,europe
2736,Q55681068,Jan Zahrádka,re_central_europe,Central Europe,1501.0,mathematician,europe
2737,Q73366,Heinrich Khunrath,re_german_world,German world,1560.0,philosopher,europe
2738,Q107525058,Giuseppe Ghisleri,re_italy,Italy,1573.0,philosopher,europe
2739,Q1670823,Jan Radomiński,re_france,France,1687.0,philosopher,europe
2740,Q55226089,Girolamo Buonagrazia,re_italy,Italy,1470.0,philosopher,europe
2741,Q15440232,Johann Andreas Gleich,re_german_world,German world,1666.0,theologian,europe
2742,Q2287856,Simon Titius,re_slav_world,Slav world,1521.0,physicist,europe
2743,Q1692978,Johann Christian Seidel,re_german_world,German world,1699.0,theologian | astronomer,europe
2744,Q1090266,William Gascoigne,re_british_islands,British Islands,1612.0,astronomer | mathematician,europe
2745,Q77397,Valentin Weigel,re_german_world,German world,1533.0,theologian | philosopher,europe
2746,Q5986776,Niels Mikkelsen Aalborg,re_nordic_countries,Nordic countries,1562.0,zoologist,europe
2747,Q3735496,John of St. Thomas,re_spain,Spain,1589.0,philosopher,europe
2748,Q55876393,Antonio Foresti,re_italy,Italy,1625.0,historian,europe
2749,Q320935,Nestor the Chronicler,re_slav_world,Slav world,1056.0,historian,europe
2750,Q2280913,Sibrandus Lubbertus,re_low_countries,Low countries,1556.0,theologian,europe
2751,Q1238812,Johann Gottfried Leschnert,re_german_world,German world,1681.0,historian,europe
2752,Q60169361,Ulrik Steidler,re_german_world,German world,1500.0,philosopher,europe
2753,Q3894236,Paolo Mattia Doria,re_italy,Italy,1667.0,philosopher | mathematician,europe
2754,Q2834208,Alexandre de Simon de Palmas,re_france,France,1684.0,botanist,europe
2755,Q6171180,Jean Mercier,re_france,France,1510.0,linguist,europe
2756,Q7599221,Stanisław Sarnicki,re_central_europe,Central Europe,1532.0,historian,europe
2757,Q18530742,Richard Billingham,re_british_islands,British Islands,1300.0,theologian | logician,europe
2758,Q15452077,Georg Melchior Ludolf,re_german_world,German world,1667.0,historian,europe
2759,Q952846,Antonio de Solís y Ribadeneyra,re_spain,Spain,1610.0,historian,europe
2760,Q107474,Timotheus Kirchner,re_german_world,German world,1533.0,theologian,europe
2761,Q5416903,Everard Digby,re_british_islands,British Islands,1550.0,philosopher,europe
2762,Q56023320,Hieronymus Praetorius,re_german_world,German world,1595.0,physicist,europe
2763,Q62770,Johannes Schöner,re_german_world,German world,1477.0,geographer | astronomer | mathematician,europe
2764,Q3498009,Stefano degli Angeli,re_italy,Italy,1623.0,philosopher | mathematician,europe
2765,Q182046,Leon Battista Alberti,re_italy,Italy,1404.0,musicologist | philosopher | linguist | mathematician,europe
2766,Q4798307,Arthur Collins,re_british_islands,British Islands,1682.0,historian,europe
2767,Q89466,Johannes Scheubel,re_german_world,German world,1494.0,astronomer | mathematician,europe
2768,Q59527972,Girolamo Vitali,re_italy,Italy,1624.0,theologian | mathematician,europe
2769,Q95169558,Leopold Svojský,re_central_europe,Central Europe,1699.0,theologian,europe
2770,Q55133989,Johann Christoph Schinmeyer,re_german_world,German world,1696.0,theologian,europe
2771,Q3955738,Serafin Crijević,re_balkans,Balkans,1696.0,historian,europe
2772,Q4321312,William Neile,re_british_islands,British Islands,1637.0,mathematician,europe
2773,Q7983549,Wernher Steiner,re_german_world,German world,1492.0,historian,europe
2774,Q59626443,Cesare Campana,re_italy,Italy,1540.0,historian,europe
2775,Q999655,Johann Jakob Rüeger,re_german_world,German world,1548.0,theologian | historian,europe
2776,Q1356811,Joseph Sauveur,re_france,France,1653.0,musicologist | physicist | mathematician,europe
2777,Q2576015,Wilhelm von Reichenau,re_german_world,German world,1426.0,theologian,europe
2778,Q87662,Victorinus Strigel,re_german_world,German world,1524.0,theologian,europe
2779,Q2881594,Balthazar Eymar,re_france,France,1681.0,theologian,europe
2780,Q106208,Denis Papin,re_british_islands,British Islands,1647.0,physicist | mathematician,europe
2781,Q3655969,Anders Bure,re_nordic_countries,Nordic countries,1571.0,geographer,europe
2782,Q1126408,John of Küküllő,re_central_europe,Central Europe,1320.0,historian,europe
2783,Q64876357,Juan Sánchez Sedeño,re_spain,Spain,1552.0,logician,europe
2784,Q108408275,Cornelis Pietersz. Biens,re_low_countries,Low countries,1601.0,geographer | art theorist,europe
2785,Q57201504,Filippo Maria Bonini,re_german_world,German world,1612.0,theologian,europe
2786,Q2650086,Pierre Coudenberg,re_low_countries,Low countries,1517.0,botanist,europe
2787,Q1596838,Heinrich Brennwald,re_german_world,German world,1478.0,historian,europe
2788,Q1692973,Johann Christian Schamberg,re_german_world,German world,1667.0,chemist,europe
2789,Q696950,Arnoldus Montanus,re_low_countries,Low countries,1625.0,theologian | geographer | philosopher | historian,europe
2790,Q94898472,Johannes Texelius,re_low_countries,Low countries,1637.0,philosopher,europe
2791,Q1047954,Caspar Landsidelius,re_german_world,German world,1514.0,philosopher,europe
2792,Q3101332,Georg Stengel,re_german_world,German world,1584.0,theologian | philosopher,europe
2793,Q1381974,Matthew Tindal,re_british_islands,British Islands,1657.0,theologian | philosopher,europe
2794,Q2960686,Charles de Rochefort,re_france,France,1605.0,botanist,europe
2795,Q1238914,Peter of Corbeil,re_france,France,1101.0,theologian,europe
2796,Q600041,Scipione Ammirato,re_italy,Italy,1531.0,historian,europe
2797,Q316559,Arnold Geulincx,re_low_countries,Low countries,1624.0,philosopher,europe
2798,Q19631486,Johannes Rosa,re_german_world,German world,1532.0,historian,europe
2799,Q94932964,Jakob Carpzov,re_german_world,German world,1699.0,theologian,europe
2800,Q13441765,Matus Kephalides,re_central_europe,Central Europe,1645.0,philosopher,europe
2801,Q3750080,Francesco Grassi,re_italy,Italy,1685.0,archeologist,europe
2802,Q3340905,Nicolas de Bonnefons,re_france,France,1650.0,botanist,europe
2803,Q3157640,Jacopo Facciolati,re_italy,Italy,1682.0,linguist,europe
2804,Q1597992,Heinrich Klausing,re_german_world,German world,1675.0,theologian | astronomer | mathematician,europe
2805,Q41617826,Innocenzio Ringhieri,re_italy,Italy,1501.0,astronomer,europe
2806,Q556932,Otto Heurnius,re_low_countries,Low countries,1577.0,philosopher | zoologist | botanist | mathematician | anatomist | theologian | historian,europe
2807,Q1612752,Hermann Serges,re_german_world,German world,1500.0,theologian,europe
2808,Q3022925,Denis Sauvage,re_france,France,1520.0,linguist | historian,europe
2809,Q3261757,Louis Du Four de Longuerue,re_france,France,1652.0,historian,europe
2810,Q899649,Ludovik Crijević Tuberon,re_balkans,Balkans,1459.0,historian,europe
2811,Q16268626,Antonio Pelacani,re_italy,Italy,1275.0,philosopher,europe
2812,Q3380444,Philippe Naudé le Jeune,re_german_world,German world,1684.0,mathematician,europe
2813,Q17125446,Johannes Remus Quietanus,re_france,France,1588.0,astronomer,europe
2814,Q1226269,Georg Ludwig Oeder,re_german_world,German world,1694.0,theologian,europe
2815,Q21508118,Dominique Chabrey,re_german_world,German world,1610.0,botanist,europe
2816,Q1870054,Lorenz Dürnhofer,re_german_world,German world,1532.0,theologian,europe
2817,Q15454572,Peter Sasse,re_german_world,German world,1571.0,philosopher,europe
2818,Q2263863,Benedetto Accolti the Elder,re_italy,Italy,1415.0,historian,europe
2819,Q3052782,Emmanuel Maignan,re_france,France,1601.0,theologian | physicist,europe
2820,Q1066618,Charles du Bois,re_british_islands,British Islands,1656.0,botanist,europe
2821,Q5484103,Francisco de Artiga,re_spain,Spain,1650.0,mathematician,europe
2822,Q1910439,Matthias of Neuenburg,re_german_world,German world,1327.0,historian,europe
2823,Q6752986,Manuel de Mesquita Perestrelo,re_portugal,Portugal,1510.0,geographer,europe
2824,Q12257967,Francisco Tornamira,re_spain,Spain,1534.0,astronomer,europe
2825,Q10307797,Johannes Heinrich Ursinus,re_german_world,German world,1608.0,zoologist,europe
2826,Q507790,Nehemiah Grew,re_british_islands,British Islands,1641.0,botanist,europe
2827,Q2044035,Thomas Traherne,re_british_islands,British Islands,1636.0,theologian,europe
2828,Q352663,Sperone Speroni,re_italy,Italy,1500.0,philosopher,europe
2829,Q782615,Pieter Langendijk,re_low_countries,Low countries,1683.0,historian,europe
2830,Q4375031,James Pound,re_british_islands,British Islands,1669.0,astronomer,europe
2831,Q1384223,Theodor Trendelenburg,re_german_world,German world,1696.0,theologian,europe
2832,Q3907883,Pompeo Sarnelli,re_italy,Italy,1649.0,historian,europe
2833,Q2344053,Stephan von Kolin,re_central_europe,Central Europe,1360.0,theologian,europe
2834,Q95234578,Johann Jacob Stromeyer,re_german_world,German world,1686.0,theologian,europe
2835,Q819521,"John VII, Count of Nassau-Siegen",re_german_world,German world,1561.0,historian,europe
2836,Q459735,Ambrosius Rhode,re_german_world,German world,1577.0,astronomer | mathematician,europe
2837,Q5629624,Bengt Ekehielm,re_nordic_countries,Nordic countries,1612.0,geographer,europe
2838,Q17332520,Robertus Dixon,re_british_islands,British Islands,1647.0,astronomer,europe
2839,Q1081040,Christian Matthiae,re_german_world,German world,1584.0,theologian,europe
2840,Q1710486,Juan Gil de Zámora,re_spain,Spain,1241.0,musicologist | zoologist,europe
2841,Q11908879,Beat Guillem de Tolosa,re_france,France,1297.0,philosopher,europe
2842,Q1911545,Mauritius Kramer,re_german_world,German world,1646.0,theologian,europe
2843,Q311625,Francesco Geminiani,re_british_islands,British Islands,1687.0,musicologist,europe
2844,Q1671905,Jean Crasset,re_france,France,1618.0,philosopher,europe
2845,Q15919417,Franz Sebastian Nonhardt,re_german_world,German world,1680.0,theologian,europe
2846,Q21283026,Thomas Knowlton,re_british_islands,British Islands,1691.0,botanist,europe
2847,Q1333551,Guy-Crescent Fagon,re_france,France,1638.0,botanist,europe
2848,Q454349,Amandus Polanus,re_german_world,German world,1561.0,theologian,europe
2849,Q55193335,Johann Schmidt,re_german_world,German world,1639.0,theologian,europe
2850,Q5389722,Erland Dryselius,re_nordic_countries,Nordic countries,1641.0,historian,europe
2851,Q1441170,Francesco Pellos,re_france,France,1450.0,mathematician,europe
2852,Q2358422,Augustin Royer,re_france,France,1650.0,astronomer,europe
2853,Q527567,Pedro Jaime Esteve,re_spain,Spain,1500.0,botanist,europe
2854,Q28150530,Daniel Pfisterer,re_german_world,German world,1651.0,botanist,europe
2855,Q125009,Nicholas Magni,re_german_world,German world,1355.0,theologian,europe
2856,Q533876,Pieter van der Aa,re_low_countries,Low countries,1659.0,geographer,europe
2857,Q52153970,Giovanni Battista Rasario,re_italy,Italy,1517.0,philosopher,europe
2858,Q6221695,Johannes Vallerius,re_nordic_countries,Nordic countries,1677.0,mathematician,europe
2859,Q1617556,Hieronymus Hirnhaim,re_central_europe,Central Europe,1637.0,philosopher,europe
2860,Q648856,Gilles Ménage,re_france,France,1613.0,linguist,europe
2861,Q17992320,Giambattista Bortoli,re_italy,Italy,1695.0,theologian,europe
2862,Q1150686,César Chesneau Dumarsais,re_france,France,1676.0,philosopher,europe
2863,Q69725,Heinrich Müller,re_german_world,German world,1631.0,theologian,europe
2864,Q1390575,Pasquier Quesnel,re_low_countries,Low countries,1634.0,theologian,europe
2865,Q112843202,Antonio Filoteo Omodei,re_italy,Italy,1533.0,historian,europe
2866,Q9057775,Pedro Salazar de Mendoza,re_spain,Spain,1549.0,historian,europe
2867,Q1982892,Gabriel Alonso de Herrera,re_spain,Spain,1470.0,botanist,europe
2868,Q84770,Paolo Riccio,re_german_world,German world,1480.0,theologian | philosopher | mathematician,europe
2869,Q16713710,Khachatur Kafayetsi,re_slav_world,Slav world,1592.0,historian,europe
2870,Q3327093,Moses of Bergamo,re_italy,Italy,1150.0,linguist,europe
2871,Q6171275,Jean Palairet,re_france,France,1697.0,geographer,europe
2872,Q94577231,Odilo von Gutrath,re_german_world,German world,1665.0,geographer,europe
2873,Q697179,Matthias Bel,re_central_europe,Central Europe,1684.0,theologian | philosopher | historian,europe
2874,Q733629,Menasseh Ben Israel,re_low_countries,Low countries,1604.0,philosopher,europe
2875,Q547901,Johannes Meursius,re_nordic_countries,Nordic countries,1579.0,historian,europe
2876,Q1570533,Wilhelm Momma,re_low_countries,Low countries,1642.0,theologian,europe
2877,Q17095558,Eliasz Arciszewski,re_central_europe,Central Europe,1630.0,theologian,europe
2878,Q1695050,Johann Justus Berkelmann,re_german_world,German world,1678.0,theologian,europe
2879,Q1095179,Romuald Guarna,re_italy,Italy,1115.0,historian,europe
2880,Q55678032,Christian Friedrich Heusling,re_german_world,German world,1696.0,theologian,europe
2881,Q15300202,Anton Wilhelm Böhme,re_british_islands,British Islands,1673.0,linguist,europe
2882,Q68675,Martin Zeiler,re_german_world,German world,1589.0,geographer,europe
2883,Q1423645,Joseph Grünpeck,re_german_world,German world,1473.0,historian,europe
2884,Q1598684,Heinrich Salmuth,re_german_world,German world,1522.0,theologian,europe
2885,Q431485,Joseph-Nicolas Delisle,re_france,France,1688.0,geographer | astronomer,europe
2886,Q5487543,Henricus Martini Fattbur,re_nordic_countries,Nordic countries,1590.0,theologian,europe
2887,Q55909381,Bonifazius Heinrich Ehrenberger,re_german_world,German world,1681.0,physicist | mathematician,europe
2888,Q959748,Frans Hogenberg,re_german_world,German world,1535.0,geographer,europe
2889,Q3180723,Johannes Bredenburg,re_low_countries,Low countries,1643.0,philosopher,europe
2890,Q969675,Joseph Solomon Delmedigo,re_central_europe,Central Europe,1591.0,philosopher | musicologist | astronomer | mathematician,europe
2891,Q42689643,Girolamo Fabri,re_italy,Italy,1627.0,historian,europe
2892,Q5930259,Hugh Candidus,re_british_islands,British Islands,1095.0,historian,europe
2893,Q1598264,Heinrich Martin Eckard,re_german_world,German world,1615.0,theologian,europe
2894,Q32912284,Rajmund Zamanja,re_balkans,Balkans,1587.0,linguist | philosopher,europe
2895,Q96110,Georg Franck von Franckenau,re_nordic_countries,Nordic countries,1643.0,botanist,europe
2896,Q5526542,Gaspar Hurtado,re_spain,Spain,1575.0,theologian,europe
2897,Q56006834,Urbain Plancher,re_france,France,1667.0,historian,europe
2898,Q21559782,Marcello Venuti,re_italy,Italy,1700.0,archeologist,europe
2899,Q599858,Antonio Beccadelli,re_italy,Italy,1394.0,historian,europe
2900,Q2090833,Gian Vincenzo Pinelli,re_italy,Italy,1535.0,botanist,europe
2901,Q3606791,Agostino Mascardi,re_italy,Italy,1590.0,historian,europe
2902,Q1697252,Johannes Velcurio,re_german_world,German world,1490.0,physicist,europe
2903,Q3171779,Jean Donneau de Visé,re_france,France,1638.0,historian,europe
2904,Q42544,Thomas More,re_british_islands,British Islands,1478.0,theologian | philosopher | historian,europe
2905,Q98386619,Luis de Lemos,re_portugal,Portugal,1530.0,philosopher,europe
2906,Q52063691,Lambert van den Bos,re_low_countries,Low countries,1620.0,historian,europe
2907,Q128027,Giorgio Vasari,re_italy,Italy,1511.0,art theorist,europe
2908,Q13468784,Claes Jansz. Wytmans,re_low_countries,Low countries,1570.0,geographer,europe
2909,Q1399,Niccolò Machiavelli,re_italy,Italy,1469.0,philosopher | historian | historian,europe
2910,Q960190,Galeazzo Gualdo Priorato,re_italy,Italy,1606.0,historian,europe
2911,Q94876594,Sebastian Bader,re_german_world,German world,1523.0,theologian,europe
2912,Q3620091,Antonio Riccoboni,re_italy,Italy,1541.0,historian,europe
2913,Q94910317,Joseph Grabe,re_german_world,German world,1541.0,theologian,europe
2914,Q430685,Sylvester Mazzolini,re_italy,Italy,1456.0,theologian,europe
2915,Q95179706,Christianus Bredt,re_central_europe,Central Europe,1680.0,theologian | philosopher,europe
2916,Q11032805,Jerónimo de Blancas y Tomás,re_spain,Spain,1600.0,historian,europe
2917,Q809298,Barthold von Krakewitz,re_german_world,German world,1582.0,theologian,europe
2918,Q1750353,Charles d'Orléans de Rothelin,re_france,France,1691.0,theologian,europe
2919,Q1617534,Hieronymus Dathe,re_german_world,German world,1667.0,theologian,europe
2920,Q6220512,Sabatino de Ursis,re_italy,Italy,1575.0,astronomer,europe
2921,Q59630610,Fernando Alvares Seco,re_portugal,Portugal,1550.0,geographer,europe
2922,Q1782288,Konrad Samuel Schurzfleisch,re_german_world,German world,1641.0,historian | zoologist,europe
2923,Q156902,Primož Trubar,re_german_world,German world,1508.0,theologian,europe
2924,Q3374076,Pedro Manrique,re_spain,Spain,1553.0,philosopher,europe
2925,Q12328782,Niels Griis,re_low_countries,Low countries,1672.0,theologian,europe
2926,Q95156271,Martin Pirchan,re_central_europe,Central Europe,1671.0,philosopher,europe
2927,Q94765756,Franz Rehm,re_german_world,German world,1634.0,theologian,europe
2928,Q16465120,Mykolas Ginkevičius,re_central_europe,Central Europe,1594.0,philosopher,europe
2929,Q853507,György Bárány,re_central_europe,Central Europe,1682.0,theologian,europe
2930,Q76510,Christian Wolff,re_german_world,German world,1679.0,philosopher | mathematician,europe
2931,Q3767580,Giovanni Lorenzo d'Anania,re_italy,Italy,1545.0,theologian | geographer,europe
2932,Q85636212,Johann Heinrich Grischow,re_german_world,German world,1678.0,theologian,europe
2933,Q442240,"Charles du Fresne, sieur du Cange",re_france,France,1610.0,historian,europe
2934,Q94916625,Christian Otto Weinschenck,re_german_world,German world,1687.0,theologian,europe
2935,Q306658,Abbo of Fleury,re_france,France,945.0,philosopher | mathematician,europe
2936,Q1695470,Johann Matthias Testarello della Massa,re_german_world,German world,1636.0,historian,europe
2937,Q477281,Amplonius Ratinck de Berka,re_german_world,German world,1363.0,theologian,europe
2938,Q78433,Johannes Clajus,re_german_world,German world,1535.0,theologian,europe
2939,Q87068374,Matteo Donia,re_italy,Italy,1550.0,philosopher,europe
2940,Q5629876,"Herman IV, Landgrave of Hesse-Rotenburg",re_german_world,German world,1607.0,anatomist,europe
2941,Q6830557,Michael Geddes,re_british_islands,British Islands,1650.0,historian,europe
2942,Q3309695,Michel Félibien,re_france,France,1665.0,historian,europe
2943,Q20101075,Zulema the Astrologer,re_spain,Spain,1190.0,astronomer,europe
2944,Q1088890,Crisóstomo Henríquez,re_low_countries,Low countries,1594.0,historian,europe
2945,Q677639,Jérôme-Hermès Bolsec,re_france,France,1501.0,theologian,europe
2946,Q5566575,Albert Bartholin,re_nordic_countries,Nordic countries,1620.0,theologian,europe
2947,Q2550000,Jan van Naaldwijk,re_low_countries,Low countries,1450.0,historian,europe
2948,Q214522,Johann Wolff,re_german_world,German world,1537.0,theologian | historian,europe
2949,Q2112581,Prokop Lupáč z Hlaváčova,re_central_europe,Central Europe,1535.0,historian,europe
2950,Q380648,Aegidius Strauch,re_central_europe,Central Europe,1632.0,theologian | mathematician,europe
2951,Q6068794,Pedro Fernández de Navarrete,re_spain,Spain,1564.0,economist,europe
2952,Q3292690,Marie Meurdrac,re_france,France,1610.0,chemist,europe
2953,Q18223441,Johann Pfeffer,re_german_world,German world,1415.0,theologian,europe
2954,Q1503948,Georg Christoph Kreysig,re_german_world,German world,1695.0,theologian,europe
2955,Q18670888,Charles Mackie,re_british_islands,British Islands,1688.0,historian,europe
2956,Q805629,Balthasar Mentzer,re_german_world,German world,1614.0,theologian,europe
2957,Q3014743,Daniel Tilenus,re_france,France,1563.0,theologian,europe
2958,Q38158885,Niccolò Arrighetti,re_italy,Italy,1586.0,mathematician,europe
2959,Q171677,Roger Bacon,re_british_islands,British Islands,1220.0,philosopher | physicist | musicologist | mathematician | theologian,europe
2960,Q2113216,Prosdocimus de Beldemandis,re_italy,Italy,1375.0,musicologist | astronomer | mathematician,europe
2961,Q59529773,Pompeo Vizani,re_italy,Italy,1540.0,historian,europe
2962,Q55672689,Jacques Félibien,re_france,France,1637.0,theologian,europe
2963,Q63143360,Francesco Maria Ottieri,re_italy,Italy,1665.0,historian,europe
2964,Q3766049,Giovan Battista Amico,re_italy,Italy,1512.0,astronomer | philosopher | mathematician,europe
2965,Q94916273,Johann Christoph Gropp,re_german_world,German world,1684.0,theologian,europe
2966,Q23840943,Luis López,re_spain,Spain,1520.0,theologian,europe
2967,Q1394267,Ignjat Đurđević,re_balkans,Balkans,1675.0,astronomer | linguist,europe
2968,Q3903484,Pierre de la Poterie,re_france,France,1581.0,chemist,europe
2969,Q11716442,Jakub Henryk Zerneke,re_central_europe,Central Europe,1672.0,historian,europe
2970,Q2087735,Philippe Sergeant,re_france,France,1600.0,botanist,europe
2971,Q1331236,Conrad Matthaeus,re_german_world,German world,1519.0,historian,europe
2972,Q615523,Juan Bermudo,re_spain,Spain,1510.0,musicologist | mathematician,europe
2973,Q1730302,Carl Andreas Duker,re_german_world,German world,1670.0,historian,europe
2974,Q26262803,Girolamo Fantoni,re_italy,Italy,1462.0,theologian,europe
2975,Q1505032,Georg Konrad Rieger,re_german_world,German world,1687.0,theologian,europe
2976,Q3484427,Simon Reboulet,re_france,France,1686.0,historian,europe
2977,Q55122650,Heinrich Duysing,re_german_world,German world,1628.0,theologian,europe
2978,Q477492,Philipp von Hörnigk,re_german_world,German world,1640.0,economist,europe
2979,Q27999329,Teofilo Macchetti,re_italy,Italy,1632.0,musicologist,europe
2980,Q1903870,Martin Gotthelf Löscher,re_german_world,German world,1680.0,physicist,europe
2981,Q1696422,Johann Ulrich Pregizer I,re_german_world,German world,1577.0,theologian,europe
2982,Q19630419,Louis de La Barre,re_france,France,1688.0,historian,europe
2983,Q1574317,Johann Diedrich Lappenberg,re_german_world,German world,1672.0,theologian,europe
2984,Q89996695,Antonio de Cianca,re_spain,Spain,1550.0,historian,europe
2985,Q24351937,Mateus de Aranda,re_portugal,Portugal,1495.0,musicologist,europe
2986,Q94831129,Johann Willerding,re_german_world,German world,1594.0,theologian,europe
2987,Q445943,Alphonse Antonio de Sarasa,re_low_countries,Low countries,1618.0,mathematician,europe
2988,Q24706498,Bernardo Facini,re_italy,Italy,1665.0,astronomer | mathematician,europe
2989,Q370777,Andreas Ryff,re_german_world,German world,1550.0,historian,europe
2990,Q3771321,Giuseppe Ripamonti,re_italy,Italy,1573.0,historian,europe
2991,Q33802236,Jean Tarin,re_france,France,1590.0,historian,europe
2992,Q533759,Joseph de la Vega,re_low_countries,Low countries,1650.0,economist,europe
2993,Q1695858,Johann Philipp Crollius,re_german_world,German world,1693.0,historian,europe
2994,Q447170,Marie Dentière,re_france,France,1495.0,theologian,europe
2995,Q72880,Julius Schiller,re_german_world,German world,1580.0,astronomer,europe
2996,Q11686547,Anzelm Gostomski,re_central_europe,Central Europe,1508.0,botanist,europe
2997,Q3160342,Jacques de Sainte-Beuve,re_france,France,1613.0,theologian,europe
2998,Q1366667,Esaias Stiefel,re_german_world,German world,1561.0,theologian,europe
2999,Q1902961,Marteinn Einarsson,re_nordic_countries,Nordic countries,1500.0,theologian,europe
3000,Q1707753,Joseph Osiander,re_german_world,German world,1589.0,theologian,europe
3001,Q8078451,Étienne Bauny,re_france,France,1564.0,theologian,europe
3002,Q13585837,Jonasz Szlichtyng,re_central_europe,Central Europe,1592.0,theologian,europe
3003,Q20172444,Johann Heinrich Hottinger,re_german_world,German world,1680.0,geologist,europe
3004,Q94929964,Joachim Westphal,re_german_world,German world,1551.0,theologian,europe
3005,Q94905490,Johann Fritzsche,re_german_world,German world,1656.0,theologian,europe
3006,Q106591478,Simon Böckh,re_german_world,German world,1664.0,theologian,europe
3007,Q1310633,Francesc Eiximenis,re_spain,Spain,1330.0,philosopher,europe
3008,Q96656,Martin Moller,re_german_world,German world,1547.0,theologian | philosopher,europe
3009,Q268474,John Owen,re_british_islands,British Islands,1616.0,theologian,europe
3010,Q1344348,Georg Paul Rötenbeck,re_german_world,German world,1648.0,philosopher,europe
3011,Q95297951,Sebastian Schröder,re_german_world,German world,1599.0,chemist,europe
3012,Q1226841,Gérard Roussel,re_france,France,1500.0,theologian | philosopher,europe
3013,Q55134276,Quirinus Reuter,re_german_world,German world,1558.0,theologian,europe
3014,Q454594,Sixtinus Amama,re_low_countries,Low countries,1593.0,theologian,europe
3015,Q48088462,Christopher Heerfordt,re_central_europe,Central Europe,1609.0,botanist,europe
3016,Q1506156,Georg Stähelin,re_german_world,German world,1450.0,theologian,europe
3017,Q55126675,Justus Söffing,re_german_world,German world,1624.0,theologian,europe
3018,Q16859702,Johannes Gysius,re_low_countries,Low countries,1583.0,historian,europe
3019,Q21543076,Giovanni Battista Carafa,re_italy,Italy,1495.0,historian,europe
3020,Q650558,John Exarch,re_balkans,Balkans,900.0,linguist,europe
3021,Q60844070,Joseph Falck,re_german_world,German world,1680.0,theologian | mathematician,europe
3022,Q7610838,Stephen White,re_british_islands,British Islands,1574.0,theologian | linguist | historian,europe
3023,Q1503121,Hans Iversen Wandal,re_nordic_countries,Nordic countries,1579.0,theologian,europe
3024,Q8020569,William Worcester,re_british_islands,British Islands,1415.0,historian,europe
3025,Q4023586,Boverius,re_italy,Italy,1568.0,historian,europe
3026,Q7344935,Robert Greene,re_british_islands,British Islands,1678.0,philosopher,europe
3027,Q1153757,Mícheál Ó Cléirigh,re_low_countries,Low countries,1590.0,historian,europe
3028,Q2589707,Johann Friedrich Schweitzer,re_low_countries,Low countries,1630.0,botanist | chemist | anatomist,europe
3029,Q1697401,Johannes Deknatel,re_low_countries,Low countries,1698.0,theologian,europe
3030,Q38782279,Gabriel Groddeck,re_central_europe,Central Europe,1672.0,philosopher,europe
3031,Q4693274,Agnolo Monosini,re_italy,Italy,1568.0,linguist,europe
3032,Q6169250,Jean-François Foucquet,re_france,France,1665.0,astronomer | historian,europe
3033,Q3165237,Jean-Claude Sommier,re_france,France,1661.0,historian,europe
3034,Q1279596,Eberhard von Holle,re_german_world,German world,1532.0,theologian,europe
3035,Q94527019,Philipp Eberhard Zech,re_german_world,German world,1696.0,theologian,europe
3036,Q2041910,Benedetto Bordone,re_italy,Italy,1450.0,geographer,europe
3037,Q2187661,Francisco de Holanda,re_portugal,Portugal,1517.0,historian,europe
3038,Q2847037,André-François Deslandes,re_france,France,1689.0,philosopher,europe
3039,Q1640529,Lazare de Baïf,re_france,France,1496.0,linguist | philosopher,europe
3040,Q2976835,Claude Pierre Goujet,re_france,France,1697.0,historian,europe
3041,Q1609457,Herbord Schene,re_german_world,German world,1330.0,historian,europe
3042,Q20747393,Wigand Orth,re_german_world,German world,1537.0,theologian,europe
3043,Q103484,Israel Gottlieb Canz,re_german_world,German world,1690.0,theologian,europe
3044,Q356696,Jethro Tull,re_british_islands,British Islands,1674.0,botanist,europe
3045,Q105631017,Pedro Agramont Zaldíbar,re_spain,Spain,1567.0,historian,europe
3046,Q1504951,Georg Kaspar Kirchmaier,re_german_world,German world,1635.0,historian,europe
3047,Q15428720,Reinhard Gaißlin,re_german_world,German world,1480.0,theologian,europe
3048,Q3291053,Maria Selvaggia Borghini,re_italy,Italy,1656.0,linguist,europe
3049,Q94936588,Johann Heinrich Zeller,re_german_world,German world,1654.0,theologian,europe
3050,Q1694806,Johann Jacob Gottschaldt,re_german_world,German world,1688.0,theologian,europe
3051,Q649259,Ivan Possochkov,re_slav_world,Slav world,1652.0,economist,europe
3052,Q3387047,Pierre Sutor,re_france,France,1475.0,theologian,europe
3053,Q1694409,Johann Heinrich Heubel,re_german_world,German world,1694.0,historian,europe
3054,Q3106971,Giovanni Maria Velmazio,re_italy,Italy,1505.0,philosopher,europe
3055,Q1696354,Johann Soetefleisch,re_german_world,German world,1552.0,theologian,europe
3056,Q30347777,Durante Dorio,re_italy,Italy,1571.0,historian,europe
3057,Q76548,Meister Eckhart,re_france,France,1260.0,theologian | philosopher,europe
3058,Q20003439,Joan Baptista Anyés,re_spain,Spain,1480.0,theologian,europe
3059,Q16496382,Baltasar Teles,re_portugal,Portugal,1596.0,philosopher | historian,europe
3060,Q3159976,Jacques Saurin,re_france,France,1677.0,theologian,europe
3061,Q606748,Antonius Thysius,re_low_countries,Low countries,1565.0,theologian,europe
3062,Q3175415,Jean de Gagny,re_france,France,1401.0,theologian,europe
3063,Q913203,Brian Walton,re_british_islands,British Islands,1600.0,theologian,europe
3064,Q767769,Augustin Grischow,re_german_world,German world,1683.0,meteorologist | mathematician,europe
3065,Q55672284,François-Philippe Mésenguy,re_france,France,1677.0,theologian,europe
3066,Q523923,Julius Pomponius Laetus,re_italy,Italy,1428.0,philosopher,europe
3067,Q55281488,Giuseppe Rendina,re_italy,Italy,1608.0,historian,europe
3068,Q1679272,Jacob Otther,re_german_world,German world,1485.0,theologian,europe
3069,Q2389959,Johannes Koerbagh,re_low_countries,Low countries,1634.0,philosopher,europe
3070,Q311814,Giovanni Alfonso Borelli,re_italy,Italy,1608.0,mathematician,europe
3071,Q2919965,Alonso Fernández de Madrid,re_spain,Spain,1474.0,historian,europe
3072,Q816903,Benito Arias Montano,re_spain,Spain,1528.0,linguist,europe
3073,Q1296826,Jacob Loss,re_german_world,German world,1596.0,theologian,europe
3074,Q7452635,Serafino Porrecta,re_italy,Italy,1536.0,theologian,europe
3075,Q21006183,Matteo Egizio,re_italy,Italy,1674.0,historian,europe
3076,Q18744756,Louis Gorin de Saint-Amour,re_france,France,1619.0,theologian,europe
3077,Q6256064,John Rutty,re_british_islands,British Islands,1697.0,chemist | anatomist,europe
3078,Q503462,Paolo Paruta,re_italy,Italy,1540.0,historian,europe
3079,Q999983,Gui de Melun,re_france,France,1300.0,historian,europe
3080,Q5478415,Paolo Girardi,re_italy,Italy,1350.0,geologist,europe
3081,Q54888241,Onorio Belli,re_italy,Italy,1550.0,botanist,europe
3082,Q1697827,Johannes Kentmann,re_german_world,German world,1518.0,zoologist,europe
3083,Q16003209,Heinrich Schmid,re_german_world,German world,1611.0,theologian,europe
3084,Q18224490,Tiberio Russiliano,re_italy,Italy,1490.0,philosopher,europe
3085,Q7324346,Richard Bristow,re_british_islands,British Islands,1538.0,theologian,europe
3086,Q55911447,Pierre Schez,re_german_world,German world,1691.0,theologian,europe
3087,Q724991,Johan Robeck,re_german_world,German world,1672.0,theologian | philosopher,europe
3088,Q5563900,Giovanni Manzolini,re_italy,Italy,1700.0,anatomist,europe
3089,Q86550,Conrad of Vechta,re_central_europe,Central Europe,1370.0,theologian,europe
3090,Q3311733,Anders Sørensen Vedel,re_nordic_countries,Nordic countries,1542.0,historian,europe
3091,Q3778928,Guglielmo Grataroli,re_german_world,German world,1516.0,philosopher,europe
3092,Q1295372,Ferenc Lénárd Szegedi,re_central_europe,Central Europe,1614.0,theologian,europe
3093,Q1136048,Cosimo Bartoli,re_italy,Italy,1503.0,mathematician,europe
3094,Q58461372,Johannes Kreutzer,re_german_world,German world,1424.0,theologian,europe
3095,Q348377,Jean de Léry,re_german_world,German world,1536.0,theologian,europe
3096,Q18736532,Luigi Manzini,re_italy,Italy,1604.0,theologian,europe
3097,Q809340,Bartholomäus Anhorn der Jüngere,re_german_world,German world,1616.0,historian,europe
3098,Q1279222,Eberhard Mesomylius,re_german_world,German world,1570.0,theologian,europe
3099,Q1692759,Johann Burchard Majus,re_german_world,German world,1652.0,historian,europe
3100,Q16208853,Rodrigo Dosma,re_spain,Spain,1533.0,theologian | historian | mathematician,europe
3101,Q88806790,Giacomo Grassetti,re_italy,Italy,1579.0,theologian,europe
3102,Q94774031,Daniel Friedrich,re_german_world,German world,1607.0,theologian,europe
3103,Q8020629,William Wynne,re_british_islands,British Islands,1671.0,historian,europe
3104,Q46167,Jakiv Susha,re_central_europe,Central Europe,1604.0,theologian,europe
3105,Q323341,Immanuel Tremellius,re_france,France,1510.0,theologian,europe
3106,Q454663,Eggerik Beninga,re_german_world,German world,1490.0,historian,europe
3107,Q435320,Francysk Skaryna,re_central_europe,Central Europe,1486.0,philosopher,europe
3108,Q1556204,Hermann Nicephorus,re_german_world,German world,1555.0,philosopher,europe
3109,Q55225115,Antonio da Modena,re_italy,Italy,1578.0,theologian,europe
3110,Q21545195,Gerhard Matthisius,re_german_world,German world,1522.0,theologian,europe
3111,Q389096,Gavin Douglas,re_british_islands,British Islands,1474.0,linguist,europe
3112,Q2454821,Troels Arnkiel,re_nordic_countries,Nordic countries,1638.0,theologian | archeologist | musicologist,europe
3113,Q428237,Antoine Rivet de La Grange,re_france,France,1683.0,historian,europe
3114,Q84311432,Beat Holzhalb,re_german_world,German world,1693.0,theologian,europe
3115,Q94935772,Ulrich Scheurer,re_german_world,German world,1523.0,theologian,europe
3116,Q707663,Isidore of Kiev,re_slav_world,Slav world,1385.0,theologian,europe
3117,Q6085290,Petrus Rydelius,re_nordic_countries,Nordic countries,1631.0,theologian,europe
3118,Q443861,Frang Bardhi,re_balkans,Balkans,1606.0,historian,europe
3119,Q1601903,Helena Sibylla Moller,re_german_world,German world,1669.0,zoologist,europe
3120,Q19768327,Marcus Wøldike,re_nordic_countries,Nordic countries,1699.0,theologian,europe
3121,Q382863,Diego de Enzinas,re_italy,Italy,1520.0,theologian,europe
3122,Q16215699,Johann Christian Biel,re_german_world,German world,1687.0,theologian,europe
3123,Q3184490,Joseph Amy,re_france,France,1696.0,physicist,europe
3124,Q695263,Arnold Greve,re_german_world,German world,1700.0,theologian | historian,europe
3125,Q3767037,Giovanni Colonna,re_italy,Italy,1298.0,historian,europe
3126,Q1240171,Eberhard Bidenbach,re_german_world,German world,1528.0,theologian,europe
3127,Q1984850,Nicholas Barbon,re_british_islands,British Islands,1640.0,economist,europe
3128,Q1696199,Johannes Eichhorn,re_slav_world,Slav world,1518.0,theologian | mathematician,europe
3129,Q2857368,Antonio Mizauld,re_france,France,1510.0,astronomer,europe
3130,Q832264,Johannes Acronius,re_low_countries,Low countries,1565.0,theologian,europe
3131,Q6070472,Pedro de Escavias,re_spain,Spain,1500.0,historian,europe
3132,Q553128,Giulio Cesare Vanini,re_france,France,1585.0,philosopher | anatomist,europe
3133,Q334188,Pietro Bembo,re_italy,Italy,1470.0,historian,europe
3134,Q91647,Valentinus Otho,re_german_world,German world,1550.0,astronomer | mathematician,europe
3135,Q3387540,Pierre de Fécamp,re_france,France,1150.0,historian,europe
3136,Q106389251,William Vernon (c. 1666-1711),re_british_islands,British Islands,1666.0,botanist | zoologist,europe
3137,Q36696830,Henri Morin,re_france,France,1655.0,historian,europe
3138,Q40430286,David Heinrich Köpken,re_german_world,German world,1677.0,theologian,europe
3139,Q1697689,Johann Hiltalinger,re_german_world,German world,1315.0,theologian,europe
3140,Q3129976,Robert Gaguin,re_france,France,1434.0,philosopher | historian,europe
3141,Q123731,Philipp Ludwig Hanneken,re_german_world,German world,1637.0,theologian,europe
3142,Q20046418,Francesco Saverio Brunetti,re_italy,Italy,1693.0,mathematician,europe
3143,Q957879,José Quer y Martínez,re_spain,Spain,1695.0,botanist,europe
3144,Q493014,Louis Bourgeois,re_france,France,1510.0,musicologist,europe
3145,Q94930544,Christoph Fischer,re_central_europe,Central Europe,1611.0,economist,europe
3146,Q430347,François de Beaucaire de Péguillon,re_france,France,1514.0,historian,europe
3147,Q91673,Gaspar Schott,re_german_world,German world,1608.0,physicist | mathematician,europe
3148,Q94868975,Jakob Friedrich Krahl,re_german_world,German world,1698.0,theologian,europe
3149,Q1402952,Frederik de Wit,re_low_countries,Low countries,1630.0,geographer,europe
3150,Q3022495,Denis-François Secousse,re_france,France,1691.0,historian,europe
3151,Q17479131,Georg Ritschel,re_british_islands,British Islands,1616.0,philosopher,europe
3152,Q55674336,Joseph Preiß,re_german_world,German world,1657.0,theologian,europe
3153,Q1960963,Gil Gonzalez de Ávila,re_spain,Spain,1570.0,historian,europe
3154,Q6120679,Jacques Lenfant,re_german_world,German world,1661.0,historian,europe
3155,Q2142994,Keimpe fan Martena,re_low_countries,Low countries,1487.0,historian,europe
3156,Q91018,Magnus Agricola,re_german_world,German world,1556.0,theologian,europe
3157,Q17268944,Augulus Grützner,re_central_europe,Central Europe,1550.0,theologian,europe
3158,Q5564029,Olof Bagger,re_nordic_countries,Nordic countries,1607.0,theologian,europe
3159,Q62676484,Mathijs Wier,re_low_countries,Low countries,1505.0,theologian,europe
3160,Q517088,Claude Vic,re_france,France,1670.0,historian,europe
3161,Q110242,Paul Jacob Marperger,re_german_world,German world,1656.0,economist,europe
3162,Q55673771,Laurentius Hartmann Schenck,re_german_world,German world,1670.0,theologian,europe
3163,Q55676111,Carl Otto Olthoff,re_german_world,German world,1656.0,theologian,europe
3164,Q1677701,Jacob Melle,re_german_world,German world,1659.0,theologian | historian,europe
3165,Q6786791,Matthaios Kamariotis,re_balkans,Balkans,1401.0,philosopher,europe
3166,Q70346,Lucas David,re_slav_world,Slav world,1503.0,historian,europe
3167,Q553795,Sébastien Bourdon,re_france,France,1616.0,art theorist,europe
3168,Q352584,John Spottiswoode,re_british_islands,British Islands,1565.0,historian,europe
3169,Q1697538,Johannes Gallus,re_german_world,German world,1525.0,theologian,europe
3170,Q770787,Giovanni Aurispa,re_italy,Italy,1376.0,linguist | historian,europe
3171,Q1695158,Johann Kless,re_german_world,German world,1669.0,theologian,europe
3172,Q12866007,Teramo Castelli,re_italy,Italy,1597.0,historian,europe
3173,Q56006595,Jacobus Jansonius,re_low_countries,Low countries,1547.0,theologian,europe
3174,Q1525965,Giovanni Bianchini,re_italy,Italy,1410.0,astronomer,europe
3175,Q61715539,Traugott Schreber,re_german_world,German world,1671.0,geographer,europe
3176,Q634595,Thomas Ravenscroft,re_british_islands,British Islands,1588.0,musicologist,europe
3177,Q1598562,Lorenz Rhodomann,re_german_world,German world,1546.0,theologian | historian,europe
3178,Q1438496,Georg Schönberger,re_central_europe,Central Europe,1596.0,astronomer | mathematician,europe
3179,Q60841159,Karl Caffa,re_german_world,German world,1623.0,theologian,europe
3180,Q1536134,Johann Samuel Trommsdorff,re_german_world,German world,1676.0,theologian,europe
3181,Q1921391,Hendrik van den Corput,re_low_countries,Low countries,1536.0,theologian,europe
3182,Q742311,Chad of Mercia,re_british_islands,British Islands,634.0,theologian,europe
3183,Q71619,Wilhelm Homberg,re_france,France,1652.0,philosopher | chemist,europe
3184,Q6170158,Jean Bagot,re_france,France,1591.0,theologian,europe
3185,Q5571042,Georg Berelius,re_nordic_countries,Nordic countries,1641.0,zoologist,europe
3186,Q66569,Paul Hermann,re_low_countries,Low countries,1646.0,botanist,europe
3187,Q101319,Tobias Adami,re_german_world,German world,1581.0,philosopher,europe
3188,Q23565042,Andreas Ornithoparchus,re_german_world,German world,1490.0,musicologist,europe
3189,Q188344,Geoffrey of Monmouth,re_british_islands,British Islands,1100.0,historian,europe
3190,Q2326613,Yves Marie André,re_france,France,1675.0,philosopher | mathematician,europe
3191,Q3384533,Pierre Coste,re_france,France,1668.0,theologian,europe
3192,Q854420,János Bélteki,re_central_europe,Central Europe,1653.0,theologian,europe
3193,Q1495199,Michael Eiselin,re_german_world,German world,1558.0,theologian,europe
3194,Q4274336,Diego de Colmenares,re_spain,Spain,1586.0,historian,europe
3195,Q1557932,Johannes Lonicer,re_german_world,German world,1497.0,theologian,europe
3196,Q709516,Bartolomeu de Gusmão,re_spain,Spain,1685.0,anatomist,europe
3197,Q153981,Thomas Müntzer,re_german_world,German world,1489.0,theologian,europe
3198,Q26720412,Vincent Huby,re_france,France,1608.0,theologian,europe
3199,Q21034899,Johann Balthasar Ritter,re_german_world,German world,1674.0,theologian,europe
3200,Q1344544,Mento Gogreve,re_german_world,German world,1541.0,theologian,europe
3201,Q15485613,Francisco Macedo,re_italy,Italy,1596.0,theologian,europe
3202,Q775926,Pierre Thomas,re_france,France,1634.0,theologian,europe
3203,Q3645672,Bruno Busale,re_italy,Italy,1530.0,theologian,europe
3204,Q3182396,John Rushworth,re_british_islands,British Islands,1612.0,historian,europe
3205,Q331747,Absalon Pederssøn Beyer,re_nordic_countries,Nordic countries,1528.0,theologian | historian,europe
3206,Q107261,Alexander Scultetus,re_italy,Italy,1485.0,geographer | historian,europe
3207,Q2067100,Adrianus Barlandus,re_low_countries,Low countries,1486.0,philosopher | historian,europe
3208,Q15430809,Andreas Franckenberger,re_german_world,German world,1536.0,historian,europe
3209,Q94870776,Bartholomäus Rademann,re_german_world,German world,1560.0,theologian,europe
3210,Q94884936,Johann Christoph Urbich,re_german_world,German world,1615.0,theologian,europe
3211,Q7287149,Ralph Agas,re_british_islands,British Islands,1540.0,geographer,europe
3212,Q18529461,Franc Staindl,re_german_world,German world,1675.0,philosopher,europe
3213,Q3619837,Antonio Maria Lupi,re_italy,Italy,1695.0,archeologist,europe
3214,Q94933945,Johann Jacob Wagner,re_german_world,German world,1636.0,theologian,europe
3215,Q35650726,Johann Baptist Mayr,re_german_world,German world,1681.0,theologian,europe
3216,Q1383390,Franco of Cologne,re_spain,Spain,1300.0,musicologist,europe
3217,Q2087675,Philippe Mouskes,re_low_countries,Low countries,1215.0,historian,europe
3218,Q2359434,Mary Astell,re_british_islands,British Islands,1666.0,philosopher,europe
3219,Q6017294,Andreas Petri Normolander,re_nordic_countries,Nordic countries,1599.0,theologian,europe
3220,Q1262526,Johannes Ligarius,re_german_world,German world,1529.0,theologian,europe
3221,Q331322,Nicholas of Autrecourt,re_france,France,1299.0,theologian | philosopher,europe
3222,Q1763204,Samuel Faber,re_german_world,German world,1657.0,historian,europe
3223,Q1697384,Johann Cothmann,re_german_world,German world,1595.0,theologian,europe
3224,Q55678644,Michael I. Linda,re_german_world,German world,1674.0,theologian,europe
3225,Q1433261,Jacopo Bonfadio,re_italy,Italy,1508.0,historian,europe
3226,Q304346,Gáspár Károlyi,re_central_europe,Central Europe,1529.0,theologian,europe
3227,Q55874821,Wilhelm Bechmann,re_german_world,German world,1665.0,theologian,europe
3228,Q2218907,Samuel Urlsperger,re_german_world,German world,1685.0,theologian,europe
3229,Q111210803,Noël de Fribois,re_france,France,1400.0,historian,europe
3230,Q22969219,Abraham Hölzel,re_german_world,German world,1577.0,geographer,europe
3231,Q3175590,Jean de Montigny,re_france,France,1637.0,philosopher,europe
3232,Q6143853,James Sutherland,re_british_islands,British Islands,1638.0,botanist,europe
3233,Q9353,John Locke,re_british_islands,British Islands,1632.0,philosopher,europe
3234,Q3345793,Noël Chomel,re_france,France,1633.0,botanist,europe
3235,Q18945537,Jakub Jan Vaclav Dobrensky,re_central_europe,Central Europe,1623.0,zoologist,europe
3236,Q15450515,Simon Gedik,re_german_world,German world,1551.0,theologian,europe
3237,Q62754,Jakob Andreae,re_german_world,German world,1528.0,theologian,europe
3238,Q18945764,Richard White,re_british_islands,British Islands,1590.0,physicist | mathematician,europe
3239,Q6588365,Hans Stephensen,re_nordic_countries,Nordic countries,1561.0,historian,europe
3240,Q60843354,Johann Meckart,re_german_world,German world,1507.0,theologian,europe
3241,Q1690353,Joachim Oporin,re_german_world,German world,1695.0,theologian,europe
3242,Q23889301,Giunio Resti,re_balkans,Balkans,1669.0,historian,europe
3243,Q3810738,Frei João Álvares,re_portugal,Portugal,1400.0,historian,europe
3244,Q3340256,Nicolas Desliens,re_france,France,1541.0,geographer,europe
3245,Q18945477,Giulio Capilupi,re_italy,Italy,1544.0,mathematician,europe
3246,Q600982,Antonio Bosio,re_italy,Italy,1576.0,archeologist,europe
3247,Q1419061,Johannes Pontisella,re_german_world,German world,1552.0,theologian,europe
3248,Q94929790,Christian Wendt,re_german_world,German world,1684.0,theologian,europe
3249,Q1693315,Johannes Eichel,re_german_world,German world,1621.0,anthropologist,europe
3250,Q1236643,Petrus Cimdars,re_german_world,German world,1524.0,theologian,europe
3251,Q47124779,Louis de Puget,re_france,France,1629.0,philosopher | physicist | anatomist,europe
3252,Q92744178,Antonio García Cervera,re_spain,Spain,1681.0,botanist,europe
3253,Q96413465,Johann Conrad Gottfried Wildermeth [Wildermett],re_german_world,German world,1677.0,theologian,europe
3254,Q64141364,Luis de la Cadena,re_france,France,1500.0,theologian,europe
3255,Q104250995,Nicola Villani,re_italy,Italy,1590.0,historian,europe
3256,Q98514,Christoph Helvig,re_german_world,German world,1581.0,historian,europe
3257,Q66501,Zacharias Wagenaer,re_low_countries,Low countries,1614.0,anatomist,europe
3258,Q61786356,Johann Frick,re_german_world,German world,1670.0,theologian,europe
3259,Q5627060,Jordan Edenius,re_nordic_countries,Nordic countries,1624.0,theologian,europe
3260,Q43598332,Peter Roth,re_german_world,German world,1505.0,mathematician,europe
3261,Q325618,Matthias Quad,re_german_world,German world,1557.0,geographer,europe
3262,Q1693210,Johann David Schieferdecker,re_german_world,German world,1672.0,theologian,europe
3263,Q383193,Oddur Einarsson,re_nordic_countries,Nordic countries,1559.0,theologian,europe
3264,Q3106988,Giovanni Andrea Della Croce,re_italy,Italy,1515.0,anatomist,europe
3265,Q2669115,Vakhushti of Kartli,re_slav_world,Slav world,1696.0,geographer | historian,europe
3266,Q95297694,John Ward,re_british_islands,British Islands,1648.0,mathematician,europe
3267,Q470566,Antoine Gombaud,re_france,France,1607.0,mathematician,europe
3268,Q2866292,Thomas Goodwin,re_british_islands,British Islands,1600.0,theologian,europe
3269,Q6197445,Hans Jensen Svaning,re_nordic_countries,Nordic countries,1600.0,historian,europe
3270,Q329959,Abraham Ecchellensis,re_italy,Italy,1605.0,linguist,europe
3271,Q260404,"Anne Conway, Viscountess Conway",re_british_islands,British Islands,1631.0,philosopher,europe
3272,Q107629,Andreas Aurifaber,re_slav_world,Slav world,1514.0,physicist,europe
3273,Q298664,Robert Bellarmine,re_italy,Italy,1542.0,theologian,europe
3274,Q499084,Andreas Kunad,re_german_world,German world,1602.0,theologian,europe
3275,Q94781057,Kaspar von Moos,re_german_world,German world,1582.0,theologian,europe
3276,Q78063128,Melchior Griesser,re_german_world,German world,1638.0,mathematician,europe
3277,Q5930147,Hugh Broughton,re_british_islands,British Islands,1549.0,theologian,europe
3278,Q94873050,Martin Mayer,re_german_world,German world,1630.0,theologian,europe
3279,Q1388209,Peter Sick,re_central_europe,Central Europe,1530.0,theologian,europe
3280,Q1668137,Samuel Fischer,re_german_world,German world,1547.0,theologian,europe
3281,Q1504501,Georg Green,re_german_world,German world,1636.0,theologian | historian,europe
3282,Q1445174,Gunnlaugr Leifsson,re_nordic_countries,Nordic countries,1150.0,historian,europe
3283,Q3471136,Samuel Guichenon,re_france,France,1607.0,historian,europe
3284,Q2929724,Bédien Morange,re_france,France,1650.0,theologian,europe
3285,Q2433244,Tilemann Schnabel,re_german_world,German world,1475.0,theologian,europe
3286,Q1030704,Gregor Lagus,re_central_europe,Central Europe,1586.0,theologian,europe
3287,Q376164,Hadrian à Saravia,re_british_islands,British Islands,1532.0,theologian,europe
3288,Q3805962,Jacopo da Forlì,re_italy,Italy,1364.0,philosopher,europe
3289,Q20607326,Johannes Mellinger,re_german_world,German world,1540.0,geographer,europe
3290,Q3105011,Giacinto Ambrosini,re_italy,Italy,1605.0,botanist,europe
3291,Q4203493,Isaac Cardoso,re_italy,Italy,1604.0,philosopher,europe
3292,Q5576510,Jens Bircherod,re_nordic_countries,Nordic countries,1658.0,theologian,europe
3293,Q1856133,William of Heytesbury,re_british_islands,British Islands,1313.0,philosopher | mathematician,europe
3294,Q2506658,Jacques le Moyne,re_british_islands,British Islands,1533.0,geographer,europe
3295,Q1047992,Caspar Nicolaus Overbeck,re_german_world,German world,1670.0,theologian,europe
3296,Q2857377,Antonio Neri,re_italy,Italy,1576.0,chemist,europe
3297,Q55047570,Gabriel Philippe de la Hire,re_france,France,1677.0,astronomer | zoologist | mathematician,europe
3298,Q348003,Hans Adolph Brorson,re_nordic_countries,Nordic countries,1694.0,theologian,europe
3299,Q20171118,Benoît Baudouin,re_france,France,1505.0,theologian,europe
3300,Q642571,Henri Arnaut de Zwolle,re_france,France,1400.0,astronomer | musicologist,europe
3301,Q19800854,Jean-Baptiste Nolin,re_france,France,1686.0,geographer,europe
3302,Q1694537,Johann Heinrich Denffer,re_central_europe,Central Europe,1700.0,astronomer | chemist,europe
3303,Q7375728,Ruard Acronius,re_low_countries,Low countries,1546.0,theologian,europe
3304,Q30731359,François Chevallier,re_france,France,1669.0,geographer | mathematician,europe
3305,Q1647912,Johannes Ferinarius,re_german_world,German world,1534.0,theologian,europe
3306,Q18535021,William de Montibus,re_british_islands,British Islands,1140.0,theologian,europe
3307,Q1986818,Nikolaus Hardkopf,re_german_world,German world,1582.0,theologian,europe
3308,Q22570,Christoph Lehmann,re_german_world,German world,1568.0,historian,europe
3309,Q21165935,Dethlevus Cluverus,re_german_world,German world,1645.0,astronomer | mathematician,europe
3310,Q99479674,Antonio de la Cruz Brocarte,re_spain,Spain,1650.0,musicologist,europe
3311,Q3952406,Scipione Lentolo,re_italy,Italy,1525.0,theologian,europe
3312,Q73203,Leonhard Hutter,re_german_world,German world,1563.0,theologian,europe
3313,Q2077114,Peter Monau,re_central_europe,Central Europe,1551.0,philosopher,europe
3314,Q313174,Pietro d'Abano,re_italy,Italy,1250.0,astronomer | philosopher,europe
3315,Q1278840,Eberhard Baring,re_german_world,German world,1608.0,theologian,europe
3316,Q2324856,Lodewijk Heyligen,re_france,France,1304.0,musicologist,europe
3317,Q63419,Philipp Clüver,re_low_countries,Low countries,1580.0,geographer | historian,europe
3318,Q94936841,Christoph Philipp Wagner,re_german_world,German world,1699.0,theologian,europe
3319,Q2714672,Alessandro Marchetti,re_italy,Italy,1633.0,physicist | mathematician,europe
3320,Q4890252,Esteban Garibay,re_spain,Spain,1533.0,historian,europe
3321,Q106833324,Pietro d'Afeltro,re_italy,Italy,1463.0,philosopher,europe
3322,Q94934346,Otto Flesche,re_german_world,German world,1691.0,theologian,europe
3323,Q249386,Pierre Richer de Belleval,re_france,France,1558.0,botanist,europe
3324,Q1509497,Georgius Hornius,re_low_countries,Low countries,1620.0,theologian | geographer | historian,europe
3325,Q723038,Bernardino de Mendoza,re_spain,Spain,1540.0,linguist,europe
3326,Q1048022,Caspar Sagittarius II,re_german_world,German world,1643.0,historian,europe
3327,Q65032259,Samuel Thornton,re_british_islands,British Islands,1700.0,geographer,europe
3328,Q2059347,Paul Dummerich,re_german_world,German world,1527.0,mathematician,europe
3329,Q3839144,Ludovico Settala,re_italy,Italy,1552.0,philosopher,europe
3330,Q11765382,Maciej Głoskowski,re_central_europe,Central Europe,1590.0,geographer | mathematician,europe
3331,Q15876895,Jan Pieterszoon Dou,re_low_countries,Low countries,1573.0,geographer | mathematician,europe
3332,Q1959556,James Jurin,re_british_islands,British Islands,1684.0,epidemiologist | physicist | mathematician,europe
3333,Q3120458,William of Saliceto,re_italy,Italy,1210.0,anatomist,europe
3334,Q1078925,Christian Becmann,re_german_world,German world,1580.0,theologian,europe
3335,Q24033519,Ferdinando Cesarini,re_italy,Italy,1606.0,physicist,europe
3336,Q1176283,David Rebentrost,re_german_world,German world,1614.0,botanist,europe
3337,Q1263643,Samuel Theodor Gericke,re_german_world,German world,1665.0,art theorist,europe
3338,Q29850445,Giovanni Francesco Baldini,re_italy,Italy,1677.0,archeologist | historian,europe
3339,Q252301,Árni Magnússon,re_nordic_countries,Nordic countries,1663.0,historian,europe
3340,Q94878513,Johann Arnold Pauli,re_central_europe,Central Europe,1681.0,theologian,europe
3341,Q493773,Diego Ortiz,re_italy,Italy,1510.0,musicologist,europe
3342,Q16859342,Zacheus Isham,re_british_islands,British Islands,1651.0,theologian,europe
3343,Q1533456,Jacob Antonius Vulpius,re_german_world,German world,1629.0,theologian,europe
3344,Q2902973,Giovanni da Carignano,re_italy,Italy,1250.0,geographer,europe
3345,Q982541,Melchior Inchofer,re_italy,Italy,1585.0,theologian,europe
3346,Q707695,"Sir Josiah Child, 1st Baronet",re_british_islands,British Islands,1630.0,economist,europe
3347,Q95081122,Tobiáš Jelínek,re_central_europe,Central Europe,1668.0,philosopher,europe
3348,Q2040759,Otto Tachenius,re_italy,Italy,1610.0,chemist,europe
3349,Q1080664,Jiří Třanovský,re_central_europe,Central Europe,1592.0,theologian,europe
3350,Q5550226,Gerard van Schagen,re_low_countries,Low countries,1641.0,geographer,europe
3351,Q3035698,Don-Gregorio Salvini,re_france,France,1696.0,historian,europe
3352,Q323448,Abraham Abulafia,re_spain,Spain,1240.0,philosopher,europe
3353,Q94808359,Johann Heinrich Nusch,re_german_world,German world,1666.0,theologian,europe
3354,Q11716531,Jakub Niemojewski,re_central_europe,Central Europe,1532.0,theologian,europe
3355,Q348702,Adam Bartholomäus,re_german_world,German world,1505.0,theologian,europe
3356,Q836191,Christian Kelch,re_central_europe,Central Europe,1657.0,historian,europe
3357,Q1692175,Peter Koster,re_german_world,German world,1640.0,historian,europe
3358,Q55835780,Adrien Daillé,re_france,France,1628.0,theologian,europe
3359,Q312794,Nicolas Fouquet,re_italy,Italy,1615.0,economist,europe
3360,Q18672656,Thomas Savile,re_british_islands,British Islands,1560.0,astronomer | mathematician,europe
3361,Q55124778,Adam Huth,re_german_world,German world,1684.0,theologian,europe
3362,Q733922,Geoffrey Keating,re_british_islands,British Islands,1569.0,historian,europe
3363,Q55678297,Johannes Duising,re_german_world,German world,1683.0,philosopher,europe
3364,Q7412056,Samuel Ludwik Zasadius,re_central_europe,Central Europe,1695.0,linguist,europe
3365,Q21282803,Thomas Thomasz,re_low_countries,Low countries,1540.0,geographer,europe
3366,Q3172093,Jean François,re_france,France,1586.0,mathematician,europe
3367,Q1919117,Melchior Cornaeus,re_german_world,German world,1598.0,philosopher,europe
3368,Q4289,Guibert of Nogent,re_france,France,1055.0,theologian | historian,europe
3369,Q105344288,Balthasar Dietrich,re_german_world,German world,1527.0,theologian,europe
3370,Q1418275,Gerhard Ungefug,re_german_world,German world,1490.0,theologian,europe
3371,Q930159,Taddeo Taddei,re_italy,Italy,1470.0,philosopher,europe
3372,Q1909750,Matthias Brassanus,re_german_world,German world,1600.0,theologian,europe
3373,Q2080983,Peter Ketzmann,re_german_world,German world,1521.0,theologian,europe
3374,Q716994,Dino Compagni,re_italy,Italy,1255.0,historian,europe
3375,Q15456174,Rupert Erythropel,re_german_world,German world,1556.0,theologian,europe
3376,Q18603176,Jacob Bosch,re_low_countries,Low countries,1630.0,geographer,europe
3377,Q10994720,Konstantinos the Sicilian,re_italy,Italy,850.0,philosopher,europe
3378,Q19588598,Andreas Fulda,re_german_world,German world,1534.0,theologian,europe
3379,Q60196940,Ambrož Sembler,re_italy,Italy,1644.0,theologian,europe
3380,Q556735,François Robichon de La Guérinière,re_france,France,1688.0,historian,europe
3381,Q576161,József Alauda,re_central_europe,Central Europe,1610.0,astronomer,europe
3382,Q265633,Bartolomeu Velho,re_france,France,1501.0,geographer | mathematician,europe
3383,Q108799912,Jodocus Hondius,re_low_countries,Low countries,1622.0,geographer,europe
3384,Q22280767,Umberto Locati,re_italy,Italy,1503.0,historian,europe
3385,Q1258970,Hermann Flender,re_german_world,German world,1653.0,theologian,europe
3386,Q1598233,Heinrich Lysius,re_slav_world,Slav world,1670.0,theologian,europe
3387,Q636694,Joseph Bingham,re_british_islands,British Islands,1668.0,theologian | historian,europe
3388,Q33106124,Joannes Westenberg,re_german_world,German world,1595.0,geographer | mathematician,europe
3389,Q94818617,Luigi Sanseverino,re_italy,Italy,1588.0,philosopher,europe
3390,Q2262989,Sebastian Niemann,re_german_world,German world,1625.0,theologian,europe
3391,Q172916,John XXI,re_italy,Italy,1215.0,philosopher | mathematician,europe
3392,Q97580,Bernhard Bogentanz,re_central_europe,Central Europe,1494.0,musicologist,europe
3393,Q94934641,Johann Huber,re_france,France,1573.0,theologian,europe
3394,Q3620111,Antonio Rocco,re_italy,Italy,1586.0,philosopher,europe
3395,Q2621738,Costanzo Varolio,re_italy,Italy,1543.0,anatomist,europe
3396,Q1361390,Prokop Diviš,re_central_europe,Central Europe,1698.0,theologian | physicist | zoologist,europe
3397,Q2300479,Emery Molyneux,re_low_countries,Low countries,1600.0,geographer | mathematician,europe
3398,Q320735,Thomas Ebendorfer,re_german_world,German world,1388.0,historian,europe
3399,Q335112,"Anthony Ashley-Cooper, 3rd Earl of Shaftesbury",re_italy,Italy,1671.0,philosopher,europe
3400,Q1313487,Matthias von Kemnat,re_german_world,German world,1429.0,historian,europe
3401,Q1960743,Pieter de la Court,re_low_countries,Low countries,1618.0,historian | philosopher | economist,europe
3402,Q18530664,Pietro Bizzarri,re_italy,Italy,1525.0,historian,europe
3403,Q121829,Karl Nicolaus Lange,re_german_world,German world,1670.0,paleontologist,europe
3404,Q17417832,Johann Ludwig Andreae,re_german_world,German world,1667.0,theologian,europe
3405,Q1698430,Johannes Spittelmaier,re_german_world,German world,1500.0,theologian,europe
3406,Q24265739,Ambrogio Leone,re_italy,Italy,1459.0,philosopher | historian | mathematician,europe
3407,Q3158079,Jacques-Vincent Bidal d'Asfeld,re_france,France,1664.0,theologian,europe
3408,Q15429441,Johann Christoph Richter,re_german_world,German world,1689.0,zoologist,europe
3409,Q50359620,Georg Fasel,re_german_world,German world,1675.0,theologian,europe
3410,Q3386645,Pierre Polinière,re_france,France,1671.0,physicist | mathematician,europe
3411,Q95607,Johann Schwebel,re_german_world,German world,1490.0,theologian,europe
3412,Q3942986,Rutilio Benincasa,re_italy,Italy,1555.0,astronomer,europe
3413,Q93113,Coluccio Salutati,re_italy,Italy,1331.0,philosopher,europe
3414,Q2848877,Andrew of Saint Victor,re_british_islands,British Islands,1110.0,theologian,europe
3415,Q218322,Joseph Butler,re_british_islands,British Islands,1692.0,theologian | philosopher,europe
3416,Q55684753,Wilhelm van der Meulen,re_german_world,German world,1636.0,theologian,europe
3417,Q55193408,Franz Wagner,re_german_world,German world,1675.0,historian,europe
3418,Q5373343,Emmanuel Schelstrate,re_italy,Italy,1649.0,theologian | historian,europe
3419,Q5760781,Bothwid Gladhem,re_nordic_countries,Nordic countries,1650.0,theologian,europe
3420,Q12880654,Manouēl Malaxos,re_balkans,Balkans,1500.0,historian,europe
3421,Q1714492,Justus Christian Thorschmid,re_german_world,German world,1688.0,historian,europe
3422,Q1316755,John Lightfoot,re_british_islands,British Islands,1602.0,theologian,europe
3423,Q94811553,Johann Severin Weisse,re_german_world,German world,1640.0,theologian,europe
3424,Q3592436,Étienne de Rouen,re_france,France,1150.0,historian,europe
3425,Q21544857,Lambert Alard,re_german_world,German world,1602.0,musicologist,europe
3426,Q21192310,John Bryan,re_british_islands,British Islands,1493.0,logician,europe
3427,Q108555,Giuseppe Tartini,re_italy,Italy,1692.0,musicologist,europe
3428,Q52154058,Nicolaus Arnoldi,re_low_countries,Low countries,1618.0,theologian,europe
3429,Q3340193,Nicolas Chesneau,re_france,France,1521.0,theologian | historian,europe
3430,Q6215874,Johann Georg Reiffenstuel,re_german_world,German world,1642.0,theologian | philosopher,europe
3431,Q3619029,Antonino Amico,re_italy,Italy,1586.0,historian,europe
3432,Q55675986,Stephan Elßner,re_german_world,German world,1626.0,theologian,europe
3433,Q6002934,Martín Ximena Jurado,re_spain,Spain,1615.0,historian,europe
3434,Q1573641,Kaspar Waser,re_german_world,German world,1565.0,theologian,europe
3435,Q17385053,Johan Wassenius,re_nordic_countries,Nordic countries,1625.0,philosopher,europe
3436,Q101989,Kaspar Ulenberg,re_german_world,German world,1550.0,theologian,europe
3437,Q7377212,Rudolf Hospinian,re_german_world,German world,1547.0,theologian,europe
3438,Q20087100,Johannes Huswirt,re_german_world,German world,1401.0,mathematician,europe
3439,Q2367783,Abraham de Wicquefort,re_german_world,German world,1606.0,historian,europe
3440,Q17322595,Johannes Clüver,re_german_world,German world,1593.0,theologian,europe
3441,Q737756,Pier Paolo Vergerio the Elder,re_central_europe,Central Europe,1370.0,philosopher | historian,europe
3442,Q97126,Johann Leonhard Frisch,re_german_world,German world,1666.0,zoologist,europe
3443,Q59531421,Ferrariensis Johannes,re_italy,Italy,1409.0,theologian,europe
3444,Q17380491,Matthias Hallenius,re_nordic_countries,Nordic countries,1699.0,linguist,europe
3445,Q39072817,Carolus Scribani,re_low_countries,Low countries,1561.0,philosopher,europe
3446,Q1343011,Enguerrand de Monstrelet,re_france,France,1390.0,historian,europe
3447,Q1974177,Simon Pelgrom,re_low_countries,Low countries,1507.0,historian,europe
3448,Q1698171,Johannes Pollius,re_german_world,German world,1490.0,theologian,europe
3449,Q1986270,Nicolaes Visscher,re_low_countries,Low countries,1618.0,geographer,europe
3450,Q15907048,Johann Christian Neu,re_german_world,German world,1668.0,theologian,europe
3451,Q354517,Immanuel Bonfils,re_france,France,1300.0,astronomer | mathematician,europe
3452,Q1596981,Heinrich Cornelius Hecker,re_german_world,German world,1699.0,theologian,europe
3453,Q12641120,Reinier Ottens,re_low_countries,Low countries,1698.0,geographer,europe
3454,Q706888,Hermann Samuel Reimarus,re_german_world,German world,1694.0,theologian | philosopher,europe
3455,Q108063293,Ignazio Maria Como,re_italy,Italy,1675.0,historian,europe
3456,Q60611844,René de Ceriziers,re_france,France,1603.0,historian,europe
3457,Q983347,Gisbertus Voetius,re_low_countries,Low countries,1589.0,theologian,europe
3458,Q810169,Basil Valentine,re_german_world,German world,1394.0,chemist,europe
3459,Q122152,Michael Gottlieb Hansch,re_german_world,German world,1683.0,philosopher,europe
3460,Q1700133,John Freind,re_british_islands,British Islands,1675.0,chemist,europe
3461,Q899007,Oswald Croll,re_central_europe,Central Europe,1563.0,chemist,europe
3462,Q1299840,Ehregott Daniel Colberg,re_german_world,German world,1659.0,theologian,europe
3463,Q57180004,Antoine Noguier,re_france,France,1600.0,historian,europe
3464,Q23770610,Hans Regkmann,re_german_world,German world,1494.0,historian,europe
3465,Q1696044,Johann Rudolph Zwinger,re_german_world,German world,1692.0,anatomist,europe
3466,Q120648,Joachim Slüter,re_german_world,German world,1490.0,theologian,europe
3467,Q94528129,Johann Hillebrandt,re_spain,Spain,1686.0,theologian | philosopher,europe
3468,Q97707,Johann Christian Schöttgen,re_german_world,German world,1687.0,theologian | historian,europe
3469,Q16511374,Hasan Kafi Pruščak,re_balkans,Balkans,1544.0,sociologist,europe
3470,Q3154791,Isaac de Larrey,re_german_world,German world,1639.0,historian,europe
3471,Q3428607,Andreas Hojer,re_nordic_countries,Nordic countries,1690.0,historian,europe
3472,Q878349,Francis Lambert,re_german_world,German world,1486.0,theologian,europe
3473,Q935,Isaac Newton,re_british_islands,British Islands,1643.0,philosopher | mathematician,europe
3474,Q89483949,Johann Ernst Greding,re_german_world,German world,1676.0,theologian,europe
3475,Q58231500,Henricus Bornius,re_german_world,German world,1617.0,philosopher,europe
3476,Q1388187,Juanelo Turriano,re_spain,Spain,1500.0,mathematician,europe
3477,Q5898644,Cornelis Hendrikus Elleboogius,re_low_countries,Low countries,1603.0,theologian,europe
3478,Q5605919,Magnus Celsius,re_nordic_countries,Nordic countries,1621.0,botanist | astronomer | archeologist | mathematician,europe
3479,Q65334,Nicholas Remy,re_france,France,1530.0,historian,europe
3480,Q122661,Johann Kessler,re_german_world,German world,1502.0,theologian,europe
3481,Q6262964,John Warburton,re_british_islands,British Islands,1682.0,geographer,europe
3482,Q317900,Caesar Baronius,re_italy,Italy,1538.0,historian,europe
3483,Q1512245,Gerhard Omcke,re_german_world,German world,1500.0,theologian,europe
3484,Q18221191,Alessandro Gregorio Capponi,re_italy,Italy,1683.0,archeologist,europe
3485,Q1484016,Sigismund Lauxmin,re_central_europe,Central Europe,1596.0,musicologist,europe
3486,Q63439460,Beneš Bavoryňský,re_central_europe,Central Europe,1500.0,theologian,europe
3487,Q17417833,Johann Philipp Andreae,re_german_world,German world,1700.0,mathematician,europe
3488,Q3108184,Giusto Fontanini,re_italy,Italy,1666.0,archeologist,europe
3489,Q5882819,Gonzalo Antonio Serrano,re_spain,Spain,1670.0,astronomer | mathematician,europe
3490,Q91183,Joachim Mörlin,re_slav_world,Slav world,1514.0,theologian,europe
3491,Q1450888,François Andréossy,re_france,France,1633.0,geographer,europe
3492,Q94933750,Abraham Andreae,re_german_world,German world,1642.0,theologian,europe
3493,Q93394,Isaac Massa,re_low_countries,Low countries,1586.0,geographer | historian,europe
3494,Q1469379,Johann Fortmann,re_german_world,German world,1576.0,theologian,europe
3495,Q1926927,Michael Behm,re_slav_world,Slav world,1612.0,theologian,europe
3496,Q27323,Friedrich Risner,re_german_world,German world,1533.0,mathematician,europe
3497,Q11933552,Llucià Colomines,re_france,France,1500.0,linguist,europe
3498,Q785241,Gaunilo of Marmoutiers,re_france,France,994.0,theologian | philosopher,europe
3499,Q1598246,Heinrich Maius,re_german_world,German world,1545.0,theologian,europe
3500,Q29376618,Luigi Novarini,re_italy,Italy,1594.0,theologian,europe
3501,Q321881,Jean de Wavrin,re_france,France,1394.0,historian,europe
3502,Q213768,Charles Ancillon,re_german_world,German world,1659.0,historian,europe
3503,Q18559881,Thomas Danett,re_british_islands,British Islands,1543.0,historian,europe
3504,Q3340313,Nicolas Feuillet,re_france,France,1622.0,theologian,europe
3505,Q110421428,Fernando Fernández de Valenzuela,re_spain,Spain,1616.0,theologian,europe
3506,Q1442333,Johannes Franciscus Van Sterbeeck,re_low_countries,Low countries,1630.0,botanist,europe
3507,Q21543254,Alessandro Sardi,re_italy,Italy,1520.0,philosopher | historian,europe
3508,Q94886053,Johann Hoffmann,re_german_world,German world,1630.0,historian,europe
3509,Q15438026,Franz Ferdinand Gallas,re_central_europe,Central Europe,1635.0,zoologist,europe
3510,Q106186,Hermann von Kerssenbroch,re_german_world,German world,1519.0,historian,europe
3511,Q29073392,Johann Hecker,re_central_europe,Central Europe,1625.0,astronomer,europe
3512,Q1279821,Ebert Baldewein,re_german_world,German world,1525.0,astronomer,europe
3513,Q16569344,Francisco de Mendieta y Retes,re_spain,Spain,1556.0,historian,europe
3514,Q47502797,Pietro del Massaio,re_italy,Italy,1420.0,geographer,europe
3515,Q2559852,Wenzeslaus Warich,re_german_world,German world,1564.0,theologian,europe
3516,Q87964,Ernst Salomon Cyprian,re_german_world,German world,1673.0,theologian,europe
3517,Q3093668,Gabriel Chappuys,re_france,France,1546.0,historian,europe
3518,Q7931734,Vincent Contenson,re_france,France,1641.0,theologian,europe
3519,Q701605,"Philips of Marnix, Lord of Saint-Aldegonde",re_low_countries,Low countries,1540.0,theologian | geographer,europe
3520,Q679093,Laurent de Premierfait,re_france,France,1380.0,philosopher,europe
3521,Q71569,Hieronymus Münzer,re_german_world,German world,1437.0,geographer,europe
3522,Q1229238,Valentin Thau,re_german_world,German world,1531.0,astronomer | mathematician,europe
3523,Q96413122,Johann Ludwig Wenz [Wentz],re_german_world,German world,1699.0,mathematician,europe
3524,Q15430968,Martin Knorre,re_german_world,German world,1657.0,mathematician,europe
3525,Q94883504,Heinrich Bernhard Küster,re_german_world,German world,1662.0,theologian,europe
3526,Q379753,Benito Jerónimo Feijóo y Montenegro,re_spain,Spain,1677.0,philosopher,europe
3527,Q1690822,Moevius Volschov,re_german_world,German world,1588.0,theologian,europe
3528,Q98904791,Jean Columbi,re_france,France,1592.0,theologian | philosopher | historian,europe
3529,Q809383,Bartholomäus Wagner,re_central_europe,Central Europe,1520.0,mathematician,europe
3530,Q2131492,Anton Sander,re_low_countries,Low countries,1586.0,historian,europe
3531,Q108578,Theophil Großgebauer,re_german_world,German world,1627.0,theologian,europe
3532,Q1231596,Peter Cantor,re_france,France,1101.0,theologian,europe
3533,Q1819252,Leonhard Marstaller,re_german_world,German world,1488.0,theologian,europe
3534,Q3181255,John Colgan,re_british_islands,British Islands,1592.0,historian,europe
3535,Q3109725,Godefroy de Haestrecht,re_low_countries,Low countries,1593.0,mathematician,europe
3536,Q63355892,Domenico Sabbatino,re_italy,Italy,1653.0,theologian,europe
3537,Q41568869,Niccolò Coppola,re_spain,Spain,1650.0,mathematician,europe
3538,Q1052577,Cedd,re_british_islands,British Islands,620.0,theologian,europe
3539,Q734076,Barnabe Googe,re_british_islands,British Islands,1540.0,linguist,europe
3540,Q284572,Salomo Heinrich Vestring,re_central_europe,Central Europe,1663.0,theologian,europe
3541,Q21545363,Gottschalk Stewech,re_german_world,German world,1551.0,historian,europe
3542,Q98754,Eva von Buttlar,re_german_world,German world,1670.0,theologian,europe
3543,Q74621888,Nicolaas Engelhard,re_low_countries,Low countries,1696.0,mathematician,europe
3544,Q579504,John of Głogów,re_central_europe,Central Europe,1445.0,geographer | astronomer | philosopher | mathematician,europe
3545,Q106452261,Jan Mirotický,re_central_europe,Central Europe,1540.0,anthropologist,europe
3546,Q18945726,Peter Megerlin,re_german_world,German world,1623.0,astronomer,europe
3547,Q11768226,Marek Korona,re_slav_world,Slav world,1590.0,theologian,europe
3548,Q1485070,Petrus Calaminus,re_central_europe,Central Europe,1556.0,theologian,europe
3549,Q124070,Heinrich Glarean,re_german_world,German world,1488.0,philosopher | musicologist | mathematician | geographer | historian,europe
3550,Q318622,Martin Bucer,re_british_islands,British Islands,1491.0,theologian,europe
3551,Q5480516,Francis Cheynell,re_british_islands,British Islands,1608.0,theologian,europe
3552,Q349632,Adam Hamel,re_central_europe,Central Europe,1505.0,theologian,europe
3553,Q27039182,Johann Kitzel,re_german_world,German world,1574.0,mathematician,europe
3554,Q523583,Geoffrey of Paris,re_france,France,1300.0,historian,europe
3555,Q1084798,Christoph Eilard,re_slav_world,Slav world,1585.0,physicist,europe
3556,Q102323,Snorri Sturluson,re_nordic_countries,Nordic countries,1179.0,historian,europe
3557,Q4834287,B. de Canals,re_spain,Spain,1400.0,historian,europe
3558,Q2745910,Jacques De Meyer,re_low_countries,Low countries,1491.0,historian,europe
3559,Q62075511,Johannes Simon Hermanus Oem,re_low_countries,Low countries,1698.0,theologian,europe
3560,Q55079018,Johann Mannich,re_german_world,German world,1579.0,theologian,europe
3561,Q1782346,Conrad Treger,re_german_world,German world,1480.0,theologian,europe
3562,Q3260492,Louis-François Dubois de Saint-Gelais,re_france,France,1669.0,historian,europe
3563,Q950850,Samuel Morland,re_british_islands,British Islands,1625.0,mathematician,europe
3564,Q1313654,Johannes Lycaula,re_german_world,German world,1500.0,theologian,europe
3565,Q55071024,Erik Pontoppidan,re_nordic_countries,Nordic countries,1698.0,theologian | zoologist | economist,europe
3566,Q1236889,César-Pierre Richelet,re_france,France,1626.0,linguist,europe
3567,Q9359556,Tomasz Młodzianowski,re_central_europe,Central Europe,1622.0,philosopher,europe
3568,Q1237898,Amable de Bourzeys,re_france,France,1606.0,theologian,europe
3569,Q94852384,Andreas Birnbeck,re_german_world,German world,1639.0,theologian,europe
3570,Q2428893,Pierre-Joseph Thoulier d'Olivet,re_france,France,1682.0,linguist,europe
3571,Q206459,Feodor II of Russia,re_slav_world,Slav world,1589.0,geographer,europe
3572,Q1242861,Giovanni Maria Lanfranco,re_italy,Italy,1490.0,musicologist,europe
3573,Q1612059,Hermann Marsow,re_central_europe,Central Europe,1485.0,theologian,europe
3574,Q88204310,Gerhard Grave,re_german_world,German world,1598.0,theologian,europe
3575,Q111411584,Hans Larsson Rizanesander,re_nordic_countries,Nordic countries,1500.0,mathematician,europe
3576,Q55835855,Diego Vicencio de Vidania,re_italy,Italy,1644.0,historian,europe
3577,Q585551,Antoine-Tristan Danty d'Isnard,re_france,France,1663.0,botanist,europe
3578,Q3106368,Gilles Macé,re_france,France,1586.0,astronomer | mathematician,europe
3579,Q1458801,Friedrich Daniel Lamprecht,re_german_world,German world,1687.0,theologian,europe
3580,Q2142789,Wenceslaus Hajek,re_central_europe,Central Europe,1500.0,historian,europe
3581,Q353058,Adalbold II of Utrecht,re_low_countries,Low countries,970.0,mathematician,europe
3582,Q1547857,Simon Pelloutier,re_german_world,German world,1694.0,historian,europe
3583,Q4002958,Ugolino of Forlì,re_italy,Italy,1380.0,musicologist,europe
3584,Q42906852,Julien Tabouet,re_france,France,1500.0,historian,europe
3585,Q3216957,Lancelot Voisin de La Popelinière,re_france,France,1541.0,historian,europe
3586,Q1504868,Georg Jacob Schwindel,re_german_world,German world,1684.0,theologian,europe
3587,Q94934167,Urbain Augustin Mabileau,re_france,France,1672.0,theologian,europe
3588,Q13575,François Quesnay,re_france,France,1694.0,philosopher | economist | zoologist,europe
3589,Q4814842,Eleanor Glanville,re_british_islands,British Islands,1654.0,zoologist,europe
3590,Q459749,Ambrosius Wilfflingseder,re_german_world,German world,1500.0,theologian,europe
3591,Q2394771,Gaspard Moïse Augustin de Fontanieu,re_france,France,1694.0,historian,europe
3592,Q3384619,Pierre Danet,re_france,France,1650.0,linguist,europe
3593,Q1230528,Giovanni Poleni,re_italy,Italy,1683.0,physicist | astronomer | mathematician | geographer | meteorologist,europe
3594,Q379941,Jean-Antoine de Baïf,re_france,France,1532.0,historian,europe
3595,Q2699503,Jacob Metius,re_low_countries,Low countries,1580.0,astronomer,europe
3596,Q19965538,Johann Jakob Syrbius,re_german_world,German world,1674.0,philosopher,europe
3597,Q427129,John Frith,re_british_islands,British Islands,1503.0,theologian,europe
3598,Q3568954,William Sherlock,re_british_islands,British Islands,1641.0,theologian,europe
3599,Q56006568,Pompeo Della Barba,re_italy,Italy,1521.0,philosopher,europe
3600,Q5590143,Jonas Bure,re_nordic_countries,Nordic countries,1575.0,geographer,europe
3601,Q525949,Henri-Louis Duhamel du Monceau,re_france,France,1700.0,zoologist | physicist | botanist | meteorologist,europe
3602,Q1148596,Erhard Lauterbach,re_german_world,German world,1570.0,theologian,europe
3603,Q94930189,Johann Frey,re_german_world,German world,1527.0,theologian,europe
3604,Q1086255,Christoph von Utenheim,re_german_world,German world,1450.0,theologian,europe
3605,Q522982,Guðbrandur Þorláksson,re_nordic_countries,Nordic countries,1542.0,mathematician,europe
3606,Q1187608,Denis Pétau,re_france,France,1583.0,historian | philosopher | physicist | theologian,europe
3607,Q1278868,Eberhard Bidembach der Jüngere,re_german_world,German world,1561.0,theologian,europe
3608,Q55679946,Theodosius Göbel,re_german_world,German world,1637.0,theologian,europe
3609,Q106348,Georg Mancelius,re_central_europe,Central Europe,1593.0,theologian,europe
3610,Q1764051,Nikola Vitov Gučetić,re_balkans,Balkans,1549.0,philosopher,europe
3611,Q1441514,Francis Glisson,re_british_islands,British Islands,1597.0,anatomist,europe
3612,Q325984,Samuel Molyneux,re_british_islands,British Islands,1689.0,astronomer,europe
3613,Q1442647,Franco Burgersdijk,re_low_countries,Low countries,1590.0,theologian | philosopher,europe
3614,Q5607111,Gregory Paul of Brzeziny,re_central_europe,Central Europe,1525.0,theologian,europe
3615,Q1902419,Marquard Herrgott,re_german_world,German world,1694.0,historian,europe
3616,Q966795,Ferdinand Johann Adam von Pernau,re_german_world,German world,1660.0,zoologist,europe
3617,Q710070,Piero Valeriano Bolzani,re_italy,Italy,1477.0,historian,europe
3618,Q3766621,Giovanni Battista Cattaneo,re_italy,Italy,1488.0,theologian,europe
3619,Q3340832,Nicolas Vallard,re_france,France,1600.0,geographer,europe
3620,Q3173230,Jean Liron,re_france,France,1665.0,historian,europe
3621,Q55123739,Johann Friedrich Bertram,re_german_world,German world,1699.0,theologian | geographer | historian,europe
3622,Q3170878,Jean Bouchet,re_france,France,1476.0,historian,europe
3623,Q2262015,Luca Gaurico,re_italy,Italy,1476.0,mathematician,europe
3624,Q31209946,Abraham Goos,re_low_countries,Low countries,1589.0,geographer,europe
3625,Q89345685,Giovan Marco Burigozzo,re_italy,Italy,1472.0,historian,europe
3626,Q316367,Francis Hutcheson,re_british_islands,British Islands,1694.0,theologian | philosopher | economist,europe
3627,Q6226209,John Clarke,re_british_islands,British Islands,1682.0,philosopher,europe
3628,Q19359603,Ottavio Ferrari,re_italy,Italy,1607.0,archeologist,europe
3629,Q1749811,Richer of Senones,re_france,France,1190.0,historian,europe
3630,Q1334699,Emanuel König,re_german_world,German world,1658.0,physicist,europe
3631,Q1026906,Louis le Comte,re_france,France,1655.0,astronomer,europe
3632,Q43903557,Eberhard Weidensee,re_german_world,German world,1486.0,theologian,europe
3633,Q438141,Thomas Morley,re_british_islands,British Islands,1559.0,musicologist,europe
3634,Q360689,Robert Sibbald,re_british_islands,British Islands,1641.0,botanist | zoologist | geographer,europe
3635,Q16526941,André de Meester,re_low_countries,Low countries,1505.0,theologian | historian,europe
3636,Q1698456,Johannes Stricker,re_german_world,German world,1540.0,theologian,europe
3637,Q3340654,Nicolas Perrault,re_france,France,1624.0,theologian,europe
3638,Q18593187,Jeremy Shakerley,re_british_islands,British Islands,1626.0,astronomer,europe
3639,Q1763563,Matthias Starck,re_german_world,German world,1628.0,theologian,europe
3640,Q57073,Daniel Gabriel Fahrenheit,re_low_countries,Low countries,1686.0,physicist | chemist,europe
3641,Q3523652,Theodorus Janssonius van Almeloveen,re_low_countries,Low countries,1657.0,botanist | linguist | historian,europe
3642,Q94943604,Martin Friese,re_nordic_countries,Nordic countries,1688.0,theologian,europe
3643,Q3159587,Jacques Moisant de Brieux,re_france,France,1611.0,historian,europe
3644,Q16649739,Johan Lithen,re_nordic_countries,Nordic countries,1663.0,geographer,europe
3645,Q55874090,Cajus Arend,re_german_world,German world,1614.0,theologian,europe
3646,Q3758075,Gandulf of Bologna,re_italy,Italy,1200.0,theologian,europe
3647,Q3768885,Girolamo Amadei,re_italy,Italy,1483.0,theologian,europe
3648,Q434533,Erik Dahlbergh,re_nordic_countries,Nordic countries,1625.0,geographer | historian,europe
3649,Q3180533,Johann Ehrenfried Zchackwitz,re_german_world,German world,1669.0,historian,europe
3650,Q538065,Prospero Alpini,re_italy,Italy,1553.0,botanist,europe
3651,Q2343762,Stephan Reich,re_german_world,German world,1512.0,theologian,europe
3652,Q50327056,Constantino Roncaglia,re_italy,Italy,1677.0,philosopher,europe
3653,Q714400,Gian Pietro Bellori,re_italy,Italy,1613.0,archeologist | historian,europe
3654,Q1248865,Leontios Pilatus,re_italy,Italy,1310.0,philosopher,europe
3655,Q27950376,Wawrzyniec Jan Rudawski,re_central_europe,Central Europe,1617.0,historian,europe
3656,Q29261688,Johannes Horrion,re_german_world,German world,1575.0,theologian | philosopher,europe
3657,Q11905564,Andrés Díaz,re_spain,Spain,1600.0,philosopher,europe
3658,Q15821159,Johann Baptist Weiganmeir,re_german_world,German world,1587.0,philosopher,europe
3659,Q3092404,Félix Cary,re_france,France,1699.0,historian,europe
3660,Q1734282,Paul Tarnow,re_german_world,German world,1562.0,theologian,europe
3661,Q3219458,Laurent Pothenot,re_france,France,1650.0,mathematician,europe
3662,Q3447714,Matthew Ferchi,re_italy,Italy,1583.0,theologian | philosopher,europe
3663,Q1693116,Johann Conrad Barchusen,re_low_countries,Low countries,1666.0,chemist,europe
3664,Q3288565,Marco Antonio Guarini,re_italy,Italy,1505.0,historian,europe
3665,Q118892,Johannes Buxtorf II,re_german_world,German world,1599.0,theologian,europe
3666,Q81678,Pero López de Ayala,re_spain,Spain,1332.0,historian,europe
3667,Q3185888,Joseph Duchesne,re_france,France,1544.0,chemist,europe
3668,Q471794,John Pell,re_british_islands,British Islands,1611.0,mathematician,europe
3669,Q605144,Antonio Serra,re_italy,Italy,1600.0,philosopher | economist,europe
3670,Q94930929,Johann Gottfried Bürger,re_german_world,German world,1687.0,theologian,europe
3671,Q437543,Paolo Giovio,re_italy,Italy,1483.0,historian,europe
3672,Q3072158,Luisa Sigea de Velasco,re_spain,Spain,1522.0,philosopher,europe
3673,Q1567855,Johann Gottlob Vollsack,re_german_world,German world,1699.0,theologian,europe
3674,Q2425975,Thomas Mace,re_british_islands,British Islands,1613.0,musicologist,europe
3675,Q1694134,Johann Gottfried Olearius,re_german_world,German world,1641.0,theologian,europe
3676,Q91453,Magnus Pegel,re_central_europe,Central Europe,1547.0,mathematician,europe
3677,Q3350696,Oliva Sabuco,re_spain,Spain,1562.0,philosopher,europe
3678,Q1432211,Robert Norman,re_british_islands,British Islands,1560.0,geologist,europe
3679,Q94938160,Antonius Jenisch,re_central_europe,Central Europe,1698.0,theologian,europe
3680,Q58435905,Nicolaus Roding,re_german_world,German world,1519.0,theologian,europe
3681,Q1340357,Jacob Benzelius,re_nordic_countries,Nordic countries,1683.0,theologian,europe
3682,Q17003205,Casimir Freschot,re_german_world,German world,1640.0,historian,europe
3683,Q6958227,Naftali Hertz ben Yaakov Elchanan,re_german_world,German world,1601.0,theologian,europe
3684,Q1399489,Hermann Tulichius,re_german_world,German world,1486.0,theologian,europe
3685,Q457968,Alexander of Hales,re_france,France,1185.0,theologian | philosopher,europe
3686,Q377037,Johan Gabriel Sparwenfeld,re_nordic_countries,Nordic countries,1655.0,linguist,europe
3687,Q5387700,Eric Walten,re_low_countries,Low countries,1663.0,philosopher,europe
3688,Q3435231,Robert Girard,re_france,France,1575.0,theologian,europe
3689,Q20059050,João de Morais Madureira Feijó,re_portugal,Portugal,1688.0,linguist,europe
3690,Q777540,Sámuel Armbruster,re_central_europe,Central Europe,1601.0,theologian,europe
3691,Q3372504,Paul de Rapin,re_german_world,German world,1661.0,historian,europe
3692,Q4393221,Johan Gustaf Renat,re_nordic_countries,Nordic countries,1682.0,geographer,europe
3693,Q1801816,Lancelot Andrewes,re_british_islands,British Islands,1555.0,theologian,europe
3694,Q8005897,"William Brereton, 3rd Baron Brereton",re_british_islands,British Islands,1631.0,mathematician,europe
3695,Q55904777,Petrus Wittfeld,re_german_world,German world,1587.0,theologian,europe
3696,Q1506348,Georg Weinrich,re_german_world,German world,1554.0,theologian,europe
3697,Q65553613,Steven van Broeckhuysen,re_low_countries,Low countries,1600.0,geographer,europe
3698,Q7192119,Pierre Cally,re_france,France,1630.0,theologian | philosopher,europe
3699,Q111153335,Geronimo Sirtori,re_italy,Italy,1550.0,astronomer | mathematician,europe
3700,Q3160377,Jacques Échard,re_france,France,1644.0,historian,europe
3701,Q526145,Pierre Victor Palma Cayet,re_france,France,1525.0,theologian | historian,europe
3702,Q6190332,Johan Stiernhöök,re_nordic_countries,Nordic countries,1596.0,political scientist,europe
3703,Q44053,Pierre Desceliers,re_france,France,1487.0,geographer,europe
3704,Q117932,Jacques-Barthélemy Micheli du Crest,re_german_world,German world,1690.0,geographer | physicist,europe
3705,Q6014442,Martin Nordeman,re_nordic_countries,Nordic countries,1636.0,mathematician,europe
3706,Q2613149,Adrien Baillet,re_france,France,1649.0,theologian | historian,europe
3707,Q106701,Gottlieb Fabricius,re_german_world,German world,1681.0,theologian,europe
3708,Q7406419,Salvador José Mañer,re_spain,Spain,1676.0,historian,europe
3709,Q1421533,Johannes Gujan,re_german_world,German world,1668.0,theologian,europe
3710,Q55844390,Joseph Anton Kleinbrodt,re_german_world,German world,1668.0,theologian | philosopher,europe
3711,Q85955315,Antoni d'Armengol i d'Aimeric,re_spain,Spain,1692.0,historian,europe
3712,Q98446,Marquard Gude,re_german_world,German world,1635.0,archeologist | anthropologist,europe
3713,Q94938498,Johann Wider,re_german_world,German world,1583.0,historian,europe
3714,Q1597679,Heinrich Höck,re_german_world,German world,1700.0,theologian,europe
3715,Q1445496,Giovanni Battista Tolomei,re_italy,Italy,1653.0,philosopher,europe
3716,Q2618397,François Eudes de Mézeray,re_france,France,1610.0,historian,europe
3717,Q3380442,Philippe Naudé l'Ancien,re_german_world,German world,1654.0,mathematician,europe
3718,Q941481,Jean Hardouin,re_france,France,1646.0,philosopher | historian,europe
3719,Q1317800,Francesco Vettori,re_italy,Italy,1474.0,historian,europe
3720,Q445165,Johannes Bertelius,re_german_world,German world,1544.0,historian,europe
3721,Q5493154,François Alexandre Pierre de Garsault,re_france,France,1693.0,botanist | zoologist,europe
3722,Q722544,Filippo Buonaccorsi,re_central_europe,Central Europe,1437.0,historian,europe
3723,Q100330715,Helena Magenbuch,re_german_world,German world,1523.0,pharmacologist | chemist,europe
3724,Q595497,Francesco Pucci,re_italy,Italy,1543.0,philosopher,europe
3725,Q28934285,Friedrich Gramm,re_german_world,German world,1667.0,theologian,europe
3726,Q325992,Giulio Cesare la Galla,re_italy,Italy,1571.0,philosopher,europe
3727,Q106830011,Giovanni Francesco Beati,re_italy,Italy,1475.0,philosopher,europe
3728,Q1522260,Raymond Bonal,re_france,France,1600.0,theologian,europe
3729,Q1485139,Goswin von Marienberg,re_italy,Italy,1320.0,historian,europe
3730,Q646701,Thyrsus González de Santalla,re_italy,Italy,1624.0,theologian,europe
3731,Q832033,István Werbőczy,re_central_europe,Central Europe,1458.0,theologian,europe
3732,Q4013150,Vincenzo Carrari,re_italy,Italy,1539.0,historian,europe
3733,Q8243098,Bartolomé Bravo,re_spain,Spain,1554.0,linguist,europe
3734,Q3756465,Gabriel Cossart,re_france,France,1615.0,historian,europe
3735,Q14395605,Josuah Sylvester,re_low_countries,Low countries,1563.0,linguist,europe
3736,Q6389108,Louise-Anastasia Serment,re_france,France,1642.0,philosopher,europe
3737,Q3369448,Patrick Fleming,re_central_europe,Central Europe,1599.0,historian,europe
3738,Q12789066,Franc Domenik Kalin,re_german_world,German world,1624.0,historian,europe
3739,Q111154579,Filippo Antonini,re_italy,Italy,1560.0,archeologist,europe
3740,Q20942033,Heinrich Schweickher,re_german_world,German world,1526.0,geographer,europe
3741,Q91407278,Louis de Lesclache,re_france,France,1620.0,philosopher,europe
3742,Q1696529,Johann Werlhof,re_german_world,German world,1660.0,political scientist,europe
3743,Q54921674,José Manuel Miñana,re_spain,Spain,1671.0,historian,europe
3744,Q6164807,Jaume Safont,re_spain,Spain,1420.0,historian,europe
3745,Q17301067,Josep Capellades,re_spain,Spain,1610.0,theologian,europe
3746,Q966829,Charles de Sainte-Marthe,re_france,France,1512.0,theologian | philosopher,europe
3747,Q3311286,Michele Foscarini,re_italy,Italy,1632.0,historian,europe
3748,Q960152,Fernán Pérez de Guzmán,re_spain,Spain,1376.0,historian,europe
3749,Q2502886,Benedict Herbest,re_central_europe,Central Europe,1531.0,theologian,europe
3750,Q8199644,Angelo Pietra,re_italy,Italy,1550.0,economist,europe
3751,Q707285,Jacques Cujas,re_france,France,1522.0,philosopher,europe
3752,Q716140,Vavrinec Benedikt of Nedožery,re_central_europe,Central Europe,1555.0,linguist | mathematician,europe
3753,Q1307497,Heinrich Banzcow,re_german_world,German world,1480.0,theologian,europe
3754,Q78323,Martin Rinkart,re_german_world,German world,1586.0,theologian,europe
3755,Q59892,Nicholas Kratzer,re_british_islands,British Islands,1487.0,astronomer | mathematician,europe
3756,Q1370379,Géraud de Cordemoy,re_france,France,1626.0,philosopher | historian,europe
3757,Q18945643,Marco Galli,re_italy,Italy,1645.0,mathematician,europe
3758,Q315871,Justus Lipsius,re_low_countries,Low countries,1547.0,philosopher | historian,europe
3759,Q91646,Jacob Leupold,re_german_world,German world,1674.0,physicist | mathematician,europe
3760,Q55123800,Johann Konrad Axt,re_german_world,German world,1638.0,chemist,europe
3761,Q16144190,Pascual Agramunt,re_spain,Spain,1688.0,theologian,europe
3762,Q44486869,Lorenzo Penna,re_italy,Italy,1613.0,musicologist,europe
3763,Q4362566,Pieter Pickaert,re_slav_world,Slav world,1668.0,geographer,europe
3764,Q1853681,Abraham Trommius,re_low_countries,Low countries,1633.0,theologian,europe
3765,Q1082346,Christian Wilhelm von Krohnemann,re_german_world,German world,1639.0,chemist,europe
3766,Q6240116,John Howe,re_british_islands,British Islands,1630.0,theologian,europe
3767,Q826115,Bernhard Walter Marperger,re_german_world,German world,1682.0,theologian,europe
3768,Q1910179,Matthias Nethenus,re_german_world,German world,1618.0,theologian,europe
3769,Q683717,William Latimer,re_british_islands,British Islands,1467.0,theologian | linguist,europe
3770,Q1245193,Franciscus Sonnius,re_low_countries,Low countries,1506.0,theologian,europe
3771,Q2958143,Charles-Hyacinthe Hugo,re_france,France,1667.0,historian,europe
3772,Q55675572,Matthäus Heinrich Eggerdes,re_german_world,German world,1678.0,theologian,europe
3773,Q3180658,Johann Zwinger,re_german_world,German world,1634.0,theologian,europe
3774,Q102234,Balthasar Bebel,re_german_world,German world,1632.0,theologian,europe
3775,Q1692662,Johann Benedict Carpzov,re_german_world,German world,1675.0,historian,europe
3776,Q1694454,Johann Heinrich Meister,re_german_world,German world,1700.0,theologian,europe
3777,Q18945215,Donato Rossetti,re_italy,Italy,1633.0,philosopher | mathematician,europe
3778,Q1081035,Christian Mascov,re_slav_world,Slav world,1673.0,theologian,europe
3779,Q94870119,Johann Hitzler,re_german_world,German world,1541.0,theologian,europe
3780,Q1695760,Johann Paul Oettel,re_german_world,German world,1699.0,theologian,europe
3781,Q55876113,Nicolas Du Sault,re_france,France,1600.0,philosopher,europe
3782,Q1378752,Francis Hauksbee,re_british_islands,British Islands,1660.0,physicist | mathematician | zoologist,europe
3783,Q348500,Camillo Porzio,re_italy,Italy,1526.0,historian,europe
3784,Q1307847,Wilhelm Leyser,re_german_world,German world,1592.0,theologian,europe
3785,Q2535940,Nicolas Barnaud,re_france,France,1538.0,philosopher,europe
3786,Q98400375,Nicolaas Hoboken,re_low_countries,Low countries,1632.0,mathematician,europe
3787,Q10855567,Andrés de Poza,re_spain,Spain,1530.0,linguist,europe
3788,Q745030,Peter of Vaux de Cernay,re_france,France,1182.0,historian,europe
3789,Q1066542,Charles de Condren,re_france,France,1588.0,theologian | philosopher,europe
3790,Q91214,Helisaeus Roeslin,re_france,France,1545.0,astronomer,europe
3791,Q1697921,Johannes Lamside,re_german_world,German world,1400.0,theologian,europe
3792,Q7966266,Walter Taylor,re_british_islands,British Islands,1700.0,mathematician,europe
3793,Q559443,Johan Sems,re_low_countries,Low countries,1572.0,geographer,europe
3794,Q23871953,Alfonso Villagut,re_italy,Italy,1566.0,theologian,europe
3795,Q938364,Mikhail Gvozdev,re_slav_world,Slav world,1700.0,geographer,europe
3796,Q1692675,Johannes Bergius,re_german_world,German world,1587.0,theologian,europe
3797,Q3310841,Michele Savonarola,re_italy,Italy,1384.0,historian,europe
3798,Q12343099,Thomas Bartholin den yngste,re_nordic_countries,Nordic countries,1690.0,historian,europe
3799,Q26708126,Claude Bourdelin,re_france,France,1621.0,chemist,europe
3800,Q1354427,Jean-Baptiste Du Halde,re_france,France,1674.0,historian,europe
3801,Q73654,Ludwig Jungermann,re_german_world,German world,1572.0,botanist | anatomist,europe
3802,Q110148,Heinrich Brewer,re_low_countries,Low countries,1640.0,historian,europe
3803,Q4208449,Filippo Maria Casoni,re_italy,Italy,1662.0,historian,europe
3804,Q9011532,Jerónimo Muñoz,re_spain,Spain,1520.0,geographer | linguist | mathematician,europe
3805,Q62554420,Joaquín Setantí,re_spain,Spain,1550.0,philosopher,europe
3806,Q19375984,Iver Hirtzholm,re_nordic_countries,Nordic countries,1635.0,historian,europe
3807,Q16027705,Daniel Le Clerc,re_france,France,1652.0,physicist,europe
3808,Q31276102,Olaus Moberg,re_nordic_countries,Nordic countries,1653.0,theologian,europe
3809,Q1428253,Johann Weiß,re_german_world,German world,1498.0,theologian,europe
3810,Q1695603,Johann Michaelis,re_german_world,German world,1612.0,theologian,europe
3811,Q3613817,Ambrogio Cavalli,re_italy,Italy,1500.0,theologian,europe
3812,Q1697363,Johann Leonhard,re_german_world,German world,1651.0,theologian,europe
3813,Q5483187,Francisco Bermúdez de Pedraza,re_spain,Spain,1585.0,historian,europe
3814,Q22585022,Francesco Nigetti,re_italy,Italy,1603.0,musicologist,europe
3815,Q17301815,Juan Luís de Moncada,re_spain,Spain,1585.0,historian,europe
3816,Q3177480,William Law,re_british_islands,British Islands,1686.0,theologian,europe
3817,Q19278320,Diomede Borghesi,re_italy,Italy,1539.0,linguist,europe
3818,Q75717,Valentin Ernst Löscher,re_german_world,German world,1673.0,theologian,europe
3819,Q17485301,Barthélémy Cabrol,re_france,France,1529.0,anatomist,europe
3820,Q600701,François Blondel,re_france,France,1618.0,mathematician,europe
3821,Q105591499,Joseph de Arroyo Palomeque,re_spain,Spain,1697.0,geographer,europe
3822,Q1228845,Kaspar Friedrich Nachtenhöfer,re_german_world,German world,1624.0,theologian,europe
3823,Q711573,Niccolò Leoniceno,re_italy,Italy,1428.0,botanist | linguist,europe
3824,Q12263147,Martín de Coscojales,re_spain,Spain,1542.0,historian,europe
3825,Q95444330,Václav Antonín Nosek,re_central_europe,Central Europe,1691.0,philosopher,europe
3826,Q2202637,Theodorus Schrevelius,re_low_countries,Low countries,1572.0,linguist,europe
3827,Q3642038,Bonaventura Belluto,re_italy,Italy,1600.0,theologian | philosopher,europe
3828,Q17300982,Bernat Oller,re_spain,Spain,1315.0,historian,europe
3829,Q339211,Hermann Witsius,re_low_countries,Low countries,1636.0,theologian,europe
3830,Q3168227,Jean-Nicolas de La Hire,re_france,France,1685.0,botanist,europe
3831,Q16372978,Simon Hennings,re_german_world,German world,1608.0,theologian,europe
3832,Q1521770,Marianus Brockie,re_german_world,German world,1687.0,theologian | philosopher,europe
3833,Q11686152,Josef Ramirez,re_spain,Spain,1624.0,theologian,europe
3834,Q134009,Franciscus Titelmans,re_low_countries,Low countries,1502.0,theologian | philosopher,europe
3835,Q55876282,Moesmannus Dop,re_low_countries,Low countries,1647.0,physicist,europe
3836,Q2049833,Pantaleon Candidus,re_german_world,German world,1540.0,theologian | historian,europe
3837,Q1697664,Johannes Henich,re_german_world,German world,1616.0,theologian,europe
3838,Q941383,Jan Huyghen van Linschoten,re_low_countries,Low countries,1563.0,geographer | historian,europe
3839,Q1359348,Heriger of Lobbes,re_low_countries,Low countries,925.0,historian,europe
3840,Q5849201,Esteban de Corbera,re_spain,Spain,1563.0,historian,europe
3841,Q1504646,Georg Heinrich Götze,re_german_world,German world,1667.0,theologian,europe
3842,Q1678153,Jacques d'Allonville,re_france,France,1671.0,astronomer | mathematician,europe
3843,Q1343514,Martin Delrio,re_low_countries,Low countries,1551.0,theologian,europe
3844,Q55127057,Eusebius Graf von Truchseß,re_italy,Italy,1631.0,theologian,europe
3845,Q2782521,Johan Haartman,re_nordic_countries,Nordic countries,1682.0,philosopher,europe
3846,Q785925,Gerardus Vossius,re_low_countries,Low countries,1577.0,theologian | musicologist | linguist | historian,europe
3847,Q1519486,Johann Reiske,re_german_world,German world,1641.0,historian,europe
3848,Q5953060,Juan de Castañeda,re_spain,Spain,1600.0,historian,europe
3849,Q6774959,Martin Bauzer,re_italy,Italy,1595.0,historian,europe
3850,Q978353,Joseph Vaissète,re_france,France,1685.0,historian,europe
3851,Q948840,Pier Antonio Micheli,re_italy,Italy,1679.0,botanist,europe
3852,Q51953149,Johann Conrad Knauth,re_german_world,German world,1662.0,historian,europe
3853,Q91368,Johann Forster,re_german_world,German world,1496.0,theologian,europe
3854,Q12022626,Jan Jiří Středovský,re_central_europe,Central Europe,1679.0,theologian | historian,europe
3855,Q559622,Joseph Albo,re_spain,Spain,1380.0,philosopher,europe
3856,Q146994,Zanobi da Strada,re_france,France,1312.0,linguist,europe
3857,Q8755,Colin Maclaurin,re_british_islands,British Islands,1698.0,astronomer | physicist | mathematician,europe
3858,Q973491,Gregory King,re_british_islands,British Islands,1648.0,economist | mathematician,europe
3859,Q437582,John Bevis,re_british_islands,British Islands,1695.0,astronomer,europe
3860,Q609811,Carlo Sernicola,re_italy,Italy,1659.0,theologian,europe
3861,Q1644031,Krzysztof Ostorodt,re_central_europe,Central Europe,1560.0,theologian,europe
3862,Q1216298,Henri Valois,re_france,France,1603.0,linguist | historian,europe
3863,Q1309623,Oldřich Prefát z Vlkanova,re_central_europe,Central Europe,1523.0,astronomer | mathematician,europe
3864,Q1597458,Heinrich Günther von Thulemeyer,re_german_world,German world,1642.0,historian,europe
3865,Q784911,Jan Černý-Nigranus,re_central_europe,Central Europe,1500.0,historian,europe
3866,Q122366,Daniel Bernoulli,re_german_world,German world,1700.0,economist | physicist | mathematician,europe
3867,Q186452,Menahem Recanati,re_italy,Italy,1250.0,philosopher,europe
3868,Q1379233,Wolfgang Amling,re_german_world,German world,1542.0,theologian,europe
3869,Q3749759,Francesco Cattani da Diacceto,re_italy,Italy,1446.0,philosopher,europe
3870,Q1042297,Carlo Marsuppini,re_italy,Italy,1398.0,philosopher,europe
3871,Q3086198,Francis of Foix-Candale,re_france,France,1512.0,mathematician,europe
3872,Q804757,Baldemar von Petterweil,re_german_world,German world,1320.0,historian,europe
3873,Q1613727,Nikolaus Boie,re_german_world,German world,1501.0,theologian,europe
3874,Q1782304,Conrad Schlüsselburg,re_german_world,German world,1543.0,theologian,europe
3875,Q15821345,Johann Michael Hallwachs,re_german_world,German world,1690.0,theologian | historian,europe
3876,Q3386898,Pierre Rémond de Sainte-Albine,re_france,France,1699.0,historian,europe
3877,Q3776495,Gregorio Carbonelli,re_italy,Italy,1561.0,theologian,europe
3878,Q737706,Sébastien Vaillant,re_france,France,1669.0,botanist,europe
3879,Q1596495,Heinrich Abermann,re_german_world,German world,1583.0,historian,europe
3880,Q15906605,Gottfried Hoffmann,re_german_world,German world,1669.0,theologian,europe
3881,Q73396,Abraham Vater,re_german_world,German world,1684.0,anatomist,europe
3882,Q3471086,Samuel Cottereau du Clos,re_france,France,1598.0,chemist,europe
3883,Q18236983,Aarhusius,re_nordic_countries,Nordic countries,1532.0,theologian,europe
3884,Q110285,Johann Affelmann,re_german_world,German world,1588.0,theologian,europe
3885,Q826361,Bernhard von Sanden the Elder,re_slav_world,Slav world,1636.0,theologian,europe
3886,Q3766382,Giovanni Ambrogio Mazenta,re_italy,Italy,1565.0,mathematician,europe
3887,Q380654,Aegidius Tschudi,re_german_world,German world,1505.0,geographer | historian,europe
3888,Q11718950,Jan Schultz-Szulecki,re_central_europe,Central Europe,1662.0,historian,europe
3889,Q18644666,Michael Sautter,re_german_world,German world,1618.0,theologian,europe
3890,Q101437,Pius II,re_italy,Italy,1405.0,geographer | historian,europe
3891,Q95556883,Michal Ascanius,re_central_europe,Central Europe,1620.0,philosopher,europe
3892,Q275624,John Cantius,re_central_europe,Central Europe,1390.0,theologian | physicist,europe
3893,Q395689,Agostino Nifo,re_italy,Italy,1473.0,philosopher,europe
3894,Q1692252,Johann Adam Schertzer,re_german_world,German world,1628.0,theologian,europe
3895,Q4317648,Kasper Niesiecki,re_central_europe,Central Europe,1682.0,historian,europe
3896,Q5479481,Francesco Negri,re_central_europe,Central Europe,1500.0,theologian,europe
3897,Q9014930,Josef de Moret,re_spain,Spain,1615.0,historian,europe
3898,Q94872676,Jakob Ulrich,re_german_world,German world,1538.0,theologian,europe
3899,Q6119519,Jacob ben David ben Yom Tov,re_spain,Spain,1400.0,astronomer,europe
3900,Q8301644,Denis Simon,re_france,France,1648.0,historian,europe
3901,Q2253307,Robert of Gloucester,re_british_islands,British Islands,1260.0,historian,europe
3902,Q94786689,Thomas Lindemann,re_nordic_countries,Nordic countries,1609.0,theologian,europe
3903,Q1697979,Johannes Magirus,re_german_world,German world,1537.0,theologian,europe
3904,Q455518,Sven Aggesen,re_nordic_countries,Nordic countries,1140.0,historian,europe
3905,Q317979,Alexander Ales,re_german_world,German world,1500.0,theologian,europe
3906,Q94810852,Lorenz Carl Brückner,re_central_europe,Central Europe,1673.0,theologian,europe
3907,Q7074565,Obadiah Walker,re_british_islands,British Islands,1616.0,historian,europe
3908,Q3182765,John Williams,re_british_islands,British Islands,1582.0,theologian,europe
3909,Q310439,George Fox,re_british_islands,British Islands,1624.0,theologian,europe
3910,Q1910548,Matthäus Röseler,re_german_world,German world,1522.0,astronomer | mathematician,europe
3911,Q499679,Andreas Mylius,re_slav_world,Slav world,1606.0,theologian,europe
3912,Q264028,John of Salisbury,re_france,France,1110.0,theologian | philosopher | historian | political scientist,europe
3913,Q2038305,Salvino D'Armate,re_italy,Italy,1258.0,physicist,europe
3914,Q2521133,Vespasien Robin,re_france,France,1579.0,botanist,europe
3915,Q116098,Joachim Vadian,re_german_world,German world,1484.0,theologian | historian,europe
3916,Q118351,Constantine L'Empereur van Oppyck,re_low_countries,Low countries,1591.0,theologian,europe
3917,Q1080441,Christian Jacob Koitzsch,re_german_world,German world,1671.0,theologian,europe
3918,Q94832300,Philipp Oussel,re_central_europe,Central Europe,1671.0,theologian,europe
3919,Q1804434,Wolfgang Franz,re_german_world,German world,1564.0,theologian | historian,europe
3920,Q41346705,Willem Goeree,re_low_countries,Low countries,1635.0,art theorist,europe
3921,Q98208,Samuel Christian Hollmann,re_german_world,German world,1696.0,philosopher | physicist,europe
3922,Q55676246,Heinrich Weidensee,re_german_world,German world,1644.0,theologian,europe
3923,Q315037,Jacques Cassini,re_france,France,1677.0,geographer | astronomer,europe
3924,Q15429730,Elias Veiel,re_german_world,German world,1635.0,theologian,europe
3925,Q4253395,Jean Lalemandet,re_central_europe,Central Europe,1595.0,theologian,europe
3926,Q705660,Ulrich of Strasburg,re_france,France,1220.0,theologian | philosopher,europe
3927,Q182128,Giovanni Pico della Mirandola,re_italy,Italy,1463.0,philosopher,europe
3928,Q356009,Giacomo Antonio Cortuso,re_italy,Italy,1513.0,botanist,europe
3929,Q16863435,Domingo Marcos Durán,re_spain,Spain,1465.0,musicologist,europe
3930,Q20676120,Anton Schneeberger,re_central_europe,Central Europe,1530.0,historian,europe
3931,Q3086917,Vicente Lusitano,re_portugal,Portugal,1520.0,musicologist,europe
3932,Q5564030,Giovanni de Galliano Pieroni,re_german_world,German world,1586.0,astronomer | mathematician,europe
3933,Q1225354,Ludwig Philipp Thümmig,re_german_world,German world,1697.0,philosopher,europe
3934,Q561034,Tito Livio Burattini,re_central_europe,Central Europe,1617.0,physicist | astronomer | mathematician | geographer | historian,europe
3935,Q1389662,Guillaume Delisle,re_france,France,1675.0,geographer,europe
3936,Q1696740,Johann van den Honert,re_low_countries,Low countries,1693.0,theologian,europe
3937,Q39155192,Leonard Pappus von Tratzberg,re_german_world,German world,1607.0,historian,europe
3938,Q21165842,David Krieg,re_central_europe,Central Europe,1669.0,botanist,europe
3939,Q112283632,Ambrogio Taegio,re_italy,Italy,1461.0,historian,europe
3940,Q2849524,Angelo di Costanzo,re_italy,Italy,1507.0,historian,europe
3941,Q1345250,Petrus Kenicius,re_nordic_countries,Nordic countries,1555.0,theologian,europe
3942,Q500856,Andreas Stübel,re_german_world,German world,1653.0,theologian | philosopher,europe
3943,Q19288976,Joan Plaça,re_spain,Spain,1525.0,botanist,europe
3944,Q6253395,John Price,re_italy,Italy,1602.0,historian,europe
3945,Q385539,René-Prosper Tassin,re_france,France,1697.0,historian,europe
3946,Q518918,Thomas May,re_british_islands,British Islands,1595.0,historian,europe
3947,Q55134307,Anton Roschmann,re_german_world,German world,1694.0,historian,europe
3948,Q3767184,Giovanni Fabrini,re_italy,Italy,1516.0,linguist,europe
3949,Q2887519,Diego de Zúñiga,re_spain,Spain,1536.0,philosopher,europe
3950,Q3014582,Daniel Rabel,re_france,France,1578.0,botanist,europe
3951,Q3762652,Gian Giacomo Adria,re_italy,Italy,1485.0,historian,europe
3952,Q2653717,Antonius Hulsius,re_low_countries,Low countries,1615.0,theologian,europe
3953,Q4157022,Richard Delamaine,re_british_islands,British Islands,1600.0,mathematician,europe
3954,Q29613412,Louis Morin de Saint-Victor,re_france,France,1635.0,botanist,europe
3955,Q163833,Sebastian z Felsztyna,re_central_europe,Central Europe,1485.0,musicologist,europe
3956,Q10329807,Miguel Leitão de Andrada,re_portugal,Portugal,1553.0,historian,europe
3957,Q12389012,Felipe de la Gándara,re_spain,Spain,1596.0,historian,europe
3958,Q927871,Gerard de Jode,re_low_countries,Low countries,1509.0,geographer,europe
3959,Q87620,Luca Pacioli,re_italy,Italy,1440.0,economist | mathematician,europe
3960,Q2898894,Bernardino Genga,re_italy,Italy,1620.0,anatomist,europe
3961,Q3159182,Jacques Joseph Duguet,re_france,France,1649.0,theologian,europe
3962,Q805628,Balthasar Mentzer,re_german_world,German world,1565.0,theologian,europe
3963,Q52148136,Pieter Blaeu,re_low_countries,Low countries,1637.0,geographer,europe
3964,Q3769519,Giulio Calvi,re_italy,Italy,1554.0,theologian,europe
3965,Q4836326,Anna Mackenzie,re_british_islands,British Islands,1621.0,historian,europe
3966,Q9655409,Bernardo Rodrigues,re_portugal,Portugal,1500.0,historian,europe
3967,Q733270,"Pierre de Bourdeille, seigneur de Brantôme",re_france,France,1540.0,historian,europe
3968,Q64182,Basil Faber,re_german_world,German world,1520.0,theologian,europe
3969,Q725843,Vittorino da Feltre,re_italy,Italy,1378.0,philosopher,europe
3970,Q1048024,Caspar Schleupner,re_central_europe,Central Europe,1535.0,mathematician,europe
3971,Q835863,John Craig,re_british_islands,British Islands,1663.0,mathematician,europe
3972,Q523866,Albertus Seba,re_low_countries,Low countries,1665.0,zoologist | pharmacologist,europe
3973,Q11774229,Daniel Paulina,re_central_europe,Central Europe,1550.0,philosopher,europe
3974,Q18528973,Ezekiel Foxcroft,re_british_islands,British Islands,1633.0,mathematician,europe
3975,Q3158907,Jacques Fouillou,re_france,France,1670.0,theologian,europe
3976,Q3635397,Bartholomew Mastrius,re_italy,Italy,1602.0,theologian | philosopher,europe
3977,Q435083,Kirik the Novgorodian,re_slav_world,Slav world,1110.0,mathematician,europe
3978,Q7026283,Nicholas Tacitus Zegers,re_low_countries,Low countries,1495.0,theologian,europe
3979,Q539261,Marcin Bylica,re_central_europe,Central Europe,1433.0,astronomer,europe
3980,Q1611387,Hermann Hamelmann,re_german_world,German world,1526.0,theologian | historian,europe
3981,Q19997747,Alonso Balmaseda,re_spain,Spain,1626.0,philosopher,europe
3982,Q3561345,Vittore Trincavelli,re_italy,Italy,1496.0,philosopher,europe
3983,Q25474248,János Ádám Gensel,re_central_europe,Central Europe,1677.0,meteorologist,europe
3984,Q326772,Jan František Beckovský,re_central_europe,Central Europe,1658.0,linguist | historian,europe
3985,Q1539925,Gottlob Friedrich Seligmann,re_german_world,German world,1654.0,theologian,europe
3986,Q3105122,Giambattista Raimondi,re_italy,Italy,1536.0,mathematician,europe
3987,Q1488113,Giacomo Zanoni,re_italy,Italy,1615.0,botanist,europe
3988,Q3218970,Laurent-François Boursier,re_france,France,1679.0,theologian,europe
3989,Q21001156,Josep Carreres,re_spain,Spain,1700.0,philosopher,europe
3990,Q981558,Pieter Pourbus,re_low_countries,Low countries,1524.0,geographer,europe
3991,Q111682,Martin Eisengrein,re_german_world,German world,1535.0,theologian,europe
3992,Q237090,Madame de Lafayette,re_france,France,1634.0,historian,europe
3993,Q158097,Johann Crüger,re_german_world,German world,1598.0,musicologist,europe
3994,Q3159289,Jacques Le Blanc de La Vignolle,re_france,France,1610.0,historian,europe
3995,Q7026122,Nicholas Riccardi,re_italy,Italy,1585.0,theologian,europe
3996,Q55676090,Caspar Cörber,re_german_world,German world,1658.0,historian,europe
3997,Q2284797,Sigismund Ferdinand Hartmann,re_central_europe,Central Europe,1632.0,mathematician,europe
3998,Q3739678,Anders Anton von Stiernman,re_nordic_countries,Nordic countries,1695.0,historian,europe
3999,Q1849441,Johannes Basseliers,re_low_countries,Low countries,1640.0,theologian,europe
4000,Q1694319,Johann Hartmann Misler,re_german_world,German world,1642.0,theologian,europe
4001,Q71815,Justus Menius,re_german_world,German world,1499.0,theologian,europe
4002,Q912761,Peter Helias,re_france,France,1100.0,linguist,europe
4003,Q52154046,Benjamin Priolo,re_france,France,1602.0,historian,europe
4004,Q1366660,Esaias Krüger,re_german_world,German world,1544.0,theologian,europe
4005,Q1126870,Conrad Lautenbach,re_german_world,German world,1534.0,theologian | philosopher,europe
4006,Q1526138,Giovanni Garzoni,re_italy,Italy,1419.0,historian,europe
4007,Q253974,Flodoard,re_france,France,894.0,historian,europe
4008,Q55122738,Andreas Ottomar Goelicke,re_german_world,German world,1671.0,anatomist,europe
4009,Q1042450,Carlo Ruini,re_italy,Italy,1530.0,anatomist,europe
4010,Q16268484,Alessandro Macchiavelli,re_italy,Italy,1693.0,historian,europe
4011,Q159592,John Napier,re_british_islands,British Islands,1550.0,theologian | astronomer | physicist | mathematician,europe
4012,Q3635438,Bartolomeo Zuccato,re_italy,Italy,1492.0,historian,europe
4013,Q4426871,Fedor Ivanovich Soimonov,re_slav_world,Slav world,1692.0,geographer,europe
4014,Q453697,Robert Fludd,re_british_islands,British Islands,1574.0,musicologist | philosopher | physicist | mathematician,europe
4015,Q6837358,Michael Moore,re_british_islands,British Islands,1640.0,philosopher,europe
4016,Q3172370,Jean Grancolas,re_france,France,1660.0,theologian,europe
4017,Q1458096,Fridericus Amann,re_german_world,German world,1400.0,astronomer | mathematician,europe
4018,Q1271577,Jakob Bergemann,re_german_world,German world,1527.0,philosopher | mathematician,europe
4019,Q1047916,Caspar Herrmann Sandhagen,re_german_world,German world,1639.0,theologian,europe
4020,Q97487860,Al-Dabbi,re_spain,Spain,1155.0,historian,europe
4021,Q935542,Charles Cotin,re_france,France,1604.0,philosopher,europe
4022,Q1363975,Michele Mercati,re_italy,Italy,1541.0,physicist | botanist | archeologist | geologist | anthropologist | historian,europe
4023,Q3263429,Louis de Courcillon,re_france,France,1643.0,linguist,europe
4024,Q44624,Peter Canisius,re_german_world,German world,1521.0,theologian,europe
4025,Q1591666,Johannes Sylvius Egranus,re_central_europe,Central Europe,1480.0,theologian,europe
4026,Q6062896,Christian Ramus,re_nordic_countries,Nordic countries,1687.0,theologian,europe
4027,Q88865197,Claude de Rubys,re_france,France,1533.0,historian,europe
4028,Q77288,Ehrenfried Walther von Tschirnhaus,re_german_world,German world,1651.0,philosopher | physicist | mathematician,europe
4029,Q1446615,Gedaliah ibn Yahya ben Joseph,re_italy,Italy,1526.0,historian,europe
4030,Q2856857,Antoine de la Roche Chandieu,re_france,France,1534.0,theologian,europe
4031,Q6017636,Lars Norrman,re_nordic_countries,Nordic countries,1651.0,theologian,europe
4032,Q3318312,Honius,re_low_countries,Low countries,1440.0,theologian,europe
4033,Q18530350,Matthias Pasor,re_german_world,German world,1599.0,linguist | philosopher,europe
4034,Q1029331,Camillo Agrippa,re_italy,Italy,1501.0,mathematician,europe
4035,Q109659,Johann Christoph Harenberg,re_german_world,German world,1696.0,theologian,europe
4036,Q55626209,Georg Seger,re_central_europe,Central Europe,1629.0,zoologist,europe
4037,Q21078273,Sancho de Moncada,re_spain,Spain,1580.0,economist,europe
4038,Q50826757,Antoine Garissoles,re_france,France,1587.0,theologian,europe
4039,Q731365,Valerianus Magnus,re_german_world,German world,1586.0,philosopher,europe
4040,Q94932792,Johann Christoph Rost,re_german_world,German world,1671.0,theologian,europe
4041,Q22827603,Paolo Del Buono,re_central_europe,Central Europe,1625.0,physicist,europe
4042,Q61359,Johann Arndt,re_german_world,German world,1556.0,theologian,europe
4043,Q2735477,Johannes Gaupp,re_german_world,German world,1667.0,astronomer | mathematician,europe
4044,Q955752,Barnabé Brisson,re_france,France,1531.0,philosopher,europe
4045,Q708980,Patrick Hamilton,re_british_islands,British Islands,1504.0,theologian,europe
4046,Q710046,Hugh Latimer,re_british_islands,British Islands,1485.0,theologian,europe
4047,Q1371903,Yonah Gerondi,re_spain,Spain,1210.0,philosopher,europe
4048,Q95298705,Pieter Wittewrongel,re_low_countries,Low countries,1609.0,theologian,europe
4049,Q1986790,Nicolaus Dassow,re_german_world,German world,1639.0,theologian,europe
4050,Q1695913,Johann Praetorius,re_german_world,German world,1634.0,astronomer,europe
4051,Q106336,Eleazar of Worms,re_german_world,German world,1160.0,theologian,europe
4052,Q55123030,Sebastian Curtius,re_german_world,German world,1620.0,theologian,europe
4053,Q84599,Ludwig Helmbold,re_german_world,German world,1532.0,philosopher,europe
4054,Q61162,Andreas Werckmeister,re_german_world,German world,1645.0,musicologist,europe
4055,Q121924,Samuel Heinrich König,re_german_world,German world,1671.0,theologian | mathematician,europe
4056,Q1960506,François Combefis,re_france,France,1605.0,historian,europe
4057,Q3806749,James Tyrie,re_italy,Italy,1543.0,theologian,europe
4058,Q3430519,Richard Bellings,re_british_islands,British Islands,1613.0,historian,europe
4059,Q572198,Guglielma de Bohême,re_italy,Italy,1210.0,theologian,europe
4060,Q115938,Jean-Pierre de Crousaz,re_german_world,German world,1663.0,philosopher | mathematician,europe
4061,Q21166574,Littleton Brown,re_british_islands,British Islands,1699.0,botanist,europe
4062,Q76065,Caspar Hedio,re_france,France,1494.0,theologian | historian,europe
4063,Q69816,Paul Amman,re_german_world,German world,1634.0,botanist,europe
4064,Q19998033,Bartomeu Llull,re_spain,Spain,1565.0,theologian,europe
4065,Q18530809,Robert Sayer,re_british_islands,British Islands,1560.0,theologian,europe
4066,Q188663,Marin Mersenne,re_france,France,1588.0,philosopher | physicist | musicologist | astronomer | mathematician | theologian,europe
4067,Q1268728,Francesco Lana de Terzi,re_italy,Italy,1631.0,physicist | mathematician | zoologist,europe
4068,Q3810776,Juan Azor,re_italy,Italy,1535.0,philosopher,europe
4069,Q1397271,Fernão Lopes de Castanheda,re_portugal,Portugal,1500.0,historian,europe
4070,Q3086225,François de Labat,re_france,France,1697.0,economist,europe
4071,Q574405,Johannes Stabius,re_german_world,German world,1460.0,geographer | anatomist,europe
4072,Q37475153,Johann Jacob Hainlin,re_german_world,German world,1588.0,mathematician,europe
4073,Q21209139,Francesco de Vieri,re_italy,Italy,1524.0,philosopher,europe
4074,Q530956,Gregory of Sanok,re_slav_world,Slav world,1406.0,philosopher,europe
4075,Q1980748,Pieter Maasz Smit,re_low_countries,Low countries,1650.0,geographer | mathematician,europe
4076,Q1175674,David Mill,re_low_countries,Low countries,1692.0,theologian,europe
4077,Q576733,Jean Orry,re_france,France,1652.0,economist,europe
4078,Q1030331,Gergely Gyöngyösi,re_central_europe,Central Europe,1472.0,historian,europe
4079,Q500352,Andreas Schato,re_german_world,German world,1539.0,mathematician,europe
4080,Q62511230,Ferdinand Arsenius,re_low_countries,Low countries,1550.0,geographer,europe
4081,Q95281,Gregor Brück,re_german_world,German world,1485.0,theologian,europe
4082,Q108173133,Jan David,re_low_countries,Low countries,1545.0,theologian,europe
4083,Q3651449,Camillo Baldi,re_italy,Italy,1547.0,philosopher,europe
4084,Q388699,Antoine de Laloubère,re_france,France,1600.0,mathematician,europe
4085,Q52154099,Jacques Marsollier,re_france,France,1647.0,historian,europe
4086,Q1698073,Johann Müller,re_german_world,German world,1598.0,theologian,europe
4087,Q5550917,Gerlac Peterson,re_german_world,German world,1378.0,theologian,europe
4088,Q55684922,Albert Wilhelm Melchioris,re_low_countries,Low countries,1685.0,theologian,europe
4089,Q5660936,Agustín de Cazalla,re_spain,Spain,1510.0,theologian,europe
4090,Q1407941,Samuel Strimesius,re_german_world,German world,1648.0,theologian | physicist,europe
4091,Q316295,Bernardino of Siena,re_italy,Italy,1380.0,theologian,europe
4092,Q94934557,Adolphus Visscher,re_low_countries,Low countries,1548.0,theologian,europe
4093,Q154526,Einhard,re_german_world,German world,770.0,historian,europe
4094,Q2284944,Sigmund Christian Gmelin,re_german_world,German world,1679.0,theologian,europe
4095,Q94838724,Friedrich Friese,re_german_world,German world,1668.0,historian,europe
4096,Q1685458,Jean Croiset,re_france,France,1656.0,theologian,europe
4097,Q94754257,Hans Jakob Ulrich,re_german_world,German world,1602.0,theologian,europe
4098,Q28599892,Giuseppe Volpi,re_italy,Italy,1680.0,historian,europe
4099,Q861443,Christophe Butkens,re_low_countries,Low countries,1590.0,historian,europe
4100,Q1394765,René-François de Sluse,re_low_countries,Low countries,1622.0,mathematician,europe
4101,Q6263470,John Welsh,re_british_islands,British Islands,1569.0,theologian,europe
4102,Q1369358,Heinrich Rehbein,re_german_world,German world,1600.0,historian,europe
4103,Q657389,Claude Chantelou,re_france,France,1617.0,theologian | historian,europe
4104,Q3298755,Mathieu Hubert,re_france,France,1640.0,theologian,europe
4105,Q20758213,Nicholas Arnu,re_italy,Italy,1629.0,theologian,europe
4106,Q5791926,Cristóbal de Fonseca,re_spain,Spain,1550.0,philosopher,europe
4107,Q1085760,Christoph Scheibler,re_german_world,German world,1589.0,theologian | philosopher,europe
4108,Q58317611,Etienne Morin,re_low_countries,Low countries,1625.0,theologian,europe
4109,Q2588065,Adriaan Smout,re_low_countries,Low countries,1580.0,theologian,europe
4110,Q3163657,Jean-Aymar Piganiol de La Force,re_france,France,1669.0,geographer | historian,europe
4111,Q110577129,Ignazio Balsamo,re_france,France,1543.0,theologian,europe
4112,Q1996833,Norbert Heermann,re_central_europe,Central Europe,1629.0,historian,europe
4113,Q531492,Gjon Gazulli,re_balkans,Balkans,1400.0,mathematician,europe
4114,Q354523,Thomas of Celano,re_italy,Italy,1190.0,historian,europe
4115,Q19917564,Guillaume Paradin,re_france,France,1510.0,historian,europe
4116,Q1242534,Gilles-François de Gottignies,re_italy,Italy,1630.0,astronomer | mathematician,europe
4117,Q631337,Alanus de Rupe,re_low_countries,Low countries,1428.0,theologian,europe
4118,Q16567385,John Sinnich,re_low_countries,Low countries,1613.0,theologian,europe
4119,Q498601,Andreas Julius Bötticher,re_german_world,German world,1672.0,botanist,europe
4120,Q336868,John Potter,re_british_islands,British Islands,1674.0,historian,europe
4121,Q3946638,Samuel Przypkowski,re_slav_world,Slav world,1592.0,theologian,europe
4122,Q722736,Hugh Aycelin,re_italy,Italy,1230.0,theologian,europe
4123,Q106704430,Jean Capet,re_france,France,1520.0,theologian,europe
4124,Q2856772,Antoine Touron,re_france,France,1686.0,historian,europe
4125,Q970999,Pietro di Giacomo Cataneo,re_italy,Italy,1510.0,mathematician,europe
4126,Q18546412,James Cunningham,re_british_islands,British Islands,1650.0,botanist,europe
4127,Q805638,Balthasar Raida,re_german_world,German world,1495.0,theologian,europe
4128,Q94608,William Caxton,re_british_islands,British Islands,1422.0,linguist,europe
4129,Q4693620,Agostino Bernal,re_spain,Spain,1587.0,philosopher,europe
4130,Q3376642,Peter Heylin,re_british_islands,British Islands,1599.0,theologian | historian,europe
4131,Q12319161,Jean la Placette,re_low_countries,Low countries,1639.0,theologian,europe
4132,Q89381,Molanus,re_low_countries,Low countries,1533.0,theologian,europe
4133,Q463570,Ole Worm,re_nordic_countries,Nordic countries,1588.0,zoologist | physicist | archeologist | historian,europe
4134,Q58662,Petrus Apianus,re_german_world,German world,1495.0,geographer | astronomer | mathematician,europe
4135,Q3766085,Giovan Battista Nicolosi,re_italy,Italy,1610.0,geographer,europe
4136,Q43567862,Elias Pistorius Senior,re_central_europe,Central Europe,1590.0,theologian,europe
4137,Q12792997,Jožef de Giorgio,re_central_europe,Central Europe,1638.0,theologian | philosopher,europe
4138,Q18644663,Mihael Herman,re_german_world,German world,1606.0,theologian | philosopher,europe
4139,Q56062338,Pierre-Joseph de Solignac,re_france,France,1687.0,historian,europe
4140,Q94910925,Johannes Fuchs,re_german_world,German world,1626.0,theologian,europe
4141,Q2383250,Jean Taisner,re_german_world,German world,1508.0,mathematician,europe
4142,Q112506148,Pier Giovanni Capriata,re_italy,Italy,1639.0,historian,europe
4143,Q2960695,Charles de Saint-Paul,re_france,France,1592.0,historian,europe
4144,Q110088583,Michele Amato,re_italy,Italy,1682.0,theologian,europe
4145,Q23753990,Pietro Antonio Crespi Castoldi,re_italy,Italy,1557.0,historian,europe
4146,Q1368501,Esrom Ruedinger,re_german_world,German world,1523.0,historian | physicist,europe
4147,Q1693636,Johann Friedrich Olearius,re_german_world,German world,1661.0,theologian,europe
4148,Q94861283,Wolfgang Geuß,re_german_world,German world,1519.0,astronomer,europe
4149,Q73014,Erhard Weigel,re_german_world,German world,1625.0,astronomer | philosopher | mathematician,europe
4150,Q37084,John VI Kantakouzenos,re_balkans,Balkans,1292.0,historian,europe
4151,Q55914677,Jeremias Deutschmann,re_german_world,German world,1634.0,theologian,europe
4152,Q55124245,Andreas Ehrenberger,re_german_world,German world,1649.0,anatomist,europe
4153,Q41559704,Giuseppe Balli,re_italy,Italy,1567.0,theologian,europe
4154,Q29386402,Jean de Clapiès,re_france,France,1670.0,geographer | astronomer,europe
4155,Q5772257,Carl Gripenhielm,re_nordic_countries,Nordic countries,1655.0,geographer,europe
4156,Q3659181,Carlo Celano,re_italy,Italy,1625.0,theologian,europe
4157,Q2081055,Petrus de Scotia,re_nordic_countries,Nordic countries,1450.0,theologian,europe
4158,Q22070263,Antonio Oliva,re_italy,Italy,1624.0,theologian,europe
4159,Q29553352,Jacques Borelly,re_france,France,1623.0,chemist,europe
4160,Q2292954,Christian Otter,re_low_countries,Low countries,1598.0,mathematician,europe
4161,Q108287,Gebhard XXV. von Alvensleben,re_german_world,German world,1619.0,historian,europe
4162,Q18730313,George Lynn,re_british_islands,British Islands,1676.0,astronomer,europe
4163,Q97068219,Agostino Molari,re_italy,Italy,1526.0,theologian,europe
4164,Q77508,Hermann Conring,re_german_world,German world,1606.0,philosopher,europe
4165,Q5423145,Ezekiel Hopkins,re_british_islands,British Islands,1634.0,theologian,europe
4166,Q15994350,John Chamber,re_british_islands,British Islands,1546.0,astronomer,europe
4167,Q108910,Erasmus von Limburg,re_france,France,1507.0,theologian,europe
4168,Q526613,Giovanni Fontana,re_italy,Italy,1395.0,physicist,europe
4169,Q1696081,Johann Samuel Hering,re_central_europe,Central Europe,1683.0,historian,europe
4170,Q95154620,Benno Löbl,re_central_europe,Central Europe,1688.0,theologian | philosopher,europe
4171,Q1617596,Hieronymus Rauscher,re_german_world,German world,1500.0,theologian,europe
4172,Q12641871,Sebastijan Slade,re_balkans,Balkans,1699.0,historian,europe
4173,Q2941160,Caspar Schwenckfeld,re_central_europe,Central Europe,1563.0,zoologist,europe
4174,Q18945447,Giovanni Lodovico Longo,re_italy,Italy,1501.0,mathematician,europe
4175,Q21545776,Hieronymus Gemusaeus,re_german_world,German world,1505.0,physicist,europe
4176,Q60839762,Franz Ulrich Ries,re_german_world,German world,1696.0,theologian,europe
4177,Q94839099,Georges Polier,re_german_world,German world,1675.0,theologian,europe
4178,Q308161,Abdias Praetorius,re_german_world,German world,1524.0,theologian,europe
4179,Q1246726,Jakob Runge,re_german_world,German world,1527.0,theologian,europe
4180,Q20096877,David Veronese,re_italy,Italy,1601.0,economist,europe
4181,Q96185,Neocorus,re_german_world,German world,1550.0,historian,europe
4182,Q1694930,Johann Jacob Schmauss,re_german_world,German world,1690.0,historian,europe
4183,Q68476,Johann Geiler von Kaisersberg,re_france,France,1445.0,theologian,europe
4184,Q3742619,Ferdinando Leopoldo Del Migliore,re_italy,Italy,1628.0,historian,europe
4185,Q728592,Cecco d'Ascoli,re_italy,Italy,1269.0,astronomer,europe
4186,Q97750,Johann Leonhard Rost,re_german_world,German world,1688.0,astronomer,europe
4187,Q66673,Ekkehard of Aura,re_german_world,German world,1080.0,historian,europe
4188,Q21548225,Annibale Briganti,re_italy,Italy,1520.0,philosopher,europe
4189,Q3028676,Diogo Barbosa Machado,re_france,France,1682.0,historian,europe
4190,Q4676751,Peder Lauridsen Kylling,re_nordic_countries,Nordic countries,1640.0,theologian | botanist,europe
4191,Q110267,Rudolph Clenck,re_german_world,German world,1528.0,theologian,europe
4192,Q266447,Ralph of Caen,re_france,France,1085.0,historian,europe
4193,Q3054644,Henry Noris,re_italy,Italy,1631.0,historian,europe
4194,Q55127514,Johann Heinrich Florin,re_german_world,German world,1650.0,theologian,europe
4195,Q1575214,Johannes Kridt,re_german_world,German world,1600.0,theologian,europe
4196,Q21553189,Jakobus Leydekker,re_low_countries,Low countries,1656.0,theologian,europe
4197,Q22694473,Tobias Wagner,re_german_world,German world,1598.0,theologian,europe
4198,Q595478,Anton Wilhelm Ertl,re_german_world,German world,1654.0,geographer,europe
4199,Q91661,Johannes Praetorius,re_german_world,German world,1537.0,astronomer | physicist | mathematician,europe
4200,Q1696786,Johann von Fuchte,re_german_world,German world,1568.0,theologian,europe
4201,Q914447,Hermann Bonnus,re_german_world,German world,1504.0,theologian,europe
4202,Q1598339,Heinrich Moller,re_german_world,German world,1530.0,theologian,europe
4203,Q3086066,François-Xavier Bon de Saint-Hilaire,re_france,France,1678.0,botanist,europe
4204,Q428694,Boetius of Dacia,re_nordic_countries,Nordic countries,1240.0,philosopher,europe
4205,Q55904816,Johann Ludwig Lindhammer,re_german_world,German world,1689.0,theologian,europe
4206,Q3385139,Pierre Garcie-Ferrande,re_france,France,1430.0,geographer,europe
4207,Q3170220,Jean-Édouard Du Monin,re_france,France,1559.0,mathematician,europe
4208,Q78072930,Wilhelm Techtermann,re_german_world,German world,1551.0,philosopher,europe
4209,Q539443,Johan Palmstruch,re_nordic_countries,Nordic countries,1611.0,economist,europe
4210,Q52149269,Sebastiano Paoli,re_italy,Italy,1684.0,archeologist,europe
4211,Q647081,John Bainbridge,re_british_islands,British Islands,1582.0,astronomer,europe
4212,Q28861720,Placido Nigido,re_italy,Italy,1570.0,theologian,europe
4213,Q1224097,Dietrich Westhof,re_german_world,German world,1509.0,historian,europe
4214,Q21294589,Claude-Louis de Buttet,re_france,France,1562.0,historian,europe
4215,Q63861217,Felipe Diez,re_spain,Spain,1550.0,theologian,europe
4216,Q56452221,Adrienne-Madeleine Dusillet,re_france,France,1690.0,historian,europe
4217,Q3557126,Methodios Anthrakites,re_balkans,Balkans,1660.0,astronomer | philosopher | physicist | mathematician,europe
4218,Q98556548,Grgur Budislavic,re_balkans,Balkans,1485.0,theologian | philosopher,europe
4219,Q19965528,Johann Adrian Slevogt,re_german_world,German world,1653.0,chemist,europe
4220,Q3499309,Torquato Accetto,re_italy,Italy,1598.0,philosopher,europe
4221,Q202279,Guillaume de l'Hôpital,re_france,France,1661.0,mathematician,europe
4222,Q92171,Johannes Lecküchner,re_german_world,German world,1400.0,theologian,europe
4223,Q16550360,Domenico de Dominicis,re_italy,Italy,1416.0,theologian,europe
4224,Q19758004,Johann Christfried Sagittarius,re_german_world,German world,1617.0,theologian | historian,europe
4225,Q2659512,Bernard Gilpin,re_british_islands,British Islands,1517.0,theologian,europe
4226,Q15456200,Georg Hilmar Ising,re_german_world,German world,1637.0,historian,europe
4227,Q2218924,Samuel Walther,re_german_world,German world,1679.0,historian,europe
4228,Q12735,John Amos Comenius,re_low_countries,Low countries,1592.0,theologian | linguist | philosopher,europe
4229,Q55122774,Michael Kelsch,re_german_world,German world,1693.0,mathematician,europe
4230,Q26271231,Cornelis Blaeu,re_low_countries,Low countries,1610.0,geographer,europe
4231,Q1441646,Gerd Slewert,re_german_world,German world,1492.0,theologian,europe
4232,Q10285270,Francisco da Fonseca,re_portugal,Portugal,1668.0,historian,europe
4233,Q3074895,Luis del Mármol Carvajal,re_spain,Spain,1524.0,geographer | historian,europe
4234,Q1668850,Johann Wilhelm Zollmann,re_german_world,German world,1697.0,geographer,europe
4235,Q15856825,Bartolomeo Zamberti,re_italy,Italy,1473.0,mathematician,europe
4236,Q2061644,Paul Pfinzing,re_german_world,German world,1554.0,geographer,europe
4237,Q1278972,Eberhard Finen,re_german_world,German world,1668.0,theologian,europe
4238,Q177692,Andrea Palladio,re_italy,Italy,1508.0,art theorist,europe
4239,Q1714495,Justus Christoph Schomer,re_german_world,German world,1648.0,theologian,europe
4240,Q3071889,Filippo Ferrari,re_italy,Italy,1551.0,geographer | astronomer | linguist | mathematician,europe
4241,Q110569003,Sebastian Schmid,re_german_world,German world,1533.0,geographer,europe
4242,Q18857066,Thomas Wintour,re_british_islands,British Islands,1571.0,linguist,europe
4243,Q116695,Jan Milíč,re_france,France,1325.0,theologian,europe
4244,Q956547,Melchisédech Thévenot,re_france,France,1620.0,geographer | physicist,europe
4245,Q94886138,Johann Kramer,re_german_world,German world,1530.0,anatomist,europe
4246,Q3768904,Girolamo Busale,re_italy,Italy,1520.0,theologian,europe
4247,Q5279225,Diogo das Chagas,re_portugal,Portugal,1584.0,historian,europe
4248,Q190089,Duns Scotus,re_german_world,German world,1266.0,theologian | philosopher,europe
4249,Q182430,Louis Maigret,re_france,France,1500.0,linguist,europe
4250,Q2852494,Anselmo Micotti,re_italy,Italy,1630.0,historian,europe
4251,Q2837053,Tomás de Mercado,re_spain,Spain,1525.0,economist,europe
4252,Q18529582,Ignacij Dinzl,re_central_europe,Central Europe,1679.0,theologian | philosopher | mathematician,europe
4253,Q94908417,Franz Rhode,re_german_world,German world,1569.0,theologian,europe
4254,Q56605582,Guillaume Du Peyrat,re_france,France,1563.0,theologian | historian,europe
4255,Q15433589,Hermann Adolph Meinders,re_german_world,German world,1665.0,historian,europe
4256,Q18593573,William Forster,re_british_islands,British Islands,1627.0,mathematician,europe
4257,Q3418819,Randle Cotgrave,re_british_islands,British Islands,1600.0,linguist,europe
4258,Q1026865,Sébastien de Brossard,re_france,France,1655.0,musicologist,europe
4259,Q2880362,Alexius Sylvius Polonus,re_central_europe,Central Europe,1593.0,astronomer,europe
4260,Q676267,Henry Bate of Malines,re_low_countries,Low countries,1246.0,theologian | astronomer | philosopher,europe
4261,Q332130,Dunstan,re_british_islands,British Islands,909.0,theologian,europe
4262,Q104480950,Matteo Selvaggio,re_italy,Italy,1490.0,theologian,europe
4263,Q21548758,Tommaso Bozio,re_italy,Italy,1548.0,theologian | philosopher,europe
4264,Q1776853,Ottmar Stab,re_german_world,German world,1508.0,theologian,europe
4265,Q738477,Marcus Zuerius van Boxhorn,re_low_countries,Low countries,1612.0,linguist,europe
4266,Q28212144,Jakob Schaller,re_france,France,1604.0,philosopher,europe
4267,Q33245586,Charles Bernard,re_france,France,1572.0,historian,europe
4268,Q1278935,Eberhard David Hauber,re_nordic_countries,Nordic countries,1695.0,theologian,europe
4269,Q5535811,Georg Schomann,re_central_europe,Central Europe,1539.0,theologian,europe
4270,Q1297898,Aegidius Sadeler,re_central_europe,Central Europe,1570.0,geographer,europe
4271,Q1162713,István Magyari,re_central_europe,Central Europe,1501.0,theologian,europe
4272,Q1679320,Jakob Sahme,re_slav_world,Slav world,1629.0,theologian,europe
4273,Q151722,Nicolaus Steno,re_german_world,German world,1638.0,geologist | paleontologist | anatomist,europe
4274,Q3838821,Lucio Camarra,re_italy,Italy,1596.0,historian,europe
4275,Q5591919,Petrus Bång,re_slav_world,Slav world,1633.0,theologian,europe
4276,Q1583520,Hans Rüte,re_german_world,German world,1500.0,historian,europe
4277,Q18012163,Jan Turnowski,re_central_europe,Central Europe,1567.0,theologian,europe
4278,Q26250734,Gabriele Alessandri,re_italy,Italy,1529.0,theologian,europe
4279,Q2062473,Paul Slevogt,re_german_world,German world,1596.0,philosopher,europe
4280,Q1348064,Erasmus Sarcerius,re_german_world,German world,1501.0,theologian,europe
4281,Q4356567,Balthasar Florisz. van Berckenrode,re_low_countries,Low countries,1591.0,geographer,europe
4282,Q2338425,Stefano Infessura,re_italy,Italy,1436.0,historian,europe
4283,Q3174233,Jean Raulin,re_france,France,1443.0,theologian,europe
4284,Q1695242,Johann Kühn,re_german_world,German world,1619.0,mathematician,europe
4285,Q21543175,Johann Knoll,re_central_europe,Central Europe,1657.0,theologian,europe
4286,Q70026,Albert Krantz,re_german_world,German world,1448.0,historian,europe
4287,Q945461,Nathaniel Bliss,re_british_islands,British Islands,1700.0,astronomer | mathematician,europe
4288,Q105773622,Jean de la Caille,re_france,France,1645.0,zoologist,europe
4289,Q15994811,Robert Wallace,re_british_islands,British Islands,1697.0,economist | geographer,europe
4290,Q94755046,Georg Widman,re_german_world,German world,1486.0,historian,europe
4291,Q55679985,Justus Rösner,re_german_world,German world,1590.0,theologian,europe
4292,Q983409,Edward Lhuyd,re_british_islands,British Islands,1660.0,botanist | linguist | geographer,europe
4293,Q177578,Lelio Sozzini,re_german_world,German world,1525.0,theologian,europe
4294,Q2002765,Meinardus Schotanus,re_low_countries,Low countries,1593.0,theologian,europe
4295,Q13137319,Oepke fan Burmania,re_low_countries,Low countries,1501.0,historian,europe
4296,Q1505628,Georg Philipp Olearius,re_german_world,German world,1680.0,theologian,europe
4297,Q94935042,Johann Bayer,re_german_world,German world,1666.0,theologian,europe
4298,Q5941597,Humphrey Prideaux,re_british_islands,British Islands,1648.0,theologian,europe
4299,Q75977,Christoph Hegendorff,re_german_world,German world,1500.0,theologian,europe
4300,Q6166963,Johan Julius Salberg,re_nordic_countries,Nordic countries,1680.0,zoologist,europe
4301,Q805632,Balthasar Mentzer,re_german_world,German world,1679.0,theologian,europe
4302,Q429632,Christian Tobias Damm,re_german_world,German world,1699.0,linguist,europe
4303,Q5445183,Fernão de Oliveira,re_portugal,Portugal,1507.0,linguist | historian,europe
4304,Q110162102,Michele Fabrizio Ferrarini,re_italy,Italy,1450.0,archeologist,europe
4305,Q1749935,Wolferdus Senguerdius,re_low_countries,Low countries,1646.0,physicist,europe
4306,Q3379583,Philippe Chifflet,re_france,France,1597.0,theologian,europe
4307,Q1539137,Gottfried Cundisius,re_german_world,German world,1599.0,theologian,europe
4308,Q3430490,Richard Baker,re_british_islands,British Islands,1568.0,theologian | historian,europe
4309,Q944773,Nicola Vicentino,re_italy,Italy,1511.0,musicologist,europe
4310,Q28869761,Giovanni Battista Francol,re_italy,Italy,1655.0,historian,europe
4311,Q3722899,Elia Astorini,re_italy,Italy,1651.0,philosopher | mathematician,europe
4312,Q642604,Jakob Gronovius,re_low_countries,Low countries,1645.0,historian,europe
4313,Q356317,John Aubrey,re_british_islands,British Islands,1626.0,archeologist | historian | anthropologist,europe
4314,Q94909966,Michael Wiedemann,re_german_world,German world,1659.0,theologian,europe
4315,Q12349907,János Mihály Brutus,re_italy,Italy,1517.0,historian,europe
4316,Q435718,Pedro Nunes,re_portugal,Portugal,1502.0,geographer | astronomer | philosopher | mathematician,europe
4317,Q505118,Henri Pitot,re_france,France,1695.0,astronomer | physicist,europe
4318,Q96049291,Wenzel Schwertfer,re_central_europe,Central Europe,1617.0,theologian,europe
4319,Q3561373,Vittorio Siri,re_france,France,1608.0,historian | mathematician,europe
4320,Q15450189,Bernhard Cantzler,re_german_world,German world,1626.0,mathematician,europe
4321,Q2048314,Richard Eden,re_british_islands,British Islands,1520.0,historian,europe
4322,Q29016660,Floris van der Haer,re_france,France,1547.0,theologian | historian,europe
4323,Q3876500,Nicoletto Vernia,re_italy,Italy,1420.0,philosopher,europe
4324,Q1089729,James of Hesbaye,re_low_countries,Low countries,1260.0,musicologist,europe
4325,Q524380,Andrés Laguna,re_spain,Spain,1499.0,botanist | linguist | philosopher,europe
4326,Q1171275,Jean de Hautefeuille,re_france,France,1647.0,physicist,europe
4327,Q18340231,Filip Pohl,re_central_europe,Central Europe,1650.0,theologian,europe
4328,Q94936720,Johann Hermann Wille,re_german_world,German world,1686.0,theologian,europe
4329,Q72840476,François Louis Véron du Verger,re_france,France,1695.0,botanist,europe
4330,Q8016427,William Owtram,re_british_islands,British Islands,1626.0,theologian,europe
4331,Q315402,Thomas Harriot,re_british_islands,British Islands,1560.0,geographer | astronomer | linguist | mathematician,europe
4332,Q6225724,Oluf Vind,re_nordic_countries,Nordic countries,1590.0,theologian,europe
4333,Q1986640,Nicolas Marchant,re_france,France,1600.0,botanist,europe
4334,Q107482752,Matthaeus Galenus,re_france,France,1528.0,theologian,europe
4335,Q16167279,Daniele Antonini,re_italy,Italy,1588.0,astronomer | physicist | mathematician,europe
4336,Q1375332,Lieuwe van Aitzema,re_low_countries,Low countries,1600.0,historian,europe
4337,Q3431263,Richard Taverner,re_british_islands,British Islands,1505.0,linguist,europe
4338,Q1374251,Jan of Stobnica,re_central_europe,Central Europe,1470.0,geographer | astronomer | philosopher,europe
4339,Q167561,Eugene IV,re_italy,Italy,1383.0,philosopher,europe
4340,Q22264387,Anonimo francofortese,re_german_world,German world,1380.0,philosopher,europe
4341,Q5949636,Juan Frederic Schedler Van der Schueren,re_spain,Spain,1560.0,theologian,europe
4342,Q1384560,Friedrich Wilhelm von Stosch,re_german_world,German world,1648.0,theologian,europe
4343,Q1504566,Georg Haccius,re_german_world,German world,1626.0,theologian,europe
