,wikidata_id,individual_name,region_code,region_name,birthyear,meta_occupation,meta_region
0,Q316119,Gnaeus Pompeius Trogus,re_latin,Latin World,-100.0,historian,non_europe
1,Q782074,Claudianus Mamertus,re_latin,Latin World,420.0,theologian | philosopher,non_europe
2,Q182123,Irenaeus,re_latin,Latin World,130.0,theologian | philosopher,non_europe
3,Q44344,Hilary of Poitiers,re_latin,Latin World,315.0,theologian | philosopher,non_europe
4,Q1430,Marcus Aurelius,re_latin,Latin World,121.0,philosopher,non_europe
5,Q313795,John Cassian,re_latin,Latin World,360.0,theologian,non_europe
6,Q50082878,Jess Wade,re_latin,Latin World,2.0,physicist,non_europe
7,Q723645,Victorius of Aquitaine,re_latin,Latin World,450.0,astronomer | mathematician,non_europe
8,Q209102,Lactantius,re_latin,Latin World,250.0,philosopher | historian,non_europe
9,Q2891791,Latinius Pacatus Drepanius,re_latin,Latin World,400.0,historian,non_europe
10,Q2161,Tacitus,re_latin,Latin World,54.0,philosopher | historian,non_europe
11,Q885870,Victorinus Junior,re_latin,Latin World,300.0,historian,non_europe
12,Q239448,Pompeia Plotina,re_latin,Latin World,70.0,philosopher,non_europe
13,Q532684,Salvian,re_latin,Latin World,400.0,theologian | historian,non_europe
14,Q336704,Sulpicius Severus,re_latin,Latin World,360.0,historian,non_europe
15,Q297515,Pomponius Mela,re_latin,Latin World,15.0,geographer | historian,non_europe
16,Q188646,Lucan,re_latin,Latin World,39.0,historian,non_europe
17,Q535060,Terentianus,re_latin,Latin World,150.0,linguist,non_europe
18,Q10133,Suetonius,re_latin,Latin World,70.0,historian,non_europe
19,Q109998607,Tommaso Massarini,re_latin,Latin World,18.0,historian,non_europe
20,Q656891,Arulenus Rusticus,re_latin,Latin World,35.0,philosopher,non_europe
21,Q207113,Hippolytus,re_latin,Latin World,170.0,theologian,non_europe
22,Q755297,Athenaeus Mechanicus,re_latin,Latin World,-199.0,philosopher | mathematician,non_europe
23,Q74243,Marcus Cluvius Rufus,re_latin,Latin World,50.0,historian,non_europe
24,Q506540,Didymus Chalcenterus,re_latin,Latin World,-62.0,linguist,non_europe
25,Q248733,Eusebius of Myndus,re_latin,Latin World,300.0,philosopher,non_europe
26,Q311835,Pittacus of Mytilene,re_greek_world,Greek World,-650.0,philosopher,non_europe
27,Q708247,Gaius Marius Victorinus,re_latin,Latin World,290.0,theologian | philosopher,non_europe
28,Q134189,Plotinus,re_latin,Latin World,205.0,philosopher,non_europe
29,Q594441,Publius Clodius Thrasea Paetus,re_latin,Latin World,100.0,philosopher,non_europe
30,Q706319,Marinus of Tyre,re_latin,Latin World,100.0,geographer | mathematician,non_europe
31,Q82778,Pliny the Elder,re_latin,Latin World,20.0,philosopher | historian | anatomist,non_europe
32,Q298376,Gaius Julius Hyginus,re_latin,Latin World,-63.0,astronomer,non_europe
33,Q447741,Lucius Calbenus Taurus,re_latin,Latin World,150.0,philosopher,non_europe
34,Q758060,Atticus,re_latin,Latin World,150.0,philosopher,non_europe
35,Q670317,Gaius Oppius,re_latin,Latin World,-100.0,historian,non_europe
36,Q248969,Sopater of Apamea,re_latin,Latin World,242.0,philosopher,non_europe
37,Q1164993,Marcus Junius Congus Gracchanus,re_latin,Latin World,-200.0,historian,non_europe
38,Q1385296,Quintus Sextius,re_latin,Latin World,-50.0,philosopher,non_europe
39,Q365835,Tyrannius Rufinus,re_latin,Latin World,345.0,theologian,non_europe
40,Q3624758,Marcus Actorius Naso,re_latin,Latin World,-100.0,historian,non_europe
41,Q1376509,Sulpicius Alexander,re_latin,Latin World,400.0,historian,non_europe
42,Q174929,Tertullian,re_latin,Latin World,160.0,theologian | philosopher,non_europe
43,Q210853,Justin,re_latin,Latin World,101.0,historian,non_europe
44,Q1390986,Helvidius Priscus,re_latin,Latin World,50.0,philosopher,non_europe
45,Q311733,Titus Pomponius Atticus,re_latin,Latin World,-109.0,philosopher,non_europe
46,Q2312613,Flavius Lucius Dexter,re_latin,Latin World,400.0,historian,non_europe
47,Q782401,Sallustius,re_latin,Latin World,400.0,philosopher,non_europe
48,Q443278,Antonia Gordiana,re_latin,Latin World,201.0,historian,non_europe
49,Q294800,Aulus Gellius,re_latin,Latin World,130.0,philosopher,non_europe
50,Q44170,Ignatius of Antioch,re_latin,Latin World,35.0,theologian,non_europe
51,Q2054,Seneca,re_latin,Latin World,-4.0,philosopher,non_europe
52,Q1237555,Aulus Egnatius Priscillianus,re_latin,Latin World,135.0,philosopher,non_europe
53,Q273671,Seneca the Elder,re_latin,Latin World,-53.0,philosopher | historian,non_europe
54,Q947576,Valerius Antias,re_latin,Latin World,-200.0,historian,non_europe
55,Q11923560,Gaius Fannius,re_latin,Latin World,100.0,historian,non_europe
56,Q26204,Dionysius of Halicarnassus,re_latin,Latin World,-59.0,historian,non_europe
57,Q741160,Lucius Ampelius,re_latin,Latin World,150.0,historian,non_europe
58,Q290471,Moderatus of Gades,re_latin,Latin World,50.0,philosopher,non_europe
59,Q223615,Flavius Caper,re_latin,Latin World,150.0,linguist,non_europe
60,Q727792,Lucius Arruntius the Elder,re_latin,Latin World,-100.0,historian,non_europe
61,Q106026,Arius,re_latin,Latin World,250.0,theologian,non_europe
62,Q319273,Gaius Asinius Pollio,re_latin,Latin World,-74.0,historian,non_europe
63,Q759760,Aufidius Bassus,re_latin,Latin World,-50.0,historian,non_europe
64,Q966315,Virius Nicomachus Flavianus,re_latin,Latin World,400.0,historian,non_europe
65,Q682860,Julius Obsequens,re_latin,Latin World,400.0,historian,non_europe
66,Q669971,Trebellius Pollio,re_latin,Latin World,250.0,historian,non_europe
67,Q252841,Seleucus,re_latin,Latin World,200.0,historian,non_europe
68,Q1391069,Rabbi Ishmael,re_latin,Latin World,70.0,philosopher,non_europe
69,Q897734,Lucius Lucceius,re_latin,Latin World,-105.0,historian,non_europe
70,Q190240,Cyprian,re_latin,Latin World,200.0,philosopher,non_europe
71,Q313782,Aelian,re_latin,Latin World,200.0,zoologist | historian,non_europe
72,Q1271013,Adrian of Tyre,re_latin,Latin World,113.0,philosopher,non_europe
73,Q1084333,Flavius Sallustius,re_latin,Latin World,350.0,philosopher,non_europe
74,Q313924,Nicolaus of Damascus,re_latin,Latin World,-63.0,philosopher | historian,non_europe
75,Q563283,Gaius Asinius Quadratus,re_latin,Latin World,200.0,historian,non_europe
76,Q1541,Cicero,re_latin,Latin World,-106.0,philosopher,non_europe
77,Q192931,Pausanias,re_latin,Latin World,115.0,geographer | historian,non_europe
78,Q175042,Nigidius Figulus,re_latin,Latin World,-97.0,philosopher,non_europe
79,Q335309,Aulus Claudius Charax,re_latin,Latin World,150.0,historian,non_europe
80,Q12285191,Lucius Aemilius Juncus,re_latin,Latin World,100.0,philosopher,non_europe
81,Q1025379,Caelestius,re_latin,Latin World,380.0,theologian,non_europe
82,Q2335606,Pierius,re_latin,Latin World,201.0,philosopher,non_europe
83,Q772773,Antonius Musa,re_latin,Latin World,-62.0,botanist,non_europe
84,Q255448,Porcia,re_latin,Latin World,-100.0,philosopher,non_europe
85,Q316098,Marcus Velleius Paterculus,re_latin,Latin World,-18.0,historian,non_europe
86,Q451550,Philodemus,re_latin,Latin World,-109.0,philosopher,non_europe
87,Q171241,Diodorus Siculus,re_latin,Latin World,-89.0,geographer | historian,non_europe
88,Q1159625,Lucius Voltacilius Pitholaus,re_latin,Latin World,-100.0,historian,non_europe
89,Q26825,Herodotos,re_greek_world,Greek World,-483.0,historian,non_europe
90,Q444285,Asconius Pedianus,re_latin,Latin World,-8.0,historian,non_europe
91,Q274091,Dionysius Exiguus,re_latin,Latin World,475.0,mathematician,non_europe
92,Q222890,Novatian,re_latin,Latin World,220.0,theologian,non_europe
93,Q391514,Julius Capitolinus,re_latin,Latin World,250.0,historian,non_europe
94,Q15429187,Eumachus of Neapolis,re_latin,Latin World,-200.0,historian,non_europe
95,Q450708,Gaius Asinius Gallus,re_latin,Latin World,-39.0,historian,non_europe
96,Q934244,Pomponius Porphyrion,re_latin,Latin World,201.0,linguist,non_europe
97,Q12093928,Gaius Clodius Licinus,re_latin,Latin World,-50.0,historian,non_europe
98,Q47154,Lucretius,re_latin,Latin World,-93.0,philosopher,non_europe
99,Q2036794,Timagenes,re_latin,Latin World,-100.0,historian,non_europe
100,Q2857528,Antonius Castor,re_latin,Latin World,50.0,botanist,non_europe
101,Q248624,Amelius,re_latin,Latin World,200.0,philosopher,non_europe
102,Q441590,Eustathius of Cappadocia,re_latin,Latin World,300.0,philosopher,non_europe
103,Q248578,Chrysanthius,re_latin,Latin World,310.0,philosopher,non_europe
104,Q772677,Aulus Cremutius Cordus,re_latin,Latin World,-50.0,historian,non_europe
105,Q185117,Justin Martyr,re_latin,Latin World,100.0,theologian | philosopher,non_europe
106,Q11925501,Hermogenes of Carthago,re_latin,Latin World,150.0,theologian,non_europe
107,Q561367,Lucius Aelius Stilo Praeconinus,re_latin,Latin World,-153.0,philosopher,non_europe
108,Q354431,Aelius Aristides,re_latin,Latin World,117.0,philosopher,non_europe
109,Q673402,Gaius Sulpicius Gallus,re_latin,Latin World,-208.0,astronomer,non_europe
110,Q927711,Messius Phoebus Severus,re_latin,Latin World,450.0,philosopher,non_europe
111,Q451572,Menelaus of Alexandria,re_latin,Latin World,70.0,astronomer | mathematician,non_europe
112,Q192365,Cassiodorus,re_latin,Latin World,487.0,musicologist | philosopher | historian,non_europe
113,Q134461,Josephus,re_latin,Latin World,37.0,historian,non_europe
114,Q537755,Polyaenus,re_latin,Latin World,101.0,historian,non_europe
115,Q316123,Silius Italicus,re_latin,Latin World,26.0,historian,non_europe
116,Q1121669,Ticonius,re_latin,Latin World,370.0,theologian,non_europe
117,Q515249,Caecilius of Calacte,re_latin,Latin World,-50.0,historian,non_europe
118,Q554387,Favorinus,re_latin,Latin World,85.0,philosopher,non_europe
119,Q1164905,Marius Plotius Sacerdos,re_latin,Latin World,200.0,linguist,non_europe
120,Q735515,Aspasius,re_latin,Latin World,80.0,philosopher,non_europe
121,Q765147,Januarius Nepotianus,re_latin,Latin World,300.0,historian,non_europe
122,Q313056,Herodian,re_latin,Latin World,170.0,historian,non_europe
123,Q349959,Quintus Dellius,re_latin,Latin World,-100.0,historian,non_europe
124,Q1474972,Furius Dionysius Filocalus,re_latin,Latin World,400.0,historian,non_europe
125,Q221465,Hydatius,re_latin,Latin World,400.0,historian,non_europe
126,Q507036,Lucius Annaeus Cornutus,re_latin,Latin World,20.0,philosopher,non_europe
127,Q833663,Herennius Senecio,re_latin,Latin World,50.0,philosopher | historian,non_europe
128,Q109594,Cornelius Nepos,re_latin,Latin World,-99.0,historian,non_europe
129,Q201346,Marcion of Sinope,re_latin,Latin World,85.0,theologian | philosopher,non_europe
130,Q172198,Ammianus Marcellinus,re_latin,Latin World,330.0,historian,non_europe
131,Q441138,Alexandros Polyhistor,re_latin,Latin World,-99.0,geographer,non_europe
132,Q1242065,Quintus Baebius Macer,re_latin,Latin World,50.0,historian,non_europe
133,Q446155,Cronius the Pythagorean,re_latin,Latin World,200.0,philosopher,non_europe
134,Q748621,Victor of Vita,re_latin,Latin World,430.0,historian,non_europe
135,Q546375,Publius Egnatius Celer,re_latin,Latin World,100.0,philosopher,non_europe
136,Q18999,Junius Rusticus,re_latin,Latin World,100.0,philosopher,non_europe
137,Q729244,Calcidius,re_latin,Latin World,350.0,philosopher,non_europe
138,Q2868804,Lucius Ateius Praetextatus,re_latin,Latin World,-104.0,linguist,non_europe
139,Q718213,Auxentius of Milan,re_latin,Latin World,301.0,theologian,non_europe
140,Q1232970,Marcus Servilius Nonianus,re_latin,Latin World,-50.0,historian,non_europe
141,Q1243321,Vulcacius Gallicanus,re_latin,Latin World,250.0,historian,non_europe
142,Q16932930,Saint Sylvia of Aquitaine,re_latin,Latin World,330.0,historian,non_europe
143,Q367422,Julius Firmicus Maternus,re_latin,Latin World,400.0,astronomer,non_europe
144,Q365110,Philo of Larissa,re_latin,Latin World,-144.0,philosopher,non_europe
145,Q6197,Horace,re_latin,Latin World,-64.0,philosopher,non_europe
146,Q1965137,Marcus Favonius,re_latin,Latin World,-89.0,philosopher,non_europe
147,Q180081,Cato the Elder,re_latin,Latin World,-233.0,economist,non_europe
148,Q833542,Aelius Lampridius,re_latin,Latin World,400.0,historian,non_europe
149,Q4807731,Aspasius of Ravenna,re_latin,Latin World,200.0,philosopher,non_europe
150,Q1098323,Claudius Maximus,re_latin,Latin World,200.0,philosopher,non_europe
151,Q2039,Titus Livius,re_latin,Latin World,-58.0,historian,non_europe
152,Q379991,Valerius Maximus,re_latin,Latin World,-100.0,historian,non_europe
153,Q3189849,Julius Exsuperantius,re_latin,Latin World,350.0,historian,non_europe
154,Q975318,Granius Licinianus,re_latin,Latin World,101.0,historian,non_europe
155,Q102851,Boethius,re_latin,Latin World,480.0,musicologist | philosopher | mathematician,non_europe
156,Q3838837,Lucius Crassicius Pansa,re_latin,Latin World,-50.0,philosopher,non_europe
157,Q185770,Posidonius,re_latin,Latin World,-134.0,philosopher | physicist | astronomer | mathematician | geographer | historian,non_europe
158,Q1225062,Siro the Epicurean,re_latin,Latin World,-100.0,philosopher,non_europe
159,Q965333,Theodorus of Asine,re_latin,Latin World,275.0,philosopher,non_europe
160,Q995441,Fabius Rusticus,re_latin,Latin World,100.0,historian,non_europe
161,Q454652,Prosper of Aquitaine,re_latin,Latin World,390.0,theologian | historian,non_europe
162,Q11035375,Quintus Aelius Tubero,re_latin,Latin World,-162.0,philosopher,non_europe
163,Q535137,Marius Maximus,re_latin,Latin World,165.0,historian,non_europe
164,Q8778,Galen,re_latin,Latin World,200.0,anatomist,non_europe
165,Q1114706,Romulus of Genoa,re_latin,Latin World,301.0,theologian,non_europe
166,Q1232604,Julius Valerius Alexander Polemius,re_latin,Latin World,250.0,historian,non_europe
167,Q6033021,Palladius of Ratiaria,re_latin,Latin World,301.0,theologian,non_europe
168,Q315370,Celsus,re_latin,Latin World,200.0,philosopher,non_europe
169,Q317055,Marcus Cornelius Fronto,re_latin,Latin World,100.0,philosopher,non_europe
170,Q381874,Gaius Musonius Rufus,re_latin,Latin World,25.0,philosopher,non_europe
171,Q1223467,Quintus Lucilius Balbus,re_latin,Latin World,0.0,philosopher,non_europe
172,Q312410,Epicharmus of Kos,re_greek_world,Greek World,-523.0,philosopher | mathematician,non_europe
173,Q1349817,Castor of Rhodes,re_latin,Latin World,100.0,historian,non_europe
174,Q59138,Diogenes Laërtius,re_latin,Latin World,180.0,philosopher | historian,non_europe
175,Q1411,Claudius,re_latin,Latin World,-9.0,historian,non_europe
176,Q332785,Persius,re_latin,Latin World,34.0,philosopher,non_europe
177,Q190368,Appian,re_latin,Latin World,95.0,historian,non_europe
178,Q707449,Censorinus,re_latin,Latin World,250.0,musicologist,non_europe
179,Q316483,Lucius Annaeus Florus,re_latin,Latin World,70.0,historian,non_europe
180,Q1159576,Lucius Aelius Tubero,re_latin,Latin World,-150.0,philosopher | historian,non_europe
181,Q1376539,Renatus Profuturus Frigeridus,re_latin,Latin World,400.0,historian,non_europe
182,Q138724,Lucius Tarutius Firmanus,re_latin,Latin World,-100.0,astronomer | philosopher | mathematician,non_europe
183,Q2994436,Consentius,re_latin,Latin World,400.0,linguist,non_europe
184,Q2248247,Quintus Terentius Scaurus,re_latin,Latin World,201.0,linguist,non_europe
185,Q10261,Pythagoras,re_greek_world,Greek World,-582.0,musicologist | philosopher | mathematician,non_europe
186,Q311456,Orosius,re_latin,Latin World,385.0,theologian | historian,non_europe
187,Q1133857,Cornelius Labeo,re_latin,Latin World,250.0,philosopher,non_europe
188,Q772775,Polemon of Laodicea,re_latin,Latin World,90.0,philosopher,non_europe
189,Q521520,Gaius Licinius Mucianus,re_latin,Latin World,100.0,historian,non_europe
190,Q1237504,Plotius Crispinus,re_latin,Latin World,-50.0,philosopher,non_europe
191,Q662582,Fenestella,re_latin,Latin World,-35.0,historian,non_europe
192,Q206119,Marcus Terentius Varro,re_latin,Latin World,-115.0,musicologist | philosopher,non_europe
193,Q532315,Athenodoros Cordylion,re_latin,Latin World,-50.0,philosopher,non_europe
194,Q950770,Quintus Aelius Tubero,re_latin,Latin World,-73.0,historian,non_europe
195,Q4298,Publius Flavius Vegetius Renatus,re_latin,Latin World,400.0,historian,non_europe
196,Q1227766,Paeanius,re_latin,Latin World,400.0,historian,non_europe
197,Q9200,Paul the Apostle,re_latin,Latin World,5.0,theologian,non_europe
198,Q2123334,Quintus Aelius Tubero,re_latin,Latin World,-75.0,historian,non_europe
199,Q761346,Servius Fabius Pictor,re_latin,Latin World,-189.0,historian,non_europe
200,Q272087,Tatian,re_latin,Latin World,120.0,theologian | philosopher,non_europe
201,Q1662957,Julian of Eclanum,re_latin,Latin World,386.0,philosopher,non_europe
202,Q859652,Cerdo,re_latin,Latin World,200.0,theologian,non_europe
203,Q11906126,Publius Anteius Antiochus,re_latin,Latin World,150.0,philosopher,non_europe
204,Q47180,Petronius,re_latin,Latin World,27.0,philosopher,non_europe
205,Q794615,Aetius,re_latin,Latin World,200.0,astronomer | philosopher,non_europe
206,Q520487,Gaius Julius Solinus,re_latin,Latin World,400.0,geographer | historian,non_europe
207,Q1230624,Aelius Spartianus,re_latin,Latin World,301.0,historian,non_europe
208,Q43689,Ambrose,re_latin,Latin World,339.0,theologian | philosopher,non_europe
209,Q905137,Didymus the Musician,re_latin,Latin World,-100.0,musicologist,non_europe
210,Q203445,Porphyry,re_latin,Latin World,233.0,musicologist | philosopher | historian,non_europe
211,Q8747,Euclid,re_greek_world,Greek World,-322.0,mathematician,non_europe
212,Q1150145,Polemon of Athens,re_greek_world,Greek World,200.0,geographer | philosopher | historian,non_europe
213,Q660170,Isidore of Alexandria,re_greek_world,Greek World,450.0,philosopher,non_europe
214,Q248287,Peregrinus Proteus,re_greek_world,Greek World,95.0,philosopher,non_europe
215,Q2369009,Apollodorus the Epicurean,re_greek_world,Greek World,-150.0,philosopher,non_europe
216,Q185206,Priscian of Lydia,re_greek_world,Greek World,500.0,philosopher,non_europe
217,Q1377100,Calippus of Syracuse,re_greek_world,Greek World,-350.0,philosopher,non_europe
218,Q297420,Panaetius,re_greek_world,Greek World,-184.0,philosopher,non_europe
219,Q1465879,Xeniades,re_greek_world,Greek World,-500.0,philosopher,non_europe
220,Q359231,Bion of Borysthenes,re_greek_world,Greek World,-324.0,philosopher,non_europe
221,Q228564,Aspasia,re_greek_world,Greek World,-469.0,philosopher,non_europe
222,Q580565,Palaephatus,re_greek_world,Greek World,-400.0,historian,non_europe
223,Q297402,Prodicus,re_greek_world,Greek World,-459.0,philosopher,non_europe
224,Q179149,Antisthenes,re_greek_world,Greek World,-443.0,philosopher,non_europe
225,Q555818,Philippus of Opus,re_greek_world,Greek World,-400.0,astronomer | philosopher | mathematician,non_europe
226,Q2482150,Cleidemus,re_greek_world,Greek World,-350.0,historian,non_europe
227,Q183144,Epictetus,re_greek_world,Greek World,50.0,philosopher,non_europe
228,Q913,Socrates,re_greek_world,Greek World,-468.0,philosopher,non_europe
229,Q5382897,Epigenes,re_greek_world,Greek World,-450.0,philosopher,non_europe
230,Q928470,Simmias of Thebes,re_greek_world,Greek World,-500.0,philosopher | mathematician,non_europe
231,Q108577191,Archilochus,re_greek_world,Greek World,-271.0,historian,non_europe
232,Q983755,Praxagoras of Athens,re_greek_world,Greek World,400.0,historian,non_europe
233,Q288467,Lastheneia of Mantinea,re_greek_world,Greek World,-350.0,philosopher,non_europe
234,Q349916,Aristidis of Athens,re_greek_world,Greek World,150.0,philosopher,non_europe
235,Q962486,Echecrates of Phlius,re_greek_world,Greek World,-499.0,philosopher,non_europe
236,Q169243,Protagoras,re_greek_world,Greek World,-489.0,philosopher,non_europe
237,Q366031,Anaxarchus,re_greek_world,Greek World,-379.0,philosopher,non_europe
238,Q1236440,Bion of Abdera,re_greek_world,Greek World,-429.0,astronomer | mathematician,non_europe
239,Q1230889,Mnaseas,re_greek_world,Greek World,-300.0,historian,non_europe
240,Q221623,Heliodorus of Athens,re_greek_world,Greek World,-150.0,historian,non_europe
241,Q662932,Persaeus,re_greek_world,Greek World,-305.0,philosopher,non_europe
242,Q1047995,Antipater of Tyre,re_greek_world,Greek World,-50.0,philosopher,non_europe
243,Q162163,Ion of Chios,re_greek_world,Greek World,-489.0,philosopher | historian | mathematician,non_europe
244,Q177847,Lucian of Samosata,re_greek_world,Greek World,120.0,philosopher,non_europe
245,Q271809,Proclus,re_greek_world,Greek World,412.0,philosopher | mathematician,non_europe
246,Q363468,Dexippus,re_greek_world,Greek World,210.0,historian,non_europe
247,Q548104,Julius Pollux,re_greek_world,Greek World,200.0,philosopher,non_europe
248,Q514262,Androtion,re_greek_world,Greek World,-500.0,historian,non_europe
249,Q1185510,Demetrius of Callatis,re_greek_world,Greek World,-299.0,historian,non_europe
250,Q554535,Phaedrus,re_greek_world,Greek World,-443.0,philosopher,non_europe
251,Q965086,Sotades,re_greek_world,Greek World,-400.0,philosopher,non_europe
252,Q172248,Marcus Junius Brutus,re_greek_world,Greek World,-84.0,philosopher,non_europe
253,Q667385,Aristos of Ascalon,re_greek_world,Greek World,-50.0,philosopher,non_europe
254,Q462582,Pythias,re_greek_world,Greek World,-361.0,zoologist,non_europe
255,Q859,Plato,re_greek_world,Greek World,-426.0,philosopher,non_europe
256,Q41523,Plutarch,re_greek_world,Greek World,40.0,philosopher | historian,non_europe
257,Q609147,Phylarchus,re_greek_world,Greek World,-254.0,historian,non_europe
258,Q444595,Perictione,re_greek_world,Greek World,-500.0,philosopher,non_europe
259,Q235494,Hipparchia of Maroneia,re_greek_world,Greek World,-349.0,philosopher,non_europe
260,Q284994,Carneades,re_greek_world,Greek World,-212.0,philosopher,non_europe
261,Q4355017,Diyllus,re_greek_world,Greek World,-300.0,historian,non_europe
262,Q221497,Xenophilus,re_greek_world,Greek World,-400.0,musicologist | philosopher,non_europe
263,Q41683,Thucydides,re_greek_world,Greek World,-460.0,historian,non_europe
264,Q5264,Hippocrates,re_greek_world,Greek World,-459.0,philosopher,non_europe
265,Q317331,Aratus of Sicyon,re_greek_world,Greek World,-270.0,historian,non_europe
266,Q309772,Athenagoras of Athens,re_greek_world,Greek World,133.0,theologian | philosopher,non_europe
267,Q3012616,Damastes of Sigeum,re_greek_world,Greek World,-500.0,geographer | historian,non_europe
268,Q312682,Euclid of Megara,re_greek_world,Greek World,-436.0,philosopher,non_europe
269,Q2661420,Dardanus of Athens,re_greek_world,Greek World,-159.0,philosopher,non_europe
270,Q3060400,Euphantus,re_greek_world,Greek World,-320.0,philosopher | historian,non_europe
271,Q1186462,Demon of Athens,re_greek_world,Greek World,-400.0,historian,non_europe
272,Q920912,Theaetetus,re_greek_world,Greek World,-416.0,philosopher | mathematician,non_europe
273,Q316353,Strato of Lampsacus,re_greek_world,Greek World,-334.0,philosopher | physicist,non_europe
274,Q319406,Epimenides of Crete,re_greek_world,Greek World,-700.0,philosopher,non_europe
275,Q712755,Crates of Athens,re_greek_world,Greek World,-400.0,philosopher,non_europe
276,Q325955,Speusippus,re_greek_world,Greek World,-406.0,philosopher | mathematician,non_europe
277,Q205704,Apollodorus of Athens,re_greek_world,Greek World,-179.0,historian,non_europe
278,Q12960188,Theodotus,re_greek_world,Greek World,150.0,theologian,non_europe
279,Q553856,Polemon,re_greek_world,Greek World,-400.0,philosopher,non_europe
280,Q160362,Theophrastus,re_greek_world,Greek World,-370.0,botanist | philosopher | physicist,non_europe
281,Q868,Aristotle,re_greek_world,Greek World,-383.0,philosopher,non_europe
282,Q542808,Hermarchus,re_greek_world,Greek World,-324.0,philosopher,non_europe
283,Q1287486,Metrocles,re_greek_world,Greek World,-400.0,philosopher,non_europe
284,Q633023,Archiadas,re_greek_world,Greek World,500.0,philosopher,non_europe
285,Q73527,Arcesilaus,re_greek_world,Greek World,-314.0,philosopher,non_europe
286,Q42887,Clement I,re_greek_world,Greek World,100.0,theologian,non_europe
287,Q343607,Archelaus,re_greek_world,Greek World,-500.0,philosopher,non_europe
288,Q4791018,Aristodemus of Cydathenaeum,re_greek_world,Greek World,-450.0,philosopher,non_europe
289,Q2346245,Stesimbrotos of Thasos,re_greek_world,Greek World,-469.0,historian,non_europe
290,Q1057347,Hegesander,re_greek_world,Greek World,-150.0,historian,non_europe
291,Q433852,Ephippus of Olynthus,re_greek_world,Greek World,-400.0,historian,non_europe
292,Q316334,Heraclides Ponticus,re_greek_world,Greek World,-384.0,astronomer | philosopher,non_europe
293,Q2927235,Bryson of Achaea,re_greek_world,Greek World,-450.0,philosopher,non_europe
294,Q434021,Timycha,re_greek_world,Greek World,-400.0,philosopher,non_europe
295,Q1747004,Timon of Athens,re_greek_world,Greek World,-500.0,philosopher,non_europe
296,Q294092,Critias,re_greek_world,Greek World,-459.0,philosopher,non_europe
297,Q1586059,Harpocration of Argos,re_greek_world,Greek World,200.0,philosopher,non_europe
298,Q317947,Crates of Thebes,re_greek_world,Greek World,-364.0,philosopher,non_europe
299,Q2367894,Teles of Megara,re_greek_world,Greek World,-250.0,philosopher,non_europe
300,Q744125,Chaerephon,re_greek_world,Greek World,-401.0,philosopher,non_europe
301,Q4721014,Alexandrides of Delphi,re_greek_world,Greek World,-300.0,historian,non_europe
302,Q409647,Aeschines of Sphettus,re_greek_world,Greek World,-429.0,philosopher,non_europe
303,Q2217419,Nicomachus,re_greek_world,Greek World,-301.0,philosopher,non_europe
304,Q218451,Zoilus,re_greek_world,Greek World,-399.0,philosopher | historian,non_europe
305,Q320132,Nearchus,re_greek_world,Greek World,-355.0,historian,non_europe
306,Q129772,Xenophon,re_greek_world,Greek World,-429.0,philosopher | historian,non_europe
307,Q965144,Cebes,re_greek_world,Greek World,-500.0,philosopher | mathematician,non_europe
308,Q504744,Hellanicus of Mytilene,re_greek_world,Greek World,-489.0,historian,non_europe
309,Q544987,Aristobulus of Cassandreia,re_greek_world,Greek World,-374.0,historian,non_europe
310,Q223383,Mnesarchus of Athens,re_greek_world,Greek World,-159.0,philosopher,non_europe
311,Q452077,Menippus,re_greek_world,Greek World,-299.0,philosopher,non_europe
312,Q328793,Periander,re_greek_world,Greek World,-700.0,philosopher,non_europe
313,Q34601,Chilon of Sparta,re_greek_world,Greek World,-599.0,philosopher,non_europe
314,Q1128200,Lasus of Hermione,re_greek_world,Greek World,-548.0,musicologist,non_europe
315,Q210573,Hippias,re_greek_world,Greek World,-442.0,astronomer | philosopher | mathematician,non_europe
316,Q15091905,Deceneo,re_greek_world,Greek World,-100.0,astronomer | philosopher,non_europe
317,Q381048,Stilpo,re_greek_world,Greek World,-358.0,philosopher,non_europe
318,Q31845,Arrian,re_greek_world,Greek World,95.0,philosopher | historian,non_europe
319,Q473381,Ammonius of Athens,re_greek_world,Greek World,50.0,philosopher,non_europe
320,Q133337,Solon,re_greek_world,Greek World,-637.0,philosopher,non_europe
321,Q311879,Herodes Atticus,re_greek_world,Greek World,102.0,philosopher,non_europe
322,Q171303,Zeno of Citium,re_greek_world,Greek World,-333.0,philosopher,non_europe
323,Q380190,Phaedo of Elis,re_greek_world,Greek World,-401.0,philosopher,non_europe
324,Q191964,Diogenes of Apollonia,re_greek_world,Greek World,-459.0,philosopher,non_europe
325,Q964738,Peter the Patrician,re_greek_world,Greek World,500.0,historian,non_europe
326,Q266299,Philochorus,re_greek_world,Greek World,-339.0,historian,non_europe
327,Q435274,Hieronymus of Cardia,re_greek_world,Greek World,-353.0,historian,non_europe
328,Q41980,Democritus,re_greek_world,Greek World,-460.0,philosopher | mathematician,non_europe
329,Q949530,Demonax,re_greek_world,Greek World,200.0,philosopher,non_europe
330,Q537304,Ploutarchos of Athens,re_greek_world,Greek World,350.0,philosopher,non_europe
331,Q1336424,Hermogenes,re_greek_world,Greek World,-500.0,philosopher,non_europe
332,Q192313,Pyrrho,re_greek_world,Greek World,-360.0,philosopher,non_europe
333,Q82793,Callisthenes,re_greek_world,Greek World,-359.0,historian,non_europe
334,Q469199,Victorinus of Pettau,re_latin,Latin World,250.0,theologian | philosopher,non_europe
335,Q1367611,Socrates the Younger,re_greek_world,Greek World,-420.0,philosopher,non_europe
336,Q353580,Adeimantus of Collytus,re_greek_world,Greek World,-431.0,philosopher,non_europe
337,Q11916247,Ctesibius of Chalcis,re_greek_world,Greek World,-400.0,philosopher,non_europe
338,Q43216,Epicurus,re_greek_world,Greek World,-341.0,philosopher,non_europe
339,Q978418,Marsyas of Pella,re_greek_world,Greek World,-400.0,historian,non_europe
340,Q353264,Diagoras of Melos,re_greek_world,Greek World,-450.0,philosopher,non_europe
341,Q2274948,Philostratus,re_greek_world,Greek World,170.0,philosopher,non_europe
342,Q1227107,Diotima of Mantinea,re_greek_world,Greek World,-450.0,philosopher,non_europe
343,Q43423,Aesop,re_greek_world,Greek World,-619.0,philosopher,non_europe
344,Q211411,Chrysippus of Soli,re_greek_world,Greek World,-280.0,philosopher | mathematician,non_europe
345,Q586050,Asclepigenia,re_greek_world,Greek World,400.0,philosopher,non_europe
346,Q646951,Ariston of Chios,re_greek_world,Greek World,-299.0,philosopher,non_europe
347,Q668009,Aristotelis the Dialectician,re_greek_world,Greek World,-300.0,philosopher,non_europe
348,Q214121,Xenocrates,re_greek_world,Greek World,-395.0,philosopher | mathematician,non_europe
349,Q1279413,Cercidas,re_greek_world,Greek World,-300.0,philosopher,non_europe
350,Q1364945,Glaucon,re_greek_world,Greek World,-444.0,philosopher,non_europe
351,Q189759,Zeno of Sidon,re_greek_world,Greek World,-149.0,philosopher | mathematician,non_europe
352,Q280872,Timon of Phlius,re_greek_world,Greek World,-319.0,philosopher,non_europe
353,Q905827,Diodorus of Tyre,re_greek_world,Greek World,-150.0,philosopher,non_europe
354,Q1372239,Eudemus of Cyprus,re_greek_world,Greek World,-400.0,philosopher,non_europe
355,Q2861408,Aristion,re_greek_world,Greek World,-150.0,philosopher,non_europe
356,Q3630471,Autocrates,re_greek_world,Greek World,-250.0,historian,non_europe
357,Q1073837,Critolaus,re_greek_world,Greek World,-199.0,philosopher,non_europe
358,Q15078686,Antiphon,re_greek_world,Greek World,-500.0,philosopher | mathematician,non_europe
359,Q466951,Clitomachus,re_greek_world,Greek World,-186.0,philosopher,non_europe
360,Q261909,Meton of Athens,re_greek_world,Greek World,-500.0,astronomer | mathematician,non_europe
361,Q310149,Cleanthes,re_greek_world,Greek World,-329.0,philosopher,non_europe
362,Q125247,Cratylus,re_greek_world,Greek World,-500.0,philosopher,non_europe
363,Q2346819,Damon of Athens,re_greek_world,Greek World,-450.0,musicologist | philosopher,non_europe
364,Q934471,Criton,re_greek_world,Greek World,-468.0,philosopher,non_europe
365,Q1763617,Nicarete of Megara,re_greek_world,Greek World,-400.0,philosopher,non_europe
366,Q4780369,Apollodorus of Phaleron,re_greek_world,Greek World,-420.0,philosopher,non_europe
367,Q131169,Polybius,re_greek_world,Greek World,-199.0,historian,non_europe
368,Q780234,Priscus of Epirus,re_greek_world,Greek World,305.0,philosopher,non_europe
369,Q2759424,Anticlides,re_greek_world,Greek World,-300.0,historian,non_europe
370,Q59180,Diogenes of Sinope,re_greek_world,Greek World,-399.0,philosopher,non_europe
371,Q2087377,Asclepiades of Phlius,re_greek_world,Greek World,-349.0,philosopher,non_europe
372,Q298071,Hippodamus of Miletus,re_greek_world,Greek World,-497.0,mathematician,non_europe
373,Q18819268,Mnesarchus of Croton,re_greek_world,Greek World,-450.0,philosopher,non_europe
374,Q298860,Hippasus,re_greek_world,Greek World,-600.0,musicologist | philosopher | mathematician,non_europe
375,Q716416,Hippon,re_greek_world,Greek World,-500.0,philosopher,non_europe
376,Q162593,Pelagius,re_greek_world,Greek World,360.0,theologian | philosopher,non_europe
377,Q11920485,Escílax d'Halicarnàs,re_greek_world,Greek World,-150.0,astronomer,non_europe
378,Q928092,Peter the Iberian,re_greek_world,Greek World,411.0,philosopher,non_europe
379,Q4684706,Adrastus of Cyzicus,re_greek_world,Greek World,-500.0,astronomer,non_europe
380,Q581732,Antipater of Tarsus,re_greek_world,Greek World,-300.0,philosopher,non_europe
381,Q291952,Sosipatra,re_greek_world,Greek World,400.0,philosopher,non_europe
382,Q314467,Aenesidemus,re_greek_world,Greek World,-79.0,philosopher,non_europe
383,Q200608,Ephrem the Syrian,re_greek_world,Greek World,306.0,theologian,non_europe
384,Q31278,Cleomedes,re_greek_world,Greek World,1.0,astronomer | mathematician,non_europe
385,Q486945,Sotion,re_greek_world,Greek World,-100.0,philosopher,non_europe
386,Q16658175,Zosimus of Ascalona,re_greek_world,Greek World,450.0,historian,non_europe
387,Q472620,Artemidorus of Ephesus,re_greek_world,Greek World,-150.0,geographer,non_europe
388,Q510719,Eutocius of Ascalon,re_greek_world,Greek World,480.0,philosopher | mathematician,non_europe
389,Q352621,Dicaearchus,re_greek_world,Greek World,-349.0,geographer | philosopher | historian | mathematician,non_europe
390,Q168261,Ptolemy I Soter,re_greek_world,Greek World,-365.0,historian,non_europe
391,Q2470320,Apollonius of Ephesus,re_greek_world,Greek World,201.0,theologian,non_europe
392,Q921532,Dorotheus of Sidon,re_greek_world,Greek World,50.0,astronomer,non_europe
393,Q437869,Evagrius Ponticus,re_greek_world,Greek World,345.0,theologian,non_europe
394,Q178217,Diofantos,re_greek_world,Greek World,201.0,mathematician,non_europe
395,Q24068760,Aristobulus of Paneas,re_greek_world,Greek World,-150.0,philosopher,non_europe
396,Q451566,Menaechmus,re_greek_world,Greek World,-379.0,astronomer | mathematician,non_europe
397,Q18626710,Julian,re_greek_world,Greek World,400.0,theologian,non_europe
398,Q211783,Pappus of Alexandria,re_greek_world,Greek World,290.0,astronomer | mathematician,non_europe
399,Q712572,Philistus,re_greek_world,Greek World,-424.0,historian,non_europe
400,Q2285961,Silenus Calatinus,re_greek_world,Greek World,-300.0,historian,non_europe
401,Q310028,Isidore of Miletus,re_greek_world,Greek World,442.0,physicist | mathematician,non_europe
402,Q242270,Hecataeus of Miletus,re_greek_world,Greek World,-600.0,geographer | historian,non_europe
403,Q3991387,Timagoras of Gela,re_greek_world,Greek World,-350.0,philosopher,non_europe
404,Q580661,Antiochus of Syracuse,re_greek_world,Greek World,-450.0,historian,non_europe
405,Q434773,Crantor,re_greek_world,Greek World,-343.0,philosopher,non_europe
406,Q80612,Anaximenes of Miletus,re_greek_world,Greek World,-584.0,astronomer | philosopher | mathematician,non_europe
407,Q433919,Phintys,re_greek_world,Greek World,-400.0,philosopher,non_europe
408,Q581833,Marinus of Neapolis,re_greek_world,Greek World,440.0,astronomer | philosopher,non_europe
409,Q313018,Aristophanes of Byzantium,re_greek_world,Greek World,-256.0,linguist,non_europe
410,Q1354573,Lycus of Rhegium,re_greek_world,Greek World,-350.0,historian,non_europe
411,Q355664,Theodore of Mopsuestia,re_greek_world,Greek World,350.0,theologian,non_europe
412,Q311731,Priscus,re_greek_world,Greek World,410.0,philosopher | historian,non_europe
413,Q310916,Iamblichus,re_greek_world,Greek World,245.0,philosopher,non_europe
414,Q59137,Diogenes of Oenoanda,re_greek_world,Greek World,200.0,philosopher,non_europe
415,Q714841,Eustathius of Epiphania,re_greek_world,Greek World,401.0,historian,non_europe
416,Q721022,Malchus,re_greek_world,Greek World,450.0,historian,non_europe
417,Q44011,Gregory of Nazianzus,re_greek_world,Greek World,330.0,theologian | philosopher,non_europe
418,Q372798,Polus,re_greek_world,Greek World,-500.0,philosopher,non_europe
419,Q297040,Apollonius of Tyana,re_greek_world,Greek World,15.0,philosopher | mathematician,non_europe
420,Q391202,Agathangelos,re_greek_world,Greek World,500.0,historian,non_europe
421,Q317029,Theodoret,re_greek_world,Greek World,393.0,historian,non_europe
422,Q4024777,Zopyrus of Tarentum,re_greek_world,Greek World,-350.0,philosopher,non_europe
423,Q43182,Eratosthenes,re_greek_world,Greek World,-275.0,musicologist | astronomer | mathematician | geographer | historian,non_europe
424,Q645774,Bolus of Mendes,re_greek_world,Greek World,-300.0,botanist | philosopher,non_europe
425,Q2637222,Aesara,re_greek_world,Greek World,-400.0,philosopher,non_europe
426,Q3731014,Heracleides of Magnesia,re_greek_world,Greek World,-50.0,historian,non_europe
427,Q3620711,Apollonides of Smyrna,re_greek_world,Greek World,-150.0,philosopher,non_europe
428,Q356433,Priscian,re_greek_world,Greek World,500.0,philosopher,non_europe
429,Q1389145,John the Lydian,re_greek_world,Greek World,490.0,historian,non_europe
430,Q2705204,Evander,re_greek_world,Greek World,-201.0,philosopher,non_europe
431,Q235426,Theano,re_greek_world,Greek World,-600.0,astronomer | philosopher | mathematician,non_europe
432,Q354342,Bardaisan,re_greek_world,Greek World,154.0,philosopher,non_europe
433,Q1270333,Praxeas,re_greek_world,Greek World,200.0,theologian,non_europe
434,Q463564,Xenophon of Ephesus,re_greek_world,Greek World,101.0,philosopher,non_europe
435,Q192371,Polycarp,re_greek_world,Greek World,69.0,theologian,non_europe
436,Q1295215,Satyrus the Peripatetic,re_greek_world,Greek World,-300.0,philosopher | historian,non_europe
437,Q1616998,Neanthes of Cyzicus,re_greek_world,Greek World,-250.0,historian,non_europe
438,Q1148501,Diophanes of Nicaea,re_greek_world,Greek World,-100.0,botanist,non_europe
439,Q180671,Aratus,re_greek_world,Greek World,-314.0,astronomer,non_europe
440,Q1189157,Nausiphanes,re_greek_world,Greek World,-400.0,philosopher,non_europe
441,Q1496242,Callinicus,re_greek_world,Greek World,300.0,historian,non_europe
442,Q180109,Apollonius of Perga,re_greek_world,Greek World,-261.0,astronomer | mathematician,non_europe
443,Q335156,Aristoxenus,re_greek_world,Greek World,-359.0,musicologist | philosopher | mathematician,non_europe
444,Q1047689,Menodotus of Nicomedia,re_greek_world,Greek World,100.0,philosopher,non_europe
445,Q3381179,Philon of Gadara,re_greek_world,Greek World,100.0,mathematician,non_europe
446,Q287423,Epigenes of Byzantium,re_greek_world,Greek World,-150.0,astronomer | mathematician,non_europe
447,Q317146,Alexandros of Aphrodisias,re_greek_world,Greek World,200.0,philosopher,non_europe
448,Q275606,Aurelius Victor,re_greek_world,Greek World,320.0,historian,non_europe
449,Q451390,Autolycus of Pitane,re_greek_world,Greek World,-359.0,astronomer | mathematician,non_europe
450,Q83375,Empedocles,re_greek_world,Greek World,-489.0,philosopher,non_europe
451,Q441448,Carpocrates,re_greek_world,Greek World,100.0,philosopher,non_europe
452,Q312491,John Malalas,re_greek_world,Greek World,491.0,historian,non_europe
453,Q248793,Maximus of Ephesus,re_greek_world,Greek World,310.0,philosopher,non_europe
454,Q404023,Aedesius,re_greek_world,Greek World,280.0,philosopher,non_europe
455,Q316867,Sosigenes of Alexandria,re_greek_world,Greek World,-100.0,astronomer | philosopher | mathematician,non_europe
456,Q506553,Olympiodorus of Thebes,re_greek_world,Greek World,380.0,philosopher | historian,non_europe
457,Q550477,Timocharis,re_greek_world,Greek World,-319.0,astronomer,non_europe
458,Q346567,Callixenus of Rhodes,re_greek_world,Greek World,-199.0,historian,non_europe
459,Q385213,Prohaeresius,re_greek_world,Greek World,276.0,philosopher,non_europe
460,Q2047944,Palladius of Galatia,re_greek_world,Greek World,363.0,historian,non_europe
461,Q334457,Dio Chrysostom,re_greek_world,Greek World,40.0,philosopher,non_europe
462,Q51885,Thecla,re_greek_world,Greek World,100.0,theologian,non_europe
463,Q3044500,Demetrius of Scepsis,re_greek_world,Greek World,-204.0,philosopher | historian,non_europe
464,Q363818,Nicander,re_greek_world,Greek World,-249.0,historian,non_europe
465,Q2524557,Anatolius of Laodicea,re_greek_world,Greek World,250.0,philosopher | mathematician,non_europe
466,Q1373037,Syrianus,re_greek_world,Greek World,500.0,philosopher,non_europe
467,Q3347025,Neleus of Scepsis,re_greek_world,Greek World,-350.0,philosopher,non_europe
468,Q459774,Ambrose of Alexandria,re_greek_world,Greek World,200.0,theologian,non_europe
469,Q1747749,Tiberius Claudius Aristocles,re_greek_world,Greek World,100.0,philosopher,non_europe
470,Q201867,Cleitarchus,re_greek_world,Greek World,-400.0,historian,non_europe
471,Q125551,Parmenides,re_greek_world,Greek World,-514.0,philosopher,non_europe
472,Q3624868,Asclepiades,re_greek_world,Greek World,-150.0,historian,non_europe
473,Q444459,Alcidamas,re_greek_world,Greek World,-450.0,philosopher,non_europe
474,Q4441106,Aphthonius of Antioch,re_greek_world,Greek World,300.0,philosopher,non_europe
475,Q44024,Athanasios of Alexandria,re_greek_world,Greek World,296.0,theologian,non_europe
476,Q3413787,Archelaus,re_greek_world,Greek World,300.0,theologian,non_europe
477,Q705950,Theon of Smyrna,re_greek_world,Greek World,70.0,philosopher | musicologist | astronomer | mathematician,non_europe
478,Q380089,Fulgentius of Ruspe,re_greek_world,Greek World,468.0,theologian,non_europe
479,Q2861395,Aristodemus of Nysa,re_greek_world,Greek World,-200.0,philosopher | historian,non_europe
480,Q447451,Sabellius,re_greek_world,Greek World,200.0,theologian,non_europe
481,Q973954,Philoxenus of Mabbug,re_greek_world,Greek World,440.0,theologian,non_europe
482,Q433332,Mara Bar-Serapion,re_greek_world,Greek World,50.0,philosopher,non_europe
483,Q1613489,Hermias,re_greek_world,Greek World,401.0,philosopher,non_europe
484,Q186153,Procopius,re_greek_world,Greek World,500.0,historian,non_europe
485,Q188232,Didymus the Blind,re_greek_world,Greek World,313.0,theologian,non_europe
486,Q1266186,Theodosius of Bithynia,re_greek_world,Greek World,-159.0,astronomer | mathematician,non_europe
487,Q2696027,Alexander of Damascus,re_greek_world,Greek World,200.0,philosopher,non_europe
488,Q3714438,Dositheus,re_greek_world,Greek World,-250.0,astronomer | mathematician,non_europe
489,Q18639389,Abrotelia,re_greek_world,Greek World,-500.0,philosopher,non_europe
490,Q1531412,Harkhebi,re_greek_world,Greek World,-301.0,astronomer,non_europe
491,Q185223,Cassius Dio,re_greek_world,Greek World,150.0,historian,non_europe
492,Q2695834,Agathobulus,re_greek_world,Greek World,100.0,philosopher,non_europe
493,Q16529474,Astone,re_greek_world,Greek World,-550.0,philosopher,non_europe
494,Q503075,Crates of Mallus,re_greek_world,Greek World,-200.0,philosopher,non_europe
495,Q8739,Archimedes,re_greek_world,Greek World,-286.0,astronomer | philosopher | physicist | mathematician,non_europe
496,Q63456919,Pandrosion,re_greek_world,Greek World,400.0,mathematician,non_europe
497,Q317014,Sextus Julius Africanus,re_greek_world,Greek World,160.0,philosopher | historian,non_europe
498,Q170472,Origen,re_greek_world,Greek World,185.0,theologian | philosopher,non_europe
499,Q1051470,Vettius Valens,re_greek_world,Greek World,120.0,astronomer,non_europe
500,Q515542,Agathemerus,re_greek_world,Greek World,250.0,geographer,non_europe
501,Q504771,Philo of Byblos,re_greek_world,Greek World,50.0,historian,non_europe
502,Q1226993,Dionysius Periegetes,re_greek_world,Greek World,100.0,historian,non_europe
503,Q312500,Herophilos,re_greek_world,Greek World,-334.0,anatomist,non_europe
504,Q297390,Craterus,re_greek_world,Greek World,-369.0,historian,non_europe
505,Q707344,Numenius of Apamea,re_greek_world,Greek World,200.0,philosopher,non_europe
506,Q42458,Anaximander,re_greek_world,Greek World,-609.0,philosopher | physicist | astronomer | mathematician | geographer,non_europe
507,Q229246,Julia Domna,re_greek_world,Greek World,165.0,philosopher,non_europe
508,Q298654,Cyril of Jerusalem,re_greek_world,Greek World,313.0,theologian,non_europe
509,Q363375,Publilius Syrus,re_greek_world,Greek World,-100.0,philosopher,non_europe
510,Q391216,Agatharchides,re_greek_world,Greek World,-207.0,geographer | philosopher | historian | anatomist,non_europe
511,Q2531620,Pamprepius,re_greek_world,Greek World,440.0,philosopher,non_europe
512,Q4191445,Zenob Glak,re_greek_world,Greek World,300.0,historian,non_europe
513,Q165589,Leucippus,re_greek_world,Greek World,-500.0,philosopher | physicist,non_europe
514,Q451719,Damo,re_greek_world,Greek World,-600.0,philosopher | mathematician,non_europe
515,Q365977,Bias of Priene,re_greek_world,Greek World,-599.0,philosopher,non_europe
516,Q1378597,Eurytus,re_greek_world,Greek World,-500.0,philosopher | mathematician,non_europe
517,Q189767,Zeno of Tarsus,re_greek_world,Greek World,-250.0,philosopher,non_europe
518,Q139567,Zacharias Rhetor,re_greek_world,Greek World,465.0,philosopher | historian,non_europe
519,Q83041,Anaxagoras,re_greek_world,Greek World,-499.0,astronomer | philosopher | physicist | mathematician,non_europe
520,Q1400157,Cleinias of Tarentum,re_greek_world,Greek World,-500.0,philosopher,non_europe
521,Q313791,Ephorus,re_greek_world,Greek World,-399.0,historian,non_europe
522,Q260951,Dinon,re_greek_world,Greek World,-399.0,historian,non_europe
523,Q534163,Xanthos,re_greek_world,Greek World,-500.0,historian,non_europe
524,Q142999,Eusebius of Caesarea,re_greek_world,Greek World,275.0,theologian | historian,non_europe
525,Q317942,Euhemerus,re_greek_world,Greek World,-400.0,philosopher | historian | anthropologist,non_europe
526,Q31271346,Dion von Neapel,re_greek_world,Greek World,-500.0,mathematician,non_europe
527,Q354377,Conon of Samos,re_greek_world,Greek World,-279.0,astronomer | mathematician,non_europe
528,Q44015,John the Apostle,re_greek_world,Greek World,6.0,theologian,non_europe
529,Q378236,Aristides Quintilianus,re_greek_world,Greek World,150.0,musicologist,non_europe
530,Q1226828,Diogenes of Tarsus,re_greek_world,Greek World,-200.0,philosopher,non_europe
531,Q298226,Anthemius of Tralles,re_greek_world,Greek World,474.0,physicist | mathematician,non_europe
532,Q1226996,Dionysius of Miletus,re_greek_world,Greek World,-600.0,historian,non_europe
533,Q313934,Macrobius,re_greek_world,Greek World,370.0,musicologist | philosopher,non_europe
534,Q1419147,Firmilian,re_greek_world,Greek World,200.0,philosopher,non_europe
535,Q725225,Thrasyllus of Mendes,re_greek_world,Greek World,-100.0,musicologist | philosopher,non_europe
536,Q132157,Zeno of Elea,re_greek_world,Greek World,-489.0,philosopher | mathematician,non_europe
537,Q521203,Duris of Samos,re_greek_world,Greek World,-339.0,historian,non_europe
538,Q343018,Eunapius,re_greek_world,Greek World,349.0,philosopher | historian,non_europe
539,Q168707,Pliny the Younger,re_greek_world,Greek World,61.0,historian,non_europe
540,Q928551,Origen the Pagan,re_greek_world,Greek World,200.0,philosopher,non_europe
541,Q2749849,Athenodorus of Soli,re_greek_world,Greek World,-300.0,philosopher,non_europe
542,Q931271,Tisias,re_greek_world,Greek World,-499.0,philosopher,non_europe
543,Q189597,Philo of Alexandria,re_greek_world,Greek World,-14.0,philosopher | historian,non_europe
544,Q731906,Asclepiodotus of Alexandria,re_greek_world,Greek World,500.0,philosopher,non_europe
545,Q315360,Damascius,re_greek_world,Greek World,450.0,philosopher,non_europe
546,Q510737,Lucian of Antioch,re_greek_world,Greek World,240.0,theologian,non_europe
547,Q2902906,Rabbi Nehemiah,re_greek_world,Greek World,101.0,mathematician,non_europe
548,Q43706,John Chrysostom,re_greek_world,Greek World,349.0,theologian,non_europe
549,Q354384,Theon of Alexandria,re_greek_world,Greek World,335.0,astronomer | mathematician,non_europe
550,Q11903,Hypatia,re_greek_world,Greek World,360.0,astronomer | philosopher | mathematician,non_europe
551,Q443510,Hesychius of Alexandria,re_greek_world,Greek World,450.0,linguist,non_europe
552,Q3826494,Lamiscus,re_greek_world,Greek World,-400.0,philosopher | mathematician,non_europe
553,Q717647,Gnaeus Claudius Severus Arabianus,re_greek_world,Greek World,113.0,philosopher,non_europe
554,Q140188,Aristarchus of Samos,re_greek_world,Greek World,-309.0,astronomer,non_europe
555,Q456560,Myia,re_greek_world,Greek World,-600.0,philosopher | mathematician,non_europe
556,Q33941,Julian,re_greek_world,Greek World,331.0,philosopher,non_europe
557,Q317632,John Philoponus,re_greek_world,Greek World,490.0,philosopher | physicist | astronomer | mathematician | theologian,non_europe
558,Q1722472,Callias of Syracuse,re_greek_world,Greek World,-400.0,historian,non_europe
559,Q3432037,Aristaeus of Croton,re_greek_world,Greek World,-450.0,philosopher | mathematician,non_europe
560,Q897689,Chaeremon of Alexandria,re_greek_world,Greek World,10.0,philosopher | historian,non_europe
561,Q84027027,Didymus of Alexandria,re_greek_world,Greek World,-50.0,mathematician,non_europe
562,Q942439,Monimus,re_greek_world,Greek World,-400.0,philosopher,non_europe
563,Q310821,Akiva ben Joseph,re_greek_world,Greek World,15.0,theologian,non_europe
564,Q280432,Athenodoros Cananites,re_greek_world,Greek World,-100.0,philosopher | historian,non_europe
565,Q313286,Demetrius of Phalerum,re_greek_world,Greek World,-349.0,philosopher,non_europe
566,Q123147,Ammonius Hermiae,re_greek_world,Greek World,435.0,astronomer | philosopher,non_europe
567,Q2570422,Sotion,re_greek_world,Greek World,-250.0,philosopher | historian,non_europe
568,Q2657803,Asterius the Sophist,re_greek_world,Greek World,300.0,theologian,non_europe
569,Q1749928,Phaleas of Chalcedon,re_greek_world,Greek World,-400.0,philosopher,non_europe
570,Q280934,Alexander Lychnus,re_greek_world,Greek World,-50.0,historian,non_europe
571,Q11925495,Hermodorus,re_greek_world,Greek World,-399.0,philosopher,non_europe
572,Q15975321,Flavius Boethus,re_greek_world,Greek World,150.0,philosopher,non_europe
573,Q191734,Gregory of Nyssa,re_greek_world,Greek World,400.0,theologian,non_europe
574,Q1297839,Serenus of Antinouplis,re_greek_world,Greek World,300.0,mathematician,non_europe
575,Q1383547,Ulpianus,re_greek_world,Greek World,300.0,philosopher,non_europe
576,Q138531,Phlegon of Tralles,re_greek_world,Greek World,200.0,historian,non_europe
577,Q929311,Hegesias of Magnesia,re_greek_world,Greek World,-200.0,historian,non_europe
578,Q948620,Hermias of Atarneus,re_greek_world,Greek World,-350.0,philosopher,non_europe
579,Q365183,Themistius,re_greek_world,Greek World,317.0,philosopher,non_europe
580,Q754890,Athanis,re_greek_world,Greek World,-400.0,historian,non_europe
581,Q176287,Timaeus of Locri,re_greek_world,Greek World,-500.0,astronomer | philosopher | mathematician,non_europe
582,Q188883,Clement of Alexandria,re_greek_world,Greek World,150.0,theologian | philosopher,non_europe
583,Q3556912,Theognostus of Alexandria,re_greek_world,Greek World,210.0,theologian,non_europe
584,Q5063276,Cephalion,re_greek_world,Greek World,100.0,historian,non_europe
585,Q1241343,Justus of Tiberias,re_greek_world,Greek World,35.0,historian,non_europe
586,Q7155483,Pausanias of Damascus,re_greek_world,Greek World,-150.0,geographer,non_europe
587,Q1185502,Demetrius Lacon,re_greek_world,Greek World,-150.0,philosopher,non_europe
588,Q360366,Nicomachus,re_greek_world,Greek World,60.0,musicologist | philosopher | mathematician,non_europe
589,Q3636221,Baton of Sinope,re_greek_world,Greek World,-199.0,historian,non_europe
590,Q41766,Ctesibius,re_greek_world,Greek World,-283.0,mathematician,non_europe
591,Q729105,Severus of Antioch,re_greek_world,Greek World,465.0,theologian,non_europe
592,Q641051,Arius Didymus,re_greek_world,Greek World,-83.0,philosopher,non_europe
593,Q388333,Cadmus of Miletus,re_greek_world,Greek World,-500.0,historian,non_europe
594,Q44258,Basil of Caesarea,re_greek_world,Greek World,329.0,theologian | philosopher,non_europe
595,Q534986,Flavius Vopiscus,re_greek_world,Greek World,201.0,historian,non_europe
596,Q41155,Heraclitus,re_greek_world,Greek World,-534.0,philosopher,non_europe
597,Q36303,Thales,re_greek_world,Greek World,-624.0,astronomer | philosopher | physicist | mathematician,non_europe
598,Q974775,Olympiodorus the Younger,re_greek_world,Greek World,495.0,philosopher,non_europe
599,Q2763097,Abba Saul,re_greek_world,Greek World,101.0,theologian,non_europe
600,Q202001,Archytas,re_greek_world,Greek World,-427.0,philosopher | musicologist | astronomer | mathematician,non_europe
601,Q2312602,Montanus of Phrygia,re_greek_world,Greek World,150.0,theologian,non_europe
602,Q19715972,Nicostratus of Trebizond,re_greek_world,Greek World,300.0,historian,non_europe
603,Q44248,Jerome,re_greek_world,Greek World,345.0,theologian | historian,non_europe
604,Q857017,Gaius Blossius,re_greek_world,Greek World,-150.0,philosopher,non_europe
605,Q3371179,Polemarchus,re_greek_world,Greek World,-500.0,philosopher,non_europe
606,Q345277,Basilides,re_greek_world,Greek World,117.0,theologian,non_europe
607,Q3271431,Leon of Byzantium,re_greek_world,Greek World,-400.0,philosopher,non_europe
608,Q212338,Philolaus,re_greek_world,Greek World,-469.0,philosopher | musicologist | astronomer | mathematician,non_europe
609,Q2706119,Telecles,re_greek_world,Greek World,-201.0,philosopher,non_europe
610,Q11906871,Ascletarió,re_greek_world,Greek World,100.0,mathematician,non_europe
611,Q2832178,Alcimus,re_greek_world,Greek World,-350.0,historian,non_europe
612,Q2695686,Abba Hilkiah,re_greek_world,Greek World,1.0,theologian,non_europe
613,Q359945,Melito of Sardis,re_greek_world,Greek World,100.0,philosopher,non_europe
614,Q226868,Zosimos of Panopolis,re_greek_world,Greek World,250.0,philosopher,non_europe
615,Q738605,Boethus of Sidon,re_greek_world,Greek World,-199.0,philosopher,non_europe
616,Q461067,Pantaenus,re_greek_world,Greek World,200.0,theologian | philosopher,non_europe
617,Q7807000,Timosthenes,re_greek_world,Greek World,-301.0,geographer,non_europe
618,Q23061186,Nicolaus Sophista,re_greek_world,Greek World,400.0,philosopher,non_europe
619,Q161853,Hero of Alexandria,re_greek_world,Greek World,10.0,physicist | mathematician,non_europe
620,Q1175868,Menander of Ephesus,re_greek_world,Greek World,-299.0,historian,non_europe
621,Q159905,Hipparchus,re_greek_world,Greek World,-189.0,geographer | astronomer | mathematician,non_europe
622,Q2601910,Aristo of Pella,re_greek_world,Greek World,100.0,historian,non_europe
623,Q131671,Xenophanes,re_greek_world,Greek World,-569.0,philosopher,non_europe
624,Q1113270,Archedemus of Tarsus,re_greek_world,Greek World,-300.0,philosopher,non_europe
625,Q236594,Sextus Empiricus,re_greek_world,Greek World,200.0,philosopher,non_europe
626,Q471218,Callippus of Cyzicus,re_greek_world,Greek World,-369.0,astronomer | mathematician,non_europe
627,Q2639498,Boethus of Sidon,re_greek_world,Greek World,-74.0,philosopher,non_europe
628,Q320042,Antiochus of Ascalon,re_greek_world,Greek World,-123.0,philosopher,non_europe
629,Q461007,Eubulides,re_greek_world,Greek World,-500.0,philosopher,non_europe
630,Q436634,Cassius Longinus,re_greek_world,Greek World,213.0,philosopher,non_europe
631,Q1383804,Heracleides of Cyme,re_greek_world,Greek World,-399.0,historian,non_europe
632,Q248975,Herillus,re_greek_world,Greek World,-279.0,philosopher,non_europe
633,Q447428,Cerinthus,re_greek_world,Greek World,100.0,theologian | philosopher,non_europe
634,Q297776,Pedanius Dioscorides,re_greek_world,Greek World,40.0,botanist | pharmacologist,non_europe
635,Q657941,Albinus,re_greek_world,Greek World,100.0,philosopher,non_europe
636,Q973972,Sporus of Nicaea,re_greek_world,Greek World,240.0,astronomer | mathematician,non_europe
637,Q370123,Apollodorus of Artemita,re_greek_world,Greek World,-129.0,historian,non_europe
638,Q312548,Megasthenes,re_greek_world,Greek World,-350.0,historian | anthropologist,non_europe
639,Q950303,Cratippus of Pergamon,re_greek_world,Greek World,-100.0,philosopher,non_europe
640,Q450311,Alypius,re_greek_world,Greek World,350.0,musicologist,non_europe
641,Q2695791,Abtolemus,re_greek_world,Greek World,101.0,theologian,non_europe
642,Q3502838,Thallus,re_greek_world,Greek World,100.0,historian,non_europe
643,Q1290567,Maximus I of Constantinople,re_greek_world,Greek World,350.0,philosopher,non_europe
644,Q2696474,Apollinaris,re_greek_world,Greek World,400.0,philosopher,non_europe
645,Q365017,Agathocles of Cyzicus,re_greek_world,Greek World,-299.0,historian,non_europe
646,Q429744,Philinus of Agrigentum,re_greek_world,Greek World,-300.0,historian,non_europe
647,Q34943,Ptolemy,re_greek_world,Greek World,100.0,philosopher | musicologist | astronomer | mathematician | geographer,non_europe
648,Q310173,Ammonius Saccas,re_greek_world,Greek World,175.0,philosopher,non_europe
649,Q2319055,Rhianus,re_greek_world,Greek World,-274.0,historian,non_europe
650,Q718003,Possidius of Calama,re_latin,Latin World,370.0,historian,non_europe
651,Q8018,Augustine of Hippo,re_latin,Latin World,354.0,theologian | musicologist | philosopher | historian,non_europe
652,Q342416,Arnobius,re_latin,Latin World,255.0,philosopher,non_europe
653,Q348408,Martianus Capella,re_latin,Latin World,360.0,musicologist | philosopher,non_europe
654,Q261992,Optatus,re_latin,Latin World,400.0,theologian,non_europe
655,Q315670,Juba II,re_latin,Latin World,-47.0,historian,non_europe
656,Q170512,Apuleius,re_latin,Latin World,125.0,philosopher,non_europe
657,Q722705,Aşıkpaşazade,re_ottoman_turkey,Ottoman Turkey,1400.0,historian,non_europe
658,Q1984103,Neşri,re_ottoman_turkey,Ottoman Turkey,1450.0,historian,non_europe
659,Q991343,Oruç,re_ottoman_turkey,Ottoman Turkey,1500.0,historian,non_europe
660,Q343494,Idris Bitlisi,re_ottoman_turkey,Ottoman Turkey,1457.0,historian,non_europe
661,Q317973,Abdüssamed bin-Seyyidî Alî Diyarbekrî,re_ottoman_turkey,Ottoman Turkey,1500.0,historian,non_europe
662,Q2843525,Amirdovlat of Amasia,re_ottoman_turkey,Ottoman Turkey,1420.0,botanist,non_europe
663,Q12810590,Latîfî,re_ottoman_turkey,Ottoman Turkey,1491.0,historian,non_europe
664,Q1559975,Göynüklü Ahmed Efendi,re_ottoman_turkey,Ottoman Turkey,1700.0,historian,non_europe
665,Q449254,Ibn Kemal,re_ottoman_turkey,Ottoman Turkey,1469.0,historian,non_europe
666,Q15137609,Abraham Ankyuratsi,re_ottoman_turkey,Ottoman Turkey,1405.0,historian,non_europe
667,Q4054386,Abbas Wasim Efendi,re_ottoman_turkey,Ottoman Turkey,1689.0,astronomer,non_europe
668,Q1280128,Ebu Sehil Nu'man Efendi,re_ottoman_turkey,Ottoman Turkey,1700.0,historian,non_europe
669,Q353068,Akşemseddin,re_ottoman_turkey,Ottoman Turkey,1389.0,botanist | historian,non_europe
670,Q16329554,Adamantios Risios,re_ottoman_turkey,Ottoman Turkey,1675.0,theologian,non_europe
671,Q462745,Ahmad Khani,re_ottoman_turkey,Ottoman Turkey,1650.0,philosopher,non_europe
672,Q572436,Anthim the Iberian,re_ottoman_turkey,Ottoman Turkey,1650.0,philosopher,non_europe
673,Q317913,Abdurrahman Hibri,re_ottoman_turkey,Ottoman Turkey,1604.0,historian,non_europe
674,Q21541505,Dede Cöngi,re_ottoman_turkey,Ottoman Turkey,1495.0,philosopher,non_europe
675,Q3561173,George Amiroutzes,re_ottoman_turkey,Ottoman Turkey,1400.0,philosopher,non_europe
676,Q64167657,Yeghia Musheghyan,re_ottoman_turkey,Ottoman Turkey,1689.0,historian,non_europe
677,Q5360885,Elijah Bashyazi,re_ottoman_turkey,Ottoman Turkey,1420.0,philosopher,non_europe
678,Q388979,Sharaf Khan Bidlisi,re_ottoman_turkey,Ottoman Turkey,1543.0,historian,non_europe
679,Q16854270,Şükrullah,re_ottoman_turkey,Ottoman Turkey,1388.0,historian,non_europe
680,Q25452040,Hızır Bey,re_ottoman_turkey,Ottoman Turkey,1407.0,theologian | philosopher | logician,non_europe
681,Q4452,Thomas of Metsoph,re_ottoman_turkey,Ottoman Turkey,1378.0,historian,non_europe
682,Q428705,Mustafa Sheykhoghlu,re_ottoman_turkey,Ottoman Turkey,1341.0,linguist,non_europe
683,Q12251667,Yahya al-Yazidi,re_persian_world,Persian world,755.0,linguist,non_europe
684,Q4116564,Mohammad Tahir Vahid Qazvini,re_persian_world,Persian world,1607.0,historian,non_europe
685,Q12178019,Abu Sa'd 'Abd al-Karim al-Samani,re_persian_world,Persian world,1113.0,historian,non_europe
686,Q5942209,Abd-al-Baqi Nahavandi,re_persian_world,Persian world,1570.0,historian,non_europe
687,Q729591,Ata-Malik Juvayni,re_persian_world,Persian world,1226.0,historian,non_europe
688,Q2822174,Abu Nu`aym,re_persian_world,Persian world,948.0,historian,non_europe
689,Q2228574,Zahir al-Din Marashi,re_persian_world,Persian world,1413.0,historian,non_europe
690,Q3456753,Abd al-Qahir al-Jurjani,re_persian_world,Persian world,1001.0,linguist,non_europe
691,Q6419062,Aḥmad Ibn-Fāris,re_persian_world,Persian world,1000.0,historian,non_europe
692,Q11075,Abd al-Rahman al-Sufi,re_persian_world,Persian world,903.0,astronomer | mathematician,non_europe
693,Q293520,Abū Ḥanīfa Dīnawarī,re_persian_world,Persian world,828.0,botanist | astronomer | mathematician | geographer | historian,non_europe
694,Q94875087,ʿAlī Ibn-ʿUbaidallāh Ibn-Bābūya al-Qummī,re_persian_world,Persian world,1100.0,theologian,non_europe
695,Q2658411,Bahāʾ al-dīn al-ʿĀmilī,re_persian_world,Persian world,1547.0,astronomer | philosopher | mathematician,non_europe
696,Q4119490,Mohsen Fayz Kashani,re_persian_world,Persian world,1598.0,philosopher,non_europe
697,Q426523,Kamāl al-Dīn al-Fārisī,re_persian_world,Persian world,1265.0,mathematician,non_europe
698,Q234908,Nezami Ganjavi,re_persian_world,Persian world,1141.0,philosopher,non_europe
699,Q61669,Ibn Bibi,re_persian_world,Persian world,1250.0,historian,non_europe
700,Q4060358,Mu'ayyad al-Din al-'Urdi,re_persian_world,Persian world,1200.0,astronomer,non_europe
701,Q3458926,Ruzbihan Baqli,re_persian_world,Persian world,1128.0,philosopher,non_europe
702,Q115466,Jamshīd al-Kāshī,re_persian_world,Persian world,1380.0,astronomer | mathematician,non_europe
703,Q287573,Baidawi,re_persian_world,Persian world,1201.0,theologian | philosopher,non_europe
704,Q3315763,Mir Damad,re_persian_world,Persian world,1561.0,philosopher,non_europe
705,Q8011,Avicenna,re_persian_world,Persian world,980.0,philosopher | physicist | musicologist | astronomer | mathematician | chemist,non_europe
706,Q140540,Zahed Gilani,re_persian_world,Persian world,1216.0,theologian,non_europe
707,Q6351410,Ibn Manda,re_persian_world,Persian world,922.0,theologian,non_europe
708,Q2031579,Shams al-Dīn al-Samarqandī,re_persian_world,Persian world,1250.0,astronomer | mathematician,non_europe
709,Q335313,Abu Sahl al-Quhi,re_persian_world,Persian world,940.0,astronomer | physicist | mathematician,non_europe
710,Q1152795,Nizami Aruzi,re_persian_world,Persian world,1110.0,philosopher,non_europe
711,Q1048593,Amr ibn Ubayd,re_persian_world,Persian world,699.0,theologian,non_europe
712,Q2024702,Seyid Yahya Bakuvi,re_persian_world,Persian world,1410.0,philosopher,non_europe
713,Q32075,Baha' al-Din Naqshband,re_persian_world,Persian world,1327.0,theologian,non_europe
714,Q558205,Khwaja Abdullah Ansari,re_persian_world,Persian world,1006.0,theologian,non_europe
715,Q5875064,Aziz ad-Din Nasafi,re_persian_world,Persian world,1200.0,philosopher,non_europe
716,Q4060354,Al-Qaffāl al-Shāshī,re_persian_world,Persian world,904.0,linguist,non_europe
717,Q25451998,Abu al-Yusr al-Bazdawi,re_persian_world,Persian world,1030.0,theologian,non_europe
718,Q2986906,Abd al-Qadir Maraghi,re_persian_world,Persian world,1353.0,musicologist,non_europe
719,Q3412455,Qazi Sa’id Qumi,re_persian_world,Persian world,1640.0,philosopher,non_europe
720,Q5636823,Habiballah Esmaili,re_persian_world,Persian world,1344.0,historian,non_europe
721,Q336146,Abu al-Ghazi Bahadur,re_persian_world,Persian world,1603.0,historian,non_europe
722,Q657968,Minhaj-i-Siraj,re_persian_world,Persian world,1193.0,historian,non_europe
723,Q4814466,Roxana Moslehi,re_persian_world,Persian world,1348.0,epidemiologist | botanist,non_europe
724,Q2474377,Muhyi al-Dīn al-Maghribī,re_persian_world,Persian world,1220.0,astronomer | mathematician,non_europe
725,Q12177831,Manṣūr ibn Muḥammad Samʻānī,re_persian_world,Persian world,1035.0,theologian,non_europe
726,Q328782,Rashid-al-Din Hamadani,re_persian_world,Persian world,1247.0,historian,non_europe
727,Q312458,Jami,re_persian_world,Persian world,1414.0,musicologist | philosopher,non_europe
728,Q1377629,Mīr-Khvānd,re_persian_world,Persian world,1433.0,historian,non_europe
729,Q6537635,Abu Nasr Ali ibn Hebatallah ibn Djafar ibn Makula,re_persian_world,Persian world,1030.0,historian,non_europe
730,Q2822092,Abu Sahl 'Isa ibn Yahya al-Masihi,re_persian_world,Persian world,970.0,astronomer | philosopher,non_europe
731,Q4794354,Ibn Hibban,re_persian_world,Persian world,883.0,historian,non_europe
732,Q4561714,Ahmad ibn Muhammad,re_persian_world,Persian world,906.0,philosopher,non_europe
733,Q1093121,Hakim al-Nishaburi,re_persian_world,Persian world,933.0,historian,non_europe
734,Q3319050,Mohammed Qacim Ferichta,re_persian_world,Persian world,1560.0,historian,non_europe
735,Q4090633,Bolad,re_persian_world,Persian world,1240.0,historian,non_europe
736,Q2822093,Abu Said Gorgani,re_persian_world,Persian world,850.0,astronomer | mathematician,non_europe
737,Q482451,Al-Zamakhshari,re_persian_world,Persian world,1075.0,theologian | linguist | philosopher,non_europe
738,Q4117220,Amīn Rāzī,re_persian_world,Persian world,1501.0,geographer,non_europe
739,Q4497394,Khasta Qasim,re_persian_world,Persian world,1684.0,philosopher,non_europe
740,Q1113860,Rashid al-Din Vatvat,re_persian_world,Persian world,1088.0,linguist,non_europe
741,Q6414218,Hasan Beg Rumlu,re_persian_world,Persian world,1530.0,historian,non_europe
742,Q764947,Taftazani,re_persian_world,Persian world,1322.0,theologian | philosopher | mathematician,non_europe
743,Q2743660,Shaykh Saduq,re_persian_world,Persian world,918.0,theologian,non_europe
744,Q254739,Fazlallah Astarabadi,re_persian_world,Persian world,1340.0,philosopher,non_europe
745,Q12227985,Wāḥidī Nīsābūrī,re_persian_world,Persian world,1010.0,theologian | linguist | historian,non_europe
746,Q3814358,Ibn Khuzaymah,re_persian_world,Persian world,838.0,theologian,non_europe
747,Q287479,Estakhri,re_persian_world,Persian world,850.0,geographer,non_europe
748,Q929260,Calanus,re_persian_world,Persian world,-397.0,philosopher,non_europe
749,Q169234,Abu Bakr al-Razi,re_persian_world,Persian world,865.0,philosopher | chemist | mathematician,non_europe
750,Q2511004,Abd al-Razzaq Samarqandi,re_persian_world,Persian world,1413.0,historian,non_europe
751,Q5948206,Abd al-Fattah Fumani,re_persian_world,Persian world,1600.0,historian,non_europe
752,Q12578225,Abu-l-Qasim al-Farabi,re_persian_world,Persian world,1130.0,geographer,non_europe
753,Q2991836,Al-Khazini,re_persian_world,Persian world,1077.0,astronomer | philosopher | physicist | mathematician,non_europe
754,Q62630871,Abu Ishaq al-Saffar al-Bukhari,re_persian_world,Persian world,1067.0,theologian,non_europe
755,Q2561872,Iskandar Beg Munshi,re_persian_world,Persian world,1560.0,historian,non_europe
756,Q3777119,Al-Hurr al-Aamili,re_persian_world,Persian world,1624.0,theologian,non_europe
757,Q330893,Abraham the Great of Kashkar,re_persian_world,Persian world,503.0,theologian,non_europe
758,Q938348,Abou al-Layth As Samarqandî,re_persian_world,Persian world,944.0,theologian,non_europe
759,Q10293670,Seyyed Nematollah Jazayeri,re_persian_world,Persian world,1640.0,theologian,non_europe
760,Q3109034,Khwaju Kermani,re_persian_world,Persian world,1280.0,mathematician,non_europe
761,Q2383120,Abu Nasr Mansur,re_persian_world,Persian world,970.0,astronomer | mathematician,non_europe
762,Q557366,Ibn Tahir al-Baghdadi,re_persian_world,Persian world,980.0,mathematician,non_europe
763,Q5680834,Mohsin Fani,re_persian_world,Persian world,1615.0,historian,non_europe
764,Q11862838,Muhammad Ibn Masud al-Ayyashi,re_persian_world,Persian world,900.0,theologian,non_europe
765,Q1151481,Bahmanyār,re_persian_world,Persian world,993.0,philosopher | mathematician,non_europe
766,Q27825516,Sayyid Ali Akbar,re_persian_world,Persian world,869.0,theologian,non_europe
767,Q12177809,Imam Ar-Rafi'i,re_persian_world,Persian world,1160.0,theologian | historian,non_europe
768,Q353889,Sahl ibn Bishr,re_persian_world,Persian world,786.0,astronomer | mathematician,non_europe
769,Q7226225,Mashrab,re_persian_world,Persian world,1657.0,philosopher,non_europe
770,Q4164865,Al-Tughrai,re_persian_world,Persian world,1061.0,linguist,non_europe
771,Q5960565,Mir Shamsuddin Adib-Soltani,re_persian_world,Persian world,1310.0,philosopher,non_europe
772,Q5724876,Fazl b. Ruzbihan Khunji,re_persian_world,Persian world,1457.0,historian,non_europe
773,Q983510,Jahm bin Safwan,re_persian_world,Persian world,696.0,theologian,non_europe
774,Q4502475,Ḥusain Wāʿiẓ Kāšifī,re_persian_world,Persian world,1461.0,astronomer | mathematician,non_europe
775,Q2620460,Abul-Fazl Bayhaqi,re_persian_world,Persian world,996.0,historian,non_europe
776,Q796587,Shams Tabrizi,re_persian_world,Persian world,1185.0,philosopher,non_europe
777,Q6417154,Baba Kuhi of Shiraz,re_persian_world,Persian world,948.0,philosopher,non_europe
778,Q336653,Alexandre de Rhodes,re_persian_world,Persian world,1593.0,linguist,non_europe
779,Q11906149,Anushirvan ibn Khalid,re_persian_world,Persian world,1060.0,historian,non_europe
780,Q203922,Mani,re_persian_world,Persian world,216.0,theologian | philosopher,non_europe
781,Q983355,Sibawayh,re_persian_world,Persian world,760.0,linguist,non_europe
782,Q2594199,Al-Mahani,re_persian_world,Persian world,820.0,astronomer | mathematician,non_europe
783,Q445398,Fātima bint Mūsā,re_persian_world,Persian world,790.0,theologian,non_europe
784,Q2915197,Wassaf,re_persian_world,Persian world,1265.0,historian,non_europe
785,Q3773706,Abd al-Jabbar ibn Ahmad,re_persian_world,Persian world,935.0,theologian | philosopher,non_europe
786,Q16367981,Fatullah Sirvani,re_persian_world,Persian world,1417.0,mathematician,non_europe
787,Q333703,Fakhr al-Din al-Razi,re_persian_world,Persian world,1150.0,astronomer | philosopher | mathematician,non_europe
788,Q6820795,Abu Mansur al-Azhari,re_persian_world,Persian world,895.0,linguist,non_europe
789,Q5946533,Bi Bi Monajemeh Nishaburi,re_persian_world,Persian world,1203.0,astronomer | mathematician,non_europe
790,Q4116338,Mir Fendereski,re_persian_world,Persian world,1562.0,philosopher,non_europe
791,Q4115259,Abd al-Karīm ibn Hawāzin Qushayri,re_persian_world,Persian world,986.0,philosopher,non_europe
792,Q7489382,Sharaf al-Zaman al-Marwazi,re_persian_world,Persian world,1057.0,zoologist,non_europe
793,Q1231017,Tha'ālibī,re_persian_world,Persian world,961.0,linguist,non_europe
794,Q5964599,Rasul Jafarian,re_persian_world,Persian world,1343.0,historian,non_europe
795,Q25453527,Abu Sahl al-Sa'luki,re_persian_world,Persian world,908.0,theologian,non_europe
796,Q5668442,Naubakht,re_persian_world,Persian world,750.0,astronomer,non_europe
797,Q461062,Al-Karaji,re_persian_world,Persian world,953.0,mathematician,non_europe
798,Q106916684,Arshit Dana,re_persian_world,Persian world,-475.0,philosopher,non_europe
799,Q864619,Rajab Ali Tabrizi,re_persian_world,Persian world,1650.0,philosopher,non_europe
800,Q423644,Ali Qushji,re_persian_world,Persian world,1403.0,astronomer | linguist | physicist | mathematician,non_europe
801,Q729903,Qutb al-Din al-Shirazi,re_persian_world,Persian world,1236.0,philosopher | physicist | musicologist | astronomer | mathematician,non_europe
802,Q12223113,ʻAbd al-Ghāfir ibn Ismāʻīl Fārisī,re_persian_world,Persian world,1059.0,historian,non_europe
803,Q16519243,Abu Abdallah al-Jayhani,re_persian_world,Persian world,801.0,geographer,non_europe
804,Q328796,Nasir Khusraw,re_persian_world,Persian world,1004.0,philosopher,non_europe
805,Q3660690,Iranshahri,re_persian_world,Persian world,900.0,astronomer | philosopher | mathematician,non_europe
806,Q643786,Athīr al-Dīn al-Abharī,re_persian_world,Persian world,1200.0,astronomer | mathematician,non_europe
807,Q1088315,Al Khakim At Termizi,re_persian_world,Persian world,820.0,theologian,non_europe
808,Q17303834,Ibn al-Khammar,re_persian_world,Persian world,942.0,philosopher,non_europe
809,Q9546,Al-Ghazali,re_persian_world,Persian world,1058.0,theologian | philosopher,non_europe
810,Q292178,Al-Fadl ibn Sahl,re_persian_world,Persian world,770.0,astronomer,non_europe
811,Q3827234,Ibn Isfandiyar,re_persian_world,Persian world,1210.0,historian,non_europe
812,Q738649,Hamdallah Mustawfi,re_persian_world,Persian world,1281.0,geographer | historian,non_europe
813,Q335516,Abu Zayd al-Balkhi,re_persian_world,Persian world,850.0,geographer | physicist | mathematician,non_europe
814,Q2626083,Kirakos of Gandzak,re_persian_world,Persian world,1200.0,historian,non_europe
815,Q12177901,Ibn Furak,re_persian_world,Persian world,941.0,theologian,non_europe
816,Q2908840,Zayn al-Din Gorgani,re_persian_world,Persian world,1040.0,philosopher,non_europe
817,Q320324,Ahmad Ghazali,re_persian_world,Persian world,1100.0,theologian,non_europe
818,Q4846224,Abu l-Futuh al-Razi,re_persian_world,Persian world,1087.0,theologian,non_europe
819,Q1821848,Al-Samawal al-Maghribi,re_persian_world,Persian world,1130.0,astronomer | mathematician,non_europe
820,Q15891994,Yovanisik Caretsi,re_persian_world,Persian world,1560.0,historian,non_europe
821,Q52742567,Siraj ud-Din Muhammad ibn Abd ur-Rashid Sajawandi,re_persian_world,Persian world,1200.0,linguist | mathematician,non_europe
822,Q16050084,Ghiyāth al-Dīn Manṣūr Dashtakī Shīrāzī,re_persian_world,Persian world,1462.0,philosopher,non_europe
823,Q66999200,Ibn Abi al-Faraj al-Kinani,re_persian_world,Persian world,1036.0,linguist,non_europe
824,Q11937789,Muhammad ibn Ali Rawandi,re_persian_world,Persian world,1202.0,historian,non_europe
825,Q4115024,Ayn al-Quzat Hamadani,re_persian_world,Persian world,1098.0,philosopher | mathematician,non_europe
826,Q2988556,Al-Nayrizi,re_persian_world,Persian world,865.0,astronomer | mathematician,non_europe
827,Q12194385,An-Nadhar bin Syamil,re_persian_world,Persian world,740.0,astronomer | philosopher | linguist,non_europe
828,Q11826,Al-Biruni,re_persian_world,Persian world,973.0,philosopher | physicist | botanist | astronomer | linguist | mathematician | chemist | anthropologist | geographer | historian,non_europe
829,Q25451679,Abu Al - Moin Al - Nasafi,re_persian_world,Persian world,1046.0,theologian,non_europe
830,Q241026,Muḥammad ibn Ismā‘īl al-Bukhārī,re_persian_world,Persian world,810.0,theologian | historian,non_europe
831,Q20706345,Faṣīḥ al-Dīn Aḥmad Faṣīḥ Khvāfī,re_persian_world,Persian world,1375.0,historian,non_europe
832,Q1050887,Al-Shahrastani,re_persian_world,Persian world,1086.0,philosopher | historian,non_europe
833,Q18325461,Salih ibn Ahmad ibn Hanbal,re_persian_world,Persian world,818.0,theologian,non_europe
834,Q4670206,Abu Hatim Ahmad ibn Hamdan al-Razi,re_persian_world,Persian world,801.0,theologian | philosopher,non_europe
835,Q2663540,Muhammad Bal'ami,re_persian_world,Persian world,1000.0,historian,non_europe
836,Q57633062,Muhammad ibn Hussein al-Zaghuli,re_persian_world,Persian world,1080.0,linguist,non_europe
837,Q2669359,Najm al-Dīn al-Qazwīnī al-Kātibī,re_persian_world,Persian world,1203.0,astronomer | philosopher | mathematician,non_europe
838,Q123088,Ismail II,re_persian_world,Persian world,1533.0,astronomer,non_europe
839,Q5956631,Afdhal al-Din abu Hamid Kermani,re_persian_world,Persian world,1136.0,philosopher | historian,non_europe
840,Q5787478,Hamza al-Isbahani,re_persian_world,Persian world,893.0,historian,non_europe
841,Q1148049,Sanai,re_persian_world,Persian world,1080.0,philosopher,non_europe
842,Q1386256,Qāḍī Zāda al-Rūmī,re_persian_world,Persian world,1364.0,astronomer | mathematician,non_europe
843,Q3327524,Muhammad ibn Ahmad al-Khwarizmi,re_persian_world,Persian world,899.0,historian,non_europe
844,Q6932870,Muhammad ibn Falah,re_persian_world,Persian world,1400.0,theologian,non_europe
845,Q334857,Abu Bakr al-Kalabadhi,re_persian_world,Persian world,950.0,philosopher,non_europe
846,Q2472579,ʿUbaidallāh Ibn-Maḥmūd Aḥrār,re_persian_world,Persian world,1404.0,theologian,non_europe
847,Q35900,Omar Khayyám,re_persian_world,Persian world,1048.0,astronomer | philosopher | physicist | mathematician,non_europe
848,Q12223449,ʿAbdallāh Ibn-Aḥmad Nasafī,re_persian_world,Persian world,1240.0,theologian,non_europe
849,Q3242122,Hasan ibn Zayd,re_persian_world,Persian world,750.0,theologian,non_europe
850,Q4116938,Jalaladdin Davani,re_persian_world,Persian world,1426.0,philosopher,non_europe
851,Q12827721,Abu Mansur al-Maturidi,re_persian_world,Persian world,852.0,philosopher,non_europe
852,Q6417943,Elahi Ardabili,re_persian_world,Persian world,870.0,mathematician,non_europe
853,Q3296224,Muhammad ibn Mahmud Amuli,re_persian_world,Persian world,1300.0,mathematician,non_europe
854,Q563574,Abu Saʿīd Gardēzī,re_persian_world,Persian world,1100.0,geographer | historian,non_europe
855,Q486088,Ulugh Beg,re_persian_world,Persian world,1394.0,astronomer | mathematician,non_europe
856,Q22907093,Muhammad Sadiq Ardestani,re_persian_world,Persian world,1644.0,philosopher,non_europe
857,Q5951549,Qutb al-Din al-Ashkawari,re_persian_world,Persian world,1601.0,philosopher,non_europe
858,Q631972,Safi-ad-din Ardabili,re_persian_world,Persian world,1252.0,theologian,non_europe
859,Q5727594,Muhammad Baqir al-Sabzevari,re_persian_world,Persian world,1608.0,philosopher,non_europe
860,Q5794930,Aqa Husayn Khwansari,re_persian_world,Persian world,1637.0,philosopher,non_europe
861,Q5701959,Abu Hafs Omar al-Nasafi,re_persian_world,Persian world,1067.0,theologian | historian,non_europe
862,Q2991000,Abū Ja'far al-Khāzin,re_persian_world,Persian world,900.0,astronomer | mathematician,non_europe
863,Q194091,Attar of Nishapur,re_persian_world,Persian world,1145.0,philosopher,non_europe
864,Q1963396,Najm al-Din Razi,re_persian_world,Persian world,1177.0,philosopher,non_europe
865,Q315881,Hassan-i Sabbah,re_persian_world,Persian world,1050.0,theologian | astronomer | philosopher,non_europe
866,Q403498,Ismail ibn Hammad al-Jawhari,re_persian_world,Persian world,940.0,linguist,non_europe
867,Q481384,Ebn Meskavayh,re_persian_world,Persian world,932.0,philosopher | historian,non_europe
868,Q4118843,Ibn Khalawayh,re_persian_world,Persian world,950.0,theologian,non_europe
869,Q90863901,Ibn al-Malāḥimī,re_persian_world,Persian world,1050.0,theologian,non_europe
870,Q305325,Al-Isfahani,re_persian_world,Persian world,1000.0,mathematician,non_europe
871,Q2584074,Al-Juwayni,re_persian_world,Persian world,1028.0,theologian,non_europe
872,Q335282,Abū-Sa'īd Abul-Khayr,re_persian_world,Persian world,967.0,theologian,non_europe
873,Q8190792,Jamal ad-Din,re_persian_world,Persian world,1300.0,astronomer,non_europe
874,Q3063378,Ali ibn Mohammed al-Jurjani,re_persian_world,Persian world,1340.0,philosopher,non_europe
875,Q1797377,Najmuddin Kubra,re_persian_world,Persian world,1145.0,philosopher,non_europe
876,Q29996106,Budaq Monshi Qazvini,re_persian_world,Persian world,1510.0,historian,non_europe
877,Q4025793,Ibn Funduq,re_persian_world,Persian world,1106.0,mathematician,non_europe
878,Q282231,Benjamin Nahawandi,re_persian_world,Persian world,750.0,philosopher,non_europe
879,Q5954332,Ahmad Monshi Ghomi,re_persian_world,Persian world,1546.0,historian,non_europe
880,Q293651,Muḥammad Ibn-al-Ḥusain as-Sulamī,re_persian_world,Persian world,937.0,theologian,non_europe
881,Q3110028,Ibn Shahriyar,re_persian_world,Persian world,900.0,geographer,non_europe
882,Q6538434,Sawaguchi Kazuyuki,re_japan,Japan,1670.0,mathematician,non_europe
883,Q683792,Kitabatake Chikafusa,re_japan,Japan,1293.0,historian,non_europe
884,Q311478,Nichiren,re_japan,Japan,1222.0,philosopher,non_europe
885,Q786877,Shibukawa Shunkai,re_japan,Japan,1639.0,astronomer,non_europe
886,Q6538396,Andō Yūeki,re_japan,Japan,1624.0,astronomer,non_europe
887,Q177059,Hakuin Ekaku,re_japan,Japan,1686.0,philosopher,non_europe
888,Q2399435,Miyoshi Kiyotsura,re_japan,Japan,847.0,philosopher,non_europe
889,Q4385767,Bassui Tokushō,re_japan,Japan,1327.0,philosopher,non_europe
890,Q11389078,Irumagawa Shigetsune,re_japan,Japan,1688.0,astronomer,non_europe
891,Q6538534,Muramatsu Shigekiyo,re_japan,Japan,1608.0,mathematician,non_europe
892,Q1150441,Miyake Kanran,re_japan,Japan,1674.0,philosopher,non_europe
893,Q15304349,Tanabe Marefumi,re_japan,Japan,1692.0,historian,non_europe
894,Q1095270,Yamaga Sokō,re_japan,Japan,1622.0,philosopher,non_europe
895,Q193344,Miyamoto Musashi,re_japan,Japan,1585.0,philosopher,non_europe
896,Q1319454,Ishida Baigan,re_japan,Japan,1685.0,philosopher,non_europe
897,Q4067901,Konʼyō Aoki,re_japan,Japan,1698.0,botanist,non_europe
898,Q6560770,Amenomori Hōshū,re_japan,Japan,1668.0,philosopher,non_europe
899,Q1150151,Abe no Seimei,re_japan,Japan,921.0,astronomer,non_europe
900,Q369158,Ogyū Sorai,re_japan,Japan,1666.0,linguist | philosopher | political scientist,non_europe
901,Q1334965,Keichū,re_japan,Japan,1640.0,linguist,non_europe
902,Q715993,Jien,re_japan,Japan,1155.0,historian,non_europe
903,Q1343397,Kamo no Mabuchi,re_japan,Japan,1697.0,linguist | philosopher,non_europe
904,Q470531,Takakazu Seki,re_japan,Japan,1642.0,mathematician,non_europe
905,Q449943,Saichō,re_japan,Japan,767.0,philosopher,non_europe
906,Q1136664,Gyōki,re_japan,Japan,668.0,geographer,non_europe
907,Q2753679,Nishikawa Joken,re_japan,Japan,1648.0,astronomer,non_europe
908,Q378425,Fujiwara no Teika,re_japan,Japan,1162.0,linguist,non_europe
909,Q6563258,Dazai Shundai,re_japan,Japan,1680.0,political scientist,non_europe
910,Q1063276,Kibi no Makibi,re_japan,Japan,695.0,philosopher,non_europe
911,Q551135,Miyazaki Yasusada,re_japan,Japan,1623.0,botanist,non_europe
912,Q11561574,Shibukawa Hirotada,re_japan,Japan,1696.0,astronomer,non_europe
913,Q558279,Hayashi Razan,re_japan,Japan,1583.0,philosopher,non_europe
914,Q6565179,Muro Kyūsō,re_japan,Japan,1658.0,philosopher,non_europe
915,Q11661892,Aoki Nagayuki,re_japan,Japan,1669.0,astronomer,non_europe
916,Q11575248,Tanaka Kyūgu,re_japan,Japan,1662.0,political scientist,non_europe
917,Q6538413,Imamura Tomoaki,re_japan,Japan,1624.0,mathematician,non_europe
918,Q467616,Arai Hakuseki,re_japan,Japan,1657.0,historian | philosopher | economist,non_europe
919,Q169352,Zeami Motokiyo,re_japan,Japan,1363.0,philosopher,non_europe
920,Q231603,Sei Shōnagon,re_japan,Japan,966.0,historian,non_europe
921,Q1037304,Kumazawa Banzan,re_japan,Japan,1619.0,philosopher,non_europe
922,Q548162,Yamamoto Tsunetomo,re_japan,Japan,1659.0,philosopher,non_europe
923,Q11366221,Nakane Genkei,re_japan,Japan,1662.0,musicologist,non_europe
924,Q12954243,Yoshisuke Matsunaga,re_japan,Japan,1690.0,mathematician,non_europe
925,Q3915605,Kurushima Kinai,re_japan,Japan,1650.0,mathematician,non_europe
926,Q384703,Musō Soseki,re_japan,Japan,1275.0,philosopher,non_europe
927,Q640808,Jinsai Itō,re_japan,Japan,1627.0,philosopher,non_europe
928,Q3148401,Ikeda Mitsumasa,re_japan,Japan,1609.0,philosopher,non_europe
929,Q1334955,Kada no Azumamaro,re_japan,Japan,1669.0,linguist,non_europe
930,Q1065728,Toju Nakae,re_japan,Japan,1608.0,philosopher,non_europe
931,Q1527039,Yoshida Mitsuyoshi,re_japan,Japan,1598.0,mathematician,non_europe
932,Q1362200,Toneri-shinnō,re_japan,Japan,676.0,historian,non_europe
933,Q3128831,Hayashi Ryūkō,re_japan,Japan,1681.0,philosopher,non_europe
934,Q318064,Dōgen,re_japan,Japan,1200.0,philosopher,non_europe
935,Q726163,Kambei Mori,re_japan,Japan,1600.0,mathematician,non_europe
936,Q705860,Anjirō,re_japan,Japan,1600.0,linguist,non_europe
937,Q662447,Takebe Katahiro,re_japan,Japan,1664.0,mathematician,non_europe
938,Q1721396,Kaibara Ekken,re_japan,Japan,1630.0,botanist | philosopher,non_europe
939,Q6565636,Yamazaki Ansai,re_japan,Japan,1619.0,philosopher,non_europe
940,Q222227,Kūkai,re_japan,Japan,774.0,linguist | philosopher,non_europe
941,Q11642302,Endō Moritoshi,re_japan,Japan,1669.0,astronomer,non_europe
942,Q655390,Fujiwara Seika,re_japan,Japan,1561.0,philosopher,non_europe
943,Q6538408,Isomura Yoshinori,re_japan,Japan,1650.0,mathematician,non_europe
944,Q63566583,Jinzan Tani,re_japan,Japan,1663.0,astronomer,non_europe
945,Q3128822,Hayashi Hōkō,re_japan,Japan,1644.0,philosopher,non_europe
946,Q11564289,Minamoto no Yoshiari,re_japan,Japan,845.0,historian,non_europe
947,Q1559382,Minamoto no Shitagō,re_japan,Japan,911.0,linguist,non_europe
948,Q1952005,Mukai Genshō,re_japan,Japan,1609.0,botanist,non_europe
949,Q11583182,Zhen Dexiu,re_chinese_world,Chinese world,1178.0,philosopher,non_europe
950,Q2912463,Zhao Mengjian,re_chinese_world,Chinese world,1199.0,historian,non_europe
951,Q6146198,Qian Qianyi,re_chinese_world,Chinese world,1582.0,historian,non_europe
952,Q371966,Feng Menglong,re_chinese_world,Chinese world,1574.0,historian,non_europe
953,Q712287,Jizang,re_chinese_world,Chinese world,549.0,philosopher,non_europe
954,Q15912473,Fan Zuyu,re_chinese_world,Chinese world,1041.0,historian,non_europe
955,Q197958,Zhou Daguan,re_chinese_world,Chinese world,1266.0,geographer,non_europe
956,Q558380,Cheng Yi,re_chinese_world,Chinese world,1033.0,philosopher,non_europe
957,Q1206650,Ma Duanlin,re_chinese_world,Chinese world,1245.0,historian,non_europe
958,Q713013,Song Lian,re_chinese_world,Chinese world,1310.0,historian,non_europe
959,Q4272132,Lü Zuqian,re_chinese_world,Chinese world,1137.0,historian,non_europe
960,Q319329,Wang Chong,re_chinese_world,Chinese world,27.0,astronomer | philosopher | meteorologist | mathematician,non_europe
961,Q699266,Zheng Qiao,re_chinese_world,Chinese world,1104.0,astronomer | historian,non_europe
962,Q36020,Su Shi,re_chinese_world,Chinese world,1037.0,historian,non_europe
963,Q14942746,Gao Panlong,re_chinese_world,Chinese world,1562.0,philosopher,non_europe
964,Q8011232,Wang Gen,re_chinese_world,Chinese world,1483.0,philosopher,non_europe
965,Q319618,Wang Anshi,re_chinese_world,Chinese world,1021.0,economist,non_europe
966,Q981888,Tao Hongjing,re_chinese_world,Chinese world,456.0,philosopher,non_europe
967,Q197206,Zhang Heng,re_chinese_world,Chinese world,78.0,philosopher | astronomer | mathematician | anthropologist | geographer,non_europe
968,Q697553,Ye Shi,re_chinese_world,Chinese world,1150.0,philosopher,non_europe
969,Q10425950,Tian Xi,re_chinese_world,Chinese world,940.0,historian,non_europe
970,Q187172,Bodhidharma,re_chinese_world,Chinese world,483.0,philosopher,non_europe
971,Q1914745,Mazu Daoyi,re_chinese_world,Chinese world,709.0,philosopher,non_europe
972,Q11042295,Qu Dajun,re_chinese_world,Chinese world,1630.0,geographer | historian,non_europe
973,Q1154748,Jin Shengtan,re_chinese_world,Chinese world,1610.0,philosopher,non_europe
974,Q1070259,Qiao Zhou,re_chinese_world,Chinese world,199.0,astronomer,non_europe
975,Q9397,Zhu Xi,re_chinese_world,Chinese world,1130.0,philosopher | historian,non_europe
976,Q420427,Xu Guangqi,re_chinese_world,Chinese world,1562.0,astronomer | mathematician,non_europe
977,Q699485,Liu Ji,re_chinese_world,Chinese world,1311.0,astronomer | philosopher | historian,non_europe
978,Q197172,Zhang Daoling,re_chinese_world,Chinese world,34.0,philosopher,non_europe
979,Q15927765,Fan Zhen,re_chinese_world,Chinese world,1007.0,historian,non_europe
980,Q45378990,Fei Shiyin,re_chinese_world,Chinese world,1160.0,historian,non_europe
981,Q15913733,Xichan Wang,re_chinese_world,Chinese world,1628.0,astronomer | mathematician,non_europe
982,Q706214,Zhang Dai,re_chinese_world,Chinese world,1597.0,historian,non_europe
983,Q3497131,Luo Hongxian,re_chinese_world,Chinese world,1504.0,geographer,non_europe
984,Q15888775,Zhongtong Fang,re_chinese_world,Chinese world,1634.0,mathematician,non_europe
985,Q712125,Yin Mo,re_chinese_world,Chinese world,101.0,philosopher,non_europe
986,Q11115066,Mei Juecheng,re_chinese_world,Chinese world,1681.0,mathematician,non_europe
987,Q1156713,He Yan,re_chinese_world,Chinese world,195.0,philosopher,non_europe
988,Q979653,Paramartha,re_chinese_world,Chinese world,499.0,philosopher,non_europe
989,Q21814440,Gu Yingxiang,re_chinese_world,Chinese world,1483.0,historian,non_europe
990,Q11080108,Wen Bing,re_chinese_world,Chinese world,1609.0,historian,non_europe
991,Q553678,Ge Hong,re_chinese_world,Chinese world,284.0,philosopher,non_europe
992,Q11147294,Hong Mai,re_chinese_world,Chinese world,1123.0,historian,non_europe
993,Q227444,Zu Chongzhi,re_chinese_world,Chinese world,429.0,astronomer | mathematician,non_europe
994,Q378462,Wang Yangming,re_chinese_world,Chinese world,1472.0,philosopher,non_europe
995,Q698817,Zhao Rukuo,re_chinese_world,Chinese world,1170.0,geographer | historian,non_europe
996,Q3274593,Wang Fan,re_chinese_world,Chinese world,228.0,astronomer | mathematician,non_europe
997,Q11094966,Heling Zhu,re_chinese_world,Chinese world,1606.0,philosopher,non_europe
998,Q1367171,Xu Xiake,re_chinese_world,Chinese world,1587.0,geographer,non_europe
999,Q345012,Huineng,re_chinese_world,Chinese world,638.0,philosopher,non_europe
1000,Q17040371,Zhao Youqin,re_chinese_world,Chinese world,1279.0,astronomer | mathematician,non_europe
1001,Q3573233,Yungton Dorje Pel,re_chinese_world,Chinese world,1284.0,philosopher,non_europe
1002,Q11109045,Zha Jizuo,re_chinese_world,Chinese world,1601.0,historian,non_europe
1003,Q5363752,Cheng Dawei,re_chinese_world,Chinese world,1533.0,mathematician,non_europe
1004,Q565225,Qin Jiushao,re_chinese_world,Chinese world,1208.0,meteorologist | mathematician,non_europe
1005,Q11067446,Zhang Xie,re_chinese_world,Chinese world,1574.0,geographer,non_europe
1006,Q45537230,Mao Qianqian,re_chinese_world,Chinese world,1653.0,astronomer | mathematician,non_europe
1007,Q10330338,Zhu Bian,re_chinese_world,Chinese world,1085.0,historian,non_europe
1008,Q707875,Fang Xiaoru,re_chinese_world,Chinese world,1357.0,historian,non_europe
1009,Q270085,Shen Kuo,re_chinese_world,Chinese world,1031.0,zoologist | physicist | philosopher | botanist | astronomer | meteorologist | mathematician | geologist | anthropologist | geographer | economist,non_europe
1010,Q334323,Ouyang Xiu,re_chinese_world,Chinese world,1007.0,philosopher | historian,non_europe
1011,Q11646955,Jin Lvxiang,re_chinese_world,Chinese world,1232.0,historian,non_europe
1012,Q574521,Yang Hui,re_chinese_world,Chinese world,1238.0,mathematician,non_europe
1013,Q626019,Araniko,re_chinese_world,Chinese world,1244.0,astronomer,non_europe
1014,Q11097372,Li Tao,re_chinese_world,Chinese world,1115.0,historian,non_europe
1015,Q553520,Yang Xiong,re_chinese_world,Chinese world,-52.0,linguist | philosopher,non_europe
1016,Q5071661,Chang Qu,re_chinese_world,Chinese world,291.0,historian,non_europe
1017,Q561165,Shen Yue,re_chinese_world,Chinese world,441.0,historian,non_europe
1018,Q2466384,Lu Jiuyuan,re_chinese_world,Chinese world,1139.0,philosopher,non_europe
1019,Q18812219,Qu Taisu,re_chinese_world,Chinese world,1549.0,mathematician,non_europe
1020,Q3051507,Hua He,re_chinese_world,Chinese world,219.0,historian,non_europe
1021,Q45691164,Qu Jiusi,re_chinese_world,Chinese world,1546.0,historian,non_europe
1022,Q6121590,Gu Xiancheng,re_chinese_world,Chinese world,1550.0,philosopher,non_europe
1023,Q1292321,Zhang Sixun,re_chinese_world,Chinese world,1050.0,astronomer,non_europe
1024,Q15449527,Chen Hongxu,re_chinese_world,Chinese world,1597.0,archeologist | historian,non_europe
1025,Q11089447,Yan Shu,re_chinese_world,Chinese world,991.0,historian,non_europe
1026,Q457972,Guan Zhong,re_chinese_world,Chinese world,-719.0,philosopher,non_europe
1027,Q11073410,Hui Dong,re_chinese_world,Chinese world,1697.0,philosopher,non_europe
1028,Q1387854,Desi Sangye Gyatso,re_chinese_world,Chinese world,1653.0,historian,non_europe
1029,Q1088063,Hua Sui,re_chinese_world,Chinese world,1439.0,historian,non_europe
1030,Q7267602,Qian Dehong,re_chinese_world,Chinese world,1496.0,philosopher,non_europe
1031,Q5950484,Xu Ai,re_chinese_world,Chinese world,1487.0,philosopher,non_europe
1032,Q31754,Huang Zongxi,re_chinese_world,Chinese world,1610.0,philosopher | historian,non_europe
1033,Q11095476,Li Guangdi,re_chinese_world,Chinese world,1642.0,philosopher,non_europe
1034,Q10543449,Lu Zhen,re_chinese_world,Chinese world,957.0,historian,non_europe
1035,Q714374,Wang Fuzhi,re_chinese_world,Chinese world,1619.0,philosopher | historian,non_europe
1036,Q626733,Fan Chengda,re_chinese_world,Chinese world,1126.0,geographer,non_europe
1037,Q515272,Rigdzin Tsewang Norbu,re_chinese_world,Chinese world,1698.0,historian,non_europe
1038,Q706837,Liu Yuxi,re_chinese_world,Chinese world,772.0,philosopher,non_europe
1039,Q16076318,Xu Dong,re_chinese_world,Chinese world,976.0,historian,non_europe
1040,Q3315279,Zheng Ruozeng,re_chinese_world,Chinese world,1503.0,geographer,non_europe
1041,Q12165238,Fang Yizhi,re_chinese_world,Chinese world,1611.0,linguist,non_europe
1042,Q30949294,Ouyang De,re_chinese_world,Chinese world,1496.0,philosopher,non_europe
1043,Q558192,Cheng Hao,re_chinese_world,Chinese world,1032.0,philosopher,non_europe
1044,Q4578350,Chen Hongmou,re_chinese_world,Chinese world,1696.0,philosopher,non_europe
1045,Q699303,Chen Di,re_chinese_world,Chinese world,1541.0,linguist,non_europe
1046,Q698177,Li Zhi,re_chinese_world,Chinese world,1527.0,philosopher,non_europe
1047,Q197778,Zhiyi,re_chinese_world,Chinese world,538.0,philosopher,non_europe
1048,Q1288620,Wen Tong,re_chinese_world,Chinese world,1018.0,historian,non_europe
1049,Q4501983,Hu Hong,re_chinese_world,Chinese world,1105.0,philosopher,non_europe
1050,Q537211,Dong Qichang,re_chinese_world,Chinese world,1555.0,art theorist,non_europe
1051,Q703776,Du Qiong,re_chinese_world,Chinese world,101.0,astronomer,non_europe
1052,Q6473698,Lai Zhide,re_chinese_world,Chinese world,1525.0,philosopher,non_europe
1053,Q15941622,Chen Ji,re_chinese_world,Chinese world,1363.0,historian,non_europe
1054,Q716389,Li Gonglin,re_chinese_world,Chinese world,1049.0,archeologist | anthropologist,non_europe
1055,Q379577,Marpa Chokyi Lodro,re_chinese_world,Chinese world,1012.0,philosopher,non_europe
1056,Q1195906,Gu Yanwu,re_chinese_world,Chinese world,1613.0,philosopher | astronomer | linguist | geographer | historian,non_europe
1057,Q12159927,Tao Zongyi,re_chinese_world,Chinese world,1329.0,historian,non_europe
1058,Q1265657,Su Song,re_chinese_world,Chinese world,1020.0,zoologist | philosopher | botanist | astronomer | mathematician | geographer,non_europe
1059,Q16260354,Wang Kentang,re_chinese_world,Chinese world,1549.0,historian,non_europe
1060,Q1268609,Wu Zixu,re_chinese_world,Chinese world,-525.0,philosopher,non_europe
1061,Q31765,Fan Zhen,re_chinese_world,Chinese world,450.0,philosopher,non_europe
1062,Q11094003,Zhu Yizun,re_chinese_world,Chinese world,1629.0,historian,non_europe
1063,Q947874,Gö Lotsawa Zhönnu-pel,re_chinese_world,Chinese world,1392.0,historian,non_europe
1064,Q265181,He Xinyin,re_chinese_world,Chinese world,1517.0,philosopher,non_europe
1065,Q1275360,Zeng Gong,re_chinese_world,Chinese world,1019.0,historian,non_europe
1066,Q4501976,Anguo Hu,re_chinese_world,Chinese world,1074.0,philosopher,non_europe
1067,Q1155951,Su Zhe,re_chinese_world,Chinese world,1039.0,philosopher | historian,non_europe
1068,Q15920149,Qian Tan,re_chinese_world,Chinese world,1594.0,historian,non_europe
1069,Q20048449,Xue Fengzuo,re_chinese_world,Chinese world,1600.0,astronomer | mathematician,non_europe
1070,Q698543,Chen Baisha,re_chinese_world,Chinese world,1428.0,philosopher,non_europe
1071,Q13553235,Zhan Ruoshui,re_chinese_world,Chinese world,1466.0,philosopher,non_europe
1072,Q6728564,Chu Jen,re_chinese_world,Chinese world,1361.0,historian,non_europe
1073,Q10897757,Liu Hong,re_chinese_world,Chinese world,130.0,astronomer | mathematician,non_europe
1074,Q11835,Manuel Dias,re_chinese_world,Chinese world,1574.0,astronomer,non_europe
1075,Q985731,Xu Jingzong,re_chinese_world,Chinese world,592.0,geographer,non_europe
1076,Q1207661,Shan Tao,re_chinese_world,Chinese world,205.0,philosopher,non_europe
1077,Q37151,Sun Tzu,re_chinese_world,Chinese world,-543.0,philosopher,non_europe
1078,Q16076832,Ma Xu,re_chinese_world,Chinese world,70.0,historian,non_europe
1079,Q15917614,Wei Liaoweng,re_chinese_world,Chinese world,1178.0,philosopher,non_europe
1080,Q5895740,Hong Zicheng,re_chinese_world,Chinese world,1593.0,philosopher,non_europe
1081,Q12159141,Xu Yue,re_chinese_world,Chinese world,160.0,astronomer | philosopher | mathematician,non_europe
1082,Q42063,Xuanzang,re_chinese_world,Chinese world,602.0,philosopher,non_europe
1083,Q7967473,Wang Jia,re_chinese_world,Chinese world,400.0,historian,non_europe
1084,Q8070452,Zhang Zhu,re_chinese_world,Chinese world,1287.0,historian,non_europe
1085,Q2638471,Wei Shou,re_chinese_world,Chinese world,506.0,historian,non_europe
1086,Q587037,Antoine Thomas,re_chinese_world,Chinese world,1644.0,astronomer | linguist | mathematician,non_europe
1087,Q6042323,Yi Kaizhan,re_chinese_world,Chinese world,1400.0,mathematician,non_europe
1088,Q233340,Matteo Ricci,re_chinese_world,Chinese world,1552.0,geographer | mathematician,non_europe
1089,Q3287200,Mao Yuanyi,re_chinese_world,Chinese world,1594.0,historian,non_europe
1090,Q713247,Yishiha,re_chinese_world,Chinese world,1409.0,geographer,non_europe
1091,Q28414458,Yang Huan,re_chinese_world,Chinese world,1234.0,linguist,non_europe
1092,Q1872767,Lu Zhonglian,re_chinese_world,Chinese world,-304.0,philosopher,non_europe
1093,Q710705,Yi Xing,re_chinese_world,Chinese world,683.0,astronomer | mathematician,non_europe
1094,Q1260120,Dromton Gyelwa Jungne,re_chinese_world,Chinese world,1008.0,theologian,non_europe
1095,Q563564,Mahmud al-Kashgari,re_chinese_world,Chinese world,1029.0,geographer | linguist,non_europe
1096,Q11097685,Li Fu,re_chinese_world,Chinese world,1673.0,philosopher,non_europe
1097,Q62575481,Su Ma,re_chinese_world,Chinese world,1621.0,historian,non_europe
1098,Q840344,He Chengtian,re_chinese_world,Chinese world,370.0,mathematician,non_europe
1099,Q6688486,Lazzaro Cattaneo,re_chinese_world,Chinese world,1560.0,linguist,non_europe
1100,Q11053630,Shi Cui,re_chinese_world,Chinese world,103.0,botanist,non_europe
1101,Q16260015,Ma Duo,re_chinese_world,Chinese world,1366.0,historian,non_europe
1102,Q47739,Zhuangzi,re_chinese_world,Chinese world,-368.0,philosopher,non_europe
1103,Q13634415,Fan Zhi,re_chinese_world,Chinese world,911.0,historian,non_europe
1104,Q711413,Pei Ju,re_chinese_world,Chinese world,547.0,geographer,non_europe
1105,Q1151004,Yan Yuan,re_chinese_world,Chinese world,1635.0,philosopher,non_europe
1106,Q11069736,Peng Shiwang,re_chinese_world,Chinese world,1610.0,historian,non_europe
1107,Q10417558,Wang Yi,re_chinese_world,Chinese world,1433.0,historian,non_europe
1108,Q16259886,Xiong Bolong,re_chinese_world,Chinese world,1617.0,philosopher,non_europe
1109,Q11665206,Gu Zuyu,re_chinese_world,Chinese world,1631.0,geographer,non_europe
1110,Q11611790,Wei Hu,re_chinese_world,Chinese world,1633.0,historian,non_europe
1111,Q716190,Li Kui,re_chinese_world,Chinese world,-500.0,philosopher,non_europe
1112,Q5372193,Xie Cheng,re_chinese_world,Chinese world,182.0,historian,non_europe
1113,Q1292375,Zu Gengzhi,re_chinese_world,Chinese world,480.0,mathematician,non_europe
1114,Q1194206,Huiyuan,re_chinese_world,Chinese world,334.0,philosopher,non_europe
1115,Q265470,Xavier Ehrenbert Fridelli,re_chinese_world,Chinese world,1673.0,geographer,non_europe
1116,Q12147676,Erdeni,re_chinese_world,Chinese world,1592.0,linguist,non_europe
1117,Q15903781,Huo Tao,re_chinese_world,Chinese world,1487.0,historian,non_europe
1118,Q580624,Cao Chong,re_chinese_world,Chinese world,196.0,physicist,non_europe
1119,Q33566,Sima Guang,re_chinese_world,Chinese world,1019.0,historian,non_europe
1120,Q2361499,Jean-François Gerbillon,re_chinese_world,Chinese world,1654.0,astronomer | mathematician,non_europe
1121,Q16259917,Xun Can,re_chinese_world,Chinese world,201.0,philosopher,non_europe
1122,Q45572545,Wang Kai,re_chinese_world,Chinese world,1317.0,historian,non_europe
1123,Q45645724,Zheng Gao,re_chinese_world,Chinese world,1486.0,historian,non_europe
1124,Q277386,Wang Xuance,re_chinese_world,Chinese world,700.0,historian,non_europe
1125,Q197295,Zhang Tingyu,re_chinese_world,Chinese world,1672.0,historian,non_europe
1126,Q11084989,Fang Bao,re_chinese_world,Chinese world,1668.0,philosopher,non_europe
1127,Q366120,Lü Buwei,re_chinese_world,Chinese world,-290.0,philosopher,non_europe
1128,Q45559414,Chen Lian,re_chinese_world,Chinese world,1370.0,historian,non_europe
1129,Q45702763,Gu Tianxi,re_chinese_world,Chinese world,1589.0,historian,non_europe
1130,Q198136,"Zhu Zaiyu, Prince of Zheng",re_chinese_world,Chinese world,1536.0,historian | astronomer | physicist | mathematician,non_europe
1131,Q28959,Han Fei Zi,re_chinese_world,Chinese world,-279.0,philosopher,non_europe
1132,Q2898749,Su Shunqin,re_chinese_world,Chinese world,1008.0,historian,non_europe
1133,Q713554,Wang Su,re_chinese_world,Chinese world,195.0,philosopher,non_europe
1134,Q736629,Guo Huai,re_chinese_world,Chinese world,187.0,historian,non_europe
1135,Q10542488,Zhao Fang,re_chinese_world,Chinese world,1319.0,historian,non_europe
1136,Q1291953,Guo Xiang,re_chinese_world,Chinese world,252.0,philosopher,non_europe
1137,Q864708,Gan Bao,re_chinese_world,Chinese world,201.0,historian,non_europe
1138,Q378277,Ferdinand Verbiest,re_chinese_world,Chinese world,1623.0,astronomer | mathematician,non_europe
1139,Q5192697,Cui Renshi,re_chinese_world,Chinese world,580.0,historian,non_europe
1140,Q1291946,Zhi Dun,re_chinese_world,Chinese world,314.0,philosopher,non_europe
1141,Q657368,Ma Rong,re_chinese_world,Chinese world,79.0,philosopher,non_europe
1142,Q1370440,Johann Schreck,re_chinese_world,Chinese world,1576.0,botanist | astronomer,non_europe
1143,Q312978,Faxian,re_chinese_world,Chinese world,340.0,historian,non_europe
1144,Q110945420,Shen Bingzhen,re_chinese_world,Chinese world,1679.0,historian,non_europe
1145,Q16078617,Gu Donggao,re_chinese_world,Chinese world,1679.0,historian,non_europe
1146,Q17164322,Chen Jian,re_chinese_world,Chinese world,1497.0,historian,non_europe
1147,Q11095891,Li Tianjing,re_chinese_world,Chinese world,1579.0,mathematician,non_europe
1148,Q843276,Ying Shao,re_chinese_world,Chinese world,140.0,linguist,non_europe
1149,Q986624,Jiao Yu,re_chinese_world,Chinese world,1350.0,philosopher,non_europe
1150,Q5433784,Fang Hui,re_chinese_world,Chinese world,1227.0,historian,non_europe
1151,Q704075,Mao Qiling,re_chinese_world,Chinese world,1623.0,philosopher | historian,non_europe
1152,Q380598,Sun Ce,re_chinese_world,Chinese world,175.0,philosopher,non_europe
1153,Q1632823,Huangbo Xiyun,re_chinese_world,Chinese world,800.0,philosopher,non_europe
1154,Q765572,Guo Pu,re_chinese_world,Chinese world,276.0,historian,non_europe
1155,Q716876,Chen Tuan,re_chinese_world,Chinese world,871.0,philosopher,non_europe
1156,Q10900149,Liu Xianting,re_chinese_world,Chinese world,1648.0,historian,non_europe
1157,Q45469545,Ma Gui,re_chinese_world,Chinese world,1394.0,historian,non_europe
1158,Q216072,Xunzi,re_chinese_world,Chinese world,-312.0,philosopher,non_europe
1159,Q10816714,Liu Zongzhou,re_chinese_world,Chinese world,1587.0,philosopher,non_europe
1160,Q5369940,Kong Yingda,re_chinese_world,Chinese world,574.0,philosopher,non_europe
1161,Q11353853,Wan Sitong,re_chinese_world,Chinese world,1638.0,historian,non_europe
1162,Q994515,Giacomo Rho,re_chinese_world,Chinese world,1592.0,astronomer | mathematician,non_europe
1163,Q15926393,Ma Wei,re_chinese_world,Chinese world,1621.0,historian,non_europe
1164,Q468712,Ji Kang,re_chinese_world,Chinese world,223.0,philosopher,non_europe
1165,Q16138226,Bei Qiong,re_chinese_world,Chinese world,1314.0,historian,non_europe
1166,Q316304,Liu Hui,re_chinese_world,Chinese world,225.0,mathematician,non_europe
1167,Q11054345,"Chi, Chün-tao",re_chinese_world,Chinese world,263.0,botanist,non_europe
1168,Q10910502,Wei Su,re_chinese_world,Chinese world,1303.0,historian,non_europe
1169,Q45416277,Qi Jiguang,re_chinese_world,Chinese world,1528.0,historian,non_europe
1170,Q559731,Xu Shen,re_chinese_world,Chinese world,58.0,linguist,non_europe
1171,Q10788251,Liu Xu,re_chinese_world,Chinese world,888.0,historian,non_europe
1172,Q197813,Zhong Hui,re_chinese_world,Chinese world,225.0,philosopher,non_europe
1173,Q95369,Ignaz Kögler,re_chinese_world,Chinese world,1680.0,astronomer,non_europe
1174,Q10944085,Bu Shang,re_chinese_world,Chinese world,-506.0,philosopher,non_europe
1175,Q15934970,Wang Wei,re_chinese_world,Chinese world,1322.0,historian,non_europe
1176,Q1185798,Chao Cuo,re_chinese_world,Chinese world,-199.0,philosopher,non_europe
1177,Q378356,Wei Zheng,re_chinese_world,Chinese world,580.0,philosopher | historian,non_europe
1178,Q45613140,Yang Lian,re_chinese_world,Chinese world,1452.0,astronomer | mathematician,non_europe
1179,Q8071112,Zhu Guozhen,re_chinese_world,Chinese world,1557.0,historian,non_europe
1180,Q1243676,Martino Martini,re_chinese_world,Chinese world,1614.0,geographer | historian,non_europe
1181,Q152919,Li Si,re_chinese_world,Chinese world,-279.0,philosopher,non_europe
1182,Q17163746,Wan Jing,re_chinese_world,Chinese world,1659.0,historian,non_europe
1183,Q197338,Zhang Zai,re_chinese_world,Chinese world,1020.0,philosopher,non_europe
1184,Q11067613,Zhang Cang,re_chinese_world,Chinese world,-252.0,mathematician,non_europe
1185,Q1049563,Lodovico Buglio,re_chinese_world,Chinese world,1606.0,mathematician,non_europe
1186,Q736647,Fang Xuanling,re_chinese_world,Chinese world,578.0,historian,non_europe
1187,Q45414781,Feng Zizhen,re_chinese_world,Chinese world,1257.0,historian,non_europe
1188,Q698925,Li Shizhen,re_chinese_world,Chinese world,1517.0,botanist,non_europe
1189,Q4587779,Yang Guangxian,re_chinese_world,Chinese world,1597.0,astronomer,non_europe
1190,Q733082,Guo Shoujing,re_chinese_world,Chinese world,1231.0,astronomer | mathematician,non_europe
1191,Q724293,Sengzhao,re_chinese_world,Chinese world,384.0,philosopher,non_europe
1192,Q45648447,Zheng Qi,re_chinese_world,Chinese world,1428.0,historian,non_europe
1193,Q9372,Sima Qian,re_chinese_world,Chinese world,-144.0,astronomer | philosopher | historian | mathematician,non_europe
1194,Q7967402,Wang Daiyu,re_chinese_world,Chinese world,1600.0,philosopher,non_europe
1195,Q1147782,Xiang Xiu,re_chinese_world,Chinese world,250.0,philosopher,non_europe
1196,Q118467,Nicolas Fiva,re_chinese_world,Chinese world,1609.0,theologian | mathematician,non_europe
1197,Q13424361,Liu Zhi,re_chinese_world,Chinese world,1669.0,philosopher,non_europe
1198,Q11125626,Yin Shidan,re_chinese_world,Chinese world,1522.0,historian,non_europe
1199,Q45602254,Tang Su,re_chinese_world,Chinese world,1331.0,historian,non_europe
1200,Q4604,Confucius,re_chinese_world,Chinese world,-550.0,philosopher,non_europe
1201,Q5049015,Caspar Castner,re_chinese_world,Chinese world,1655.0,geographer | astronomer | mathematician,non_europe
1202,Q45369541,Bo Ting,re_chinese_world,Chinese world,1248.0,historian,non_europe
1203,Q4385580,Pei Wei (Jin dynasty),re_chinese_world,Chinese world,267.0,philosopher,non_europe
1204,Q3508627,Karel Slavíček,re_chinese_world,Chinese world,1678.0,astronomer | linguist | mathematician | musicologist,non_europe
1205,Q218900,Shi Shen,re_chinese_world,Chinese world,-400.0,astronomer,non_europe
1206,Q2401828,Sima Tan,re_chinese_world,Chinese world,-164.0,historian,non_europe
1207,Q10918606,Wu Renchen,re_chinese_world,Chinese world,1628.0,historian | mathematician,non_europe
1208,Q15912341,Wang Dan,re_chinese_world,Chinese world,957.0,historian,non_europe
1209,Q10945451,Sun Yuanhua,re_chinese_world,Chinese world,1582.0,mathematician,non_europe
1210,Q8059959,Yu Qin,re_chinese_world,Chinese world,1284.0,geographer,non_europe
1211,Q2856647,Fu Sheng,re_chinese_world,Chinese world,-267.0,philosopher,non_europe
1212,Q4260681,Li Gong,re_chinese_world,Chinese world,1659.0,historian,non_europe
1213,Q559421,Shen Buhai,re_chinese_world,Chinese world,-384.0,philosopher,non_europe
1214,Q5946443,Luo Rufang,re_chinese_world,Chinese world,1515.0,philosopher,non_europe
1215,Q2372474,Tang Zhen,re_chinese_world,Chinese world,1630.0,philosopher,non_europe
1216,Q4515473,Zhao Mingcheng,re_chinese_world,Chinese world,1081.0,historian,non_europe
1217,Q712581,Li Chunfeng,re_chinese_world,Chinese world,602.0,astronomer | historian | mathematician,non_europe
1218,Q704525,Liu An,re_chinese_world,Chinese world,-178.0,geographer,non_europe
1219,Q15946543,Pan Chengzhang,re_chinese_world,Chinese world,1626.0,historian,non_europe
1220,Q15932258,Wu Chen,re_chinese_world,Chinese world,1323.0,historian,non_europe
1221,Q11118543,Yang Chun,re_chinese_world,Chinese world,1675.0,historian,non_europe
1222,Q453449,Liu Xin,re_chinese_world,Chinese world,-49.0,astronomer | philosopher | historian | mathematician,non_europe
1223,Q2655284,Toqto'a,re_chinese_world,Chinese world,1314.0,historian,non_europe
1224,Q17130836,Claudio Filippo Grimaldi,re_chinese_world,Chinese world,1638.0,astronomer | mathematician,non_europe
1225,Q551391,Zhu Siben,re_chinese_world,Chinese world,1273.0,geographer,non_europe
1226,Q301650,Jia Yi,re_chinese_world,Chinese world,-199.0,philosopher,non_europe
1227,Q11093738,Zhu Shan,re_chinese_world,Chinese world,1340.0,historian,non_europe
1228,Q445626,Dong Zhongshu,re_chinese_world,Chinese world,-178.0,philosopher,non_europe
1229,Q721420,Hu Sansheng,re_chinese_world,Chinese world,1230.0,historian,non_europe
1230,Q94790915,Kaspar Castner,re_chinese_world,Chinese world,1665.0,philosopher | mathematician,non_europe
1231,Q3256864,Liu Yiqing,re_chinese_world,Chinese world,403.0,historian,non_europe
1232,Q15919171,Chen Houyao,re_chinese_world,Chinese world,1648.0,mathematician,non_europe
1233,Q11980612,Kilian Stumpf,re_chinese_world,Chinese world,1655.0,astronomer,non_europe
1234,Q736726,Emperor Wu of Liang,re_chinese_world,Chinese world,464.0,philosopher,non_europe
1235,Q9333,Laozi,re_chinese_world,Chinese world,-579.0,philosopher,non_europe
1236,Q981193,Sun Simiao,re_chinese_world,Chinese world,581.0,philosopher,non_europe
1237,Q20611787,Sagan Setsen,re_chinese_world,Chinese world,1604.0,historian,non_europe
1238,Q716369,Jia Dan,re_chinese_world,Chinese world,730.0,geographer,non_europe
1239,Q11567603,Jiao Hong,re_chinese_world,Chinese world,1540.0,philosopher | historian,non_europe
1240,Q5484029,Francisco Varo,re_chinese_world,Chinese world,1627.0,linguist,non_europe
1241,Q537727,Ban Biao,re_chinese_world,Chinese world,3.0,historian,non_europe
1242,Q253490,Li Fang,re_chinese_world,Chinese world,925.0,historian,non_europe
1243,Q24837460,Wang Xing,re_chinese_world,Chinese world,1331.0,historian,non_europe
1244,Q845669,Xu Heng,re_chinese_world,Chinese world,1209.0,philosopher,non_europe
1245,Q5945163,Zhao Buzhi,re_chinese_world,Chinese world,1053.0,philosopher,non_europe
1246,Q8044361,Xie Daoyun,re_chinese_world,Chinese world,349.0,philosopher,non_europe
1247,Q197962,Zhou Dunyi,re_chinese_world,Chinese world,1017.0,philosopher,non_europe
1248,Q45488589,Hu Shen,re_chinese_world,Chinese world,1315.0,historian,non_europe
1249,Q710078,Pei Songzhi,re_chinese_world,Chinese world,372.0,historian,non_europe
1250,Q11114865,Mei Wending,re_chinese_world,Chinese world,1633.0,astronomer | mathematician,non_europe
1251,Q1349949,Fazang,re_chinese_world,Chinese world,643.0,philosopher,non_europe
1252,Q45665755,Liu Heng,re_chinese_world,Chinese world,1358.0,historian,non_europe
1253,Q10514369,Yu Xi,re_chinese_world,Chinese world,281.0,astronomer,non_europe
1254,Q4294055,Minggatu,re_chinese_world,Chinese world,1692.0,astronomer | mathematician,non_europe
1255,Q9452128,Chenweng Liu,re_chinese_world,Chinese world,1232.0,historian,non_europe
1256,Q594971,Yuan Hong,re_chinese_world,Chinese world,328.0,historian,non_europe
1257,Q323439,Tsongkhapa Lobzang Drakpa,re_chinese_world,Chinese world,1357.0,philosopher,non_europe
1258,Q177081,Ban Zhao,re_chinese_world,Chinese world,45.0,philosopher | historian,non_europe
1259,Q722288,Shao Yong,re_chinese_world,Chinese world,1012.0,philosopher | historian,non_europe
1260,Q11066587,Zhang Yanghao,re_chinese_world,Chinese world,1270.0,philosopher,non_europe
1261,Q16075563,Chen Jingyun,re_chinese_world,Chinese world,1670.0,historian,non_europe
1262,Q403757,Gan De,re_chinese_world,Chinese world,-400.0,astronomer,non_europe
1263,Q836027,Lü Liuliang,re_chinese_world,Chinese world,1629.0,philosopher,non_europe
1264,Q3369486,Huang Daozhou,re_chinese_world,Chinese world,1585.0,astronomer,non_europe
1265,Q45427495,Zheng Wenkang,re_chinese_world,Chinese world,1413.0,historian,non_europe
1266,Q985861,Wu Cheng,re_chinese_world,Chinese world,1249.0,philosopher,non_europe
1267,Q10924410,Yan Yan,re_chinese_world,Chinese world,1575.0,historian,non_europe
1268,Q11631202,Xu Fuyuan,re_chinese_world,Chinese world,1535.0,philosopher,non_europe
1269,Q2707504,Giulio Alenio,re_chinese_world,Chinese world,1582.0,astronomer | historian,non_europe
1270,Q1275708,Xue Juzheng,re_chinese_world,Chinese world,912.0,historian,non_europe
1271,Q5291163,Dominique Parrenin,re_chinese_world,Chinese world,1665.0,geographer | anatomist,non_europe
1272,Q1131375,Huan Tan,re_chinese_world,Chinese world,-39.0,philosopher,non_europe
1273,Q459865,Wang Bi,re_chinese_world,Chinese world,226.0,philosopher,non_europe
1274,Q45499308,Liang Ji,re_chinese_world,Chinese world,1518.0,historian,non_europe
1275,Q439681,Ban Gu,re_chinese_world,Chinese world,32.0,historian,non_europe
1276,Q8666,Toghon Temür,re_chinese_world,Chinese world,1320.0,astronomer,non_europe
1277,Q8050738,Ye Chunji,re_chinese_world,Chinese world,1532.0,geographer,non_europe
1278,Q7129670,Pan Pingge,re_chinese_world,Chinese world,1610.0,philosopher,non_europe
1279,Q6578208,Sun Ch'i-feng,re_chinese_world,Chinese world,1583.0,philosopher,non_europe
1280,Q11136454,Kekuan Wang,re_chinese_world,Chinese world,1301.0,historian,non_europe
1281,Q2949846,Wang Chen,re_chinese_world,Chinese world,250.0,historian,non_europe
1282,Q45461060,Tang Zhida,re_chinese_world,Chinese world,1515.0,historian,non_europe
1283,Q351345,Shang Yang,re_chinese_world,Chinese world,-389.0,philosopher,non_europe
1284,Q45468001,Wu Yan,re_chinese_world,Chinese world,1624.0,historian,non_europe
1285,Q45536040,Shang Wen,re_chinese_world,Chinese world,1236.0,historian,non_europe
1286,Q9621698,Wu Yubi,re_chinese_world,Chinese world,1391.0,philosopher,non_europe
1287,Q45668827,Liu Ruoyu,re_chinese_world,Chinese world,1584.0,historian,non_europe
1288,Q1822759,Daosheng,re_chinese_world,Chinese world,355.0,philosopher,non_europe
1289,Q76732,Johann Adam Schall von Bell,re_chinese_world,Chinese world,1592.0,astronomer | mathematician,non_europe
1290,Q16260817,Hu Tianyou,re_chinese_world,Chinese world,1696.0,astronomer,non_europe
1291,Q714270,Zhang Yanyuan,re_chinese_world,Chinese world,815.0,historian,non_europe
1292,Q700284,Li Ao,re_chinese_world,Chinese world,772.0,philosopher,non_europe
1293,Q6149510,Jan Mikołaj Smogulecki,re_chinese_world,Chinese world,1610.0,astronomer | philosopher | mathematician,non_europe
1294,Q1066734,Li Yiji,re_chinese_world,Chinese world,-267.0,philosopher,non_europe
1295,Q706832,Liu Ling,re_chinese_world,Chinese world,221.0,philosopher,non_europe
1296,Q8059993,Yu Yonghe,re_chinese_world,Chinese world,1645.0,historian,non_europe
1297,Q290825,Wang Fu,re_chinese_world,Chinese world,78.0,philosopher,non_europe
1298,Q1069914,Lu You,re_chinese_world,Chinese world,1125.0,historian,non_europe
1299,Q37733946,Liu Hong,re_chinese_world,Chinese world,129.0,astronomer,non_europe
1300,Q197649,Zheng Xuan,re_chinese_world,Chinese world,127.0,philosopher,non_europe
1301,Q465282,Liu Xiang,re_chinese_world,Chinese world,-76.0,astronomer | philosopher | historian,non_europe
1302,Q318998,Han Yu,re_chinese_world,Chinese world,768.0,philosopher | historian,non_europe
1303,Q45567964,Fu Guan,re_chinese_world,Chinese world,1443.0,astronomer | historian,non_europe
1304,Q45592248,Hu Lian,re_chinese_world,Chinese world,1327.0,historian,non_europe
1305,Q10864302,Ding Xian,re_chinese_world,Chinese world,1358.0,historian,non_europe
1306,Q45563612,Chen Guan,re_chinese_world,Chinese world,1367.0,historian,non_europe
1307,Q11632916,Gu Yingtai,re_chinese_world,Chinese world,1620.0,historian,non_europe
1308,Q45412996,Zhang Shu,re_chinese_world,Chinese world,1292.0,historian,non_europe
1309,Q1852031,Cui Hong,re_chinese_world,Chinese world,470.0,historian,non_europe
1310,Q11618050,Xun Yue,re_chinese_world,Chinese world,148.0,philosopher,non_europe
1311,Q142683,Ruan Ji,re_chinese_world,Chinese world,210.0,philosopher,non_europe
1312,Q707702,Cai Yong,re_chinese_world,Chinese world,133.0,astronomer | historian,non_europe
1313,Q2984064,Lie Yukou,re_chinese_world,Chinese world,-449.0,philosopher,non_europe
1314,Q45414461,Ma Zhongxin,re_chinese_world,Chinese world,1260.0,historian,non_europe
1315,Q45708930,Qian Jideng,re_chinese_world,Chinese world,1594.0,historian,non_europe
1316,Q15931995,Han Bangqi,re_chinese_world,Chinese world,1479.0,astronomer | historian,non_europe
1317,Q197286,Zhang Sanfeng,re_chinese_world,Chinese world,1200.0,philosopher,non_europe
1318,Q845480,Yan Ruoqu,re_chinese_world,Chinese world,1636.0,geographer | philosopher | mathematician,non_europe
1319,Q586221,Antoine Gaubil,re_chinese_world,Chinese world,1689.0,astronomer | linguist | mathematician,non_europe
1320,Q11138243,Shen Tu,re_chinese_world,Chinese world,1357.0,historian,non_europe
1321,Q17163779,Wan Yan,re_chinese_world,Chinese world,1637.0,historian,non_europe
1322,Q740373,Fan Ye,re_chinese_world,Chinese world,398.0,historian,non_europe
1323,Q31758,Han Huang,re_chinese_world,Chinese world,723.0,economist,non_europe
1324,Q61466099,Chun Chen,re_chinese_world,Chinese world,1159.0,philosopher,non_europe
1325,Q45585703,Xia Zhirong,re_chinese_world,Chinese world,1697.0,historian,non_europe
1326,Q334090,Sun Bin,re_chinese_world,Chinese world,-400.0,philosopher,non_europe
1327,Q10565611,Chen Que,re_chinese_world,Chinese world,1604.0,philosopher,non_europe
1328,Q706887,Pei Xiu,re_chinese_world,Chinese world,224.0,geographer,non_europe
1329,Q6538730,Li Daoyuan,re_chinese_world,Chinese world,401.0,geographer,non_europe
1330,Q6650143,Li Ze,re_chinese_world,Chinese world,1260.0,historian,non_europe
1331,Q716964,Li Ye,re_chinese_world,Chinese world,1192.0,mathematician,non_europe
1332,Q11176038,Shulin Huang,re_chinese_world,Chinese world,1672.0,historian,non_europe
1333,Q3088895,Joachim Bouvet,re_chinese_world,Chinese world,1656.0,geographer | mathematician,non_europe
1334,Q715480,Jing Fang,re_chinese_world,Chinese world,-77.0,musicologist | astronomer | mathematician,non_europe
1335,Q15912883,Luo Furen,re_chinese_world,Chinese world,1298.0,astronomer,non_europe
1336,Q267350,Michał Boym,re_chinese_world,Chinese world,1612.0,linguist | botanist,non_europe
1337,Q198126,Zhu Shijie,re_chinese_world,Chinese world,1249.0,mathematician,non_europe
1338,Q468890,Chen Shou,re_chinese_world,Chinese world,233.0,historian,non_europe
1339,Q2501012,Joseph-Anne-Marie de Moyriac de Mailla,re_chinese_world,Chinese world,1669.0,geographer | linguist | historian,non_europe
1340,Q45593337,Wang Da,re_chinese_world,Chinese world,1333.0,historian,non_europe
1341,Q7876210,U Kala,re_south_east_asia,South East Asia,1678.0,historian,non_europe
1342,Q5483466,Francisco Ignacio Alcina,re_south_east_asia,South East Asia,1610.0,theologian | historian,non_europe
1343,Q3814009,Manuel Godinho de Erédia,re_south_east_asia,South East Asia,1563.0,geographer,non_europe
1344,Q713224,Trần Thái Tông,re_south_east_asia,South East Asia,1218.0,philosopher,non_europe
1345,Q28503447,Gaspar de San Agustín,re_south_east_asia,South East Asia,1650.0,historian,non_europe
1346,Q380415,Anthony van Diemen,re_south_east_asia,South East Asia,1593.0,economist,non_europe
1347,Q18511413,Pablo Clain,re_south_east_asia,South East Asia,1652.0,botanist | astronomer | philosopher | linguist,non_europe
1348,Q3262434,Louis Laneau,re_south_east_asia,South East Asia,1637.0,theologian,non_europe
1349,Q961926,Pieter Dirkszoon Keyser,re_south_east_asia,South East Asia,1540.0,geographer | astronomer,non_europe
1350,Q972307,Willem ten Rhijne,re_south_east_asia,South East Asia,1647.0,botanist,non_europe
1351,Q6951228,Mạc Đĩnh Chi,re_south_east_asia,South East Asia,1272.0,philosopher,non_europe
1352,Q5315885,Duong Van An,re_south_east_asia,South East Asia,1514.0,historian,non_europe
1353,Q60215,Bernhardus Varenius,re_south_east_asia,South East Asia,1622.0,geographer,non_europe
1354,Q1673469,Isaac de l'Ostal de Saint-Martin,re_south_east_asia,South East Asia,1629.0,botanist,non_europe
1355,Q77821,Andreas Cleyer,re_south_east_asia,South East Asia,1634.0,botanist,non_europe
1356,Q1155893,Chu Văn An,re_south_east_asia,South East Asia,1292.0,philosopher,non_europe
1357,Q1111882,Le Van Huu,re_south_east_asia,South East Asia,1230.0,historian,non_europe
1358,Q3707182,Diego Aduarte,re_south_east_asia,South East Asia,1570.0,historian,non_europe
1359,Q3210967,Phan Phu Tiên,re_south_east_asia,South East Asia,1370.0,historian,non_europe
1360,Q557726,Chu Suiliang,re_south_east_asia,South East Asia,597.0,historian,non_europe
1361,Q3210944,Vũ Quỳnh,re_south_east_asia,South East Asia,1452.0,historian,non_europe
1362,Q7159521,Pedro Chirino,re_south_east_asia,South East Asia,1557.0,historian,non_europe
1363,Q3210938,Phạm Công Trứ,re_south_east_asia,South East Asia,1600.0,historian,non_europe
1364,Q2676510,Johannes Klencke,re_south_east_asia,South East Asia,1618.0,philosopher,non_europe
1365,Q726381,Jacobus Bontius,re_south_east_asia,South East Asia,1592.0,anatomist,non_europe
1366,Q552049,Georg Joseph Kamel,re_south_east_asia,South East Asia,1661.0,botanist | zoologist,non_europe
1367,Q1347181,Nguyen Trai,re_south_east_asia,South East Asia,1380.0,philosopher,non_europe
1368,Q716585,Ngô Sĩ Liên,re_south_east_asia,South East Asia,1400.0,historian,non_europe
1369,Q96711604,Jean Richaud,re_indian_world,Indian world,1633.0,astronomer,non_europe
1370,Q1413989,Filippo Sassetti,re_indian_world,Indian world,1540.0,linguist,non_europe
1371,Q320619,Abhinavagupta,re_indian_world,Indian world,950.0,philosopher,non_europe
1372,Q320142,Śāriputra,re_indian_world,Indian world,-567.0,philosopher,non_europe
1373,Q2733487,Ali Hujwiri,re_indian_world,Indian world,1009.0,theologian,non_europe
1374,Q3964661,Somananda,re_indian_world,Indian world,875.0,philosopher,non_europe
1375,Q27263305,Muḥammad ibn Abī Bakr Damāmīnī,re_indian_world,Indian world,1362.0,linguist,non_europe
1376,Q316343,Vasubandhu,re_indian_world,Indian world,300.0,philosopher,non_europe
1377,Q774847,Kumārila Bhaṭṭa,re_indian_world,Indian world,700.0,linguist | philosopher,non_europe
1378,Q2723463,Hemachandra,re_indian_world,Indian world,1089.0,philosopher | historian | mathematician,non_europe
1379,Q6406918,Taleb Amoli,re_indian_world,Indian world,1585.0,mathematician,non_europe
1380,Q202943,Brahmagupta,re_indian_world,Indian world,590.0,astronomer | mathematician,non_europe
1381,Q334752,Abu'l-Fazl ibn Mubarak,re_indian_world,Indian world,1551.0,historian,non_europe
1382,Q4860674,Bari Imam,re_indian_world,Indian world,1617.0,theologian,non_europe
1383,Q11359,Aryabhata,re_indian_world,Indian world,476.0,astronomer | mathematician,non_europe
1384,Q4112614,Visvanatha Chakravarti,re_indian_world,Indian world,1626.0,theologian,non_europe
1385,Q6785680,Masum Shah,re_indian_world,Indian world,1538.0,historian,non_europe
1386,Q3080648,Mirza Muhammad Haidar Dughlat,re_indian_world,Indian world,1499.0,historian,non_europe
1387,Q665235,Gaspar Correia,re_indian_world,Indian world,1496.0,historian,non_europe
1388,Q2484904,Utpaladeva,re_indian_world,Indian world,900.0,philosopher,non_europe
1389,Q31829842,Hazrat Shah Makhdum,re_indian_world,Indian world,1216.0,theologian,non_europe
1390,Q335247,Buddhaghosa,re_indian_world,Indian world,401.0,philosopher,non_europe
1391,Q774062,Philippe Couplet,re_indian_world,Indian world,1623.0,historian,non_europe
1392,Q2672093,Ramananda,re_indian_world,Indian world,1400.0,philosopher,non_europe
1393,Q1137118,Diogo do Couto,re_indian_world,Indian world,1542.0,historian,non_europe
1394,Q5313951,Dumont de Montigny,re_indian_world,Indian world,1696.0,historian,non_europe
1395,Q312976,Tulsidas,re_indian_world,Indian world,1532.0,philosopher,non_europe
1396,Q2478699,Sanatana Goswami,re_indian_world,Indian world,1488.0,theologian,non_europe
1397,Q20397982,Qutb ad-Din an-Nahrawali,re_indian_world,Indian world,1511.0,historian,non_europe
1398,Q207817,Amir Khosrow,re_indian_world,Indian world,1253.0,philosopher,non_europe
1399,Q892489,Francesco della Penna,re_indian_world,Indian world,1680.0,linguist,non_europe
1400,Q3351571,Bulleh Shah,re_indian_world,Indian world,1680.0,philosopher,non_europe
1401,Q560066,Roberto de Nobili,re_indian_world,Indian world,1577.0,linguist,non_europe
1402,Q3633981,Dadu Dayal,re_indian_world,Indian world,1544.0,philosopher,non_europe
1403,Q3160832,Guru Jambheshwar,re_indian_world,Indian world,1451.0,philosopher,non_europe
1404,Q231680,Patanjali,re_indian_world,Indian world,-199.0,linguist | philosopher | mathematician,non_europe
1405,Q2269861,Mahāvīra,re_indian_world,Indian world,900.0,mathematician,non_europe
1406,Q3200157,Kshemaraja,re_indian_world,Indian world,975.0,philosopher,non_europe
1407,Q3525596,Thomas Stephens,re_indian_world,Indian world,1549.0,linguist,non_europe
1408,Q2977486,Muhammad Khwandamir,re_indian_world,Indian world,1475.0,historian,non_europe
1409,Q2493613,Ahmad Sirhindi,re_indian_world,Indian world,1564.0,theologian,non_europe
1410,Q4832251,Azar Kayvan,re_indian_world,Indian world,1501.0,philosopher,non_europe
1411,Q379905,Asanga,re_indian_world,Indian world,300.0,philosopher,non_europe
1412,Q824771,Bernhard Bischopinck,re_indian_world,Indian world,1692.0,theologian,non_europe
1413,Q6739386,Makhdoom Muhammad Hashim Thattvi,re_indian_world,Indian world,1692.0,theologian,non_europe
1414,Q534142,Anthony de Montserrat,re_indian_world,Indian world,1536.0,geographer,non_europe
1415,Q312551,Kabir,re_indian_world,Indian world,1440.0,philosopher,non_europe
1416,Q189725,Panini,re_indian_world,Indian world,-500.0,linguist,non_europe
1417,Q1557587,Guy Tachard,re_indian_world,Indian world,1648.0,mathematician,non_europe
1418,Q312967,Guru Gobind Singh,re_indian_world,Indian world,1666.0,philosopher,non_europe
1419,Q7487700,Shams ud Daula Shah Nawaz Khan,re_indian_world,Indian world,1700.0,historian,non_europe
1420,Q16209128,Makhdoom Bilawal,re_indian_world,Indian world,1451.0,philosopher,non_europe
1421,Q1029392,Claude de Visdelou,re_indian_world,Indian world,1656.0,mathematician,non_europe
1422,Q1493994,Garcia de Orta,re_indian_world,Indian world,1501.0,botanist,non_europe
1423,Q26223000,Makhdoom Sharfuddin Ahmed Yahya Maneri,re_indian_world,Indian world,1263.0,philosopher,non_europe
1424,Q9045,Chanakya,re_indian_world,Indian world,-374.0,philosopher | economist,non_europe
1425,Q4387084,Raghunatha Siromani,re_indian_world,Indian world,1477.0,philosopher,non_europe
1426,Q858348,Varāhamihira,re_indian_world,Indian world,505.0,astronomer | mathematician,non_europe
1427,Q2066944,Svātmārāma,re_indian_world,Indian world,1400.0,philosopher,non_europe
1428,Q2785614,Albert d'Orville,re_indian_world,Indian world,1621.0,geographer,non_europe
1429,Q1344635,Niccolao Manucci,re_indian_world,Indian world,1639.0,historian,non_europe
1430,Q3629943,`Abd al-Qadir Bada'uni,re_indian_world,Indian world,1540.0,linguist | historian,non_europe
1431,Q2511208,Vasugupta,re_indian_world,Indian world,860.0,philosopher,non_europe
1432,Q15131538,Maheśvarānanda,re_indian_world,Indian world,1201.0,philosopher,non_europe
1433,Q2639769,Shri Guru Ravidass,re_indian_world,Indian world,1450.0,philosopher,non_europe
1434,Q140584,Muhammad Aufi,re_indian_world,Indian world,1171.0,historian,non_europe
1435,Q553722,Śāntarakṣita,re_indian_world,Indian world,725.0,philosopher,non_europe
1436,Q9422,Mahavira,re_indian_world,Indian world,-539.0,philosopher,non_europe
1437,Q2041521,Gulbadan Begum,re_indian_world,Indian world,1523.0,historian,non_europe
1438,Q6934061,Mulla Mahmud Jaunpuri,re_indian_world,Indian world,1585.0,astronomer | philosopher,non_europe
1439,Q2551244,Anandavardhana,re_indian_world,Indian world,820.0,philosopher,non_europe
1440,Q115590,Madhava of Sangamagrama,re_indian_world,Indian world,1350.0,astronomer | mathematician,non_europe
1441,Q2357643,Brahmadeva,re_indian_world,Indian world,1060.0,astronomer | mathematician,non_europe
1442,Q2548030,Nilakantha Somayaji,re_indian_world,Indian world,1444.0,astronomer | mathematician,non_europe
1443,Q3524867,Bhadrabahu,re_indian_world,Indian world,-366.0,philosopher,non_europe
1444,Q3595804,Achyutananda Dasa,re_indian_world,Indian world,1510.0,philosopher,non_europe
1445,Q3595700,Vararuchi,re_indian_world,Indian world,-250.0,linguist | mathematician,non_europe
1446,Q153187,Ajita Kesakambali,re_indian_world,Indian world,-500.0,philosopher,non_europe
1447,Q335371,Madhvacharya,re_indian_world,Indian world,1238.0,philosopher,non_europe
1448,Q94172306,Narayanacharya,re_indian_world,Indian world,1600.0,philosopher,non_europe
1449,Q66428184,Satyanidhi Tirtha,re_indian_world,Indian world,1580.0,philosopher,non_europe
1450,Q4387083,Raghunatha Bhatta Goswami,re_indian_world,Indian world,1505.0,theologian,non_europe
1451,Q2350157,Purandara Dasa,re_indian_world,Indian world,1484.0,philosopher,non_europe
1452,Q1033695,Dnyaneshwar,re_indian_world,Indian world,1275.0,philosopher,non_europe
1453,Q45740313,Shridhar Swami Nazarekar,re_indian_world,Indian world,1658.0,philosopher,non_europe
1454,Q6936683,Munishvara,re_indian_world,Indian world,1650.0,mathematician,non_europe
1455,Q66183627,Satyanatha Tirtha,re_indian_world,Indian world,1648.0,philosopher,non_europe
1456,Q13111845,Govinda Bhattathiri,re_indian_world,Indian world,1237.0,astronomer,non_europe
1457,Q2075639,Yamunacharya,re_indian_world,Indian world,950.0,philosopher,non_europe
1458,Q3595755,Jyeṣṭhadeva,re_indian_world,Indian world,1500.0,astronomer | mathematician,non_europe
1459,Q891045,Parameshvara,re_indian_world,Indian world,1370.0,astronomer | mathematician,non_europe
1460,Q6150791,Janardanswamy,re_indian_world,Indian world,1504.0,philosopher,non_europe
1461,Q2655917,Jiva Goswami,re_indian_world,Indian world,1511.0,linguist,non_europe
1462,Q171195,Nāgārjuna,re_indian_world,Indian world,150.0,philosopher,non_europe
1463,Q558272,Dignāga,re_indian_world,Indian world,480.0,philosopher,non_europe
1464,Q1741798,Ramanuja,re_indian_world,Indian world,1017.0,theologian | philosopher,non_europe
1465,Q3530291,Vedanta Desika,re_indian_world,Indian world,1269.0,philosopher,non_europe
1466,Q2343604,Vallabha,re_indian_world,Indian world,1479.0,philosopher,non_europe
1467,Q2989506,Rupa Goswami,re_indian_world,Indian world,1489.0,philosopher,non_europe
1468,Q5657354,Haridatta,re_indian_world,Indian world,700.0,astronomer | mathematician,non_europe
1469,Q527384,Pingala,re_indian_world,Indian world,-149.0,linguist | mathematician,non_europe
1470,Q7919473,Vemana,re_indian_world,Indian world,1652.0,philosopher,non_europe
1471,Q3537994,Raghavendra Tirtha,re_indian_world,Indian world,1595.0,philosopher,non_europe
1472,Q7194114,Pillai Lokacharya,re_indian_world,Indian world,1205.0,philosopher,non_europe
1473,Q6360377,Kanaka Dasa,re_indian_world,Indian world,1509.0,philosopher,non_europe
1474,Q558275,the one eyed,re_indian_world,Indian world,200.0,philosopher,non_europe
1475,Q93267410,Raghunatha Tirtha,re_indian_world,Indian world,1405.0,philosopher,non_europe
1476,Q1423663,Yajnavalkya,re_indian_world,Indian world,-800.0,astronomer | philosopher,non_europe
1477,Q4143328,Gopala Bhatta Goswami,re_indian_world,Indian world,1503.0,theologian,non_europe
1478,Q180967,Adi Shankara,re_indian_world,Indian world,788.0,philosopher,non_europe
1479,Q2349261,Fernão Vaz Dourado,re_indian_world,Indian world,1520.0,geographer,non_europe
1480,Q16155497,Zainuddin Makhdoom II,re_indian_world,Indian world,1531.0,historian,non_europe
1481,Q771686,Basava,re_indian_world,Indian world,1134.0,philosopher,non_europe
1482,Q48730567,Akshobhya Tirtha,re_indian_world,Indian world,1282.0,theologian | philosopher,non_europe
1483,Q445460,Shantideva,re_indian_world,Indian world,685.0,philosopher,non_europe
1484,Q64031619,Raghuttama Tirtha,re_indian_world,Indian world,1548.0,philosopher,non_europe
1485,Q6167696,Jayatirtha,re_indian_world,Indian world,1345.0,philosopher,non_europe
1486,Q15725063,Jasobanta Dasa,re_indian_world,Indian world,1487.0,philosopher,non_europe
1487,Q6479873,Lakshmi Kumara Thathachariar,re_indian_world,Indian world,1572.0,philosopher,non_europe
1488,Q5589914,Govindasvāmi,re_indian_world,Indian world,800.0,astronomer | mathematician,non_europe
1489,Q213385,Bhāskara II,re_indian_world,Indian world,1114.0,astronomer | mathematician,non_europe
1490,Q6747104,Manavala Mamunigal,re_indian_world,Indian world,1370.0,philosopher,non_europe
1491,Q66449255,Satyabhinava Tirtha,re_indian_world,Indian world,1673.0,philosopher,non_europe
1492,Q456963,candra ki+rti,re_indian_world,Indian world,600.0,philosopher,non_europe
1493,Q993504,Yāska,re_indian_world,Indian world,-500.0,linguist,non_europe
1494,Q15724123,Jagannatha Dasa,re_indian_world,Indian world,1491.0,philosopher,non_europe
1495,Q2046090,Melpathur Narayana Bhattathiri,re_indian_world,Indian world,1560.0,astronomer | linguist | mathematician,non_europe
1496,Q625580,Yun Doo-su,re_korea,Korea,1533.0,philosopher,non_europe
1497,Q379655,Heo Mok,re_korea,Korea,1595.0,philosopher,non_europe
1498,Q7451459,Seo Gyeong-deok,re_korea,Korea,1489.0,philosopher,non_europe
1499,Q487042,Choe Chiwon,re_korea,Korea,857.0,philosopher,non_europe
1500,Q494615,Jang Yeong-sil,re_korea,Korea,1400.0,astronomer,non_europe
1501,Q623637,Choi Myung-kil,re_korea,Korea,1586.0,philosopher,non_europe
1502,Q6450511,Kwon Geun,re_korea,Korea,1352.0,philosopher,non_europe
1503,Q497595,Lee Lyang,re_korea,Korea,1519.0,philosopher,non_europe
1504,Q484795,Hong Yun-sung,re_korea,Korea,1425.0,philosopher,non_europe
1505,Q493702,Seongjong,re_korea,Korea,960.0,philosopher,non_europe
1506,Q485009,Yeongjo of Joseon,re_korea,Korea,1694.0,geographer,non_europe
1507,Q16181658,Jo Mun-myeong,re_korea,Korea,1680.0,philosopher,non_europe
1508,Q5895710,Hong Woo-won,re_korea,Korea,1605.0,philosopher,non_europe
1509,Q624010,Chung In-hong,re_korea,Korea,1535.0,philosopher,non_europe
1510,Q469423,Jeong Mong-ju,re_korea,Korea,1337.0,philosopher,non_europe
1511,Q486364,Kwon Sang-ha,re_korea,Korea,1641.0,philosopher,non_europe
1512,Q12587609,Kim Sang-heon,re_korea,Korea,1570.0,philosopher,non_europe
1513,Q497108,Lim Sa-hong,re_korea,Korea,1445.0,philosopher,non_europe
1514,Q484286,Il-yeon,re_korea,Korea,1206.0,historian,non_europe
1515,Q705838,Choe Bu,re_korea,Korea,1454.0,historian,non_europe
1516,Q483181,Crown Prince Sohyeon,re_korea,Korea,1612.0,philosopher,non_europe
1517,Q12612765,Yi Chung-hwan,re_korea,Korea,1690.0,philosopher,non_europe
1518,Q704894,Jinul,re_korea,Korea,1158.0,philosopher,non_europe
1519,Q486298,Han Myeong-hoe,re_korea,Korea,1415.0,philosopher,non_europe
1520,Q486283,Jo Gwang-jo,re_korea,Korea,1482.0,philosopher,non_europe
1521,Q486278,Kim Jong-jik,re_korea,Korea,1431.0,philosopher,non_europe
1522,Q12612363,Yi Yi-myeong,re_korea,Korea,1658.0,philosopher,non_europe
1523,Q12619596,Choe Seok-jeong,re_korea,Korea,1646.0,mathematician,non_europe
1524,Q12602156,Seong Hyeon,re_korea,Korea,1439.0,musicologist,non_europe
1525,Q492443,Jang Hyungwang,re_korea,Korea,1554.0,philosopher,non_europe
1526,Q624894,Yi Eonjeok,re_korea,Korea,1491.0,philosopher,non_europe
1527,Q496942,Kim Hyo-won,re_korea,Korea,1532.0,philosopher,non_europe
1528,Q485131,Queen Seondeok of Silla,re_korea,Korea,606.0,astronomer,non_europe
1529,Q464510,Hwang Jini,re_korea,Korea,1506.0,philosopher,non_europe
1530,Q497077,Kim Jip,re_korea,Korea,1574.0,philosopher,non_europe
1531,Q497164,Song Ikp'il,re_korea,Korea,1534.0,philosopher,non_europe
1532,Q486266,Yun Won-hyung,re_korea,Korea,1509.0,philosopher,non_europe
1533,Q380577,Yun Hyu,re_korea,Korea,1617.0,philosopher,non_europe
1534,Q496753,Ha Ryun,re_korea,Korea,1347.0,philosopher,non_europe
1535,Q497120,Yi Je-hyun,re_korea,Korea,1287.0,philosopher,non_europe
1536,Q486384,Yun Jeung,re_korea,Korea,1629.0,philosopher,non_europe
1537,Q625193,Yun Geun-su,re_korea,Korea,1537.0,philosopher,non_europe
1538,Q495259,Yi Ik,re_korea,Korea,1681.0,philosopher,non_europe
1539,Q484883,Heo Jeok,re_korea,Korea,1610.0,philosopher,non_europe
1540,Q12587864,Kim Su-hang,re_korea,Korea,1629.0,philosopher,non_europe
1541,Q469396,Jeong Do-jeon,re_korea,Korea,1342.0,philosopher,non_europe
1542,Q486251,Yangnyeong,re_korea,Korea,1394.0,philosopher,non_europe
1543,Q626748,Jeong Chang-son,re_korea,Korea,1402.0,philosopher,non_europe
1544,Q8053468,Yi Saek,re_korea,Korea,1328.0,philosopher,non_europe
1545,Q495636,Kim Bu-sik,re_korea,Korea,1075.0,historian,non_europe
1546,Q7451572,Seong Hui-ahn,re_korea,Korea,1461.0,philosopher,non_europe
1547,Q483026,Kwon Ram,re_korea,Korea,1416.0,philosopher,non_europe
1548,Q495964,An Hyang,re_korea,Korea,1243.0,philosopher,non_europe
1549,Q486311,Yi Su-hyung,re_korea,Korea,1435.0,philosopher,non_europe
1550,Q98742917,Yuk Yi,re_korea,Korea,1438.0,philosopher,non_europe
1551,Q3565525,Im Gyeong-eop,re_korea,Korea,1594.0,philosopher,non_europe
1552,Q709450,Jeong Gu,re_korea,Korea,1543.0,philosopher,non_europe
1553,Q487191,Yu Seong-ryong,re_korea,Korea,1542.0,historian,non_europe
1554,Q841216,Hyujeong,re_korea,Korea,1520.0,philosopher,non_europe
1555,Q287222,Yu Gam-dong,re_korea,Korea,1401.0,philosopher,non_europe
1556,Q379653,Yi I,re_korea,Korea,1536.0,philosopher,non_europe
1557,Q491778,Jeong Nan-jeong,re_korea,Korea,1506.0,philosopher,non_europe
1558,Q7125373,Pak Paengnyeon,re_korea,Korea,1417.0,linguist,non_europe
1559,Q470122,Shin Suk-ju,re_korea,Korea,1417.0,philosopher,non_europe
1560,Q11287139,Hong Dal-son,re_korea,Korea,1415.0,philosopher,non_europe
1561,Q623973,Choe Sejin,re_korea,Korea,1473.0,linguist,non_europe
1562,Q37682,Sejong the Great,re_korea,Korea,1397.0,linguist,non_europe
1563,Q5103799,Choe Chung,re_korea,Korea,984.0,philosopher,non_europe
1564,Q483255,Prince Hyoryeong,re_korea,Korea,1396.0,philosopher,non_europe
1565,Q6408542,Kim Dam,re_korea,Korea,1416.0,astronomer,non_europe
1566,Q497137,Kim Seok-ju,re_korea,Korea,1634.0,philosopher,non_europe
1567,Q497127,Kim Jang-saeng,re_korea,Korea,1548.0,philosopher,non_europe
1568,Q16181541,prince HwaYi,re_korea,Korea,1425.0,linguist,non_europe
1569,Q483908,Gil Jae,re_korea,Korea,1353.0,philosopher,non_europe
1570,Q11095247,Yi Ji-bang,re_korea,Korea,1466.0,geographer,non_europe
1571,Q705336,Sim Ui-gyeom,re_korea,Korea,1535.0,philosopher,non_europe
1572,Q490448,Seol Chong,re_korea,Korea,655.0,philosopher,non_europe
1573,Q12610537,Yun Hoe,re_korea,Korea,1380.0,linguist,non_europe
1574,Q625715,Moon Ik-chum,re_korea,Korea,1329.0,philosopher,non_europe
1575,Q491828,Sin Yong-gae,re_korea,Korea,1463.0,philosopher,non_europe
1576,Q485278,Ryu Sun-jeong,re_korea,Korea,1459.0,philosopher,non_europe
1577,Q497092,Song Jun-gil,re_korea,Korea,1606.0,philosopher,non_europe
1578,Q486558,Lee San-hae,re_korea,Korea,1539.0,philosopher,non_europe
1579,Q5360433,Jeong Hyun-jo,re_korea,Korea,1440.0,philosopher,non_europe
1580,Q498626,Nam Gon,re_korea,Korea,1471.0,philosopher,non_europe
1581,Q3055709,Uhwudong,re_korea,Korea,1430.0,philosopher,non_europe
1582,Q496891,Seong Hon,re_korea,Korea,1535.0,philosopher,non_europe
1583,Q22974749,Yi Jun-gyeong,re_korea,Korea,1499.0,philosopher,non_europe
1584,Q486291,Yi Hwang,re_korea,Korea,1501.0,philosopher,non_europe
1585,Q483049,Uisang,re_korea,Korea,625.0,philosopher,non_europe
1586,Q12606285,Yang Sŏng-ji,re_korea,Korea,1415.0,historian,non_europe
1587,Q486257,Cho Shik,re_korea,Korea,1501.0,philosopher,non_europe
1588,Q709174,Ahn Bang-jun,re_korea,Korea,1573.0,philosopher,non_europe
1589,Q484792,Han Hwak,re_korea,Korea,1400.0,philosopher,non_europe
1590,Q12612017,Lee Yeo-bin,re_korea,Korea,1556.0,philosopher,non_europe
1591,Q379647,Song Si-yeol,re_korea,Korea,1607.0,philosopher,non_europe
1592,Q16172046,Ki Ja-heon,re_korea,Korea,1562.0,philosopher,non_europe
1593,Q16174098,Seong Un,re_korea,Korea,1497.0,philosopher,non_europe
1594,Q497153,Yi Gwang-sik,re_korea,Korea,1493.0,historian,non_europe
1595,Q8053448,Yi Gae,re_korea,Korea,1417.0,linguist,non_europe
1596,Q624466,Uicheon,re_korea,Korea,1055.0,philosopher,non_europe
1597,Q1237726,Dominicus Gundissalinus,re_arabic_world,Arabic world,1115.0,linguist | philosopher,non_europe
1598,Q7413013,Samuel ibn Seneh Zarza,re_arabic_world,Arabic world,1360.0,philosopher,non_europe
1599,Q87474494,Mustafa ibn Fathallah al-Hamawi,re_arabic_world,Arabic world,1634.0,historian,non_europe
1600,Q4664590,Abd al-Rahman al-Tamanarti,re_arabic_world,Arabic world,1585.0,historian,non_europe
1601,Q67657447,Hamzah ibn ʻAbd Allah Nashiri,re_arabic_world,Arabic world,1430.0,botanist | historian,non_europe
1602,Q202308,Evliya Çelebi,re_arabic_world,Arabic world,1611.0,historian,non_europe
1603,Q12252068,Yusuf al-Maghribi,re_arabic_world,Arabic world,1550.0,linguist,non_europe
1604,Q2745413,Al-Hadi ila'l-Haqq Yahya,re_arabic_world,Arabic world,859.0,theologian,non_europe
1605,Q6533520,ʻAbd al-Raḥmān ibn ʻAlī Ibn al-Daybaʻ,re_arabic_world,Arabic world,1461.0,historian,non_europe
1606,Q3594807,Muhammad al-Munawi,re_arabic_world,Arabic world,1545.0,historian,non_europe
1607,Q68167891,Badr al-Din al-Husayn ibn al-Siddiq Ahdal,re_arabic_world,Arabic world,1402.0,historian,non_europe
1608,Q12230387,Fakhr al-Dīn Ṭurayḥī,re_arabic_world,Arabic world,1571.0,linguist,non_europe
1609,Q6813266,Abd as-Salam al-Qadiri,re_arabic_world,Arabic world,1648.0,linguist | historian,non_europe
1610,Q3460419,Saadia Azankot,re_arabic_world,Arabic world,1629.0,linguist,non_europe
1611,Q105338234,Madyan Qusuni,re_arabic_world,Arabic world,1562.0,historian,non_europe
1612,Q12240239,Muhammad al-Muhibbi,re_arabic_world,Arabic world,1651.0,historian,non_europe
1613,Q3622231,Müneccimbaşı Ahmed Dede,re_arabic_world,Arabic world,1631.0,astronomer | historian,non_europe
1614,Q105277177,Aḥmad Ibn-ʿAlī al-Manīnī,re_arabic_world,Arabic world,1678.0,historian,non_europe
1615,Q16123878,Al-Ashraf Umar II,re_arabic_world,Arabic world,1242.0,astronomer,non_europe
1616,Q4116828,Abd al-Qadir al-Fasi,re_arabic_world,Arabic world,1599.0,theologian,non_europe
1617,Q110905270,Sidi Amar Cherif,re_arabic_world,Arabic world,1700.0,theologian,non_europe
1618,Q110166188,Ismāʿīl ibn Saʿd Khashshāb,re_arabic_world,Arabic world,1700.0,historian,non_europe
1619,Q16654725,Ibrahim ibn Muhammad ibn Abd al-Wahhab,re_arabic_world,Arabic world,1650.0,theologian,non_europe
1620,Q439374,Wahb ibn Munabbih,re_arabic_world,Arabic world,655.0,historian,non_europe
1621,Q2821427,Abdul Wahid Ibn Ashir,re_arabic_world,Arabic world,1582.0,theologian,non_europe
1622,Q6893433,Mohammed al-Mahdi al-Fasi,re_arabic_world,Arabic world,1624.0,historian,non_europe
1623,Q19715067,Ibn Abi-r-Rijal,re_arabic_world,Arabic world,1620.0,theologian,non_europe
1624,Q293551,Ahmed Mohammed al-Maqqari,re_arabic_world,Arabic world,1578.0,historian,non_europe
1625,Q3503419,Sulaiman Al Mahri,re_arabic_world,Arabic world,1480.0,geographer,non_europe
1626,Q5791819,Cristobal Lechuga,re_arabic_world,Arabic world,1557.0,mathematician,non_europe
1627,Q6534150,Ibn al-Imad al-Hanbali,re_arabic_world,Arabic world,1623.0,historian,non_europe
1628,Q4695346,Ahmad Ibn al-Qadi,re_arabic_world,Arabic world,1552.0,historian | mathematician,non_europe
1629,Q4664587,Abd al-Rahman al-Fasi,re_arabic_world,Arabic world,1631.0,astronomer | historian,non_europe
1630,Q28936372,Sharaf al-Din Ansari,re_arabic_world,Arabic world,1620.0,historian,non_europe
1631,Q1963394,Najm al-Din al-Gazzi,re_arabic_world,Arabic world,1570.0,historian,non_europe
1632,Q970628,Abū Muhammad al-Hasan al-Hamdānī,re_arabic_world,Arabic world,893.0,geographer | astronomer | physicist | chemist,non_europe
1633,Q6893491,Mohammed ibn Qasim ibn Zakur,re_arabic_world,Arabic world,1664.0,historian,non_europe
1634,Q12178566,Ahmad Damanhuri,re_arabic_world,Arabic world,1689.0,linguist | chemist,non_europe
1635,Q6893439,Mohammed al-Rudani,re_arabic_world,Arabic world,1628.0,astronomer,non_europe
1636,Q58977026,Al-ʿIsāmī,re_arabic_world,Arabic world,1639.0,historian,non_europe
1637,Q2010955,Mulla Sadra,re_arabic_world,Arabic world,1571.0,philosopher,non_europe
1638,Q3108470,Mohammed al-Ifrani,re_arabic_world,Arabic world,1670.0,historian,non_europe
1639,Q12239694,Muhammad al-Kharashi,re_arabic_world,Arabic world,1601.0,theologian,non_europe
1640,Q21099034,Ibn Balban al-Hanbali,re_arabic_world,Arabic world,1597.0,theologian,non_europe
1641,Q12198098,ʻAlī Ḥasan ʻAlī ʻAbd al-Ḥamīd,re_arabic_world,Arabic world,1567.0,historian,non_europe
1642,Q1673452,Isaac Uziel,re_arabic_world,Arabic world,1600.0,linguist,non_europe
1643,Q29360046,Ibn Kinan,re_arabic_world,Arabic world,1663.0,historian,non_europe
1644,Q56506397,Ali ibn Muhammad ibn al-Walid,re_arabic_world,Arabic world,1128.0,philosopher,non_europe
1645,Q426371,Ḥasan Ibn-Muḥammad al-Būrīnī,re_arabic_world,Arabic world,1556.0,historian,non_europe
1646,Q6893500,Mohammed ibn al-Tayyib,re_arabic_world,Arabic world,1698.0,musicologist | linguist,non_europe
1647,Q94025057,Muhammad Ibn Muhammad Al-Fulani Al-Kishwani,re_arabic_world,Arabic world,1699.0,astronomer | mathematician,non_europe
1648,Q4115262,Fairuzabadi,re_arabic_world,Arabic world,1329.0,linguist,non_europe
1649,Q42279499,Abdullah ibn Husayn al-Suwaydi,re_arabic_world,Arabic world,1692.0,linguist,non_europe
1650,Q10324829,Maqqari,re_arabic_world,Arabic world,1591.0,historian,non_europe
1651,Q6532754,Ibn Abi Al-Soroor al-Bakri,re_arabic_world,Arabic world,1588.0,historian,non_europe
1652,Q3646767,Mustafa Âlî,re_arabic_world,Arabic world,1541.0,historian,non_europe
1653,Q3785847,Hisham ibn Urwah,re_arabic_world,Arabic world,680.0,theologian,non_europe
1654,Q51884,John of Damascus,re_arabic_world,Arabic world,675.0,theologian | astronomer | philosopher,non_europe
1655,Q958986,Ishtori Haparchi,re_arabic_world,Arabic world,1280.0,geographer,non_europe
1656,Q2804843,'Abdu Llâh Ibn Muhammad Al Ma'âfirî,re_arabic_world,Arabic world,1050.0,theologian,non_europe
1657,Q337029,Abu al-Aswad al-Du'ali,re_arabic_world,Arabic world,603.0,linguist,non_europe
1658,Q2916804,Mujir al-Din,re_arabic_world,Arabic world,1456.0,historian,non_europe
1659,Q4267,Adémar de Chabannes,re_arabic_world,Arabic world,988.0,historian,non_europe
1660,Q4165518,Khalid ibn Yazid,re_arabic_world,Arabic world,655.0,chemist,non_europe
1661,Q12218718,Shuraih Al-Qadhi,re_arabic_world,Arabic world,593.0,historian,non_europe
1662,Q12183510,Sulaimān Ibn-Mihrān Al-A’mash,re_arabic_world,Arabic world,680.0,theologian,non_europe
1663,Q112128,Husayn ibn Ali,re_arabic_world,Arabic world,626.0,theologian,non_europe
1664,Q6957308,Ibrahim al-Nakhai,re_arabic_world,Arabic world,670.0,theologian,non_europe
1665,Q56250455,Ahmad Ibn-Muhammad Ibn-al-Haʾim,re_arabic_world,Arabic world,1352.0,mathematician,non_europe
1666,Q2275364,Severus Sebokht,re_arabic_world,Arabic world,575.0,astronomer | philosopher,non_europe
1667,Q4116087,Ka'ab al-Ahbar,re_arabic_world,Arabic world,600.0,theologian,non_europe
1668,Q4670027,Abu 'Amr ibn al-'Ala',re_arabic_world,Arabic world,689.0,linguist,non_europe
1669,Q12222362,Amir al-Sha'bi,re_arabic_world,Arabic world,641.0,historian,non_europe
1670,Q1567837,Ibn Abi Ishaq,re_arabic_world,Arabic world,650.0,linguist,non_europe
1671,Q1881341,Sinan ibn Thabit,re_arabic_world,Arabic world,880.0,astronomer | mathematician,non_europe
1672,Q11944385,Radegunda de Treviño,re_arabic_world,Arabic world,1119.0,philosopher,non_europe
1673,Q1655912,Aḥmad Ibn-ʿAlī Ibn-Zunbul,re_arabic_world,Arabic world,1500.0,historian,non_europe
1674,Q12202948,Taqi al-Din al-Subki,re_arabic_world,Arabic world,1284.0,theologian,non_europe
1675,Q423210,Banū Mūsā,re_arabic_world,Arabic world,900.0,astronomer | mathematician,non_europe
1676,Q12182782,Ibn Muti al-Zawawi,re_arabic_world,Arabic world,1168.0,linguist,non_europe
1677,Q503130,Hunayn ibn Ishaq,re_arabic_world,Arabic world,808.0,philosopher,non_europe
1678,Q11917497,Al-Ja'd ibn Dirham,re_arabic_world,Arabic world,700.0,theologian | philosopher,non_europe
1679,Q12227970,Ibn Yunus Nabati,re_arabic_world,Arabic world,1389.0,philosopher,non_europe
1680,Q335966,Jonah ibn Janah,re_arabic_world,Arabic world,990.0,linguist,non_europe
1681,Q335145,Ibn al-Baitar,re_arabic_world,Arabic world,1197.0,botanist | pharmacologist,non_europe
1682,Q12198436,Bischr ibn al-Muʿtamir,re_arabic_world,Arabic world,800.0,theologian,non_europe
1683,Q4703386,Al-Zuhri,re_arabic_world,Arabic world,1130.0,geographer,non_europe
1684,Q21208389,Ibn al-A'lam,re_arabic_world,Arabic world,901.0,astronomer,non_europe
1685,Q510650,Hilal al-Sabi',re_arabic_world,Arabic world,969.0,historian,non_europe
1686,Q19288802,Ibn al-Samh,re_arabic_world,Arabic world,979.0,astronomer | mathematician,non_europe
1687,Q5984319,Ibn al-Wardi,re_arabic_world,Arabic world,1290.0,botanist | zoologist | historian | geographer,non_europe
1688,Q508501,Ibn Idhari,re_arabic_world,Arabic world,1300.0,historian,non_europe
1689,Q1959585,Ibn al-Tiqtaqa,re_arabic_world,Arabic world,1262.0,linguist | historian,non_europe
1690,Q4115511,Abu al-Hassan al-Amiri,re_arabic_world,Arabic world,913.0,philosopher,non_europe
1691,Q451427,Usama ibn Munqidh,re_arabic_world,Arabic world,1095.0,historian,non_europe
1692,Q67092995,Ismail al-Hadhiri,re_arabic_world,Arabic world,1137.0,linguist,non_europe
1693,Q7507290,Sibt al-Maridini,re_arabic_world,Arabic world,1423.0,astronomer,non_europe
1694,Q328748,Saadia Gaon,re_arabic_world,Arabic world,882.0,philosopher,non_europe
1695,Q12252153,Yousef ibn Mohamed ibn Masoud al-Sarmari,re_arabic_world,Arabic world,1296.0,linguist,non_europe
1696,Q1356575,Ibn al-Qalanisi,re_arabic_world,Arabic world,1071.0,historian,non_europe
1697,Q425501,Al-Azraqi,re_arabic_world,Arabic world,800.0,historian,non_europe
1698,Q5984286,Ibn abd al-Malik al-Marrakushi,re_arabic_world,Arabic world,1237.0,historian,non_europe
1699,Q648487,Al-Mada'ini,re_arabic_world,Arabic world,753.0,historian,non_europe
1700,Q400919,Ahmad al-Qalqashandi,re_arabic_world,Arabic world,1355.0,mathematician,non_europe
1701,Q15431116,Al-Quda'i,re_arabic_world,Arabic world,950.0,historian,non_europe
1702,Q3571329,Yahya Ibn Khaldun,re_arabic_world,Arabic world,1332.0,historian,non_europe
1703,Q287492,Ali ibn Ridwan,re_arabic_world,Arabic world,988.0,astronomer,non_europe
1704,Q3460213,Ibn Juljul,re_arabic_world,Arabic world,943.0,pharmacologist,non_europe
1705,Q5984161,Ibn Abi Tahir Tayfur,re_arabic_world,Arabic world,819.0,geographer | linguist | historian,non_europe
1706,Q6122255,Sayf ibn Umar,re_arabic_world,Arabic world,750.0,historian,non_europe
1707,Q1186444,Abu al-Salt,re_arabic_world,Arabic world,1068.0,astronomer | philosopher,non_europe
1708,Q2995629,Mohammed ibn Adjurrum,re_arabic_world,Arabic world,1273.0,linguist,non_europe
1709,Q2637918,Abu'l-Barakāt al-Baghdādī,re_arabic_world,Arabic world,1080.0,philosopher,non_europe
1710,Q1393417,Ali ibn Sahl Rabban al-Tabari,re_arabic_world,Arabic world,838.0,philosopher,non_europe
1711,Q3478584,Senoussi,re_arabic_world,Arabic world,1426.0,theologian,non_europe
1712,Q46420,Ibn Arabi,re_arabic_world,Arabic world,1165.0,philosopher,non_europe
1713,Q3478100,Wasil ibn Ata,re_arabic_world,Arabic world,700.0,theologian,non_europe
1714,Q314978,Ali ibn al-Husayn Zayn al-'Abidin,re_arabic_world,Arabic world,659.0,theologian,non_europe
1715,Q5847266,Ibn Duqmaq,re_arabic_world,Arabic world,1349.0,historian,non_europe
1716,Q536837,Isaac Israeli ben Solomon,re_arabic_world,Arabic world,832.0,philosopher,non_europe
1717,Q3772847,Ibn Amira,re_arabic_world,Arabic world,1186.0,historian,non_europe
1718,Q203142,Ibn al-Farid,re_arabic_world,Arabic world,1181.0,philosopher,non_europe
1719,Q57419639,Aladdin al-Shirazi,re_arabic_world,Arabic world,1386.0,logician,non_europe
1720,Q316364,Yaqut al-Hamawi,re_arabic_world,Arabic world,1178.0,geographer | historian,non_europe
1721,Q4702931,Al-Mufaddal ibn Abi al-Fada'il,re_arabic_world,Arabic world,1201.0,historian,non_europe
1722,Q311462,Abulfeda,re_arabic_world,Arabic world,1273.0,geographer | astronomer | historian,non_europe
1723,Q228203,Zufar ibn al-Hudhail,re_arabic_world,Arabic world,728.0,theologian,non_europe
1724,Q4702369,Al-Fakihi,re_arabic_world,Arabic world,839.0,historian,non_europe
1725,Q6533412,Ibn al-Ḥājib,re_arabic_world,Arabic world,1175.0,historian,non_europe
1726,Q3292293,Abu Mansur Mauhub al-Jawaliqi,re_arabic_world,Arabic world,1074.0,linguist,non_europe
1727,Q315377,Ali al-Hadi,re_arabic_world,Arabic world,829.0,theologian,non_europe
1728,Q12223451,Abdullah bin Asaad Al-Yafi'i,re_arabic_world,Arabic world,1298.0,historian,non_europe
1729,Q108733998,Abu al-Faraj al-Armanazi,re_arabic_world,Arabic world,1051.0,historian,non_europe
1730,Q42298432,Nasrallah al-Baghdadi,re_arabic_world,Arabic world,1332.0,linguist,non_europe
1731,Q4670097,Abu Bakr Ibn Mujāhid,re_arabic_world,Arabic world,900.0,theologian,non_europe
1732,Q467161,Samuel ibn Naghrillah,re_arabic_world,Arabic world,993.0,linguist | philosopher,non_europe
1733,Q3603848,Abū Isḥāq al-Shīrāzī,re_arabic_world,Arabic world,1003.0,theologian,non_europe
1734,Q12220160,"Ṣafadī, Khalīl ibn Aybak",re_arabic_world,Arabic world,1296.0,historian,non_europe
1735,Q3147432,Ibn Abi-Dínar al-Qayrawaní,re_arabic_world,Arabic world,1650.0,historian,non_europe
1736,Q12198099,Ibrāhīm ibn ʻUmar Biqāʻī,re_arabic_world,Arabic world,1407.0,historian,non_europe
1737,Q584679,Muḥammad ibn Ibrāhīm al-Fazārī,re_arabic_world,Arabic world,746.0,astronomer | mathematician,non_europe
1738,Q14095767,Muqātil ibn Sulaymān,re_arabic_world,Arabic world,701.0,theologian,non_europe
1739,Q12182523,al-Qāsim ibn Fīrruh Shāṭibī,re_arabic_world,Arabic world,1144.0,theologian,non_europe
1740,Q4115307,Al-Jubba'i,re_arabic_world,Arabic world,849.0,theologian | philosopher,non_europe
1741,Q6536134,Ibn Sallâm al-Jumahî,re_arabic_world,Arabic world,756.0,linguist,non_europe
1742,Q945425,Mashallah ibn Athari,re_arabic_world,Arabic world,740.0,astronomer | mathematician,non_europe
1743,Q42298972,Ibn Habib al-Halabi,re_arabic_world,Arabic world,1310.0,historian,non_europe
1744,Q7395439,Sa'id ibn Aws al-Ansari,re_arabic_world,Arabic world,743.0,linguist,non_europe
1745,Q307665,Abd Allah ibn al-Zubayr,re_arabic_world,Arabic world,624.0,theologian,non_europe
1746,Q1151805,Al-Qurtubi,re_arabic_world,Arabic world,1214.0,theologian,non_europe
1747,Q4120128,Al-Sakhawi,re_arabic_world,Arabic world,1428.0,historian,non_europe
1748,Q4322459,Zarkashi,re_arabic_world,Arabic world,1344.0,historian,non_europe
1749,Q3535817,ʿAbd Allāh ibn al-Ḥusayn al- ʿUkbarī,re_arabic_world,Arabic world,1143.0,mathematician,non_europe
1750,Q39837,Averroes,re_arabic_world,Arabic world,1126.0,astronomer | philosopher,non_europe
1751,Q67654781,Ibn al-Kharrat al-Dawalibi,re_arabic_world,Arabic world,1240.0,linguist,non_europe
1752,Q144639,Zakariya al-Qazwini,re_arabic_world,Arabic world,1203.0,geographer | zoologist | historian | mathematician,non_europe
1753,Q179759,Al-Kindi,re_arabic_world,Arabic world,801.0,philosopher | musicologist | astronomer | mathematician,non_europe
1754,Q22908812,Abul Hasan Hankari,re_arabic_world,Arabic world,1018.0,theologian,non_europe
1755,Q1061624,Chananel ben Chushiel,re_arabic_world,Arabic world,990.0,theologian,non_europe
1756,Q980179,Safi al-Din al-Urmawi,re_arabic_world,Arabic world,1216.0,musicologist,non_europe
1757,Q302956,Aaron ben Elijah,re_arabic_world,Arabic world,1328.0,theologian,non_europe
1758,Q3069371,Ibn al‐Ha'im al‐Ishbili,re_arabic_world,Arabic world,1213.0,astronomer | philosopher | mathematician,non_europe
1759,Q11079,Muḥammad ibn Jābir al-Ḥarrānī al-Battānī,re_arabic_world,Arabic world,858.0,astronomer | mathematician,non_europe
1760,Q15603559,Abū Bakr al-Darbandī,re_arabic_world,Arabic world,1068.0,theologian,non_europe
1761,Q4540405,'Abd al-'Aziz al-Wafa'i,re_arabic_world,Arabic world,1408.0,astronomer,non_europe
1762,Q4116044,Harith al-Muhasibi,re_arabic_world,Arabic world,781.0,theologian,non_europe
1763,Q6532914,Ibn Abī Shaiba,re_arabic_world,Arabic world,776.0,historian,non_europe
1764,Q251259,Ibn Tufayl,re_arabic_world,Arabic world,1110.0,philosopher,non_europe
1765,Q557361,Yahya of Antioch,re_arabic_world,Arabic world,980.0,historian,non_europe
1766,Q307250,'Abd al-Hamīd ibn Turk,re_arabic_world,Arabic world,800.0,mathematician,non_europe
1767,Q57259185,Ibn al-Ayni,re_arabic_world,Arabic world,1433.0,linguist,non_europe
1768,Q340519,Ahimaaz ben Paltiel,re_arabic_world,Arabic world,1017.0,historian,non_europe
1769,Q2719051,Ibn Sab'in,re_arabic_world,Arabic world,1217.0,philosopher,non_europe
1770,Q6532706,Ibn Abi al-Dunya,re_arabic_world,Arabic world,823.0,historian,non_europe
1771,Q316349,Abu al-Hasan al-Ash'ari,re_arabic_world,Arabic world,873.0,theologian | philosopher,non_europe
1772,Q16126606,al-Qāsim ibn ʻAbd Allāh Ibn Quṭlūbughā,re_arabic_world,Arabic world,1399.0,theologian | historian,non_europe
1773,Q4670034,Abu 'Ubaida,re_arabic_world,Arabic world,728.0,historian,non_europe
1774,Q1378989,Eutychius of Alexandria,re_arabic_world,Arabic world,877.0,historian,non_europe
1775,Q367319,Ibn Jubayr,re_arabic_world,Arabic world,1145.0,geographer,non_europe
1776,Q4063579,Altaïr Ibn-La'Ahad,re_arabic_world,Arabic world,1165.0,philosopher | historian,non_europe
1777,Q9294,Ibn Khaldun,re_arabic_world,Arabic world,1332.0,philosopher | sociologist | economist | anthropologist | historian,non_europe
1778,Q293608,Ibn al-Banna' al-Marrakushi,re_arabic_world,Arabic world,1256.0,astronomer | mathematician,non_europe
1779,Q330821,Abraham ibn Daud,re_arabic_world,Arabic world,1110.0,philosopher | historian,non_europe
1780,Q20003180,Ibn al-Dubaythi,re_arabic_world,Arabic world,1163.0,historian,non_europe
1781,Q4695507,Ahmad al-Buni,re_arabic_world,Arabic world,1200.0,mathematician,non_europe
1782,Q12178189,Ibn ʿAqil,re_arabic_world,Arabic world,1298.0,linguist,non_europe
1783,Q2478044,Alī ibn Ahmad al-Nasawī,re_arabic_world,Arabic world,1010.0,astronomer | mathematician,non_europe
1784,Q2820894,Abu l-Faraj at-Tayyib,re_arabic_world,Arabic world,980.0,philosopher,non_europe
1785,Q107345083,Abdullah ibn al-Hasan al-Qurtubi,re_arabic_world,Arabic world,1161.0,linguist,non_europe
1786,Q28714887,Muhammad ibn Saʿdān al-Ḍarīr,re_arabic_world,Arabic world,778.0,linguist,non_europe
1787,Q1379164,Taqi al-Din Muhammad ibn Ma'ruf,re_arabic_world,Arabic world,1526.0,astronomer | mathematician,non_europe
1788,Q846536,Ibn al-Adim,re_arabic_world,Arabic world,1192.0,historian,non_europe
1789,Q20383681,Abu al-Qassim al-Amidi,re_arabic_world,Arabic world,905.0,linguist,non_europe
1790,Q239355,Solomon ibn Gabirol,re_arabic_world,Arabic world,1021.0,philosopher,non_europe
1791,Q52200506,Ibn Naja al-Erbili,re_arabic_world,Arabic world,1190.0,linguist | philosopher,non_europe
1792,Q557961,Al-Khatib al-Baghdadi,re_arabic_world,Arabic world,1002.0,historian,non_europe
1793,Q119679,Ibn Qayyim Al-Jawziy,re_arabic_world,Arabic world,1292.0,theologian,non_europe
1794,Q481455,Abu-Shama al-Maqdissí,re_arabic_world,Arabic world,1203.0,historian,non_europe
1795,Q107344255,Abu al-Hajjaj al-Balawi,re_arabic_world,Arabic world,1132.0,linguist,non_europe
1796,Q11937838,Izz al-Din ibn Shaddad,re_arabic_world,Arabic world,1217.0,historian,non_europe
1797,Q4121967,Ibn al-Majdi,re_arabic_world,Arabic world,1359.0,astronomer | mathematician,non_europe
1798,Q3303997,Abu Sulayman Sijistani,re_arabic_world,Arabic world,932.0,philosopher,non_europe
1799,Q732363,Ibn 'Abd al-Barr,re_arabic_world,Arabic world,978.0,historian,non_europe
1800,Q846343,Sibt ibn al-Jawzi,re_arabic_world,Arabic world,1186.0,historian,non_europe
1801,Q55997606,Ibn al-Uqlishi,re_arabic_world,Arabic world,1097.0,linguist,non_europe
1802,Q2922506,Busiri,re_arabic_world,Arabic world,1213.0,mathematician,non_europe
1803,Q5963182,Abū al-Ṣalāḥ al-Ḥalabī,re_arabic_world,Arabic world,984.0,theologian,non_europe
1804,Q285255,Al-Waqidi,re_arabic_world,Arabic world,747.0,historian,non_europe
1805,Q2481432,Ibn al-Qifti,re_arabic_world,Arabic world,1172.0,historian,non_europe
1806,Q2665215,Ibrahim ibn Adham,re_arabic_world,Arabic world,718.0,theologian,non_europe
1807,Q20422810,Muḥammad ibn ʻAbd al-Malik Hamadhānī,re_arabic_world,Arabic world,1071.0,historian,non_europe
1808,Q11133,Abū Ishāq Ibrāhīm al-Zarqālī,re_arabic_world,Arabic world,1027.0,astronomer,non_europe
1809,Q3147440,Ibn Xabbat,re_arabic_world,Arabic world,1221.0,historian,non_europe
1810,Q6820252,Al-Jaṣṣās,re_arabic_world,Arabic world,918.0,theologian,non_europe
1811,Q423600,`Abdullah ibn `Abbas,re_arabic_world,Arabic world,619.0,historian,non_europe
1812,Q3321466,Ibn al-Abbar,re_arabic_world,Arabic world,1199.0,historian,non_europe
1813,Q2822098,Abul Barakat al-Balafiki,re_arabic_world,Arabic world,1264.0,historian,non_europe
1814,Q3751049,Al-Udri,re_arabic_world,Arabic world,1003.0,historian,non_europe
1815,Q6538102,Ibn Hisham Al-Ansari,re_arabic_world,Arabic world,1309.0,linguist,non_europe
1816,Q367330,Ibn Hawqal,re_arabic_world,Arabic world,943.0,geographer,non_europe
1817,Q298439,Abu al-Wafa Buzjani,re_arabic_world,Arabic world,940.0,astronomer | mathematician,non_europe
1818,Q107355618,Abd al-Malik ibn al-Siraj,re_arabic_world,Arabic world,1009.0,linguist,non_europe
1819,Q3317409,Mkhitar of Ani,re_arabic_world,Arabic world,1200.0,historian,non_europe
1820,Q2898339,Judah ibn Kuraish,re_arabic_world,Arabic world,850.0,linguist,non_europe
1821,Q2745220,Ibn Hayyan,re_arabic_world,Arabic world,987.0,historian,non_europe
1822,Q5907908,Ibn Bassal,re_arabic_world,Arabic world,1050.0,botanist,non_europe
1823,Q9593473,al-Musabbihi,re_arabic_world,Arabic world,977.0,historian,non_europe
1824,Q1299570,Ibn Zafar,re_arabic_world,Arabic world,1104.0,philosopher | political scientist,non_europe
1825,Q3875793,Husam al-Din Chalabi,re_arabic_world,Arabic world,1225.0,theologian,non_europe
1826,Q19629001,Sidi Boushaki,re_arabic_world,Arabic world,1394.0,theologian,non_europe
1827,Q12183231,Abu Bakr al-Ajurri,re_arabic_world,Arabic world,893.0,theologian,non_europe
1828,Q315920,Hasan al-Askari,re_arabic_world,Arabic world,846.0,theologian,non_europe
1829,Q6056774,İbni Arapşah,re_arabic_world,Arabic world,1389.0,philosopher,non_europe
1830,Q401463,Ahmed ar-Rifa'i,re_arabic_world,Arabic world,1118.0,theologian,non_europe
1831,Q2846653,Ibn Faradi,re_arabic_world,Arabic world,962.0,historian,non_europe
1832,Q130169,Sharif al-Murtadha,re_arabic_world,Arabic world,966.0,theologian,non_europe
1833,Q2821719,Abu Raita al-Takriti,re_arabic_world,Arabic world,775.0,theologian,non_europe
1834,Q2462319,Abū al-Ḥasan ibn ʿAlī al-Qalaṣādī,re_arabic_world,Arabic world,1412.0,mathematician,non_europe
1835,Q6533916,Ibn al-Sha'ar,re_arabic_world,Arabic world,1197.0,historian,non_europe
1836,Q31439,Abraham bar Hiyya,re_arabic_world,Arabic world,1070.0,geographer | astronomer | philosopher | mathematician,non_europe
1837,Q21208801,Muhammad al-Baghdadi,re_arabic_world,Arabic world,980.0,mathematician,non_europe
1838,Q982406,Sheikh Adi ibn Musafir,re_arabic_world,Arabic world,1073.0,theologian,non_europe
1839,Q6088021,Issachar ben Mordecai ibn Susan,re_arabic_world,Arabic world,1510.0,mathematician,non_europe
1840,Q81627,al-Jazari,re_arabic_world,Arabic world,1136.0,astronomer | mathematician,non_europe
1841,Q20384863,Muhammad ibn al-Hasan Saʼigh,re_arabic_world,Arabic world,1247.0,linguist,non_europe
1842,Q3043486,Sultan Walad,re_arabic_world,Arabic world,1226.0,philosopher,non_europe
1843,Q1399609,Ibn al-Rawandi,re_arabic_world,Arabic world,827.0,philosopher | historian,non_europe
1844,Q2231534,Yusuf al-Mu'taman ibn Hud,re_arabic_world,Arabic world,1001.0,mathematician,non_europe
1845,Q3154800,Isaac ibn Saul,re_arabic_world,Arabic world,950.0,linguist,non_europe
1846,Q168705,Al-Masudi,re_arabic_world,Arabic world,896.0,geographer | historian,non_europe
1847,Q12178782,Abu al-'Abbas Tha'lab,re_arabic_world,Arabic world,815.0,linguist,non_europe
1848,Q1370661,Menahem ben Saruq,re_arabic_world,Arabic world,920.0,philosopher,non_europe
1849,Q11104,Ibn al-Haytham,re_arabic_world,Arabic world,965.0,astronomer | philosopher | physicist | mathematician,non_europe
1850,Q55835386,Abū-Saʻīd Faraǧ Ibn-Qāsim Ibn-Lubb,re_arabic_world,Arabic world,1301.0,linguist,non_europe
1851,Q19291166,Ishaq ben Reuben,re_arabic_world,Arabic world,1073.0,philosopher,non_europe
1852,Q299200,Judah Halevi,re_arabic_world,Arabic world,1075.0,theologian | philosopher,non_europe
1853,Q16693597,Saad bin Ibrahim al-Zuhri,re_arabic_world,Arabic world,700.0,theologian,non_europe
1854,Q732429,Muhammad ibn Sa'd ibn Mani' al-Baghdadi,re_arabic_world,Arabic world,784.0,historian,non_europe
1855,Q2975510,Ibrahim ibn Sinan,re_arabic_world,Arabic world,908.0,astronomer | mathematician,non_europe
1856,Q7684920,Taqi al-Din Muhammad ibn Ahmad al-Fasi,re_arabic_world,Arabic world,1373.0,historian,non_europe
1857,Q334854,Ali ibn al-Athir,re_arabic_world,Arabic world,1160.0,theologian | historian,non_europe
1858,Q292484,Sayf al-Din al-Amidi,re_arabic_world,Arabic world,1156.0,philosopher,non_europe
1859,Q762229,Bahya ibn Paquda,re_arabic_world,Arabic world,1050.0,theologian | philosopher,non_europe
1860,Q192124,Muhammad ibn Jarir al-Tabari,re_arabic_world,Arabic world,839.0,philosopher | historian,non_europe
1861,Q2277088,Niftawayh,re_arabic_world,Arabic world,858.0,linguist | historian,non_europe
1862,Q5675767,"Kāzarūnī, ʻAlī ibn Muḥammad",re_arabic_world,Arabic world,1217.0,historian,non_europe
1863,Q716228,Hisham Ibn Al-Kalbi,re_arabic_world,Arabic world,737.0,historian,non_europe
1864,Q481499,Ibn Taghribirdi,re_arabic_world,Arabic world,1410.0,historian,non_europe
1865,Q1238067,Muhammad ibn Yūsuf al-Warrāq,re_arabic_world,Arabic world,904.0,geographer | historian,non_europe
1866,Q20388315,Afdal al-Din al-Khunaji,re_arabic_world,Arabic world,1194.0,philosopher,non_europe
1867,Q12251200,Wakee ibn al-Jarrah,re_arabic_world,Arabic world,746.0,theologian,non_europe
1868,Q66587206,Ibn al-Fahham,re_arabic_world,Arabic world,1031.0,linguist,non_europe
1869,Q7331,Ibn Battuta,re_arabic_world,Arabic world,1304.0,geographer,non_europe
1870,Q770298,Sadr al-Din al-Qunawi,re_arabic_world,Arabic world,1209.0,philosopher,non_europe
1871,Q16169783,Arib ibn Sa'd al-Katib al-Qurtubi,re_arabic_world,Arabic world,979.0,historian,non_europe
1872,Q12177924,Ahmad ibn Muhammad abu Yafar al-Gafiqi,re_arabic_world,Arabic world,1100.0,botanist | historian,non_europe
1873,Q317787,Ibn Hazm,re_arabic_world,Arabic world,994.0,geographer | philosopher,non_europe
1874,Q2390573,Al-ʾAṣmaʿiyy,re_arabic_world,Arabic world,740.0,botanist,non_europe
1875,Q16118116,Yaḥyā Ibn-Ziyād Farrāʾ,re_arabic_world,Arabic world,761.0,astronomer | linguist,non_europe
1876,Q12233266,Mūsá ibn Muḥammad Yūnīnī,re_arabic_world,Arabic world,1242.0,historian,non_europe
1877,Q4666111,Abdullah ibn Mubarak,re_arabic_world,Arabic world,736.0,historian,non_europe
1878,Q26215542,Kamal al-Din bin Younis,re_arabic_world,Arabic world,1156.0,astronomer | chemist | mathematician,non_europe
1879,Q984663,Ibn Qutaybah,re_arabic_world,Arabic world,828.0,theologian | historian,non_europe
1880,Q482353,al-Qadi al-Nuʿman,re_arabic_world,Arabic world,903.0,theologian | historian,non_europe
1881,Q12178297,Abū ʿAlī al-Fārisī,re_arabic_world,Arabic world,901.0,linguist,non_europe
1882,Q5984300,Ibn al-Furat,re_arabic_world,Arabic world,1336.0,historian,non_europe
1883,Q112465,Nafi' al-Madani,re_arabic_world,Arabic world,689.0,theologian,non_europe
1884,Q5410881,Muḥammad Ibn-Ibrāhīm Ibn-Ǧamāʿa,re_arabic_world,Arabic world,1241.0,theologian,non_europe
1885,Q514144,Guillaume de Sonnac,re_arabic_world,Arabic world,1200.0,historian,non_europe
1886,Q11373,Abu Ma'shar al-Balkhi,re_arabic_world,Arabic world,787.0,astronomer | philosopher | mathematician,non_europe
1887,Q22933487,Ibn al-Sa'i,re_arabic_world,Arabic world,1196.0,historian,non_europe
1888,Q369690,Ibn Kathir,re_arabic_world,Arabic world,1301.0,historian,non_europe
1889,Q293669,Abd al-Rahman al-Awza'i,re_arabic_world,Arabic world,707.0,theologian | philosopher,non_europe
1890,Q174325,Ibn Wasil,re_arabic_world,Arabic world,1208.0,philosopher | historian | mathematician,non_europe
1891,Q731866,Abu'l-Faraj ibn al-Jawzi,re_arabic_world,Arabic world,1116.0,philosopher | historian,non_europe
1892,Q12201802,ʿAbd-al-Wahhāb Ibn-ʿAlī Tāǧ-ad-Dīn as-Subkī,re_arabic_world,Arabic world,1327.0,theologian,non_europe
1893,Q319146,Ibn al-Nafis,re_arabic_world,Arabic world,1210.0,philosopher,non_europe
1894,Q334847,Ibn Ishaq,re_arabic_world,Arabic world,704.0,historian,non_europe
1895,Q2440642,Thomas of Jesus,re_arabic_world,Arabic world,1529.0,theologian,non_europe
1896,Q1153185,Sahl al-Tustari,re_arabic_world,Arabic world,818.0,theologian,non_europe
1897,Q57693362,Muhammad ibn Abd al-Wahid Mallahi,re_arabic_world,Arabic world,1154.0,historian,non_europe
1898,Q12243677,Muadh al-Harra,re_arabic_world,Arabic world,800.0,linguist,non_europe
1899,Q3308706,Ibn al-Wafid,re_arabic_world,Arabic world,997.0,botanist,non_europe
1900,Q6533428,Ibn al-Kashshab,re_arabic_world,Arabic world,1098.0,linguist,non_europe
1901,Q6407970,ʻAbd Allah ibn Muhammad al-Husayni Nuqrahkar,re_arabic_world,Arabic world,1307.0,linguist,non_europe
1902,Q12205849,Muhammad ibn Ibrahim ibn Yahya Watwat,re_arabic_world,Arabic world,1235.0,botanist | linguist | zoologist | chemist,non_europe
1903,Q6535133,Ibn Jinni,re_arabic_world,Arabic world,941.0,linguist,non_europe
1904,Q2477222,Abdullah ibn Saba',re_arabic_world,Arabic world,600.0,theologian,non_europe
1905,Q335635,Al-Mawardi,re_arabic_world,Arabic world,974.0,political scientist | sociologist,non_europe
1906,Q200947,Ahmad ibn Fadlan,re_arabic_world,Arabic world,879.0,geographer,non_europe
1907,Q4118605,Muhammad al-Maghili,re_arabic_world,Arabic world,1440.0,theologian,non_europe
1908,Q12187054,Jalal al-Din al-Qazwini,re_arabic_world,Arabic world,1268.0,linguist,non_europe
1909,Q2081331,Haly Abenragel,re_arabic_world,Arabic world,901.0,astronomer,non_europe
1910,Q2918077,Said al-Andalusi,re_arabic_world,Arabic world,1029.0,astronomer | historian,non_europe
1911,Q8192126,Ahmad ibn Muhammad al-Razi,re_arabic_world,Arabic world,887.0,historian,non_europe
1912,Q3637065,Baybars al-Mansûrî,re_arabic_world,Arabic world,1247.0,historian,non_europe
1913,Q467148,Joseph ben Ephraim Karo,re_arabic_world,Arabic world,1488.0,philosopher,non_europe
1914,Q6536330,Muhammad ibn Shakir al-Kutubi,re_arabic_world,Arabic world,1287.0,historian,non_europe
1915,Q12178232,Abu Hashim al-Jubba'i,re_arabic_world,Arabic world,888.0,theologian,non_europe
1916,Q12181671,Ibrahim al-Riyadi al-Shaybani,re_arabic_world,Arabic world,838.0,linguist,non_europe
1917,Q288111,Jabir ibn Aflah,re_arabic_world,Arabic world,1100.0,astronomer | mathematician,non_europe
1918,Q16027759,Hussein Baroudi,re_arabic_world,Arabic world,1698.0,theologian,non_europe
1919,Q4664586,Abd al-Rahman al-Jadiri,re_arabic_world,Arabic world,1375.0,astronomer,non_europe
1920,Q307686,Abdullah ibn Salam,re_arabic_world,Arabic world,550.0,theologian,non_europe
1921,Q2342579,Sharaf al-Dīn al-Ṭūsī,re_arabic_world,Arabic world,1135.0,astronomer | mathematician,non_europe
1922,Q3772449,Ibn al-Saffar,re_arabic_world,Arabic world,950.0,astronomer,non_europe
1923,Q7902047,Usman Harooni,re_arabic_world,Arabic world,1107.0,philosopher,non_europe
1924,Q20384774,Muḥammad ibn ʻAbd al-Wāḥid Ibn al-Humām,re_arabic_world,Arabic world,1388.0,theologian,non_europe
1925,Q108687011,Aḥmad ibn Yūsuf Qaramānī,re_arabic_world,Arabic world,1532.0,historian,non_europe
1926,Q1235399,Ibn al-'Awwam,re_arabic_world,Arabic world,1150.0,botanist,non_europe
1927,Q330776,Abraham ben Solomon,re_arabic_world,Arabic world,1482.0,historian,non_europe
1928,Q3147451,Ibn Qurqūl,re_arabic_world,Arabic world,1111.0,theologian,non_europe
1929,Q639821,Ibn Kammuna,re_arabic_world,Arabic world,1215.0,theologian | philosopher,non_europe
1930,Q918471,Abu Bakr ibn al-Arabi,re_arabic_world,Arabic world,1076.0,historian,non_europe
1931,Q4670442,Abu al-Hasan Ali al-Jaznai,re_arabic_world,Arabic world,1300.0,historian,non_europe
1932,Q56063581,Judah ben Solomon ha-Kohen,re_arabic_world,Arabic world,1215.0,astronomer,non_europe
1933,Q4670036,Abu Abdallah ibn Askar,re_arabic_world,Arabic world,1529.0,historian,non_europe
1934,Q13176625,Aḥmad ibn Yūsuf ibn ʻAlī Ibn al-Azraq al-Fāriqī,re_arabic_world,Arabic world,1116.0,historian,non_europe
1935,Q57420531,Ibn Khatib al-Nasiriya,re_arabic_world,Arabic world,1372.0,historian,non_europe
1936,Q4116640,Muhammad ibn Aslam Al-Ghafiqi,re_arabic_world,Arabic world,1100.0,botanist,non_europe
1937,Q106595657,Al-Ṭignarī,re_arabic_world,Arabic world,1100.0,botanist,non_europe
1938,Q3147455,Ibn Masarra,re_arabic_world,Arabic world,883.0,philosopher,non_europe
1939,Q565665,Ibn 'Asakir,re_arabic_world,Arabic world,1105.0,theologian | historian,non_europe
1940,Q380295,Bar Hebraeus,re_arabic_world,Arabic world,1226.0,historian,non_europe
1941,Q2608002,Al-Baqillani,re_arabic_world,Arabic world,950.0,theologian,non_europe
1942,Q28714944,Al-Rummani,re_arabic_world,Arabic world,909.0,linguist | logician,non_europe
1943,Q20418542,Abu-l-Hasan al-Tamgruti,re_arabic_world,Arabic world,1534.0,historian,non_europe
1944,Q5949576,Bondari Esfahani,re_arabic_world,Arabic world,1190.0,historian,non_europe
1945,Q57316754,Ibn Hasnun,re_arabic_world,Arabic world,908.0,linguist,non_europe
1946,Q527284,Yaʿqūb ibn Ṭāriq,re_arabic_world,Arabic world,800.0,astronomer | mathematician,non_europe
1947,Q3483161,Sidi Abderrahmane ath-Thaalibi,re_arabic_world,Arabic world,1384.0,theologian,non_europe
1948,Q404554,William of Tripoli,re_arabic_world,Arabic world,1250.0,anthropologist,non_europe
1949,Q2474911,Al-Abbās ibn Said al-Jawharī,re_arabic_world,Arabic world,800.0,astronomer | mathematician,non_europe
1950,Q253568,Baha ad-Din ibn Shaddad,re_arabic_world,Arabic world,1145.0,theologian | historian,non_europe
1951,Q20639763,Taghi-o-din Rased,re_arabic_world,Arabic world,1521.0,mathematician,non_europe
1952,Q3607440,Al-Harran,re_arabic_world,Arabic world,1030.0,theologian | astronomer | philosopher,non_europe
1953,Q11904608,Al-Birzali,re_arabic_world,Arabic world,1267.0,historian,non_europe
1954,Q3180928,Abu Hafs Umar al-Suhrawardi,re_arabic_world,Arabic world,1145.0,theologian | philosopher,non_europe
1955,Q4164868,Al-Jaldaki,re_arabic_world,Arabic world,1300.0,chemist,non_europe
1956,Q4116117,Ibrahim El-Desouki,re_arabic_world,Arabic world,1255.0,theologian,non_europe
1957,Q225496,Abu Bakr bin Yahya al-Suli,re_arabic_world,Arabic world,880.0,historian,non_europe
1958,Q2829269,Al-Qatrawani,re_arabic_world,Arabic world,1450.0,mathematician,non_europe
1959,Q335103,Abū Kāmil Shujāʿ ibn Aslam,re_arabic_world,Arabic world,850.0,mathematician,non_europe
1960,Q5657658,Muhammad al-Khushani,re_arabic_world,Arabic world,901.0,historian,non_europe
1961,Q19715092,Ibn Muyassar,re_arabic_world,Arabic world,1231.0,historian,non_europe
1962,Q2822074,Abu Chama Chihab al-Din Abu al-Qasim abd al-Rahman,re_arabic_world,Arabic world,1203.0,historian,non_europe
1963,Q71394,Ibn Khallikan,re_arabic_world,Arabic world,1211.0,historian,non_europe
1964,Q459921,Ibn Yunus,re_arabic_world,Arabic world,950.0,astronomer | philosopher | mathematician,non_europe
1965,Q42332045,Ibn al-Dhibithi,re_arabic_world,Arabic world,1163.0,historian,non_europe
1966,Q4165460,Aban bin Uthman bin Affan,re_arabic_world,Arabic world,641.0,historian,non_europe
1967,Q11926333,Ibn Abi l-Dam,re_arabic_world,Arabic world,1187.0,historian,non_europe
1968,Q94875106,ʿAlī Ibn-al-Mufaḍḍal al- Maqdisī,re_arabic_world,Arabic world,1150.0,theologian,non_europe
1969,Q5602779,Al-Marzubānī,re_arabic_world,Arabic world,909.0,historian,non_europe
1970,Q16148550,Abu'l Hasan ibn Arfa Ra'a,re_arabic_world,Arabic world,1121.0,chemist,non_europe
1971,Q2837555,Abu Bakr Muhammad al-Turtushi,re_arabic_world,Arabic world,1059.0,political scientist,non_europe
1972,Q51454069,Ibn al-Haitham,re_arabic_world,Arabic world,850.0,historian,non_europe
1973,Q20003172,Ibn Abī Ṭayyiʼ,re_arabic_world,Arabic world,1180.0,historian,non_europe
1974,Q4695527,Ahmad ibn Qasim Al-Hajarī,re_arabic_world,Arabic world,1570.0,linguist,non_europe
1975,Q12228305,Umara bin Abi al-Hasan al-Hakami,re_arabic_world,Arabic world,1121.0,historian,non_europe
1976,Q590185,Abu Madyan,re_arabic_world,Arabic world,1126.0,theologian,non_europe
1977,Q6834951,Muḥammad Ibn-al-Huḏail Abu-'l-Huḏail al-ʿAllāf,re_arabic_world,Arabic world,752.0,theologian,non_europe
1978,Q2474018,Kushyar Gilani,re_arabic_world,Arabic world,971.0,geographer | astronomer | mathematician,non_europe
1979,Q3773066,Ibn Juzayy,re_arabic_world,Arabic world,1321.0,historian,non_europe
1980,Q99975913,Ahmad ibn Arabxah,re_arabic_world,Arabic world,1389.0,historian,non_europe
1981,Q12193844,Mundhirī,re_arabic_world,Arabic world,1185.0,historian,non_europe
1982,Q6288216,Joseph ibn Shem-Tov,re_arabic_world,Arabic world,1400.0,philosopher,non_europe
1983,Q4115862,Abu al-Abbas al-Nabati,re_arabic_world,Arabic world,1166.0,theologian | botanist,non_europe
1984,Q293497,Al-Jahiz,re_arabic_world,Arabic world,775.0,zoologist | historian,non_europe
1985,Q783253,Maslamah ibn Aḥmad Majrīṭī,re_arabic_world,Arabic world,950.0,astronomer | chemist | mathematician,non_europe
1986,Q12180143,Akmal al-Din al-Babarti,re_arabic_world,Arabic world,1314.0,theologian | linguist,non_europe
1987,Q5984216,Ibn Jurayj,re_arabic_world,Arabic world,699.0,theologian,non_europe
1988,Q60832196,Ibn Fallus,re_arabic_world,Arabic world,1194.0,mathematician,non_europe
1989,Q3101035,Qadi Ayyad,re_arabic_world,Arabic world,1084.0,historian,non_europe
1990,Q3561501,Ishaq ibn Hunayn,re_arabic_world,Arabic world,830.0,mathematician,non_europe
1991,Q6532961,Ibn Abī Yaʿlā,re_arabic_world,Arabic world,1059.0,historian,non_europe
1992,Q318820,Benjamin of Tudela,re_arabic_world,Arabic world,1130.0,historian,non_europe
1993,Q11904655,Al-Mubashshir ibn Fātik,re_arabic_world,Arabic world,1019.0,philosopher | mathematician,non_europe
1994,Q3791575,Ibn Shihab al-Zuhri,re_arabic_world,Arabic world,678.0,theologian | historian,non_europe
1995,Q12177686,Ibn al-Sarī al-Zajjāj,re_arabic_world,Arabic world,857.0,linguist,non_europe
1996,Q250568,Thābit ibn Qurra,re_arabic_world,Arabic world,836.0,astronomer | mathematician,non_europe
1997,Q423774,Urwah ibn Zubayr,re_arabic_world,Arabic world,644.0,historian,non_europe
1998,Q3594808,Abd Al-Wahhab bin Ahmad Al-Misri Al-Sharani,re_arabic_world,Arabic world,1491.0,philosopher | historian,non_europe
1999,Q6718226,Jaʻfar ibn Thaʻlab Udfuwi,re_arabic_world,Arabic world,1286.0,linguist | historian,non_europe
2000,Q3607422,Al-Abiwardi,re_arabic_world,Arabic world,1064.0,historian,non_europe
2001,Q217915,Piri Reis,re_arabic_world,Arabic world,1470.0,geographer,non_europe
2002,Q3675585,Ibn al-Mustawfī,re_arabic_world,Arabic world,1170.0,linguist | historian,non_europe
2003,Q5984236,Ibn Maḍāʾ,re_arabic_world,Arabic world,1116.0,mathematician,non_europe
2004,Q54861334,Ahmad ibn Muhammad Fayyumi,re_arabic_world,Arabic world,1291.0,linguist,non_europe
2005,Q61056,al-Maʾmun,re_arabic_world,Arabic world,786.0,geographer,non_europe
2006,Q718169,Ibn al-Shatir,re_arabic_world,Arabic world,1304.0,astronomer | mathematician,non_europe
2007,Q5655018,Abenalsid,re_arabic_world,Arabic world,1052.0,philosopher,non_europe
2008,Q2462345,Al-Shaykh Al-Mufid,re_arabic_world,Arabic world,948.0,theologian,non_europe
2009,Q42298572,Taj al-Din al-Sinjari,re_arabic_world,Arabic world,1322.0,linguist,non_europe
2010,Q3603852,Ibn Kabar,re_arabic_world,Arabic world,1201.0,historian,non_europe
2011,Q22684344,Ismail bin Muhammad al-Saffar,re_arabic_world,Arabic world,861.0,linguist,non_europe
2012,Q3353450,Fakhr-al-Din Iraqi,re_arabic_world,Arabic world,1213.0,philosopher,non_europe
2013,Q160460,Al-Farabi,re_arabic_world,Arabic world,870.0,musicologist | philosopher | physicist,non_europe
2014,Q57477040,Qutb al-Din al-Safawi,re_arabic_world,Arabic world,1495.0,logician,non_europe
2015,Q363852,Moses Bar-Kepha,re_arabic_world,Arabic world,813.0,theologian,non_europe
2016,Q4119124,Ibn Hamza al-Maghribi,re_arabic_world,Arabic world,1500.0,mathematician,non_europe
2017,Q270670,Abraham ibn Ezra,re_arabic_world,Arabic world,1092.0,astronomer | philosopher,non_europe
2018,Q170046,Ja'far al-Sadiq,re_arabic_world,Arabic world,702.0,theologian,non_europe
2019,Q735601,Junayd of Baghdad,re_arabic_world,Arabic world,830.0,philosopher,non_europe
2020,Q981803,Dhul-Nun al-Misri,re_arabic_world,Arabic world,796.0,theologian | archeologist | historian,non_europe
2021,Q11482162,Ibn al-Haddad,re_arabic_world,Arabic world,1030.0,mathematician,non_europe
2022,Q3157606,Jacob ben Nissim,re_arabic_world,Arabic world,950.0,philosopher,non_europe
2023,Q6118970,Jacob Mantino ben Samuel,re_arabic_world,Arabic world,1490.0,philosopher,non_europe
2024,Q1397028,Ibn Manzur,re_arabic_world,Arabic world,1233.0,historian,non_europe
2025,Q2822099,Abu al-Abbas as-Sabti,re_arabic_world,Arabic world,1129.0,philosopher,non_europe
2026,Q18204876,Hisham ibn Hakam,re_arabic_world,Arabic world,750.0,philosopher,non_europe
2027,Q25088,Muhammad al-Jawad,re_arabic_world,Arabic world,811.0,theologian,non_europe
2028,Q10394588,Yaʿīsh ibn Ibrāhīm al-Umawī,re_arabic_world,Arabic world,1400.0,mathematician,non_europe
2029,Q12178132,Muḥammad ibn Yūsuf al-Kindi,re_arabic_world,Arabic world,897.0,historian,non_europe
2030,Q302835,Nasir al-Din al-Tusi,re_arabic_world,Arabic world,1201.0,theologian | astronomer | philosopher | mathematician,non_europe
2031,Q4695524,Ahmad ibn Munim al-Abdari,re_arabic_world,Arabic world,1150.0,mathematician,non_europe
2032,Q12198431,Bishr ibn Ghayāth Marīsī,re_arabic_world,Arabic world,800.0,theologian,non_europe
2033,Q9038,Al-Khwarizmi,re_arabic_world,Arabic world,780.0,philosopher | astronomer | mathematician | geographer | historian,non_europe
2034,Q97144071,Daoud bin Haytham al-Tanukhi,re_arabic_world,Arabic world,843.0,linguist,non_europe
2035,Q468432,Jalal al-Din al-Suyuti,re_arabic_world,Arabic world,1445.0,geographer | historian,non_europe
2036,Q12183326,Al-Akhfash al-Asghar,re_arabic_world,Arabic world,849.0,linguist,non_europe
2037,Q288067,Al-Nuwayri,re_arabic_world,Arabic world,1278.0,historian,non_europe
2038,Q557882,Azriel,re_arabic_world,Arabic world,1160.0,philosopher,non_europe
2039,Q4117458,Zakariyya al-Ansari,re_arabic_world,Arabic world,1420.0,linguist | historian,non_europe
2040,Q5984322,Ibn al-Yasamin,re_arabic_world,Arabic world,1100.0,mathematician,non_europe
2041,Q287501,Ibrahim an-Nazzam,re_arabic_world,Arabic world,775.0,theologian,non_europe
2042,Q61065695,Muḥibb al-Dīn Ibn al-Najjār,re_arabic_world,Arabic world,1183.0,historian,non_europe
2043,Q12208197,Hussein Khouja,re_arabic_world,Arabic world,1666.0,historian,non_europe
2044,Q1655886,Ḫalaf Ibn-ʿAbd-al-Malik Ibn-Baškuwāl,re_arabic_world,Arabic world,1101.0,historian,non_europe
2045,Q3147671,"Yashūʻadnāḥ, Bishop of Basra",re_arabic_world,Arabic world,801.0,theologian,non_europe
2046,Q25489664,Isaac Albalia,re_arabic_world,Arabic world,1035.0,astronomer,non_europe
2047,Q4076086,Abd al-Rashid al-Bakuwi,re_arabic_world,Arabic world,1400.0,geographer,non_europe
2048,Q519405,Khalifa ibn Khayyat,re_arabic_world,Arabic world,777.0,historian,non_europe
2049,Q144287,Zayd ibn Ali,re_arabic_world,Arabic world,695.0,theologian,non_europe
2050,Q290506,Al-Hilli,re_arabic_world,Arabic world,1250.0,theologian,non_europe
2051,Q2475262,Habash al-Hasib al-Marwazi,re_arabic_world,Arabic world,766.0,astronomer | mathematician,non_europe
2052,Q461096,Ibn Hišām,re_arabic_world,Arabic world,701.0,historian,non_europe
2053,Q2829271,Al-Qastallani,re_arabic_world,Arabic world,1448.0,historian,non_europe
2054,Q4195341,Ibrahim ibn Muhàmmad ibn Ibrahim al-Halabí,re_arabic_world,Arabic world,1460.0,historian,non_europe
2055,Q293528,Al-Baladhuri,re_arabic_world,Arabic world,820.0,geographer | historian,non_europe
2056,Q16117724,Ahmad al-Wansharisi,re_arabic_world,Arabic world,1431.0,theologian,non_europe
2057,Q1032839,Khalaf al-Ahmar,re_arabic_world,Arabic world,733.0,linguist,non_europe
2058,Q6534226,Abu Ya'la,re_arabic_world,Arabic world,990.0,theologian,non_europe
2059,Q3128063,Hasan al-Rammah,re_arabic_world,Arabic world,1200.0,chemist,non_europe
2060,Q1383938,Shem-Tov ibn Falaquera,re_arabic_world,Arabic world,1225.0,philosopher,non_europe
2061,Q6533780,Ibn al-Sikkit,re_arabic_world,Arabic world,802.0,linguist,non_europe
2062,Q982170,Shlomo ben Aderet,re_arabic_world,Arabic world,1235.0,philosopher,non_europe
2063,Q2829242,Al-Mubarrad,re_arabic_world,Arabic world,826.0,linguist,non_europe
2064,Q23951994,Ibrahim ibn Said al-Sahli,re_arabic_world,Arabic world,1001.0,astronomer | mathematician,non_europe
2065,Q471116,Ibn Hajar al-Asqalani,re_arabic_world,Arabic world,1372.0,historian,non_europe
2066,Q357940,Dunash ibn Tamim,re_arabic_world,Arabic world,890.0,astronomer,non_europe
2067,Q4670236,Abu Jafar ibn Harun al-Turjali,re_arabic_world,Arabic world,1180.0,philosopher,non_europe
2068,Q75007,Muhammad ibn Iyas,re_arabic_world,Arabic world,1448.0,historian,non_europe
2069,Q57749726,Ibn al-Qawba',re_arabic_world,Arabic world,1266.0,linguist,non_europe
2070,Q12191204,Aḥmad Ibn-Muḥammad al- Qudūrī,re_arabic_world,Arabic world,973.0,theologian,non_europe
2071,Q3045396,Ibn Said al-Maghribi,re_arabic_world,Arabic world,1213.0,geographer,non_europe
2072,Q840652,Omar Tiberiades,re_arabic_world,Arabic world,762.0,astronomer | philosopher | linguist,non_europe
2073,Q107341628,Ibn Sa'd al-Khayr of Valencia,re_arabic_world,Arabic world,1116.0,linguist,non_europe
2074,Q3777146,Izz al-Din ibn Hibatullah ibn Abi l-Hadid,re_arabic_world,Arabic world,1191.0,theologian | historian,non_europe
2075,Q11728390,Ibn Aqil,re_arabic_world,Arabic world,1040.0,theologian,non_europe
2076,Q2987645,Ibn Muʿādh al-Jayyānī,re_arabic_world,Arabic world,989.0,mathematician,non_europe
2077,Q3571334,Yahya ibn Adi,re_arabic_world,Arabic world,893.0,philosopher,non_europe
2078,Q4664888,Abdelwahid al-Marrakushi,re_arabic_world,Arabic world,1185.0,historian,non_europe
2079,Q67201430,Ibn al-Qabisi,re_arabic_world,Arabic world,1163.0,linguist,non_europe
2080,Q3046604,Ibn Abi Zar,re_arabic_world,Arabic world,1250.0,historian,non_europe
2081,Q127398,Moshe ben Maimon,re_arabic_world,Arabic world,1138.0,astronomer | philosopher,non_europe
2082,Q6758211,Jalaluddin al-Mahalli,re_arabic_world,Arabic world,1389.0,theologian,non_europe
2083,Q1640082,Abu Hayyan al-Gharnati,re_arabic_world,Arabic world,1256.0,theologian,non_europe
2084,Q308115,Abd as-Salam ibn Mashish al-Alami,re_arabic_world,Arabic world,1165.0,theologian,non_europe
2085,Q256506,Rabia of Basri,re_arabic_world,Arabic world,710.0,philosopher,non_europe
2086,Q307277,Abd al-Latif al-Baghdadi,re_arabic_world,Arabic world,1162.0,archeologist | historian,non_europe
2087,Q27546923,Al-Haytham ibn 'Adi,re_arabic_world,Arabic world,748.0,linguist | historian,non_europe
2088,Q330616,Al-Damiri,re_arabic_world,Arabic world,1341.0,philosopher | zoologist,non_europe
2089,Q3318809,Mohamed Seghir Ben Youssef,re_arabic_world,Arabic world,1691.0,historian,non_europe
2090,Q742319,Imad ad-Din al-Isfahani,re_arabic_world,Arabic world,1125.0,historian,non_europe
2091,Q12242407,Al-ʻIjliyyah,re_arabic_world,Arabic world,950.0,astronomer,non_europe
2092,Q3147431,Ibn Abd al-Zahir,re_arabic_world,Arabic world,1223.0,historian,non_europe
2093,Q220697,Abu Yusuf,re_arabic_world,Arabic world,731.0,philosopher,non_europe
2094,Q958426,Joseph ibn Tzaddik,re_arabic_world,Arabic world,1075.0,philosopher,non_europe
2095,Q6930533,Mu'ayyad fi'l-Din al-Shirazi,re_arabic_world,Arabic world,1000.0,philosopher,non_europe
2096,Q5907931,Ibn Tumlus,re_arabic_world,Arabic world,1164.0,philosopher,non_europe
2097,Q355455,Nahmanides,re_arabic_world,Arabic world,1194.0,philosopher,non_europe
2098,Q16159801,Abu-Bayhas,re_arabic_world,Arabic world,700.0,theologian,non_europe
2099,Q712890,Mujahid ibn Jabr,re_arabic_world,Arabic world,642.0,theologian,non_europe
2100,Q6533039,Ibn Abi al-Khisal,re_arabic_world,Arabic world,1073.0,historian,non_europe
2101,Q1919866,Ahmad ibn Mājid,re_arabic_world,Arabic world,1432.0,geographer,non_europe
2102,Q2829407,Abu al-Abbas al-Sharishi,re_arabic_world,Arabic world,1162.0,linguist,non_europe
2103,Q335599,Abu al-Faraj al-Isfahani,re_arabic_world,Arabic world,897.0,historian,non_europe
2104,Q97143599,Abu al-'Ala al-Majashi'i,re_arabic_world,Arabic world,1066.0,linguist,non_europe
2105,Q3607504,al-Himyari,re_arabic_world,Arabic world,1401.0,geographer,non_europe
2106,Q3778265,Ibn Sidah,re_arabic_world,Arabic world,1007.0,linguist | philosopher | logician,non_europe
2107,Q2479109,Abul Abbas al-Mursi,re_arabic_world,Arabic world,1219.0,theologian,non_europe
2108,Q11926367,Ibn al-Mudjawir,re_arabic_world,Arabic world,1204.0,geographer,non_europe
2109,Q3607662,Alam al-Din al-Hanafi,re_arabic_world,Arabic world,1178.0,astronomer | mathematician,non_europe
2110,Q293554,Al-Dhahabi,re_arabic_world,Arabic world,1274.0,historian,non_europe
2111,Q400930,Ahmad ibn Arabshah,re_arabic_world,Arabic world,1389.0,historian,non_europe
2112,Q4703267,Al-Suhayli,re_arabic_world,Arabic world,1114.0,theologian,non_europe
2113,Q3128841,Sayyid Haydar Amuli,re_arabic_world,Arabic world,1319.0,philosopher,non_europe
2114,Q1673518,Isaac ibn Latif,re_arabic_world,Arabic world,1210.0,philosopher,non_europe
2115,Q12177855,Al-Bazzar,re_arabic_world,Arabic world,820.0,theologian,non_europe
2116,Q527954,Asad ibn al-Furat,re_arabic_world,Arabic world,759.0,theologian,non_europe
2117,Q20810372,Abu Saeed Mubarak Makhzoomi,re_arabic_world,Arabic world,1013.0,theologian,non_europe
2118,Q2198528,Ahmad ibn Yusuf,re_arabic_world,Arabic world,835.0,astronomer | mathematician,non_europe
2119,Q1395668,Ibn Abi Usaibia,re_arabic_world,Arabic world,1203.0,historian,non_europe
2120,Q63487755,Shaydhalah,re_arabic_world,Arabic world,1001.0,theologian,non_europe
2121,Q22690798,Yahya al-Obaidaly,re_arabic_world,Arabic world,829.0,historian,non_europe
2122,Q305975,Abbas Ibn Firnas,re_arabic_world,Arabic world,810.0,astronomer | chemist,non_europe
2123,Q294116,Al-Muqaddasi,re_arabic_world,Arabic world,945.0,geographer,non_europe
2124,Q6536228,Fatḥ al-Din Ibn Sayyid al-Nās,re_arabic_world,Arabic world,1272.0,historian,non_europe
2125,Q8061995,Yusuf bin Ahmad al-Kawneyn,re_arabic_world,Arabic world,1150.0,philosopher,non_europe
2126,Q315031,Musa al-Kadhim,re_arabic_world,Arabic world,745.0,theologian,non_europe
2127,Q48703,Al-Muzani,re_arabic_world,Arabic world,791.0,theologian,non_europe
2128,Q107356660,Ibrahim ibn Abi Bakr al-Ansari,re_arabic_world,Arabic world,1212.0,linguist,non_europe
2129,Q337126,Al-Bakri,re_arabic_world,Arabic world,1014.0,botanist | historian | geographer,non_europe
2130,Q3719891,Al-Hasan ibn 'Ali al-Barbahari,re_arabic_world,Arabic world,867.0,theologian,non_europe
2131,Q293689,al-Yaʿqubi,re_arabic_world,Arabic world,801.0,geographer | historian | mathematician,non_europe
2132,Q2829422,Al Wazir Al Sarraj,re_arabic_world,Arabic world,1659.0,historian,non_europe
2133,Q1706130,Joseph ben Judah ibn Aknin,re_arabic_world,Arabic world,1150.0,philosopher,non_europe
2134,Q3389798,Martin of Leon,re_arabic_world,Arabic world,1130.0,philosopher,non_europe
2135,Q615555,Hamza ibn Ali ibn Ahmad,re_arabic_world,Arabic world,985.0,theologian,non_europe
2136,Q470795,Nur ad-Din al-Bitruji,re_arabic_world,Arabic world,1200.0,astronomer,non_europe
2137,Q337009,Abu Mikhnaf,re_arabic_world,Arabic world,709.0,historian,non_europe
2138,Q4170178,Ibn al-Qaisarani,re_arabic_world,Arabic world,1056.0,historian,non_europe
2139,Q19999496,Ezra ben Salomon de Gérone,re_arabic_world,Arabic world,1150.0,theologian,non_europe
2140,Q5984303,Ibn al-Fuwati,re_arabic_world,Arabic world,1244.0,astronomer | historian,non_europe
2141,Q85962479,Abdullah ibn Ahmad al-Fakihi,re_arabic_world,Arabic world,1493.0,linguist,non_europe
2142,Q31003843,'Ala' al-Din al-Bukhari,re_arabic_world,Arabic world,1377.0,theologian | logician,non_europe
2143,Q2695766,Abū Hayyān al-Tawhīdī,re_arabic_world,Arabic world,923.0,philosopher,non_europe
2144,Q12220518,Ḍirār ibn ʻAmr al-Ghaṭafānī,re_arabic_world,Arabic world,728.0,theologian,non_europe
2145,Q3147466,Ibn Zura,re_arabic_world,Arabic world,943.0,philosopher,non_europe
2146,Q706588,Khashkhash Ibn Saeed Ibn Aswad,re_arabic_world,Arabic world,801.0,geographer,non_europe
2147,Q311495,Abu al-Qasim al-Zahrawi,re_arabic_world,Arabic world,936.0,philosopher | anatomist,non_europe
2148,Q282883,Shahab al-Din Suhrawardi,re_arabic_world,Arabic world,1155.0,philosopher,non_europe
2149,Q25468769,Majd ad-Dīn Ibn Athir,re_arabic_world,Arabic world,1150.0,linguist | historian,non_europe
2150,Q2737184,Ibn al-Khatib,re_arabic_world,Arabic world,1313.0,philosopher | historian,non_europe
2151,Q3603837,Abu 'Ali al-Khaiyat,re_arabic_world,Arabic world,770.0,astronomer,non_europe
2152,Q10299689,Ibn Ghazi al-Miknasi,re_arabic_world,Arabic world,1437.0,linguist | historian | mathematician,non_europe
2153,Q2658869,Chihab al-Umari,re_arabic_world,Arabic world,1301.0,historian,non_europe
2154,Q6532342,Ibrahim ibn Ishaq al-Harbi,re_arabic_world,Arabic world,813.0,linguist,non_europe
2155,Q97143762,Al-Khidr bin Tharwan,re_arabic_world,Arabic world,1111.0,linguist,non_europe
2156,Q1384613,Ibn al-Nadim,re_arabic_world,Arabic world,1000.0,historian,non_europe
2157,Q10296786,Sayyed Ibn Tawus,re_arabic_world,Arabic world,1193.0,historian,non_europe
2158,Q11908846,Bayan ibn Saman al-Tamimi,re_arabic_world,Arabic world,700.0,theologian,non_europe
2159,Q4670019,Abu'l Husayn al-Basri,re_arabic_world,Arabic world,980.0,theologian,non_europe
2160,Q1168219,Josef ben Meir ibn Zabara,re_arabic_world,Arabic world,1140.0,physicist,non_europe
2161,Q12190429,ʻAlī ibn Muḥammad Sakhāwī,re_arabic_world,Arabic world,1163.0,linguist,non_europe
2162,Q167852,Jabir ibn Hayyan,re_arabic_world,Arabic world,721.0,astronomer | philosopher | mathematician,non_europe
2163,Q40379014,Ibn Khatib Daraya,re_arabic_world,Arabic world,1344.0,linguist,non_europe
2164,Q5661709,Al-Ruayni,re_arabic_world,Arabic world,950.0,philosopher,non_europe
2165,Q2637658,Sawirus ibn al-Muqaffaʿ,re_arabic_world,Arabic world,1000.0,historian,non_europe
2166,Q178638,Nasreddin,re_arabic_world,Arabic world,1200.0,philosopher,non_europe
2167,Q57252424,Ahmad ibn Khalil al-Khoei,re_arabic_world,Arabic world,1187.0,theologian,non_europe
2168,Q11362,Avempace,re_arabic_world,Arabic world,1080.0,botanist | astronomer | philosopher | mathematician,non_europe
2169,Q1243803,George Elmacin,re_arabic_world,Arabic world,1223.0,historian,non_europe
2170,Q18397639,Mūsá ibn ʻUqbah,re_arabic_world,Arabic world,674.0,historian,non_europe
2171,Q733598,Moses ben Jacob Cordovero,re_arabic_world,Arabic world,1522.0,theologian,non_europe
2172,Q704486,Marcin Wadowita,re_central_europe,Central Europe,1567.0,theologian,europe
2173,Q2502886,Benedict Herbest,re_central_europe,Central Europe,1531.0,theologian,europe
2174,Q35802,Benedictus de Spinoza,re_low_countries,Low countries,1632.0,theologian | linguist | philosopher | political scientist,europe
2175,Q71916,August Frederick of Holstein-Gottorp,re_german_world,German world,1646.0,theologian,europe
2176,Q1703298,Mordecai Finzi,re_italy,Italy,1440.0,astronomer | mathematician,europe
2177,Q332450,Peder Horrebow,re_nordic_countries,Nordic countries,1679.0,astronomer | mathematician,europe
2178,Q1081671,Christian Sahme,re_slav_world,Slav world,1663.0,theologian | astronomer | mathematician,europe
2179,Q15430232,Edmund Borlase,re_british_islands,British Islands,1620.0,historian,europe
2180,Q52154066,Petrus De Witte,re_low_countries,Low countries,1622.0,theologian,europe
2181,Q88488273,Guglielmo Maramauro,re_italy,Italy,1317.0,theologian,europe
2182,Q8016738,William Pemble,re_british_islands,British Islands,1592.0,theologian,europe
2183,Q99284555,Bartolomeo Ricci,re_italy,Italy,1542.0,theologian,europe
2184,Q21557912,Nicolas-Joseph Poisson,re_france,France,1637.0,philosopher,europe
2185,Q11922904,Francesc de Castellví i Obando,re_german_world,German world,1682.0,historian,europe
2186,Q5930259,Hugh Candidus,re_british_islands,British Islands,1095.0,historian,europe
2187,Q18945075,Bartolomeo Intieri,re_italy,Italy,1677.0,botanist,europe
2188,Q683784,George Bull,re_british_islands,British Islands,1634.0,theologian,europe
2189,Q94903672,Johann Georg Arnold,re_german_world,German world,1685.0,philosopher,europe
2190,Q460400,Edward Misselden,re_british_islands,British Islands,1608.0,economist,europe
2191,Q470428,Georg Christoph Eimmart,re_german_world,German world,1638.0,astronomer | mathematician,europe
2192,Q11817452,Piotr Fabrycy Kowalski,re_central_europe,Central Europe,1552.0,theologian,europe
2193,Q94934167,Urbain Augustin Mabileau,re_france,France,1672.0,theologian,europe
2194,Q1903965,Martin Hanke,re_central_europe,Central Europe,1633.0,historian,europe
2195,Q17625960,Durand d'Auvergne,re_france,France,1250.0,philosopher,europe
2196,Q1932211,Arthur Golding,re_british_islands,British Islands,1536.0,linguist,europe
2197,Q2394771,Gaspard Moïse Augustin de Fontanieu,re_france,France,1694.0,historian,europe
2198,Q11034074,John Glas,re_british_islands,British Islands,1695.0,theologian,europe
2199,Q56000080,Miguel Bartolomé Salón,re_spain,Spain,1539.0,theologian,europe
2200,Q97580,Bernhard Bogentanz,re_central_europe,Central Europe,1494.0,musicologist,europe
2201,Q71997,Henry of Langenstein,re_german_world,German world,1325.0,astronomer,europe
2202,Q94859226,Luigi Bellacato,re_italy,Italy,1501.0,philosopher,europe
2203,Q124121,Franciscus Irenicus,re_german_world,German world,1495.0,theologian | historian,europe
2204,Q131548,Jordanes,re_italy,Italy,600.0,historian,europe
2205,Q365805,Gioseffo Zarlino,re_italy,Italy,1517.0,musicologist,europe
2206,Q11716442,Jakub Henryk Zerneke,re_central_europe,Central Europe,1672.0,historian,europe
2207,Q11884322,Nicolaus Nycopensis,re_slav_world,Slav world,1610.0,philosopher,europe
2208,Q41568,Michel de Montaigne,re_france,France,1533.0,philosopher,europe
2209,Q104633,Johann Thal,re_german_world,German world,1542.0,botanist,europe
2210,Q33109082,Jasper Köneken,re_german_world,German world,1629.0,theologian,europe
2211,Q323341,Immanuel Tremellius,re_france,France,1510.0,theologian,europe
2212,Q55679944,Johann Gottlieb Ezler,re_central_europe,Central Europe,1662.0,theologian,europe
2213,Q76325,Philipp Melanchthon,re_german_world,German world,1497.0,theologian | astronomer | philosopher,europe
2214,Q57180004,Antoine Noguier,re_france,France,1600.0,historian,europe
2215,Q878819,Vakhtang VI of Kartli,re_slav_world,Slav world,1675.0,historian,europe
2216,Q36592687,Johann Georg Heinrich Kramer,re_german_world,German world,1684.0,botanist,europe
2217,Q5849201,Esteban de Corbera,re_spain,Spain,1563.0,historian,europe
2218,Q523931,Girolamo Zoppio,re_italy,Italy,1516.0,linguist | philosopher,europe
2219,Q940017,Francisco Hernández de Toledo,re_spain,Spain,1515.0,botanist | zoologist,europe
2220,Q548301,Albert Girard,re_low_countries,Low countries,1595.0,mathematician,europe
2221,Q3476896,Sebastiano Menzocchi,re_italy,Italy,1535.0,historian,europe
2222,Q4022814,Yohanan Alemanno,re_italy,Italy,1435.0,philosopher,europe
2223,Q3767037,Giovanni Colonna,re_italy,Italy,1298.0,historian,europe
2224,Q3852087,Matteo Busale,re_italy,Italy,1525.0,theologian,europe
2225,Q6301222,Juan de Celaya,re_spain,Spain,1490.0,philosopher | physicist | mathematician,europe
2226,Q2340096,Gerlachus Suikers,re_low_countries,Low countries,1669.0,historian,europe
2227,Q102183661,Helmold Glaedenstedt,re_german_world,German world,1371.0,philosopher,europe
2228,Q584706,Andalò del Negro,re_italy,Italy,1260.0,geographer | astronomer,europe
2229,Q2978359,Claude de Sainctes,re_france,France,1525.0,theologian,europe
2230,Q95067611,Josephus Werner,re_central_europe,Central Europe,1697.0,historian,europe
2231,Q1617588,Hieronymus Nopp,re_german_world,German world,1450.0,theologian,europe
2232,Q2550205,Diego de Torres Villarroel,re_spain,Spain,1693.0,mathematician,europe
2233,Q4026168,Herman Lethmaet,re_low_countries,Low countries,1492.0,theologian,europe
2234,Q9011532,Jerónimo Muñoz,re_spain,Spain,1520.0,geographer | linguist | mathematician,europe
2235,Q55225936,Giovanni Antonio Bovio,re_italy,Italy,1560.0,theologian,europe
2236,Q770348,Ranulf Higden,re_british_islands,British Islands,1299.0,historian,europe
2237,Q1903814,Martin Gallus,re_central_europe,Central Europe,1505.0,theologian,europe
2238,Q5217112,Daniel Featley,re_british_islands,British Islands,1582.0,theologian,europe
2239,Q6068986,Pedro González de Mendoza,re_spain,Spain,1570.0,theologian,europe
2240,Q15994727,Thomas Salmon,re_british_islands,British Islands,1679.0,geographer | historian,europe
2241,Q104099717,Pierre Bobynet,re_france,France,1593.0,philosopher,europe
2242,Q74248,Johannes Aepinus,re_german_world,German world,1499.0,theologian,europe
2243,Q124902,Peter Schenk the Younger,re_low_countries,Low countries,1693.0,geographer,europe
2244,Q1126685,Conrad Buno,re_german_world,German world,1613.0,geographer,europe
2245,Q1541778,Michael Keller,re_german_world,German world,1490.0,theologian,europe
2246,Q15430968,Martin Knorre,re_german_world,German world,1657.0,mathematician,europe
2247,Q16269751,Niklaus von Flüe,re_german_world,German world,1598.0,theologian,europe
2248,Q2427176,Daniël Stopendaal,re_low_countries,Low countries,1672.0,geographer,europe
2249,Q3624792,Ascanio Persio,re_italy,Italy,1554.0,linguist,europe
2250,Q21104968,Lubbert Gerritsz.,re_low_countries,Low countries,1534.0,theologian,europe
2251,Q1462595,Friedrich Ulrich Calixt,re_german_world,German world,1622.0,theologian,europe
2252,Q55373144,Michael Scheffelt,re_german_world,German world,1652.0,mathematician,europe
2253,Q104879934,Martin Master,re_british_islands,British Islands,1607.0,mathematician,europe
2254,Q55193369,Alphons Stadlmayr,re_german_world,German world,1610.0,theologian,europe
2255,Q2538072,Andrew of Wyntoun,re_british_islands,British Islands,1350.0,historian,europe
2256,Q4259143,François-Bernard Lépicié,re_france,France,1698.0,historian,europe
2257,Q13468784,Claes Jansz. Wytmans,re_low_countries,Low countries,1570.0,geographer,europe
2258,Q106453804,José Fernández,re_spain,Spain,1617.0,theologian | philosopher | historian,europe
2259,Q1695760,Johann Paul Oettel,re_german_world,German world,1699.0,theologian,europe
2260,Q16859342,Zacheus Isham,re_british_islands,British Islands,1651.0,theologian,europe
2261,Q1910548,Matthäus Röseler,re_german_world,German world,1522.0,astronomer | mathematician,europe
2262,Q18587227,Joannes Raphael Cobenzl,re_german_world,German world,1571.0,theologian | philosopher,europe
2263,Q1772423,Georges d'Armagnac,re_france,France,1501.0,philosopher,europe
2264,Q252918,Aegidius Faber,re_german_world,German world,1490.0,theologian,europe
2265,Q1540005,Gottschalk Kruse,re_german_world,German world,1499.0,theologian,europe
2266,Q459721,Ambrosius Pape,re_german_world,German world,1553.0,theologian,europe
2267,Q64391849,Vincenzo Paravicini,re_german_world,German world,1648.0,theologian,europe
2268,Q1451251,François de La Mothe Le Vayer,re_france,France,1588.0,philosopher,europe
2269,Q19596402,Alberto Cassio,re_italy,Italy,1669.0,archeologist | historian,europe
2270,Q2348815,Georges Fournier,re_france,France,1595.0,geographer | mathematician,europe
2271,Q1668691,Lucas Debes,re_nordic_countries,Nordic countries,1623.0,geographer,europe
2272,Q5526542,Gaspar Hurtado,re_spain,Spain,1575.0,theologian,europe
2273,Q2589657,Paulus Juusten,re_nordic_countries,Nordic countries,1516.0,historian,europe
2274,Q1554562,Gundaker Thomas Starhemberg,re_central_europe,Central Europe,1663.0,economist,europe
2275,Q15431765,Tobias Henrich Schubart,re_german_world,German world,1699.0,theologian,europe
2276,Q3592436,Étienne de Rouen,re_france,France,1150.0,historian,europe
2277,Q3370384,Paul-Yves Pezron,re_france,France,1640.0,linguist,europe
2278,Q96244489,Hieronymus Brillinger,re_german_world,German world,1469.0,theologian,europe
2279,Q826082,Bernhard Vaget,re_german_world,German world,1548.0,theologian,europe
2280,Q94935828,Johann Sauer,re_german_world,German world,1621.0,theologian,europe
2281,Q55682568,Johann Leonhard Bildstein,re_german_world,German world,1601.0,theologian,europe
2282,Q209152,William Penn,re_british_islands,British Islands,1644.0,theologian | philosopher,europe
2283,Q5481227,Francis Harold,re_british_islands,British Islands,1700.0,historian,europe
2284,Q523499,Johann Georg Ahle,re_german_world,German world,1651.0,musicologist,europe
2285,Q3157608,Jacob de Bucquoy,re_low_countries,Low countries,1693.0,geographer,europe
2286,Q77266,Jacob Breyne,re_central_europe,Central Europe,1637.0,botanist | zoologist,europe
2287,Q2433234,Tilemann Olearius,re_german_world,German world,1600.0,theologian,europe
2288,Q74332,Dietrich of Nieheim,re_low_countries,Low countries,1340.0,historian,europe
2289,Q27039182,Johann Kitzel,re_german_world,German world,1574.0,mathematician,europe
2290,Q108296859,Camillo Angelo Alghisi,re_italy,Italy,1560.0,theologian,europe
2291,Q1506005,Georg Serpilius,re_german_world,German world,1668.0,theologian,europe
2292,Q12263565,Miguel Elizalde,re_spain,Spain,1619.0,theologian,europe
2293,Q98446,Marquard Gude,re_german_world,German world,1635.0,archeologist | anthropologist,europe
2294,Q15446944,Peter Vehr,re_german_world,German world,1585.0,theologian,europe
2295,Q51076470,Jodocus Eichmann,re_german_world,German world,1420.0,theologian,europe
2296,Q690346,Denis the Carthusian,re_low_countries,Low countries,1402.0,theologian | philosopher,europe
2297,Q1230485,Giovanni Maria Lancisi,re_italy,Italy,1654.0,epidemiologist | anatomist,europe
2298,Q58753,August Hermann Francke,re_german_world,German world,1663.0,theologian,europe
2299,Q94866188,Johannes Feinauer,re_german_world,German world,1671.0,theologian,europe
2300,Q1506226,Georg Tobias Pistorius,re_german_world,German world,1666.0,historian,europe
2301,Q106994,Johann Briesmann,re_slav_world,Slav world,1488.0,theologian,europe
2302,Q33247346,Gottlieb Spitzel,re_german_world,German world,1639.0,theologian,europe
2303,Q16208853,Rodrigo Dosma,re_spain,Spain,1533.0,theologian | historian | mathematician,europe
2304,Q1694905,Johann Jakob Lorez,re_german_world,German world,1697.0,theologian,europe
2305,Q982541,Melchior Inchofer,re_italy,Italy,1585.0,theologian,europe
2306,Q23565042,Andreas Ornithoparchus,re_german_world,German world,1490.0,musicologist,europe
2307,Q809513,Bartolomeo da Varignana,re_italy,Italy,1300.0,anatomist,europe
2308,Q26254944,Wolfgang Bachmeyer,re_german_world,German world,1597.0,mathematician,europe
2309,Q2474713,Andreas Volanus,re_central_europe,Central Europe,1530.0,theologian,europe
2310,Q16117292,Pavel Skála ze Zhoře,re_german_world,German world,1583.0,historian,europe
2311,Q289825,Étienne Lauréault de Foncemagne,re_france,France,1694.0,historian,europe
2312,Q2300631,Adriaen Anthonisz,re_low_countries,Low countries,1541.0,mathematician,europe
2313,Q775194,Giovanni Baptista Ferrari,re_italy,Italy,1584.0,botanist,europe
2314,Q98400393,Jean Dadré,re_france,France,1550.0,theologian,europe
2315,Q60845184,Georg Friedrich Schnaderbach,re_german_world,German world,1669.0,theologian,europe
2316,Q3435231,Robert Girard,re_france,France,1575.0,theologian,europe
2317,Q805581,Balthasar Andreas Spitzner,re_german_world,German world,1679.0,theologian,europe
2318,Q94918412,Jo. Hieronymus Textorius,re_france,France,1629.0,theologian,europe
2319,Q61640238,Tomaž Gregolin,re_central_europe,Central Europe,1620.0,theologian,europe
2320,Q6215732,Johann Cloppenburg,re_low_countries,Low countries,1592.0,theologian,europe
2321,Q922679,Simon Karchne,re_german_world,German world,1649.0,theologian | philosopher,europe
2322,Q326530,Peter of Zittau,re_central_europe,Central Europe,1275.0,historian,europe
2323,Q3525676,Thomas Woolston,re_british_islands,British Islands,1668.0,theologian,europe
2324,Q2066187,Peder Aagesen,re_nordic_countries,Nordic countries,1546.0,theologian,europe
2325,Q61894,Johann Albert Fabricius,re_german_world,German world,1668.0,theologian | philosopher,europe
2326,Q133060,Willem Barents,re_slav_world,Slav world,1550.0,geographer,europe
2327,Q3387586,Pierre de la Place,re_france,France,1520.0,philosopher | historian,europe
2328,Q6211030,Petrus Tillaeus,re_nordic_countries,Nordic countries,1679.0,geographer,europe
2329,Q809505,Bartolomeo Maranta,re_italy,Italy,1500.0,botanist,europe
2330,Q688647,Johannes Cuspinian,re_german_world,German world,1473.0,historian,europe
2331,Q1692939,Johann Christian Kirchmayer,re_german_world,German world,1674.0,theologian,europe
2332,Q4386205,Petrus Codicillus,re_central_europe,Central Europe,1533.0,astronomer,europe
2333,Q356568,Arnaldus de Villa Nova,re_italy,Italy,1258.0,theologian | philosopher,europe
2334,Q15434438,Heinrich Bekelin,re_german_world,German world,1400.0,theologian,europe
2335,Q1333835,Vincenz Paravicini,re_german_world,German world,1595.0,theologian,europe
2336,Q496675,Andreas Concius,re_slav_world,Slav world,1628.0,mathematician,europe
2337,Q16739565,Henri Sengre,re_france,France,1601.0,geographer,europe
2338,Q7324346,Richard Bristow,re_british_islands,British Islands,1538.0,theologian,europe
2339,Q960159,François de la Chaise,re_france,France,1624.0,theologian,europe
2340,Q18527266,Conall Mageoghegan,re_british_islands,British Islands,1596.0,historian,europe
2341,Q5781565,Johan Hadorph,re_nordic_countries,Nordic countries,1630.0,archeologist,europe
2342,Q639344,Viglius,re_low_countries,Low countries,1507.0,historian,europe
2343,Q21207168,Apollinare Agresta,re_italy,Italy,1621.0,theologian,europe
2344,Q3663234,Cataldo Antonio Mannarino,re_italy,Italy,1568.0,historian,europe
2345,Q98433,Johannes Bonemilch,re_german_world,German world,1434.0,theologian,europe
2346,Q1421310,Nikolaus Neodomus,re_slav_world,Slav world,1535.0,mathematician,europe
2347,Q55677226,Leonhard Hausmann,re_german_world,German world,1672.0,philosopher,europe
2348,Q9057758,Pedro de Lucuce,re_spain,Spain,1692.0,mathematician,europe
2349,Q1692978,Johann Christian Seidel,re_german_world,German world,1699.0,theologian | astronomer,europe
2350,Q275500,Jean Buridan,re_france,France,1300.0,theologian | philosopher | logician,europe
2351,Q3875844,Niccolò Capasso,re_italy,Italy,1671.0,theologian,europe
2352,Q3124462,Géraud de Frachet,re_france,France,1205.0,historian,europe
2353,Q2081055,Petrus de Scotia,re_nordic_countries,Nordic countries,1450.0,theologian,europe
2354,Q95183,Joachim Curaeus,re_central_europe,Central Europe,1532.0,historian,europe
2355,Q1697969,Joannes Luyts,re_low_countries,Low countries,1655.0,astronomer | physicist | mathematician,europe
2356,Q1386092,Giovanni Domenico Santorini,re_italy,Italy,1681.0,anatomist,europe
2357,Q94943587,Wolfgang Christoph Fürst,re_german_world,German world,1668.0,theologian,europe
2358,Q3340217,Nicolas Cornet,re_france,France,1572.0,theologian,europe
2359,Q94940951,Andreas von Cronhelm,re_german_world,German world,1640.0,theologian,europe
2360,Q24005929,Wigand Kahler,re_german_world,German world,1699.0,mathematician,europe
2361,Q58317058,Wolfgang Jobst,re_german_world,German world,1521.0,historian | physicist,europe
2362,Q110779744,Marcus Freund,re_german_world,German world,1603.0,astronomer | mathematician,europe
2363,Q6290300,Joshua Ward,re_british_islands,British Islands,1685.0,chemist,europe
2364,Q6017636,Lars Norrman,re_nordic_countries,Nordic countries,1651.0,theologian,europe
2365,Q21165032,Otto Sperling,re_nordic_countries,Nordic countries,1634.0,historian,europe
2366,Q1698324,Johannes Schefferus,re_nordic_countries,Nordic countries,1621.0,archeologist | historian,europe
2367,Q426862,Guido Bonatti,re_italy,Italy,1223.0,astronomer,europe
2368,Q1503943,Georg Christoph Gebhardi,re_german_world,German world,1667.0,historian | mathematician,europe
2369,Q1278840,Eberhard Baring,re_german_world,German world,1608.0,theologian,europe
2370,Q2735436,Thomas Pereira,re_portugal,Portugal,1645.0,astronomer | mathematician,europe
2371,Q5605489,Eric Cederbourg,re_nordic_countries,Nordic countries,1682.0,historian,europe
2372,Q10307797,Johannes Heinrich Ursinus,re_german_world,German world,1608.0,zoologist,europe
2373,Q4798307,Arthur Collins,re_british_islands,British Islands,1682.0,historian,europe
2374,Q16538791,Daniel Pawłowski,re_central_europe,Central Europe,1627.0,philosopher,europe
2375,Q2880714,Matthew Mead,re_british_islands,British Islands,1629.0,theologian,europe
2376,Q1054508,Jean-Baptiste Cotelier,re_france,France,1629.0,theologian,europe
2377,Q2067648,Thomas Urquhart,re_british_islands,British Islands,1611.0,linguist | mathematician,europe
2378,Q3163657,Jean-Aymar Piganiol de La Force,re_france,France,1669.0,geographer | historian,europe
2379,Q15463126,Israel Tonge,re_british_islands,British Islands,1621.0,theologian,europe
2380,Q4115413,Matrakçı Nasuh,re_balkans,Balkans,1480.0,geographer | historian | mathematician,europe
2381,Q1350963,Erhard von Appenweiler,re_german_world,German world,1450.0,historian,europe
2382,Q108834346,Johan Maurits van Hemert,re_low_countries,Low countries,1692.0,historian,europe
2383,Q1716847,Siegfried Sack,re_german_world,German world,1527.0,theologian,europe
2384,Q101866,Gregory VIII,re_italy,Italy,1100.0,philosopher,europe
2385,Q124001,Nicolaus II Bernoulli,re_slav_world,Slav world,1695.0,mathematician,europe
2386,Q103194,Johann Osiander,re_german_world,German world,1564.0,theologian,europe
2387,Q95179706,Christianus Bredt,re_central_europe,Central Europe,1680.0,theologian | philosopher,europe
2388,Q1693205,Johann David Kypke,re_slav_world,Slav world,1692.0,theologian,europe
2389,Q561034,Tito Livio Burattini,re_central_europe,Central Europe,1617.0,physicist | astronomer | mathematician | geographer | historian,europe
2390,Q105015363,Girolamo Bagolino,re_italy,Italy,1450.0,philosopher,europe
2391,Q2040180,Otto Praetorius,re_german_world,German world,1636.0,historian,europe
2392,Q111163165,Gabriel Frölich,re_german_world,German world,1657.0,theologian,europe
2393,Q24033519,Ferdinando Cesarini,re_italy,Italy,1606.0,physicist,europe
2394,Q112553,Jacob Fabricius,re_nordic_countries,Nordic countries,1576.0,astronomer,europe
2395,Q15857106,Christian Hagmaier,re_german_world,German world,1680.0,theologian,europe
2396,Q1370361,Johann Baldovius,re_german_world,German world,1604.0,theologian,europe
2397,Q51586657,Giovanni Vincenzo Patuzzi,re_italy,Italy,1700.0,theologian,europe
2398,Q3261749,Louis Doucin,re_france,France,1652.0,theologian | historian,europe
2399,Q47085330,Johann Heinrich Schütte,re_german_world,German world,1694.0,anatomist,europe
2400,Q163381,Peter Martyr d'Anghiera,re_spain,Spain,1457.0,historian,europe
2401,Q2081039,Peter of Auvergne,re_france,France,1240.0,theologian,europe
2402,Q96517,Raphael Levi Hannover,re_german_world,German world,1685.0,astronomer | mathematician,europe
2403,Q94942229,Friedrich Fabricius,re_central_europe,Central Europe,1642.0,theologian,europe
2404,Q697179,Matthias Bel,re_central_europe,Central Europe,1684.0,theologian | philosopher | historian,europe
2405,Q606745,Antonius Thysius,re_low_countries,Low countries,1603.0,historian,europe
2406,Q4892828,Bernadine a Piconio,re_france,France,1633.0,theologian,europe
2407,Q56285368,Paulus Ulmann,re_german_world,German world,1613.0,theologian,europe
2408,Q55848694,Johann Brandmüller,re_german_world,German world,1533.0,theologian,europe
2409,Q5868310,"Francis North, 1st Baron Guilford",re_british_islands,British Islands,1637.0,musicologist,europe
2410,Q1174719,David Herlitz,re_central_europe,Central Europe,1557.0,historian | mathematician,europe
2411,Q1690413,Joachim Rosenow,re_german_world,German world,1618.0,mathematician,europe
2412,Q71437,John Brugman,re_low_countries,Low countries,1400.0,theologian,europe
2413,Q67397,Wessel Gansfort,re_low_countries,Low countries,1419.0,theologian,europe
2414,Q112110768,Antonio Maria Garofani,re_italy,Italy,1550.0,historian,europe
2415,Q72906,Martin Crusius,re_german_world,German world,1526.0,historian,europe
2416,Q743918,Henricus Regius,re_low_countries,Low countries,1598.0,philosopher | physicist,europe
2417,Q17992320,Giambattista Bortoli,re_italy,Italy,1695.0,theologian,europe
2418,Q36696830,Henri Morin,re_france,France,1655.0,historian,europe
2419,Q20747317,David Lobeck,re_german_world,German world,1560.0,theologian,europe
2420,Q3174194,Jean Rabec,re_france,France,1505.0,theologian,europe
2421,Q1696289,Johannes Meynertzhagen,re_german_world,German world,1519.0,theologian,europe
2422,Q1687570,Jeremias Spiegel,re_german_world,German world,1589.0,theologian,europe
2423,Q379753,Benito Jerónimo Feijóo y Montenegro,re_spain,Spain,1677.0,philosopher,europe
2424,Q62535,Melchior Hoffman,re_france,France,1490.0,theologian,europe
2425,Q6262711,John Walker,re_british_islands,British Islands,1674.0,historian,europe
2426,Q603242,Pietro Castelli,re_italy,Italy,1574.0,botanist,europe
2427,Q3340131,Nicolas Bousmard,re_france,France,1512.0,theologian,europe
2428,Q2528924,Vitus Büscher,re_german_world,German world,1602.0,theologian,europe
2429,Q1991409,Nicolaus Eggers,re_german_world,German world,1689.0,theologian,europe
2430,Q95379072,Heřman Absdorfský,re_central_europe,Central Europe,1673.0,philosopher,europe
2431,Q550353,Egidio Forcellini,re_italy,Italy,1688.0,linguist,europe
2432,Q2576015,Wilhelm von Reichenau,re_german_world,German world,1426.0,theologian,europe
2433,Q42768195,Filippo Anastasio,re_italy,Italy,1656.0,theologian,europe
2434,Q67273,David Denicke,re_german_world,German world,1603.0,theologian,europe
2435,Q12263166,Martin de Hoyarçabal,re_france,France,1501.0,geographer,europe
2436,Q85319694,Gioachimo Alberti,re_italy,Italy,1595.0,historian,europe
2437,Q3174233,Jean Raulin,re_france,France,1443.0,theologian,europe
2438,Q676775,Gottschalk of Orbais,re_france,France,805.0,theologian,europe
2439,Q380804,Antonio de Nebrija,re_spain,Spain,1444.0,linguist,europe
2440,Q2421569,Simon van Leeuwen,re_low_countries,Low countries,1627.0,historian,europe
2441,Q1696529,Johann Werlhof,re_german_world,German world,1660.0,political scientist,europe
2442,Q3384764,Pierre Dionis,re_france,France,1643.0,anatomist,europe
2443,Q3805875,Giacomo Filippo Foresti,re_italy,Italy,1434.0,theologian,europe
2444,Q832264,Johannes Acronius,re_low_countries,Low countries,1565.0,theologian,europe
2445,Q94894609,Georg Prugger,re_german_world,German world,1656.0,theologian,europe
2446,Q3750765,Francesco Valletta,re_italy,Italy,1680.0,historian,europe
2447,Q119974,Hans Conrad Gyger,re_german_world,German world,1599.0,geographer,europe
2448,Q65219,Jacob Theodor Klein,re_central_europe,Central Europe,1685.0,zoologist | botanist | mathematician | historian,europe
2449,Q89321180,Isaac Claude,re_france,France,1653.0,theologian,europe
2450,Q78072930,Wilhelm Techtermann,re_german_world,German world,1551.0,philosopher,europe
2451,Q1424744,Juan Díaz,re_german_world,German world,1510.0,theologian,europe
2452,Q1273106,Gerhard Meier,re_german_world,German world,1664.0,theologian,europe
2453,Q487874,Campegius Vitringa,re_low_countries,Low countries,1659.0,theologian,europe
2454,Q1572814,Johannes Saubert,re_german_world,German world,1592.0,theologian,europe
2455,Q5962036,Johannes Loccenius,re_nordic_countries,Nordic countries,1598.0,historian,europe
2456,Q94934346,Otto Flesche,re_german_world,German world,1691.0,theologian,europe
2457,Q1405669,Ferdinand Orban,re_german_world,German world,1655.0,mathematician,europe
2458,Q545017,Jan Commelin,re_low_countries,Low countries,1629.0,botanist,europe
2459,Q15876895,Jan Pieterszoon Dou,re_low_countries,Low countries,1573.0,geographer | mathematician,europe
2460,Q17747715,Paul Jenisch,re_german_world,German world,1558.0,theologian,europe
2461,Q95789,Georg Samuel Dörffel,re_german_world,German world,1643.0,theologian | astronomer,europe
2462,Q85503,Abraham Hinckelmann,re_german_world,German world,1652.0,theologian,europe
2463,Q5940480,Laurentius Petri Aboicus,re_nordic_countries,Nordic countries,1605.0,historian,europe
2464,Q5616048,Guillaume Guiart,re_france,France,1201.0,historian,europe
2465,Q3159976,Jacques Saurin,re_france,France,1677.0,theologian,europe
2466,Q3517497,Temple Stanyan,re_british_islands,British Islands,1675.0,historian,europe
2467,Q48840242,Andrzej Łaskarz,re_central_europe,Central Europe,1362.0,theologian,europe
2468,Q46522971,Urbano Monti,re_italy,Italy,1544.0,geographer,europe
2469,Q52153970,Giovanni Battista Rasario,re_italy,Italy,1517.0,philosopher,europe
2470,Q1696138,Johann Schnabel,re_german_world,German world,1500.0,theologian,europe
2471,Q1866960,Francesillo de Zúñiga,re_spain,Spain,1490.0,historian,europe
2472,Q29376618,Luigi Novarini,re_italy,Italy,1594.0,theologian,europe
2473,Q52158473,Henricus Van Born,re_low_countries,Low countries,1630.0,theologian,europe
2474,Q103484421,Ben Calonymos Calonymos,re_france,France,1286.0,philosopher,europe
2475,Q1696169,Johann Schultingh,re_low_countries,Low countries,1630.0,philosopher | historian,europe
2476,Q823773,Peter Zorn,re_german_world,German world,1682.0,theologian | linguist,europe
2477,Q1986818,Nikolaus Hardkopf,re_german_world,German world,1582.0,theologian,europe
2478,Q16509383,Otto Sperling,re_nordic_countries,Nordic countries,1602.0,botanist,europe
2479,Q1648579,Johann Heinrich Michaelis,re_german_world,German world,1668.0,theologian,europe
2480,Q1347196,Thomas Helwys,re_british_islands,British Islands,1550.0,theologian,europe
2481,Q1693978,Johann Georg Ullmann,re_german_world,German world,1695.0,geographer,europe
2482,Q1803572,Nathan ben Jehiel,re_italy,Italy,1100.0,linguist,europe
2483,Q21451684,Juan Martínez Población,re_spain,Spain,1500.0,astronomer | mathematician,europe
2484,Q707663,Isidore of Kiev,re_slav_world,Slav world,1385.0,theologian,europe
2485,Q58636838,Johannes Müller,re_german_world,German world,1629.0,theologian,europe
2486,Q61613306,Ireneo della Croce,re_italy,Italy,1625.0,historian,europe
2487,Q15840176,Peter Wertheim,re_low_countries,Low countries,1505.0,theologian,europe
2488,Q3028676,Diogo Barbosa Machado,re_france,France,1682.0,historian,europe
2489,Q17126532,Sigismundus Gossembrot,re_france,France,1417.0,historian,europe
2490,Q1696641,Johann Wilhelm von Berger,re_german_world,German world,1672.0,philosopher | historian,europe
2491,Q96656,Martin Moller,re_german_world,German world,1547.0,theologian | philosopher,europe
2492,Q315620,Philipp Karl von Eltz-Kempenich,re_german_world,German world,1665.0,theologian,europe
2493,Q1697566,Johannes Glotter,re_german_world,German world,1500.0,theologian,europe
2494,Q23871953,Alfonso Villagut,re_italy,Italy,1566.0,theologian,europe
2495,Q27038338,Johann Gottfried von Meiern,re_german_world,German world,1692.0,historian,europe
2496,Q76873,Johann Tetzel,re_german_world,German world,1460.0,theologian,europe
2497,Q5162533,Conrad Henfling,re_german_world,German world,1648.0,musicologist | mathematician,europe
2498,Q95154620,Benno Löbl,re_central_europe,Central Europe,1688.0,theologian | philosopher,europe
2499,Q55681522,Johann Ludwig Cramer,re_german_world,German world,1675.0,theologian,europe
2500,Q89351,Chrysostomus Hanthaler,re_german_world,German world,1690.0,historian,europe
2501,Q1338046,Johannes de Grocheio,re_france,France,1255.0,musicologist,europe
2502,Q55676718,"Julius Ernst, der Jüngere Hahn",re_german_world,German world,1677.0,theologian,europe
2503,Q99225,Brandanus Daetrius,re_german_world,German world,1607.0,theologian,europe
2504,Q1346861,Robert of Arbrissel,re_france,France,1047.0,theologian,europe
2505,Q55675278,Christoph Tobias Wiedeburg,re_german_world,German world,1647.0,theologian,europe
2506,Q60843354,Johann Meckart,re_german_world,German world,1507.0,theologian,europe
2507,Q256541,Robert Grosseteste,re_british_islands,British Islands,1175.0,philosopher | physicist | astronomer | mathematician | theologian | botanist,europe
2508,Q70352,Johann Georg Walch,re_german_world,German world,1693.0,theologian | historian,europe
2509,Q469971,Gjon Buzuku,re_italy,Italy,1499.0,linguist,europe
2510,Q1873033,Lucas Bacmeister,re_german_world,German world,1530.0,theologian,europe
2511,Q2525149,Ole Borch,re_nordic_countries,Nordic countries,1626.0,philosopher | botanist | zoologist | chemist,europe
2512,Q120965,Johann Jakob Mascov,re_german_world,German world,1689.0,historian,europe
2513,Q472399,Jean-Baptiste de Mirabaud,re_france,France,1675.0,linguist | philosopher,europe
2514,Q2414592,Pierre Aleaume,re_france,France,1505.0,mathematician,europe
2515,Q496612,Andreas Charitius,re_german_world,German world,1690.0,theologian,europe
2516,Q3182396,John Rushworth,re_british_islands,British Islands,1612.0,historian,europe
2517,Q4775565,Antoine de Mouchy,re_france,France,1494.0,theologian,europe
2518,Q712736,Henri de Mondeville,re_france,France,1260.0,anatomist,europe
2519,Q9353,John Locke,re_british_islands,British Islands,1632.0,philosopher,europe
2520,Q3659181,Carlo Celano,re_italy,Italy,1625.0,theologian,europe
2521,Q1066618,Charles du Bois,re_british_islands,British Islands,1656.0,botanist,europe
2522,Q122751,Johannes Ardüser,re_german_world,German world,1585.0,mathematician,europe
2523,Q725724,Giovanni Artusi,re_italy,Italy,1540.0,musicologist,europe
2524,Q2544764,Pierre Lemonnier,re_france,France,1675.0,astronomer | physicist | mathematician,europe
2525,Q25419426,Estêvão Rodrigues de Castro,re_italy,Italy,1560.0,philosopher,europe
2526,Q94876940,Georg Heinrich von Assig,re_central_europe,Central Europe,1669.0,theologian,europe
2527,Q3762037,Giacomo Cenna,re_italy,Italy,1560.0,historian,europe
2528,Q3767266,Giovanni Francesco Crivelli,re_italy,Italy,1691.0,mathematician,europe
2529,Q4182042,Christophe de Jussieu,re_france,France,1685.0,botanist,europe
2530,Q1433369,Johannes Garcaeus,re_german_world,German world,1530.0,theologian,europe
2531,Q61659167,Claude-Étienne Nouvellet,re_france,France,1545.0,theologian,europe
2532,Q2284944,Sigmund Christian Gmelin,re_german_world,German world,1679.0,theologian,europe
2533,Q18672108,Richard Kilburne,re_british_islands,British Islands,1605.0,geographer,europe
2534,Q16649739,Johan Lithen,re_nordic_countries,Nordic countries,1663.0,geographer,europe
2535,Q15905918,Christoph Wölfflin,re_german_world,German world,1625.0,theologian,europe
2536,Q3767363,Sbaralea,re_italy,Italy,1687.0,historian,europe
2537,Q585551,Antoine-Tristan Danty d'Isnard,re_france,France,1663.0,botanist,europe
2538,Q5279395,Dionysius Andreas Freher,re_german_world,German world,1649.0,theologian,europe
2539,Q353633,Gersonides,re_france,France,1288.0,theologian | astronomer | philosopher | mathematician,europe
2540,Q3363314,Jørgen Sadolin,re_nordic_countries,Nordic countries,1499.0,theologian,europe
2541,Q62706,Johann Homann,re_german_world,German world,1664.0,geographer,europe
2542,Q18945643,Marco Galli,re_italy,Italy,1645.0,mathematician,europe
2543,Q18093440,Johan van den Sande,re_low_countries,Low countries,1568.0,historian,europe
2544,Q1733088,Carl Stengel,re_german_world,German world,1581.0,historian,europe
2545,Q1081035,Christian Mascov,re_slav_world,Slav world,1673.0,theologian,europe
2546,Q1425192,Conrad Barthels,re_german_world,German world,1607.0,theologian,europe
2547,Q1187350,Denis Dodart,re_france,France,1634.0,botanist | anatomist,europe
2548,Q75308992,Johann Criginger,re_german_world,German world,1564.0,theologian,europe
2549,Q3619255,Antonio Bernardi,re_italy,Italy,1502.0,philosopher,europe
2550,Q19289710,Antoni de Bastero i Lledó,re_spain,Spain,1675.0,linguist,europe
2551,Q6236549,Georg Werner,re_slav_world,Slav world,1589.0,theologian,europe
2552,Q1610734,Hermann Brandis,re_german_world,German world,1612.0,historian,europe
2553,Q4894140,Juliana Morell,re_france,France,1594.0,philosopher,europe
2554,Q15695516,Giovanni Bonifacio,re_italy,Italy,1547.0,historian,europe
2555,Q52154086,Johannes Van Der Waeyen,re_low_countries,Low countries,1639.0,theologian,europe
2556,Q6248957,John Minsheu,re_british_islands,British Islands,1560.0,linguist,europe
2557,Q16853436,Caspar Coolhaes,re_low_countries,Low countries,1536.0,theologian,europe
2558,Q805638,Balthasar Raida,re_german_world,German world,1495.0,theologian,europe
2559,Q1555851,Gustav Georg Zeltner,re_german_world,German world,1672.0,theologian,europe
2560,Q5493154,François Alexandre Pierre de Garsault,re_france,France,1693.0,botanist | zoologist,europe
2561,Q15304847,Johann Schmidt,re_france,France,1594.0,theologian,europe
2562,Q16356686,Zacharias Stopius,re_central_europe,Central Europe,1530.0,astronomer,europe
2563,Q1163162,Daniel Willi,re_german_world,German world,1696.0,theologian,europe
2564,Q4453681,Erik Jöransson Tegel,re_nordic_countries,Nordic countries,1563.0,historian,europe
2565,Q25115064,Elias Schedius,re_central_europe,Central Europe,1615.0,historian,europe
2566,Q1872061,Louis de Berquin,re_france,France,1490.0,theologian | linguist,europe
2567,Q727313,Jerónimo Zurita y Castro,re_spain,Spain,1512.0,historian,europe
2568,Q3291053,Maria Selvaggia Borghini,re_italy,Italy,1656.0,linguist,europe
2569,Q4679852,Adam Steuart,re_low_countries,Low countries,1591.0,philosopher,europe
2570,Q3101305,Georg Gottfried Küster,re_german_world,German world,1695.0,historian,europe
2571,Q97064866,Girolamo da Montefortino,re_italy,Italy,1662.0,theologian,europe
2572,Q190089,Duns Scotus,re_german_world,German world,1266.0,theologian | philosopher,europe
2573,Q2998393,Costanzo Torri,re_italy,Italy,1531.0,philosopher,europe
2574,Q3093719,Gabriel Daniel,re_france,France,1649.0,historian,europe
2575,Q17279924,Iacopo Bussolari,re_italy,Italy,1312.0,philosopher,europe
2576,Q1441646,Gerd Slewert,re_german_world,German world,1492.0,theologian,europe
2577,Q18379822,Galeazzo di Santa Sofia,re_italy,Italy,1352.0,anatomist,europe
2578,Q19874628,Jane Squire,re_british_islands,British Islands,1686.0,mathematician,europe
2579,Q12331687,Peter Payngk,re_nordic_countries,Nordic countries,1575.0,chemist,europe
2580,Q12320696,Jón Halldórsson,re_nordic_countries,Nordic countries,1665.0,historian,europe
2581,Q1354627,Kazimierz Łyszczyński,re_central_europe,Central Europe,1634.0,philosopher,europe
2582,Q28104286,Heinrich Dringenberg,re_german_world,German world,1630.0,philosopher,europe
2583,Q1538605,Kaspar Alexius,re_france,France,1581.0,theologian,europe
2584,Q55194450,Wolfgang Weyssenburger,re_german_world,German world,1496.0,theologian | geographer | mathematician,europe
2585,Q24008095,Friedrich Christoph Osemund,re_german_world,German world,1655.0,historian,europe
2586,Q744485,Giovanni Antonio Capello,re_italy,Italy,1669.0,physicist,europe
2587,Q2446046,Jacobus Fruytier,re_low_countries,Low countries,1659.0,theologian,europe
2588,Q3394353,Joan Salvador i Riera,re_spain,Spain,1683.0,botanist,europe
2589,Q55126881,Johann Melchior Stenger,re_german_world,German world,1638.0,theologian,europe
2590,Q716278,Henrik Ruse,re_low_countries,Low countries,1624.0,geographer,europe
2591,Q19679646,Giovanni Battista Casali,re_italy,Italy,1578.0,archeologist,europe
2592,Q11767677,Marcin Laterna,re_slav_world,Slav world,1552.0,theologian,europe
2593,Q610071,Antun Vramec,re_balkans,Balkans,1538.0,historian,europe
2594,Q428289,William Winstanley,re_british_islands,British Islands,1628.0,historian,europe
2595,Q6915916,Moses Pitt,re_british_islands,British Islands,1639.0,geographer,europe
2596,Q17073754,Johann Burchart,re_central_europe,Central Europe,1546.0,chemist,europe
2597,Q358629,Jacobus Revius,re_low_countries,Low countries,1586.0,theologian,europe
2598,Q3340517,Nicolas Lefèvre,re_france,France,1544.0,historian,europe
2599,Q110063,Erasmus Oswald Schreckenfuchs,re_german_world,German world,1511.0,astronomer,europe
2600,Q95445568,Joannes Woraczicky,re_central_europe,Central Europe,1678.0,theologian,europe
2601,Q16468682,Bernardino de' Bustis,re_italy,Italy,1450.0,theologian,europe
2602,Q2064260,Paulus Voet,re_low_countries,Low countries,1619.0,philosopher,europe
2603,Q511665,Charles du Plessis d'Argentré,re_france,France,1673.0,theologian,europe
2604,Q2058217,Patroklus Römeling,re_german_world,German world,1481.0,theologian,europe
2605,Q29684610,Miguel Martínez del Villar y Hernando,re_spain,Spain,1560.0,historian,europe
2606,Q5565448,Giuseppe Maria Figatelli,re_italy,Italy,1639.0,mathematician,europe
2607,Q90116,Carl Gustav Heraeus,re_german_world,German world,1671.0,archeologist,europe
2608,Q809357,Bartholomäus Heynemann,re_german_world,German world,1600.0,philosopher,europe
2609,Q94904276,Johannes Makreel,re_low_countries,Low countries,1653.0,mathematician,europe
2610,Q1694415,Johann Heinrich Hoffmann,re_german_world,German world,1669.0,astronomer,europe
2611,Q94935757,Ludwig Heinrich Schlosser,re_german_world,German world,1690.0,theologian,europe
2612,Q19588598,Andreas Fulda,re_german_world,German world,1534.0,theologian,europe
2613,Q11738200,Kazimierz Ostrowski,re_slav_world,Slav world,1669.0,philosopher,europe
2614,Q2262449,Fulvio Orsini,re_italy,Italy,1529.0,archeologist,europe
2615,Q384229,Juan Ramón Koenig,re_low_countries,Low countries,1623.0,mathematician,europe
2616,Q15438269,Johann Cellarius,re_german_world,German world,1496.0,theologian,europe
2617,Q1154640,Gregorio Leti,re_low_countries,Low countries,1630.0,historian,europe
2618,Q53101,Ioveta of Bethany,re_spain,Spain,1118.0,theologian,europe
2619,Q112283632,Ambrogio Taegio,re_italy,Italy,1461.0,historian,europe
2620,Q20172498,Joseph ben David Ibn Yaḥya,re_italy,Italy,1495.0,philosopher,europe
2621,Q1506334,Georg Wecker,re_german_world,German world,1566.0,physicist,europe
2622,Q55124980,Eckard Leichner,re_german_world,German world,1612.0,philosopher,europe
2623,Q1598246,Heinrich Maius,re_german_world,German world,1545.0,theologian,europe
2624,Q94929022,Georg Heinrich Kalckhoff,re_german_world,German world,1688.0,theologian,europe
2625,Q97211,Christoph Hartknoch,re_central_europe,Central Europe,1644.0,theologian | historian,europe
2626,Q1007175,Gabriel Bucelin,re_german_world,German world,1599.0,geographer,europe
2627,Q19325785,John Walker,re_british_islands,British Islands,1577.0,geographer,europe
2628,Q1506024,Georg Simler,re_german_world,German world,1477.0,theologian,europe
2629,Q55123174,Ludwig Christian Mieg,re_german_world,German world,1668.0,theologian,europe
2630,Q6251426,John Overall,re_british_islands,British Islands,1560.0,theologian,europe
2631,Q108408275,Cornelis Pietersz. Biens,re_low_countries,Low countries,1601.0,geographer | art theorist,europe
2632,Q503126,Raphael Holinshed,re_british_islands,British Islands,1529.0,historian,europe
2633,Q966795,Ferdinand Johann Adam von Pernau,re_german_world,German world,1660.0,zoologist,europe
2634,Q3431614,Elias Brenner,re_nordic_countries,Nordic countries,1647.0,archeologist | historian,europe
2635,Q15994322,William Braikenridge,re_british_islands,British Islands,1700.0,mathematician,europe
2636,Q3180533,Johann Ehrenfried Zchackwitz,re_german_world,German world,1669.0,historian,europe
2637,Q334154,Giambattista della Porta,re_italy,Italy,1535.0,philosopher | physicist | astronomer | mathematician | chemist,europe
2638,Q55626298,Georg Anton Volkmann,re_german_world,German world,1664.0,anatomist,europe
2639,Q1505563,Georg Karg,re_german_world,German world,1512.0,theologian,europe
2640,Q1370379,Géraud de Cordemoy,re_france,France,1626.0,philosopher | historian,europe
2641,Q1390516,Fabio Colonna,re_italy,Italy,1567.0,botanist | paleontologist,europe
2642,Q1503617,Georg Basilius Brinckmann,re_german_world,German world,1662.0,theologian,europe
2643,Q7192808,Pieter Mortier I,re_low_countries,Low countries,1661.0,geographer,europe
2644,Q316367,Francis Hutcheson,re_british_islands,British Islands,1694.0,theologian | philosopher | economist,europe
2645,Q64236,Berthold Schwarz,re_german_world,German world,1318.0,chemist,europe
2646,Q88878452,Tommaso Benci,re_italy,Italy,1427.0,philosopher,europe
2647,Q1819195,Leonhard Brunner,re_german_world,German world,1500.0,theologian,europe
2648,Q1507112,George Cheyne,re_british_islands,British Islands,1671.0,philosopher,europe
2649,Q640933,Giulio Pace,re_france,France,1550.0,philosopher,europe
2650,Q1294353,Johannes Canter,re_low_countries,Low countries,1424.0,astronomer,europe
2651,Q382016,Gilles de Roberval,re_france,France,1602.0,physicist | mathematician,europe
2652,Q2572272,Coddaeus,re_low_countries,Low countries,1575.0,theologian,europe
2653,Q5563900,Giovanni Manzolini,re_italy,Italy,1700.0,anatomist,europe
2654,Q95938,Reinhold Curicke,re_central_europe,Central Europe,1610.0,historian,europe
2655,Q3171626,Jean Delagrive,re_france,France,1689.0,geographer,europe
2656,Q17014873,Martin Valvekens,re_low_countries,Low countries,1604.0,historian,europe
2657,Q9376391,Wojciech Bystrzonowski,re_central_europe,Central Europe,1699.0,theologian | philosopher,europe
2658,Q11927912,Joan Ramon Ferrer,re_spain,Spain,1500.0,linguist,europe
2659,Q1278972,Eberhard Finen,re_german_world,German world,1668.0,theologian,europe
2660,Q75093,Johann Georg Gichtel,re_low_countries,Low countries,1638.0,theologian | philosopher,europe
2661,Q55126824,Johann Rudolf Stucki,re_german_world,German world,1596.0,theologian,europe
2662,Q6191746,John Strachey,re_british_islands,British Islands,1671.0,geologist | geographer,europe
2663,Q4340740,Wojciech Oczko,re_central_europe,Central Europe,1537.0,philosopher,europe
2664,Q112613026,Enrico Altan,re_italy,Italy,1654.0,historian,europe
2665,Q6389108,Louise-Anastasia Serment,re_france,France,1642.0,philosopher,europe
2666,Q55683529,Christian Gottfried Pfeiffer,re_german_world,German world,1694.0,theologian,europe
2667,Q586828,Antoine Parent,re_france,France,1666.0,physicist | mathematician,europe
2668,Q5503913,Friedrich Suppig,re_german_world,German world,1700.0,musicologist,europe
2669,Q15877030,Joannes Mantelius,re_low_countries,Low countries,1599.0,geographer | historian,europe
2670,Q3383227,Pierre-Joseph de Haitze,re_france,France,1656.0,historian,europe
2671,Q3163790,Jean-Baptiste-Louis Franquelin,re_france,France,1650.0,geographer,europe
2672,Q1285841,Guillaume Le Vasseur de Beauplan,re_france,France,1595.0,geographer,europe
2673,Q18528973,Ezekiel Foxcroft,re_british_islands,British Islands,1633.0,mathematician,europe
2674,Q59348306,Heinrich Lavater,re_german_world,German world,1560.0,physicist | mathematician,europe
2675,Q1697143,Johannes Adam,re_german_world,German world,1600.0,theologian,europe
2676,Q5316205,Durandus of Troarn,re_france,France,1100.0,theologian,europe
2677,Q1230439,Pierre Robert Olivétan,re_italy,Italy,1506.0,theologian,europe
2678,Q188971,Jean-Baptiste Colbert,re_france,France,1619.0,economist,europe
2679,Q3771321,Giuseppe Ripamonti,re_italy,Italy,1573.0,historian,europe
2680,Q78332,Johann Conrad Dannhauer,re_france,France,1603.0,theologian,europe
2681,Q6257065,John Scott,re_british_islands,British Islands,1634.0,geographer,europe
2682,Q12866007,Teramo Castelli,re_italy,Italy,1597.0,historian,europe
2683,Q764353,August Varenius,re_german_world,German world,1620.0,theologian,europe
2684,Q94797012,Philipp Agricola,re_german_world,German world,1527.0,theologian,europe
2685,Q4755002,Andrea Cambini,re_italy,Italy,1445.0,historian,europe
2686,Q7026283,Nicholas Tacitus Zegers,re_low_countries,Low countries,1495.0,theologian,europe
2687,Q41617638,Abraham van Poot,re_low_countries,Low countries,1638.0,historian,europe
2688,Q94869570,Joannes Hallius,re_low_countries,Low countries,1549.0,theologian,europe
2689,Q74541,Jakob Twinger von Königshofen,re_france,France,1346.0,historian,europe
2690,Q2508292,Valentin Friderici,re_german_world,German world,1630.0,theologian,europe
2691,Q606757,Antonius Walaeus,re_low_countries,Low countries,1573.0,theologian,europe
2692,Q109958,Reiner Reineccius,re_german_world,German world,1541.0,historian,europe
2693,Q1617529,Hieronymus Besold,re_german_world,German world,1520.0,theologian,europe
2694,Q1770230,Albrecht Joachim Krakewitz,re_german_world,German world,1674.0,theologian,europe
2695,Q2667383,Abraham Nicolas Amelot de la Houssaye,re_france,France,1634.0,historian,europe
2696,Q1698338,Johann Schiphower,re_german_world,German world,1463.0,historian,europe
2697,Q55070354,Christian Friedrich Paulini,re_german_world,German world,1643.0,theologian | zoologist,europe
2698,Q666687,Juan de Valdés,re_italy,Italy,1505.0,theologian,europe
2699,Q1781921,Konrad Becker,re_german_world,German world,1505.0,theologian,europe
2700,Q22671283,Martinus Steyaert,re_low_countries,Low countries,1647.0,theologian,europe
2701,Q2078659,Peter Thomäus,re_german_world,German world,1500.0,philosopher,europe
2702,Q3340931,Nicholas of Gorran,re_france,France,1232.0,theologian,europe
2703,Q922828,Cornelius Steenoven,re_low_countries,Low countries,1661.0,theologian,europe
2704,Q2032430,Walter Bower,re_british_islands,British Islands,1385.0,historian,europe
2705,Q3261083,Louis Antoine de Ruffi,re_france,France,1657.0,historian,europe
2706,Q4225069,Stanisław Kobierzycki,re_central_europe,Central Europe,1600.0,historian,europe
2707,Q257668,George Edwards,re_british_islands,British Islands,1694.0,zoologist,europe
2708,Q793598,Azariah dei Rossi,re_italy,Italy,1513.0,philosopher | historian,europe
2709,Q895373,Bovo II.,re_german_world,German world,900.0,theologian,europe
2710,Q206459,Feodor II of Russia,re_slav_world,Slav world,1589.0,geographer,europe
2711,Q107808,Johann Jacob Baier,re_german_world,German world,1677.0,zoologist,europe
2712,Q94920291,Martin Born,re_german_world,German world,1666.0,theologian,europe
2713,Q7610838,Stephen White,re_british_islands,British Islands,1574.0,theologian | linguist | historian,europe
2714,Q15450515,Simon Gedik,re_german_world,German world,1551.0,theologian,europe
2715,Q1816986,Lemme Rossi,re_italy,Italy,1602.0,musicologist | mathematician,europe
2716,Q1698296,Johannes Seliger,re_german_world,German world,1500.0,theologian,europe
2717,Q3749180,Fra' Domenico di Giovanni,re_italy,Italy,1404.0,theologian,europe
2718,Q326772,Jan František Beckovský,re_central_europe,Central Europe,1658.0,linguist | historian,europe
2719,Q3565991,Gabriele Manfredi,re_italy,Italy,1681.0,mathematician,europe
2720,Q18945486,Giuseppe Ciacchi,re_italy,Italy,1601.0,mathematician,europe
2721,Q1697476,Johannes Fabricius Montanus,re_german_world,German world,1527.0,theologian,europe
2722,Q2822993,Achard of Saint-Victor,re_british_islands,British Islands,1100.0,theologian,europe
2723,Q154751,Nicholas of Cusa,re_italy,Italy,1401.0,theologian | astronomer | philosopher | mathematician,europe
2724,Q1991467,Nikolaus Gompe,re_german_world,German world,1524.0,theologian,europe
2725,Q29390286,Hinrich Balemann,re_german_world,German world,1692.0,theologian,europe
2726,Q6791090,Matthew Poole,re_low_countries,Low countries,1624.0,theologian,europe
2727,Q742439,Jean Garnier,re_italy,Italy,1612.0,theologian | historian,europe
2728,Q50844969,Ambroise Lalouette,re_france,France,1650.0,theologian,europe
2729,Q3356596,Daniel Juslenius,re_nordic_countries,Nordic countries,1676.0,linguist,europe
2730,Q1503919,Georg Christian Joannis,re_german_world,German world,1658.0,historian,europe
2731,Q21884123,Jean Aggerman,re_low_countries,Low countries,1438.0,theologian,europe
2732,Q21545401,Philipp Theodor Verpoorten,re_german_world,German world,1677.0,theologian,europe
2733,Q5641363,Abraham Simuel,re_spain,Spain,1500.0,philosopher,europe
2734,Q44957067,Wilhelm Ulrich Waldschmidt,re_german_world,German world,1669.0,botanist | anatomist,europe
2735,Q21207266,Francesco Barbarano de' Mironi,re_italy,Italy,1596.0,historian,europe
2736,Q3340832,Nicolas Vallard,re_france,France,1600.0,geographer,europe
2737,Q588358,Anton Bocatius,re_german_world,German world,1600.0,theologian,europe
2738,Q3623462,Arnau Albertí,re_italy,Italy,1504.0,theologian,europe
2739,Q5113018,Christopher Packe,re_british_islands,British Islands,1686.0,geologist,europe
2740,Q1408669,Traugott Immanuel Jerichow,re_german_world,German world,1700.0,theologian,europe
2741,Q28771624,Conrad Dieterich,re_german_world,German world,1575.0,theologian,europe
2742,Q88865197,Claude de Rubys,re_france,France,1533.0,historian,europe
2743,Q18744756,Louis Gorin de Saint-Amour,re_france,France,1619.0,theologian,europe
2744,Q99102,Johann Philipp von Wurzelbauer,re_german_world,German world,1651.0,astronomer,europe
2745,Q19367451,Michael Wendler,re_german_world,German world,1610.0,theologian,europe
2746,Q106548636,Stanisław Grodzicki,re_central_europe,Central Europe,1541.0,theologian,europe
2747,Q3852250,Matteo di San Giuseppe,re_italy,Italy,1612.0,botanist | linguist,europe
2748,Q93844540,Christoph Meurer,re_german_world,German world,1558.0,mathematician,europe
2749,Q237090,Madame de Lafayette,re_france,France,1634.0,historian,europe
2750,Q536170,Angelo Maria Quirini,re_italy,Italy,1680.0,historian,europe
2751,Q94276,Martianus Hiberniensis,re_france,France,819.0,historian,europe
2752,Q159592,John Napier,re_british_islands,British Islands,1550.0,theologian | astronomer | physicist | mathematician,europe
2753,Q590501,Lorenzo Magalotti,re_italy,Italy,1637.0,philosopher,europe
2754,Q4393221,Johan Gustaf Renat,re_nordic_countries,Nordic countries,1682.0,geographer,europe
2755,Q19402352,Bartholomeus Mercator,re_low_countries,Low countries,1540.0,geographer,europe
2756,Q2280913,Sibrandus Lubbertus,re_low_countries,Low countries,1556.0,theologian,europe
2757,Q4405711,Luis de Salazar y Castro,re_spain,Spain,1658.0,historian,europe
2758,Q7377258,Rudolf Martin Meelführer,re_german_world,German world,1670.0,theologian,europe
2759,Q99794,Otto Casmann,re_german_world,German world,1562.0,philosopher,europe
2760,Q1783353,Hans Bagger,re_nordic_countries,Nordic countries,1646.0,theologian,europe
2761,Q16854088,Otto Zeinenger,re_central_europe,Central Europe,1513.0,theologian,europe
2762,Q77472,Cornelius Becker,re_german_world,German world,1561.0,theologian,europe
2763,Q18576473,John Dougharty,re_british_islands,British Islands,1677.0,mathematician,europe
2764,Q1567985,Paul Heigel,re_german_world,German world,1640.0,theologian | mathematician,europe
2765,Q12768441,Jan Duchon,re_central_europe,Central Europe,1596.0,philosopher,europe
2766,Q5543081,George Owen,re_british_islands,British Islands,1552.0,geologist | geographer | anatomist,europe
2767,Q1910558,Matthäus Vogel,re_german_world,German world,1519.0,theologian,europe
2768,Q94869773,Sebald Parreuter,re_german_world,German world,1532.0,theologian,europe
2769,Q13554539,Guillaume Pelhisson,re_france,France,1300.0,historian,europe
2770,Q3771416,Giuseppe Scala,re_italy,Italy,1556.0,astronomer | philosopher | mathematician,europe
2771,Q493670,Henri Spondanus,re_france,France,1568.0,historian,europe
2772,Q3750984,Francisco Desquivel,re_italy,Italy,1550.0,archeologist,europe
2773,Q1695411,John Macalpine,re_nordic_countries,Nordic countries,1450.0,theologian,europe
2774,Q90297,Jakob Christmann,re_german_world,German world,1554.0,astronomer,europe
2775,Q9065993,Ramon Despont,re_spain,Spain,1201.0,theologian,europe
2776,Q395689,Agostino Nifo,re_italy,Italy,1473.0,philosopher,europe
2777,Q57654591,Bartholomaeus Coppen,re_german_world,German world,1565.0,theologian,europe
2778,Q1516516,Johann Franz Löw,re_central_europe,Central Europe,1648.0,philosopher,europe
2779,Q28004827,Nikolaus Apel,re_german_world,German world,1475.0,theologian,europe
2780,Q69883610,Jean-Baptiste Le Carpentier,re_low_countries,Low countries,1606.0,historian,europe
2781,Q331855,"Elizabeth Cary, Lady Falkland",re_british_islands,British Islands,1585.0,historian,europe
2782,Q58819510,Giuseppe Maria Casotti,re_italy,Italy,1679.0,historian,europe
2783,Q648051,Andrzej Maksymilian Fredro,re_central_europe,Central Europe,1620.0,philosopher,europe
2784,Q105044982,Giovanni Elisio,re_italy,Italy,1450.0,philosopher,europe
2785,Q1224020,Dietrich Schnepff,re_german_world,German world,1525.0,theologian,europe
2786,Q6440124,Krzysztof Crell-Spinowski,re_central_europe,Central Europe,1622.0,theologian,europe
2787,Q4274336,Diego de Colmenares,re_spain,Spain,1586.0,historian,europe
2788,Q3165750,Jean-François Maistre,re_italy,Italy,1698.0,economist,europe
2789,Q55679992,Peter Zeller,re_german_world,German world,1655.0,theologian,europe
2790,Q62534,Johannes Fabricius,re_german_world,German world,1587.0,astronomer,europe
2791,Q50821556,Theophilus Neuberger,re_german_world,German world,1593.0,theologian,europe
2792,Q186452,Menahem Recanati,re_italy,Italy,1250.0,philosopher,europe
2793,Q334268,Roger L'Estrange,re_british_islands,British Islands,1616.0,linguist,europe
2794,Q15818578,Guillaume Adeline,re_france,France,1400.0,theologian,europe
2795,Q23900521,Petrus Conradi,re_german_world,German world,1478.0,theologian,europe
2796,Q5274892,Diego Álvarez Chanca,re_spain,Spain,1500.0,historian,europe
2797,Q611232,António Nunes Ribeiro Sanches,re_france,France,1699.0,historian,europe
2798,Q101207391,Johannes Vlak,re_low_countries,Low countries,1635.0,theologian,europe
2799,Q55673454,Christoph Hoechtl,re_german_world,German world,1686.0,philosopher,europe
2800,Q728991,Caspar Barlaeus,re_low_countries,Low countries,1584.0,theologian | geographer | historian,europe
2801,Q11928792,Josep Massot,re_spain,Spain,1640.0,philosopher,europe
2802,Q55104423,Johann Paul Möller,re_central_europe,Central Europe,1648.0,mathematician,europe
2803,Q60519816,Giovanni Rinaldi,re_italy,Italy,1600.0,botanist,europe
2804,Q72649,Johann Crotus,re_german_world,German world,1480.0,theologian,europe
2805,Q4253395,Jean Lalemandet,re_central_europe,Central Europe,1595.0,theologian,europe
2806,Q3385489,Hippolyte Hélyot,re_france,France,1660.0,historian,europe
2807,Q3502536,Giovanni Agostino Abate,re_italy,Italy,1495.0,historian,europe
2808,Q1356811,Joseph Sauveur,re_france,France,1653.0,musicologist | physicist | mathematician,europe
2809,Q21704957,Georg Hieronymus Welsch,re_german_world,German world,1624.0,zoologist,europe
2810,Q18535021,William de Montibus,re_british_islands,British Islands,1140.0,theologian,europe
2811,Q106832905,Pietro Trapolino,re_italy,Italy,1451.0,philosopher,europe
2812,Q1370937,Robert Simson,re_british_islands,British Islands,1687.0,mathematician,europe
2813,Q94907038,Johann Heinrich Steinfeld,re_german_world,German world,1668.0,theologian,europe
2814,Q2064265,Paul of Venice,re_italy,Italy,1369.0,theologian | philosopher,europe
2815,Q445165,Johannes Bertelius,re_german_world,German world,1544.0,historian,europe
2816,Q12104313,Jean-Baptiste d'Audiffret,re_france,France,1657.0,geographer,europe
2817,Q446955,Francesco Gasparini,re_italy,Italy,1668.0,musicologist,europe
2818,Q104553593,Dujam Hranković,re_balkans,Balkans,1350.0,historian,europe
2819,Q166876,Isidore of Seville,re_spain,Spain,560.0,musicologist | philosopher | historian,europe
2820,Q194691,Friedrich Spanheim,re_low_countries,Low countries,1600.0,theologian | historian,europe
2821,Q1693163,Johann Daniel Gruber,re_german_world,German world,1688.0,historian,europe
2822,Q55846810,Johann Heinrich Stähelin,re_german_world,German world,1668.0,botanist,europe
2823,Q2815269,Roland of Cremona,re_italy,Italy,1178.0,theologian,europe
2824,Q4718664,Alexander Cruden,re_british_islands,British Islands,1699.0,theologian,europe
2825,Q29169588,Johannes Petreus,re_german_world,German world,1540.0,historian,europe
2826,Q3261832,Louis Débonnaire,re_france,France,1679.0,theologian,europe
2827,Q13137020,Martinus Hamconius,re_low_countries,Low countries,1550.0,historian,europe
2828,Q720273,Santiago de Murcia,re_spain,Spain,1673.0,musicologist,europe
2829,Q3151393,Innocent Gentillet,re_france,France,1532.0,theologian,europe
2830,Q1698516,Johannes Tröster,re_german_world,German world,1500.0,theologian,europe
2831,Q4711897,Albertinus de Virga,re_italy,Italy,1350.0,geographer,europe
2832,Q58234372,Marcus Beumler,re_german_world,German world,1555.0,theologian,europe
2833,Q1153757,Mícheál Ó Cléirigh,re_low_countries,Low countries,1590.0,historian,europe
2834,Q94942911,Joseph Ritter,re_german_world,German world,1695.0,theologian | philosopher,europe
2835,Q28502629,Antonio Rubio de Rueda,re_spain,Spain,1548.0,philosopher,europe
2836,Q60756,Leonhart Fuchs,re_german_world,German world,1501.0,botanist,europe
2837,Q21543753,Barthold Feind,re_german_world,German world,1633.0,theologian | astronomer,europe
2838,Q3629754,Janus Parrhasius,re_italy,Italy,1471.0,philosopher | historian,europe
2839,Q98909462,Johann Leonhard Graff,re_german_world,German world,1668.0,mathematician,europe
2840,Q3587719,Élie Benoist,re_low_countries,Low countries,1640.0,historian,europe
2841,Q8018052,William Salesbury,re_british_islands,British Islands,1520.0,linguist,europe
2842,Q1295381,István Szegedi Kis,re_central_europe,Central Europe,1505.0,theologian,europe
2843,Q6095835,Ivan Ančić,re_italy,Italy,1624.0,theologian,europe
2844,Q1161090,Daniel Henrici,re_german_world,German world,1615.0,theologian,europe
2845,Q6034045,Johan Palmroot,re_nordic_countries,Nordic countries,1659.0,theologian,europe
2846,Q15455374,Michael Cobabus,re_german_world,German world,1610.0,theologian | mathematician,europe
2847,Q3288565,Marco Antonio Guarini,re_italy,Italy,1505.0,historian,europe
2848,Q1922495,Jacob van Oudenhoven,re_low_countries,Low countries,1601.0,historian,europe
2849,Q55123844,Ludwig Debiel,re_german_world,German world,1697.0,theologian,europe
2850,Q24365,Paul Phrygio,re_german_world,German world,1483.0,theologian,europe
2851,Q5241449,David ben Abraham ha-Laban,re_france,France,1201.0,philosopher,europe
2852,Q6818932,Meredith Hanmer,re_british_islands,British Islands,1543.0,historian,europe
2853,Q1598155,Heinrich Lautensack,re_german_world,German world,1522.0,astronomer | mathematician,europe
2854,Q3093659,Gabriel Calloet-Kerbrat,re_france,France,1616.0,botanist,europe
2855,Q94874389,Christian Gotthelf Birnbaum,re_german_world,German world,1651.0,theologian,europe
2856,Q1118025,György Komáromi Csipkés,re_central_europe,Central Europe,1628.0,theologian | linguist,europe
2857,Q63171083,Domingo La Ripa,re_spain,Spain,1622.0,historian,europe
2858,Q98742,Jacob Heerbrand,re_german_world,German world,1521.0,theologian,europe
2859,Q3179513,Joachim de Coignac,re_france,France,1520.0,theologian,europe
2860,Q3430484,Johan Risingh,re_nordic_countries,Nordic countries,1617.0,economist,europe
2861,Q87418,Johannes Olearius,re_german_world,German world,1611.0,theologian,europe
2862,Q17332520,Robertus Dixon,re_british_islands,British Islands,1647.0,astronomer,europe
2863,Q107482735,Gerard Eligius,re_low_countries,Low countries,1590.0,historian,europe
2864,Q220421,Johannes Acronius Frisius,re_german_world,German world,1520.0,astronomer | mathematician,europe
2865,Q5621928,Peter Dijkman,re_nordic_countries,Nordic countries,1647.0,archeologist,europe
2866,Q51953149,Johann Conrad Knauth,re_german_world,German world,1662.0,historian,europe
2867,Q1675158,Johann Gottlob Pfeiffer,re_german_world,German world,1667.0,theologian,europe
2868,Q3410332,Bartholomew of Lucca,re_italy,Italy,1240.0,theologian | historian,europe
2869,Q2438005,Tobias Tandler,re_german_world,German world,1571.0,mathematician,europe
2870,Q2410439,Antonio Hugo de Omerique,re_spain,Spain,1634.0,mathematician,europe
2871,Q1514998,Gershom Carmichael,re_british_islands,British Islands,1672.0,philosopher,europe
2872,Q16645535,Jean Mansel,re_france,France,1400.0,historian,europe
2873,Q27429939,Christoph Neander,re_german_world,German world,1566.0,philosopher,europe
2874,Q20671605,Severus Christoph Olpius,re_german_world,German world,1623.0,theologian | philosopher,europe
2875,Q5526541,Gaspar Frutuoso,re_portugal,Portugal,1522.0,historian,europe
2876,Q54913154,Thomas Henrici,re_german_world,German world,1597.0,theologian,europe
2877,Q121550,John Kaminiates,re_balkans,Balkans,900.0,historian,europe
2878,Q9024887,Luis Alfonso de Carvallo,re_spain,Spain,1571.0,historian,europe
2879,Q7029868,Nicolas d'Orbellis,re_italy,Italy,1500.0,theologian | philosopher,europe
2880,Q7983549,Wernher Steiner,re_german_world,German world,1492.0,historian,europe
2881,Q61137,Abraham a Sancta Clara,re_german_world,German world,1644.0,theologian,europe
2882,Q3547989,Jacopo Stellini,re_italy,Italy,1699.0,philosopher,europe
2883,Q1283684,Johannes Oldekop,re_german_world,German world,1493.0,theologian,europe
2884,Q713482,Callistratus,re_italy,Italy,1000.0,philosopher,europe
2885,Q3084614,François Feuardent,re_france,France,1539.0,theologian,europe
2886,Q120402,David Elias Heidenreich,re_german_world,German world,1638.0,linguist,europe
2887,Q556654,Theodorus Moretus,re_central_europe,Central Europe,1602.0,astronomer | mathematician,europe
2888,Q389140,Luigi Cornaro,re_italy,Italy,1484.0,philosopher,europe
2889,Q825449,Bernhard Kohlreif,re_german_world,German world,1605.0,theologian,europe
2890,Q615907,Aonio Paleario,re_italy,Italy,1503.0,theologian | philosopher,europe
2891,Q805629,Balthasar Mentzer,re_german_world,German world,1614.0,theologian,europe
2892,Q55134368,Johann Caspar Santoroc,re_german_world,German world,1682.0,philosopher,europe
2893,Q1623758,Pietro Vesconte,re_italy,Italy,1300.0,geographer,europe
2894,Q1695707,Johann Nicolaus Quistorp,re_german_world,German world,1651.0,theologian,europe
2895,Q37494995,Pierre de Paschal,re_france,France,1522.0,historian,europe
2896,Q726787,Plato Tiburtinus,re_italy,Italy,1110.0,astronomer | mathematician,europe
2897,Q3903484,Pierre de la Poterie,re_france,France,1581.0,chemist,europe
2898,Q3827926,Laurentius Paulinus Gothus,re_nordic_countries,Nordic countries,1565.0,astronomer,europe
2899,Q3120293,Guillaume de Bray,re_italy,Italy,1201.0,mathematician,europe
2900,Q568497,Pierre Daniel Huet,re_france,France,1630.0,theologian | philosopher,europe
2901,Q1515640,Wilhelm Ernst Starke,re_german_world,German world,1692.0,theologian,europe
2902,Q15457901,Jean Sarrasin,re_france,France,1300.0,historian,europe
2903,Q1003892,Johannes Fridelius,re_central_europe,Central Europe,1638.0,zoologist,europe
2904,Q1222132,Radulphus Brito,re_france,France,1270.0,philosopher,europe
2905,Q809479,Bartol Kašić,re_italy,Italy,1575.0,linguist,europe
2906,Q55902251,Erik Olufsen Torm,re_nordic_countries,Nordic countries,1607.0,mathematician,europe
2907,Q95556883,Michal Ascanius,re_central_europe,Central Europe,1620.0,philosopher,europe
2908,Q65675691,John Mickleburgh,re_british_islands,British Islands,1692.0,chemist,europe
2909,Q105748,Theodor Fabricius,re_german_world,German world,1501.0,theologian,europe
2910,Q3309358,Michel Cuvelier,re_german_world,German world,1600.0,mathematician,europe
2911,Q1505735,Georg Rhete,re_central_europe,Central Europe,1500.0,theologian,europe
2912,Q192315,Pierre Gassendi,re_france,France,1592.0,philosopher | physicist | astronomer | mathematician | theologian | zoologist,europe
2913,Q106694029,Laurens Scherm,re_low_countries,Low countries,1673.0,geographer,europe
2914,Q27644178,Arnold Meerman,re_low_countries,Low countries,1505.0,theologian,europe
2915,Q551722,Giovanni Lami,re_italy,Italy,1697.0,historian,europe
2916,Q714075,Claude Joseph Geoffroy,re_france,France,1685.0,botanist | chemist,europe
2917,Q24088804,Cipriano Targioni,re_italy,Italy,1672.0,anatomist,europe
2918,Q3173201,Jean Leurechon,re_france,France,1591.0,mathematician,europe
2919,Q96696,Eucharius Gottlieb Rink,re_german_world,German world,1670.0,historian,europe
2920,Q4775521,Antoine Pagi,re_france,France,1624.0,historian,europe
2921,Q47502076,Alexandr Šamský,re_central_europe,Central Europe,1687.0,philosopher | physicist,europe
2922,Q3069650,Ferrante Imperato,re_italy,Italy,1525.0,botanist,europe
2923,Q15694807,Girolamo Dalla Corte,re_italy,Italy,1529.0,historian,europe
2924,Q18945162,Clermont,re_france,France,1601.0,mathematician,europe
2925,Q458885,Ambroise,re_france,France,1200.0,historian,europe
2926,Q1419526,Ludwig Baer,re_german_world,German world,1479.0,theologian,europe
2927,Q913203,Brian Walton,re_british_islands,British Islands,1600.0,theologian,europe
2928,Q7152692,Paul Neile,re_british_islands,British Islands,1613.0,astronomer,europe
2929,Q63109234,Johann Friedrich Faust von Aschaffenburg,re_german_world,German world,1569.0,historian,europe
2930,Q805626,Balthasar Meisner,re_german_world,German world,1587.0,theologian,europe
2931,Q578648,Richard Morton,re_british_islands,British Islands,1637.0,anatomist,europe
2932,Q55676733,Daniel Springinsguth,re_german_world,German world,1632.0,theologian,europe
2933,Q20164863,Kaspar Arnurus,re_german_world,German world,1520.0,philosopher,europe
2934,Q83273105,Georges Boissaye du Bocage,re_france,France,1661.0,geographer,europe
2935,Q4786256,Archibald Campbell,re_british_islands,British Islands,1691.0,philosopher,europe
2936,Q5598401,Gregorius Borastus,re_nordic_countries,Nordic countries,1585.0,historian,europe
2937,Q55680065,Christoph Rößler,re_german_world,German world,1622.0,theologian,europe
2938,Q2782521,Johan Haartman,re_nordic_countries,Nordic countries,1682.0,philosopher,europe
2939,Q110658,Jakob Miller,re_german_world,German world,1550.0,theologian,europe
2940,Q17493497,Victorinus Schönfeldt,re_german_world,German world,1525.0,mathematician,europe
2941,Q55684753,Wilhelm van der Meulen,re_german_world,German world,1636.0,theologian,europe
2942,Q93876431,Bartolomeo of Ferrara,re_italy,Italy,1368.0,theologian,europe
2943,Q72072,Johannes Clauberg,re_german_world,German world,1622.0,theologian | philosopher,europe
2944,Q606558,Antonius Aemilius,re_low_countries,Low countries,1589.0,historian,europe
2945,Q3173157,Jean Lejeune,re_france,France,1592.0,theologian,europe
2946,Q1442333,Johannes Franciscus Van Sterbeeck,re_low_countries,Low countries,1630.0,botanist,europe
2947,Q11717749,Jan Isner,re_central_europe,Central Europe,1345.0,theologian,europe
2948,Q3990623,Thomas Fuller,re_british_islands,British Islands,1654.0,historian,europe
2949,Q55679998,Gottfried Jalufky,re_central_europe,Central Europe,1678.0,theologian,europe
2950,Q2018021,Ocko Scharlensis,re_low_countries,Low countries,950.0,historian,europe
2951,Q1695965,Johann Reinhard Hedinger,re_german_world,German world,1664.0,theologian,europe
2952,Q524048,Gentile da Foligno,re_italy,Italy,1290.0,philosopher,europe
2953,Q499679,Andreas Mylius,re_slav_world,Slav world,1606.0,theologian,europe
2954,Q11065,Pierre Bouguer,re_france,France,1698.0,geographer | astronomer | physicist | mathematician,europe
2955,Q2761925,Pedro de Medina,re_spain,Spain,1493.0,geographer | astronomer | historian | mathematician,europe
2956,Q1393093,Marco Antonio de Dominis,re_italy,Italy,1560.0,theologian | philosopher | physicist,europe
2957,Q309733,Vincenzo Scamozzi,re_italy,Italy,1548.0,historian,europe
2958,Q56544363,Lorenz Anton Dercum,re_german_world,German world,1650.0,botanist,europe
2959,Q395722,Agostino Steuco,re_italy,Italy,1497.0,philosopher,europe
2960,Q2714301,Edmond Martène,re_france,France,1654.0,historian,europe
2961,Q1421533,Johannes Gujan,re_german_world,German world,1668.0,theologian,europe
2962,Q3336763,Nathan d'Aubigné,re_france,France,1601.0,mathematician,europe
2963,Q950531,Nicolás Monardes,re_spain,Spain,1508.0,botanist,europe
2964,Q3762631,Gian Francesco Biondi,re_german_world,German world,1572.0,historian,europe
2965,Q642571,Henri Arnaut de Zwolle,re_france,France,1400.0,astronomer | musicologist,europe
2966,Q685610,Simon Goulart,re_france,France,1543.0,theologian | philosopher,europe
2967,Q70382,Stephan Agricola,re_german_world,German world,1491.0,theologian,europe
2968,Q3170899,Jean Bouhier,re_france,France,1673.0,linguist | historian,europe
2969,Q21184587,Juan Gutiérrez de Gualda,re_spain,Spain,1520.0,mathematician,europe
2970,Q3086024,François Vinchant,re_low_countries,Low countries,1580.0,historian,europe
2971,Q3260492,Louis-François Dubois de Saint-Gelais,re_france,France,1669.0,historian,europe
2972,Q1870044,Lorenz Bodock,re_german_world,German world,1607.0,theologian,europe
2973,Q104145632,Alessandro Pini,re_italy,Italy,1653.0,philosopher,europe
2974,Q55673439,Joseph Fitterer,re_german_world,German world,1695.0,theologian,europe
2975,Q3526686,Théophile Raynaud,re_france,France,1583.0,theologian,europe
2976,Q94919120,Johann Georg Fuchs,re_german_world,German world,1627.0,theologian,europe
2977,Q15967280,Claude du Moulinet,re_france,France,1661.0,historian,europe
2978,Q1237514,Domingo de Soto,re_spain,Spain,1494.0,physicist,europe
2979,Q88209118,Bartolomeo Alfei,re_italy,Italy,1460.0,historian,europe
2980,Q18672760,William Gregory,re_british_islands,British Islands,1400.0,historian,europe
2981,Q97464,Georg Pictorius,re_german_world,German world,1500.0,philosopher,europe
2982,Q325530,Petrus Dathenus,re_central_europe,Central Europe,1531.0,theologian,europe
2983,Q3084427,François Derand,re_france,France,1588.0,mathematician,europe
2984,Q20980023,Ordo Stenmel,re_german_world,German world,1470.0,theologian,europe
2985,Q1236037,Girolamo Benzoni,re_spain,Spain,1519.0,historian,europe
2986,Q6220192,John Babington,re_british_islands,British Islands,1604.0,mathematician,europe
2987,Q20751801,Edward Evans,re_british_islands,British Islands,1582.0,theologian,europe
2988,Q3371207,Paul Ferry,re_france,France,1591.0,theologian,europe
2989,Q3166580,Jean-Laurent Le Cerf de La Viéville,re_france,France,1674.0,musicologist,europe
2990,Q782615,Pieter Langendijk,re_low_countries,Low countries,1683.0,historian,europe
2991,Q1539181,Gottfried Geyser,re_german_world,German world,1699.0,theologian,europe
2992,Q303435,Henry Suso,re_german_world,German world,1295.0,theologian | linguist | philosopher,europe
2993,Q3713278,Domenico Vandelli,re_italy,Italy,1691.0,mathematician,europe
2994,Q109219,Johann Friedrich Schannat,re_german_world,German world,1683.0,historian,europe
2995,Q2607774,Pieter Valckenier,re_german_world,German world,1641.0,historian,europe
2996,Q2918665,Simeon ben Zemah Duran,re_spain,Spain,1361.0,philosopher,europe
2997,Q264271,Pietro Ranzano,re_italy,Italy,1428.0,historian,europe
2998,Q146994,Zanobi da Strada,re_france,France,1312.0,linguist,europe
2999,Q1080040,Christian Gross,re_central_europe,Central Europe,1601.0,theologian,europe
3000,Q1471772,Georg Hänlin,re_france,France,1556.0,theologian,europe
3001,Q733922,Geoffrey Keating,re_british_islands,British Islands,1569.0,historian,europe
3002,Q5807749,Olof Hiorter,re_nordic_countries,Nordic countries,1696.0,astronomer,europe
3003,Q94904473,Johann Sauermann,re_german_world,German world,1640.0,philosopher,europe
3004,Q1539834,Gottlieb Pelargus,re_german_world,German world,1605.0,theologian,europe
3005,Q1697524,Johannes Fritzhans,re_german_world,German world,1480.0,theologian,europe
3006,Q62532,Balthasar Hubmaier,re_german_world,German world,1485.0,theologian,europe
3007,Q268474,John Owen,re_british_islands,British Islands,1616.0,theologian,europe
3008,Q19935841,Bernard Pergerl,re_german_world,German world,1440.0,astronomer | linguist | mathematician,europe
3009,Q19502606,Hermann Kirchner,re_german_world,German world,1562.0,historian,europe
3010,Q21207961,Falconet,re_france,France,1601.0,mathematician,europe
3011,Q431054,Martin of Opava,re_italy,Italy,1300.0,historian,europe
3012,Q15729620,Conrad Goclenius,re_low_countries,Low countries,1499.0,philosopher,europe
3013,Q96476,Andreas Stöberl,re_german_world,German world,1465.0,astronomer | mathematician,europe
3014,Q55673445,Massaeus Kresslinger,re_german_world,German world,1676.0,theologian,europe
3015,Q2978156,Claude Sicard,re_france,France,1677.0,geographer | historian | anthropologist,europe
3016,Q1692879,Johann Christian Adami,re_german_world,German world,1689.0,theologian,europe
3017,Q1082152,Christian Tubingius,re_german_world,German world,1500.0,historian,europe
3018,Q116022,Jean Leclerc,re_low_countries,Low countries,1657.0,theologian | philosopher | historian,europe
3019,Q55225115,Antonio da Modena,re_italy,Italy,1578.0,theologian,europe
3020,Q633094,Johannes Bureus,re_nordic_countries,Nordic countries,1568.0,archeologist | linguist | historian,europe
3021,Q2829603,Alain Bouchart,re_france,France,1440.0,historian,europe
3022,Q55626209,Georg Seger,re_central_europe,Central Europe,1629.0,zoologist,europe
3023,Q15736765,Robert de Vaugondy,re_france,France,1688.0,geographer,europe
3024,Q3436698,Robert of Melun,re_british_islands,British Islands,1100.0,philosopher,europe
3025,Q94890332,Johann Mayr,re_german_world,German world,1550.0,historian,europe
3026,Q5715498,Henri Griffet,re_low_countries,Low countries,1698.0,historian,europe
3027,Q85654,Werner Rolfinck,re_german_world,German world,1599.0,botanist | philosopher | chemist,europe
3028,Q12316425,Henrik Ovesen Pflug,re_nordic_countries,Nordic countries,1633.0,geographer,europe
3029,Q21545363,Gottschalk Stewech,re_german_world,German world,1551.0,historian,europe
3030,Q94875148,Daniel Schelling,re_german_world,German world,1595.0,theologian,europe
3031,Q2280386,Sicard of Cremona,re_italy,Italy,1155.0,historian,europe
3032,Q1696375,Johann Theodor Schenck,re_german_world,German world,1619.0,botanist,europe
3033,Q2618397,François Eudes de Mézeray,re_france,France,1610.0,historian,europe
3034,Q318580,Pierre d'Ailly,re_france,France,1350.0,theologian | geographer | astronomer | philosopher,europe
3035,Q1667548,Johann Gottfried Hornejus,re_central_europe,Central Europe,1689.0,theologian,europe
3036,Q3620412,Antonius Andreas,re_spain,Spain,1280.0,theologian | philosopher,europe
3037,Q18507547,Antonio Ciccarelli,re_italy,Italy,1600.0,theologian,europe
3038,Q1126870,Conrad Lautenbach,re_german_world,German world,1534.0,theologian | philosopher,europe
3039,Q55844253,Salomon Hottinger,re_german_world,German world,1649.0,physicist | mathematician | anatomist,europe
3040,Q700720,Sigismund von Herberstein,re_german_world,German world,1486.0,historian,europe
3041,Q1407941,Samuel Strimesius,re_german_world,German world,1648.0,theologian | physicist,europe
3042,Q16064805,Niels Pedersen Aurilesius,re_nordic_countries,Nordic countries,1601.0,theologian,europe
3043,Q95007604,Kilian Kazenberger,re_german_world,German world,1671.0,theologian,europe
3044,Q1294098,Edward Willes,re_british_islands,British Islands,1693.0,mathematician,europe
3045,Q94942100,Christian Franckenstein,re_german_world,German world,1619.0,theologian,europe
3046,Q2218843,Samuel Schultz,re_german_world,German world,1635.0,theologian,europe
3047,Q95083736,Eugenius Sebastiani de Czastolovitz a Matre Dei,re_central_europe,Central Europe,1681.0,mathematician,europe
3048,Q94930929,Johann Gottfried Bürger,re_german_world,German world,1687.0,theologian,europe
3049,Q20101075,Zulema the Astrologer,re_spain,Spain,1190.0,astronomer,europe
3050,Q5479586,Francesco Sizzi,re_italy,Italy,1550.0,astronomer,europe
3051,Q1695340,Johann Ludwig Frey,re_german_world,German world,1682.0,theologian | historian,europe
3052,Q17003205,Casimir Freschot,re_german_world,German world,1640.0,historian,europe
3053,Q1310687,Johann Heinrich Becker,re_german_world,German world,1698.0,theologian,europe
3054,Q1086255,Christoph von Utenheim,re_german_world,German world,1450.0,theologian,europe
3055,Q55903915,Heinrich von Hövel,re_german_world,German world,1550.0,historian,europe
3056,Q39471365,Giuseppe Visconti,re_italy,Italy,1570.0,historian,europe
3057,Q101089,Gerhard Westerburg,re_german_world,German world,1486.0,theologian,europe
3058,Q3363742,Frederik Rostgaard,re_nordic_countries,Nordic countries,1671.0,historian,europe
3059,Q19985300,Cristoforo Marcello,re_italy,Italy,1480.0,theologian,europe
3060,Q11908609,Bartomeu Mates,re_spain,Spain,1500.0,linguist,europe
3061,Q3168227,Jean-Nicolas de La Hire,re_france,France,1685.0,botanist,europe
3062,Q2512717,Isaac van Geelkercken,re_low_countries,Low countries,1615.0,geographer,europe
3063,Q3807705,Jean Prévost,re_italy,Italy,1585.0,botanist,europe
3064,Q3166217,Jean-Jacques Chifflet,re_low_countries,Low countries,1588.0,archeologist,europe
3065,Q15452620,Martin Friedrich Seidel,re_german_world,German world,1621.0,historian,europe
3066,Q5590632,Joachim Burser,re_nordic_countries,Nordic countries,1583.0,botanist,europe
3067,Q1694454,Johann Heinrich Meister,re_german_world,German world,1700.0,theologian,europe
3068,Q55193589,Daniel Wülffer,re_german_world,German world,1617.0,theologian,europe
3069,Q1432211,Robert Norman,re_british_islands,British Islands,1560.0,geologist,europe
3070,Q956547,Melchisédech Thévenot,re_france,France,1620.0,geographer | physicist,europe
3071,Q22693527,Georg Michael Preu,re_german_world,German world,1681.0,theologian,europe
3072,Q378025,Blaise de Montluc,re_france,France,1502.0,historian,europe
3073,Q3339968,Nicolas-Hubert de Mongault,re_france,France,1674.0,theologian,europe
3074,Q95329296,Johann Christoph Wagner,re_german_world,German world,1640.0,theologian,europe
3075,Q2521133,Vespasien Robin,re_france,France,1579.0,botanist,europe
3076,Q100718,Nathanael Chytraeus,re_german_world,German world,1543.0,theologian | historian,europe
3077,Q1525965,Giovanni Bianchini,re_italy,Italy,1410.0,astronomer,europe
3078,Q18945529,Jacob Lansbergen,re_low_countries,Low countries,1590.0,philosopher | mathematician,europe
3079,Q55193584,Johann Wirtz,re_german_world,German world,1591.0,theologian,europe
3080,Q90469,Johann Funck,re_slav_world,Slav world,1518.0,theologian,europe
3081,Q12877138,Meletius II of Athens,re_balkans,Balkans,1661.0,historian,europe
3082,Q1730302,Carl Andreas Duker,re_german_world,German world,1670.0,historian,europe
3083,Q545716,Pere Miquel Carbonell,re_spain,Spain,1434.0,historian,europe
3084,Q1174449,David Franck,re_german_world,German world,1682.0,historian,europe
3085,Q2559852,Wenzeslaus Warich,re_german_world,German world,1564.0,theologian,europe
3086,Q79465157,Gellius de Bouma,re_low_countries,Low countries,1580.0,theologian,europe
3087,Q1159939,Daniel Archinard,re_german_world,German world,1698.0,theologian,europe
3088,Q1148492,Cyriacus Gericke,re_german_world,German world,1500.0,theologian,europe
3089,Q97705,Johann Jakob Quandt,re_slav_world,Slav world,1686.0,theologian,europe
3090,Q1241409,Guillaume du Vair,re_france,France,1556.0,philosopher,europe
3091,Q6240537,John Hutchinson,re_british_islands,British Islands,1674.0,philosopher,europe
3092,Q2440883,Tommaso del Garbo,re_italy,Italy,1305.0,anatomist,europe
3093,Q94872676,Jakob Ulrich,re_german_world,German world,1538.0,theologian,europe
3094,Q94866445,Georg Krieger,re_german_world,German world,1554.0,theologian,europe
3095,Q6055901,Pablo Cibramonte,re_spain,Spain,1600.0,theologian | mathematician,europe
3096,Q1903797,Martin Fuhrmann,re_german_world,German world,1450.0,theologian,europe
3097,Q58317611,Etienne Morin,re_low_countries,Low countries,1625.0,theologian,europe
3098,Q6223079,John Brereton,re_british_islands,British Islands,1572.0,historian,europe
3099,Q62317,Gottfried Kirch,re_german_world,German world,1639.0,astronomer,europe
3100,Q1084906,Christoph Friedrich Lämmel,re_german_world,German world,1659.0,theologian,europe
3101,Q90608,Matthäus Alber,re_german_world,German world,1495.0,theologian,europe
3102,Q100371270,Maximilian Percelli,re_italy,Italy,1648.0,philosopher,europe
3103,Q5481473,Juan de Pineda,re_spain,Spain,1513.0,historian,europe
3104,Q1478091,Justus Daniel Flebbe,re_german_world,German world,1690.0,theologian,europe
3105,Q18531124,William Cole,re_british_islands,British Islands,1622.0,zoologist,europe
3106,Q23000054,Matthaeus Hiller,re_german_world,German world,1646.0,theologian,europe
3107,Q95893958,Adam Zoernikav,re_slav_world,Slav world,1652.0,theologian,europe
3108,Q56062032,Petrus van der Hagen,re_low_countries,Low countries,1641.0,theologian,europe
3109,Q1271395,Gilbert of Sempringham,re_british_islands,British Islands,1083.0,philosopher,europe
3110,Q3810235,Joseph Labrosse,re_france,France,1636.0,linguist,europe
3111,Q7324632,Richard Carpenter,re_british_islands,British Islands,1575.0,theologian,europe
3112,Q60095,Otto von Guericke,re_german_world,German world,1602.0,physicist,europe
3113,Q27130924,Nicolaus Granius,re_german_world,German world,1569.0,mathematician,europe
3114,Q311823,Geminiano Montanari,re_italy,Italy,1633.0,astronomer | mathematician,europe
3115,Q1903870,Martin Gotthelf Löscher,re_german_world,German world,1680.0,physicist,europe
3116,Q18334370,Enoch Svantenius,re_german_world,German world,1618.0,theologian,europe
3117,Q1226841,Gérard Roussel,re_france,France,1500.0,theologian | philosopher,europe
3118,Q15651684,Mélèce Syrigos,re_balkans,Balkans,1586.0,theologian,europe
3119,Q55964768,Pietro Antonio Michiel,re_italy,Italy,1510.0,botanist,europe
3120,Q2735586,Johannes Mark,re_low_countries,Low countries,1656.0,theologian,europe
3121,Q342720,George Chapman,re_british_islands,British Islands,1559.0,linguist,europe
3122,Q5746904,Jørgen Fuiren,re_nordic_countries,Nordic countries,1581.0,botanist,europe
3123,Q536960,Samuel Parker,re_british_islands,British Islands,1640.0,theologian,europe
3124,Q3766382,Giovanni Ambrogio Mazenta,re_italy,Italy,1565.0,mathematician,europe
3125,Q17450452,Domenico Parrino,re_italy,Italy,1642.0,historian,europe
3126,Q112283,Johann Jacob Heber,re_german_world,German world,1666.0,geographer,europe
3127,Q87190189,Cesare Rovida,re_italy,Italy,1549.0,philosopher,europe
3128,Q67958,Peter Binsfeld,re_german_world,German world,1545.0,theologian,europe
3129,Q177074,Daniel Chamier,re_france,France,1565.0,theologian,europe
3130,Q3166664,Jean-Louis Brunet,re_france,France,1688.0,theologian,europe
3131,Q1610537,Herman Alexander Roëll,re_low_countries,Low countries,1653.0,theologian,europe
3132,Q3525233,Thomas Innes,re_france,France,1662.0,historian,europe
3133,Q100927,Christfried Kirch,re_german_world,German world,1694.0,astronomer,europe
3134,Q16838887,Gervase of Melkley,re_france,France,1185.0,linguist,europe
3135,Q706830,Henry Gellibrand,re_british_islands,British Islands,1597.0,geologist | astronomer | mathematician,europe
3136,Q18672337,Simon of Hinton,re_british_islands,British Islands,1248.0,theologian,europe
3137,Q1698442,Johannes Steuber,re_german_world,German world,1590.0,theologian,europe
3138,Q20752193,Cyriak Blödtner,re_german_world,German world,1672.0,geographer,europe
3139,Q1696208,Johann Sebastian Mitternacht,re_german_world,German world,1613.0,theologian,europe
3140,Q3014856,Daniel Zwicker,re_low_countries,Low countries,1612.0,theologian,europe
3141,Q3903644,Pietro Antonio Corsignani,re_italy,Italy,1686.0,historian,europe
3142,Q660644,Cornelius Gemma,re_low_countries,Low countries,1535.0,astronomer,europe
3143,Q445918,Franciscus Mercurius van Helmont,re_low_countries,Low countries,1614.0,chemist,europe
3144,Q1003681,François d'Aguilon,re_low_countries,Low countries,1567.0,physicist | mathematician,europe
3145,Q107664,Philipp Andreas Oldenburger,re_france,France,1617.0,historian,europe
3146,Q60059,Albertus Magnus,re_german_world,German world,1193.0,zoologist | philosopher | botanist | musicologist | chemist | theologian | geographer | economist,europe
3147,Q45840048,Johann Christian Burgmann,re_german_world,German world,1697.0,theologian,europe
3148,Q19279830,Franz Wörger,re_german_world,German world,1647.0,theologian,europe
3149,Q3805888,Jacopo Guidi,re_italy,Italy,1514.0,theologian,europe
3150,Q1698073,Johann Müller,re_german_world,German world,1598.0,theologian,europe
3151,Q1366311,Johann Bernhard Hahn,re_slav_world,Slav world,1685.0,theologian,europe
3152,Q13744923,Johann Friedrich Winckler,re_german_world,German world,1679.0,theologian,europe
3153,Q103325,Friedrich Grimm,re_german_world,German world,1672.0,theologian,europe
3154,Q4755589,Andreas Perlach,re_german_world,German world,1490.0,astronomer | mathematician,europe
3155,Q1902961,Marteinn Einarsson,re_nordic_countries,Nordic countries,1500.0,theologian,europe
3156,Q89483949,Johann Ernst Greding,re_german_world,German world,1676.0,theologian,europe
3157,Q946840,Louis Cousin,re_france,France,1627.0,historian | linguist | economist,europe
3158,Q20031282,Statius Buscher,re_german_world,German world,1584.0,theologian,europe
3159,Q50804729,Arnold Colom,re_low_countries,Low countries,1624.0,geographer,europe
3160,Q67938,Erdmann Neumeister,re_german_world,German world,1671.0,theologian,europe
3161,Q64592,Otto Mencke,re_german_world,German world,1644.0,philosopher | mathematician,europe
3162,Q1692923,Johann Christian Hebenstreit,re_german_world,German world,1686.0,theologian | philosopher,europe
3163,Q2260345,Scipione Cerreto,re_italy,Italy,1551.0,musicologist,europe
3164,Q1187173,Martín Cortés de Albacar,re_spain,Spain,1510.0,astronomer,europe
3165,Q965744,Lawrence Rooke,re_british_islands,British Islands,1620.0,astronomer | mathematician,europe
3166,Q6481240,Lambert Daneau,re_france,France,1535.0,theologian,europe
3167,Q16670908,Peter Ludwig le Roy,re_german_world,German world,1699.0,historian,europe
3168,Q94912899,Thomas Clausen,re_german_world,German world,1677.0,theologian,europe
3169,Q103024,Jan Roh,re_central_europe,Central Europe,1490.0,theologian,europe
3170,Q1767425,Girolamo Vittori,re_france,France,1549.0,linguist,europe
3171,Q3071873,Filippo Argelati,re_italy,Italy,1685.0,historian,europe
3172,Q18945471,Girolamo Manfredi,re_italy,Italy,1430.0,astronomer | philosopher,europe
3173,Q896449,Hieronymus Megiser,re_german_world,German world,1553.0,linguist | historian,europe
3174,Q126738,Pierre Toussain,re_german_world,German world,1499.0,theologian,europe
3175,Q983409,Edward Lhuyd,re_british_islands,British Islands,1660.0,botanist | linguist | geographer,europe
3176,Q3893150,Pandolfo Collenuccio,re_italy,Italy,1444.0,historian,europe
3177,Q38006092,François Genet,re_france,France,1640.0,theologian,europe
3178,Q498971,Anders Krag,re_nordic_countries,Nordic countries,1553.0,philosopher | physicist | mathematician,europe
3179,Q3068356,Leonard Digges,re_british_islands,British Islands,1515.0,mathematician,europe
3180,Q431324,Walter Map,re_british_islands,British Islands,1140.0,historian,europe
3181,Q94868387,Philippe de Gamaches,re_france,France,1568.0,theologian,europe
3182,Q91748013,Alvise Cima,re_italy,Italy,1643.0,geographer,europe
3183,Q16268510,Eliseo Masini,re_italy,Italy,1550.0,theologian,europe
3184,Q3894002,Paolo Emili,re_france,France,1460.0,historian,europe
3185,Q100234964,Alessandro De Angelis,re_italy,Italy,1559.0,theologian,europe
3186,Q1285550,Richard Maitland,re_british_islands,British Islands,1496.0,historian,europe
3187,Q5931378,Erland Lagerlöf,re_nordic_countries,Nordic countries,1653.0,philosopher,europe
3188,Q2270811,Antoine Rossignol,re_france,France,1600.0,mathematician,europe
3189,Q55228443,Carlo Granelli,re_german_world,German world,1671.0,archeologist | historian,europe
3190,Q953427,Constantijn Huygens jr.,re_low_countries,Low countries,1628.0,astronomer,europe
3191,Q14945632,William Reade,re_british_islands,British Islands,1283.0,mathematician,europe
3192,Q95297823,Johann Baptist Meckhardt,re_german_world,German world,1537.0,theologian,europe
3193,Q1695260,Johann Latermann,re_german_world,German world,1620.0,theologian,europe
3194,Q5590212,Laurentius Bureus,re_nordic_countries,Nordic countries,1623.0,historian,europe
3195,Q1499731,Achatius Mylius,re_german_world,German world,1608.0,theologian,europe
3196,Q3175129,Jean Yeuwain,re_low_countries,Low countries,1566.0,linguist,europe
3197,Q3159467,Jacques Malbrancq,re_low_countries,Low countries,1579.0,historian,europe
3198,Q94856881,Johannes von Essen,re_german_world,German world,1620.0,theologian,europe
3199,Q1166131,Martonfalvi Tóth György,re_central_europe,Central Europe,1635.0,theologian,europe
3200,Q15549989,Georg Liebler,re_german_world,German world,1524.0,philosopher | physicist,europe
3201,Q3181865,John Kersey the elder,re_british_islands,British Islands,1616.0,mathematician,europe
3202,Q55120830,Johann Frisch,re_german_world,German world,1636.0,theologian,europe
3203,Q106960077,Giovan Battista Guicciardini,re_italy,Italy,1508.0,geographer,europe
3204,Q96611,Caspar Neumann,re_central_europe,Central Europe,1648.0,theologian,europe
3205,Q737310,Fulgenzio Micanzio,re_italy,Italy,1570.0,theologian | historian,europe
3206,Q18530140,John Blackburne,re_british_islands,British Islands,1694.0,botanist,europe
3207,Q20002585,Giovanni Tommaso Minadoi,re_italy,Italy,1549.0,philosopher | historian,europe
3208,Q19280608,Matthaeus Herbenus,re_low_countries,Low countries,1451.0,musicologist,europe
3209,Q260404,"Anne Conway, Viscountess Conway",re_british_islands,British Islands,1631.0,philosopher,europe
3210,Q1819298,Leonhard Ursinus,re_german_world,German world,1618.0,botanist,europe
3211,Q94808138,Heinrich od. Huldreich Schönberger,re_slav_world,Slav world,1601.0,philosopher | mathematician,europe
3212,Q94938900,Georg Teubner,re_central_europe,Central Europe,1659.0,theologian,europe
3213,Q3340963,Nicolas de Nicolay,re_france,France,1517.0,geographer,europe
3214,Q41795942,Innocent Le Masson,re_france,France,1627.0,theologian,europe
3215,Q94831129,Johann Willerding,re_german_world,German world,1594.0,theologian,europe
3216,Q1489776,Gabriel Wedderkopff,re_german_world,German world,1644.0,theologian,europe
3217,Q1242534,Gilles-François de Gottignies,re_italy,Italy,1630.0,astronomer | mathematician,europe
3218,Q5586602,Israel Bringius,re_nordic_countries,Nordic countries,1587.0,philosopher | political scientist,europe
3219,Q94813096,Wolfgang Schwan,re_german_world,German world,1634.0,theologian,europe
3220,Q55874488,Johann Georg Schiebel,re_german_world,German world,1656.0,theologian | philosopher,europe
3221,Q960296,Willem Hessels van Est,re_france,France,1542.0,theologian,europe
3222,Q55904715,Samuel Artopoeus,re_france,France,1659.0,historian,europe
3223,Q1503975,Georg Klemens Finckh,re_german_world,German world,1687.0,theologian,europe
3224,Q2662898,Antonio Vallisneri,re_italy,Italy,1661.0,botanist | geologist,europe
3225,Q6062896,Christian Ramus,re_nordic_countries,Nordic countries,1687.0,theologian,europe
3226,Q1219274,Jean Sirmond,re_france,France,1589.0,historian,europe
3227,Q1987609,Johannes van Walbeeck,re_low_countries,Low countries,1602.0,geographer,europe
3228,Q1422983,Samuel Reyher,re_german_world,German world,1635.0,astronomer | mathematician,europe
3229,Q21076083,Giovanni Battista Braschi,re_italy,Italy,1656.0,historian,europe
3230,Q94933942,Georg Rieges,re_german_world,German world,1641.0,theologian,europe
3231,Q93121627,Grazia Castellani,re_italy,Italy,1350.0,theologian | philosopher | mathematician,europe
3232,Q28934285,Friedrich Gramm,re_german_world,German world,1667.0,theologian,europe
3233,Q351518,Simplicius of Cilicia,re_balkans,Balkans,501.0,astronomer | philosopher | mathematician,europe
3234,Q66627,George Cassander,re_german_world,German world,1513.0,theologian,europe
3235,Q2958304,Charles René Reyneau,re_france,France,1656.0,mathematician,europe
3236,Q3170679,Jean Beleth,re_france,France,1101.0,theologian,europe
3237,Q12802651,Sigismund Liechtenberg,re_central_europe,Central Europe,1688.0,theologian | philosopher,europe
3238,Q15078949,Pierre-Alexandre Levesque de La Ravalière,re_france,France,1697.0,historian,europe
3239,Q29016660,Floris van der Haer,re_france,France,1547.0,theologian | historian,europe
3240,Q11765746,Maciej ze Saspowa,re_central_europe,Central Europe,1408.0,philosopher,europe
3241,Q5944578,José Pellicer,re_spain,Spain,1602.0,historian,europe
3242,Q14468630,Charles François Houbigant,re_france,France,1686.0,linguist,europe
3243,Q55852637,David Hottinger,re_german_world,German world,1685.0,historian,europe
3244,Q499852,Andreas Overbeck,re_german_world,German world,1628.0,theologian,europe
3245,Q27999329,Teofilo Macchetti,re_italy,Italy,1632.0,musicologist,europe
3246,Q44167082,Francesc Meliton,re_spain,Spain,1681.0,astronomer,europe
3247,Q325341,Friedrich Spanheim the Younger,re_low_countries,Low countries,1632.0,theologian,europe
3248,Q2960534,Charles de Bourgueville,re_france,France,1504.0,historian,europe
3249,Q308161,Abdias Praetorius,re_german_world,German world,1524.0,theologian,europe
3250,Q712463,Piotr Skarga,re_central_europe,Central Europe,1536.0,theologian,europe
3251,Q91368,Johann Forster,re_german_world,German world,1496.0,theologian,europe
3252,Q1668137,Samuel Fischer,re_german_world,German world,1547.0,theologian,europe
3253,Q3171264,Jean Chartier,re_france,France,1390.0,historian,europe
3254,Q722978,Claude Buffier,re_france,France,1661.0,theologian | geographer | philosopher | historian,europe
3255,Q66459421,Jean Rivius,re_german_world,German world,1599.0,theologian,europe
3256,Q665453,Abraham Wheelocke,re_british_islands,British Islands,1593.0,linguist,europe
3257,Q3761960,Giacomo Accarisi,re_italy,Italy,1599.0,philosopher,europe
3258,Q456569,Walafrid Strabo,re_german_world,German world,808.0,botanist | historian,europe
3259,Q62770,Johannes Schöner,re_german_world,German world,1477.0,geographer | astronomer | mathematician,europe
3260,Q1085149,Christoph Herdesianus,re_german_world,German world,1523.0,theologian,europe
3261,Q1693531,Johann Friedrich Coelestin,re_german_world,German world,1535.0,theologian,europe
3262,Q2004984,William Cheselden,re_british_islands,British Islands,1688.0,anatomist,europe
3263,Q16521537,János Lippay,re_central_europe,Central Europe,1606.0,botanist,europe
3264,Q78059414,Johann Rudolf Brunner,re_german_world,German world,1698.0,theologian | philosopher,europe
3265,Q56787378,Pierre Lepoivre,re_low_countries,Low countries,1546.0,geographer,europe
3266,Q3106988,Giovanni Andrea Della Croce,re_italy,Italy,1515.0,anatomist,europe
3267,Q2559639,Wenrich von Trier,re_german_world,German world,1100.0,theologian | philosopher,europe
3268,Q1542683,Theodor Horn,re_german_world,German world,1661.0,philosopher,europe
3269,Q6000244,Johan Månsson,re_nordic_countries,Nordic countries,1590.0,geographer,europe
3270,Q187429,Claude Dupuy,re_france,France,1545.0,philosopher | historian,europe
3271,Q714963,Pietro Candido Decembrio,re_italy,Italy,1399.0,historian,europe
3272,Q3766098,Giovan Battista Pollidori,re_italy,Italy,1695.0,archeologist,europe
3273,Q1422175,Joseph Donat Surian,re_france,France,1700.0,botanist,europe
3274,Q12326447,Matthias de Thestrup,re_nordic_countries,Nordic countries,1688.0,theologian,europe
3275,Q38601211,Philipp Jacob Hartmann,re_slav_world,Slav world,1648.0,historian,europe
3276,Q3471250,"Sir Samuel Tuke, 1st Baronet",re_british_islands,British Islands,1615.0,linguist,europe
3277,Q106134183,Heinrich Písek von Bischofteinitz,re_central_europe,Central Europe,1510.0,theologian,europe
3278,Q3106230,Filleau des Billettes,re_france,France,1634.0,philosopher,europe
3279,Q3174858,Jean Tronchin Dubreuil,re_german_world,German world,1641.0,historian,europe
3280,Q1350816,Eustasius Friedrich Schütze,re_german_world,German world,1688.0,theologian,europe
3281,Q666005,György Lippay,re_central_europe,Central Europe,1601.0,chemist,europe
3282,Q4328208,Johannes Nucius,re_central_europe,Central Europe,1556.0,musicologist,europe
3283,Q3374035,Pedro Chacón,re_italy,Italy,1527.0,historian | mathematician,europe
3284,Q822441,Bernard Frénicle de Bessy,re_france,France,1604.0,mathematician,europe
3285,Q2634642,Adolph Wilhelm Gohren,re_german_world,German world,1685.0,theologian,europe
3286,Q1326883,Albert Brudzewski,re_central_europe,Central Europe,1445.0,astronomer | philosopher | mathematician,europe
3287,Q18729022,Cornelio Ghirardelli,re_italy,Italy,1501.0,astronomer,europe
3288,Q94936906,Friedrich Swetge,re_low_countries,Low countries,1619.0,theologian,europe
3289,Q30144964,Balthasar Lydius,re_low_countries,Low countries,1576.0,theologian,europe
3290,Q980560,Girolamo Mercuriale,re_italy,Italy,1530.0,linguist,europe
3291,Q56605582,Guillaume Du Peyrat,re_france,France,1563.0,theologian | historian,europe
3292,Q583077,Walter of Mortagne,re_france,France,1100.0,theologian,europe
3293,Q2004448,Simon Episcopius,re_low_countries,Low countries,1583.0,theologian,europe
3294,Q123731,Philipp Ludwig Hanneken,re_german_world,German world,1637.0,theologian,europe
3295,Q3992757,Tommaso Donato,re_italy,Italy,1434.0,theologian,europe
3296,Q7639702,Jens Bircherod,re_nordic_countries,Nordic countries,1664.0,theologian,europe
3297,Q94765756,Franz Rehm,re_german_world,German world,1634.0,theologian,europe
3298,Q1647335,Johann Georg Lairitz,re_german_world,German world,1647.0,theologian | historian,europe
3299,Q1357654,Marco Scacchi,re_italy,Italy,1602.0,musicologist,europe
3300,Q3165602,Jean-François Foppens,re_low_countries,Low countries,1689.0,theologian | historian,europe
3301,Q9376861,Wojciech Sokołowski,re_central_europe,Central Europe,1586.0,philosopher,europe
3302,Q18672836,William How,re_british_islands,British Islands,1620.0,botanist,europe
3303,Q94885876,Elias Schad,re_france,France,1541.0,theologian,europe
3304,Q2978128,Claude Sallier,re_france,France,1685.0,linguist,europe
3305,Q57337,Anton Praetorius,re_german_world,German world,1560.0,theologian,europe
3306,Q8005722,William Borough,re_british_islands,British Islands,1536.0,geographer,europe
3307,Q1368276,Paul Pellisson,re_france,France,1624.0,historian,europe
3308,Q3180558,Johann Georg Schelhorn,re_german_world,German world,1694.0,theologian | historian,europe
3309,Q1488113,Giacomo Zanoni,re_italy,Italy,1615.0,botanist,europe
3310,Q94844072,Johannes Gottlob Heer,re_central_europe,Central Europe,1681.0,theologian,europe
3311,Q100722502,Bernardino Benzi,re_italy,Italy,1688.0,theologian,europe
3312,Q1714492,Justus Christian Thorschmid,re_german_world,German world,1688.0,historian,europe
3313,Q4323,Albert of Aix,re_france,France,1060.0,historian,europe
3314,Q68523,Philipp Apian,re_german_world,German world,1531.0,geographer | mathematician,europe
3315,Q94839099,Georges Polier,re_german_world,German world,1675.0,theologian,europe
3316,Q3766779,Giovanni Battista Visco,re_italy,Italy,1601.0,theologian,europe
3317,Q55026852,Johann Hartmann Degener,re_low_countries,Low countries,1687.0,zoologist,europe
3318,Q94874018,Johannes Müller,re_german_world,German world,1445.0,theologian,europe
3319,Q1174956,David Kellner,re_german_world,German world,1670.0,musicologist,europe
3320,Q2050459,Paul of Pergula,re_italy,Italy,1380.0,philosopher | mathematician,europe
3321,Q6167895,Karl Ludvig von Schantz,re_nordic_countries,Nordic countries,1681.0,archeologist,europe
3322,Q2633197,Lambert Rijkszoon Lustigh,re_low_countries,Low countries,1656.0,historian,europe
3323,Q94831811,Christoph Zeller,re_german_world,German world,1650.0,theologian,europe
3324,Q3845887,Marcantonio Genua,re_italy,Italy,1491.0,philosopher,europe
3325,Q1695042,Josua Loner,re_german_world,German world,1535.0,theologian,europe
3326,Q58317802,Otto Werdmüller,re_german_world,German world,1513.0,theologian,europe
3327,Q1257120,Gerhard von Lünenschlos,re_german_world,German world,1666.0,mathematician,europe
3328,Q6290712,Josias Shute,re_british_islands,British Islands,1588.0,theologian,europe
3329,Q1162713,István Magyari,re_central_europe,Central Europe,1501.0,theologian,europe
3330,Q1213787,Louis-Isaac Lemaistre de Sacy,re_france,France,1613.0,theologian,europe
3331,Q330048,Abraham Gulich,re_low_countries,Low countries,1642.0,theologian | philosopher,europe
3332,Q500075,Andreas Pouchenius,re_slav_world,Slav world,1553.0,theologian,europe
3333,Q316996,Franciscus Sylvius,re_low_countries,Low countries,1614.0,chemist | anatomist,europe
3334,Q3383940,Pierre Bergeron,re_france,France,1580.0,geographer,europe
3335,Q76684,Simon Marius,re_german_world,German world,1573.0,astronomer | mathematician,europe
3336,Q10966201,Juhana Cajanus,re_nordic_countries,Nordic countries,1655.0,philosopher,europe
3337,Q9201391,Daniel Mikołajewski,re_central_europe,Central Europe,1560.0,theologian,europe
3338,Q3990733,Thomas Watson,re_british_islands,British Islands,1616.0,theologian,europe
3339,Q338487,Stanislovas Rapalionis,re_slav_world,Slav world,1485.0,theologian,europe
3340,Q51934258,Jan Janszoon Orlers,re_low_countries,Low countries,1570.0,historian,europe
3341,Q60469,Angelus Silesius,re_central_europe,Central Europe,1624.0,theologian,europe
3342,Q2232496,Johannes Vingboons,re_low_countries,Low countries,1616.0,geographer,europe
3343,Q429632,Christian Tobias Damm,re_german_world,German world,1699.0,linguist,europe
3344,Q94874563,Friedrich Müller,re_german_world,German world,1630.0,astronomer | mathematician,europe
3345,Q462274,Pedro Mexía,re_spain,Spain,1497.0,philosopher | historian,europe
3346,Q63072,Johan Abeling,re_german_world,German world,1600.0,theologian | historian,europe
3347,Q2059497,Paulus Fabricius,re_german_world,German world,1529.0,geographer | astronomer | mathematician,europe
3348,Q60959,Jacob Sprenger,re_france,France,1438.0,theologian,europe
3349,Q41559704,Giuseppe Balli,re_italy,Italy,1567.0,theologian,europe
3350,Q105773622,Jean de la Caille,re_france,France,1645.0,zoologist,europe
3351,Q3086198,Francis of Foix-Candale,re_france,France,1512.0,mathematician,europe
3352,Q18224885,Giovanni Maria Zappi,re_italy,Italy,1519.0,historian,europe
3353,Q94872492,Johann Dürr,re_german_world,German world,1564.0,theologian,europe
3354,Q1678153,Jacques d'Allonville,re_france,France,1671.0,astronomer | mathematician,europe
3355,Q15485386,Heinrich von Dissen,re_german_world,German world,1415.0,theologian,europe
3356,Q3120120,Guillaume Philandrier,re_france,France,1505.0,philosopher,europe
3357,Q805654,Balthasar Stolberg,re_german_world,German world,1640.0,theologian,europe
3358,Q1709082,Reiner Bontius,re_low_countries,Low countries,1576.0,astronomer | philosopher,europe
3359,Q3262542,Louis Liger,re_france,France,1658.0,botanist,europe
3360,Q27656158,Domingo de Oña,re_italy,Italy,1560.0,theologian | philosopher,europe
3361,Q3093610,Gabriel Barthélemy de Gramond,re_france,France,1590.0,historian,europe
3362,Q27950132,Johann Heinrich Schellenbauer,re_german_world,German world,1643.0,theologian,europe
3363,Q19402711,Ottavio Falconieri,re_italy,Italy,1636.0,archeologist,europe
3364,Q7795379,Thomas Young,re_british_islands,British Islands,1587.0,theologian,europe
3365,Q353532,Alfonso de Castro,re_low_countries,Low countries,1494.0,theologian,europe
3366,Q94935547,Michael Schmidt,re_german_world,German world,1602.0,theologian,europe
3367,Q3480834,Severo Bonini,re_italy,Italy,1582.0,musicologist,europe
3368,Q88202,Georg Andreas Helwing,re_central_europe,Central Europe,1666.0,theologian | botanist,europe
3369,Q16550360,Domenico de Dominicis,re_italy,Italy,1416.0,theologian,europe
3370,Q3777109,Martinus de Dacia,re_nordic_countries,Nordic countries,1220.0,theologian | philosopher,europe
3371,Q711273,Ismaël Bullialdus,re_france,France,1605.0,astronomer | physicist | mathematician,europe
3372,Q2870578,Aubert Miraeus,re_low_countries,Low countries,1573.0,theologian | historian,europe
3373,Q312372,Adelard of Bath,re_british_islands,British Islands,1075.0,astronomer | philosopher | mathematician,europe
3374,Q3308787,Michel-Louis Reneaulme de Lagaranne,re_france,France,1676.0,botanist,europe
3375,Q5564769,Girolamo Maggi,re_italy,Italy,1523.0,archeologist | historian | anthropologist,europe
3376,Q1587432,"Francesco Scipione, marchese di Maffei",re_italy,Italy,1675.0,archeologist,europe
3377,Q1902418,Marquard II. Schenk von Castell,re_german_world,German world,1605.0,theologian,europe
3378,Q95298381,Michael Schiller,re_german_world,German world,1614.0,mathematician,europe
3379,Q8078451,Étienne Bauny,re_france,France,1564.0,theologian,europe
3380,Q157359,Johann Kuhnau,re_german_world,German world,1660.0,musicologist | mathematician,europe
3381,Q710070,Piero Valeriano Bolzani,re_italy,Italy,1477.0,historian,europe
3382,Q1991521,Nikolaus Jagenteufel,re_german_world,German world,1526.0,theologian,europe
3383,Q471392,Albert of Stade,re_german_world,German world,1200.0,historian,europe
3384,Q2617775,Gustaf Adlerfelt,re_slav_world,Slav world,1671.0,historian,europe
3385,Q92284014,Giovanni Battista Carcano Leone,re_italy,Italy,1536.0,anatomist,europe
3386,Q30234205,Mariano Vittori,re_italy,Italy,1485.0,theologian,europe
3387,Q293604,Al-Maqrizi,re_spain,Spain,1364.0,historian | economist,europe
3388,Q55193152,Stephan Isaak,re_german_world,German world,1542.0,theologian,europe
3389,Q61485,Johann Konrad Dippel,re_german_world,German world,1673.0,theologian | philosopher | chemist,europe
3390,Q1910439,Matthias of Neuenburg,re_german_world,German world,1327.0,historian,europe
3391,Q108250721,Juan Gallo,re_spain,Spain,1521.0,theologian,europe
3392,Q21135783,Philipp Marbach,re_france,France,1550.0,theologian,europe
3393,Q17268956,Mansvét Förschan,re_central_europe,Central Europe,1650.0,theologian,europe
3394,Q1690116,Joachim Greff,re_german_world,German world,1510.0,theologian,europe
3395,Q63302252,Giovanni Fantoni,re_italy,Italy,1675.0,anatomist,europe
3396,Q1692773,Johann Buxtorf,re_german_world,German world,1663.0,theologian,europe
3397,Q103794,Bartholomäus Suawe,re_central_europe,Central Europe,1494.0,theologian,europe
3398,Q55133258,Marcus Maria Struggl,re_german_world,German world,1700.0,theologian,europe
3399,Q7789713,Thomas Ford,re_british_islands,British Islands,1598.0,theologian,europe
3400,Q97502,Valentin Alberti,re_german_world,German world,1635.0,theologian | philosopher,europe
3401,Q1714529,Justus Heinrich Jenisch,re_german_world,German world,1690.0,theologian,europe
3402,Q75979,Hermann Friedrich Teichmeyer,re_german_world,German world,1685.0,botanist,europe
3403,Q1618919,Pietro Sforza Pallavicino,re_italy,Italy,1607.0,historian,europe
3404,Q4873446,Baudouin of Ninove,re_low_countries,Low countries,1254.0,historian,europe
3405,Q731956,Bernardo Tolomei,re_italy,Italy,1272.0,theologian,europe
3406,Q3695464,Costantino Caetani,re_italy,Italy,1568.0,historian,europe
3407,Q356769,Clopton Havers,re_british_islands,British Islands,1657.0,anatomist,europe
3408,Q17003247,Jan of Holešov,re_central_europe,Central Europe,1366.0,theologian | anthropologist,europe
3409,Q1373287,John Martyn,re_british_islands,British Islands,1699.0,botanist,europe
3410,Q347804,Adriano Banchieri,re_italy,Italy,1568.0,musicologist,europe
3411,Q567913,Damião de Góis,re_portugal,Portugal,1502.0,historian,europe
3412,Q1525935,Giovanni Battista Trionfetti,re_italy,Italy,1656.0,botanist,europe
3413,Q1503948,Georg Christoph Kreysig,re_german_world,German world,1695.0,theologian,europe
3414,Q94920133,Andreas Hirsch,re_german_world,German world,1632.0,musicologist,europe
3415,Q6191027,Martin Stodius,re_nordic_countries,Nordic countries,1590.0,theologian | philosopher,europe
3416,Q805632,Balthasar Mentzer,re_german_world,German world,1679.0,theologian,europe
3417,Q107928,Peter Becker,re_central_europe,Central Europe,1491.0,theologian,europe
3418,Q1501346,Heinrich Eckhard,re_german_world,German world,1580.0,theologian,europe
3419,Q104629697,Francisco Antonio,re_spain,Spain,1535.0,theologian,europe
3420,Q1991348,Nicolaus Alard,re_german_world,German world,1644.0,theologian,europe
3421,Q1385985,Kilian Stobæus,re_nordic_countries,Nordic countries,1690.0,historian | zoologist,europe
3422,Q96686,Cyriacus Spangenberg,re_france,France,1528.0,theologian | historian,europe
3423,Q5929451,Jerónimo Ardid,re_spain,Spain,1565.0,botanist | economist,europe
3424,Q60145514,Janez Krstnik Thullner,re_german_world,German world,1668.0,historian,europe
3425,Q53115529,Josep Francesc de Móra i Catà,re_spain,Spain,1694.0,historian,europe
3426,Q15679697,Leonardo Bufalini,re_italy,Italy,1500.0,geographer,europe
3427,Q55876369,Baptista Duetecum,re_low_countries,Low countries,1588.0,geographer,europe
3428,Q55122738,Andreas Ottomar Goelicke,re_german_world,German world,1671.0,anatomist,europe
3429,Q2044035,Thomas Traherne,re_british_islands,British Islands,1636.0,theologian,europe
3430,Q3165700,Petrus Schomerus,re_nordic_countries,Nordic countries,1607.0,theologian,europe
3431,Q18945447,Giovanni Lodovico Longo,re_italy,Italy,1501.0,mathematician,europe
3432,Q2075806,Peter Annet,re_british_islands,British Islands,1693.0,theologian | philosopher,europe
3433,Q90020454,Melcior de Villena i Vila,re_spain,Spain,1564.0,botanist,europe
3434,Q17414317,Johann Wilhelm Stuck,re_german_world,German world,1542.0,theologian,europe
3435,Q5403135,Simon Kexlerus,re_nordic_countries,Nordic countries,1602.0,astronomer | mathematician,europe
3436,Q1096867,Claude Lancelot,re_france,France,1615.0,linguist,europe
3437,Q1696751,Johann Besser,re_german_world,German world,1654.0,historian,europe
3438,Q7519929,Simon Tunsted,re_british_islands,British Islands,1350.0,theologian | philosopher,europe
3439,Q5290135,Domenico Viva,re_italy,Italy,1648.0,theologian,europe
3440,Q944668,Robert de Clari,re_france,France,1170.0,historian,europe
3441,Q1085128,Christoph Heinrich Zeibich,re_german_world,German world,1677.0,theologian,europe
3442,Q555476,José de Acosta,re_spain,Spain,1540.0,historian | anthropologist,europe
3443,Q107695984,Josse-Joseph Plumyoen,re_low_countries,Low countries,1692.0,historian,europe
3444,Q61369,Gabriel Biel,re_german_world,German world,1418.0,theologian | philosopher,europe
3445,Q94901035,Heinrich Becker,re_german_world,German world,1662.0,theologian,europe
3446,Q20003439,Joan Baptista Anyés,re_spain,Spain,1480.0,theologian,europe
3447,Q369025,Jacques Besson,re_france,France,1540.0,mathematician,europe
3448,Q177869,Gabriele Falloppio,re_italy,Italy,1523.0,botanist | anatomist,europe
3449,Q107613,Hieronymus Dungersheim,re_german_world,German world,1465.0,theologian,europe
3450,Q2847037,André-François Deslandes,re_france,France,1689.0,philosopher,europe
3451,Q4023586,Boverius,re_italy,Italy,1568.0,historian,europe
3452,Q5792729,Nils Hasselbom,re_nordic_countries,Nordic countries,1690.0,mathematician,europe
3453,Q94936841,Christoph Philipp Wagner,re_german_world,German world,1699.0,theologian,europe
3454,Q42909810,Pietro Antonio Tornamira,re_italy,Italy,1618.0,historian,europe
3455,Q110777875,Bernardino Masbel,re_italy,Italy,1618.0,historian,europe
3456,Q106508014,José López de Echaburu,re_spain,Spain,1640.0,theologian,europe
3457,Q89472103,Simon Vigor,re_france,France,1556.0,theologian | historian,europe
3458,Q10349015,Petrus Mulerius,re_low_countries,Low countries,1599.0,botanist | physicist,europe
3459,Q4590600,Arent Berntsen,re_nordic_countries,Nordic countries,1610.0,geographer,europe
3460,Q3766833,Giovanni Biavi,re_italy,Italy,1684.0,historian,europe
3461,Q14941888,Jean Garnier,re_german_world,German world,1600.0,theologian,europe
3462,Q9206035,Deodat Nersesowicz,re_slav_world,Slav world,1647.0,theologian,europe
3463,Q8301644,Denis Simon,re_france,France,1648.0,historian,europe
3464,Q3011774,Antoine Dadin de Hauteserre,re_france,France,1602.0,historian,europe
3465,Q809500,Bartolomeo Facio,re_italy,Italy,1400.0,historian,europe
3466,Q1048024,Caspar Schleupner,re_central_europe,Central Europe,1535.0,mathematician,europe
3467,Q107093566,Martin Grandin,re_france,France,1604.0,theologian,europe
3468,Q901303,Michael Maier,re_german_world,German world,1568.0,philosopher,europe
3469,Q1047964,Caspar Loescher,re_german_world,German world,1636.0,theologian,europe
3470,Q1081240,Christian Nicolaus Möllenhof,re_german_world,German world,1698.0,theologian,europe
3471,Q970999,Pietro di Giacomo Cataneo,re_italy,Italy,1510.0,mathematician,europe
3472,Q3432376,Christen Worm,re_nordic_countries,Nordic countries,1672.0,theologian,europe
3473,Q18945709,Ovidio Montalbani,re_italy,Italy,1601.0,mathematician,europe
3474,Q454938,John Graunt,re_british_islands,British Islands,1620.0,mathematician | geographer,europe
3475,Q10729036,Fadrique Furio Ceriol,re_spain,Spain,1527.0,theologian | philosopher,europe
3476,Q5772264,Emund Gripenhielm,re_nordic_countries,Nordic countries,1622.0,historian,europe
3477,Q3845545,Marcello Capra,re_italy,Italy,1510.0,philosopher,europe
3478,Q2832837,Alessandro della Spina,re_italy,Italy,1201.0,physicist,europe
3479,Q1693265,Johann Dryander,re_german_world,German world,1500.0,astronomer | mathematician | anatomist,europe
3480,Q63188,Nicolaus von Amsdorf,re_german_world,German world,1483.0,theologian,europe
3481,Q29052351,Félix de Juvenel de Carlencas,re_france,France,1679.0,archeologist | historian,europe
3482,Q55679710,Johann Jakob Veith,re_german_world,German world,1631.0,theologian,europe
3483,Q1227013,Dionysius Melander,re_german_world,German world,1486.0,theologian,europe
3484,Q3810776,Juan Azor,re_italy,Italy,1535.0,philosopher,europe
3485,Q3014582,Daniel Rabel,re_france,France,1578.0,botanist,europe
3486,Q98693,Johann Benedict Carpzov,re_german_world,German world,1607.0,theologian,europe
3487,Q1395113,Moritz Burchard,re_german_world,German world,1586.0,theologian,europe
3488,Q2080922,Peter Bokelmann,re_german_world,German world,1505.0,theologian,europe
3489,Q3163788,Jean-Baptiste Louis Crévier,re_france,France,1693.0,historian,europe
3490,Q647000,Michelangelo Tamburini,re_italy,Italy,1648.0,philosopher,europe
3491,Q1162690,Daniel Severin Scultetus,re_german_world,German world,1645.0,theologian,europe
3492,Q28599377,Ottavio Bocchi,re_italy,Italy,1697.0,archeologist,europe
3493,Q7341794,Robert Baillie,re_british_islands,British Islands,1602.0,theologian,europe
3494,Q3609641,Alerame Traversagni,re_italy,Italy,1400.0,historian,europe
3495,Q3304995,Melchiorre Zoppio,re_italy,Italy,1544.0,philosopher,europe
3496,Q63829,Lorenz Heister,re_german_world,German world,1683.0,botanist | anatomist,europe
3497,Q57330,Johann Rudolf Glauber,re_low_countries,Low countries,1604.0,chemist,europe
3498,Q2846475,Anders Spole,re_nordic_countries,Nordic countries,1630.0,astronomer | mathematician,europe
3499,Q16027703,Claude-Nicolas Le Cat,re_france,France,1700.0,anatomist,europe
3500,Q713261,Petr Chelčický,re_central_europe,Central Europe,1390.0,theologian | philosopher,europe
3501,Q55676090,Caspar Cörber,re_german_world,German world,1658.0,historian,europe
3502,Q1517199,Albert Ernst von Wartenberg,re_german_world,German world,1635.0,historian,europe
3503,Q77967427,Juan de Cazalla,re_spain,Spain,1500.0,theologian,europe
3504,Q108910,Erasmus von Limburg,re_france,France,1507.0,theologian,europe
3505,Q47317954,Jean Guérard,re_france,France,1550.0,geographer,europe
3506,Q1368349,Johann Vogel,re_german_world,German world,1589.0,theologian,europe
3507,Q539261,Marcin Bylica,re_central_europe,Central Europe,1433.0,astronomer,europe
3508,Q3525075,Thomas Dyche,re_british_islands,British Islands,1695.0,linguist,europe
3509,Q3341053,Nicole Gilles,re_france,France,1420.0,historian,europe
3510,Q172383,Sylvester II,re_italy,Italy,938.0,theologian | astronomer | philosopher | mathematician,europe
3511,Q2569735,Wigand Gerstenberg,re_german_world,German world,1457.0,historian,europe
3512,Q1084885,Christoph Friedrich Fein,re_german_world,German world,1700.0,theologian,europe
3513,Q3350696,Oliva Sabuco,re_spain,Spain,1562.0,philosopher,europe
3514,Q106129,Bernhard Oelreich,re_german_world,German world,1626.0,theologian,europe
3515,Q974726,Festus Hommius,re_low_countries,Low countries,1576.0,theologian,europe
3516,Q3924132,Prospero Mandosio,re_italy,Italy,1643.0,historian,europe
3517,Q338123,Samuel ibn Tibbon,re_france,France,1160.0,philosopher,europe
3518,Q1697574,Johann Gottsleben,re_german_world,German world,1559.0,theologian,europe
3519,Q328186,Natalis Comes,re_italy,Italy,1520.0,historian,europe
3520,Q55807501,Jacobus Ravensperg,re_low_countries,Low countries,1615.0,philosopher,europe
3521,Q3379444,Philippus Brietius,re_france,France,1601.0,geographer | historian,europe
3522,Q572593,Anthonie Duyck,re_low_countries,Low countries,1560.0,geographer,europe
3523,Q22952563,Andrew Glen,re_british_islands,British Islands,1666.0,botanist,europe
3524,Q2270219,"Francisco de Moncada, 3rd Marquis of Aitona",re_german_world,German world,1586.0,historian,europe
3525,Q710665,John Dury,re_german_world,German world,1596.0,theologian | philosopher,europe
3526,Q330591,Abraham Scultetus,re_german_world,German world,1566.0,theologian,europe
3527,Q55874403,Johann Jacob Spleiss,re_german_world,German world,1655.0,mathematician,europe
3528,Q816951,Benedikt Gottlieb Clauswitz,re_german_world,German world,1692.0,theologian,europe
3529,Q6989286,Israel Zamosz,re_slav_world,Slav world,1700.0,mathematician,europe
3530,Q722525,Asher ben Jehiel,re_spain,Spain,1250.0,theologian | philosopher,europe
3531,Q561626,Maciej Stryjkowski,re_central_europe,Central Europe,1547.0,historian,europe
3532,Q58768,Hartmann Schedel,re_german_world,German world,1440.0,geographer | historian,europe
3533,Q2109747,Primat de Saint-Denis,re_france,France,1300.0,historian,europe
3534,Q55901431,Johann Achatius Koeler,re_german_world,German world,1663.0,physicist | mathematician,europe
3535,Q1605469,Henning Flügge,re_german_world,German world,1683.0,theologian,europe
3536,Q7787871,Thomas Brett,re_british_islands,British Islands,1667.0,theologian,europe
3537,Q1856133,William of Heytesbury,re_british_islands,British Islands,1313.0,philosopher | mathematician,europe
3538,Q508702,Filippo Villani,re_italy,Italy,1325.0,historian,europe
3539,Q819521,"John VII, Count of Nassau-Siegen",re_german_world,German world,1561.0,historian,europe
3540,Q201484,John Dee,re_british_islands,British Islands,1527.0,geographer | astronomer | philosopher | mathematician,europe
3541,Q514000,Jan Utenhove,re_british_islands,British Islands,1516.0,theologian,europe
3542,Q105272382,Agostino Busco,re_italy,Italy,1608.0,historian,europe
3543,Q2438022,Tobias Tilemann,re_german_world,German world,1584.0,mathematician,europe
3544,Q1642289,Johann Peter Kohl,re_german_world,German world,1698.0,theologian,europe
3545,Q40687160,Niccolò Taccoli,re_italy,Italy,1680.0,historian,europe
3546,Q96282453,François Pierre de Castella,re_german_world,German world,1690.0,philosopher,europe
3547,Q1539888,Theophilus Siegfried Bayer,re_slav_world,Slav world,1694.0,linguist | historian,europe
3548,Q1079843,Christian Gilbert de Spaignart,re_german_world,German world,1600.0,theologian,europe
3549,Q2506658,Jacques le Moyne,re_british_islands,British Islands,1533.0,geographer,europe
3550,Q23917396,Jaime de Corella,re_spain,Spain,1657.0,theologian,europe
3551,Q38587388,Joseph Antelmy,re_france,France,1648.0,historian,europe
3552,Q107696012,Henri de Vicq,re_france,France,1536.0,theologian,europe
3553,Q55136659,Johann Martin Schamel,re_german_world,German world,1668.0,theologian,europe
3554,Q686218,John Huxham,re_british_islands,British Islands,1692.0,physicist,europe
3555,Q11881250,Martin Miltopaeus,re_nordic_countries,Nordic countries,1631.0,philosopher,europe
3556,Q772122,Giuseppe Maria Tomasi,re_italy,Italy,1649.0,linguist,europe
3557,Q1697525,Johannes Frosch,re_german_world,German world,1485.0,theologian,europe
3558,Q39933934,Johannes Cluto,re_german_world,German world,1600.0,theologian,europe
3559,Q1528692,Laurentius Bosshart,re_german_world,German world,1490.0,historian,europe
3560,Q87819316,J.-C. Hervieux de Chanteloup,re_france,France,1683.0,zoologist,europe
3561,Q24335639,Lattanzio Domanino,re_italy,Italy,1540.0,theologian,europe
3562,Q109798,John Ernest Grabe,re_british_islands,British Islands,1666.0,theologian,europe
3563,Q646701,Thyrsus González de Santalla,re_italy,Italy,1624.0,theologian,europe
3564,Q55876135,Philipp Ludwig Dreyßigmark,re_german_world,German world,1676.0,theologian,europe
3565,Q60625,Conrad Celtes,re_german_world,German world,1459.0,philosopher | historian | mathematician,europe
3566,Q1461809,Friedrich Runge,re_german_world,German world,1559.0,theologian,europe
3567,Q15876851,Jan Alensoon,re_low_countries,Low countries,1683.0,musicologist,europe
3568,Q6146090,Thomas Milles,re_british_islands,British Islands,1550.0,economist,europe
3569,Q59528959,Mattia Palmieri,re_italy,Italy,1423.0,historian,europe
3570,Q29073392,Johann Hecker,re_central_europe,Central Europe,1625.0,astronomer,europe
3571,Q256288,John Parkinson,re_british_islands,British Islands,1567.0,botanist,europe
3572,Q432077,François Douaren,re_france,France,1509.0,philosopher,europe
3573,Q3766049,Giovan Battista Amico,re_italy,Italy,1512.0,astronomer | philosopher | mathematician,europe
3574,Q3159740,Jacques Pernetti,re_france,France,1696.0,historian,europe
3575,Q55130921,Johann Adolph Hartmann,re_german_world,German world,1680.0,historian,europe
3576,Q523113,Bernard Silvestris,re_france,France,1085.0,philosopher,europe
3577,Q55091035,Nicolaus Wiraeus,re_nordic_countries,Nordic countries,1671.0,historian,europe
3578,Q3158778,Jacques Du Roure,re_france,France,1650.0,philosopher,europe
3579,Q3374640,Sixtus of Siena,re_italy,Italy,1520.0,theologian,europe
3580,Q5565320,Giuseppe Agnelli,re_italy,Italy,1621.0,theologian,europe
3581,Q90473,Henricus Grammateus,re_german_world,German world,1492.0,musicologist | astronomer | mathematician,europe
3582,Q452091,William Whiston,re_british_islands,British Islands,1667.0,philosopher | physicist | mathematician | theologian | historian,europe
3583,Q23656544,Antoine Sirmond,re_france,France,1591.0,theologian,europe
3584,Q1579772,Nicholas Abram,re_france,France,1589.0,theologian | historian,europe
3585,Q1458801,Friedrich Daniel Lamprecht,re_german_world,German world,1687.0,theologian,europe
3586,Q6965659,Narcissus Luttrell,re_british_islands,British Islands,1657.0,historian,europe
3587,Q6033388,Johannes Palmberg,re_nordic_countries,Nordic countries,1640.0,botanist,europe
3588,Q110148,Heinrich Brewer,re_low_countries,Low countries,1640.0,historian,europe
3589,Q1695346,Johann Ludwig Hartmann,re_german_world,German world,1640.0,theologian,europe
3590,Q3184480,Joseph Alexis Poutrain,re_low_countries,Low countries,1684.0,historian,europe
3591,Q611129,António Maldonado,re_portugal,Portugal,1600.0,mathematician,europe
3592,Q389096,Gavin Douglas,re_british_islands,British Islands,1474.0,linguist,europe
3593,Q1579553,Hans Frese,re_german_world,German world,1600.0,geographer,europe
3594,Q5526544,Gaspar Ibáñez de Segovia,re_spain,Spain,1628.0,historian,europe
3595,Q16215699,Johann Christian Biel,re_german_world,German world,1687.0,theologian,europe
3596,Q4775411,Antoine-Joseph Mège,re_france,France,1625.0,theologian,europe
3597,Q3109711,Godefroy Hermant,re_france,France,1617.0,theologian | historian,europe
3598,Q73193,Johann Anastasius Freylinghausen,re_german_world,German world,1670.0,theologian,europe
3599,Q21546759,Alessandro Adelasio,re_italy,Italy,1631.0,theologian,europe
3600,Q87636,Simon Grynaeus,re_german_world,German world,1493.0,theologian,europe
3601,Q47469059,Francesco Dal Pozzo,re_italy,Italy,1490.0,philosopher,europe
3602,Q1598339,Heinrich Moller,re_german_world,German world,1530.0,theologian,europe
3603,Q1694126,Johann Gottfried Lessing,re_german_world,German world,1693.0,theologian,europe
3604,Q64875933,Juan López de Salamanca,re_spain,Spain,1389.0,theologian,europe
3605,Q219010,Christiern Pedersen,re_nordic_countries,Nordic countries,1480.0,theologian,europe
3606,Q6249830,John Munro,re_british_islands,British Islands,1670.0,anatomist,europe
3607,Q55679985,Justus Rösner,re_german_world,German world,1590.0,theologian,europe
3608,Q721312,John Mayow,re_british_islands,British Islands,1640.0,chemist | anatomist,europe
3609,Q1080904,Christian Ludwig Henneberg,re_german_world,German world,1637.0,theologian,europe
3610,Q27431168,David Constant,re_german_world,German world,1638.0,theologian | philosopher,europe
3611,Q18644666,Michael Sautter,re_german_world,German world,1618.0,theologian,europe
3612,Q1238914,Peter of Corbeil,re_france,France,1101.0,theologian,europe
3613,Q17417832,Johann Ludwig Andreae,re_german_world,German world,1667.0,theologian,europe
3614,Q55133348,Nicolaus Weigel,re_german_world,German world,1350.0,theologian,europe
3615,Q184500,Johannes Scotus Eriugena,re_central_europe,Central Europe,810.0,philosopher,europe
3616,Q646092,Beatus Rhenanus,re_france,France,1485.0,philosopher | historian,europe
3617,Q62674,Christoph Cellarius,re_german_world,German world,1638.0,historian,europe
3618,Q24067164,Michel Hospein,re_german_world,German world,1565.0,geographer,europe
3619,Q538644,Ghiselin Danckerts,re_italy,Italy,1510.0,musicologist,europe
3620,Q28150530,Daniel Pfisterer,re_german_world,German world,1651.0,botanist,europe
3621,Q3903655,Peter Arkoudios,re_italy,Italy,1563.0,theologian,europe
3622,Q5613374,Gualberto Fabricio de Vagad,re_spain,Spain,1500.0,historian,europe
3623,Q41559490,Doroteo Alimari,re_italy,Italy,1650.0,historian,europe
3624,Q7931664,Vincent Baron,re_france,France,1604.0,theologian,europe
3625,Q7794149,Thomas Stackhouse,re_british_islands,British Islands,1677.0,theologian,europe
3626,Q13080920,Joseph Barre,re_france,France,1692.0,historian,europe
3627,Q323741,Antonio Santarelli,re_italy,Italy,1569.0,theologian,europe
3628,Q42544,Thomas More,re_british_islands,British Islands,1478.0,theologian | philosopher | historian,europe
3629,Q2417087,Theobald Nigrinus,re_france,France,1485.0,theologian,europe
3630,Q1242861,Giovanni Maria Lanfranco,re_italy,Italy,1490.0,musicologist,europe
3631,Q21857528,Sebastiano Fantoni Castrucci,re_italy,Italy,1625.0,historian,europe
3632,Q2459003,Cornelis Pijnacker,re_low_countries,Low countries,1570.0,geographer,europe
3633,Q378148,Johannes Ciconia,re_italy,Italy,1370.0,musicologist,europe
3634,Q3568640,William Fulke,re_british_islands,British Islands,1538.0,theologian,europe
3635,Q55673422,Johann Conrad Dieterich,re_german_world,German world,1612.0,historian,europe
3636,Q59532492,Hieronymus Oertel,re_german_world,German world,1544.0,historian,europe
3637,Q1684999,Johan Frederik Reitz,re_low_countries,Low countries,1695.0,historian,europe
3638,Q100330715,Helena Magenbuch,re_german_world,German world,1523.0,pharmacologist | chemist,europe
3639,Q3263208,Louis Tralcat,re_france,France,1542.0,theologian,europe
3640,Q360464,Adolar Erich,re_german_world,German world,1559.0,geographer,europe
3641,Q3172105,Jean-François Baltus,re_france,France,1667.0,theologian,europe
3642,Q1503981,Georg Conrad Bergius,re_german_world,German world,1623.0,theologian,europe
3643,Q101829,Johann Heß,re_central_europe,Central Europe,1490.0,theologian,europe
3644,Q1078935,Christian Behrnauer,re_german_world,German world,1649.0,theologian,europe
3645,Q1910006,Matthias Johann Behr,re_german_world,German world,1685.0,historian,europe
3646,Q3805962,Jacopo da Forlì,re_italy,Italy,1364.0,philosopher,europe
3647,Q5590407,Eric Burman,re_nordic_countries,Nordic countries,1692.0,astronomer | meteorologist | mathematician,europe
3648,Q948104,Elipando,re_spain,Spain,717.0,theologian,europe
3649,Q1827205,Lionardo Sesler,re_italy,Italy,1700.0,botanist,europe
3650,Q159632,Caspar Peucer,re_german_world,German world,1525.0,theologian | historian | mathematician | zoologist,europe
3651,Q5608910,Griffith Powell,re_british_islands,British Islands,1561.0,philosopher,europe
3652,Q366328,Brunetto Latini,re_italy,Italy,1220.0,philosopher,europe
3653,Q1081040,Christian Matthiae,re_german_world,German world,1584.0,theologian,europe
3654,Q18003187,Jean Gosselin,re_france,France,1510.0,astronomer | mathematician,europe
3655,Q63306853,Girolamo Pollini,re_italy,Italy,1544.0,historian,europe
3656,Q378870,Daniele Barbaro,re_italy,Italy,1513.0,mathematician,europe
3657,Q730427,Marin Cureau de la Chambre,re_france,France,1594.0,philosopher,europe
3658,Q22070263,Antonio Oliva,re_italy,Italy,1624.0,theologian,europe
3659,Q94527034,Karl Péterffy,re_central_europe,Central Europe,1700.0,historian,europe
3660,Q15454152,Zacharias Grape,re_german_world,German world,1637.0,theologian,europe
3661,Q7175865,Peter Mews,re_british_islands,British Islands,1619.0,theologian,europe
3662,Q453933,Angelo Sala,re_german_world,German world,1576.0,chemist,europe
3663,Q1511653,Gerhard Grave,re_german_world,German world,1596.0,theologian,europe
3664,Q1583520,Hans Rüte,re_german_world,German world,1500.0,historian,europe
3665,Q110036,Person Gobelinus,re_german_world,German world,1358.0,historian,europe
3666,Q8317735,Jean L'Hoste,re_france,France,1586.0,mathematician,europe
3667,Q5863242,Florián de Ocampo,re_spain,Spain,1495.0,historian,europe
3668,Q29613412,Louis Morin de Saint-Victor,re_france,France,1635.0,botanist,europe
3669,Q3431220,Richard Sibbes,re_british_islands,British Islands,1577.0,theologian,europe
3670,Q16406904,Johann Pastelberg,re_central_europe,Central Europe,1650.0,theologian,europe
3671,Q3908459,Porchetus,re_italy,Italy,1250.0,theologian,europe
3672,Q55684922,Albert Wilhelm Melchioris,re_low_countries,Low countries,1685.0,theologian,europe
3673,Q770506,Christian Sgrooten,re_german_world,German world,1525.0,geographer,europe
3674,Q59531737,Amable Bonnefons,re_france,France,1600.0,theologian,europe
3675,Q1749935,Wolferdus Senguerdius,re_low_countries,Low countries,1646.0,physicist,europe
3676,Q380845,Aelred of Rievaulx,re_british_islands,British Islands,1110.0,historian,europe
3677,Q70310,Johannes Sleidanus,re_france,France,1506.0,historian,europe
3678,Q1079619,Christian Friedrich Knorr,re_german_world,German world,1646.0,theologian,europe
3679,Q94933742,Johann Caspar Waser,re_german_world,German world,1612.0,theologian,europe
3680,Q43947443,Elias Pistorius junior,re_german_world,German world,1624.0,theologian,europe
3681,Q540338,Alessandro Albani,re_italy,Italy,1692.0,archeologist,europe
3682,Q55124409,Johann Adam Haßlocher,re_german_world,German world,1645.0,theologian,europe
3683,Q14395605,Josuah Sylvester,re_low_countries,Low countries,1563.0,linguist,europe
3684,Q11928564,Josep Fageda,re_spain,Spain,1608.0,philosopher,europe
3685,Q5565299,Thomas Bang,re_nordic_countries,Nordic countries,1600.0,theologian,europe
3686,Q107482752,Matthaeus Galenus,re_france,France,1528.0,theologian,europe
3687,Q26713603,Marino Freccia,re_italy,Italy,1503.0,historian,europe
3688,Q67082,Melchior Adam,re_german_world,German world,1575.0,historian,europe
3689,Q3175677,Jean de Rély,re_france,France,1430.0,theologian,europe
3690,Q2262685,Sebastian Edzardi,re_german_world,German world,1673.0,theologian,europe
3691,Q3299494,Andronicus Callistus,re_british_islands,British Islands,1400.0,philosopher,europe
3692,Q759414,Samuel Ampzing,re_low_countries,Low countries,1590.0,historian,europe
3693,Q722999,Erhard Reuwich,re_german_world,German world,1445.0,geographer,europe
3694,Q15867314,Michael Müller,re_german_world,German world,1639.0,theologian,europe
3695,Q634442,Ericus Schroderus,re_nordic_countries,Nordic countries,1609.0,linguist | historian,europe
3696,Q4894666,Symon van de Moolen,re_low_countries,Low countries,1658.0,geographer | astronomer | mathematician,europe
3697,Q5353,Gilles de Corbeil,re_france,France,1140.0,anatomist,europe
3698,Q77820,Ambrosius Blarer,re_german_world,German world,1492.0,theologian | philosopher,europe
3699,Q19965447,Johann Jacob Müller,re_german_world,German world,1650.0,philosopher,europe
3700,Q1463975,Johann Andreas Bose,re_german_world,German world,1626.0,historian,europe
3701,Q217435,Giovanni Battista Sammartini,re_italy,Italy,1700.0,musicologist,europe
3702,Q87748,Jacob Friedrich Reimmann,re_german_world,German world,1668.0,theologian | historian,europe
3703,Q370777,Andreas Ryff,re_german_world,German world,1550.0,historian,europe
3704,Q7028984,Nicola Coleti,re_italy,Italy,1681.0,historian,europe
3705,Q1862572,Walter Burley,re_british_islands,British Islands,1275.0,theologian | philosopher | historian | logician,europe
3706,Q5722337,Henry Guthry,re_british_islands,British Islands,1600.0,historian,europe
3707,Q7787522,Thomas Bedford,re_british_islands,British Islands,1588.0,theologian,europe
3708,Q3154744,"Isaac Habert, bishop of Vabres",re_france,France,1600.0,theologian,europe
3709,Q476238,Robert Abbot,re_british_islands,British Islands,1560.0,theologian,europe
3710,Q1648145,Johann Tobias Major,re_german_world,German world,1615.0,theologian,europe
3711,Q19958872,Lambert Auer,re_italy,Italy,1533.0,philosopher,europe
3712,Q1612752,Hermann Serges,re_german_world,German world,1500.0,theologian,europe
3713,Q94836479,Petrus Zweidler,re_german_world,German world,1570.0,geographer,europe
3714,Q41618530,Bernardo Trevisan,re_italy,Italy,1652.0,philosopher,europe
3715,Q1698386,Johann Schwertfeger,re_german_world,German world,1488.0,theologian,europe
3716,Q5684449,Rodrigo Méndez Silva,re_italy,Italy,1606.0,historian,europe
3717,Q29848881,Paulus Aquilinas,re_central_europe,Central Europe,1520.0,historian,europe
3718,Q1423882,Henricus Pontanus,re_low_countries,Low countries,1652.0,theologian,europe
3719,Q181181,Pieter Bast,re_low_countries,Low countries,1550.0,geographer,europe
3720,Q1698303,Johann Saubert,re_german_world,German world,1638.0,theologian,europe
3721,Q579504,John of Głogów,re_central_europe,Central Europe,1445.0,geographer | astronomer | philosopher | mathematician,europe
3722,Q465375,Hans Thomissøn,re_nordic_countries,Nordic countries,1532.0,theologian,europe
3723,Q668134,Pier Paolo Vergerio,re_german_world,German world,1498.0,theologian,europe
3724,Q1767444,Lorenzo Franciosini,re_italy,Italy,1600.0,linguist,europe
3725,Q3087430,Juan Eusebio Nieremberg,re_spain,Spain,1595.0,theologian | philosopher | botanist,europe
3726,Q18944999,Angelo Felice Capelli,re_italy,Italy,1681.0,astronomer | mathematician,europe
3727,Q892460,John Biddle,re_british_islands,British Islands,1615.0,theologian,europe
3728,Q27768244,Adriaan van Schrieck,re_low_countries,Low countries,1561.0,historian,europe
3729,Q86250,Eilhard Lubinus,re_german_world,German world,1565.0,theologian | geographer | philosopher | mathematician,europe
3730,Q4216692,Edward Stillingfleet,re_british_islands,British Islands,1635.0,theologian,europe
3731,Q12669555,Pilypas Frizijus,re_central_europe,Central Europe,1572.0,philosopher,europe
3732,Q11768226,Marek Korona,re_slav_world,Slav world,1590.0,theologian,europe
3733,Q57197,Martin Waldseemüller,re_france,France,1470.0,theologian | geographer,europe
3734,Q577394,Petrus Peregrinus de Maricourt,re_france,France,1240.0,physicist,europe
3735,Q3430490,Richard Baker,re_british_islands,British Islands,1568.0,theologian | historian,europe
3736,Q55673569,Caspar Fiedler,re_german_world,German world,1649.0,theologian,europe
3737,Q1697554,Johannes Gerdes,re_nordic_countries,Nordic countries,1624.0,theologian,europe
3738,Q591431,Anton Lauterbach,re_german_world,German world,1502.0,theologian,europe
3739,Q12631500,Giovanni Giacomo de Rossi,re_italy,Italy,1627.0,geographer,europe
3740,Q107053393,William Berry,re_british_islands,British Islands,1639.0,geographer,europe
3741,Q100346,Johann Heinrich Voigt,re_france,France,1613.0,astronomer | mathematician,europe
3742,Q947651,John Italus,re_italy,Italy,1025.0,philosopher,europe
3743,Q95169558,Leopold Svojský,re_central_europe,Central Europe,1699.0,theologian,europe
3744,Q1701960,John Tradescant the Younger,re_british_islands,British Islands,1608.0,botanist,europe
3745,Q1762461,Tobias Olfen,re_german_world,German world,1597.0,historian,europe
3746,Q2656472,Augustin Schurff,re_german_world,German world,1495.0,physicist,europe
3747,Q50187108,Jacob Reinecke,re_german_world,German world,1572.0,theologian,europe
3748,Q311528,Adam of Fulda,re_german_world,German world,1445.0,musicologist,europe
3749,Q4755191,Andrea Mocenigo,re_italy,Italy,1473.0,historian,europe
3750,Q63355892,Domenico Sabbatino,re_italy,Italy,1653.0,theologian,europe
3751,Q1066534,Charles de Bovelles,re_france,France,1479.0,theologian | philosopher | mathematician,europe
3752,Q1310633,Francesc Eiximenis,re_spain,Spain,1330.0,philosopher,europe
3753,Q1630155,Estienne de La Roche,re_france,France,1470.0,mathematician,europe
3754,Q1080824,Christian Lyser,re_german_world,German world,1624.0,theologian,europe
3755,Q1148596,Erhard Lauterbach,re_german_world,German world,1570.0,theologian,europe
3756,Q49698,Johann Alexander Döderlein,re_german_world,German world,1675.0,historian,europe
3757,Q1837192,Hardouin de Péréfixe de Beaumont,re_france,France,1606.0,historian,europe
3758,Q2756217,Vital du Four,re_france,France,1260.0,philosopher,europe
3759,Q464471,Andrea Alciato,re_italy,Italy,1492.0,historian,europe
3760,Q748526,Stjepan Gradić,re_italy,Italy,1613.0,linguist | philosopher | mathematician,europe
3761,Q3525471,Thomas Penny,re_british_islands,British Islands,1532.0,zoologist,europe
3762,Q1695050,Johann Justus Berkelmann,re_german_world,German world,1678.0,theologian,europe
3763,Q17301815,Juan Luís de Moncada,re_spain,Spain,1585.0,historian,europe
3764,Q1388187,Juanelo Turriano,re_spain,Spain,1500.0,mathematician,europe
3765,Q2337208,Alfonso de Palencia,re_spain,Spain,1423.0,linguist | historian,europe
3766,Q23015582,Marco Antonio Ginanni,re_italy,Italy,1690.0,historian,europe
3767,Q979574,Filippo Baldinucci,re_italy,Italy,1625.0,historian,europe
3768,Q2416452,Giovanni Battista Adriani,re_italy,Italy,1513.0,historian,europe
3769,Q1895764,Maria Clara Eimmart,re_german_world,German world,1676.0,astronomer,europe
3770,Q74621888,Nicolaas Engelhard,re_low_countries,Low countries,1696.0,mathematician,europe
3771,Q75164,Daniel Sennert,re_german_world,German world,1572.0,chemist,europe
3772,Q2389959,Johannes Koerbagh,re_low_countries,Low countries,1634.0,philosopher,europe
3773,Q499084,Andreas Kunad,re_german_world,German world,1602.0,theologian,europe
3774,Q1378086,Adriaan van den Spiegel,re_italy,Italy,1578.0,botanist | anatomist,europe
3775,Q1384223,Theodor Trendelenburg,re_german_world,German world,1696.0,theologian,europe
3776,Q6615987,Andreas Ebert,re_german_world,German world,1479.0,theologian,europe
3777,Q3340325,Nicolas Fontaine,re_france,France,1625.0,theologian,europe
3778,Q55226435,Giovanni Giuseppe Capodagli,re_italy,Italy,1634.0,historian,europe
3779,Q18945026,Antonio Berga,re_italy,Italy,1535.0,philosopher,europe
3780,Q1700348,John Hales,re_british_islands,British Islands,1584.0,theologian,europe
3781,Q3173075,Jean Le Fèvre,re_france,France,1652.0,astronomer | physicist,europe
3782,Q56599708,Pierre Blanchot,re_france,France,1589.0,theologian,europe
3783,Q350773,Baldo Angelo Abati,re_italy,Italy,1401.0,zoologist | physicist,europe
3784,Q922852,Cornelius Johannes Barchman Wuytiers,re_low_countries,Low countries,1692.0,theologian,europe
3785,Q735426,Godefroy Wendelin,re_low_countries,Low countries,1580.0,astronomer,europe
3786,Q1237898,Amable de Bourzeys,re_france,France,1606.0,theologian,europe
3787,Q26820818,Johann Conrad Klemm,re_german_world,German world,1655.0,theologian,europe
3788,Q1066542,Charles de Condren,re_france,France,1588.0,theologian | philosopher,europe
3789,Q6763694,Marinus Becichemus Scodrensis,re_italy,Italy,1468.0,philosopher,europe
3790,Q2418400,Theodor Undereyck,re_german_world,German world,1635.0,theologian,europe
3791,Q5993064,Ignácio Barbosa-Machado,re_portugal,Portugal,1686.0,historian,europe
3792,Q16968579,Richard Methley,re_british_islands,British Islands,1451.0,theologian,europe
3793,Q4481214,Henry Farquharson,re_slav_world,Slav world,1675.0,astronomer | mathematician,europe
3794,Q725709,John Lesley,re_low_countries,Low countries,1527.0,historian,europe
3795,Q119313,Conrad Justinger,re_german_world,German world,1400.0,historian,europe
3796,Q1368362,Wolfgang Capito,re_france,France,1478.0,theologian,europe
3797,Q231256,Francis de Sales,re_france,France,1567.0,theologian,europe
3798,Q55125907,Johann Valentin Pietsch,re_slav_world,Slav world,1690.0,theologian,europe
3799,Q1695313,Johann Lorenz Pfeiffer,re_german_world,German world,1662.0,theologian,europe
3800,Q3071889,Filippo Ferrari,re_italy,Italy,1551.0,geographer | astronomer | linguist | mathematician,europe
3801,Q1695735,Johann Otto Henckel,re_german_world,German world,1636.0,theologian,europe
3802,Q76548,Meister Eckhart,re_france,France,1260.0,theologian | philosopher,europe
3803,Q87620,Luca Pacioli,re_italy,Italy,1440.0,economist | mathematician,europe
3804,Q12306335,Christopher Bartholin,re_nordic_countries,Nordic countries,1657.0,mathematician,europe
3805,Q16976840,Bartomeu Oliver i Gazà,re_spain,Spain,1650.0,theologian,europe
3806,Q18945215,Donato Rossetti,re_italy,Italy,1633.0,philosopher | mathematician,europe
3807,Q1375636,Joseph Serrurier,re_low_countries,Low countries,1663.0,botanist | physicist | mathematician,europe
3808,Q3327093,Moses of Bergamo,re_italy,Italy,1150.0,linguist,europe
3809,Q705306,Bernard de Montfaucon,re_france,France,1655.0,theologian | archeologist | historian,europe
3810,Q1505197,Georg Lilien,re_german_world,German world,1597.0,theologian,europe
3811,Q60455824,Janez Purkhardt,re_central_europe,Central Europe,1680.0,theologian,europe
3812,Q5557891,Giacomo Grimaldi,re_italy,Italy,1568.0,historian,europe
3813,Q3380442,Philippe Naudé l'Ancien,re_german_world,German world,1654.0,mathematician,europe
3814,Q5535811,Georg Schomann,re_central_europe,Central Europe,1539.0,theologian,europe
3815,Q18672990,William Whitelocke,re_british_islands,British Islands,1520.0,historian,europe
3816,Q504016,Thomas Elyot,re_british_islands,British Islands,1490.0,linguist | philosopher,europe
3817,Q1405128,Eustachio Divini,re_italy,Italy,1610.0,astronomer,europe
3818,Q2041970,Outgert Cluyt,re_low_countries,Low countries,1578.0,botanist | zoologist,europe
3819,Q2107506,Lupercio Leonardo de Argensola,re_italy,Italy,1559.0,historian,europe
3820,Q2804450,Ulrich Junius,re_german_world,German world,1670.0,mathematician,europe
3821,Q968686,George Hadley,re_british_islands,British Islands,1685.0,meteorologist | physicist,europe
3822,Q105229,Johann Burckhardt Mencke,re_german_world,German world,1674.0,historian,europe
3823,Q1260285,Johann Heinrich Ringier,re_german_world,German world,1668.0,theologian,europe
3824,Q5601620,Tommaso Campeggi,re_italy,Italy,1486.0,theologian,europe
3825,Q18516490,David Coster,re_low_countries,Low countries,1686.0,geographer,europe
3826,Q2749300,Egbert Haubois,re_low_countries,Low countries,1600.0,geographer,europe
3827,Q90329,Johann Daniel Schöpflin,re_france,France,1694.0,historian,europe
3828,Q18576243,George Swinnock,re_british_islands,British Islands,1627.0,theologian,europe
3829,Q2234393,Johannes Snippendaal,re_low_countries,Low countries,1616.0,botanist,europe
3830,Q3107217,Giovanni Girolamo Sbaraglia,re_italy,Italy,1641.0,anatomist,europe
3831,Q3659919,Carlo Turco,re_italy,Italy,1548.0,philosopher,europe
3832,Q2866364,Ascelin,re_france,France,1250.0,historian,europe
3833,Q254814,Jordanus of Giano,re_german_world,German world,1195.0,historian,europe
3834,Q1987549,Francesco Giorgi,re_italy,Italy,1466.0,theologian | philosopher,europe
3835,Q91214,Helisaeus Roeslin,re_france,France,1545.0,astronomer,europe
3836,Q2980590,Clément Cyriaque de Mangin,re_france,France,1570.0,mathematician,europe
3837,Q448879,Nicolas Gédoyn,re_france,France,1677.0,linguist,europe
3838,Q39599,Christiaan Huygens,re_low_countries,Low countries,1629.0,zoologist | physicist | musicologist | astronomer | mathematician,europe
3839,Q44053,Pierre Desceliers,re_france,France,1487.0,geographer,europe
3840,Q3001923,Pieter Goos,re_low_countries,Low countries,1615.0,geographer,europe
3841,Q1363211,Isaac Rand,re_british_islands,British Islands,1674.0,botanist,europe
3842,Q745208,Everard Mercurian,re_italy,Italy,1514.0,theologian,europe
3843,Q3377679,Petrus Astronomus,re_nordic_countries,Nordic countries,1450.0,astronomer,europe
3844,Q2428196,John Gill,re_british_islands,British Islands,1697.0,theologian,europe
3845,Q1395241,Mikalojus Daukša,re_central_europe,Central Europe,1527.0,linguist,europe
3846,Q123900,Johann Jakob Scheuchzer,re_german_world,German world,1672.0,physicist | botanist | paleontologist | theologian | geographer | meteorologist,europe
3847,Q1385325,Willem Piso,re_low_countries,Low countries,1611.0,botanist | zoologist,europe
3848,Q3086257,François de Maucroix,re_france,France,1619.0,linguist,europe
3849,Q3608657,Alberto da Padova,re_france,France,1269.0,theologian,europe
3850,Q638418,Aernout van Buchel,re_low_countries,Low countries,1565.0,archeologist,europe
3851,Q27064349,Corneille Bonaventure Bertram,re_german_world,German world,1531.0,theologian,europe
3852,Q1696883,Johann von der Berswordt,re_german_world,German world,1574.0,historian,europe
3853,Q55127514,Johann Heinrich Florin,re_german_world,German world,1650.0,theologian,europe
3854,Q38002909,Johann Baptist Gumpp,re_german_world,German world,1651.0,geographer,europe
3855,Q23695787,Bartolomé de Albornoz,re_spain,Spain,1519.0,historian,europe
3856,Q18330942,Kjettil Classon Felterus,re_nordic_countries,Nordic countries,1620.0,geographer,europe
3857,Q98960345,Domenico De Angelis,re_italy,Italy,1675.0,theologian | philosopher | historian,europe
3858,Q466779,Elisabeth Hevelius,re_central_europe,Central Europe,1647.0,astronomer,europe
3859,Q2090610,Pontus de Huyter,re_low_countries,Low countries,1535.0,theologian | historian,europe
3860,Q55134061,Friedrich Wilhelm von Sommersberg,re_german_world,German world,1698.0,historian,europe
3861,Q1538175,Samuel Dale,re_british_islands,British Islands,1659.0,botanist | pharmacologist,europe
3862,Q63861217,Felipe Diez,re_spain,Spain,1550.0,theologian,europe
3863,Q1393342,Jean de Venette,re_france,France,1307.0,historian,europe
3864,Q3642052,Bonaventura Morone,re_italy,Italy,1557.0,theologian,europe
3865,Q23845203,Étienne Mignot,re_france,France,1698.0,theologian,europe
3866,Q95200,Matthäus Prätorius,re_central_europe,Central Europe,1635.0,historian,europe
3867,Q1698718,Johannes van Heeck,re_italy,Italy,1579.0,astronomer | physicist | mathematician | zoologist,europe
3868,Q588406,Anton Braun,re_german_world,German world,1686.0,mathematician,europe
3869,Q538267,William of Moerbeke,re_balkans,Balkans,1215.0,philosopher,europe
3870,Q376856,Adrien Auzout,re_italy,Italy,1622.0,astronomer | physicist,europe
3871,Q3088440,Michel Baudier,re_france,France,1586.0,historian,europe
3872,Q120972,Sebastian Hofmeister,re_german_world,German world,1476.0,theologian,europe
3873,Q192706,William Gilbert,re_british_islands,British Islands,1544.0,astronomer | philosopher | physicist,europe
3874,Q773982,Florence of Worcester,re_british_islands,British Islands,1100.0,historian,europe
3875,Q1782286,Konrad Sam,re_german_world,German world,1483.0,theologian,europe
3876,Q935542,Charles Cotin,re_france,France,1604.0,philosopher,europe
3877,Q3695486,Costantino Grimaldi,re_italy,Italy,1667.0,philosopher,europe
3878,Q55228464,Antonio Maria Graziani,re_italy,Italy,1537.0,historian,europe
3879,Q1230580,Albert Linemann,re_slav_world,Slav world,1603.0,astronomer | mathematician,europe
3880,Q1300518,Erich Weismann,re_german_world,German world,1641.0,theologian,europe
3881,Q1437025,Jacobus Polius,re_german_world,German world,1588.0,historian,europe
3882,Q121435,Michael Vehe,re_german_world,German world,1485.0,theologian,europe
3883,Q11857929,Enevaldus Svenonius,re_nordic_countries,Nordic countries,1617.0,theologian,europe
3884,Q122657,Benedictus Ducis,re_german_world,German world,1490.0,theologian,europe
3885,Q41535366,Guillaume Rivière,re_france,France,1655.0,botanist,europe
3886,Q511130,Raffaello Magiotti,re_italy,Italy,1597.0,astronomer | physicist | mathematician,europe
3887,Q658008,John Theophilus Desaguliers,re_british_islands,British Islands,1683.0,philosopher | physicist,europe
3888,Q2176092,Carlos Coloma,re_spain,Spain,1567.0,historian,europe
3889,Q3180358,Jofroi of Waterford,re_british_islands,British Islands,1250.0,linguist,europe
3890,Q55807,William Baffin,re_british_islands,British Islands,1584.0,geographer,europe
3891,Q1303585,Matthias Lauterwalt,re_central_europe,Central Europe,1520.0,theologian,europe
3892,Q3510267,Sébastien Pontault de Beaulieu,re_france,France,1612.0,geographer,europe
3893,Q5550226,Gerard van Schagen,re_low_countries,Low countries,1641.0,geographer,europe
3894,Q1659710,Immanuel Heinrich Kauderbach,re_central_europe,Central Europe,1695.0,theologian,europe
3895,Q55679974,Johann Lipp,re_france,France,1554.0,theologian,europe
3896,Q97697,Heinrich Paxmann,re_german_world,German world,1531.0,philosopher,europe
3897,Q3171523,Jean Daillé,re_france,France,1594.0,theologian,europe
3898,Q109588126,Johann Weingärtner,re_german_world,German world,1643.0,theologian,europe
3899,Q106356,Johann Fischer,re_german_world,German world,1633.0,theologian,europe
3900,Q1387673,Raymond Vieussens,re_france,France,1641.0,anatomist,europe
3901,Q585422,Dezallier d'Argenville,re_france,France,1680.0,zoologist,europe
3902,Q1133972,Cornelius Tollius,re_low_countries,Low countries,1620.0,historian,europe
3903,Q5484071,Francisco Ximénez de Urrea,re_spain,Spain,1589.0,historian,europe
3904,Q936722,Claudio Tolomei,re_italy,Italy,1492.0,linguist,europe
3905,Q15434424,Hermann von Hamme,re_german_world,German world,1400.0,theologian,europe
3906,Q1612808,Hermann Fley,re_german_world,German world,1575.0,historian,europe
3907,Q335086,Henry Briggs,re_british_islands,British Islands,1561.0,mathematician,europe
3908,Q3749759,Francesco Cattani da Diacceto,re_italy,Italy,1446.0,philosopher,europe
3909,Q7342197,Robert Bolton,re_british_islands,British Islands,1572.0,theologian,europe
3910,Q2960110,Charles René Billuart,re_france,France,1685.0,theologian,europe
3911,Q352569,Jacopo Nardi,re_italy,Italy,1476.0,historian,europe
3912,Q94920285,Gottfried Hecht,re_german_world,German world,1683.0,historian,europe
3913,Q4891971,Pere Antoni Beuter,re_spain,Spain,1500.0,historian,europe
3914,Q98556548,Grgur Budislavic,re_balkans,Balkans,1485.0,theologian | philosopher,europe
3915,Q6034269,Laurentius Palumbus,re_nordic_countries,Nordic countries,1615.0,theologian,europe
3916,Q797181,Daniele Farlati,re_italy,Italy,1690.0,historian,europe
3917,Q1894560,Marek Bydžovský z Florentina,re_central_europe,Central Europe,1540.0,astronomer | historian | mathematician,europe
3918,Q3929067,Raffaele Della Torre,re_italy,Italy,1579.0,historian,europe
3919,Q3483539,Sigismondo Conti,re_italy,Italy,1432.0,historian,europe
3920,Q459604,Autpert Ambrose,re_france,France,730.0,theologian,europe
3921,Q94850984,Melchior Cramer,re_german_world,German world,1599.0,theologian,europe
3922,Q1640327,Johann Joseph Seyler,re_german_world,German world,1669.0,theologian,europe
3923,Q10319912,Louis Joblot,re_france,France,1645.0,zoologist,europe
3924,Q1136207,Cosmus von Simmer,re_central_europe,Central Europe,1581.0,historian,europe
3925,Q1451111,François Leguat,re_british_islands,British Islands,1637.0,zoologist,europe
3926,Q28728076,Johann Friedrich Polack,re_german_world,German world,1700.0,mathematician,europe
3927,Q54555843,Michael Friedrich Lochner von Hummelstein,re_german_world,German world,1662.0,zoologist,europe
3928,Q742311,Chad of Mercia,re_british_islands,British Islands,634.0,theologian,europe
3929,Q426170,Sulkhan-Saba Orbeliani,re_slav_world,Slav world,1658.0,linguist,europe
3930,Q16650078,Laurentius Olai Gestricius,re_nordic_countries,Nordic countries,1530.0,theologian,europe
3931,Q1456927,Conrad of Eberbach,re_german_world,German world,1150.0,historian,europe
3932,Q11934540,Madrona Clarina i Colomer,re_spain,Spain,1688.0,philosopher,europe
3933,Q35564442,Mikołaj Wodka z Kwidzynia,re_central_europe,Central Europe,1442.0,astronomer,europe
3934,Q36005835,Johann Jakob Lidl,re_german_world,German world,1696.0,geographer,europe
3935,Q10267984,Domenico Capacci,re_italy,Italy,1694.0,geographer,europe
3936,Q4814842,Eleanor Glanville,re_british_islands,British Islands,1654.0,zoologist,europe
3937,Q316949,John Ray,re_british_islands,British Islands,1627.0,theologian | botanist | zoologist,europe
3938,Q707787,Robert Filmer,re_british_islands,British Islands,1588.0,philosopher,europe
3939,Q55127057,Eusebius Graf von Truchseß,re_italy,Italy,1631.0,theologian,europe
3940,Q6120699,Jacques Le Fèvre,re_france,France,1645.0,theologian,europe
3941,Q112980,Andreas Angelus,re_german_world,German world,1561.0,historian,europe
3942,Q2588065,Adriaan Smout,re_low_countries,Low countries,1580.0,theologian,europe
3943,Q635581,Tommaso Ceva,re_italy,Italy,1648.0,mathematician,europe
3944,Q1598264,Heinrich Martin Eckard,re_german_world,German world,1615.0,theologian,europe
3945,Q16649228,Johan Flachsenius,re_nordic_countries,Nordic countries,1636.0,theologian | astronomer | mathematician,europe
3946,Q19936339,Elizej Sargar,re_german_world,German world,1625.0,theologian | philosopher,europe
3947,Q53707179,Diego José Dormer,re_spain,Spain,1649.0,historian,europe
3948,Q3665343,Cesare Benvenuti,re_italy,Italy,1669.0,theologian | philosopher,europe
3949,Q3340181,Nicolas Caussin,re_france,France,1583.0,theologian,europe
3950,Q41566887,Lelio Bonsi,re_italy,Italy,1532.0,philosopher,europe
3951,Q331154,Guillaume Fichet,re_italy,Italy,1433.0,theologian,europe
3952,Q7789506,Thomas Fale,re_british_islands,British Islands,1561.0,mathematician,europe
3953,Q6220536,John Banister,re_british_islands,British Islands,1533.0,anatomist,europe
3954,Q673468,Paolo Casati,re_italy,Italy,1617.0,astronomer | physicist | mathematician,europe
3955,Q94883504,Heinrich Bernhard Küster,re_german_world,German world,1662.0,theologian,europe
3956,Q1642977,Vidus Vidius,re_italy,Italy,1509.0,anatomist,europe
3957,Q109666,Melchior Rink,re_german_world,German world,1494.0,theologian,europe
3958,Q18945563,Johann Lantz,re_german_world,German world,1564.0,mathematician,europe
3959,Q710504,Bohuslav Balbín,re_central_europe,Central Europe,1621.0,geographer | philosopher | historian,europe
3960,Q1377476,Johann Cogler,re_central_europe,Central Europe,1525.0,theologian,europe
3961,Q3939246,Roberto de' Bardi,re_france,France,1290.0,theologian,europe
3962,Q302402,Ralph de Diceto,re_british_islands,British Islands,1200.0,historian,europe
3963,Q4890252,Esteban Garibay,re_spain,Spain,1533.0,historian,europe
3964,Q535629,Angelo Berardi,re_italy,Italy,1636.0,musicologist,europe
3965,Q2856772,Antoine Touron,re_france,France,1686.0,historian,europe
3966,Q20729798,Abraham Hartwich,re_slav_world,Slav world,1663.0,theologian | historian,europe
3967,Q319399,Antoine Galland,re_france,France,1646.0,archeologist | anthropologist,europe
3968,Q967274,John Dumbleton,re_british_islands,British Islands,1310.0,mathematician,europe
3969,Q122291,Christian Wurstisen,re_german_world,German world,1544.0,theologian | astronomer | historian | mathematician,europe
3970,Q72022,Johann Jakob Brucker,re_german_world,German world,1696.0,philosopher | historian,europe
3971,Q1721231,Michael Eifler,re_slav_world,Slav world,1601.0,physicist,europe
3972,Q1091050,Anselmo Banduri,re_france,France,1675.0,archeologist | anthropologist,europe
3973,Q4639752,Gerónimo Uztáriz,re_spain,Spain,1670.0,economist,europe
3974,Q20012572,Jacobus Philippi,re_german_world,German world,1435.0,theologian,europe
3975,Q3159587,Jacques Moisant de Brieux,re_france,France,1611.0,historian,europe
3976,Q55112427,Johann Reinboth,re_german_world,German world,1609.0,theologian,europe
3977,Q2840001,Alphonse I d'Elbène,re_france,France,1538.0,historian,europe
3978,Q55228043,Pietro Garzoni,re_italy,Italy,1698.0,historian,europe
3979,Q78666218,Felipe Colombo,re_spain,Spain,1623.0,historian,europe
3980,Q41568869,Niccolò Coppola,re_spain,Spain,1650.0,mathematician,europe
3981,Q1961423,Philippe Labbe,re_france,France,1607.0,historian,europe
3982,Q5392534,Ermolao Barbaro,re_italy,Italy,1410.0,linguist,europe
3983,Q13639629,John Gay,re_british_islands,British Islands,1699.0,theologian | philosopher,europe
3984,Q66317648,János Lippai,re_central_europe,Central Europe,1606.0,botanist,europe
3985,Q28761,Alfred of Sareshel,re_british_islands,British Islands,1101.0,philosopher,europe
3986,Q768718,Francisco Correa de Araujo,re_spain,Spain,1584.0,musicologist,europe
3987,Q85927,Johann Freinsheim,re_german_world,German world,1608.0,historian,europe
3988,Q94887370,Philipp Wagner,re_german_world,German world,1526.0,theologian,europe
3989,Q3063991,Fabrizio Bartoletti,re_italy,Italy,1576.0,chemist,europe
3990,Q669640,Judah Messer Leon,re_italy,Italy,1422.0,philosopher,europe
3991,Q809346,Bartholomaeus Elsner,re_german_world,German world,1596.0,theologian,europe
3992,Q1677946,Jacobus Dedelley,re_german_world,German world,1694.0,philosopher,europe
3993,Q312384,Francisco de Vitoria,re_spain,Spain,1480.0,philosopher | economist,europe
3994,Q110136409,Jacopo di Porcia,re_italy,Italy,1462.0,historian,europe
3995,Q7344935,Robert Greene,re_british_islands,British Islands,1678.0,philosopher,europe
3996,Q600982,Antonio Bosio,re_italy,Italy,1576.0,archeologist,europe
3997,Q21548758,Tommaso Bozio,re_italy,Italy,1548.0,theologian | philosopher,europe
3998,Q61389,Elisabeth of the Palatinate,re_german_world,German world,1618.0,philosopher,europe
3999,Q160129,Andreas Gärtner,re_german_world,German world,1654.0,astronomer,europe
4000,Q75977,Christoph Hegendorff,re_german_world,German world,1500.0,theologian,europe
4001,Q94818617,Luigi Sanseverino,re_italy,Italy,1588.0,philosopher,europe
4002,Q29896515,Maurice Bouguereau,re_france,France,1505.0,geographer,europe
4003,Q3756537,Gabriele Bertazzolo,re_italy,Italy,1570.0,geographer,europe
4004,Q123992,Nicolaus I Bernoulli,re_german_world,German world,1687.0,mathematician,europe
4005,Q109730,Matthias Menius,re_slav_world,Slav world,1544.0,astronomer | mathematician,europe
4006,Q1685416,Jean Catilinet,re_france,France,1450.0,theologian,europe
4007,Q1442324,Franciscus Omichius,re_german_world,German world,1530.0,theologian,europe
4008,Q58215371,Reinhold Pauli,re_central_europe,Central Europe,1638.0,theologian,europe
4009,Q5741104,Hermann of Altach,re_german_world,German world,1250.0,historian,europe
4010,Q102323,Snorri Sturluson,re_nordic_countries,Nordic countries,1179.0,historian,europe
4011,Q24263095,Eliasz z Wąwolnicy,re_central_europe,Central Europe,1350.0,theologian,europe
4012,Q121400,Petermann Etterlin,re_german_world,German world,1430.0,historian,europe
4013,Q325618,Matthias Quad,re_german_world,German world,1557.0,geographer,europe
4014,Q18945555,Jerònimo Cortés,re_spain,Spain,1560.0,astronomer | mathematician | zoologist,europe
4015,Q34673547,Pierre Padet,re_france,France,1582.0,philosopher,europe
4016,Q5705671,Heliodoro de Paiva,re_portugal,Portugal,1502.0,theologian | philosopher,europe
4017,Q15300202,Anton Wilhelm Böhme,re_british_islands,British Islands,1673.0,linguist,europe
4018,Q5048820,Casimiro Díaz,re_spain,Spain,1693.0,historian,europe
4019,Q97707,Johann Christian Schöttgen,re_german_world,German world,1687.0,theologian | historian,europe
4020,Q3810604,José de Sigüenza,re_spain,Spain,1544.0,theologian | historian,europe
4021,Q375686,Friderich Martens,re_german_world,German world,1635.0,zoologist,europe
4022,Q9359171,Tomasz Bedermann,re_central_europe,Central Europe,1450.0,theologian | philosopher,europe
4023,Q103276,Friedrich von Dreger,re_german_world,German world,1699.0,historian,europe
4024,Q20534949,Vasco da Ponte,re_spain,Spain,1470.0,historian,europe
4025,Q1692000,Johannes Hudde,re_low_countries,Low countries,1628.0,mathematician,europe
4026,Q1085624,Christoph Pelargus,re_german_world,German world,1565.0,theologian,europe
4027,Q100997711,William Brassier,re_british_islands,British Islands,1689.0,geographer,europe
4028,Q7599194,Stanisław Murzynowski,re_slav_world,Slav world,1528.0,theologian | linguist,europe
4029,Q73203,Leonhard Hutter,re_german_world,German world,1563.0,theologian,europe
4030,Q2933641,Calbus Fribergius,re_german_world,German world,1470.0,geologist,europe
4031,Q325849,Martin Folkes,re_british_islands,British Islands,1690.0,astronomer | mathematician,europe
4032,Q19946244,Johann Bernhard Wiedeburg,re_german_world,German world,1687.0,astronomer | philosopher | mathematician,europe
4033,Q636983,Arnold Johan Messenius,re_nordic_countries,Nordic countries,1608.0,historian,europe
4034,Q94901433,Gerhard Helfrich von Preuschen,re_german_world,German world,1694.0,theologian,europe
4035,Q8020909,William of Ware,re_british_islands,British Islands,1260.0,theologian,europe
4036,Q430685,Sylvester Mazzolini,re_italy,Italy,1456.0,theologian,europe
4037,Q1026906,Louis le Comte,re_france,France,1655.0,astronomer,europe
4038,Q892133,Bonaventura Rehefeld,re_german_world,German world,1610.0,theologian,europe
4039,Q1397946,Lewis Bayly,re_british_islands,British Islands,1565.0,theologian | philosopher,europe
4040,Q12319161,Jean la Placette,re_low_countries,Low countries,1639.0,theologian,europe
4041,Q3165710,Jacob Wilde,re_nordic_countries,Nordic countries,1679.0,historian,europe
4042,Q2977375,Claude Fauchet,re_france,France,1530.0,historian,europe
4043,Q13188496,Johann Kittel,re_central_europe,Central Europe,1519.0,theologian,europe
4044,Q94886706,Leonhard Nimis,re_german_world,German world,1646.0,theologian,europe
4045,Q94850452,Martin Bosse,re_nordic_countries,Nordic countries,1695.0,theologian,europe
4046,Q518333,Jacques Abbadie,re_british_islands,British Islands,1654.0,theologian,europe
4047,Q3525193,Thomas Hearne,re_british_islands,British Islands,1678.0,historian,europe
4048,Q2572734,Wilhelm Friedrich Lutz,re_german_world,German world,1551.0,theologian,europe
4049,Q994738,Jean-Antoine Nollet,re_france,France,1700.0,physicist,europe
4050,Q93077088,Pietro Emmanuele,re_italy,Italy,1600.0,mathematician,europe
4051,Q3606715,Agostino Ariani,re_italy,Italy,1672.0,mathematician,europe
4052,Q3216628,Lambert Bos,re_low_countries,Low countries,1670.0,linguist,europe
4053,Q18527137,Robert Chamberlain,re_british_islands,British Islands,1632.0,mathematician,europe
4054,Q786884,Stjepan Brodarić,re_central_europe,Central Europe,1480.0,historian,europe
4055,Q1163148,Daniel Wilhelm Moller,re_german_world,German world,1642.0,historian,europe
4056,Q1624274,Nicolaus Köppen,re_german_world,German world,1668.0,theologian | linguist,europe
4057,Q7342272,Robert Boyd,re_british_islands,British Islands,1578.0,theologian,europe
4058,Q43522,Antoni van Leeuwenhoek,re_low_countries,Low countries,1632.0,zoologist | physicist,europe
4059,Q7150179,Paul Dax,re_german_world,German world,1503.0,geographer,europe
4060,Q3934098,Johann Heinrich Boeckler,re_france,France,1611.0,historian,europe
4061,Q15456273,Helias Putschen,re_german_world,German world,1580.0,historian,europe
4062,Q1949867,Petrus Thaborita,re_low_countries,Low countries,1450.0,historian,europe
4063,Q1281017,Johann Ernst Gerhard,re_german_world,German world,1621.0,theologian,europe
4064,Q1698312,Johann Scharf,re_german_world,German world,1595.0,theologian,europe
4065,Q6118628,Jacob Floris van Langren,re_low_countries,Low countries,1525.0,geographer,europe
4066,Q116363,Oswald Myconius,re_german_world,German world,1488.0,theologian,europe
4067,Q118892,Johannes Buxtorf II,re_german_world,German world,1599.0,theologian,europe
4068,Q3619978,Antonio Pacchioni,re_italy,Italy,1665.0,anatomist,europe
4069,Q321358,Ulisse Aldrovandi,re_italy,Italy,1522.0,botanist | zoologist | geologist,europe
4070,Q6925001,Isaac Papin,re_france,France,1657.0,theologian,europe
4071,Q1693038,Johann Christoph Kohlhans,re_german_world,German world,1604.0,mathematician,europe
4072,Q22969219,Abraham Hölzel,re_german_world,German world,1577.0,geographer,europe
4073,Q18093471,Simon Abbes Gabbema,re_low_countries,Low countries,1628.0,historian,europe
4074,Q94910925,Johannes Fuchs,re_german_world,German world,1626.0,theologian,europe
4075,Q980754,Johann Himmel,re_german_world,German world,1581.0,theologian,europe
4076,Q1084978,Christoph Gerke,re_german_world,German world,1628.0,historian,europe
4077,Q948156,Guillaume Postel,re_france,France,1510.0,geographer | linguist | mathematician,europe
4078,Q4403328,Manuel de Sá,re_italy,Italy,1530.0,theologian | philosopher,europe
4079,Q124386,Johann Heinrich Heidegger,re_german_world,German world,1633.0,theologian,europe
4080,Q574388,Jacopo Strada,re_german_world,German world,1507.0,archeologist,europe
4081,Q4013375,Vincenzo Maria Cimarelli,re_italy,Italy,1585.0,historian | anatomist,europe
4082,Q18671696,John Bury,re_british_islands,British Islands,1400.0,theologian,europe
4083,Q1735066,Kaspar Kantz,re_german_world,German world,1483.0,theologian,europe
4084,Q71033,Samuel Hartlib,re_british_islands,British Islands,1600.0,botanist,europe
4085,Q1493297,Johann Wezel,re_german_world,German world,1570.0,theologian,europe
4086,Q247826,Abraham Heidanus,re_low_countries,Low countries,1597.0,theologian,europe
4087,Q21545904,Wilhelm Mechov,re_german_world,German world,1618.0,historian,europe
4088,Q21282981,Pieter Bruynsz,re_low_countries,Low countries,1550.0,geographer,europe
4089,Q1047984,Caspar Müller,re_german_world,German world,1504.0,historian,europe
4090,Q95444330,Václav Antonín Nosek,re_central_europe,Central Europe,1691.0,philosopher,europe
4091,Q94848176,Andreas Arnold,re_german_world,German world,1656.0,theologian,europe
4092,Q1734282,Paul Tarnow,re_german_world,German world,1562.0,theologian,europe
4093,Q314488,Leonardo Bruni,re_italy,Italy,1370.0,philosopher | historian,europe
4094,Q1085457,Christoph Ludwig Stieglitz,re_german_world,German world,1687.0,theologian,europe
4095,Q16524841,Alberto Gliričić,re_italy,Italy,1510.0,theologian,europe
4096,Q3756465,Gabriel Cossart,re_france,France,1615.0,historian,europe
4097,Q28514476,Giannettino Gonzaga,re_italy,Italy,1602.0,theologian,europe
4098,Q16185981,Heinrich Linck,re_german_world,German world,1638.0,zoologist,europe
4099,Q722736,Hugh Aycelin,re_italy,Italy,1230.0,theologian,europe
4100,Q329898,Abraomas Kulvietis,re_central_europe,Central Europe,1509.0,linguist,europe
4101,Q6791542,Matthias Döring,re_german_world,German world,1390.0,theologian | historian,europe
4102,Q1948076,Moritz Valentin Steinmetz,re_german_world,German world,1529.0,astronomer,europe
4103,Q21548225,Annibale Briganti,re_italy,Italy,1520.0,philosopher,europe
4104,Q15888325,Friedrich Seyler,re_german_world,German world,1642.0,theologian,europe
4105,Q1697375,Johannes Colberg,re_german_world,German world,1623.0,theologian,europe
4106,Q599858,Antonio Beccadelli,re_italy,Italy,1394.0,historian,europe
4107,Q94934264,Caspar Junius,re_german_world,German world,1574.0,theologian,europe
4108,Q1282455,John Playford,re_british_islands,British Islands,1623.0,musicologist,europe
4109,Q2428893,Pierre-Joseph Thoulier d'Olivet,re_france,France,1682.0,linguist,europe
4110,Q275624,John Cantius,re_central_europe,Central Europe,1390.0,theologian | physicist,europe
4111,Q18732394,John Nicholls,re_british_islands,British Islands,1555.0,theologian,europe
4112,Q3845921,Marco Battaglini,re_italy,Italy,1645.0,theologian | historian,europe
4113,Q85636212,Johann Heinrich Grischow,re_german_world,German world,1678.0,theologian,europe
4114,Q1417722,Joachim Bering,re_german_world,German world,1574.0,theologian,europe
4115,Q5492403,Frans Tengnagel,re_low_countries,Low countries,1576.0,astronomer,europe
4116,Q15439346,Johann Philipp Reiffenberg,re_german_world,German world,1645.0,historian,europe
4117,Q100503137,Englebert Maghe,re_low_countries,Low countries,1636.0,historian,europe
4118,Q3185841,Joseph de Jouvancy,re_italy,Italy,1643.0,historian,europe
4119,Q102344821,Edelbert Nymburský,re_central_europe,Central Europe,1700.0,theologian,europe
4120,Q18945665,Matteo Mainardi,re_italy,Italy,1595.0,economist,europe
4121,Q1554002,Johann Christoph Pfaff,re_german_world,German world,1651.0,theologian,europe
4122,Q1959556,James Jurin,re_british_islands,British Islands,1684.0,epidemiologist | physicist | mathematician,europe
4123,Q53507896,Jacques de Vaulx,re_france,France,1557.0,geographer,europe
4124,Q15728096,Kilian Leib,re_german_world,German world,1471.0,historian,europe
4125,Q92171,Johannes Lecküchner,re_german_world,German world,1400.0,theologian,europe
4126,Q1693636,Johann Friedrich Olearius,re_german_world,German world,1661.0,theologian,europe
4127,Q455618,Thomas Campion,re_british_islands,British Islands,1567.0,musicologist,europe
4128,Q5783620,Laurentius Jonæ Halenius,re_nordic_countries,Nordic countries,1654.0,theologian,europe
4129,Q1461367,Friedrich Opfergeldt,re_german_world,German world,1668.0,theologian,europe
4130,Q4060509,Georg Alanus,re_nordic_countries,Nordic countries,1609.0,botanist | physicist,europe
4131,Q27877140,Arnoldus Vesaliensis,re_german_world,German world,1484.0,theologian,europe
4132,Q10288430,Gaspar Barreiros,re_portugal,Portugal,1501.0,geographer,europe
4133,Q108799912,Jodocus Hondius,re_low_countries,Low countries,1622.0,geographer,europe
4134,Q3770183,Giuseppe Buonfiglio,re_spain,Spain,1547.0,historian,europe
4135,Q55673449,Hans Heinrich Ott,re_german_world,German world,1617.0,theologian,europe
4136,Q17285106,Domenico Manzoni,re_italy,Italy,1501.0,economist,europe
4137,Q95226850,Jan Zimmermann,re_central_europe,Central Europe,1632.0,theologian,europe
4138,Q95994,Ulrich Rülein von Calw,re_german_world,German world,1467.0,mathematician,europe
4139,Q61860832,Juan Carlos de Andosilla,re_italy,Italy,1644.0,mathematician,europe
4140,Q1948686,Morten Pedersen,re_nordic_countries,Nordic countries,1537.0,theologian | astronomer | historian,europe
4141,Q22071440,Johann Philipp Tonsor,re_german_world,German world,1621.0,theologian,europe
4142,Q1671132,Johann Georg Puschner,re_german_world,German world,1680.0,astronomer,europe
4143,Q266897,Adam of Łowicz,re_central_europe,Central Europe,1500.0,philosopher,europe
4144,Q1663709,Johannes Rudbeckius,re_nordic_countries,Nordic countries,1581.0,theologian,europe
4145,Q3807695,Jean Mestrezat,re_france,France,1592.0,theologian,europe
4146,Q19729684,Adriaan van Cattenburgh,re_low_countries,Low countries,1664.0,theologian,europe
4147,Q71848,Jakob Wimpfeling,re_france,France,1450.0,theologian | historian,europe
4148,Q28833104,"Georg, I Rieder",re_german_world,German world,1510.0,geographer,europe
4149,Q164823,Girolamo Savonarola,re_italy,Italy,1452.0,philosopher,europe
4150,Q110577129,Ignazio Balsamo,re_france,France,1543.0,theologian,europe
4151,Q55677110,Joachim Heinrich Siemerling,re_german_world,German world,1662.0,theologian,europe
4152,Q1598562,Lorenz Rhodomann,re_german_world,German world,1546.0,theologian | historian,europe
4153,Q108206,John Bunyan,re_british_islands,British Islands,1628.0,theologian,europe
4154,Q1697164,Johannes Andreas Olearius,re_german_world,German world,1639.0,theologian,europe
4155,Q3722899,Elia Astorini,re_italy,Italy,1651.0,philosopher | mathematician,europe
4156,Q2471187,Charles Rollin,re_france,France,1661.0,historian,europe
4157,Q3340115,Nicolas Bonet,re_france,France,1280.0,theologian,europe
4158,Q1991806,Nikolaus von Siegen,re_german_world,German world,1450.0,historian,europe
4159,Q12735,John Amos Comenius,re_low_countries,Low countries,1592.0,theologian | linguist | philosopher,europe
4160,Q2849524,Angelo di Costanzo,re_italy,Italy,1507.0,historian,europe
4161,Q7931734,Vincent Contenson,re_france,France,1641.0,theologian,europe
4162,Q3383950,Pierre Berthauld,re_france,France,1600.0,historian,europe
4163,Q55193245,Johann Friedrich Mieg,re_low_countries,Low countries,1642.0,theologian,europe
4164,Q94905490,Johann Fritzsche,re_german_world,German world,1656.0,theologian,europe
4165,Q55856620,Johann Rudolf Mieg,re_german_world,German world,1694.0,botanist,europe
4166,Q685979,Wolfgang Lazius,re_german_world,German world,1514.0,geographer | historian,europe
4167,Q57588706,Alexandre Le Maître,re_german_world,German world,1650.0,historian,europe
4168,Q2361366,Albert Pighius,re_low_countries,Low countries,1490.0,theologian | astronomer | mathematician,europe
4169,Q2607534,Augustinus Rotundus,re_central_europe,Central Europe,1520.0,historian,europe
4170,Q3218970,Laurent-François Boursier,re_france,France,1679.0,theologian,europe
4171,Q55673567,Friedrich Rehlinger,re_german_world,German world,1652.0,philosopher,europe
4172,Q5518314,Galeazzo Sabbatini,re_italy,Italy,1597.0,musicologist,europe
4173,Q4887399,Benedykt Wiszowaty,re_central_europe,Central Europe,1650.0,philosopher,europe
4174,Q954771,Olof Celsius,re_nordic_countries,Nordic countries,1670.0,philosopher | botanist | linguist | theologian | historian,europe
4175,Q70968,Adam Reusner,re_german_world,German world,1500.0,theologian,europe
4176,Q55874090,Cajus Arend,re_german_world,German world,1614.0,theologian,europe
4177,Q125009,Nicholas Magni,re_german_world,German world,1355.0,theologian,europe
4178,Q1412440,Heinrich Martin Thümmig,re_german_world,German world,1693.0,theologian,europe
4179,Q4340,Andreas Capellanus,re_france,France,1150.0,philosopher,europe
4180,Q925443,Niels Aagaard,re_nordic_countries,Nordic countries,1612.0,theologian | philosopher,europe
4181,Q12901167,Nathan Bailey,re_british_islands,British Islands,1601.0,linguist,europe
4182,Q9267229,George Charles Deering,re_british_islands,British Islands,1695.0,botanist,europe
4183,Q486426,Anarg von Wildenfels,re_german_world,German world,1490.0,theologian,europe
4184,Q5955279,Erpold Lindenbrog,re_german_world,German world,1540.0,historian,europe
4185,Q3262462,Louis Le Caron,re_france,France,1536.0,philosopher,europe
4186,Q1960506,François Combefis,re_france,France,1605.0,historian,europe
4187,Q87637,Hieronymus Pez,re_german_world,German world,1685.0,historian,europe
4188,Q3340887,Nicolas Ysambert,re_france,France,1560.0,theologian,europe
4189,Q730541,Pieter Burman the Elder,re_low_countries,Low countries,1668.0,historian,europe
4190,Q55124778,Adam Huth,re_german_world,German world,1684.0,theologian,europe
4191,Q16116881,Giuseppe Rosaccio,re_italy,Italy,1530.0,geographer | astronomer | philosopher,europe
4192,Q3093760,Gabriel Girard,re_france,France,1677.0,linguist,europe
4193,Q747321,Melchior Tavernier (II),re_france,France,1594.0,geographer,europe
4194,Q713043,Edward Hall,re_british_islands,British Islands,1497.0,historian,europe
4195,Q3484174,Simon-Michel Treuvé,re_france,France,1651.0,theologian,europe
4196,Q2472994,Charles Blount,re_british_islands,British Islands,1654.0,philosopher,europe
4197,Q18528465,Henry Coggeshall,re_british_islands,British Islands,1623.0,mathematician,europe
4198,Q5736369,Jonas Fornelius,re_nordic_countries,Nordic countries,1635.0,astronomer | mathematician,europe
4199,Q713096,Franciscus Junius,re_low_countries,Low countries,1545.0,theologian,europe
4200,Q54888352,Pier Tommaso Campana,re_italy,Italy,1693.0,philosopher,europe
4201,Q3776494,Gregorio Caloprese,re_italy,Italy,1654.0,philosopher | mathematician,europe
4202,Q3319086,William Alabaster,re_british_islands,British Islands,1567.0,theologian,europe
4203,Q3749516,Francesco Albertini,re_italy,Italy,1469.0,archeologist,europe
4204,Q110215173,Giovanni Battista Lauri,re_italy,Italy,1579.0,astronomer | philosopher,europe
4205,Q94872914,Johann Jakob Müller,re_german_world,German world,1647.0,theologian,europe
4206,Q21011428,Erasmus Fröhlich,re_german_world,German world,1700.0,historian,europe
4207,Q294169,Jan Baptist van Helmont,re_low_countries,Low countries,1578.0,philosopher | physicist | chemist | anatomist,europe
4208,Q716140,Vavrinec Benedikt of Nedožery,re_central_europe,Central Europe,1555.0,linguist | mathematician,europe
4209,Q23671249,Andrzej Abrek starszy,re_central_europe,Central Europe,1600.0,philosopher,europe
4210,Q105124847,Simon Plachy z Trebnice,re_central_europe,Central Europe,1560.0,historian,europe
4211,Q6765029,Mario di Calasio,re_italy,Italy,1550.0,linguist,europe
4212,Q21209054,Giulio Sirenio,re_italy,Italy,1553.0,theologian | philosopher,europe
4213,Q17175099,Jean de Bouffard-Madiane,re_france,France,1597.0,historian,europe
4214,Q975608,Johann Andreas Danz,re_german_world,German world,1654.0,theologian,europe
4215,Q55675823,Johann Melchior Goetze,re_german_world,German world,1658.0,theologian,europe
4216,Q1101774,Lione Pascoli,re_italy,Italy,1674.0,economist,europe
4217,Q2262948,Sebastian Meyer,re_france,France,1465.0,theologian,europe
4218,Q4095200,Ercole Bottrigari,re_italy,Italy,1531.0,musicologist,europe
4219,Q1462810,Friedrich Widebrand,re_german_world,German world,1532.0,theologian,europe
4220,Q17321757,Friedrich Lucae,re_central_europe,Central Europe,1644.0,historian,europe
4221,Q30089724,Matthias Burgklehner,re_german_world,German world,1573.0,historian,europe
4222,Q99609,Daniel Georg Morhof,re_german_world,German world,1639.0,historian,europe
4223,Q85810,Matthäus Zell,re_france,France,1477.0,theologian,europe
4224,Q87483698,Konrad Heinfogel,re_german_world,German world,1450.0,geographer | astronomer | mathematician,europe
4225,Q44668811,Lorenz Heidenreich,re_central_europe,Central Europe,1480.0,philosopher,europe
4226,Q2786274,Nicholas Goudanus,re_low_countries,Low countries,1517.0,theologian,europe
4227,Q16854109,Filippo Riceputi,re_italy,Italy,1667.0,historian,europe
4228,Q5040227,Carl Gottlieb Ehler,re_central_europe,Central Europe,1685.0,astronomer | mathematician,europe
4229,Q55676864,Matthias Burchard,re_german_world,German world,1619.0,theologian,europe
4230,Q3175482,Jean de La Gessée,re_france,France,1550.0,historian,europe
4231,Q94929790,Christian Wendt,re_german_world,German world,1684.0,theologian,europe
4232,Q1362779,Michael Apostolius,re_balkans,Balkans,1420.0,philosopher,europe
4233,Q647081,John Bainbridge,re_british_islands,British Islands,1582.0,astronomer,europe
4234,Q9554,Martin Luther,re_german_world,German world,1483.0,theologian | philosopher,europe
4235,Q329975,Abraham ben Mordecai Farissol,re_italy,Italy,1451.0,geographer,europe
4236,Q1677576,Jacob Madsen Vejle,re_nordic_countries,Nordic countries,1538.0,theologian,europe
4237,Q1258970,Hermann Flender,re_german_world,German world,1653.0,theologian,europe
4238,Q3983861,Teodorico di Freiberg,re_german_world,German world,1250.0,philosopher,europe
4239,Q15832587,Livio Sanuto,re_italy,Italy,1520.0,geographer,europe
4240,Q89466,Johannes Scheubel,re_german_world,German world,1494.0,astronomer | mathematician,europe
4241,Q3023423,Denys de Salvaing de Boissieu,re_france,France,1600.0,historian,europe
4242,Q60845209,Johann Paul Felwinger,re_german_world,German world,1606.0,philosopher,europe
4243,Q1682107,Jan Palfijn,re_low_countries,Low countries,1650.0,anatomist,europe
4244,Q1677782,Jacques Dubois,re_france,France,1478.0,anatomist,europe
4245,Q21334720,Giovanni Marangoni,re_italy,Italy,1673.0,archeologist,europe
4246,Q1696686,Johann Wolfgang Jäger,re_german_world,German world,1647.0,theologian,europe
4247,Q6215874,Johann Georg Reiffenstuel,re_german_world,German world,1642.0,theologian | philosopher,europe
4248,Q4834287,B. de Canals,re_spain,Spain,1400.0,historian,europe
4249,Q3292880,Marie de Brimeu,re_low_countries,Low countries,1550.0,botanist,europe
4250,Q1150686,César Chesneau Dumarsais,re_france,France,1676.0,philosopher,europe
4251,Q1530292,Leopold Eberhard Bonsen,re_german_world,German world,1699.0,theologian,europe
4252,Q52154068,Villum Lange,re_nordic_countries,Nordic countries,1624.0,mathematician,europe
4253,Q103171,Cyriakus Schneegass,re_german_world,German world,1546.0,theologian | musicologist,europe
4254,Q7000093,Paolo Bonoli,re_italy,Italy,1630.0,historian,europe
4255,Q730349,Matthias Thoraconymus,re_central_europe,Central Europe,1550.0,theologian,europe
4256,Q1692728,Johann Botsack,re_german_world,German world,1600.0,theologian,europe
4257,Q948840,Pier Antonio Micheli,re_italy,Italy,1679.0,botanist,europe
4258,Q33125618,Severo Minervio,re_italy,Italy,1470.0,historian,europe
4259,Q343791,Robert Persons,re_italy,Italy,1546.0,theologian,europe
4260,Q1708146,Joseph Vogler,re_german_world,German world,1661.0,theologian,europe
4261,Q2613779,Adam of Dryburgh,re_british_islands,British Islands,1140.0,theologian,europe
4262,Q1126408,John of Küküllő,re_central_europe,Central Europe,1320.0,historian,europe
4263,Q1259240,Johannes Knebel,re_german_world,German world,1413.0,historian,europe
4264,Q3014490,Daniel Mögling,re_german_world,German world,1596.0,mathematician,europe
4265,Q326493,Jan Długosz,re_central_europe,Central Europe,1415.0,geographer | historian,europe
4266,Q15821781,Josef Demler,re_german_world,German world,1603.0,theologian,europe
4267,Q95748,Johann Pistorius the Younger,re_german_world,German world,1546.0,theologian | historian,europe
4268,Q12025732,Joachim Mencelius,re_german_world,German world,1586.0,theologian,europe
4269,Q3481742,Guido of Pisa,re_italy,Italy,1100.0,geographer | historian,europe
4270,Q5469707,Johannes de Raey,re_low_countries,Low countries,1622.0,philosopher,europe
4271,Q16319537,Johann Christoph Koecher,re_german_world,German world,1699.0,theologian,europe
4272,Q1531576,Vincentius Schmuck,re_german_world,German world,1565.0,theologian,europe
4273,Q4202497,Johannes ab Indagine,re_german_world,German world,1415.0,theologian,europe
4274,Q733270,"Pierre de Bourdeille, seigneur de Brantôme",re_france,France,1540.0,historian,europe
4275,Q1526119,Gemelli Careri,re_italy,Italy,1648.0,historian,europe
4276,Q2554001,Wedigo Gans Putlitz,re_german_world,German world,1438.0,theologian,europe
4277,Q95327806,Joachim Erndlin,re_german_world,German world,1588.0,theologian | philosopher,europe
4278,Q3169582,Jean-Pierre Moret de Bourchenu,re_france,France,1651.0,historian,europe
4279,Q2226120,Óláfr Þórðarson,re_nordic_countries,Nordic countries,1210.0,historian,europe
4280,Q3340851,Nicolas Vignier,re_france,France,1575.0,theologian,europe
4281,Q5573121,Gregorio de Valencia,re_italy,Italy,1549.0,theologian,europe
4282,Q2063043,Paul Weis,re_slav_world,Slav world,1543.0,theologian,europe
4283,Q3120010,Guillaume Lamy,re_france,France,1644.0,philosopher,europe
4284,Q605144,Antonio Serra,re_italy,Italy,1600.0,philosopher | economist,europe
4285,Q125308,Johannes Rothe,re_german_world,German world,1360.0,historian,europe
4286,Q15452974,Johann Christian Thomae,re_german_world,German world,1668.0,historian,europe
4287,Q100505,Johann Christian Nehring,re_german_world,German world,1671.0,theologian,europe
4288,Q464863,Miguel de Barrios,re_low_countries,Low countries,1635.0,historian,europe
4289,Q1441514,Francis Glisson,re_british_islands,British Islands,1597.0,anatomist,europe
4290,Q258555,Nicolaas Kruik,re_low_countries,Low countries,1678.0,geographer | astronomer,europe
4291,Q1782313,Poul Helgesen,re_nordic_countries,Nordic countries,1485.0,theologian | historian,europe
4292,Q12320130,Johannes Trellund,re_nordic_countries,Nordic countries,1669.0,theologian,europe
4293,Q1696199,Johannes Eichhorn,re_slav_world,Slav world,1518.0,theologian | mathematician,europe
4294,Q87424,Johann Jakob Rambach,re_german_world,German world,1693.0,theologian,europe
4295,Q65923229,David Bein,re_german_world,German world,1630.0,theologian,europe
4296,Q741189,Jean Fernel,re_france,France,1506.0,astronomer | mathematician | anatomist,europe
4297,Q3032681,Diereville,re_france,France,1670.0,botanist,europe
4298,Q319511,"Sebastião José de Carvalho e Melo, 1st Marquis of Pombal",re_portugal,Portugal,1699.0,geologist,europe
4299,Q395725,Agostino Steffani,re_german_world,German world,1654.0,musicologist,europe
4300,Q11865655,Jakob Flachsenius,re_nordic_countries,Nordic countries,1633.0,philosopher,europe
4301,Q432585,Jean-Baptiste Dubos,re_france,France,1670.0,philosopher | historian,europe
4302,Q1307637,Pedro de Ribadeneira,re_spain,Spain,1527.0,historian,europe
4303,Q5588409,Martin Brunner,re_nordic_countries,Nordic countries,1627.0,theologian,europe
4304,Q18945539,Jean Banières,re_france,France,1700.0,physicist,europe
4305,Q1283501,"Sir Thomas Herbert, 1st Baronet",re_british_islands,British Islands,1606.0,historian,europe
4306,Q521064,Guillebert de Metz,re_low_countries,Low countries,1391.0,historian,europe
4307,Q94929968,Christoph Wagner,re_german_world,German world,1645.0,theologian,europe
4308,Q4759573,Andrzej Abrek,re_central_europe,Central Europe,1650.0,philosopher,europe
4309,Q106904789,Pierre Bonnet Bourdelot,re_france,France,1638.0,musicologist,europe
4310,Q108314254,Pietro Rossi,re_italy,Italy,1403.0,philosopher,europe
4311,Q30308589,Bartolomeo Tortoletti,re_italy,Italy,1560.0,theologian,europe
4312,Q94781057,Kaspar von Moos,re_german_world,German world,1582.0,theologian,europe
4313,Q567594,Johannes Bogerman,re_low_countries,Low countries,1576.0,theologian,europe
4314,Q18945651,Marsilio Cagnati,re_italy,Italy,1543.0,zoologist,europe
4315,Q3349320,Odon Van Maelcote,re_italy,Italy,1572.0,astronomer | mathematician,europe
4316,Q945165,Coriolano Cippico,re_balkans,Balkans,1425.0,historian,europe
4317,Q65187,Bartholomaeus Pitiscus,re_german_world,German world,1561.0,theologian | astronomer | mathematician,europe
4318,Q1692640,Johann Baumgart,re_german_world,German world,1514.0,theologian,europe
4319,Q75975,Achilles Gasser,re_german_world,German world,1505.0,historian,europe
4320,Q1366660,Esaias Krüger,re_german_world,German world,1544.0,theologian,europe
4321,Q1229061,Johann Juncker,re_german_world,German world,1679.0,chemist,europe
4322,Q3170529,Jean Baptiste Bullet,re_france,France,1699.0,theologian,europe
4323,Q94528129,Johann Hillebrandt,re_spain,Spain,1686.0,theologian | philosopher,europe
4324,Q7794692,Thomas Vicars,re_british_islands,British Islands,1589.0,theologian,europe
4325,Q1693762,Jan Jelecký,re_german_world,German world,1500.0,theologian,europe
4326,Q365463,Cornelis Drebbel,re_british_islands,British Islands,1572.0,physicist | chemist,europe
4327,Q526145,Pierre Victor Palma Cayet,re_france,France,1525.0,theologian | historian,europe
4328,Q3130411,Prudencio de Sandoval,re_spain,Spain,1553.0,historian,europe
4329,Q18534240,Nicholas Hunt,re_british_islands,British Islands,1596.0,mathematician,europe
4330,Q63247523,Dominik Benedikt von Weber,re_german_world,German world,1689.0,anatomist,europe
4331,Q1393307,Lodovico Vedriani,re_italy,Italy,1601.0,historian,europe
4332,Q94876387,Johann Ernst Bornitz,re_german_world,German world,1622.0,theologian | philosopher,europe
4333,Q12768443,Ján Dubovszky,re_central_europe,Central Europe,1654.0,mathematician,europe
4334,Q6259369,John Strang,re_british_islands,British Islands,1584.0,theologian,europe
4335,Q356009,Giacomo Antonio Cortuso,re_italy,Italy,1513.0,botanist,europe
4336,Q6261137,John Trapp,re_british_islands,British Islands,1601.0,theologian,europe
4337,Q96362963,Johann Leopold Cysat,re_german_world,German world,1601.0,geographer,europe
4338,Q2550000,Jan van Naaldwijk,re_low_countries,Low countries,1450.0,historian,europe
4339,Q318787,Pietro Pomponazzi,re_italy,Italy,1462.0,philosopher,europe
4340,Q1693524,Johann Friedrich Chemnitz,re_german_world,German world,1611.0,historian,europe
4341,Q723038,Bernardino de Mendoza,re_spain,Spain,1540.0,linguist,europe
4342,Q2386042,Antoine d'Arenberg,re_low_countries,Low countries,1593.0,astronomer,europe
4343,Q94912081,Wilhelm Ludwig Spener,re_german_world,German world,1675.0,theologian,europe
