,wikidata_id,individual_name,region_code,region_name,birthyear,meta_occupation,meta_region,meta_region_name
0,Q316119,Gnaeus Pompeius Trogus,re_latin,Latin World,-100.0,historian,antiquity,Ancient Mediterranean
1,Q782074,Claudianus Mamertus,re_latin,Latin World,420.0,theologian | philosopher,antiquity,Ancient Mediterranean
2,Q182123,Irenaeus,re_latin,Latin World,130.0,theologian | philosopher,antiquity,Ancient Mediterranean
3,Q44344,Hilary of Poitiers,re_latin,Latin World,315.0,theologian | philosopher,antiquity,Ancient Mediterranean
4,Q1430,Marcus Aurelius,re_latin,Latin World,121.0,philosopher,antiquity,Ancient Mediterranean
5,Q313795,John Cassian,re_latin,Latin World,360.0,theologian,antiquity,Ancient Mediterranean
6,Q50082878,Jess Wade,re_latin,Latin World,2.0,physicist,antiquity,Ancient Mediterranean
7,Q723645,Victorius of Aquitaine,re_latin,Latin World,450.0,astronomer | mathematician,antiquity,Ancient Mediterranean
8,Q209102,Lactantius,re_latin,Latin World,250.0,philosopher | historian,antiquity,Ancient Mediterranean
9,Q2891791,Latinius Pacatus Drepanius,re_latin,Latin World,400.0,historian,antiquity,Ancient Mediterranean
10,Q2161,Tacitus,re_latin,Latin World,54.0,philosopher | historian,antiquity,Ancient Mediterranean
11,Q885870,Victorinus Junior,re_latin,Latin World,300.0,historian,antiquity,Ancient Mediterranean
12,Q239448,Pompeia Plotina,re_latin,Latin World,70.0,philosopher,antiquity,Ancient Mediterranean
13,Q532684,Salvian,re_latin,Latin World,400.0,theologian | historian,antiquity,Ancient Mediterranean
14,Q336704,Sulpicius Severus,re_latin,Latin World,360.0,historian,antiquity,Ancient Mediterranean
15,Q297515,Pomponius Mela,re_latin,Latin World,15.0,geographer | historian,antiquity,Ancient Mediterranean
16,Q188646,Lucan,re_latin,Latin World,39.0,historian,antiquity,Ancient Mediterranean
17,Q535060,Terentianus,re_latin,Latin World,150.0,linguist,antiquity,Ancient Mediterranean
18,Q10133,Suetonius,re_latin,Latin World,70.0,historian,antiquity,Ancient Mediterranean
19,Q109998607,Tommaso Massarini,re_latin,Latin World,18.0,historian,antiquity,Ancient Mediterranean
20,Q656891,Arulenus Rusticus,re_latin,Latin World,35.0,philosopher,antiquity,Ancient Mediterranean
21,Q207113,Hippolytus,re_latin,Latin World,170.0,theologian,antiquity,Ancient Mediterranean
22,Q755297,Athenaeus Mechanicus,re_latin,Latin World,-199.0,philosopher | mathematician,antiquity,Ancient Mediterranean
23,Q74243,Marcus Cluvius Rufus,re_latin,Latin World,50.0,historian,antiquity,Ancient Mediterranean
24,Q506540,Didymus Chalcenterus,re_latin,Latin World,-62.0,linguist,antiquity,Ancient Mediterranean
25,Q248733,Eusebius of Myndus,re_latin,Latin World,300.0,philosopher,antiquity,Ancient Mediterranean
26,Q311835,Pittacus of Mytilene,re_greek_world,Greek World,-650.0,philosopher,antiquity,Ancient Mediterranean
27,Q708247,Gaius Marius Victorinus,re_latin,Latin World,290.0,theologian | philosopher,antiquity,Ancient Mediterranean
28,Q134189,Plotinus,re_latin,Latin World,205.0,philosopher,antiquity,Ancient Mediterranean
29,Q594441,Publius Clodius Thrasea Paetus,re_latin,Latin World,100.0,philosopher,antiquity,Ancient Mediterranean
30,Q706319,Marinus of Tyre,re_latin,Latin World,100.0,geographer | mathematician,antiquity,Ancient Mediterranean
31,Q82778,Pliny the Elder,re_latin,Latin World,20.0,philosopher | historian | anatomist,antiquity,Ancient Mediterranean
32,Q298376,Gaius Julius Hyginus,re_latin,Latin World,-63.0,astronomer,antiquity,Ancient Mediterranean
33,Q447741,Lucius Calbenus Taurus,re_latin,Latin World,150.0,philosopher,antiquity,Ancient Mediterranean
34,Q758060,Atticus,re_latin,Latin World,150.0,philosopher,antiquity,Ancient Mediterranean
35,Q670317,Gaius Oppius,re_latin,Latin World,-100.0,historian,antiquity,Ancient Mediterranean
36,Q248969,Sopater of Apamea,re_latin,Latin World,242.0,philosopher,antiquity,Ancient Mediterranean
37,Q1164993,Marcus Junius Congus Gracchanus,re_latin,Latin World,-200.0,historian,antiquity,Ancient Mediterranean
38,Q1385296,Quintus Sextius,re_latin,Latin World,-50.0,philosopher,antiquity,Ancient Mediterranean
39,Q365835,Tyrannius Rufinus,re_latin,Latin World,345.0,theologian,antiquity,Ancient Mediterranean
40,Q3624758,Marcus Actorius Naso,re_latin,Latin World,-100.0,historian,antiquity,Ancient Mediterranean
41,Q1376509,Sulpicius Alexander,re_latin,Latin World,400.0,historian,antiquity,Ancient Mediterranean
42,Q174929,Tertullian,re_latin,Latin World,160.0,theologian | philosopher,antiquity,Ancient Mediterranean
43,Q210853,Justin,re_latin,Latin World,101.0,historian,antiquity,Ancient Mediterranean
44,Q1390986,Helvidius Priscus,re_latin,Latin World,50.0,philosopher,antiquity,Ancient Mediterranean
45,Q311733,Titus Pomponius Atticus,re_latin,Latin World,-109.0,philosopher,antiquity,Ancient Mediterranean
46,Q2312613,Flavius Lucius Dexter,re_latin,Latin World,400.0,historian,antiquity,Ancient Mediterranean
47,Q782401,Sallustius,re_latin,Latin World,400.0,philosopher,antiquity,Ancient Mediterranean
48,Q443278,Antonia Gordiana,re_latin,Latin World,201.0,historian,antiquity,Ancient Mediterranean
49,Q294800,Aulus Gellius,re_latin,Latin World,130.0,philosopher,antiquity,Ancient Mediterranean
50,Q44170,Ignatius of Antioch,re_latin,Latin World,35.0,theologian,antiquity,Ancient Mediterranean
51,Q2054,Seneca,re_latin,Latin World,-4.0,philosopher,antiquity,Ancient Mediterranean
52,Q1237555,Aulus Egnatius Priscillianus,re_latin,Latin World,135.0,philosopher,antiquity,Ancient Mediterranean
53,Q273671,Seneca the Elder,re_latin,Latin World,-53.0,philosopher | historian,antiquity,Ancient Mediterranean
54,Q947576,Valerius Antias,re_latin,Latin World,-200.0,historian,antiquity,Ancient Mediterranean
55,Q11923560,Gaius Fannius,re_latin,Latin World,100.0,historian,antiquity,Ancient Mediterranean
56,Q26204,Dionysius of Halicarnassus,re_latin,Latin World,-59.0,historian,antiquity,Ancient Mediterranean
57,Q741160,Lucius Ampelius,re_latin,Latin World,150.0,historian,antiquity,Ancient Mediterranean
58,Q290471,Moderatus of Gades,re_latin,Latin World,50.0,philosopher,antiquity,Ancient Mediterranean
59,Q223615,Flavius Caper,re_latin,Latin World,150.0,linguist,antiquity,Ancient Mediterranean
60,Q727792,Lucius Arruntius the Elder,re_latin,Latin World,-100.0,historian,antiquity,Ancient Mediterranean
61,Q106026,Arius,re_latin,Latin World,250.0,theologian,antiquity,Ancient Mediterranean
62,Q319273,Gaius Asinius Pollio,re_latin,Latin World,-74.0,historian,antiquity,Ancient Mediterranean
63,Q759760,Aufidius Bassus,re_latin,Latin World,-50.0,historian,antiquity,Ancient Mediterranean
64,Q966315,Virius Nicomachus Flavianus,re_latin,Latin World,400.0,historian,antiquity,Ancient Mediterranean
65,Q682860,Julius Obsequens,re_latin,Latin World,400.0,historian,antiquity,Ancient Mediterranean
66,Q669971,Trebellius Pollio,re_latin,Latin World,250.0,historian,antiquity,Ancient Mediterranean
67,Q252841,Seleucus,re_latin,Latin World,200.0,historian,antiquity,Ancient Mediterranean
68,Q1391069,Rabbi Ishmael,re_latin,Latin World,70.0,philosopher,antiquity,Ancient Mediterranean
69,Q897734,Lucius Lucceius,re_latin,Latin World,-105.0,historian,antiquity,Ancient Mediterranean
70,Q190240,Cyprian,re_latin,Latin World,200.0,philosopher,antiquity,Ancient Mediterranean
71,Q313782,Aelian,re_latin,Latin World,200.0,zoologist | historian,antiquity,Ancient Mediterranean
72,Q1271013,Adrian of Tyre,re_latin,Latin World,113.0,philosopher,antiquity,Ancient Mediterranean
73,Q1084333,Flavius Sallustius,re_latin,Latin World,350.0,philosopher,antiquity,Ancient Mediterranean
74,Q313924,Nicolaus of Damascus,re_latin,Latin World,-63.0,philosopher | historian,antiquity,Ancient Mediterranean
75,Q563283,Gaius Asinius Quadratus,re_latin,Latin World,200.0,historian,antiquity,Ancient Mediterranean
76,Q1541,Cicero,re_latin,Latin World,-106.0,philosopher,antiquity,Ancient Mediterranean
77,Q192931,Pausanias,re_latin,Latin World,115.0,geographer | historian,antiquity,Ancient Mediterranean
78,Q175042,Nigidius Figulus,re_latin,Latin World,-97.0,philosopher,antiquity,Ancient Mediterranean
79,Q335309,Aulus Claudius Charax,re_latin,Latin World,150.0,historian,antiquity,Ancient Mediterranean
80,Q12285191,Lucius Aemilius Juncus,re_latin,Latin World,100.0,philosopher,antiquity,Ancient Mediterranean
81,Q1025379,Caelestius,re_latin,Latin World,380.0,theologian,antiquity,Ancient Mediterranean
82,Q2335606,Pierius,re_latin,Latin World,201.0,philosopher,antiquity,Ancient Mediterranean
83,Q772773,Antonius Musa,re_latin,Latin World,-62.0,botanist,antiquity,Ancient Mediterranean
84,Q255448,Porcia,re_latin,Latin World,-100.0,philosopher,antiquity,Ancient Mediterranean
85,Q316098,Marcus Velleius Paterculus,re_latin,Latin World,-18.0,historian,antiquity,Ancient Mediterranean
86,Q451550,Philodemus,re_latin,Latin World,-109.0,philosopher,antiquity,Ancient Mediterranean
87,Q171241,Diodorus Siculus,re_latin,Latin World,-89.0,geographer | historian,antiquity,Ancient Mediterranean
88,Q1159625,Lucius Voltacilius Pitholaus,re_latin,Latin World,-100.0,historian,antiquity,Ancient Mediterranean
89,Q26825,Herodotos,re_greek_world,Greek World,-483.0,historian,antiquity,Ancient Mediterranean
90,Q444285,Asconius Pedianus,re_latin,Latin World,-8.0,historian,antiquity,Ancient Mediterranean
91,Q274091,Dionysius Exiguus,re_latin,Latin World,475.0,mathematician,antiquity,Ancient Mediterranean
92,Q222890,Novatian,re_latin,Latin World,220.0,theologian,antiquity,Ancient Mediterranean
93,Q391514,Julius Capitolinus,re_latin,Latin World,250.0,historian,antiquity,Ancient Mediterranean
94,Q15429187,Eumachus of Neapolis,re_latin,Latin World,-200.0,historian,antiquity,Ancient Mediterranean
95,Q450708,Gaius Asinius Gallus,re_latin,Latin World,-39.0,historian,antiquity,Ancient Mediterranean
96,Q934244,Pomponius Porphyrion,re_latin,Latin World,201.0,linguist,antiquity,Ancient Mediterranean
97,Q12093928,Gaius Clodius Licinus,re_latin,Latin World,-50.0,historian,antiquity,Ancient Mediterranean
98,Q47154,Lucretius,re_latin,Latin World,-93.0,philosopher,antiquity,Ancient Mediterranean
99,Q2036794,Timagenes,re_latin,Latin World,-100.0,historian,antiquity,Ancient Mediterranean
100,Q2857528,Antonius Castor,re_latin,Latin World,50.0,botanist,antiquity,Ancient Mediterranean
101,Q248624,Amelius,re_latin,Latin World,200.0,philosopher,antiquity,Ancient Mediterranean
102,Q441590,Eustathius of Cappadocia,re_latin,Latin World,300.0,philosopher,antiquity,Ancient Mediterranean
103,Q248578,Chrysanthius,re_latin,Latin World,310.0,philosopher,antiquity,Ancient Mediterranean
104,Q772677,Aulus Cremutius Cordus,re_latin,Latin World,-50.0,historian,antiquity,Ancient Mediterranean
105,Q185117,Justin Martyr,re_latin,Latin World,100.0,theologian | philosopher,antiquity,Ancient Mediterranean
106,Q11925501,Hermogenes of Carthago,re_latin,Latin World,150.0,theologian,antiquity,Ancient Mediterranean
107,Q561367,Lucius Aelius Stilo Praeconinus,re_latin,Latin World,-153.0,philosopher,antiquity,Ancient Mediterranean
108,Q354431,Aelius Aristides,re_latin,Latin World,117.0,philosopher,antiquity,Ancient Mediterranean
109,Q673402,Gaius Sulpicius Gallus,re_latin,Latin World,-208.0,astronomer,antiquity,Ancient Mediterranean
110,Q927711,Messius Phoebus Severus,re_latin,Latin World,450.0,philosopher,antiquity,Ancient Mediterranean
111,Q451572,Menelaus of Alexandria,re_latin,Latin World,70.0,astronomer | mathematician,antiquity,Ancient Mediterranean
112,Q192365,Cassiodorus,re_latin,Latin World,487.0,musicologist | philosopher | historian,antiquity,Ancient Mediterranean
113,Q134461,Josephus,re_latin,Latin World,37.0,historian,antiquity,Ancient Mediterranean
114,Q537755,Polyaenus,re_latin,Latin World,101.0,historian,antiquity,Ancient Mediterranean
115,Q316123,Silius Italicus,re_latin,Latin World,26.0,historian,antiquity,Ancient Mediterranean
116,Q1121669,Ticonius,re_latin,Latin World,370.0,theologian,antiquity,Ancient Mediterranean
117,Q515249,Caecilius of Calacte,re_latin,Latin World,-50.0,historian,antiquity,Ancient Mediterranean
118,Q554387,Favorinus,re_latin,Latin World,85.0,philosopher,antiquity,Ancient Mediterranean
119,Q1164905,Marius Plotius Sacerdos,re_latin,Latin World,200.0,linguist,antiquity,Ancient Mediterranean
120,Q735515,Aspasius,re_latin,Latin World,80.0,philosopher,antiquity,Ancient Mediterranean
121,Q765147,Januarius Nepotianus,re_latin,Latin World,300.0,historian,antiquity,Ancient Mediterranean
122,Q313056,Herodian,re_latin,Latin World,170.0,historian,antiquity,Ancient Mediterranean
123,Q349959,Quintus Dellius,re_latin,Latin World,-100.0,historian,antiquity,Ancient Mediterranean
124,Q1474972,Furius Dionysius Filocalus,re_latin,Latin World,400.0,historian,antiquity,Ancient Mediterranean
125,Q221465,Hydatius,re_latin,Latin World,400.0,historian,antiquity,Ancient Mediterranean
126,Q507036,Lucius Annaeus Cornutus,re_latin,Latin World,20.0,philosopher,antiquity,Ancient Mediterranean
127,Q833663,Herennius Senecio,re_latin,Latin World,50.0,philosopher | historian,antiquity,Ancient Mediterranean
128,Q109594,Cornelius Nepos,re_latin,Latin World,-99.0,historian,antiquity,Ancient Mediterranean
129,Q201346,Marcion of Sinope,re_latin,Latin World,85.0,theologian | philosopher,antiquity,Ancient Mediterranean
130,Q172198,Ammianus Marcellinus,re_latin,Latin World,330.0,historian,antiquity,Ancient Mediterranean
131,Q441138,Alexandros Polyhistor,re_latin,Latin World,-99.0,geographer,antiquity,Ancient Mediterranean
132,Q1242065,Quintus Baebius Macer,re_latin,Latin World,50.0,historian,antiquity,Ancient Mediterranean
133,Q446155,Cronius the Pythagorean,re_latin,Latin World,200.0,philosopher,antiquity,Ancient Mediterranean
134,Q748621,Victor of Vita,re_latin,Latin World,430.0,historian,antiquity,Ancient Mediterranean
135,Q546375,Publius Egnatius Celer,re_latin,Latin World,100.0,philosopher,antiquity,Ancient Mediterranean
136,Q18999,Junius Rusticus,re_latin,Latin World,100.0,philosopher,antiquity,Ancient Mediterranean
137,Q729244,Calcidius,re_latin,Latin World,350.0,philosopher,antiquity,Ancient Mediterranean
138,Q2868804,Lucius Ateius Praetextatus,re_latin,Latin World,-104.0,linguist,antiquity,Ancient Mediterranean
139,Q718213,Auxentius of Milan,re_latin,Latin World,301.0,theologian,antiquity,Ancient Mediterranean
140,Q1232970,Marcus Servilius Nonianus,re_latin,Latin World,-50.0,historian,antiquity,Ancient Mediterranean
141,Q1243321,Vulcacius Gallicanus,re_latin,Latin World,250.0,historian,antiquity,Ancient Mediterranean
142,Q16932930,Saint Sylvia of Aquitaine,re_latin,Latin World,330.0,historian,antiquity,Ancient Mediterranean
143,Q367422,Julius Firmicus Maternus,re_latin,Latin World,400.0,astronomer,antiquity,Ancient Mediterranean
144,Q365110,Philo of Larissa,re_latin,Latin World,-144.0,philosopher,antiquity,Ancient Mediterranean
145,Q6197,Horace,re_latin,Latin World,-64.0,philosopher,antiquity,Ancient Mediterranean
146,Q1965137,Marcus Favonius,re_latin,Latin World,-89.0,philosopher,antiquity,Ancient Mediterranean
147,Q180081,Cato the Elder,re_latin,Latin World,-233.0,economist,antiquity,Ancient Mediterranean
148,Q833542,Aelius Lampridius,re_latin,Latin World,400.0,historian,antiquity,Ancient Mediterranean
149,Q4807731,Aspasius of Ravenna,re_latin,Latin World,200.0,philosopher,antiquity,Ancient Mediterranean
150,Q1098323,Claudius Maximus,re_latin,Latin World,200.0,philosopher,antiquity,Ancient Mediterranean
151,Q2039,Titus Livius,re_latin,Latin World,-58.0,historian,antiquity,Ancient Mediterranean
152,Q379991,Valerius Maximus,re_latin,Latin World,-100.0,historian,antiquity,Ancient Mediterranean
153,Q3189849,Julius Exsuperantius,re_latin,Latin World,350.0,historian,antiquity,Ancient Mediterranean
154,Q975318,Granius Licinianus,re_latin,Latin World,101.0,historian,antiquity,Ancient Mediterranean
155,Q102851,Boethius,re_latin,Latin World,480.0,musicologist | philosopher | mathematician,antiquity,Ancient Mediterranean
156,Q3838837,Lucius Crassicius Pansa,re_latin,Latin World,-50.0,philosopher,antiquity,Ancient Mediterranean
157,Q185770,Posidonius,re_latin,Latin World,-134.0,philosopher | physicist | astronomer | mathematician | geographer | historian,antiquity,Ancient Mediterranean
158,Q1225062,Siro the Epicurean,re_latin,Latin World,-100.0,philosopher,antiquity,Ancient Mediterranean
159,Q965333,Theodorus of Asine,re_latin,Latin World,275.0,philosopher,antiquity,Ancient Mediterranean
160,Q995441,Fabius Rusticus,re_latin,Latin World,100.0,historian,antiquity,Ancient Mediterranean
161,Q454652,Prosper of Aquitaine,re_latin,Latin World,390.0,theologian | historian,antiquity,Ancient Mediterranean
162,Q11035375,Quintus Aelius Tubero,re_latin,Latin World,-162.0,philosopher,antiquity,Ancient Mediterranean
163,Q535137,Marius Maximus,re_latin,Latin World,165.0,historian,antiquity,Ancient Mediterranean
164,Q8778,Galen,re_latin,Latin World,200.0,anatomist,antiquity,Ancient Mediterranean
165,Q1114706,Romulus of Genoa,re_latin,Latin World,301.0,theologian,antiquity,Ancient Mediterranean
166,Q1232604,Julius Valerius Alexander Polemius,re_latin,Latin World,250.0,historian,antiquity,Ancient Mediterranean
167,Q6033021,Palladius of Ratiaria,re_latin,Latin World,301.0,theologian,antiquity,Ancient Mediterranean
168,Q315370,Celsus,re_latin,Latin World,200.0,philosopher,antiquity,Ancient Mediterranean
169,Q317055,Marcus Cornelius Fronto,re_latin,Latin World,100.0,philosopher,antiquity,Ancient Mediterranean
170,Q381874,Gaius Musonius Rufus,re_latin,Latin World,25.0,philosopher,antiquity,Ancient Mediterranean
171,Q1223467,Quintus Lucilius Balbus,re_latin,Latin World,0.0,philosopher,antiquity,Ancient Mediterranean
172,Q312410,Epicharmus of Kos,re_greek_world,Greek World,-523.0,philosopher | mathematician,antiquity,Ancient Mediterranean
173,Q1349817,Castor of Rhodes,re_latin,Latin World,100.0,historian,antiquity,Ancient Mediterranean
174,Q59138,Diogenes Laërtius,re_latin,Latin World,180.0,philosopher | historian,antiquity,Ancient Mediterranean
175,Q1411,Claudius,re_latin,Latin World,-9.0,historian,antiquity,Ancient Mediterranean
176,Q332785,Persius,re_latin,Latin World,34.0,philosopher,antiquity,Ancient Mediterranean
177,Q190368,Appian,re_latin,Latin World,95.0,historian,antiquity,Ancient Mediterranean
178,Q707449,Censorinus,re_latin,Latin World,250.0,musicologist,antiquity,Ancient Mediterranean
179,Q316483,Lucius Annaeus Florus,re_latin,Latin World,70.0,historian,antiquity,Ancient Mediterranean
180,Q1159576,Lucius Aelius Tubero,re_latin,Latin World,-150.0,philosopher | historian,antiquity,Ancient Mediterranean
181,Q1376539,Renatus Profuturus Frigeridus,re_latin,Latin World,400.0,historian,antiquity,Ancient Mediterranean
182,Q138724,Lucius Tarutius Firmanus,re_latin,Latin World,-100.0,astronomer | philosopher | mathematician,antiquity,Ancient Mediterranean
183,Q2994436,Consentius,re_latin,Latin World,400.0,linguist,antiquity,Ancient Mediterranean
184,Q2248247,Quintus Terentius Scaurus,re_latin,Latin World,201.0,linguist,antiquity,Ancient Mediterranean
185,Q10261,Pythagoras,re_greek_world,Greek World,-582.0,musicologist | philosopher | mathematician,antiquity,Ancient Mediterranean
186,Q311456,Orosius,re_latin,Latin World,385.0,theologian | historian,antiquity,Ancient Mediterranean
187,Q1133857,Cornelius Labeo,re_latin,Latin World,250.0,philosopher,antiquity,Ancient Mediterranean
188,Q772775,Polemon of Laodicea,re_latin,Latin World,90.0,philosopher,antiquity,Ancient Mediterranean
189,Q521520,Gaius Licinius Mucianus,re_latin,Latin World,100.0,historian,antiquity,Ancient Mediterranean
190,Q1237504,Plotius Crispinus,re_latin,Latin World,-50.0,philosopher,antiquity,Ancient Mediterranean
191,Q662582,Fenestella,re_latin,Latin World,-35.0,historian,antiquity,Ancient Mediterranean
192,Q206119,Marcus Terentius Varro,re_latin,Latin World,-115.0,musicologist | philosopher,antiquity,Ancient Mediterranean
193,Q532315,Athenodoros Cordylion,re_latin,Latin World,-50.0,philosopher,antiquity,Ancient Mediterranean
194,Q950770,Quintus Aelius Tubero,re_latin,Latin World,-73.0,historian,antiquity,Ancient Mediterranean
195,Q4298,Publius Flavius Vegetius Renatus,re_latin,Latin World,400.0,historian,antiquity,Ancient Mediterranean
196,Q1227766,Paeanius,re_latin,Latin World,400.0,historian,antiquity,Ancient Mediterranean
197,Q9200,Paul the Apostle,re_latin,Latin World,5.0,theologian,antiquity,Ancient Mediterranean
198,Q2123334,Quintus Aelius Tubero,re_latin,Latin World,-75.0,historian,antiquity,Ancient Mediterranean
199,Q761346,Servius Fabius Pictor,re_latin,Latin World,-189.0,historian,antiquity,Ancient Mediterranean
200,Q272087,Tatian,re_latin,Latin World,120.0,theologian | philosopher,antiquity,Ancient Mediterranean
201,Q1662957,Julian of Eclanum,re_latin,Latin World,386.0,philosopher,antiquity,Ancient Mediterranean
202,Q859652,Cerdo,re_latin,Latin World,200.0,theologian,antiquity,Ancient Mediterranean
203,Q11906126,Publius Anteius Antiochus,re_latin,Latin World,150.0,philosopher,antiquity,Ancient Mediterranean
204,Q47180,Petronius,re_latin,Latin World,27.0,philosopher,antiquity,Ancient Mediterranean
205,Q794615,Aetius,re_latin,Latin World,200.0,astronomer | philosopher,antiquity,Ancient Mediterranean
206,Q520487,Gaius Julius Solinus,re_latin,Latin World,400.0,geographer | historian,antiquity,Ancient Mediterranean
207,Q1230624,Aelius Spartianus,re_latin,Latin World,301.0,historian,antiquity,Ancient Mediterranean
208,Q43689,Ambrose,re_latin,Latin World,339.0,theologian | philosopher,antiquity,Ancient Mediterranean
209,Q905137,Didymus the Musician,re_latin,Latin World,-100.0,musicologist,antiquity,Ancient Mediterranean
210,Q203445,Porphyry,re_latin,Latin World,233.0,musicologist | philosopher | historian,antiquity,Ancient Mediterranean
211,Q8747,Euclid,re_greek_world,Greek World,-322.0,mathematician,antiquity,Ancient Mediterranean
212,Q1150145,Polemon of Athens,re_greek_world,Greek World,200.0,geographer | philosopher | historian,antiquity,Ancient Mediterranean
213,Q660170,Isidore of Alexandria,re_greek_world,Greek World,450.0,philosopher,antiquity,Ancient Mediterranean
214,Q248287,Peregrinus Proteus,re_greek_world,Greek World,95.0,philosopher,antiquity,Ancient Mediterranean
215,Q2369009,Apollodorus the Epicurean,re_greek_world,Greek World,-150.0,philosopher,antiquity,Ancient Mediterranean
216,Q185206,Priscian of Lydia,re_greek_world,Greek World,500.0,philosopher,antiquity,Ancient Mediterranean
217,Q1377100,Calippus of Syracuse,re_greek_world,Greek World,-350.0,philosopher,antiquity,Ancient Mediterranean
218,Q297420,Panaetius,re_greek_world,Greek World,-184.0,philosopher,antiquity,Ancient Mediterranean
219,Q1465879,Xeniades,re_greek_world,Greek World,-500.0,philosopher,antiquity,Ancient Mediterranean
220,Q359231,Bion of Borysthenes,re_greek_world,Greek World,-324.0,philosopher,antiquity,Ancient Mediterranean
221,Q228564,Aspasia,re_greek_world,Greek World,-469.0,philosopher,antiquity,Ancient Mediterranean
222,Q580565,Palaephatus,re_greek_world,Greek World,-400.0,historian,antiquity,Ancient Mediterranean
223,Q297402,Prodicus,re_greek_world,Greek World,-459.0,philosopher,antiquity,Ancient Mediterranean
224,Q179149,Antisthenes,re_greek_world,Greek World,-443.0,philosopher,antiquity,Ancient Mediterranean
225,Q555818,Philippus of Opus,re_greek_world,Greek World,-400.0,astronomer | philosopher | mathematician,antiquity,Ancient Mediterranean
226,Q2482150,Cleidemus,re_greek_world,Greek World,-350.0,historian,antiquity,Ancient Mediterranean
227,Q183144,Epictetus,re_greek_world,Greek World,50.0,philosopher,antiquity,Ancient Mediterranean
228,Q913,Socrates,re_greek_world,Greek World,-468.0,philosopher,antiquity,Ancient Mediterranean
229,Q5382897,Epigenes,re_greek_world,Greek World,-450.0,philosopher,antiquity,Ancient Mediterranean
230,Q928470,Simmias of Thebes,re_greek_world,Greek World,-500.0,philosopher | mathematician,antiquity,Ancient Mediterranean
231,Q108577191,Archilochus,re_greek_world,Greek World,-271.0,historian,antiquity,Ancient Mediterranean
232,Q983755,Praxagoras of Athens,re_greek_world,Greek World,400.0,historian,antiquity,Ancient Mediterranean
233,Q288467,Lastheneia of Mantinea,re_greek_world,Greek World,-350.0,philosopher,antiquity,Ancient Mediterranean
234,Q349916,Aristidis of Athens,re_greek_world,Greek World,150.0,philosopher,antiquity,Ancient Mediterranean
235,Q962486,Echecrates of Phlius,re_greek_world,Greek World,-499.0,philosopher,antiquity,Ancient Mediterranean
236,Q169243,Protagoras,re_greek_world,Greek World,-489.0,philosopher,antiquity,Ancient Mediterranean
237,Q366031,Anaxarchus,re_greek_world,Greek World,-379.0,philosopher,antiquity,Ancient Mediterranean
238,Q1236440,Bion of Abdera,re_greek_world,Greek World,-429.0,astronomer | mathematician,antiquity,Ancient Mediterranean
239,Q1230889,Mnaseas,re_greek_world,Greek World,-300.0,historian,antiquity,Ancient Mediterranean
240,Q221623,Heliodorus of Athens,re_greek_world,Greek World,-150.0,historian,antiquity,Ancient Mediterranean
241,Q662932,Persaeus,re_greek_world,Greek World,-305.0,philosopher,antiquity,Ancient Mediterranean
242,Q1047995,Antipater of Tyre,re_greek_world,Greek World,-50.0,philosopher,antiquity,Ancient Mediterranean
243,Q162163,Ion of Chios,re_greek_world,Greek World,-489.0,philosopher | historian | mathematician,antiquity,Ancient Mediterranean
244,Q177847,Lucian of Samosata,re_greek_world,Greek World,120.0,philosopher,antiquity,Ancient Mediterranean
245,Q271809,Proclus,re_greek_world,Greek World,412.0,philosopher | mathematician,antiquity,Ancient Mediterranean
246,Q363468,Dexippus,re_greek_world,Greek World,210.0,historian,antiquity,Ancient Mediterranean
247,Q548104,Julius Pollux,re_greek_world,Greek World,200.0,philosopher,antiquity,Ancient Mediterranean
248,Q514262,Androtion,re_greek_world,Greek World,-500.0,historian,antiquity,Ancient Mediterranean
249,Q1185510,Demetrius of Callatis,re_greek_world,Greek World,-299.0,historian,antiquity,Ancient Mediterranean
250,Q554535,Phaedrus,re_greek_world,Greek World,-443.0,philosopher,antiquity,Ancient Mediterranean
251,Q965086,Sotades,re_greek_world,Greek World,-400.0,philosopher,antiquity,Ancient Mediterranean
252,Q172248,Marcus Junius Brutus,re_greek_world,Greek World,-84.0,philosopher,antiquity,Ancient Mediterranean
253,Q667385,Aristos of Ascalon,re_greek_world,Greek World,-50.0,philosopher,antiquity,Ancient Mediterranean
254,Q462582,Pythias,re_greek_world,Greek World,-361.0,zoologist,antiquity,Ancient Mediterranean
255,Q859,Plato,re_greek_world,Greek World,-426.0,philosopher,antiquity,Ancient Mediterranean
256,Q41523,Plutarch,re_greek_world,Greek World,40.0,philosopher | historian,antiquity,Ancient Mediterranean
257,Q609147,Phylarchus,re_greek_world,Greek World,-254.0,historian,antiquity,Ancient Mediterranean
258,Q444595,Perictione,re_greek_world,Greek World,-500.0,philosopher,antiquity,Ancient Mediterranean
259,Q235494,Hipparchia of Maroneia,re_greek_world,Greek World,-349.0,philosopher,antiquity,Ancient Mediterranean
260,Q284994,Carneades,re_greek_world,Greek World,-212.0,philosopher,antiquity,Ancient Mediterranean
261,Q4355017,Diyllus,re_greek_world,Greek World,-300.0,historian,antiquity,Ancient Mediterranean
262,Q221497,Xenophilus,re_greek_world,Greek World,-400.0,musicologist | philosopher,antiquity,Ancient Mediterranean
263,Q41683,Thucydides,re_greek_world,Greek World,-460.0,historian,antiquity,Ancient Mediterranean
264,Q5264,Hippocrates,re_greek_world,Greek World,-459.0,philosopher,antiquity,Ancient Mediterranean
265,Q317331,Aratus of Sicyon,re_greek_world,Greek World,-270.0,historian,antiquity,Ancient Mediterranean
266,Q309772,Athenagoras of Athens,re_greek_world,Greek World,133.0,theologian | philosopher,antiquity,Ancient Mediterranean
267,Q3012616,Damastes of Sigeum,re_greek_world,Greek World,-500.0,geographer | historian,antiquity,Ancient Mediterranean
268,Q312682,Euclid of Megara,re_greek_world,Greek World,-436.0,philosopher,antiquity,Ancient Mediterranean
269,Q2661420,Dardanus of Athens,re_greek_world,Greek World,-159.0,philosopher,antiquity,Ancient Mediterranean
270,Q3060400,Euphantus,re_greek_world,Greek World,-320.0,philosopher | historian,antiquity,Ancient Mediterranean
271,Q1186462,Demon of Athens,re_greek_world,Greek World,-400.0,historian,antiquity,Ancient Mediterranean
272,Q920912,Theaetetus,re_greek_world,Greek World,-416.0,philosopher | mathematician,antiquity,Ancient Mediterranean
273,Q316353,Strato of Lampsacus,re_greek_world,Greek World,-334.0,philosopher | physicist,antiquity,Ancient Mediterranean
274,Q319406,Epimenides of Crete,re_greek_world,Greek World,-700.0,philosopher,antiquity,Ancient Mediterranean
275,Q712755,Crates of Athens,re_greek_world,Greek World,-400.0,philosopher,antiquity,Ancient Mediterranean
276,Q325955,Speusippus,re_greek_world,Greek World,-406.0,philosopher | mathematician,antiquity,Ancient Mediterranean
277,Q205704,Apollodorus of Athens,re_greek_world,Greek World,-179.0,historian,antiquity,Ancient Mediterranean
278,Q12960188,Theodotus,re_greek_world,Greek World,150.0,theologian,antiquity,Ancient Mediterranean
279,Q553856,Polemon,re_greek_world,Greek World,-400.0,philosopher,antiquity,Ancient Mediterranean
280,Q160362,Theophrastus,re_greek_world,Greek World,-370.0,botanist | philosopher | physicist,antiquity,Ancient Mediterranean
281,Q868,Aristotle,re_greek_world,Greek World,-383.0,philosopher,antiquity,Ancient Mediterranean
282,Q542808,Hermarchus,re_greek_world,Greek World,-324.0,philosopher,antiquity,Ancient Mediterranean
283,Q1287486,Metrocles,re_greek_world,Greek World,-400.0,philosopher,antiquity,Ancient Mediterranean
284,Q633023,Archiadas,re_greek_world,Greek World,500.0,philosopher,antiquity,Ancient Mediterranean
285,Q73527,Arcesilaus,re_greek_world,Greek World,-314.0,philosopher,antiquity,Ancient Mediterranean
286,Q42887,Clement I,re_greek_world,Greek World,100.0,theologian,antiquity,Ancient Mediterranean
287,Q343607,Archelaus,re_greek_world,Greek World,-500.0,philosopher,antiquity,Ancient Mediterranean
288,Q4791018,Aristodemus of Cydathenaeum,re_greek_world,Greek World,-450.0,philosopher,antiquity,Ancient Mediterranean
289,Q2346245,Stesimbrotos of Thasos,re_greek_world,Greek World,-469.0,historian,antiquity,Ancient Mediterranean
290,Q1057347,Hegesander,re_greek_world,Greek World,-150.0,historian,antiquity,Ancient Mediterranean
291,Q433852,Ephippus of Olynthus,re_greek_world,Greek World,-400.0,historian,antiquity,Ancient Mediterranean
292,Q316334,Heraclides Ponticus,re_greek_world,Greek World,-384.0,astronomer | philosopher,antiquity,Ancient Mediterranean
293,Q2927235,Bryson of Achaea,re_greek_world,Greek World,-450.0,philosopher,antiquity,Ancient Mediterranean
294,Q434021,Timycha,re_greek_world,Greek World,-400.0,philosopher,antiquity,Ancient Mediterranean
295,Q1747004,Timon of Athens,re_greek_world,Greek World,-500.0,philosopher,antiquity,Ancient Mediterranean
296,Q294092,Critias,re_greek_world,Greek World,-459.0,philosopher,antiquity,Ancient Mediterranean
297,Q1586059,Harpocration of Argos,re_greek_world,Greek World,200.0,philosopher,antiquity,Ancient Mediterranean
298,Q317947,Crates of Thebes,re_greek_world,Greek World,-364.0,philosopher,antiquity,Ancient Mediterranean
299,Q2367894,Teles of Megara,re_greek_world,Greek World,-250.0,philosopher,antiquity,Ancient Mediterranean
300,Q744125,Chaerephon,re_greek_world,Greek World,-401.0,philosopher,antiquity,Ancient Mediterranean
301,Q4721014,Alexandrides of Delphi,re_greek_world,Greek World,-300.0,historian,antiquity,Ancient Mediterranean
302,Q409647,Aeschines of Sphettus,re_greek_world,Greek World,-429.0,philosopher,antiquity,Ancient Mediterranean
303,Q2217419,Nicomachus,re_greek_world,Greek World,-301.0,philosopher,antiquity,Ancient Mediterranean
304,Q218451,Zoilus,re_greek_world,Greek World,-399.0,philosopher | historian,antiquity,Ancient Mediterranean
305,Q320132,Nearchus,re_greek_world,Greek World,-355.0,historian,antiquity,Ancient Mediterranean
306,Q129772,Xenophon,re_greek_world,Greek World,-429.0,philosopher | historian,antiquity,Ancient Mediterranean
307,Q965144,Cebes,re_greek_world,Greek World,-500.0,philosopher | mathematician,antiquity,Ancient Mediterranean
308,Q504744,Hellanicus of Mytilene,re_greek_world,Greek World,-489.0,historian,antiquity,Ancient Mediterranean
309,Q544987,Aristobulus of Cassandreia,re_greek_world,Greek World,-374.0,historian,antiquity,Ancient Mediterranean
310,Q223383,Mnesarchus of Athens,re_greek_world,Greek World,-159.0,philosopher,antiquity,Ancient Mediterranean
311,Q452077,Menippus,re_greek_world,Greek World,-299.0,philosopher,antiquity,Ancient Mediterranean
312,Q328793,Periander,re_greek_world,Greek World,-700.0,philosopher,antiquity,Ancient Mediterranean
313,Q34601,Chilon of Sparta,re_greek_world,Greek World,-599.0,philosopher,antiquity,Ancient Mediterranean
314,Q1128200,Lasus of Hermione,re_greek_world,Greek World,-548.0,musicologist,antiquity,Ancient Mediterranean
315,Q210573,Hippias,re_greek_world,Greek World,-442.0,astronomer | philosopher | mathematician,antiquity,Ancient Mediterranean
316,Q15091905,Deceneo,re_greek_world,Greek World,-100.0,astronomer | philosopher,antiquity,Ancient Mediterranean
317,Q381048,Stilpo,re_greek_world,Greek World,-358.0,philosopher,antiquity,Ancient Mediterranean
318,Q31845,Arrian,re_greek_world,Greek World,95.0,philosopher | historian,antiquity,Ancient Mediterranean
319,Q473381,Ammonius of Athens,re_greek_world,Greek World,50.0,philosopher,antiquity,Ancient Mediterranean
320,Q133337,Solon,re_greek_world,Greek World,-637.0,philosopher,antiquity,Ancient Mediterranean
321,Q311879,Herodes Atticus,re_greek_world,Greek World,102.0,philosopher,antiquity,Ancient Mediterranean
322,Q171303,Zeno of Citium,re_greek_world,Greek World,-333.0,philosopher,antiquity,Ancient Mediterranean
323,Q380190,Phaedo of Elis,re_greek_world,Greek World,-401.0,philosopher,antiquity,Ancient Mediterranean
324,Q191964,Diogenes of Apollonia,re_greek_world,Greek World,-459.0,philosopher,antiquity,Ancient Mediterranean
325,Q964738,Peter the Patrician,re_greek_world,Greek World,500.0,historian,antiquity,Ancient Mediterranean
326,Q266299,Philochorus,re_greek_world,Greek World,-339.0,historian,antiquity,Ancient Mediterranean
327,Q435274,Hieronymus of Cardia,re_greek_world,Greek World,-353.0,historian,antiquity,Ancient Mediterranean
328,Q41980,Democritus,re_greek_world,Greek World,-460.0,philosopher | mathematician,antiquity,Ancient Mediterranean
329,Q949530,Demonax,re_greek_world,Greek World,200.0,philosopher,antiquity,Ancient Mediterranean
330,Q537304,Ploutarchos of Athens,re_greek_world,Greek World,350.0,philosopher,antiquity,Ancient Mediterranean
331,Q1336424,Hermogenes,re_greek_world,Greek World,-500.0,philosopher,antiquity,Ancient Mediterranean
332,Q192313,Pyrrho,re_greek_world,Greek World,-360.0,philosopher,antiquity,Ancient Mediterranean
333,Q82793,Callisthenes,re_greek_world,Greek World,-359.0,historian,antiquity,Ancient Mediterranean
334,Q469199,Victorinus of Pettau,re_latin,Latin World,250.0,theologian | philosopher,antiquity,Ancient Mediterranean
335,Q1367611,Socrates the Younger,re_greek_world,Greek World,-420.0,philosopher,antiquity,Ancient Mediterranean
336,Q353580,Adeimantus of Collytus,re_greek_world,Greek World,-431.0,philosopher,antiquity,Ancient Mediterranean
337,Q11916247,Ctesibius of Chalcis,re_greek_world,Greek World,-400.0,philosopher,antiquity,Ancient Mediterranean
338,Q43216,Epicurus,re_greek_world,Greek World,-341.0,philosopher,antiquity,Ancient Mediterranean
339,Q978418,Marsyas of Pella,re_greek_world,Greek World,-400.0,historian,antiquity,Ancient Mediterranean
340,Q353264,Diagoras of Melos,re_greek_world,Greek World,-450.0,philosopher,antiquity,Ancient Mediterranean
341,Q2274948,Philostratus,re_greek_world,Greek World,170.0,philosopher,antiquity,Ancient Mediterranean
342,Q1227107,Diotima of Mantinea,re_greek_world,Greek World,-450.0,philosopher,antiquity,Ancient Mediterranean
343,Q43423,Aesop,re_greek_world,Greek World,-619.0,philosopher,antiquity,Ancient Mediterranean
344,Q211411,Chrysippus of Soli,re_greek_world,Greek World,-280.0,philosopher | mathematician,antiquity,Ancient Mediterranean
345,Q586050,Asclepigenia,re_greek_world,Greek World,400.0,philosopher,antiquity,Ancient Mediterranean
346,Q646951,Ariston of Chios,re_greek_world,Greek World,-299.0,philosopher,antiquity,Ancient Mediterranean
347,Q668009,Aristotelis the Dialectician,re_greek_world,Greek World,-300.0,philosopher,antiquity,Ancient Mediterranean
348,Q214121,Xenocrates,re_greek_world,Greek World,-395.0,philosopher | mathematician,antiquity,Ancient Mediterranean
349,Q1279413,Cercidas,re_greek_world,Greek World,-300.0,philosopher,antiquity,Ancient Mediterranean
350,Q1364945,Glaucon,re_greek_world,Greek World,-444.0,philosopher,antiquity,Ancient Mediterranean
351,Q189759,Zeno of Sidon,re_greek_world,Greek World,-149.0,philosopher | mathematician,antiquity,Ancient Mediterranean
352,Q280872,Timon of Phlius,re_greek_world,Greek World,-319.0,philosopher,antiquity,Ancient Mediterranean
353,Q905827,Diodorus of Tyre,re_greek_world,Greek World,-150.0,philosopher,antiquity,Ancient Mediterranean
354,Q1372239,Eudemus of Cyprus,re_greek_world,Greek World,-400.0,philosopher,antiquity,Ancient Mediterranean
355,Q2861408,Aristion,re_greek_world,Greek World,-150.0,philosopher,antiquity,Ancient Mediterranean
356,Q3630471,Autocrates,re_greek_world,Greek World,-250.0,historian,antiquity,Ancient Mediterranean
357,Q1073837,Critolaus,re_greek_world,Greek World,-199.0,philosopher,antiquity,Ancient Mediterranean
358,Q15078686,Antiphon,re_greek_world,Greek World,-500.0,philosopher | mathematician,antiquity,Ancient Mediterranean
359,Q466951,Clitomachus,re_greek_world,Greek World,-186.0,philosopher,antiquity,Ancient Mediterranean
360,Q261909,Meton of Athens,re_greek_world,Greek World,-500.0,astronomer | mathematician,antiquity,Ancient Mediterranean
361,Q310149,Cleanthes,re_greek_world,Greek World,-329.0,philosopher,antiquity,Ancient Mediterranean
362,Q125247,Cratylus,re_greek_world,Greek World,-500.0,philosopher,antiquity,Ancient Mediterranean
363,Q2346819,Damon of Athens,re_greek_world,Greek World,-450.0,musicologist | philosopher,antiquity,Ancient Mediterranean
364,Q934471,Criton,re_greek_world,Greek World,-468.0,philosopher,antiquity,Ancient Mediterranean
365,Q1763617,Nicarete of Megara,re_greek_world,Greek World,-400.0,philosopher,antiquity,Ancient Mediterranean
366,Q4780369,Apollodorus of Phaleron,re_greek_world,Greek World,-420.0,philosopher,antiquity,Ancient Mediterranean
367,Q131169,Polybius,re_greek_world,Greek World,-199.0,historian,antiquity,Ancient Mediterranean
368,Q780234,Priscus of Epirus,re_greek_world,Greek World,305.0,philosopher,antiquity,Ancient Mediterranean
369,Q2759424,Anticlides,re_greek_world,Greek World,-300.0,historian,antiquity,Ancient Mediterranean
370,Q59180,Diogenes of Sinope,re_greek_world,Greek World,-399.0,philosopher,antiquity,Ancient Mediterranean
371,Q2087377,Asclepiades of Phlius,re_greek_world,Greek World,-349.0,philosopher,antiquity,Ancient Mediterranean
372,Q298071,Hippodamus of Miletus,re_greek_world,Greek World,-497.0,mathematician,antiquity,Ancient Mediterranean
373,Q18819268,Mnesarchus of Croton,re_greek_world,Greek World,-450.0,philosopher,antiquity,Ancient Mediterranean
374,Q298860,Hippasus,re_greek_world,Greek World,-600.0,musicologist | philosopher | mathematician,antiquity,Ancient Mediterranean
375,Q716416,Hippon,re_greek_world,Greek World,-500.0,philosopher,antiquity,Ancient Mediterranean
376,Q162593,Pelagius,re_greek_world,Greek World,360.0,theologian | philosopher,antiquity,Ancient Mediterranean
377,Q11920485,Escílax d'Halicarnàs,re_greek_world,Greek World,-150.0,astronomer,antiquity,Ancient Mediterranean
378,Q928092,Peter the Iberian,re_greek_world,Greek World,411.0,philosopher,antiquity,Ancient Mediterranean
379,Q4684706,Adrastus of Cyzicus,re_greek_world,Greek World,-500.0,astronomer,antiquity,Ancient Mediterranean
380,Q581732,Antipater of Tarsus,re_greek_world,Greek World,-300.0,philosopher,antiquity,Ancient Mediterranean
381,Q291952,Sosipatra,re_greek_world,Greek World,400.0,philosopher,antiquity,Ancient Mediterranean
382,Q314467,Aenesidemus,re_greek_world,Greek World,-79.0,philosopher,antiquity,Ancient Mediterranean
383,Q200608,Ephrem the Syrian,re_greek_world,Greek World,306.0,theologian,antiquity,Ancient Mediterranean
384,Q31278,Cleomedes,re_greek_world,Greek World,1.0,astronomer | mathematician,antiquity,Ancient Mediterranean
385,Q486945,Sotion,re_greek_world,Greek World,-100.0,philosopher,antiquity,Ancient Mediterranean
386,Q16658175,Zosimus of Ascalona,re_greek_world,Greek World,450.0,historian,antiquity,Ancient Mediterranean
387,Q472620,Artemidorus of Ephesus,re_greek_world,Greek World,-150.0,geographer,antiquity,Ancient Mediterranean
388,Q510719,Eutocius of Ascalon,re_greek_world,Greek World,480.0,philosopher | mathematician,antiquity,Ancient Mediterranean
389,Q352621,Dicaearchus,re_greek_world,Greek World,-349.0,geographer | philosopher | historian | mathematician,antiquity,Ancient Mediterranean
390,Q168261,Ptolemy I Soter,re_greek_world,Greek World,-365.0,historian,antiquity,Ancient Mediterranean
391,Q2470320,Apollonius of Ephesus,re_greek_world,Greek World,201.0,theologian,antiquity,Ancient Mediterranean
392,Q921532,Dorotheus of Sidon,re_greek_world,Greek World,50.0,astronomer,antiquity,Ancient Mediterranean
393,Q437869,Evagrius Ponticus,re_greek_world,Greek World,345.0,theologian,antiquity,Ancient Mediterranean
394,Q178217,Diofantos,re_greek_world,Greek World,201.0,mathematician,antiquity,Ancient Mediterranean
395,Q24068760,Aristobulus of Paneas,re_greek_world,Greek World,-150.0,philosopher,antiquity,Ancient Mediterranean
396,Q451566,Menaechmus,re_greek_world,Greek World,-379.0,astronomer | mathematician,antiquity,Ancient Mediterranean
397,Q18626710,Julian,re_greek_world,Greek World,400.0,theologian,antiquity,Ancient Mediterranean
398,Q211783,Pappus of Alexandria,re_greek_world,Greek World,290.0,astronomer | mathematician,antiquity,Ancient Mediterranean
399,Q712572,Philistus,re_greek_world,Greek World,-424.0,historian,antiquity,Ancient Mediterranean
400,Q2285961,Silenus Calatinus,re_greek_world,Greek World,-300.0,historian,antiquity,Ancient Mediterranean
401,Q310028,Isidore of Miletus,re_greek_world,Greek World,442.0,physicist | mathematician,antiquity,Ancient Mediterranean
402,Q242270,Hecataeus of Miletus,re_greek_world,Greek World,-600.0,geographer | historian,antiquity,Ancient Mediterranean
403,Q3991387,Timagoras of Gela,re_greek_world,Greek World,-350.0,philosopher,antiquity,Ancient Mediterranean
404,Q580661,Antiochus of Syracuse,re_greek_world,Greek World,-450.0,historian,antiquity,Ancient Mediterranean
405,Q434773,Crantor,re_greek_world,Greek World,-343.0,philosopher,antiquity,Ancient Mediterranean
406,Q80612,Anaximenes of Miletus,re_greek_world,Greek World,-584.0,astronomer | philosopher | mathematician,antiquity,Ancient Mediterranean
407,Q433919,Phintys,re_greek_world,Greek World,-400.0,philosopher,antiquity,Ancient Mediterranean
408,Q581833,Marinus of Neapolis,re_greek_world,Greek World,440.0,astronomer | philosopher,antiquity,Ancient Mediterranean
409,Q313018,Aristophanes of Byzantium,re_greek_world,Greek World,-256.0,linguist,antiquity,Ancient Mediterranean
410,Q1354573,Lycus of Rhegium,re_greek_world,Greek World,-350.0,historian,antiquity,Ancient Mediterranean
411,Q355664,Theodore of Mopsuestia,re_greek_world,Greek World,350.0,theologian,antiquity,Ancient Mediterranean
412,Q311731,Priscus,re_greek_world,Greek World,410.0,philosopher | historian,antiquity,Ancient Mediterranean
413,Q310916,Iamblichus,re_greek_world,Greek World,245.0,philosopher,antiquity,Ancient Mediterranean
414,Q59137,Diogenes of Oenoanda,re_greek_world,Greek World,200.0,philosopher,antiquity,Ancient Mediterranean
415,Q714841,Eustathius of Epiphania,re_greek_world,Greek World,401.0,historian,antiquity,Ancient Mediterranean
416,Q721022,Malchus,re_greek_world,Greek World,450.0,historian,antiquity,Ancient Mediterranean
417,Q44011,Gregory of Nazianzus,re_greek_world,Greek World,330.0,theologian | philosopher,antiquity,Ancient Mediterranean
418,Q372798,Polus,re_greek_world,Greek World,-500.0,philosopher,antiquity,Ancient Mediterranean
419,Q297040,Apollonius of Tyana,re_greek_world,Greek World,15.0,philosopher | mathematician,antiquity,Ancient Mediterranean
420,Q391202,Agathangelos,re_greek_world,Greek World,500.0,historian,antiquity,Ancient Mediterranean
421,Q317029,Theodoret,re_greek_world,Greek World,393.0,historian,antiquity,Ancient Mediterranean
422,Q4024777,Zopyrus of Tarentum,re_greek_world,Greek World,-350.0,philosopher,antiquity,Ancient Mediterranean
423,Q43182,Eratosthenes,re_greek_world,Greek World,-275.0,musicologist | astronomer | mathematician | geographer | historian,antiquity,Ancient Mediterranean
424,Q645774,Bolus of Mendes,re_greek_world,Greek World,-300.0,botanist | philosopher,antiquity,Ancient Mediterranean
425,Q2637222,Aesara,re_greek_world,Greek World,-400.0,philosopher,antiquity,Ancient Mediterranean
426,Q3731014,Heracleides of Magnesia,re_greek_world,Greek World,-50.0,historian,antiquity,Ancient Mediterranean
427,Q3620711,Apollonides of Smyrna,re_greek_world,Greek World,-150.0,philosopher,antiquity,Ancient Mediterranean
428,Q356433,Priscian,re_greek_world,Greek World,500.0,philosopher,antiquity,Ancient Mediterranean
429,Q1389145,John the Lydian,re_greek_world,Greek World,490.0,historian,antiquity,Ancient Mediterranean
430,Q2705204,Evander,re_greek_world,Greek World,-201.0,philosopher,antiquity,Ancient Mediterranean
431,Q235426,Theano,re_greek_world,Greek World,-600.0,astronomer | philosopher | mathematician,antiquity,Ancient Mediterranean
432,Q354342,Bardaisan,re_greek_world,Greek World,154.0,philosopher,antiquity,Ancient Mediterranean
433,Q1270333,Praxeas,re_greek_world,Greek World,200.0,theologian,antiquity,Ancient Mediterranean
434,Q463564,Xenophon of Ephesus,re_greek_world,Greek World,101.0,philosopher,antiquity,Ancient Mediterranean
435,Q192371,Polycarp,re_greek_world,Greek World,69.0,theologian,antiquity,Ancient Mediterranean
436,Q1295215,Satyrus the Peripatetic,re_greek_world,Greek World,-300.0,philosopher | historian,antiquity,Ancient Mediterranean
437,Q1616998,Neanthes of Cyzicus,re_greek_world,Greek World,-250.0,historian,antiquity,Ancient Mediterranean
438,Q1148501,Diophanes of Nicaea,re_greek_world,Greek World,-100.0,botanist,antiquity,Ancient Mediterranean
439,Q180671,Aratus,re_greek_world,Greek World,-314.0,astronomer,antiquity,Ancient Mediterranean
440,Q1189157,Nausiphanes,re_greek_world,Greek World,-400.0,philosopher,antiquity,Ancient Mediterranean
441,Q1496242,Callinicus,re_greek_world,Greek World,300.0,historian,antiquity,Ancient Mediterranean
442,Q180109,Apollonius of Perga,re_greek_world,Greek World,-261.0,astronomer | mathematician,antiquity,Ancient Mediterranean
443,Q335156,Aristoxenus,re_greek_world,Greek World,-359.0,musicologist | philosopher | mathematician,antiquity,Ancient Mediterranean
444,Q1047689,Menodotus of Nicomedia,re_greek_world,Greek World,100.0,philosopher,antiquity,Ancient Mediterranean
445,Q3381179,Philon of Gadara,re_greek_world,Greek World,100.0,mathematician,antiquity,Ancient Mediterranean
446,Q287423,Epigenes of Byzantium,re_greek_world,Greek World,-150.0,astronomer | mathematician,antiquity,Ancient Mediterranean
447,Q317146,Alexandros of Aphrodisias,re_greek_world,Greek World,200.0,philosopher,antiquity,Ancient Mediterranean
448,Q275606,Aurelius Victor,re_greek_world,Greek World,320.0,historian,antiquity,Ancient Mediterranean
449,Q451390,Autolycus of Pitane,re_greek_world,Greek World,-359.0,astronomer | mathematician,antiquity,Ancient Mediterranean
450,Q83375,Empedocles,re_greek_world,Greek World,-489.0,philosopher,antiquity,Ancient Mediterranean
451,Q441448,Carpocrates,re_greek_world,Greek World,100.0,philosopher,antiquity,Ancient Mediterranean
452,Q312491,John Malalas,re_greek_world,Greek World,491.0,historian,antiquity,Ancient Mediterranean
453,Q248793,Maximus of Ephesus,re_greek_world,Greek World,310.0,philosopher,antiquity,Ancient Mediterranean
454,Q404023,Aedesius,re_greek_world,Greek World,280.0,philosopher,antiquity,Ancient Mediterranean
455,Q316867,Sosigenes of Alexandria,re_greek_world,Greek World,-100.0,astronomer | philosopher | mathematician,antiquity,Ancient Mediterranean
456,Q506553,Olympiodorus of Thebes,re_greek_world,Greek World,380.0,philosopher | historian,antiquity,Ancient Mediterranean
457,Q550477,Timocharis,re_greek_world,Greek World,-319.0,astronomer,antiquity,Ancient Mediterranean
458,Q346567,Callixenus of Rhodes,re_greek_world,Greek World,-199.0,historian,antiquity,Ancient Mediterranean
459,Q385213,Prohaeresius,re_greek_world,Greek World,276.0,philosopher,antiquity,Ancient Mediterranean
460,Q2047944,Palladius of Galatia,re_greek_world,Greek World,363.0,historian,antiquity,Ancient Mediterranean
461,Q334457,Dio Chrysostom,re_greek_world,Greek World,40.0,philosopher,antiquity,Ancient Mediterranean
462,Q51885,Thecla,re_greek_world,Greek World,100.0,theologian,antiquity,Ancient Mediterranean
463,Q3044500,Demetrius of Scepsis,re_greek_world,Greek World,-204.0,philosopher | historian,antiquity,Ancient Mediterranean
464,Q363818,Nicander,re_greek_world,Greek World,-249.0,historian,antiquity,Ancient Mediterranean
465,Q2524557,Anatolius of Laodicea,re_greek_world,Greek World,250.0,philosopher | mathematician,antiquity,Ancient Mediterranean
466,Q1373037,Syrianus,re_greek_world,Greek World,500.0,philosopher,antiquity,Ancient Mediterranean
467,Q3347025,Neleus of Scepsis,re_greek_world,Greek World,-350.0,philosopher,antiquity,Ancient Mediterranean
468,Q459774,Ambrose of Alexandria,re_greek_world,Greek World,200.0,theologian,antiquity,Ancient Mediterranean
469,Q1747749,Tiberius Claudius Aristocles,re_greek_world,Greek World,100.0,philosopher,antiquity,Ancient Mediterranean
470,Q201867,Cleitarchus,re_greek_world,Greek World,-400.0,historian,antiquity,Ancient Mediterranean
471,Q125551,Parmenides,re_greek_world,Greek World,-514.0,philosopher,antiquity,Ancient Mediterranean
472,Q3624868,Asclepiades,re_greek_world,Greek World,-150.0,historian,antiquity,Ancient Mediterranean
473,Q444459,Alcidamas,re_greek_world,Greek World,-450.0,philosopher,antiquity,Ancient Mediterranean
474,Q4441106,Aphthonius of Antioch,re_greek_world,Greek World,300.0,philosopher,antiquity,Ancient Mediterranean
475,Q44024,Athanasios of Alexandria,re_greek_world,Greek World,296.0,theologian,antiquity,Ancient Mediterranean
476,Q3413787,Archelaus,re_greek_world,Greek World,300.0,theologian,antiquity,Ancient Mediterranean
477,Q705950,Theon of Smyrna,re_greek_world,Greek World,70.0,philosopher | musicologist | astronomer | mathematician,antiquity,Ancient Mediterranean
478,Q380089,Fulgentius of Ruspe,re_greek_world,Greek World,468.0,theologian,antiquity,Ancient Mediterranean
479,Q2861395,Aristodemus of Nysa,re_greek_world,Greek World,-200.0,philosopher | historian,antiquity,Ancient Mediterranean
480,Q447451,Sabellius,re_greek_world,Greek World,200.0,theologian,antiquity,Ancient Mediterranean
481,Q973954,Philoxenus of Mabbug,re_greek_world,Greek World,440.0,theologian,antiquity,Ancient Mediterranean
482,Q433332,Mara Bar-Serapion,re_greek_world,Greek World,50.0,philosopher,antiquity,Ancient Mediterranean
483,Q1613489,Hermias,re_greek_world,Greek World,401.0,philosopher,antiquity,Ancient Mediterranean
484,Q186153,Procopius,re_greek_world,Greek World,500.0,historian,antiquity,Ancient Mediterranean
485,Q188232,Didymus the Blind,re_greek_world,Greek World,313.0,theologian,antiquity,Ancient Mediterranean
486,Q1266186,Theodosius of Bithynia,re_greek_world,Greek World,-159.0,astronomer | mathematician,antiquity,Ancient Mediterranean
487,Q2696027,Alexander of Damascus,re_greek_world,Greek World,200.0,philosopher,antiquity,Ancient Mediterranean
488,Q3714438,Dositheus,re_greek_world,Greek World,-250.0,astronomer | mathematician,antiquity,Ancient Mediterranean
489,Q18639389,Abrotelia,re_greek_world,Greek World,-500.0,philosopher,antiquity,Ancient Mediterranean
490,Q1531412,Harkhebi,re_greek_world,Greek World,-301.0,astronomer,antiquity,Ancient Mediterranean
491,Q185223,Cassius Dio,re_greek_world,Greek World,150.0,historian,antiquity,Ancient Mediterranean
492,Q2695834,Agathobulus,re_greek_world,Greek World,100.0,philosopher,antiquity,Ancient Mediterranean
493,Q16529474,Astone,re_greek_world,Greek World,-550.0,philosopher,antiquity,Ancient Mediterranean
494,Q503075,Crates of Mallus,re_greek_world,Greek World,-200.0,philosopher,antiquity,Ancient Mediterranean
495,Q8739,Archimedes,re_greek_world,Greek World,-286.0,astronomer | philosopher | physicist | mathematician,antiquity,Ancient Mediterranean
496,Q63456919,Pandrosion,re_greek_world,Greek World,400.0,mathematician,antiquity,Ancient Mediterranean
497,Q317014,Sextus Julius Africanus,re_greek_world,Greek World,160.0,philosopher | historian,antiquity,Ancient Mediterranean
498,Q170472,Origen,re_greek_world,Greek World,185.0,theologian | philosopher,antiquity,Ancient Mediterranean
499,Q1051470,Vettius Valens,re_greek_world,Greek World,120.0,astronomer,antiquity,Ancient Mediterranean
500,Q515542,Agathemerus,re_greek_world,Greek World,250.0,geographer,antiquity,Ancient Mediterranean
501,Q504771,Philo of Byblos,re_greek_world,Greek World,50.0,historian,antiquity,Ancient Mediterranean
502,Q1226993,Dionysius Periegetes,re_greek_world,Greek World,100.0,historian,antiquity,Ancient Mediterranean
503,Q312500,Herophilos,re_greek_world,Greek World,-334.0,anatomist,antiquity,Ancient Mediterranean
504,Q297390,Craterus,re_greek_world,Greek World,-369.0,historian,antiquity,Ancient Mediterranean
505,Q707344,Numenius of Apamea,re_greek_world,Greek World,200.0,philosopher,antiquity,Ancient Mediterranean
506,Q42458,Anaximander,re_greek_world,Greek World,-609.0,philosopher | physicist | astronomer | mathematician | geographer,antiquity,Ancient Mediterranean
507,Q229246,Julia Domna,re_greek_world,Greek World,165.0,philosopher,antiquity,Ancient Mediterranean
508,Q298654,Cyril of Jerusalem,re_greek_world,Greek World,313.0,theologian,antiquity,Ancient Mediterranean
509,Q363375,Publilius Syrus,re_greek_world,Greek World,-100.0,philosopher,antiquity,Ancient Mediterranean
510,Q391216,Agatharchides,re_greek_world,Greek World,-207.0,geographer | philosopher | historian | anatomist,antiquity,Ancient Mediterranean
511,Q2531620,Pamprepius,re_greek_world,Greek World,440.0,philosopher,antiquity,Ancient Mediterranean
512,Q4191445,Zenob Glak,re_greek_world,Greek World,300.0,historian,antiquity,Ancient Mediterranean
513,Q165589,Leucippus,re_greek_world,Greek World,-500.0,philosopher | physicist,antiquity,Ancient Mediterranean
514,Q451719,Damo,re_greek_world,Greek World,-600.0,philosopher | mathematician,antiquity,Ancient Mediterranean
515,Q365977,Bias of Priene,re_greek_world,Greek World,-599.0,philosopher,antiquity,Ancient Mediterranean
516,Q1378597,Eurytus,re_greek_world,Greek World,-500.0,philosopher | mathematician,antiquity,Ancient Mediterranean
517,Q189767,Zeno of Tarsus,re_greek_world,Greek World,-250.0,philosopher,antiquity,Ancient Mediterranean
518,Q139567,Zacharias Rhetor,re_greek_world,Greek World,465.0,philosopher | historian,antiquity,Ancient Mediterranean
519,Q83041,Anaxagoras,re_greek_world,Greek World,-499.0,astronomer | philosopher | physicist | mathematician,antiquity,Ancient Mediterranean
520,Q1400157,Cleinias of Tarentum,re_greek_world,Greek World,-500.0,philosopher,antiquity,Ancient Mediterranean
521,Q313791,Ephorus,re_greek_world,Greek World,-399.0,historian,antiquity,Ancient Mediterranean
522,Q260951,Dinon,re_greek_world,Greek World,-399.0,historian,antiquity,Ancient Mediterranean
523,Q534163,Xanthos,re_greek_world,Greek World,-500.0,historian,antiquity,Ancient Mediterranean
524,Q142999,Eusebius of Caesarea,re_greek_world,Greek World,275.0,theologian | historian,antiquity,Ancient Mediterranean
525,Q317942,Euhemerus,re_greek_world,Greek World,-400.0,philosopher | historian | anthropologist,antiquity,Ancient Mediterranean
526,Q31271346,Dion von Neapel,re_greek_world,Greek World,-500.0,mathematician,antiquity,Ancient Mediterranean
527,Q354377,Conon of Samos,re_greek_world,Greek World,-279.0,astronomer | mathematician,antiquity,Ancient Mediterranean
528,Q44015,John the Apostle,re_greek_world,Greek World,6.0,theologian,antiquity,Ancient Mediterranean
529,Q378236,Aristides Quintilianus,re_greek_world,Greek World,150.0,musicologist,antiquity,Ancient Mediterranean
530,Q1226828,Diogenes of Tarsus,re_greek_world,Greek World,-200.0,philosopher,antiquity,Ancient Mediterranean
531,Q298226,Anthemius of Tralles,re_greek_world,Greek World,474.0,physicist | mathematician,antiquity,Ancient Mediterranean
532,Q1226996,Dionysius of Miletus,re_greek_world,Greek World,-600.0,historian,antiquity,Ancient Mediterranean
533,Q313934,Macrobius,re_greek_world,Greek World,370.0,musicologist | philosopher,antiquity,Ancient Mediterranean
534,Q1419147,Firmilian,re_greek_world,Greek World,200.0,philosopher,antiquity,Ancient Mediterranean
535,Q725225,Thrasyllus of Mendes,re_greek_world,Greek World,-100.0,musicologist | philosopher,antiquity,Ancient Mediterranean
536,Q132157,Zeno of Elea,re_greek_world,Greek World,-489.0,philosopher | mathematician,antiquity,Ancient Mediterranean
537,Q521203,Duris of Samos,re_greek_world,Greek World,-339.0,historian,antiquity,Ancient Mediterranean
538,Q343018,Eunapius,re_greek_world,Greek World,349.0,philosopher | historian,antiquity,Ancient Mediterranean
539,Q168707,Pliny the Younger,re_greek_world,Greek World,61.0,historian,antiquity,Ancient Mediterranean
540,Q928551,Origen the Pagan,re_greek_world,Greek World,200.0,philosopher,antiquity,Ancient Mediterranean
541,Q2749849,Athenodorus of Soli,re_greek_world,Greek World,-300.0,philosopher,antiquity,Ancient Mediterranean
542,Q931271,Tisias,re_greek_world,Greek World,-499.0,philosopher,antiquity,Ancient Mediterranean
543,Q189597,Philo of Alexandria,re_greek_world,Greek World,-14.0,philosopher | historian,antiquity,Ancient Mediterranean
544,Q731906,Asclepiodotus of Alexandria,re_greek_world,Greek World,500.0,philosopher,antiquity,Ancient Mediterranean
545,Q315360,Damascius,re_greek_world,Greek World,450.0,philosopher,antiquity,Ancient Mediterranean
546,Q510737,Lucian of Antioch,re_greek_world,Greek World,240.0,theologian,antiquity,Ancient Mediterranean
547,Q2902906,Rabbi Nehemiah,re_greek_world,Greek World,101.0,mathematician,antiquity,Ancient Mediterranean
548,Q43706,John Chrysostom,re_greek_world,Greek World,349.0,theologian,antiquity,Ancient Mediterranean
549,Q354384,Theon of Alexandria,re_greek_world,Greek World,335.0,astronomer | mathematician,antiquity,Ancient Mediterranean
550,Q11903,Hypatia,re_greek_world,Greek World,360.0,astronomer | philosopher | mathematician,antiquity,Ancient Mediterranean
551,Q443510,Hesychius of Alexandria,re_greek_world,Greek World,450.0,linguist,antiquity,Ancient Mediterranean
552,Q3826494,Lamiscus,re_greek_world,Greek World,-400.0,philosopher | mathematician,antiquity,Ancient Mediterranean
553,Q717647,Gnaeus Claudius Severus Arabianus,re_greek_world,Greek World,113.0,philosopher,antiquity,Ancient Mediterranean
554,Q140188,Aristarchus of Samos,re_greek_world,Greek World,-309.0,astronomer,antiquity,Ancient Mediterranean
555,Q456560,Myia,re_greek_world,Greek World,-600.0,philosopher | mathematician,antiquity,Ancient Mediterranean
556,Q33941,Julian,re_greek_world,Greek World,331.0,philosopher,antiquity,Ancient Mediterranean
557,Q317632,John Philoponus,re_greek_world,Greek World,490.0,philosopher | physicist | astronomer | mathematician | theologian,antiquity,Ancient Mediterranean
558,Q1722472,Callias of Syracuse,re_greek_world,Greek World,-400.0,historian,antiquity,Ancient Mediterranean
559,Q3432037,Aristaeus of Croton,re_greek_world,Greek World,-450.0,philosopher | mathematician,antiquity,Ancient Mediterranean
560,Q897689,Chaeremon of Alexandria,re_greek_world,Greek World,10.0,philosopher | historian,antiquity,Ancient Mediterranean
561,Q84027027,Didymus of Alexandria,re_greek_world,Greek World,-50.0,mathematician,antiquity,Ancient Mediterranean
562,Q942439,Monimus,re_greek_world,Greek World,-400.0,philosopher,antiquity,Ancient Mediterranean
563,Q310821,Akiva ben Joseph,re_greek_world,Greek World,15.0,theologian,antiquity,Ancient Mediterranean
564,Q280432,Athenodoros Cananites,re_greek_world,Greek World,-100.0,philosopher | historian,antiquity,Ancient Mediterranean
565,Q313286,Demetrius of Phalerum,re_greek_world,Greek World,-349.0,philosopher,antiquity,Ancient Mediterranean
566,Q123147,Ammonius Hermiae,re_greek_world,Greek World,435.0,astronomer | philosopher,antiquity,Ancient Mediterranean
567,Q2570422,Sotion,re_greek_world,Greek World,-250.0,philosopher | historian,antiquity,Ancient Mediterranean
568,Q2657803,Asterius the Sophist,re_greek_world,Greek World,300.0,theologian,antiquity,Ancient Mediterranean
569,Q1749928,Phaleas of Chalcedon,re_greek_world,Greek World,-400.0,philosopher,antiquity,Ancient Mediterranean
570,Q280934,Alexander Lychnus,re_greek_world,Greek World,-50.0,historian,antiquity,Ancient Mediterranean
571,Q11925495,Hermodorus,re_greek_world,Greek World,-399.0,philosopher,antiquity,Ancient Mediterranean
572,Q15975321,Flavius Boethus,re_greek_world,Greek World,150.0,philosopher,antiquity,Ancient Mediterranean
573,Q191734,Gregory of Nyssa,re_greek_world,Greek World,400.0,theologian,antiquity,Ancient Mediterranean
574,Q1297839,Serenus of Antinouplis,re_greek_world,Greek World,300.0,mathematician,antiquity,Ancient Mediterranean
575,Q1383547,Ulpianus,re_greek_world,Greek World,300.0,philosopher,antiquity,Ancient Mediterranean
576,Q138531,Phlegon of Tralles,re_greek_world,Greek World,200.0,historian,antiquity,Ancient Mediterranean
577,Q929311,Hegesias of Magnesia,re_greek_world,Greek World,-200.0,historian,antiquity,Ancient Mediterranean
578,Q948620,Hermias of Atarneus,re_greek_world,Greek World,-350.0,philosopher,antiquity,Ancient Mediterranean
579,Q365183,Themistius,re_greek_world,Greek World,317.0,philosopher,antiquity,Ancient Mediterranean
580,Q754890,Athanis,re_greek_world,Greek World,-400.0,historian,antiquity,Ancient Mediterranean
581,Q176287,Timaeus of Locri,re_greek_world,Greek World,-500.0,astronomer | philosopher | mathematician,antiquity,Ancient Mediterranean
582,Q188883,Clement of Alexandria,re_greek_world,Greek World,150.0,theologian | philosopher,antiquity,Ancient Mediterranean
583,Q3556912,Theognostus of Alexandria,re_greek_world,Greek World,210.0,theologian,antiquity,Ancient Mediterranean
584,Q5063276,Cephalion,re_greek_world,Greek World,100.0,historian,antiquity,Ancient Mediterranean
585,Q1241343,Justus of Tiberias,re_greek_world,Greek World,35.0,historian,antiquity,Ancient Mediterranean
586,Q7155483,Pausanias of Damascus,re_greek_world,Greek World,-150.0,geographer,antiquity,Ancient Mediterranean
587,Q1185502,Demetrius Lacon,re_greek_world,Greek World,-150.0,philosopher,antiquity,Ancient Mediterranean
588,Q360366,Nicomachus,re_greek_world,Greek World,60.0,musicologist | philosopher | mathematician,antiquity,Ancient Mediterranean
589,Q3636221,Baton of Sinope,re_greek_world,Greek World,-199.0,historian,antiquity,Ancient Mediterranean
590,Q41766,Ctesibius,re_greek_world,Greek World,-283.0,mathematician,antiquity,Ancient Mediterranean
591,Q729105,Severus of Antioch,re_greek_world,Greek World,465.0,theologian,antiquity,Ancient Mediterranean
592,Q641051,Arius Didymus,re_greek_world,Greek World,-83.0,philosopher,antiquity,Ancient Mediterranean
593,Q388333,Cadmus of Miletus,re_greek_world,Greek World,-500.0,historian,antiquity,Ancient Mediterranean
594,Q44258,Basil of Caesarea,re_greek_world,Greek World,329.0,theologian | philosopher,antiquity,Ancient Mediterranean
595,Q534986,Flavius Vopiscus,re_greek_world,Greek World,201.0,historian,antiquity,Ancient Mediterranean
596,Q41155,Heraclitus,re_greek_world,Greek World,-534.0,philosopher,antiquity,Ancient Mediterranean
597,Q36303,Thales,re_greek_world,Greek World,-624.0,astronomer | philosopher | physicist | mathematician,antiquity,Ancient Mediterranean
598,Q974775,Olympiodorus the Younger,re_greek_world,Greek World,495.0,philosopher,antiquity,Ancient Mediterranean
599,Q2763097,Abba Saul,re_greek_world,Greek World,101.0,theologian,antiquity,Ancient Mediterranean
600,Q202001,Archytas,re_greek_world,Greek World,-427.0,philosopher | musicologist | astronomer | mathematician,antiquity,Ancient Mediterranean
601,Q2312602,Montanus of Phrygia,re_greek_world,Greek World,150.0,theologian,antiquity,Ancient Mediterranean
602,Q19715972,Nicostratus of Trebizond,re_greek_world,Greek World,300.0,historian,antiquity,Ancient Mediterranean
603,Q44248,Jerome,re_greek_world,Greek World,345.0,theologian | historian,antiquity,Ancient Mediterranean
604,Q857017,Gaius Blossius,re_greek_world,Greek World,-150.0,philosopher,antiquity,Ancient Mediterranean
605,Q3371179,Polemarchus,re_greek_world,Greek World,-500.0,philosopher,antiquity,Ancient Mediterranean
606,Q345277,Basilides,re_greek_world,Greek World,117.0,theologian,antiquity,Ancient Mediterranean
607,Q3271431,Leon of Byzantium,re_greek_world,Greek World,-400.0,philosopher,antiquity,Ancient Mediterranean
608,Q212338,Philolaus,re_greek_world,Greek World,-469.0,philosopher | musicologist | astronomer | mathematician,antiquity,Ancient Mediterranean
609,Q2706119,Telecles,re_greek_world,Greek World,-201.0,philosopher,antiquity,Ancient Mediterranean
610,Q11906871,Ascletarió,re_greek_world,Greek World,100.0,mathematician,antiquity,Ancient Mediterranean
611,Q2832178,Alcimus,re_greek_world,Greek World,-350.0,historian,antiquity,Ancient Mediterranean
612,Q2695686,Abba Hilkiah,re_greek_world,Greek World,1.0,theologian,antiquity,Ancient Mediterranean
613,Q359945,Melito of Sardis,re_greek_world,Greek World,100.0,philosopher,antiquity,Ancient Mediterranean
614,Q226868,Zosimos of Panopolis,re_greek_world,Greek World,250.0,philosopher,antiquity,Ancient Mediterranean
615,Q738605,Boethus of Sidon,re_greek_world,Greek World,-199.0,philosopher,antiquity,Ancient Mediterranean
616,Q461067,Pantaenus,re_greek_world,Greek World,200.0,theologian | philosopher,antiquity,Ancient Mediterranean
617,Q7807000,Timosthenes,re_greek_world,Greek World,-301.0,geographer,antiquity,Ancient Mediterranean
618,Q23061186,Nicolaus Sophista,re_greek_world,Greek World,400.0,philosopher,antiquity,Ancient Mediterranean
619,Q161853,Hero of Alexandria,re_greek_world,Greek World,10.0,physicist | mathematician,antiquity,Ancient Mediterranean
620,Q1175868,Menander of Ephesus,re_greek_world,Greek World,-299.0,historian,antiquity,Ancient Mediterranean
621,Q159905,Hipparchus,re_greek_world,Greek World,-189.0,geographer | astronomer | mathematician,antiquity,Ancient Mediterranean
622,Q2601910,Aristo of Pella,re_greek_world,Greek World,100.0,historian,antiquity,Ancient Mediterranean
623,Q131671,Xenophanes,re_greek_world,Greek World,-569.0,philosopher,antiquity,Ancient Mediterranean
624,Q1113270,Archedemus of Tarsus,re_greek_world,Greek World,-300.0,philosopher,antiquity,Ancient Mediterranean
625,Q236594,Sextus Empiricus,re_greek_world,Greek World,200.0,philosopher,antiquity,Ancient Mediterranean
626,Q471218,Callippus of Cyzicus,re_greek_world,Greek World,-369.0,astronomer | mathematician,antiquity,Ancient Mediterranean
627,Q2639498,Boethus of Sidon,re_greek_world,Greek World,-74.0,philosopher,antiquity,Ancient Mediterranean
628,Q320042,Antiochus of Ascalon,re_greek_world,Greek World,-123.0,philosopher,antiquity,Ancient Mediterranean
629,Q461007,Eubulides,re_greek_world,Greek World,-500.0,philosopher,antiquity,Ancient Mediterranean
630,Q436634,Cassius Longinus,re_greek_world,Greek World,213.0,philosopher,antiquity,Ancient Mediterranean
631,Q1383804,Heracleides of Cyme,re_greek_world,Greek World,-399.0,historian,antiquity,Ancient Mediterranean
632,Q248975,Herillus,re_greek_world,Greek World,-279.0,philosopher,antiquity,Ancient Mediterranean
633,Q447428,Cerinthus,re_greek_world,Greek World,100.0,theologian | philosopher,antiquity,Ancient Mediterranean
634,Q297776,Pedanius Dioscorides,re_greek_world,Greek World,40.0,botanist | pharmacologist,antiquity,Ancient Mediterranean
635,Q657941,Albinus,re_greek_world,Greek World,100.0,philosopher,antiquity,Ancient Mediterranean
636,Q973972,Sporus of Nicaea,re_greek_world,Greek World,240.0,astronomer | mathematician,antiquity,Ancient Mediterranean
637,Q370123,Apollodorus of Artemita,re_greek_world,Greek World,-129.0,historian,antiquity,Ancient Mediterranean
638,Q312548,Megasthenes,re_greek_world,Greek World,-350.0,historian | anthropologist,antiquity,Ancient Mediterranean
639,Q950303,Cratippus of Pergamon,re_greek_world,Greek World,-100.0,philosopher,antiquity,Ancient Mediterranean
640,Q450311,Alypius,re_greek_world,Greek World,350.0,musicologist,antiquity,Ancient Mediterranean
641,Q2695791,Abtolemus,re_greek_world,Greek World,101.0,theologian,antiquity,Ancient Mediterranean
642,Q3502838,Thallus,re_greek_world,Greek World,100.0,historian,antiquity,Ancient Mediterranean
643,Q1290567,Maximus I of Constantinople,re_greek_world,Greek World,350.0,philosopher,antiquity,Ancient Mediterranean
644,Q2696474,Apollinaris,re_greek_world,Greek World,400.0,philosopher,antiquity,Ancient Mediterranean
645,Q365017,Agathocles of Cyzicus,re_greek_world,Greek World,-299.0,historian,antiquity,Ancient Mediterranean
646,Q429744,Philinus of Agrigentum,re_greek_world,Greek World,-300.0,historian,antiquity,Ancient Mediterranean
647,Q34943,Ptolemy,re_greek_world,Greek World,100.0,philosopher | musicologist | astronomer | mathematician | geographer,antiquity,Ancient Mediterranean
648,Q310173,Ammonius Saccas,re_greek_world,Greek World,175.0,philosopher,antiquity,Ancient Mediterranean
649,Q2319055,Rhianus,re_greek_world,Greek World,-274.0,historian,antiquity,Ancient Mediterranean
650,Q718003,Possidius of Calama,re_latin,Latin World,370.0,historian,antiquity,Ancient Mediterranean
651,Q8018,Augustine of Hippo,re_latin,Latin World,354.0,theologian | musicologist | philosopher | historian,antiquity,Ancient Mediterranean
652,Q342416,Arnobius,re_latin,Latin World,255.0,philosopher,antiquity,Ancient Mediterranean
653,Q348408,Martianus Capella,re_latin,Latin World,360.0,musicologist | philosopher,antiquity,Ancient Mediterranean
654,Q261992,Optatus,re_latin,Latin World,400.0,theologian,antiquity,Ancient Mediterranean
655,Q315670,Juba II,re_latin,Latin World,-47.0,historian,antiquity,Ancient Mediterranean
656,Q170512,Apuleius,re_latin,Latin World,125.0,philosopher,antiquity,Ancient Mediterranean
0,Q316119,Gnaeus Pompeius Trogus,re_latin,Latin World,-100.0,historian,non_europe,Ancient Mediterranean
1,Q782074,Claudianus Mamertus,re_latin,Latin World,420.0,theologian | philosopher,non_europe,Ancient Mediterranean
2,Q182123,Irenaeus,re_latin,Latin World,130.0,theologian | philosopher,non_europe,Ancient Mediterranean
3,Q44344,Hilary of Poitiers,re_latin,Latin World,315.0,theologian | philosopher,non_europe,Ancient Mediterranean
4,Q1430,Marcus Aurelius,re_latin,Latin World,121.0,philosopher,non_europe,Ancient Mediterranean
5,Q313795,John Cassian,re_latin,Latin World,360.0,theologian,non_europe,Ancient Mediterranean
6,Q50082878,Jess Wade,re_latin,Latin World,2.0,physicist,non_europe,Ancient Mediterranean
7,Q723645,Victorius of Aquitaine,re_latin,Latin World,450.0,astronomer | mathematician,non_europe,Ancient Mediterranean
8,Q209102,Lactantius,re_latin,Latin World,250.0,philosopher | historian,non_europe,Ancient Mediterranean
9,Q2891791,Latinius Pacatus Drepanius,re_latin,Latin World,400.0,historian,non_europe,Ancient Mediterranean
10,Q2161,Tacitus,re_latin,Latin World,54.0,philosopher | historian,non_europe,Ancient Mediterranean
11,Q885870,Victorinus Junior,re_latin,Latin World,300.0,historian,non_europe,Ancient Mediterranean
12,Q239448,Pompeia Plotina,re_latin,Latin World,70.0,philosopher,non_europe,Ancient Mediterranean
13,Q532684,Salvian,re_latin,Latin World,400.0,theologian | historian,non_europe,Ancient Mediterranean
14,Q336704,Sulpicius Severus,re_latin,Latin World,360.0,historian,non_europe,Ancient Mediterranean
15,Q297515,Pomponius Mela,re_latin,Latin World,15.0,geographer | historian,non_europe,Ancient Mediterranean
16,Q188646,Lucan,re_latin,Latin World,39.0,historian,non_europe,Ancient Mediterranean
17,Q535060,Terentianus,re_latin,Latin World,150.0,linguist,non_europe,Ancient Mediterranean
18,Q10133,Suetonius,re_latin,Latin World,70.0,historian,non_europe,Ancient Mediterranean
19,Q109998607,Tommaso Massarini,re_latin,Latin World,18.0,historian,non_europe,Ancient Mediterranean
20,Q656891,Arulenus Rusticus,re_latin,Latin World,35.0,philosopher,non_europe,Ancient Mediterranean
21,Q207113,Hippolytus,re_latin,Latin World,170.0,theologian,non_europe,Ancient Mediterranean
22,Q755297,Athenaeus Mechanicus,re_latin,Latin World,-199.0,philosopher | mathematician,non_europe,Ancient Mediterranean
23,Q74243,Marcus Cluvius Rufus,re_latin,Latin World,50.0,historian,non_europe,Ancient Mediterranean
24,Q506540,Didymus Chalcenterus,re_latin,Latin World,-62.0,linguist,non_europe,Ancient Mediterranean
25,Q248733,Eusebius of Myndus,re_latin,Latin World,300.0,philosopher,non_europe,Ancient Mediterranean
26,Q311835,Pittacus of Mytilene,re_greek_world,Greek World,-650.0,philosopher,non_europe,Ancient Mediterranean
27,Q708247,Gaius Marius Victorinus,re_latin,Latin World,290.0,theologian | philosopher,non_europe,Ancient Mediterranean
28,Q134189,Plotinus,re_latin,Latin World,205.0,philosopher,non_europe,Ancient Mediterranean
29,Q594441,Publius Clodius Thrasea Paetus,re_latin,Latin World,100.0,philosopher,non_europe,Ancient Mediterranean
30,Q706319,Marinus of Tyre,re_latin,Latin World,100.0,geographer | mathematician,non_europe,Ancient Mediterranean
31,Q82778,Pliny the Elder,re_latin,Latin World,20.0,philosopher | historian | anatomist,non_europe,Ancient Mediterranean
32,Q298376,Gaius Julius Hyginus,re_latin,Latin World,-63.0,astronomer,non_europe,Ancient Mediterranean
33,Q447741,Lucius Calbenus Taurus,re_latin,Latin World,150.0,philosopher,non_europe,Ancient Mediterranean
34,Q758060,Atticus,re_latin,Latin World,150.0,philosopher,non_europe,Ancient Mediterranean
35,Q670317,Gaius Oppius,re_latin,Latin World,-100.0,historian,non_europe,Ancient Mediterranean
36,Q248969,Sopater of Apamea,re_latin,Latin World,242.0,philosopher,non_europe,Ancient Mediterranean
37,Q1164993,Marcus Junius Congus Gracchanus,re_latin,Latin World,-200.0,historian,non_europe,Ancient Mediterranean
38,Q1385296,Quintus Sextius,re_latin,Latin World,-50.0,philosopher,non_europe,Ancient Mediterranean
39,Q365835,Tyrannius Rufinus,re_latin,Latin World,345.0,theologian,non_europe,Ancient Mediterranean
40,Q3624758,Marcus Actorius Naso,re_latin,Latin World,-100.0,historian,non_europe,Ancient Mediterranean
41,Q1376509,Sulpicius Alexander,re_latin,Latin World,400.0,historian,non_europe,Ancient Mediterranean
42,Q174929,Tertullian,re_latin,Latin World,160.0,theologian | philosopher,non_europe,Ancient Mediterranean
43,Q210853,Justin,re_latin,Latin World,101.0,historian,non_europe,Ancient Mediterranean
44,Q1390986,Helvidius Priscus,re_latin,Latin World,50.0,philosopher,non_europe,Ancient Mediterranean
45,Q311733,Titus Pomponius Atticus,re_latin,Latin World,-109.0,philosopher,non_europe,Ancient Mediterranean
46,Q2312613,Flavius Lucius Dexter,re_latin,Latin World,400.0,historian,non_europe,Ancient Mediterranean
47,Q782401,Sallustius,re_latin,Latin World,400.0,philosopher,non_europe,Ancient Mediterranean
48,Q443278,Antonia Gordiana,re_latin,Latin World,201.0,historian,non_europe,Ancient Mediterranean
49,Q294800,Aulus Gellius,re_latin,Latin World,130.0,philosopher,non_europe,Ancient Mediterranean
50,Q44170,Ignatius of Antioch,re_latin,Latin World,35.0,theologian,non_europe,Ancient Mediterranean
51,Q2054,Seneca,re_latin,Latin World,-4.0,philosopher,non_europe,Ancient Mediterranean
52,Q1237555,Aulus Egnatius Priscillianus,re_latin,Latin World,135.0,philosopher,non_europe,Ancient Mediterranean
53,Q273671,Seneca the Elder,re_latin,Latin World,-53.0,philosopher | historian,non_europe,Ancient Mediterranean
54,Q947576,Valerius Antias,re_latin,Latin World,-200.0,historian,non_europe,Ancient Mediterranean
55,Q11923560,Gaius Fannius,re_latin,Latin World,100.0,historian,non_europe,Ancient Mediterranean
56,Q26204,Dionysius of Halicarnassus,re_latin,Latin World,-59.0,historian,non_europe,Ancient Mediterranean
57,Q741160,Lucius Ampelius,re_latin,Latin World,150.0,historian,non_europe,Ancient Mediterranean
58,Q290471,Moderatus of Gades,re_latin,Latin World,50.0,philosopher,non_europe,Ancient Mediterranean
59,Q223615,Flavius Caper,re_latin,Latin World,150.0,linguist,non_europe,Ancient Mediterranean
60,Q727792,Lucius Arruntius the Elder,re_latin,Latin World,-100.0,historian,non_europe,Ancient Mediterranean
61,Q106026,Arius,re_latin,Latin World,250.0,theologian,non_europe,Ancient Mediterranean
62,Q319273,Gaius Asinius Pollio,re_latin,Latin World,-74.0,historian,non_europe,Ancient Mediterranean
63,Q759760,Aufidius Bassus,re_latin,Latin World,-50.0,historian,non_europe,Ancient Mediterranean
64,Q966315,Virius Nicomachus Flavianus,re_latin,Latin World,400.0,historian,non_europe,Ancient Mediterranean
65,Q682860,Julius Obsequens,re_latin,Latin World,400.0,historian,non_europe,Ancient Mediterranean
66,Q669971,Trebellius Pollio,re_latin,Latin World,250.0,historian,non_europe,Ancient Mediterranean
67,Q252841,Seleucus,re_latin,Latin World,200.0,historian,non_europe,Ancient Mediterranean
68,Q1391069,Rabbi Ishmael,re_latin,Latin World,70.0,philosopher,non_europe,Ancient Mediterranean
69,Q897734,Lucius Lucceius,re_latin,Latin World,-105.0,historian,non_europe,Ancient Mediterranean
70,Q190240,Cyprian,re_latin,Latin World,200.0,philosopher,non_europe,Ancient Mediterranean
71,Q313782,Aelian,re_latin,Latin World,200.0,zoologist | historian,non_europe,Ancient Mediterranean
72,Q1271013,Adrian of Tyre,re_latin,Latin World,113.0,philosopher,non_europe,Ancient Mediterranean
73,Q1084333,Flavius Sallustius,re_latin,Latin World,350.0,philosopher,non_europe,Ancient Mediterranean
74,Q313924,Nicolaus of Damascus,re_latin,Latin World,-63.0,philosopher | historian,non_europe,Ancient Mediterranean
75,Q563283,Gaius Asinius Quadratus,re_latin,Latin World,200.0,historian,non_europe,Ancient Mediterranean
76,Q1541,Cicero,re_latin,Latin World,-106.0,philosopher,non_europe,Ancient Mediterranean
77,Q192931,Pausanias,re_latin,Latin World,115.0,geographer | historian,non_europe,Ancient Mediterranean
78,Q175042,Nigidius Figulus,re_latin,Latin World,-97.0,philosopher,non_europe,Ancient Mediterranean
79,Q335309,Aulus Claudius Charax,re_latin,Latin World,150.0,historian,non_europe,Ancient Mediterranean
80,Q12285191,Lucius Aemilius Juncus,re_latin,Latin World,100.0,philosopher,non_europe,Ancient Mediterranean
81,Q1025379,Caelestius,re_latin,Latin World,380.0,theologian,non_europe,Ancient Mediterranean
82,Q2335606,Pierius,re_latin,Latin World,201.0,philosopher,non_europe,Ancient Mediterranean
83,Q772773,Antonius Musa,re_latin,Latin World,-62.0,botanist,non_europe,Ancient Mediterranean
84,Q255448,Porcia,re_latin,Latin World,-100.0,philosopher,non_europe,Ancient Mediterranean
85,Q316098,Marcus Velleius Paterculus,re_latin,Latin World,-18.0,historian,non_europe,Ancient Mediterranean
86,Q451550,Philodemus,re_latin,Latin World,-109.0,philosopher,non_europe,Ancient Mediterranean
87,Q171241,Diodorus Siculus,re_latin,Latin World,-89.0,geographer | historian,non_europe,Ancient Mediterranean
88,Q1159625,Lucius Voltacilius Pitholaus,re_latin,Latin World,-100.0,historian,non_europe,Ancient Mediterranean
89,Q26825,Herodotos,re_greek_world,Greek World,-483.0,historian,non_europe,Ancient Mediterranean
90,Q444285,Asconius Pedianus,re_latin,Latin World,-8.0,historian,non_europe,Ancient Mediterranean
91,Q274091,Dionysius Exiguus,re_latin,Latin World,475.0,mathematician,non_europe,Ancient Mediterranean
92,Q222890,Novatian,re_latin,Latin World,220.0,theologian,non_europe,Ancient Mediterranean
93,Q391514,Julius Capitolinus,re_latin,Latin World,250.0,historian,non_europe,Ancient Mediterranean
94,Q15429187,Eumachus of Neapolis,re_latin,Latin World,-200.0,historian,non_europe,Ancient Mediterranean
95,Q450708,Gaius Asinius Gallus,re_latin,Latin World,-39.0,historian,non_europe,Ancient Mediterranean
96,Q934244,Pomponius Porphyrion,re_latin,Latin World,201.0,linguist,non_europe,Ancient Mediterranean
97,Q12093928,Gaius Clodius Licinus,re_latin,Latin World,-50.0,historian,non_europe,Ancient Mediterranean
98,Q47154,Lucretius,re_latin,Latin World,-93.0,philosopher,non_europe,Ancient Mediterranean
99,Q2036794,Timagenes,re_latin,Latin World,-100.0,historian,non_europe,Ancient Mediterranean
100,Q2857528,Antonius Castor,re_latin,Latin World,50.0,botanist,non_europe,Ancient Mediterranean
101,Q248624,Amelius,re_latin,Latin World,200.0,philosopher,non_europe,Ancient Mediterranean
102,Q441590,Eustathius of Cappadocia,re_latin,Latin World,300.0,philosopher,non_europe,Ancient Mediterranean
103,Q248578,Chrysanthius,re_latin,Latin World,310.0,philosopher,non_europe,Ancient Mediterranean
104,Q772677,Aulus Cremutius Cordus,re_latin,Latin World,-50.0,historian,non_europe,Ancient Mediterranean
105,Q185117,Justin Martyr,re_latin,Latin World,100.0,theologian | philosopher,non_europe,Ancient Mediterranean
106,Q11925501,Hermogenes of Carthago,re_latin,Latin World,150.0,theologian,non_europe,Ancient Mediterranean
107,Q561367,Lucius Aelius Stilo Praeconinus,re_latin,Latin World,-153.0,philosopher,non_europe,Ancient Mediterranean
108,Q354431,Aelius Aristides,re_latin,Latin World,117.0,philosopher,non_europe,Ancient Mediterranean
109,Q673402,Gaius Sulpicius Gallus,re_latin,Latin World,-208.0,astronomer,non_europe,Ancient Mediterranean
110,Q927711,Messius Phoebus Severus,re_latin,Latin World,450.0,philosopher,non_europe,Ancient Mediterranean
111,Q451572,Menelaus of Alexandria,re_latin,Latin World,70.0,astronomer | mathematician,non_europe,Ancient Mediterranean
112,Q192365,Cassiodorus,re_latin,Latin World,487.0,musicologist | philosopher | historian,non_europe,Ancient Mediterranean
113,Q134461,Josephus,re_latin,Latin World,37.0,historian,non_europe,Ancient Mediterranean
114,Q537755,Polyaenus,re_latin,Latin World,101.0,historian,non_europe,Ancient Mediterranean
115,Q316123,Silius Italicus,re_latin,Latin World,26.0,historian,non_europe,Ancient Mediterranean
116,Q1121669,Ticonius,re_latin,Latin World,370.0,theologian,non_europe,Ancient Mediterranean
117,Q515249,Caecilius of Calacte,re_latin,Latin World,-50.0,historian,non_europe,Ancient Mediterranean
118,Q554387,Favorinus,re_latin,Latin World,85.0,philosopher,non_europe,Ancient Mediterranean
119,Q1164905,Marius Plotius Sacerdos,re_latin,Latin World,200.0,linguist,non_europe,Ancient Mediterranean
120,Q735515,Aspasius,re_latin,Latin World,80.0,philosopher,non_europe,Ancient Mediterranean
121,Q765147,Januarius Nepotianus,re_latin,Latin World,300.0,historian,non_europe,Ancient Mediterranean
122,Q313056,Herodian,re_latin,Latin World,170.0,historian,non_europe,Ancient Mediterranean
123,Q349959,Quintus Dellius,re_latin,Latin World,-100.0,historian,non_europe,Ancient Mediterranean
124,Q1474972,Furius Dionysius Filocalus,re_latin,Latin World,400.0,historian,non_europe,Ancient Mediterranean
125,Q221465,Hydatius,re_latin,Latin World,400.0,historian,non_europe,Ancient Mediterranean
126,Q507036,Lucius Annaeus Cornutus,re_latin,Latin World,20.0,philosopher,non_europe,Ancient Mediterranean
127,Q833663,Herennius Senecio,re_latin,Latin World,50.0,philosopher | historian,non_europe,Ancient Mediterranean
128,Q109594,Cornelius Nepos,re_latin,Latin World,-99.0,historian,non_europe,Ancient Mediterranean
129,Q201346,Marcion of Sinope,re_latin,Latin World,85.0,theologian | philosopher,non_europe,Ancient Mediterranean
130,Q172198,Ammianus Marcellinus,re_latin,Latin World,330.0,historian,non_europe,Ancient Mediterranean
131,Q441138,Alexandros Polyhistor,re_latin,Latin World,-99.0,geographer,non_europe,Ancient Mediterranean
132,Q1242065,Quintus Baebius Macer,re_latin,Latin World,50.0,historian,non_europe,Ancient Mediterranean
133,Q446155,Cronius the Pythagorean,re_latin,Latin World,200.0,philosopher,non_europe,Ancient Mediterranean
134,Q748621,Victor of Vita,re_latin,Latin World,430.0,historian,non_europe,Ancient Mediterranean
135,Q546375,Publius Egnatius Celer,re_latin,Latin World,100.0,philosopher,non_europe,Ancient Mediterranean
136,Q18999,Junius Rusticus,re_latin,Latin World,100.0,philosopher,non_europe,Ancient Mediterranean
137,Q729244,Calcidius,re_latin,Latin World,350.0,philosopher,non_europe,Ancient Mediterranean
138,Q2868804,Lucius Ateius Praetextatus,re_latin,Latin World,-104.0,linguist,non_europe,Ancient Mediterranean
139,Q718213,Auxentius of Milan,re_latin,Latin World,301.0,theologian,non_europe,Ancient Mediterranean
140,Q1232970,Marcus Servilius Nonianus,re_latin,Latin World,-50.0,historian,non_europe,Ancient Mediterranean
141,Q1243321,Vulcacius Gallicanus,re_latin,Latin World,250.0,historian,non_europe,Ancient Mediterranean
142,Q16932930,Saint Sylvia of Aquitaine,re_latin,Latin World,330.0,historian,non_europe,Ancient Mediterranean
143,Q367422,Julius Firmicus Maternus,re_latin,Latin World,400.0,astronomer,non_europe,Ancient Mediterranean
144,Q365110,Philo of Larissa,re_latin,Latin World,-144.0,philosopher,non_europe,Ancient Mediterranean
145,Q6197,Horace,re_latin,Latin World,-64.0,philosopher,non_europe,Ancient Mediterranean
146,Q1965137,Marcus Favonius,re_latin,Latin World,-89.0,philosopher,non_europe,Ancient Mediterranean
147,Q180081,Cato the Elder,re_latin,Latin World,-233.0,economist,non_europe,Ancient Mediterranean
148,Q833542,Aelius Lampridius,re_latin,Latin World,400.0,historian,non_europe,Ancient Mediterranean
149,Q4807731,Aspasius of Ravenna,re_latin,Latin World,200.0,philosopher,non_europe,Ancient Mediterranean
150,Q1098323,Claudius Maximus,re_latin,Latin World,200.0,philosopher,non_europe,Ancient Mediterranean
151,Q2039,Titus Livius,re_latin,Latin World,-58.0,historian,non_europe,Ancient Mediterranean
152,Q379991,Valerius Maximus,re_latin,Latin World,-100.0,historian,non_europe,Ancient Mediterranean
153,Q3189849,Julius Exsuperantius,re_latin,Latin World,350.0,historian,non_europe,Ancient Mediterranean
154,Q975318,Granius Licinianus,re_latin,Latin World,101.0,historian,non_europe,Ancient Mediterranean
155,Q102851,Boethius,re_latin,Latin World,480.0,musicologist | philosopher | mathematician,non_europe,Ancient Mediterranean
156,Q3838837,Lucius Crassicius Pansa,re_latin,Latin World,-50.0,philosopher,non_europe,Ancient Mediterranean
157,Q185770,Posidonius,re_latin,Latin World,-134.0,philosopher | physicist | astronomer | mathematician | geographer | historian,non_europe,Ancient Mediterranean
158,Q1225062,Siro the Epicurean,re_latin,Latin World,-100.0,philosopher,non_europe,Ancient Mediterranean
159,Q965333,Theodorus of Asine,re_latin,Latin World,275.0,philosopher,non_europe,Ancient Mediterranean
160,Q995441,Fabius Rusticus,re_latin,Latin World,100.0,historian,non_europe,Ancient Mediterranean
161,Q454652,Prosper of Aquitaine,re_latin,Latin World,390.0,theologian | historian,non_europe,Ancient Mediterranean
162,Q11035375,Quintus Aelius Tubero,re_latin,Latin World,-162.0,philosopher,non_europe,Ancient Mediterranean
163,Q535137,Marius Maximus,re_latin,Latin World,165.0,historian,non_europe,Ancient Mediterranean
164,Q8778,Galen,re_latin,Latin World,200.0,anatomist,non_europe,Ancient Mediterranean
165,Q1114706,Romulus of Genoa,re_latin,Latin World,301.0,theologian,non_europe,Ancient Mediterranean
166,Q1232604,Julius Valerius Alexander Polemius,re_latin,Latin World,250.0,historian,non_europe,Ancient Mediterranean
167,Q6033021,Palladius of Ratiaria,re_latin,Latin World,301.0,theologian,non_europe,Ancient Mediterranean
168,Q315370,Celsus,re_latin,Latin World,200.0,philosopher,non_europe,Ancient Mediterranean
169,Q317055,Marcus Cornelius Fronto,re_latin,Latin World,100.0,philosopher,non_europe,Ancient Mediterranean
170,Q381874,Gaius Musonius Rufus,re_latin,Latin World,25.0,philosopher,non_europe,Ancient Mediterranean
171,Q1223467,Quintus Lucilius Balbus,re_latin,Latin World,0.0,philosopher,non_europe,Ancient Mediterranean
172,Q312410,Epicharmus of Kos,re_greek_world,Greek World,-523.0,philosopher | mathematician,non_europe,Ancient Mediterranean
173,Q1349817,Castor of Rhodes,re_latin,Latin World,100.0,historian,non_europe,Ancient Mediterranean
174,Q59138,Diogenes Laërtius,re_latin,Latin World,180.0,philosopher | historian,non_europe,Ancient Mediterranean
175,Q1411,Claudius,re_latin,Latin World,-9.0,historian,non_europe,Ancient Mediterranean
176,Q332785,Persius,re_latin,Latin World,34.0,philosopher,non_europe,Ancient Mediterranean
177,Q190368,Appian,re_latin,Latin World,95.0,historian,non_europe,Ancient Mediterranean
178,Q707449,Censorinus,re_latin,Latin World,250.0,musicologist,non_europe,Ancient Mediterranean
179,Q316483,Lucius Annaeus Florus,re_latin,Latin World,70.0,historian,non_europe,Ancient Mediterranean
180,Q1159576,Lucius Aelius Tubero,re_latin,Latin World,-150.0,philosopher | historian,non_europe,Ancient Mediterranean
181,Q1376539,Renatus Profuturus Frigeridus,re_latin,Latin World,400.0,historian,non_europe,Ancient Mediterranean
182,Q138724,Lucius Tarutius Firmanus,re_latin,Latin World,-100.0,astronomer | philosopher | mathematician,non_europe,Ancient Mediterranean
183,Q2994436,Consentius,re_latin,Latin World,400.0,linguist,non_europe,Ancient Mediterranean
184,Q2248247,Quintus Terentius Scaurus,re_latin,Latin World,201.0,linguist,non_europe,Ancient Mediterranean
185,Q10261,Pythagoras,re_greek_world,Greek World,-582.0,musicologist | philosopher | mathematician,non_europe,Ancient Mediterranean
186,Q311456,Orosius,re_latin,Latin World,385.0,theologian | historian,non_europe,Ancient Mediterranean
187,Q1133857,Cornelius Labeo,re_latin,Latin World,250.0,philosopher,non_europe,Ancient Mediterranean
188,Q772775,Polemon of Laodicea,re_latin,Latin World,90.0,philosopher,non_europe,Ancient Mediterranean
189,Q521520,Gaius Licinius Mucianus,re_latin,Latin World,100.0,historian,non_europe,Ancient Mediterranean
190,Q1237504,Plotius Crispinus,re_latin,Latin World,-50.0,philosopher,non_europe,Ancient Mediterranean
191,Q662582,Fenestella,re_latin,Latin World,-35.0,historian,non_europe,Ancient Mediterranean
192,Q206119,Marcus Terentius Varro,re_latin,Latin World,-115.0,musicologist | philosopher,non_europe,Ancient Mediterranean
193,Q532315,Athenodoros Cordylion,re_latin,Latin World,-50.0,philosopher,non_europe,Ancient Mediterranean
194,Q950770,Quintus Aelius Tubero,re_latin,Latin World,-73.0,historian,non_europe,Ancient Mediterranean
195,Q4298,Publius Flavius Vegetius Renatus,re_latin,Latin World,400.0,historian,non_europe,Ancient Mediterranean
196,Q1227766,Paeanius,re_latin,Latin World,400.0,historian,non_europe,Ancient Mediterranean
197,Q9200,Paul the Apostle,re_latin,Latin World,5.0,theologian,non_europe,Ancient Mediterranean
198,Q2123334,Quintus Aelius Tubero,re_latin,Latin World,-75.0,historian,non_europe,Ancient Mediterranean
199,Q761346,Servius Fabius Pictor,re_latin,Latin World,-189.0,historian,non_europe,Ancient Mediterranean
200,Q272087,Tatian,re_latin,Latin World,120.0,theologian | philosopher,non_europe,Ancient Mediterranean
201,Q1662957,Julian of Eclanum,re_latin,Latin World,386.0,philosopher,non_europe,Ancient Mediterranean
202,Q859652,Cerdo,re_latin,Latin World,200.0,theologian,non_europe,Ancient Mediterranean
203,Q11906126,Publius Anteius Antiochus,re_latin,Latin World,150.0,philosopher,non_europe,Ancient Mediterranean
204,Q47180,Petronius,re_latin,Latin World,27.0,philosopher,non_europe,Ancient Mediterranean
205,Q794615,Aetius,re_latin,Latin World,200.0,astronomer | philosopher,non_europe,Ancient Mediterranean
206,Q520487,Gaius Julius Solinus,re_latin,Latin World,400.0,geographer | historian,non_europe,Ancient Mediterranean
207,Q1230624,Aelius Spartianus,re_latin,Latin World,301.0,historian,non_europe,Ancient Mediterranean
208,Q43689,Ambrose,re_latin,Latin World,339.0,theologian | philosopher,non_europe,Ancient Mediterranean
209,Q905137,Didymus the Musician,re_latin,Latin World,-100.0,musicologist,non_europe,Ancient Mediterranean
210,Q203445,Porphyry,re_latin,Latin World,233.0,musicologist | philosopher | historian,non_europe,Ancient Mediterranean
211,Q8747,Euclid,re_greek_world,Greek World,-322.0,mathematician,non_europe,Ancient Mediterranean
212,Q1150145,Polemon of Athens,re_greek_world,Greek World,200.0,geographer | philosopher | historian,non_europe,Ancient Mediterranean
213,Q660170,Isidore of Alexandria,re_greek_world,Greek World,450.0,philosopher,non_europe,Ancient Mediterranean
214,Q248287,Peregrinus Proteus,re_greek_world,Greek World,95.0,philosopher,non_europe,Ancient Mediterranean
215,Q2369009,Apollodorus the Epicurean,re_greek_world,Greek World,-150.0,philosopher,non_europe,Ancient Mediterranean
216,Q185206,Priscian of Lydia,re_greek_world,Greek World,500.0,philosopher,non_europe,Ancient Mediterranean
217,Q1377100,Calippus of Syracuse,re_greek_world,Greek World,-350.0,philosopher,non_europe,Ancient Mediterranean
218,Q297420,Panaetius,re_greek_world,Greek World,-184.0,philosopher,non_europe,Ancient Mediterranean
219,Q1465879,Xeniades,re_greek_world,Greek World,-500.0,philosopher,non_europe,Ancient Mediterranean
220,Q359231,Bion of Borysthenes,re_greek_world,Greek World,-324.0,philosopher,non_europe,Ancient Mediterranean
221,Q228564,Aspasia,re_greek_world,Greek World,-469.0,philosopher,non_europe,Ancient Mediterranean
222,Q580565,Palaephatus,re_greek_world,Greek World,-400.0,historian,non_europe,Ancient Mediterranean
223,Q297402,Prodicus,re_greek_world,Greek World,-459.0,philosopher,non_europe,Ancient Mediterranean
224,Q179149,Antisthenes,re_greek_world,Greek World,-443.0,philosopher,non_europe,Ancient Mediterranean
225,Q555818,Philippus of Opus,re_greek_world,Greek World,-400.0,astronomer | philosopher | mathematician,non_europe,Ancient Mediterranean
226,Q2482150,Cleidemus,re_greek_world,Greek World,-350.0,historian,non_europe,Ancient Mediterranean
227,Q183144,Epictetus,re_greek_world,Greek World,50.0,philosopher,non_europe,Ancient Mediterranean
228,Q913,Socrates,re_greek_world,Greek World,-468.0,philosopher,non_europe,Ancient Mediterranean
229,Q5382897,Epigenes,re_greek_world,Greek World,-450.0,philosopher,non_europe,Ancient Mediterranean
230,Q928470,Simmias of Thebes,re_greek_world,Greek World,-500.0,philosopher | mathematician,non_europe,Ancient Mediterranean
231,Q108577191,Archilochus,re_greek_world,Greek World,-271.0,historian,non_europe,Ancient Mediterranean
232,Q983755,Praxagoras of Athens,re_greek_world,Greek World,400.0,historian,non_europe,Ancient Mediterranean
233,Q288467,Lastheneia of Mantinea,re_greek_world,Greek World,-350.0,philosopher,non_europe,Ancient Mediterranean
234,Q349916,Aristidis of Athens,re_greek_world,Greek World,150.0,philosopher,non_europe,Ancient Mediterranean
235,Q962486,Echecrates of Phlius,re_greek_world,Greek World,-499.0,philosopher,non_europe,Ancient Mediterranean
236,Q169243,Protagoras,re_greek_world,Greek World,-489.0,philosopher,non_europe,Ancient Mediterranean
237,Q366031,Anaxarchus,re_greek_world,Greek World,-379.0,philosopher,non_europe,Ancient Mediterranean
238,Q1236440,Bion of Abdera,re_greek_world,Greek World,-429.0,astronomer | mathematician,non_europe,Ancient Mediterranean
239,Q1230889,Mnaseas,re_greek_world,Greek World,-300.0,historian,non_europe,Ancient Mediterranean
240,Q221623,Heliodorus of Athens,re_greek_world,Greek World,-150.0,historian,non_europe,Ancient Mediterranean
241,Q662932,Persaeus,re_greek_world,Greek World,-305.0,philosopher,non_europe,Ancient Mediterranean
242,Q1047995,Antipater of Tyre,re_greek_world,Greek World,-50.0,philosopher,non_europe,Ancient Mediterranean
243,Q162163,Ion of Chios,re_greek_world,Greek World,-489.0,philosopher | historian | mathematician,non_europe,Ancient Mediterranean
244,Q177847,Lucian of Samosata,re_greek_world,Greek World,120.0,philosopher,non_europe,Ancient Mediterranean
245,Q271809,Proclus,re_greek_world,Greek World,412.0,philosopher | mathematician,non_europe,Ancient Mediterranean
246,Q363468,Dexippus,re_greek_world,Greek World,210.0,historian,non_europe,Ancient Mediterranean
247,Q548104,Julius Pollux,re_greek_world,Greek World,200.0,philosopher,non_europe,Ancient Mediterranean
248,Q514262,Androtion,re_greek_world,Greek World,-500.0,historian,non_europe,Ancient Mediterranean
249,Q1185510,Demetrius of Callatis,re_greek_world,Greek World,-299.0,historian,non_europe,Ancient Mediterranean
250,Q554535,Phaedrus,re_greek_world,Greek World,-443.0,philosopher,non_europe,Ancient Mediterranean
251,Q965086,Sotades,re_greek_world,Greek World,-400.0,philosopher,non_europe,Ancient Mediterranean
252,Q172248,Marcus Junius Brutus,re_greek_world,Greek World,-84.0,philosopher,non_europe,Ancient Mediterranean
253,Q667385,Aristos of Ascalon,re_greek_world,Greek World,-50.0,philosopher,non_europe,Ancient Mediterranean
254,Q462582,Pythias,re_greek_world,Greek World,-361.0,zoologist,non_europe,Ancient Mediterranean
255,Q859,Plato,re_greek_world,Greek World,-426.0,philosopher,non_europe,Ancient Mediterranean
256,Q41523,Plutarch,re_greek_world,Greek World,40.0,philosopher | historian,non_europe,Ancient Mediterranean
257,Q609147,Phylarchus,re_greek_world,Greek World,-254.0,historian,non_europe,Ancient Mediterranean
258,Q444595,Perictione,re_greek_world,Greek World,-500.0,philosopher,non_europe,Ancient Mediterranean
259,Q235494,Hipparchia of Maroneia,re_greek_world,Greek World,-349.0,philosopher,non_europe,Ancient Mediterranean
260,Q284994,Carneades,re_greek_world,Greek World,-212.0,philosopher,non_europe,Ancient Mediterranean
261,Q4355017,Diyllus,re_greek_world,Greek World,-300.0,historian,non_europe,Ancient Mediterranean
262,Q221497,Xenophilus,re_greek_world,Greek World,-400.0,musicologist | philosopher,non_europe,Ancient Mediterranean
263,Q41683,Thucydides,re_greek_world,Greek World,-460.0,historian,non_europe,Ancient Mediterranean
264,Q5264,Hippocrates,re_greek_world,Greek World,-459.0,philosopher,non_europe,Ancient Mediterranean
265,Q317331,Aratus of Sicyon,re_greek_world,Greek World,-270.0,historian,non_europe,Ancient Mediterranean
266,Q309772,Athenagoras of Athens,re_greek_world,Greek World,133.0,theologian | philosopher,non_europe,Ancient Mediterranean
267,Q3012616,Damastes of Sigeum,re_greek_world,Greek World,-500.0,geographer | historian,non_europe,Ancient Mediterranean
268,Q312682,Euclid of Megara,re_greek_world,Greek World,-436.0,philosopher,non_europe,Ancient Mediterranean
269,Q2661420,Dardanus of Athens,re_greek_world,Greek World,-159.0,philosopher,non_europe,Ancient Mediterranean
270,Q3060400,Euphantus,re_greek_world,Greek World,-320.0,philosopher | historian,non_europe,Ancient Mediterranean
271,Q1186462,Demon of Athens,re_greek_world,Greek World,-400.0,historian,non_europe,Ancient Mediterranean
272,Q920912,Theaetetus,re_greek_world,Greek World,-416.0,philosopher | mathematician,non_europe,Ancient Mediterranean
273,Q316353,Strato of Lampsacus,re_greek_world,Greek World,-334.0,philosopher | physicist,non_europe,Ancient Mediterranean
274,Q319406,Epimenides of Crete,re_greek_world,Greek World,-700.0,philosopher,non_europe,Ancient Mediterranean
275,Q712755,Crates of Athens,re_greek_world,Greek World,-400.0,philosopher,non_europe,Ancient Mediterranean
276,Q325955,Speusippus,re_greek_world,Greek World,-406.0,philosopher | mathematician,non_europe,Ancient Mediterranean
277,Q205704,Apollodorus of Athens,re_greek_world,Greek World,-179.0,historian,non_europe,Ancient Mediterranean
278,Q12960188,Theodotus,re_greek_world,Greek World,150.0,theologian,non_europe,Ancient Mediterranean
279,Q553856,Polemon,re_greek_world,Greek World,-400.0,philosopher,non_europe,Ancient Mediterranean
280,Q160362,Theophrastus,re_greek_world,Greek World,-370.0,botanist | philosopher | physicist,non_europe,Ancient Mediterranean
281,Q868,Aristotle,re_greek_world,Greek World,-383.0,philosopher,non_europe,Ancient Mediterranean
282,Q542808,Hermarchus,re_greek_world,Greek World,-324.0,philosopher,non_europe,Ancient Mediterranean
283,Q1287486,Metrocles,re_greek_world,Greek World,-400.0,philosopher,non_europe,Ancient Mediterranean
284,Q633023,Archiadas,re_greek_world,Greek World,500.0,philosopher,non_europe,Ancient Mediterranean
285,Q73527,Arcesilaus,re_greek_world,Greek World,-314.0,philosopher,non_europe,Ancient Mediterranean
286,Q42887,Clement I,re_greek_world,Greek World,100.0,theologian,non_europe,Ancient Mediterranean
287,Q343607,Archelaus,re_greek_world,Greek World,-500.0,philosopher,non_europe,Ancient Mediterranean
288,Q4791018,Aristodemus of Cydathenaeum,re_greek_world,Greek World,-450.0,philosopher,non_europe,Ancient Mediterranean
289,Q2346245,Stesimbrotos of Thasos,re_greek_world,Greek World,-469.0,historian,non_europe,Ancient Mediterranean
290,Q1057347,Hegesander,re_greek_world,Greek World,-150.0,historian,non_europe,Ancient Mediterranean
291,Q433852,Ephippus of Olynthus,re_greek_world,Greek World,-400.0,historian,non_europe,Ancient Mediterranean
292,Q316334,Heraclides Ponticus,re_greek_world,Greek World,-384.0,astronomer | philosopher,non_europe,Ancient Mediterranean
293,Q2927235,Bryson of Achaea,re_greek_world,Greek World,-450.0,philosopher,non_europe,Ancient Mediterranean
294,Q434021,Timycha,re_greek_world,Greek World,-400.0,philosopher,non_europe,Ancient Mediterranean
295,Q1747004,Timon of Athens,re_greek_world,Greek World,-500.0,philosopher,non_europe,Ancient Mediterranean
296,Q294092,Critias,re_greek_world,Greek World,-459.0,philosopher,non_europe,Ancient Mediterranean
297,Q1586059,Harpocration of Argos,re_greek_world,Greek World,200.0,philosopher,non_europe,Ancient Mediterranean
298,Q317947,Crates of Thebes,re_greek_world,Greek World,-364.0,philosopher,non_europe,Ancient Mediterranean
299,Q2367894,Teles of Megara,re_greek_world,Greek World,-250.0,philosopher,non_europe,Ancient Mediterranean
300,Q744125,Chaerephon,re_greek_world,Greek World,-401.0,philosopher,non_europe,Ancient Mediterranean
301,Q4721014,Alexandrides of Delphi,re_greek_world,Greek World,-300.0,historian,non_europe,Ancient Mediterranean
302,Q409647,Aeschines of Sphettus,re_greek_world,Greek World,-429.0,philosopher,non_europe,Ancient Mediterranean
303,Q2217419,Nicomachus,re_greek_world,Greek World,-301.0,philosopher,non_europe,Ancient Mediterranean
304,Q218451,Zoilus,re_greek_world,Greek World,-399.0,philosopher | historian,non_europe,Ancient Mediterranean
305,Q320132,Nearchus,re_greek_world,Greek World,-355.0,historian,non_europe,Ancient Mediterranean
306,Q129772,Xenophon,re_greek_world,Greek World,-429.0,philosopher | historian,non_europe,Ancient Mediterranean
307,Q965144,Cebes,re_greek_world,Greek World,-500.0,philosopher | mathematician,non_europe,Ancient Mediterranean
308,Q504744,Hellanicus of Mytilene,re_greek_world,Greek World,-489.0,historian,non_europe,Ancient Mediterranean
309,Q544987,Aristobulus of Cassandreia,re_greek_world,Greek World,-374.0,historian,non_europe,Ancient Mediterranean
310,Q223383,Mnesarchus of Athens,re_greek_world,Greek World,-159.0,philosopher,non_europe,Ancient Mediterranean
311,Q452077,Menippus,re_greek_world,Greek World,-299.0,philosopher,non_europe,Ancient Mediterranean
312,Q328793,Periander,re_greek_world,Greek World,-700.0,philosopher,non_europe,Ancient Mediterranean
313,Q34601,Chilon of Sparta,re_greek_world,Greek World,-599.0,philosopher,non_europe,Ancient Mediterranean
314,Q1128200,Lasus of Hermione,re_greek_world,Greek World,-548.0,musicologist,non_europe,Ancient Mediterranean
315,Q210573,Hippias,re_greek_world,Greek World,-442.0,astronomer | philosopher | mathematician,non_europe,Ancient Mediterranean
316,Q15091905,Deceneo,re_greek_world,Greek World,-100.0,astronomer | philosopher,non_europe,Ancient Mediterranean
317,Q381048,Stilpo,re_greek_world,Greek World,-358.0,philosopher,non_europe,Ancient Mediterranean
318,Q31845,Arrian,re_greek_world,Greek World,95.0,philosopher | historian,non_europe,Ancient Mediterranean
319,Q473381,Ammonius of Athens,re_greek_world,Greek World,50.0,philosopher,non_europe,Ancient Mediterranean
320,Q133337,Solon,re_greek_world,Greek World,-637.0,philosopher,non_europe,Ancient Mediterranean
321,Q311879,Herodes Atticus,re_greek_world,Greek World,102.0,philosopher,non_europe,Ancient Mediterranean
322,Q171303,Zeno of Citium,re_greek_world,Greek World,-333.0,philosopher,non_europe,Ancient Mediterranean
323,Q380190,Phaedo of Elis,re_greek_world,Greek World,-401.0,philosopher,non_europe,Ancient Mediterranean
324,Q191964,Diogenes of Apollonia,re_greek_world,Greek World,-459.0,philosopher,non_europe,Ancient Mediterranean
325,Q964738,Peter the Patrician,re_greek_world,Greek World,500.0,historian,non_europe,Ancient Mediterranean
326,Q266299,Philochorus,re_greek_world,Greek World,-339.0,historian,non_europe,Ancient Mediterranean
327,Q435274,Hieronymus of Cardia,re_greek_world,Greek World,-353.0,historian,non_europe,Ancient Mediterranean
328,Q41980,Democritus,re_greek_world,Greek World,-460.0,philosopher | mathematician,non_europe,Ancient Mediterranean
329,Q949530,Demonax,re_greek_world,Greek World,200.0,philosopher,non_europe,Ancient Mediterranean
330,Q537304,Ploutarchos of Athens,re_greek_world,Greek World,350.0,philosopher,non_europe,Ancient Mediterranean
331,Q1336424,Hermogenes,re_greek_world,Greek World,-500.0,philosopher,non_europe,Ancient Mediterranean
332,Q192313,Pyrrho,re_greek_world,Greek World,-360.0,philosopher,non_europe,Ancient Mediterranean
333,Q82793,Callisthenes,re_greek_world,Greek World,-359.0,historian,non_europe,Ancient Mediterranean
334,Q469199,Victorinus of Pettau,re_latin,Latin World,250.0,theologian | philosopher,non_europe,Ancient Mediterranean
335,Q1367611,Socrates the Younger,re_greek_world,Greek World,-420.0,philosopher,non_europe,Ancient Mediterranean
336,Q353580,Adeimantus of Collytus,re_greek_world,Greek World,-431.0,philosopher,non_europe,Ancient Mediterranean
337,Q11916247,Ctesibius of Chalcis,re_greek_world,Greek World,-400.0,philosopher,non_europe,Ancient Mediterranean
338,Q43216,Epicurus,re_greek_world,Greek World,-341.0,philosopher,non_europe,Ancient Mediterranean
339,Q978418,Marsyas of Pella,re_greek_world,Greek World,-400.0,historian,non_europe,Ancient Mediterranean
340,Q353264,Diagoras of Melos,re_greek_world,Greek World,-450.0,philosopher,non_europe,Ancient Mediterranean
341,Q2274948,Philostratus,re_greek_world,Greek World,170.0,philosopher,non_europe,Ancient Mediterranean
342,Q1227107,Diotima of Mantinea,re_greek_world,Greek World,-450.0,philosopher,non_europe,Ancient Mediterranean
343,Q43423,Aesop,re_greek_world,Greek World,-619.0,philosopher,non_europe,Ancient Mediterranean
344,Q211411,Chrysippus of Soli,re_greek_world,Greek World,-280.0,philosopher | mathematician,non_europe,Ancient Mediterranean
345,Q586050,Asclepigenia,re_greek_world,Greek World,400.0,philosopher,non_europe,Ancient Mediterranean
346,Q646951,Ariston of Chios,re_greek_world,Greek World,-299.0,philosopher,non_europe,Ancient Mediterranean
347,Q668009,Aristotelis the Dialectician,re_greek_world,Greek World,-300.0,philosopher,non_europe,Ancient Mediterranean
348,Q214121,Xenocrates,re_greek_world,Greek World,-395.0,philosopher | mathematician,non_europe,Ancient Mediterranean
349,Q1279413,Cercidas,re_greek_world,Greek World,-300.0,philosopher,non_europe,Ancient Mediterranean
350,Q1364945,Glaucon,re_greek_world,Greek World,-444.0,philosopher,non_europe,Ancient Mediterranean
351,Q189759,Zeno of Sidon,re_greek_world,Greek World,-149.0,philosopher | mathematician,non_europe,Ancient Mediterranean
352,Q280872,Timon of Phlius,re_greek_world,Greek World,-319.0,philosopher,non_europe,Ancient Mediterranean
353,Q905827,Diodorus of Tyre,re_greek_world,Greek World,-150.0,philosopher,non_europe,Ancient Mediterranean
354,Q1372239,Eudemus of Cyprus,re_greek_world,Greek World,-400.0,philosopher,non_europe,Ancient Mediterranean
355,Q2861408,Aristion,re_greek_world,Greek World,-150.0,philosopher,non_europe,Ancient Mediterranean
356,Q3630471,Autocrates,re_greek_world,Greek World,-250.0,historian,non_europe,Ancient Mediterranean
357,Q1073837,Critolaus,re_greek_world,Greek World,-199.0,philosopher,non_europe,Ancient Mediterranean
358,Q15078686,Antiphon,re_greek_world,Greek World,-500.0,philosopher | mathematician,non_europe,Ancient Mediterranean
359,Q466951,Clitomachus,re_greek_world,Greek World,-186.0,philosopher,non_europe,Ancient Mediterranean
360,Q261909,Meton of Athens,re_greek_world,Greek World,-500.0,astronomer | mathematician,non_europe,Ancient Mediterranean
361,Q310149,Cleanthes,re_greek_world,Greek World,-329.0,philosopher,non_europe,Ancient Mediterranean
362,Q125247,Cratylus,re_greek_world,Greek World,-500.0,philosopher,non_europe,Ancient Mediterranean
363,Q2346819,Damon of Athens,re_greek_world,Greek World,-450.0,musicologist | philosopher,non_europe,Ancient Mediterranean
364,Q934471,Criton,re_greek_world,Greek World,-468.0,philosopher,non_europe,Ancient Mediterranean
365,Q1763617,Nicarete of Megara,re_greek_world,Greek World,-400.0,philosopher,non_europe,Ancient Mediterranean
366,Q4780369,Apollodorus of Phaleron,re_greek_world,Greek World,-420.0,philosopher,non_europe,Ancient Mediterranean
367,Q131169,Polybius,re_greek_world,Greek World,-199.0,historian,non_europe,Ancient Mediterranean
368,Q780234,Priscus of Epirus,re_greek_world,Greek World,305.0,philosopher,non_europe,Ancient Mediterranean
369,Q2759424,Anticlides,re_greek_world,Greek World,-300.0,historian,non_europe,Ancient Mediterranean
370,Q59180,Diogenes of Sinope,re_greek_world,Greek World,-399.0,philosopher,non_europe,Ancient Mediterranean
371,Q2087377,Asclepiades of Phlius,re_greek_world,Greek World,-349.0,philosopher,non_europe,Ancient Mediterranean
372,Q298071,Hippodamus of Miletus,re_greek_world,Greek World,-497.0,mathematician,non_europe,Ancient Mediterranean
373,Q18819268,Mnesarchus of Croton,re_greek_world,Greek World,-450.0,philosopher,non_europe,Ancient Mediterranean
374,Q298860,Hippasus,re_greek_world,Greek World,-600.0,musicologist | philosopher | mathematician,non_europe,Ancient Mediterranean
375,Q716416,Hippon,re_greek_world,Greek World,-500.0,philosopher,non_europe,Ancient Mediterranean
376,Q162593,Pelagius,re_greek_world,Greek World,360.0,theologian | philosopher,non_europe,Ancient Mediterranean
377,Q11920485,Escílax d'Halicarnàs,re_greek_world,Greek World,-150.0,astronomer,non_europe,Ancient Mediterranean
378,Q928092,Peter the Iberian,re_greek_world,Greek World,411.0,philosopher,non_europe,Ancient Mediterranean
379,Q4684706,Adrastus of Cyzicus,re_greek_world,Greek World,-500.0,astronomer,non_europe,Ancient Mediterranean
380,Q581732,Antipater of Tarsus,re_greek_world,Greek World,-300.0,philosopher,non_europe,Ancient Mediterranean
381,Q291952,Sosipatra,re_greek_world,Greek World,400.0,philosopher,non_europe,Ancient Mediterranean
382,Q314467,Aenesidemus,re_greek_world,Greek World,-79.0,philosopher,non_europe,Ancient Mediterranean
383,Q200608,Ephrem the Syrian,re_greek_world,Greek World,306.0,theologian,non_europe,Ancient Mediterranean
384,Q31278,Cleomedes,re_greek_world,Greek World,1.0,astronomer | mathematician,non_europe,Ancient Mediterranean
385,Q486945,Sotion,re_greek_world,Greek World,-100.0,philosopher,non_europe,Ancient Mediterranean
386,Q16658175,Zosimus of Ascalona,re_greek_world,Greek World,450.0,historian,non_europe,Ancient Mediterranean
387,Q472620,Artemidorus of Ephesus,re_greek_world,Greek World,-150.0,geographer,non_europe,Ancient Mediterranean
388,Q510719,Eutocius of Ascalon,re_greek_world,Greek World,480.0,philosopher | mathematician,non_europe,Ancient Mediterranean
389,Q352621,Dicaearchus,re_greek_world,Greek World,-349.0,geographer | philosopher | historian | mathematician,non_europe,Ancient Mediterranean
390,Q168261,Ptolemy I Soter,re_greek_world,Greek World,-365.0,historian,non_europe,Ancient Mediterranean
391,Q2470320,Apollonius of Ephesus,re_greek_world,Greek World,201.0,theologian,non_europe,Ancient Mediterranean
392,Q921532,Dorotheus of Sidon,re_greek_world,Greek World,50.0,astronomer,non_europe,Ancient Mediterranean
393,Q437869,Evagrius Ponticus,re_greek_world,Greek World,345.0,theologian,non_europe,Ancient Mediterranean
394,Q178217,Diofantos,re_greek_world,Greek World,201.0,mathematician,non_europe,Ancient Mediterranean
395,Q24068760,Aristobulus of Paneas,re_greek_world,Greek World,-150.0,philosopher,non_europe,Ancient Mediterranean
396,Q451566,Menaechmus,re_greek_world,Greek World,-379.0,astronomer | mathematician,non_europe,Ancient Mediterranean
397,Q18626710,Julian,re_greek_world,Greek World,400.0,theologian,non_europe,Ancient Mediterranean
398,Q211783,Pappus of Alexandria,re_greek_world,Greek World,290.0,astronomer | mathematician,non_europe,Ancient Mediterranean
399,Q712572,Philistus,re_greek_world,Greek World,-424.0,historian,non_europe,Ancient Mediterranean
400,Q2285961,Silenus Calatinus,re_greek_world,Greek World,-300.0,historian,non_europe,Ancient Mediterranean
401,Q310028,Isidore of Miletus,re_greek_world,Greek World,442.0,physicist | mathematician,non_europe,Ancient Mediterranean
402,Q242270,Hecataeus of Miletus,re_greek_world,Greek World,-600.0,geographer | historian,non_europe,Ancient Mediterranean
403,Q3991387,Timagoras of Gela,re_greek_world,Greek World,-350.0,philosopher,non_europe,Ancient Mediterranean
404,Q580661,Antiochus of Syracuse,re_greek_world,Greek World,-450.0,historian,non_europe,Ancient Mediterranean
405,Q434773,Crantor,re_greek_world,Greek World,-343.0,philosopher,non_europe,Ancient Mediterranean
406,Q80612,Anaximenes of Miletus,re_greek_world,Greek World,-584.0,astronomer | philosopher | mathematician,non_europe,Ancient Mediterranean
407,Q433919,Phintys,re_greek_world,Greek World,-400.0,philosopher,non_europe,Ancient Mediterranean
408,Q581833,Marinus of Neapolis,re_greek_world,Greek World,440.0,astronomer | philosopher,non_europe,Ancient Mediterranean
409,Q313018,Aristophanes of Byzantium,re_greek_world,Greek World,-256.0,linguist,non_europe,Ancient Mediterranean
410,Q1354573,Lycus of Rhegium,re_greek_world,Greek World,-350.0,historian,non_europe,Ancient Mediterranean
411,Q355664,Theodore of Mopsuestia,re_greek_world,Greek World,350.0,theologian,non_europe,Ancient Mediterranean
412,Q311731,Priscus,re_greek_world,Greek World,410.0,philosopher | historian,non_europe,Ancient Mediterranean
413,Q310916,Iamblichus,re_greek_world,Greek World,245.0,philosopher,non_europe,Ancient Mediterranean
414,Q59137,Diogenes of Oenoanda,re_greek_world,Greek World,200.0,philosopher,non_europe,Ancient Mediterranean
415,Q714841,Eustathius of Epiphania,re_greek_world,Greek World,401.0,historian,non_europe,Ancient Mediterranean
416,Q721022,Malchus,re_greek_world,Greek World,450.0,historian,non_europe,Ancient Mediterranean
417,Q44011,Gregory of Nazianzus,re_greek_world,Greek World,330.0,theologian | philosopher,non_europe,Ancient Mediterranean
418,Q372798,Polus,re_greek_world,Greek World,-500.0,philosopher,non_europe,Ancient Mediterranean
419,Q297040,Apollonius of Tyana,re_greek_world,Greek World,15.0,philosopher | mathematician,non_europe,Ancient Mediterranean
420,Q391202,Agathangelos,re_greek_world,Greek World,500.0,historian,non_europe,Ancient Mediterranean
421,Q317029,Theodoret,re_greek_world,Greek World,393.0,historian,non_europe,Ancient Mediterranean
422,Q4024777,Zopyrus of Tarentum,re_greek_world,Greek World,-350.0,philosopher,non_europe,Ancient Mediterranean
423,Q43182,Eratosthenes,re_greek_world,Greek World,-275.0,musicologist | astronomer | mathematician | geographer | historian,non_europe,Ancient Mediterranean
424,Q645774,Bolus of Mendes,re_greek_world,Greek World,-300.0,botanist | philosopher,non_europe,Ancient Mediterranean
425,Q2637222,Aesara,re_greek_world,Greek World,-400.0,philosopher,non_europe,Ancient Mediterranean
426,Q3731014,Heracleides of Magnesia,re_greek_world,Greek World,-50.0,historian,non_europe,Ancient Mediterranean
427,Q3620711,Apollonides of Smyrna,re_greek_world,Greek World,-150.0,philosopher,non_europe,Ancient Mediterranean
428,Q356433,Priscian,re_greek_world,Greek World,500.0,philosopher,non_europe,Ancient Mediterranean
429,Q1389145,John the Lydian,re_greek_world,Greek World,490.0,historian,non_europe,Ancient Mediterranean
430,Q2705204,Evander,re_greek_world,Greek World,-201.0,philosopher,non_europe,Ancient Mediterranean
431,Q235426,Theano,re_greek_world,Greek World,-600.0,astronomer | philosopher | mathematician,non_europe,Ancient Mediterranean
432,Q354342,Bardaisan,re_greek_world,Greek World,154.0,philosopher,non_europe,Ancient Mediterranean
433,Q1270333,Praxeas,re_greek_world,Greek World,200.0,theologian,non_europe,Ancient Mediterranean
434,Q463564,Xenophon of Ephesus,re_greek_world,Greek World,101.0,philosopher,non_europe,Ancient Mediterranean
435,Q192371,Polycarp,re_greek_world,Greek World,69.0,theologian,non_europe,Ancient Mediterranean
436,Q1295215,Satyrus the Peripatetic,re_greek_world,Greek World,-300.0,philosopher | historian,non_europe,Ancient Mediterranean
437,Q1616998,Neanthes of Cyzicus,re_greek_world,Greek World,-250.0,historian,non_europe,Ancient Mediterranean
438,Q1148501,Diophanes of Nicaea,re_greek_world,Greek World,-100.0,botanist,non_europe,Ancient Mediterranean
439,Q180671,Aratus,re_greek_world,Greek World,-314.0,astronomer,non_europe,Ancient Mediterranean
440,Q1189157,Nausiphanes,re_greek_world,Greek World,-400.0,philosopher,non_europe,Ancient Mediterranean
441,Q1496242,Callinicus,re_greek_world,Greek World,300.0,historian,non_europe,Ancient Mediterranean
442,Q180109,Apollonius of Perga,re_greek_world,Greek World,-261.0,astronomer | mathematician,non_europe,Ancient Mediterranean
443,Q335156,Aristoxenus,re_greek_world,Greek World,-359.0,musicologist | philosopher | mathematician,non_europe,Ancient Mediterranean
444,Q1047689,Menodotus of Nicomedia,re_greek_world,Greek World,100.0,philosopher,non_europe,Ancient Mediterranean
445,Q3381179,Philon of Gadara,re_greek_world,Greek World,100.0,mathematician,non_europe,Ancient Mediterranean
446,Q287423,Epigenes of Byzantium,re_greek_world,Greek World,-150.0,astronomer | mathematician,non_europe,Ancient Mediterranean
447,Q317146,Alexandros of Aphrodisias,re_greek_world,Greek World,200.0,philosopher,non_europe,Ancient Mediterranean
448,Q275606,Aurelius Victor,re_greek_world,Greek World,320.0,historian,non_europe,Ancient Mediterranean
449,Q451390,Autolycus of Pitane,re_greek_world,Greek World,-359.0,astronomer | mathematician,non_europe,Ancient Mediterranean
450,Q83375,Empedocles,re_greek_world,Greek World,-489.0,philosopher,non_europe,Ancient Mediterranean
451,Q441448,Carpocrates,re_greek_world,Greek World,100.0,philosopher,non_europe,Ancient Mediterranean
452,Q312491,John Malalas,re_greek_world,Greek World,491.0,historian,non_europe,Ancient Mediterranean
453,Q248793,Maximus of Ephesus,re_greek_world,Greek World,310.0,philosopher,non_europe,Ancient Mediterranean
454,Q404023,Aedesius,re_greek_world,Greek World,280.0,philosopher,non_europe,Ancient Mediterranean
455,Q316867,Sosigenes of Alexandria,re_greek_world,Greek World,-100.0,astronomer | philosopher | mathematician,non_europe,Ancient Mediterranean
456,Q506553,Olympiodorus of Thebes,re_greek_world,Greek World,380.0,philosopher | historian,non_europe,Ancient Mediterranean
457,Q550477,Timocharis,re_greek_world,Greek World,-319.0,astronomer,non_europe,Ancient Mediterranean
458,Q346567,Callixenus of Rhodes,re_greek_world,Greek World,-199.0,historian,non_europe,Ancient Mediterranean
459,Q385213,Prohaeresius,re_greek_world,Greek World,276.0,philosopher,non_europe,Ancient Mediterranean
460,Q2047944,Palladius of Galatia,re_greek_world,Greek World,363.0,historian,non_europe,Ancient Mediterranean
461,Q334457,Dio Chrysostom,re_greek_world,Greek World,40.0,philosopher,non_europe,Ancient Mediterranean
462,Q51885,Thecla,re_greek_world,Greek World,100.0,theologian,non_europe,Ancient Mediterranean
463,Q3044500,Demetrius of Scepsis,re_greek_world,Greek World,-204.0,philosopher | historian,non_europe,Ancient Mediterranean
464,Q363818,Nicander,re_greek_world,Greek World,-249.0,historian,non_europe,Ancient Mediterranean
465,Q2524557,Anatolius of Laodicea,re_greek_world,Greek World,250.0,philosopher | mathematician,non_europe,Ancient Mediterranean
466,Q1373037,Syrianus,re_greek_world,Greek World,500.0,philosopher,non_europe,Ancient Mediterranean
467,Q3347025,Neleus of Scepsis,re_greek_world,Greek World,-350.0,philosopher,non_europe,Ancient Mediterranean
468,Q459774,Ambrose of Alexandria,re_greek_world,Greek World,200.0,theologian,non_europe,Ancient Mediterranean
469,Q1747749,Tiberius Claudius Aristocles,re_greek_world,Greek World,100.0,philosopher,non_europe,Ancient Mediterranean
470,Q201867,Cleitarchus,re_greek_world,Greek World,-400.0,historian,non_europe,Ancient Mediterranean
471,Q125551,Parmenides,re_greek_world,Greek World,-514.0,philosopher,non_europe,Ancient Mediterranean
472,Q3624868,Asclepiades,re_greek_world,Greek World,-150.0,historian,non_europe,Ancient Mediterranean
473,Q444459,Alcidamas,re_greek_world,Greek World,-450.0,philosopher,non_europe,Ancient Mediterranean
474,Q4441106,Aphthonius of Antioch,re_greek_world,Greek World,300.0,philosopher,non_europe,Ancient Mediterranean
475,Q44024,Athanasios of Alexandria,re_greek_world,Greek World,296.0,theologian,non_europe,Ancient Mediterranean
476,Q3413787,Archelaus,re_greek_world,Greek World,300.0,theologian,non_europe,Ancient Mediterranean
477,Q705950,Theon of Smyrna,re_greek_world,Greek World,70.0,philosopher | musicologist | astronomer | mathematician,non_europe,Ancient Mediterranean
478,Q380089,Fulgentius of Ruspe,re_greek_world,Greek World,468.0,theologian,non_europe,Ancient Mediterranean
479,Q2861395,Aristodemus of Nysa,re_greek_world,Greek World,-200.0,philosopher | historian,non_europe,Ancient Mediterranean
480,Q447451,Sabellius,re_greek_world,Greek World,200.0,theologian,non_europe,Ancient Mediterranean
481,Q973954,Philoxenus of Mabbug,re_greek_world,Greek World,440.0,theologian,non_europe,Ancient Mediterranean
482,Q433332,Mara Bar-Serapion,re_greek_world,Greek World,50.0,philosopher,non_europe,Ancient Mediterranean
483,Q1613489,Hermias,re_greek_world,Greek World,401.0,philosopher,non_europe,Ancient Mediterranean
484,Q186153,Procopius,re_greek_world,Greek World,500.0,historian,non_europe,Ancient Mediterranean
485,Q188232,Didymus the Blind,re_greek_world,Greek World,313.0,theologian,non_europe,Ancient Mediterranean
486,Q1266186,Theodosius of Bithynia,re_greek_world,Greek World,-159.0,astronomer | mathematician,non_europe,Ancient Mediterranean
487,Q2696027,Alexander of Damascus,re_greek_world,Greek World,200.0,philosopher,non_europe,Ancient Mediterranean
488,Q3714438,Dositheus,re_greek_world,Greek World,-250.0,astronomer | mathematician,non_europe,Ancient Mediterranean
489,Q18639389,Abrotelia,re_greek_world,Greek World,-500.0,philosopher,non_europe,Ancient Mediterranean
490,Q1531412,Harkhebi,re_greek_world,Greek World,-301.0,astronomer,non_europe,Ancient Mediterranean
491,Q185223,Cassius Dio,re_greek_world,Greek World,150.0,historian,non_europe,Ancient Mediterranean
492,Q2695834,Agathobulus,re_greek_world,Greek World,100.0,philosopher,non_europe,Ancient Mediterranean
493,Q16529474,Astone,re_greek_world,Greek World,-550.0,philosopher,non_europe,Ancient Mediterranean
494,Q503075,Crates of Mallus,re_greek_world,Greek World,-200.0,philosopher,non_europe,Ancient Mediterranean
495,Q8739,Archimedes,re_greek_world,Greek World,-286.0,astronomer | philosopher | physicist | mathematician,non_europe,Ancient Mediterranean
496,Q63456919,Pandrosion,re_greek_world,Greek World,400.0,mathematician,non_europe,Ancient Mediterranean
497,Q317014,Sextus Julius Africanus,re_greek_world,Greek World,160.0,philosopher | historian,non_europe,Ancient Mediterranean
498,Q170472,Origen,re_greek_world,Greek World,185.0,theologian | philosopher,non_europe,Ancient Mediterranean
499,Q1051470,Vettius Valens,re_greek_world,Greek World,120.0,astronomer,non_europe,Ancient Mediterranean
500,Q515542,Agathemerus,re_greek_world,Greek World,250.0,geographer,non_europe,Ancient Mediterranean
501,Q504771,Philo of Byblos,re_greek_world,Greek World,50.0,historian,non_europe,Ancient Mediterranean
502,Q1226993,Dionysius Periegetes,re_greek_world,Greek World,100.0,historian,non_europe,Ancient Mediterranean
503,Q312500,Herophilos,re_greek_world,Greek World,-334.0,anatomist,non_europe,Ancient Mediterranean
504,Q297390,Craterus,re_greek_world,Greek World,-369.0,historian,non_europe,Ancient Mediterranean
505,Q707344,Numenius of Apamea,re_greek_world,Greek World,200.0,philosopher,non_europe,Ancient Mediterranean
506,Q42458,Anaximander,re_greek_world,Greek World,-609.0,philosopher | physicist | astronomer | mathematician | geographer,non_europe,Ancient Mediterranean
507,Q229246,Julia Domna,re_greek_world,Greek World,165.0,philosopher,non_europe,Ancient Mediterranean
508,Q298654,Cyril of Jerusalem,re_greek_world,Greek World,313.0,theologian,non_europe,Ancient Mediterranean
509,Q363375,Publilius Syrus,re_greek_world,Greek World,-100.0,philosopher,non_europe,Ancient Mediterranean
510,Q391216,Agatharchides,re_greek_world,Greek World,-207.0,geographer | philosopher | historian | anatomist,non_europe,Ancient Mediterranean
511,Q2531620,Pamprepius,re_greek_world,Greek World,440.0,philosopher,non_europe,Ancient Mediterranean
512,Q4191445,Zenob Glak,re_greek_world,Greek World,300.0,historian,non_europe,Ancient Mediterranean
513,Q165589,Leucippus,re_greek_world,Greek World,-500.0,philosopher | physicist,non_europe,Ancient Mediterranean
514,Q451719,Damo,re_greek_world,Greek World,-600.0,philosopher | mathematician,non_europe,Ancient Mediterranean
515,Q365977,Bias of Priene,re_greek_world,Greek World,-599.0,philosopher,non_europe,Ancient Mediterranean
516,Q1378597,Eurytus,re_greek_world,Greek World,-500.0,philosopher | mathematician,non_europe,Ancient Mediterranean
517,Q189767,Zeno of Tarsus,re_greek_world,Greek World,-250.0,philosopher,non_europe,Ancient Mediterranean
518,Q139567,Zacharias Rhetor,re_greek_world,Greek World,465.0,philosopher | historian,non_europe,Ancient Mediterranean
519,Q83041,Anaxagoras,re_greek_world,Greek World,-499.0,astronomer | philosopher | physicist | mathematician,non_europe,Ancient Mediterranean
520,Q1400157,Cleinias of Tarentum,re_greek_world,Greek World,-500.0,philosopher,non_europe,Ancient Mediterranean
521,Q313791,Ephorus,re_greek_world,Greek World,-399.0,historian,non_europe,Ancient Mediterranean
522,Q260951,Dinon,re_greek_world,Greek World,-399.0,historian,non_europe,Ancient Mediterranean
523,Q534163,Xanthos,re_greek_world,Greek World,-500.0,historian,non_europe,Ancient Mediterranean
524,Q142999,Eusebius of Caesarea,re_greek_world,Greek World,275.0,theologian | historian,non_europe,Ancient Mediterranean
525,Q317942,Euhemerus,re_greek_world,Greek World,-400.0,philosopher | historian | anthropologist,non_europe,Ancient Mediterranean
526,Q31271346,Dion von Neapel,re_greek_world,Greek World,-500.0,mathematician,non_europe,Ancient Mediterranean
527,Q354377,Conon of Samos,re_greek_world,Greek World,-279.0,astronomer | mathematician,non_europe,Ancient Mediterranean
528,Q44015,John the Apostle,re_greek_world,Greek World,6.0,theologian,non_europe,Ancient Mediterranean
529,Q378236,Aristides Quintilianus,re_greek_world,Greek World,150.0,musicologist,non_europe,Ancient Mediterranean
530,Q1226828,Diogenes of Tarsus,re_greek_world,Greek World,-200.0,philosopher,non_europe,Ancient Mediterranean
531,Q298226,Anthemius of Tralles,re_greek_world,Greek World,474.0,physicist | mathematician,non_europe,Ancient Mediterranean
532,Q1226996,Dionysius of Miletus,re_greek_world,Greek World,-600.0,historian,non_europe,Ancient Mediterranean
533,Q313934,Macrobius,re_greek_world,Greek World,370.0,musicologist | philosopher,non_europe,Ancient Mediterranean
534,Q1419147,Firmilian,re_greek_world,Greek World,200.0,philosopher,non_europe,Ancient Mediterranean
535,Q725225,Thrasyllus of Mendes,re_greek_world,Greek World,-100.0,musicologist | philosopher,non_europe,Ancient Mediterranean
536,Q132157,Zeno of Elea,re_greek_world,Greek World,-489.0,philosopher | mathematician,non_europe,Ancient Mediterranean
537,Q521203,Duris of Samos,re_greek_world,Greek World,-339.0,historian,non_europe,Ancient Mediterranean
538,Q343018,Eunapius,re_greek_world,Greek World,349.0,philosopher | historian,non_europe,Ancient Mediterranean
539,Q168707,Pliny the Younger,re_greek_world,Greek World,61.0,historian,non_europe,Ancient Mediterranean
540,Q928551,Origen the Pagan,re_greek_world,Greek World,200.0,philosopher,non_europe,Ancient Mediterranean
541,Q2749849,Athenodorus of Soli,re_greek_world,Greek World,-300.0,philosopher,non_europe,Ancient Mediterranean
542,Q931271,Tisias,re_greek_world,Greek World,-499.0,philosopher,non_europe,Ancient Mediterranean
543,Q189597,Philo of Alexandria,re_greek_world,Greek World,-14.0,philosopher | historian,non_europe,Ancient Mediterranean
544,Q731906,Asclepiodotus of Alexandria,re_greek_world,Greek World,500.0,philosopher,non_europe,Ancient Mediterranean
545,Q315360,Damascius,re_greek_world,Greek World,450.0,philosopher,non_europe,Ancient Mediterranean
546,Q510737,Lucian of Antioch,re_greek_world,Greek World,240.0,theologian,non_europe,Ancient Mediterranean
547,Q2902906,Rabbi Nehemiah,re_greek_world,Greek World,101.0,mathematician,non_europe,Ancient Mediterranean
548,Q43706,John Chrysostom,re_greek_world,Greek World,349.0,theologian,non_europe,Ancient Mediterranean
549,Q354384,Theon of Alexandria,re_greek_world,Greek World,335.0,astronomer | mathematician,non_europe,Ancient Mediterranean
550,Q11903,Hypatia,re_greek_world,Greek World,360.0,astronomer | philosopher | mathematician,non_europe,Ancient Mediterranean
551,Q443510,Hesychius of Alexandria,re_greek_world,Greek World,450.0,linguist,non_europe,Ancient Mediterranean
552,Q3826494,Lamiscus,re_greek_world,Greek World,-400.0,philosopher | mathematician,non_europe,Ancient Mediterranean
553,Q717647,Gnaeus Claudius Severus Arabianus,re_greek_world,Greek World,113.0,philosopher,non_europe,Ancient Mediterranean
554,Q140188,Aristarchus of Samos,re_greek_world,Greek World,-309.0,astronomer,non_europe,Ancient Mediterranean
555,Q456560,Myia,re_greek_world,Greek World,-600.0,philosopher | mathematician,non_europe,Ancient Mediterranean
556,Q33941,Julian,re_greek_world,Greek World,331.0,philosopher,non_europe,Ancient Mediterranean
557,Q317632,John Philoponus,re_greek_world,Greek World,490.0,philosopher | physicist | astronomer | mathematician | theologian,non_europe,Ancient Mediterranean
558,Q1722472,Callias of Syracuse,re_greek_world,Greek World,-400.0,historian,non_europe,Ancient Mediterranean
559,Q3432037,Aristaeus of Croton,re_greek_world,Greek World,-450.0,philosopher | mathematician,non_europe,Ancient Mediterranean
560,Q897689,Chaeremon of Alexandria,re_greek_world,Greek World,10.0,philosopher | historian,non_europe,Ancient Mediterranean
561,Q84027027,Didymus of Alexandria,re_greek_world,Greek World,-50.0,mathematician,non_europe,Ancient Mediterranean
562,Q942439,Monimus,re_greek_world,Greek World,-400.0,philosopher,non_europe,Ancient Mediterranean
563,Q310821,Akiva ben Joseph,re_greek_world,Greek World,15.0,theologian,non_europe,Ancient Mediterranean
564,Q280432,Athenodoros Cananites,re_greek_world,Greek World,-100.0,philosopher | historian,non_europe,Ancient Mediterranean
565,Q313286,Demetrius of Phalerum,re_greek_world,Greek World,-349.0,philosopher,non_europe,Ancient Mediterranean
566,Q123147,Ammonius Hermiae,re_greek_world,Greek World,435.0,astronomer | philosopher,non_europe,Ancient Mediterranean
567,Q2570422,Sotion,re_greek_world,Greek World,-250.0,philosopher | historian,non_europe,Ancient Mediterranean
568,Q2657803,Asterius the Sophist,re_greek_world,Greek World,300.0,theologian,non_europe,Ancient Mediterranean
569,Q1749928,Phaleas of Chalcedon,re_greek_world,Greek World,-400.0,philosopher,non_europe,Ancient Mediterranean
570,Q280934,Alexander Lychnus,re_greek_world,Greek World,-50.0,historian,non_europe,Ancient Mediterranean
571,Q11925495,Hermodorus,re_greek_world,Greek World,-399.0,philosopher,non_europe,Ancient Mediterranean
572,Q15975321,Flavius Boethus,re_greek_world,Greek World,150.0,philosopher,non_europe,Ancient Mediterranean
573,Q191734,Gregory of Nyssa,re_greek_world,Greek World,400.0,theologian,non_europe,Ancient Mediterranean
574,Q1297839,Serenus of Antinouplis,re_greek_world,Greek World,300.0,mathematician,non_europe,Ancient Mediterranean
575,Q1383547,Ulpianus,re_greek_world,Greek World,300.0,philosopher,non_europe,Ancient Mediterranean
576,Q138531,Phlegon of Tralles,re_greek_world,Greek World,200.0,historian,non_europe,Ancient Mediterranean
577,Q929311,Hegesias of Magnesia,re_greek_world,Greek World,-200.0,historian,non_europe,Ancient Mediterranean
578,Q948620,Hermias of Atarneus,re_greek_world,Greek World,-350.0,philosopher,non_europe,Ancient Mediterranean
579,Q365183,Themistius,re_greek_world,Greek World,317.0,philosopher,non_europe,Ancient Mediterranean
580,Q754890,Athanis,re_greek_world,Greek World,-400.0,historian,non_europe,Ancient Mediterranean
581,Q176287,Timaeus of Locri,re_greek_world,Greek World,-500.0,astronomer | philosopher | mathematician,non_europe,Ancient Mediterranean
582,Q188883,Clement of Alexandria,re_greek_world,Greek World,150.0,theologian | philosopher,non_europe,Ancient Mediterranean
583,Q3556912,Theognostus of Alexandria,re_greek_world,Greek World,210.0,theologian,non_europe,Ancient Mediterranean
584,Q5063276,Cephalion,re_greek_world,Greek World,100.0,historian,non_europe,Ancient Mediterranean
585,Q1241343,Justus of Tiberias,re_greek_world,Greek World,35.0,historian,non_europe,Ancient Mediterranean
586,Q7155483,Pausanias of Damascus,re_greek_world,Greek World,-150.0,geographer,non_europe,Ancient Mediterranean
587,Q1185502,Demetrius Lacon,re_greek_world,Greek World,-150.0,philosopher,non_europe,Ancient Mediterranean
588,Q360366,Nicomachus,re_greek_world,Greek World,60.0,musicologist | philosopher | mathematician,non_europe,Ancient Mediterranean
589,Q3636221,Baton of Sinope,re_greek_world,Greek World,-199.0,historian,non_europe,Ancient Mediterranean
590,Q41766,Ctesibius,re_greek_world,Greek World,-283.0,mathematician,non_europe,Ancient Mediterranean
591,Q729105,Severus of Antioch,re_greek_world,Greek World,465.0,theologian,non_europe,Ancient Mediterranean
592,Q641051,Arius Didymus,re_greek_world,Greek World,-83.0,philosopher,non_europe,Ancient Mediterranean
593,Q388333,Cadmus of Miletus,re_greek_world,Greek World,-500.0,historian,non_europe,Ancient Mediterranean
594,Q44258,Basil of Caesarea,re_greek_world,Greek World,329.0,theologian | philosopher,non_europe,Ancient Mediterranean
595,Q534986,Flavius Vopiscus,re_greek_world,Greek World,201.0,historian,non_europe,Ancient Mediterranean
596,Q41155,Heraclitus,re_greek_world,Greek World,-534.0,philosopher,non_europe,Ancient Mediterranean
597,Q36303,Thales,re_greek_world,Greek World,-624.0,astronomer | philosopher | physicist | mathematician,non_europe,Ancient Mediterranean
598,Q974775,Olympiodorus the Younger,re_greek_world,Greek World,495.0,philosopher,non_europe,Ancient Mediterranean
599,Q2763097,Abba Saul,re_greek_world,Greek World,101.0,theologian,non_europe,Ancient Mediterranean
600,Q202001,Archytas,re_greek_world,Greek World,-427.0,philosopher | musicologist | astronomer | mathematician,non_europe,Ancient Mediterranean
601,Q2312602,Montanus of Phrygia,re_greek_world,Greek World,150.0,theologian,non_europe,Ancient Mediterranean
602,Q19715972,Nicostratus of Trebizond,re_greek_world,Greek World,300.0,historian,non_europe,Ancient Mediterranean
603,Q44248,Jerome,re_greek_world,Greek World,345.0,theologian | historian,non_europe,Ancient Mediterranean
604,Q857017,Gaius Blossius,re_greek_world,Greek World,-150.0,philosopher,non_europe,Ancient Mediterranean
605,Q3371179,Polemarchus,re_greek_world,Greek World,-500.0,philosopher,non_europe,Ancient Mediterranean
606,Q345277,Basilides,re_greek_world,Greek World,117.0,theologian,non_europe,Ancient Mediterranean
607,Q3271431,Leon of Byzantium,re_greek_world,Greek World,-400.0,philosopher,non_europe,Ancient Mediterranean
608,Q212338,Philolaus,re_greek_world,Greek World,-469.0,philosopher | musicologist | astronomer | mathematician,non_europe,Ancient Mediterranean
609,Q2706119,Telecles,re_greek_world,Greek World,-201.0,philosopher,non_europe,Ancient Mediterranean
610,Q11906871,Ascletarió,re_greek_world,Greek World,100.0,mathematician,non_europe,Ancient Mediterranean
611,Q2832178,Alcimus,re_greek_world,Greek World,-350.0,historian,non_europe,Ancient Mediterranean
612,Q2695686,Abba Hilkiah,re_greek_world,Greek World,1.0,theologian,non_europe,Ancient Mediterranean
613,Q359945,Melito of Sardis,re_greek_world,Greek World,100.0,philosopher,non_europe,Ancient Mediterranean
614,Q226868,Zosimos of Panopolis,re_greek_world,Greek World,250.0,philosopher,non_europe,Ancient Mediterranean
615,Q738605,Boethus of Sidon,re_greek_world,Greek World,-199.0,philosopher,non_europe,Ancient Mediterranean
616,Q461067,Pantaenus,re_greek_world,Greek World,200.0,theologian | philosopher,non_europe,Ancient Mediterranean
617,Q7807000,Timosthenes,re_greek_world,Greek World,-301.0,geographer,non_europe,Ancient Mediterranean
618,Q23061186,Nicolaus Sophista,re_greek_world,Greek World,400.0,philosopher,non_europe,Ancient Mediterranean
619,Q161853,Hero of Alexandria,re_greek_world,Greek World,10.0,physicist | mathematician,non_europe,Ancient Mediterranean
620,Q1175868,Menander of Ephesus,re_greek_world,Greek World,-299.0,historian,non_europe,Ancient Mediterranean
621,Q159905,Hipparchus,re_greek_world,Greek World,-189.0,geographer | astronomer | mathematician,non_europe,Ancient Mediterranean
622,Q2601910,Aristo of Pella,re_greek_world,Greek World,100.0,historian,non_europe,Ancient Mediterranean
623,Q131671,Xenophanes,re_greek_world,Greek World,-569.0,philosopher,non_europe,Ancient Mediterranean
624,Q1113270,Archedemus of Tarsus,re_greek_world,Greek World,-300.0,philosopher,non_europe,Ancient Mediterranean
625,Q236594,Sextus Empiricus,re_greek_world,Greek World,200.0,philosopher,non_europe,Ancient Mediterranean
626,Q471218,Callippus of Cyzicus,re_greek_world,Greek World,-369.0,astronomer | mathematician,non_europe,Ancient Mediterranean
627,Q2639498,Boethus of Sidon,re_greek_world,Greek World,-74.0,philosopher,non_europe,Ancient Mediterranean
628,Q320042,Antiochus of Ascalon,re_greek_world,Greek World,-123.0,philosopher,non_europe,Ancient Mediterranean
629,Q461007,Eubulides,re_greek_world,Greek World,-500.0,philosopher,non_europe,Ancient Mediterranean
630,Q436634,Cassius Longinus,re_greek_world,Greek World,213.0,philosopher,non_europe,Ancient Mediterranean
631,Q1383804,Heracleides of Cyme,re_greek_world,Greek World,-399.0,historian,non_europe,Ancient Mediterranean
632,Q248975,Herillus,re_greek_world,Greek World,-279.0,philosopher,non_europe,Ancient Mediterranean
633,Q447428,Cerinthus,re_greek_world,Greek World,100.0,theologian | philosopher,non_europe,Ancient Mediterranean
634,Q297776,Pedanius Dioscorides,re_greek_world,Greek World,40.0,botanist | pharmacologist,non_europe,Ancient Mediterranean
635,Q657941,Albinus,re_greek_world,Greek World,100.0,philosopher,non_europe,Ancient Mediterranean
636,Q973972,Sporus of Nicaea,re_greek_world,Greek World,240.0,astronomer | mathematician,non_europe,Ancient Mediterranean
637,Q370123,Apollodorus of Artemita,re_greek_world,Greek World,-129.0,historian,non_europe,Ancient Mediterranean
638,Q312548,Megasthenes,re_greek_world,Greek World,-350.0,historian | anthropologist,non_europe,Ancient Mediterranean
639,Q950303,Cratippus of Pergamon,re_greek_world,Greek World,-100.0,philosopher,non_europe,Ancient Mediterranean
640,Q450311,Alypius,re_greek_world,Greek World,350.0,musicologist,non_europe,Ancient Mediterranean
641,Q2695791,Abtolemus,re_greek_world,Greek World,101.0,theologian,non_europe,Ancient Mediterranean
642,Q3502838,Thallus,re_greek_world,Greek World,100.0,historian,non_europe,Ancient Mediterranean
643,Q1290567,Maximus I of Constantinople,re_greek_world,Greek World,350.0,philosopher,non_europe,Ancient Mediterranean
644,Q2696474,Apollinaris,re_greek_world,Greek World,400.0,philosopher,non_europe,Ancient Mediterranean
645,Q365017,Agathocles of Cyzicus,re_greek_world,Greek World,-299.0,historian,non_europe,Ancient Mediterranean
646,Q429744,Philinus of Agrigentum,re_greek_world,Greek World,-300.0,historian,non_europe,Ancient Mediterranean
647,Q34943,Ptolemy,re_greek_world,Greek World,100.0,philosopher | musicologist | astronomer | mathematician | geographer,non_europe,Ancient Mediterranean
648,Q310173,Ammonius Saccas,re_greek_world,Greek World,175.0,philosopher,non_europe,Ancient Mediterranean
649,Q2319055,Rhianus,re_greek_world,Greek World,-274.0,historian,non_europe,Ancient Mediterranean
650,Q718003,Possidius of Calama,re_latin,Latin World,370.0,historian,non_europe,Ancient Mediterranean
651,Q8018,Augustine of Hippo,re_latin,Latin World,354.0,theologian | musicologist | philosopher | historian,non_europe,Ancient Mediterranean
652,Q342416,Arnobius,re_latin,Latin World,255.0,philosopher,non_europe,Ancient Mediterranean
653,Q348408,Martianus Capella,re_latin,Latin World,360.0,musicologist | philosopher,non_europe,Ancient Mediterranean
654,Q261992,Optatus,re_latin,Latin World,400.0,theologian,non_europe,Ancient Mediterranean
655,Q315670,Juba II,re_latin,Latin World,-47.0,historian,non_europe,Ancient Mediterranean
656,Q170512,Apuleius,re_latin,Latin World,125.0,philosopher,non_europe,Ancient Mediterranean
