,wikidata_id,individual_name,region_code,region_name,birthyear,meta_occupation,meta_region,meta_region_name
0,Q2822993,Achard of Saint-Victor,re_british_islands,British Islands,1100.0,theologian,europe,British Islands
2,Q742311,Chad of Mercia,re_british_islands,British Islands,634.0,theologian,europe,British Islands
3,Q6240116,John Howe,re_british_islands,British Islands,1630.0,theologian,europe,British Islands
7,Q7410983,Samuel Brewer,re_british_islands,British Islands,1670.0,botanist,europe,British Islands
23,Q4057349,Clement Adams,re_british_islands,British Islands,1519.0,geographer,europe,British Islands
40,Q579194,John Major,re_british_islands,British Islands,1469.0,theologian | philosopher | historian,europe,British Islands
44,Q7528564,"Sir Richard Cox, 1st Baronet",re_british_islands,British Islands,1650.0,historian,europe,British Islands
45,Q13129536,Lewis Caerleon,re_british_islands,British Islands,1500.0,theologian | astronomer | mathematician,europe,British Islands
55,Q242640,"Margaret Cavendish, Duchess of Newcastle-upon-Tyne",re_british_islands,British Islands,1623.0,philosopher | physicist,europe,British Islands
56,Q1451111,François Leguat,re_british_islands,British Islands,1637.0,zoologist,europe,British Islands
57,Q1711520,Richard Percivale,re_british_islands,British Islands,1558.0,linguist,europe,British Islands
58,Q6261137,John Trapp,re_british_islands,British Islands,1601.0,theologian,europe,British Islands
65,Q280766,Alexander Whitaker,re_british_islands,British Islands,1585.0,theologian,europe,British Islands
71,Q185832,Emmanuel Swedenborg,re_british_islands,British Islands,1688.0,theologian | philosopher | physicist | mathematician,europe,British Islands
84,Q1347196,Thomas Helwys,re_british_islands,British Islands,1550.0,theologian,europe,British Islands
87,Q559548,Michael Scot,re_british_islands,British Islands,1175.0,philosopher | mathematician,europe,British Islands
93,Q15097687,Moses Glover,re_british_islands,British Islands,1601.0,geographer,europe,British Islands
95,Q15984704,John Speidell,re_british_islands,British Islands,1600.0,mathematician,europe,British Islands
98,Q6250616,John Norden,re_british_islands,British Islands,1548.0,geographer,europe,British Islands
103,Q310439,George Fox,re_british_islands,British Islands,1624.0,theologian,europe,British Islands
108,Q7791987,Thomas Lydiat,re_british_islands,British Islands,1572.0,mathematician,europe,British Islands
116,Q5077323,Charles Edwards,re_british_islands,British Islands,1628.0,theologian,europe,British Islands
119,Q60808,Johann Joachim Becheres,re_british_islands,British Islands,1635.0,economist | chemist,europe,British Islands
121,Q342720,George Chapman,re_british_islands,British Islands,1559.0,linguist,europe,British Islands
122,Q1245769,Jacob Acontius,re_british_islands,British Islands,1600.0,theologian | philosopher,europe,British Islands
132,Q310326,Hans Sloane,re_british_islands,British Islands,1660.0,botanist | zoologist,europe,British Islands
140,Q8004902,William Backhouse,re_british_islands,British Islands,1593.0,philosopher,europe,British Islands
142,Q4836326,Anna Mackenzie,re_british_islands,British Islands,1621.0,historian,europe,British Islands
158,Q633066,Archibald Bower,re_british_islands,British Islands,1686.0,historian,europe,British Islands
159,Q18528465,Henry Coggeshall,re_british_islands,British Islands,1623.0,mathematician,europe,British Islands
162,Q18672990,William Whitelocke,re_british_islands,British Islands,1520.0,historian,europe,British Islands
170,Q7177420,Peter Turner,re_british_islands,British Islands,1586.0,mathematician,europe,British Islands
172,Q6242092,John Jortin,re_british_islands,British Islands,1698.0,theologian | historian,europe,British Islands
174,Q5482342,Francis Rous,re_british_islands,British Islands,1581.0,theologian,europe,British Islands
177,Q6219462,John Arrowsmith,re_british_islands,British Islands,1602.0,theologian,europe,British Islands
179,Q7793764,Thomas Sampson,re_british_islands,British Islands,1517.0,theologian,europe,British Islands
191,Q335725,"George Parker, 2nd Earl of Macclesfield",re_british_islands,British Islands,1697.0,astronomer,europe,British Islands
192,Q18576473,John Dougharty,re_british_islands,British Islands,1677.0,mathematician,europe,British Islands
201,Q1700348,John Hales,re_british_islands,British Islands,1584.0,theologian,europe,British Islands
207,Q13581564,Benjamin Keach,re_british_islands,British Islands,1640.0,theologian,europe,British Islands
208,Q28090368,John Troutbeck,re_british_islands,British Islands,1613.0,chemist,europe,British Islands
212,Q947941,Matthew Locke,re_british_islands,British Islands,1632.0,musicologist,europe,British Islands
214,Q4375031,James Pound,re_british_islands,British Islands,1669.0,astronomer,europe,British Islands
218,Q1294162,Edward Wright,re_british_islands,British Islands,1561.0,geographer | mathematician,europe,British Islands
223,Q18593187,Jeremy Shakerley,re_british_islands,British Islands,1626.0,astronomer,europe,British Islands
230,Q2609522,Sedulius Scottus,re_british_islands,British Islands,850.0,philosopher,europe,British Islands
231,Q3525012,Thomas Creech,re_british_islands,British Islands,1659.0,linguist,europe,British Islands
234,Q369366,Matthew Paris,re_british_islands,British Islands,1200.0,geographer,europe,British Islands
235,Q356317,John Aubrey,re_british_islands,British Islands,1626.0,archeologist | historian | anthropologist,europe,British Islands
236,Q95297694,John Ward,re_british_islands,British Islands,1648.0,mathematician,europe,British Islands
237,Q18528195,Edward Howes,re_british_islands,British Islands,1632.0,mathematician,europe,British Islands
247,Q5363623,Elizabeth Tollet,re_british_islands,British Islands,1694.0,mathematician,europe,British Islands
257,Q4065277,James Anderson,re_british_islands,British Islands,1662.0,historian,europe,British Islands
267,Q6242070,John Jones,re_british_islands,British Islands,1578.0,linguist,europe,British Islands
281,Q18531124,William Cole,re_british_islands,British Islands,1622.0,zoologist,europe,British Islands
285,Q4786256,Archibald Campbell,re_british_islands,British Islands,1691.0,philosopher,europe,British Islands
295,Q1080100,Pierre Allix,re_british_islands,British Islands,1640.0,theologian,europe,British Islands
298,Q4678615,Adam Abell,re_british_islands,British Islands,1480.0,historian,europe,British Islands
299,Q6146090,Thomas Milles,re_british_islands,British Islands,1550.0,economist,europe,British Islands
301,Q6790120,Matthew Barker,re_british_islands,British Islands,1619.0,anatomist,europe,British Islands
306,Q18546734,Randolph Crew,re_british_islands,British Islands,1631.0,geographer,europe,British Islands
310,Q5344893,Edward Powell,re_british_islands,British Islands,1478.0,theologian,europe,British Islands
315,Q6220192,John Babington,re_british_islands,British Islands,1604.0,mathematician,europe,British Islands
316,Q1808208,Lawrence of Durham,re_british_islands,British Islands,1110.0,historian,europe,British Islands
341,Q5941507,Humphrey Llwyd,re_british_islands,British Islands,1527.0,geographer,europe,British Islands
344,Q6779086,Mary Bonaventure Browne,re_british_islands,British Islands,1610.0,historian,europe,British Islands
345,Q1248758,Thomas Fuller,re_british_islands,British Islands,1608.0,historian,europe,British Islands
352,Q6223588,John Browne,re_british_islands,British Islands,1642.0,anatomist,europe,British Islands
355,Q3568771,William Lambarde,re_british_islands,British Islands,1536.0,archeologist,europe,British Islands
365,Q18526913,Charles Potter,re_british_islands,British Islands,1634.0,philosopher,europe,British Islands
367,Q1700457,John Heydon,re_british_islands,British Islands,1629.0,philosopher,europe,British Islands
369,Q599071,Johannes Cotto,re_british_islands,British Islands,1100.0,musicologist,europe,British Islands
370,Q318622,Martin Bucer,re_british_islands,British Islands,1491.0,theologian,europe,British Islands
380,Q7790107,Thomas Gordon,re_british_islands,British Islands,1691.0,linguist,europe,British Islands
382,Q4723684,Alfred of Beverley,re_british_islands,British Islands,1050.0,historian,europe,British Islands
389,Q18526298,Adam Burley,re_british_islands,British Islands,1300.0,philosopher,europe,British Islands
392,Q518333,Jacques Abbadie,re_british_islands,British Islands,1654.0,theologian,europe,British Islands
393,Q1959556,James Jurin,re_british_islands,British Islands,1684.0,epidemiologist | physicist | mathematician,europe,British Islands
394,Q154938,Bede,re_british_islands,British Islands,672.0,theologian | historian,europe,British Islands
395,Q18670888,Charles Mackie,re_british_islands,British Islands,1688.0,historian,europe,British Islands
400,Q7526946,Sir George Wheler,re_british_islands,British Islands,1651.0,botanist | archeologist,europe,British Islands
402,Q27231029,Samuel Presbiter,re_british_islands,British Islands,1200.0,theologian,europe,British Islands
407,Q6264915,John Worthington,re_british_islands,British Islands,1618.0,theologian | philosopher,europe,British Islands
411,Q3319086,William Alabaster,re_british_islands,British Islands,1567.0,theologian,europe,British Islands
413,Q18530618,Peter Partridge,re_british_islands,British Islands,1385.0,theologian,europe,British Islands
417,Q935084,John Mill,re_british_islands,British Islands,1645.0,theologian,europe,British Islands
419,Q18530778,Richard Chefer,re_british_islands,British Islands,1354.0,theologian,europe,British Islands
424,Q503126,Raphael Holinshed,re_british_islands,British Islands,1529.0,historian,europe,British Islands
425,Q371825,Johann Christoph Pepusch,re_british_islands,British Islands,1667.0,musicologist,europe,British Islands
429,Q357824,Gerald of Wales,re_british_islands,British Islands,1146.0,geographer | historian,europe,British Islands
431,Q1381018,William Stukeley,re_british_islands,British Islands,1687.0,archeologist | historian | anthropologist,europe,British Islands
433,Q159592,John Napier,re_british_islands,British Islands,1550.0,theologian | astronomer | physicist | mathematician,europe,British Islands
437,Q16198117,Nathaniel Crouch,re_british_islands,British Islands,1632.0,historian,europe,British Islands
438,Q5717157,Henry Airay,re_british_islands,British Islands,1560.0,theologian,europe,British Islands
442,Q7518615,Simon Digby,re_british_islands,British Islands,1401.0,historian,europe,British Islands
475,Q256541,Robert Grosseteste,re_british_islands,British Islands,1175.0,philosopher | physicist | astronomer | mathematician | theologian | botanist,europe,British Islands
476,Q7795347,Thomas Wykes,re_british_islands,British Islands,1222.0,historian,europe,British Islands
478,Q3430519,Richard Bellings,re_british_islands,British Islands,1613.0,historian,europe,British Islands
490,Q505697,Thomas Mun,re_british_islands,British Islands,1571.0,economist,europe,British Islands
492,Q1514998,Gershom Carmichael,re_british_islands,British Islands,1672.0,philosopher,europe,British Islands
493,Q609201,Dungal of Bobbio,re_british_islands,British Islands,850.0,astronomer,europe,British Islands
516,Q7350421,Robert Tofte,re_british_islands,British Islands,1562.0,linguist,europe,British Islands
521,Q16859342,Zacheus Isham,re_british_islands,British Islands,1651.0,theologian,europe,British Islands
525,Q18672656,Thomas Savile,re_british_islands,British Islands,1560.0,astronomer | mathematician,europe,British Islands
537,Q2048314,Richard Eden,re_british_islands,British Islands,1520.0,historian,europe,British Islands
539,Q528261,Ralph Cudworth,re_british_islands,British Islands,1617.0,theologian | philosopher,europe,British Islands
549,Q18783919,Richard Richardson,re_british_islands,British Islands,1663.0,botanist,europe,British Islands
550,Q773982,Florence of Worcester,re_british_islands,British Islands,1100.0,historian,europe,British Islands
562,Q1974885,Alexander Neckam,re_british_islands,British Islands,1157.0,theologian | philosopher,europe,British Islands
563,Q5342005,Edward Brerewood,re_british_islands,British Islands,1565.0,mathematician,europe,British Islands
570,Q507790,Nehemiah Grew,re_british_islands,British Islands,1641.0,botanist,europe,British Islands
573,Q460400,Edward Misselden,re_british_islands,British Islands,1608.0,economist,europe,British Islands
576,Q18734704,Samuel Collins,re_british_islands,British Islands,1618.0,anatomist,europe,British Islands
577,Q325408,William Laud,re_british_islands,British Islands,1573.0,theologian,europe,British Islands
578,Q1370937,Robert Simson,re_british_islands,British Islands,1687.0,mathematician,europe,British Islands
579,Q5930147,Hugh Broughton,re_british_islands,British Islands,1549.0,theologian,europe,British Islands
581,Q8016738,William Pemble,re_british_islands,British Islands,1592.0,theologian,europe,British Islands
582,Q1174600,David Gregory,re_british_islands,British Islands,1659.0,astronomer | mathematician,europe,British Islands
596,Q544953,William Drummond of Hawthornden,re_british_islands,British Islands,1585.0,historian,europe,British Islands
597,Q2538072,Andrew of Wyntoun,re_british_islands,British Islands,1350.0,historian,europe,British Islands
626,Q2838721,Roger Marston,re_british_islands,British Islands,1201.0,theologian | philosopher,europe,British Islands
632,Q65009716,Charles Price,re_british_islands,British Islands,1679.0,geographer,europe,British Islands
634,Q7789971,Thomas Gent,re_british_islands,British Islands,1693.0,historian,europe,British Islands
639,Q318192,Robert Recorde,re_british_islands,British Islands,1512.0,philosopher | mathematician,europe,British Islands
643,Q311491,William Oughtred,re_british_islands,British Islands,1574.0,astronomer | mathematician,europe,British Islands
644,Q7519929,Simon Tunsted,re_british_islands,British Islands,1350.0,theologian | philosopher,europe,British Islands
650,Q1234687,William of Newburgh,re_british_islands,British Islands,1130.0,historian,europe,British Islands
657,Q1066618,Charles du Bois,re_british_islands,British Islands,1656.0,botanist,europe,British Islands
678,Q3048505,Edward Wotton,re_british_islands,British Islands,1492.0,zoologist,europe,British Islands
691,Q7966266,Walter Taylor,re_british_islands,British Islands,1700.0,mathematician,europe,British Islands
693,Q4745835,Amerus,re_british_islands,British Islands,1201.0,musicologist,europe,British Islands
696,Q2033352,Robert Browne,re_british_islands,British Islands,1550.0,theologian,europe,British Islands
704,Q380845,Aelred of Rievaulx,re_british_islands,British Islands,1110.0,historian,europe,British Islands
709,Q3434406,Robert Ainsworth,re_british_islands,British Islands,1660.0,linguist,europe,British Islands
714,Q272297,Æthelweard,re_british_islands,British Islands,975.0,historian,europe,British Islands
717,Q358235,Walter Odington,re_british_islands,British Islands,1300.0,musicologist | astronomer,europe,British Islands
719,Q45838,Kenelm Digby,re_british_islands,British Islands,1603.0,philosopher,europe,British Islands
721,Q47434,Edmond Halley,re_british_islands,British Islands,1656.0,philosopher | physicist | astronomer | mathematician | geographer | geologist | geographer | meteorologist,europe,British Islands
725,Q1333338,John Gerard,re_british_islands,British Islands,1545.0,botanist,europe,British Islands
733,Q3525676,Thomas Woolston,re_british_islands,British Islands,1668.0,theologian,europe,British Islands
735,Q5537318,George Brown,re_british_islands,British Islands,1650.0,mathematician,europe,British Islands
737,Q476238,Robert Abbot,re_british_islands,British Islands,1560.0,theologian,europe,British Islands
742,Q762279,William Pynchon,re_british_islands,British Islands,1590.0,theologian,europe,British Islands
750,Q4997158,Bulstrode Whitelocke,re_british_islands,British Islands,1605.0,historian,europe,British Islands
759,Q2606307,Adam Marsh,re_british_islands,British Islands,1200.0,theologian,europe,British Islands
761,Q188344,Geoffrey of Monmouth,re_british_islands,British Islands,1100.0,historian,europe,British Islands
762,Q982707,John Florio,re_british_islands,British Islands,1553.0,linguist,europe,British Islands
763,Q8016427,William Owtram,re_british_islands,British Islands,1626.0,theologian,europe,British Islands
767,Q3177480,William Law,re_british_islands,British Islands,1686.0,theologian,europe,British Islands
774,Q4798307,Arthur Collins,re_british_islands,British Islands,1682.0,historian,europe,British Islands
777,Q6251204,John Oldmixon,re_british_islands,British Islands,1673.0,historian,europe,British Islands
782,Q451693,"William Brouncker, 2nd Viscount Brouncker",re_british_islands,British Islands,1620.0,mathematician,europe,British Islands
805,Q731249,Christopher Simpson,re_british_islands,British Islands,1605.0,musicologist,europe,British Islands
811,Q940417,Symeon of Durham,re_british_islands,British Islands,1060.0,historian,europe,British Islands
826,Q18672760,William Gregory,re_british_islands,British Islands,1400.0,historian,europe,British Islands
827,Q1091103,Catharine Trotter,re_british_islands,British Islands,1674.0,philosopher,europe,British Islands
837,Q43393,Robert Boyle,re_british_islands,British Islands,1627.0,philosopher | physicist | chemist,europe,British Islands
839,Q5567104,Ralph Bathurst,re_british_islands,British Islands,1620.0,theologian,europe,British Islands
841,Q6241382,John Jackson,re_british_islands,British Islands,1686.0,theologian,europe,British Islands
845,Q5217112,Daniel Featley,re_british_islands,British Islands,1582.0,theologian,europe,British Islands
849,Q17332520,Robertus Dixon,re_british_islands,British Islands,1647.0,astronomer,europe,British Islands
852,Q7787331,Thomas Baker,re_british_islands,British Islands,1625.0,mathematician,europe,British Islands
861,Q2824030,Adam of Bockenfield,re_british_islands,British Islands,1220.0,philosopher,europe,British Islands
868,Q5930259,Hugh Candidus,re_british_islands,British Islands,1095.0,historian,europe,British Islands
869,Q5604675,Greenville Collins,re_british_islands,British Islands,1643.0,geographer,europe,British Islands
876,Q2372111,Charles Davenant,re_british_islands,British Islands,1656.0,economist,europe,British Islands
880,Q5219099,Daniel Williams,re_british_islands,British Islands,1643.0,theologian,europe,British Islands
882,Q349778,Nicholas Sanders,re_british_islands,British Islands,1530.0,theologian | historian,europe,British Islands
889,Q621821,Caleb Threlkeld,re_british_islands,British Islands,1676.0,botanist,europe,British Islands
891,Q7789628,Thomas Fitzherbert,re_british_islands,British Islands,1552.0,theologian,europe,British Islands
906,Q715419,Robert of Chester,re_british_islands,British Islands,1200.0,astronomer | mathematician,europe,British Islands
907,Q1673433,Isaac Penington,re_british_islands,British Islands,1616.0,theologian,europe,British Islands
912,Q7344935,Robert Greene,re_british_islands,British Islands,1678.0,philosopher,europe,British Islands
921,Q7341794,Robert Baillie,re_british_islands,British Islands,1602.0,theologian,europe,British Islands
936,Q706830,Henry Gellibrand,re_british_islands,British Islands,1597.0,geologist | astronomer | mathematician,europe,British Islands
940,Q1538175,Samuel Dale,re_british_islands,British Islands,1659.0,botanist | pharmacologist,europe,British Islands
948,Q7789506,Thomas Fale,re_british_islands,British Islands,1561.0,mathematician,europe,British Islands
954,Q207718,Isaac Barrow,re_british_islands,British Islands,1630.0,theologian | philosopher | physicist | mathematician,europe,British Islands
955,Q350427,John Jewel,re_british_islands,British Islands,1522.0,theologian,europe,British Islands
958,Q4216692,Edward Stillingfleet,re_british_islands,British Islands,1635.0,theologian,europe,British Islands
969,Q73887,Theodore Haak,re_british_islands,British Islands,1605.0,linguist,europe,British Islands
972,Q6830557,Michael Geddes,re_british_islands,British Islands,1650.0,historian,europe,British Islands
973,Q6143853,James Sutherland,re_british_islands,British Islands,1638.0,botanist,europe,British Islands
976,Q95310046,Nathaniel Nye,re_british_islands,British Islands,1624.0,geographer | astronomer | mathematician,europe,British Islands
979,Q3397209,Thomas Vaughan,re_british_islands,British Islands,1621.0,philosopher,europe,British Islands
980,Q8020909,William of Ware,re_british_islands,British Islands,1260.0,theologian,europe,British Islands
981,Q5311866,Dudley Fenner,re_british_islands,British Islands,1558.0,theologian,europe,British Islands
982,Q471794,John Pell,re_british_islands,British Islands,1611.0,mathematician,europe,British Islands
983,Q326763,Seth Ward,re_british_islands,British Islands,1617.0,astronomer | mathematician,europe,British Islands
995,Q6220219,John Baconthorpe,re_british_islands,British Islands,1290.0,theologian,europe,British Islands
998,Q2401430,Simon Ockley,re_british_islands,British Islands,1678.0,historian,europe,British Islands
999,Q12633678,John Seller,re_british_islands,British Islands,1632.0,geographer,europe,British Islands
1002,Q192236,Thomas Becket,re_british_islands,British Islands,1119.0,theologian,europe,British Islands
1006,Q18527266,Conall Mageoghegan,re_british_islands,British Islands,1596.0,historian,europe,British Islands
1009,Q2253307,Robert of Gloucester,re_british_islands,British Islands,1260.0,historian,europe,British Islands
1012,Q513593,Martin Lister,re_british_islands,British Islands,1639.0,geologist | anatomist,europe,British Islands
1021,Q473302,John Whitgift,re_british_islands,British Islands,1530.0,theologian,europe,British Islands
1026,Q18671948,John Kynton,re_british_islands,British Islands,1455.0,theologian,europe,British Islands
1029,Q18528469,Henry Coley,re_british_islands,British Islands,1633.0,mathematician,europe,British Islands
1034,Q711589,Sir Henry Savile,re_british_islands,British Islands,1549.0,mathematician,europe,British Islands
1043,Q7520146,Simon of Faversham,re_british_islands,British Islands,1260.0,philosopher,europe,British Islands
1050,Q6220536,John Banister,re_british_islands,British Islands,1533.0,anatomist,europe,British Islands
1057,Q1436859,Benjamin Whichcote,re_british_islands,British Islands,1609.0,theologian | philosopher,europe,British Islands
1062,Q18674308,Paul Sherlock,re_british_islands,British Islands,1595.0,theologian,europe,British Islands
1063,Q7329522,Richard Towneley,re_british_islands,British Islands,1629.0,astronomer,europe,British Islands
1064,Q1700133,John Freind,re_british_islands,British Islands,1675.0,chemist,europe,British Islands
1067,Q437734,James Stirling,re_british_islands,British Islands,1692.0,mathematician,europe,British Islands
1068,Q91791410,Benjamin Wright,re_british_islands,British Islands,1575.0,geographer,europe,British Islands
1077,Q5080127,Charles Le Cène,re_british_islands,British Islands,1647.0,theologian,europe,British Islands
1087,Q3431390,Richard FitzNeal,re_british_islands,British Islands,1130.0,economist,europe,British Islands
1094,Q71033,Samuel Hartlib,re_british_islands,British Islands,1600.0,botanist,europe,British Islands
1097,Q21522119,James Newton,re_british_islands,British Islands,1639.0,botanist,europe,British Islands
1099,Q1285550,Richard Maitland,re_british_islands,British Islands,1496.0,historian,europe,British Islands
1106,Q4708451,Alasdair mac Mhaighstir Alasdair,re_british_islands,British Islands,1698.0,linguist,europe,British Islands
1111,Q6252938,John Pine,re_british_islands,British Islands,1690.0,geographer,europe,British Islands
1115,Q1375506,John Tradescant the elder,re_british_islands,British Islands,1570.0,botanist,europe,British Islands
1116,Q7593209,St George Ashe,re_british_islands,British Islands,1658.0,mathematician,europe,British Islands
1118,Q1507083,George Carew,re_british_islands,British Islands,1556.0,historian,europe,British Islands
1121,Q455618,Thomas Campion,re_british_islands,British Islands,1567.0,musicologist,europe,British Islands
1129,Q15512079,William Rishanger,re_british_islands,British Islands,1250.0,historian,europe,British Islands
1131,Q104586308,Christophe-Benjamin Carrard,re_british_islands,British Islands,1690.0,theologian,europe,British Islands
1132,Q7789338,Thomas Elmham,re_british_islands,British Islands,1364.0,historian,europe,British Islands
1133,Q12901167,Nathan Bailey,re_british_islands,British Islands,1601.0,linguist,europe,British Islands
1142,Q6255771,John Rous,re_british_islands,British Islands,1411.0,historian,europe,British Islands
1153,Q964704,George Graham,re_british_islands,British Islands,1673.0,geologist,europe,British Islands
1158,Q5218244,Daniel Neal,re_british_islands,British Islands,1678.0,theologian | historian,europe,British Islands
1160,Q1397946,Lewis Bayly,re_british_islands,British Islands,1565.0,theologian | philosopher,europe,British Islands
1161,Q4718664,Alexander Cruden,re_british_islands,British Islands,1699.0,theologian,europe,British Islands
1163,Q18527537,Roger Collingwood,re_british_islands,British Islands,1495.0,mathematician,europe,British Islands
1167,Q935,Isaac Newton,re_british_islands,British Islands,1643.0,philosopher | mathematician,europe,British Islands
1174,Q518918,Thomas May,re_british_islands,British Islands,1595.0,historian,europe,British Islands
1181,Q18811413,William Sanderson,re_british_islands,British Islands,1586.0,historian,europe,British Islands
1183,Q957527,John Colet,re_british_islands,British Islands,1467.0,theologian,europe,British Islands
1184,Q379912,Bernard Mandeville,re_british_islands,British Islands,1670.0,philosopher | economist,europe,British Islands
1185,Q42544,Thomas More,re_british_islands,British Islands,1478.0,theologian | philosopher | historian,europe,British Islands
1186,Q7342197,Robert Bolton,re_british_islands,British Islands,1572.0,theologian,europe,British Islands
1189,Q468950,Richard Kilvington,re_british_islands,British Islands,1305.0,theologian | philosopher,europe,British Islands
1196,Q356769,Clopton Havers,re_british_islands,British Islands,1657.0,anatomist,europe,British Islands
1203,Q636694,Joseph Bingham,re_british_islands,British Islands,1668.0,theologian | historian,europe,British Islands
1207,Q7790680,Thomas Hill,re_british_islands,British Islands,1528.0,historian | mathematician,europe,British Islands
1209,Q6221281,John Beaumont,re_british_islands,British Islands,1650.0,geologist,europe,British Islands
1211,Q311625,Francesco Geminiani,re_british_islands,British Islands,1687.0,musicologist,europe,British Islands
1212,Q2250014,Gilbert Burnet,re_british_islands,British Islands,1643.0,theologian | linguist | historian,europe,British Islands
1223,Q15989949,John Davies,re_british_islands,British Islands,1679.0,philosopher,europe,British Islands
1225,Q354612,Leonard Plukenet,re_british_islands,British Islands,1642.0,botanist,europe,British Islands
1237,Q5480227,Francis Bigod,re_british_islands,British Islands,1507.0,linguist,europe,British Islands
1242,Q683784,George Bull,re_british_islands,British Islands,1634.0,theologian,europe,British Islands
1245,Q6238044,John Hart,re_british_islands,British Islands,1501.0,linguist,europe,British Islands
1249,Q1111054,John Abernethy,re_british_islands,British Islands,1680.0,theologian,europe,British Islands
1264,Q18672384,Thomas Beconsall,re_british_islands,British Islands,1664.0,philosopher,europe,British Islands
1270,Q471406,Elias Ashmole,re_british_islands,British Islands,1617.0,historian,europe,British Islands
1276,Q18534240,Nicholas Hunt,re_british_islands,British Islands,1596.0,mathematician,europe,British Islands
1279,Q3185355,Joseph Mede,re_british_islands,British Islands,1586.0,theologian,europe,British Islands
1281,Q257668,George Edwards,re_british_islands,British Islands,1694.0,zoologist,europe,British Islands
1283,Q1507112,George Cheyne,re_british_islands,British Islands,1671.0,philosopher,europe,British Islands
1285,Q1701960,John Tradescant the Younger,re_british_islands,British Islands,1608.0,botanist,europe,British Islands
1286,Q7074565,Obadiah Walker,re_british_islands,British Islands,1616.0,historian,europe,British Islands
1288,Q3525108,Thomas Farnaby,re_british_islands,British Islands,1575.0,linguist,europe,British Islands
1290,Q5541813,George Lokert,re_british_islands,British Islands,1485.0,theologian | philosopher,europe,British Islands
1293,Q115774,Nicolas Fatio de Duillier,re_british_islands,British Islands,1664.0,astronomer | mathematician,europe,British Islands
1302,Q6289828,Joshua Fry,re_british_islands,British Islands,1699.0,geographer,europe,British Islands
1310,Q5536909,George Benson,re_british_islands,British Islands,1699.0,theologian,europe,British Islands
1311,Q327782,Antoine Le Grand,re_british_islands,British Islands,1629.0,theologian | philosopher,europe,British Islands
1314,Q5082376,Charles Scarborough,re_british_islands,British Islands,1615.0,mathematician | anatomist,europe,British Islands
1320,Q3372144,Paul Rycaut,re_british_islands,British Islands,1629.0,historian,europe,British Islands
1321,Q18531041,William Blundell,re_british_islands,British Islands,1625.0,geographer,europe,British Islands
1330,Q2218033,Samuel Browne,re_british_islands,British Islands,1700.0,botanist,europe,British Islands
1331,Q2713252,Joseph Glanvill,re_british_islands,British Islands,1636.0,philosopher,europe,British Islands
1334,Q8005897,"William Brereton, 3rd Baron Brereton",re_british_islands,British Islands,1631.0,mathematician,europe,British Islands
1343,Q7341323,Robert Abbot,re_british_islands,British Islands,1588.0,theologian,europe,British Islands
1344,Q18671441,Henry Lord,re_british_islands,British Islands,1563.0,anthropologist,europe,British Islands
1351,Q967274,John Dumbleton,re_british_islands,British Islands,1310.0,mathematician,europe,British Islands
1354,Q173893,John Wycliffe,re_british_islands,British Islands,1320.0,theologian | philosopher,europe,British Islands
1359,Q8016642,William Patten,re_british_islands,British Islands,1548.0,historian,europe,British Islands
1366,Q3101523,George Dalgarno,re_british_islands,British Islands,1625.0,linguist | philosopher,europe,British Islands
1367,Q8009143,William Fleetwood,re_british_islands,British Islands,1656.0,economist,europe,British Islands
1375,Q334914,Mark Catesby,re_british_islands,British Islands,1683.0,botanist | zoologist,europe,British Islands
1379,Q3068356,Leonard Digges,re_british_islands,British Islands,1515.0,mathematician,europe,British Islands
1387,Q4778581,Hugh Ward,re_british_islands,British Islands,1592.0,anthropologist | geographer | historian | archeologist,europe,British Islands
1390,Q333481,James Ussher,re_british_islands,British Islands,1581.0,theologian | philosopher | historian,europe,British Islands
1391,Q6225424,John Case,re_british_islands,British Islands,1546.0,philosopher,europe,British Islands
1392,Q6257065,John Scott,re_british_islands,British Islands,1634.0,geographer,europe,British Islands
1403,Q6244290,John Le Neve,re_british_islands,British Islands,1679.0,historian,europe,British Islands
1406,Q3525268,Thomas Johnson,re_british_islands,British Islands,1600.0,botanist,europe,British Islands
1412,Q7787517,Thomas Beckington,re_british_islands,British Islands,1390.0,theologian,europe,British Islands
1426,Q104879934,Martin Master,re_british_islands,British Islands,1607.0,mathematician,europe,British Islands
1434,Q5728139,Henry Scrimgeour,re_british_islands,British Islands,1505.0,philosopher,europe,British Islands
1442,Q7411087,Samuel Chandler,re_british_islands,British Islands,1693.0,theologian,europe,British Islands
1446,Q7359222,Roger of Hereford,re_british_islands,British Islands,1170.0,astronomer,europe,British Islands
1450,Q707787,Robert Filmer,re_british_islands,British Islands,1588.0,philosopher,europe,British Islands
1456,Q3182736,John White,re_british_islands,British Islands,1540.0,geographer,europe,British Islands
1462,Q6218177,John Adams,re_british_islands,British Islands,1650.0,geographer,europe,British Islands
1463,Q3435427,Robert Hues,re_british_islands,British Islands,1553.0,geographer | mathematician,europe,British Islands
1464,Q5232088,David Calderwood,re_british_islands,British Islands,1575.0,theologian | historian,europe,British Islands
1465,Q7323683,Richard Alleine,re_british_islands,British Islands,1610.0,theologian,europe,British Islands
1466,Q212085,Brook Taylor,re_british_islands,British Islands,1685.0,mathematician,europe,British Islands
1469,Q37621,Thomas Hobbes,re_british_islands,British Islands,1588.0,philosopher | political scientist | mathematician | economist | historian,europe,British Islands
1470,Q331855,"Elizabeth Cary, Lady Falkland",re_british_islands,British Islands,1585.0,historian,europe,British Islands
1473,Q6259369,John Strang,re_british_islands,British Islands,1584.0,theologian,europe,British Islands
1476,Q61809158,Luis Soares,re_british_islands,British Islands,1547.0,theologian,europe,British Islands
1478,Q18732902,Lachlan Shaw,re_british_islands,British Islands,1686.0,historian,europe,British Islands
1480,Q3181865,John Kersey the elder,re_british_islands,British Islands,1616.0,mathematician,europe,British Islands
1481,Q7789713,Thomas Ford,re_british_islands,British Islands,1598.0,theologian,europe,British Islands
1489,Q1350818,Peter Collinson,re_british_islands,British Islands,1694.0,botanist,europe,British Islands
1497,Q7149918,Paul Colomiès,re_british_islands,British Islands,1638.0,philosopher | historian,europe,British Islands
1501,Q199894,Thomas Cranmer,re_british_islands,British Islands,1489.0,theologian,europe,British Islands
1507,Q1283501,"Sir Thomas Herbert, 1st Baronet",re_british_islands,British Islands,1606.0,historian,europe,British Islands
1511,Q1381719,William Paterson,re_british_islands,British Islands,1658.0,economist,europe,British Islands
1513,Q2138715,John Forbes,re_british_islands,British Islands,1593.0,theologian,europe,British Islands
1519,Q6256064,John Rutty,re_british_islands,British Islands,1697.0,chemist | anatomist,europe,British Islands
1528,Q2916076,Winston Churchill,re_british_islands,British Islands,1620.0,historian,europe,British Islands
1531,Q345524,William of Malmesbury,re_british_islands,British Islands,1080.0,historian,europe,British Islands
1535,Q18530912,Thomas Willisel,re_british_islands,British Islands,1621.0,zoologist,europe,British Islands
1537,Q1163083,Daniel Waterland,re_british_islands,British Islands,1683.0,theologian,europe,British Islands
1540,Q573040,Anthony Collins,re_british_islands,British Islands,1676.0,philosopher,europe,British Islands
1544,Q3084997,Walter Charleton,re_british_islands,British Islands,1619.0,philosopher | zoologist,europe,British Islands
1559,Q6136324,James Howell,re_british_islands,British Islands,1594.0,historian,europe,British Islands
1562,Q17479131,Georg Ritschel,re_british_islands,British Islands,1616.0,philosopher,europe,British Islands
1570,Q3568994,William Tennent,re_british_islands,British Islands,1673.0,theologian,europe,British Islands
1576,Q2880714,Matthew Mead,re_british_islands,British Islands,1629.0,theologian,europe,British Islands
1577,Q5538209,George Crawfurd,re_british_islands,British Islands,1681.0,historian,europe,British Islands
1578,Q2866292,Thomas Goodwin,re_british_islands,British Islands,1600.0,theologian,europe,British Islands
1615,Q4786373,Archibald Hutcheson,re_british_islands,British Islands,1659.0,economist,europe,British Islands
1617,Q5339360,Edmund Calamy,re_british_islands,British Islands,1671.0,historian,europe,British Islands
1633,Q15450350,Bernard Randolph,re_british_islands,British Islands,1643.0,geographer,europe,British Islands
1635,Q1367426,George Wishart,re_british_islands,British Islands,1513.0,theologian,europe,British Islands
1644,Q3517497,Temple Stanyan,re_british_islands,British Islands,1675.0,historian,europe,British Islands
1646,Q2846555,Andrew Balfour,re_british_islands,British Islands,1630.0,botanist,europe,British Islands
1648,Q6262964,John Warburton,re_british_islands,British Islands,1682.0,geographer,europe,British Islands
1651,Q15440038,Thomas Madox,re_british_islands,British Islands,1666.0,historian,europe,British Islands
1653,Q3340532,Nicolas Lloyd,re_british_islands,British Islands,1630.0,historian,europe,British Islands
1654,Q7787716,Thomas Blount,re_british_islands,British Islands,1618.0,linguist,europe,British Islands
1656,Q3499414,Alexander Stuart,re_british_islands,British Islands,1673.0,philosopher | physicist | anatomist,europe,British Islands
1667,Q1765666,Stephen Charnock,re_british_islands,British Islands,1628.0,theologian,europe,British Islands
1668,Q325984,Samuel Molyneux,re_british_islands,British Islands,1689.0,astronomer,europe,British Islands
1670,Q6241942,John Johnson,re_british_islands,British Islands,1662.0,theologian,europe,British Islands
1675,Q7349562,Robert Sanderson,re_british_islands,British Islands,1587.0,theologian,europe,British Islands
1682,Q1984850,Nicholas Barbon,re_british_islands,British Islands,1640.0,economist,europe,British Islands
1684,Q18546412,James Cunningham,re_british_islands,British Islands,1650.0,botanist,europe,British Islands
1687,Q16208090,Elisha Coles,re_british_islands,British Islands,1608.0,theologian,europe,British Islands
1690,Q686218,John Huxham,re_british_islands,British Islands,1692.0,physicist,europe,British Islands
1692,Q1610319,Herman Moll,re_british_islands,British Islands,1654.0,geographer,europe,British Islands
1695,Q164047,Alexander Pope,re_british_islands,British Islands,1688.0,philosopher,europe,British Islands
1697,Q921942,Samuel Purchas,re_british_islands,British Islands,1577.0,theologian,europe,British Islands
1702,Q2097515,Samuel Rutherford,re_british_islands,British Islands,1600.0,theologian,europe,British Islands
1709,Q913203,Brian Walton,re_british_islands,British Islands,1600.0,theologian,europe,British Islands
1712,Q1432211,Robert Norman,re_british_islands,British Islands,1560.0,geologist,europe,British Islands
1714,Q6249830,John Munro,re_british_islands,British Islands,1670.0,anatomist,europe,British Islands
1719,Q1279339,John Collins,re_british_islands,British Islands,1625.0,mathematician,europe,British Islands
1726,Q719623,Robert Moray,re_british_islands,British Islands,1609.0,chemist,europe,British Islands
1730,Q1765615,John Flavel,re_british_islands,British Islands,1630.0,theologian,europe,British Islands
1731,Q5619170,"Sir Matthew Decker, 1st Baronet",re_british_islands,British Islands,1679.0,economist,europe,British Islands
1733,Q18546919,William Courten,re_british_islands,British Islands,1642.0,zoologist,europe,British Islands
1735,Q313925,Thomas Browne,re_british_islands,British Islands,1605.0,philosopher,europe,British Islands
1737,Q2332520,Damaris Cudworth Masham,re_british_islands,British Islands,1659.0,philosopher,europe,British Islands
1746,Q1645230,Johann Schöner,re_british_islands,British Islands,1597.0,mathematician,europe,British Islands
1748,Q18917758,William Wilkinson,re_british_islands,British Islands,1551.0,theologian,europe,British Islands
1750,Q315402,Thomas Harriot,re_british_islands,British Islands,1560.0,geographer | astronomer | linguist | mathematician,europe,British Islands
1753,Q7343214,Robert Crosse,re_british_islands,British Islands,1606.0,theologian,europe,British Islands
1757,Q317098,Lanfranc,re_british_islands,British Islands,1005.0,theologian | philosopher,europe,British Islands
1758,Q6076012,Isaac Bargrave,re_british_islands,British Islands,1586.0,theologian,europe,British Islands
1775,Q189937,John Knox,re_british_islands,British Islands,1514.0,theologian,europe,British Islands
1779,Q2978360,Claudius Hollyband,re_british_islands,British Islands,1534.0,linguist,europe,British Islands
1783,Q652097,Hector Boece,re_british_islands,British Islands,1465.0,philosopher | historian,europe,British Islands
1784,Q5343717,Edward James,re_british_islands,British Islands,1569.0,linguist,europe,British Islands
1789,Q6251426,John Overall,re_british_islands,British Islands,1560.0,theologian,europe,British Islands
1790,Q15984834,William Buckley,re_british_islands,British Islands,1519.0,mathematician,europe,British Islands
1799,Q3014885,Daniel of Morley,re_british_islands,British Islands,1140.0,philosopher,europe,British Islands
1800,Q783318,William Dugdale,re_british_islands,British Islands,1605.0,historian,europe,British Islands
1801,Q108206,John Bunyan,re_british_islands,British Islands,1628.0,theologian,europe,British Islands
1804,Q302402,Ralph de Diceto,re_british_islands,British Islands,1200.0,historian,europe,British Islands
1821,Q4251069,Thomas Colepeper,re_british_islands,British Islands,1578.0,economist,europe,British Islands
1826,Q7411275,Samuel Doody,re_british_islands,British Islands,1656.0,botanist,europe,British Islands
1829,Q6290712,Josias Shute,re_british_islands,British Islands,1588.0,theologian,europe,British Islands
1836,Q6257310,John Sergeant,re_british_islands,British Islands,1623.0,theologian | philosopher,europe,British Islands
1837,Q6248871,John Milner,re_british_islands,British Islands,1628.0,theologian,europe,British Islands
1845,Q3568664,William Gouge,re_british_islands,British Islands,1578.0,theologian,europe,British Islands
1847,Q762659,Patrick Adamson,re_british_islands,British Islands,1537.0,theologian,europe,British Islands
1853,Q236699,Julian of Norwich,re_british_islands,British Islands,1343.0,theologian,europe,British Islands
1856,Q7787454,Thomas Baskerville,re_british_islands,British Islands,1630.0,geographer,europe,British Islands
1858,Q3181469,John Falconer,re_british_islands,British Islands,1450.0,botanist,europe,British Islands
1864,Q1637291,Humphry Ditton,re_british_islands,British Islands,1675.0,philosopher | mathematician,europe,British Islands
1867,Q6243835,John Lake,re_british_islands,British Islands,1624.0,theologian,europe,British Islands
1869,Q1607145,Henry Pemberton,re_british_islands,British Islands,1694.0,physicist,europe,British Islands
1878,Q18530140,John Blackburne,re_british_islands,British Islands,1694.0,botanist,europe,British Islands
1880,Q647081,John Bainbridge,re_british_islands,British Islands,1582.0,astronomer,europe,British Islands
1881,Q5339380,Edmund Chishull,re_british_islands,British Islands,1670.0,theologian | historian,europe,British Islands
1884,Q16203872,Joseph Besse,re_british_islands,British Islands,1683.0,theologian,europe,British Islands
1899,Q428289,William Winstanley,re_british_islands,British Islands,1628.0,historian,europe,British Islands
1924,Q5718418,Henry Bourne,re_british_islands,British Islands,1694.0,historian,europe,British Islands
1933,Q46830,Robert Hooke,re_british_islands,British Islands,1635.0,philosopher | physicist | astronomer | anatomist,europe,British Islands
1940,Q4771985,Anthony Allen,re_british_islands,British Islands,1685.0,linguist,europe,British Islands
1947,Q1501553,Thomas Cartwright,re_british_islands,British Islands,1535.0,theologian,europe,British Islands
1950,Q242388,John Flamsteed,re_british_islands,British Islands,1646.0,astronomer,europe,British Islands
1954,Q240336,Emanuel van Meteren,re_british_islands,British Islands,1535.0,historian,europe,British Islands
1957,Q1051814,Cave Beck,re_british_islands,British Islands,1623.0,linguist,europe,British Islands
1958,Q453697,Robert Fludd,re_british_islands,British Islands,1574.0,musicologist | philosopher | physicist | mathematician,europe,British Islands
1961,Q212127,William Perkins,re_british_islands,British Islands,1558.0,theologian,europe,British Islands
1971,Q7342272,Robert Boyd,re_british_islands,British Islands,1578.0,theologian,europe,British Islands
1978,Q332130,Dunstan,re_british_islands,British Islands,909.0,theologian,europe,British Islands
1980,Q1357237,John Capgrave,re_british_islands,British Islands,1393.0,historian,europe,British Islands
1986,Q1090266,William Gascoigne,re_british_islands,British Islands,1612.0,astronomer | mathematician,europe,British Islands
1991,Q2057615,Henry Aldrich,re_british_islands,British Islands,1648.0,theologian | philosopher,europe,British Islands
1995,Q2368376,Richard of Devizes,re_british_islands,British Islands,1150.0,historian,europe,British Islands
2003,Q1335413,John of Fordun,re_british_islands,British Islands,1301.0,historian,europe,British Islands
2012,Q106389251,William Vernon (c. 1666-1711),re_british_islands,British Islands,1666.0,botanist | zoologist,europe,British Islands
2015,Q7184099,Philip Morant,re_british_islands,British Islands,1700.0,historian,europe,British Islands
2027,Q2747596,John Keill,re_british_islands,British Islands,1671.0,astronomer | physicist | mathematician,europe,British Islands
2028,Q973491,Gregory King,re_british_islands,British Islands,1648.0,economist | mathematician,europe,British Islands
2032,Q2075806,Peter Annet,re_british_islands,British Islands,1693.0,theologian | philosopher,europe,British Islands
2043,Q5290583,Dominic Lynch,re_british_islands,British Islands,1622.0,theologian,europe,British Islands
2051,Q726087,Richard Bradley,re_british_islands,British Islands,1688.0,botanist,europe,British Islands
2054,Q8020569,William Worcester,re_british_islands,British Islands,1415.0,historian,europe,British Islands
2055,Q6228395,John Dakyn,re_british_islands,British Islands,1497.0,historian,europe,British Islands
2058,Q2613779,Adam of Dryburgh,re_british_islands,British Islands,1140.0,theologian,europe,British Islands
2060,Q437352,Alexander Monro,re_british_islands,British Islands,1697.0,anatomist,europe,British Islands
2064,Q22952563,Andrew Glen,re_british_islands,British Islands,1666.0,botanist,europe,British Islands
2079,Q3132744,Henry Dodwell,re_british_islands,British Islands,1641.0,theologian | historian,europe,British Islands
2081,Q6226209,John Clarke,re_british_islands,British Islands,1682.0,philosopher,europe,British Islands
2082,Q1227536,John Caius,re_british_islands,British Islands,1510.0,physicist,europe,British Islands
2083,Q8020629,William Wynne,re_british_islands,British Islands,1671.0,historian,europe,British Islands
2095,Q1282455,John Playford,re_british_islands,British Islands,1623.0,musicologist,europe,British Islands
2101,Q730540,Thomas Linacre,re_british_islands,British Islands,1460.0,mathematician,europe,British Islands
2105,Q139238,Richard Burthogge,re_british_islands,British Islands,1638.0,philosopher,europe,British Islands
2116,Q2076653,"Sir Peter Leycester, 1st Baronet",re_british_islands,British Islands,1614.0,archeologist | historian,europe,British Islands
2118,Q348340,Sebastian Cabot,re_british_islands,British Islands,1476.0,geographer,europe,British Islands
2119,Q365046,Thomas Aikenhead,re_british_islands,British Islands,1676.0,theologian,europe,British Islands
2123,Q1380695,William Whitaker,re_british_islands,British Islands,1548.0,theologian,europe,British Islands
2124,Q142187,Thomas Britton,re_british_islands,British Islands,1644.0,chemist,europe,British Islands
2129,Q7788555,Thomas Comber,re_british_islands,British Islands,1575.0,linguist,europe,British Islands
2134,Q1751724,Nicholas Trivet,re_british_islands,British Islands,1257.0,historian,europe,British Islands
2136,Q2506658,Jacques le Moyne,re_british_islands,British Islands,1533.0,geographer,europe,British Islands
2143,Q2423785,Thomas Fairchild,re_british_islands,British Islands,1667.0,botanist | paleontologist,europe,British Islands
2146,Q537034,Isaac Watts,re_british_islands,British Islands,1674.0,theologian | philosopher,europe,British Islands
2148,Q6226827,John Conant,re_british_islands,British Islands,1608.0,theologian,europe,British Islands
2149,Q968686,George Hadley,re_british_islands,British Islands,1685.0,meteorologist | physicist,europe,British Islands
2152,Q281661,Robert Morison,re_british_islands,British Islands,1620.0,botanist,europe,British Islands
2158,Q352584,John Spottiswoode,re_british_islands,British Islands,1565.0,historian,europe,British Islands
2167,Q364239,William Camden,re_british_islands,British Islands,1551.0,historian,europe,British Islands
2182,Q260404,"Anne Conway, Viscountess Conway",re_british_islands,British Islands,1631.0,philosopher,europe,British Islands
2184,Q5545258,George Tollet,re_british_islands,British Islands,1601.0,mathematician,europe,British Islands
2185,Q18671808,John Higgins,re_british_islands,British Islands,1545.0,linguist,europe,British Islands
2188,Q1294098,Edward Willes,re_british_islands,British Islands,1693.0,mathematician,europe,British Islands
2189,Q431324,Walter Map,re_british_islands,British Islands,1140.0,historian,europe,British Islands
2201,Q1522980,Gottfried Keller,re_british_islands,British Islands,1650.0,musicologist,europe,British Islands
2203,Q438141,Thomas Morley,re_british_islands,British Islands,1559.0,musicologist,europe,British Islands
2207,Q6969728,Nathaniel Lardner,re_british_islands,British Islands,1684.0,theologian,europe,British Islands
2209,Q1293932,Edward Tyson,re_british_islands,British Islands,1651.0,zoologist | anatomist,europe,British Islands
2216,Q107053393,William Berry,re_british_islands,British Islands,1639.0,geographer,europe,British Islands
2219,Q7786944,Thomas Adams,re_british_islands,British Islands,1583.0,theologian,europe,British Islands
2222,Q2472994,Charles Blount,re_british_islands,British Islands,1654.0,philosopher,europe,British Islands
2227,Q5544232,George Sale,re_british_islands,British Islands,1697.0,linguist,europe,British Islands
2247,Q927848,Nicholas Saunderson,re_british_islands,British Islands,1682.0,mathematician,europe,British Islands
2260,Q3938268,Robert Ferguson,re_british_islands,British Islands,1637.0,historian,europe,British Islands
2262,Q1239514,John Bois,re_british_islands,British Islands,1561.0,historian,europe,British Islands
2265,Q37388,Francis Bacon,re_british_islands,British Islands,1561.0,philosopher,europe,British Islands
2270,Q725632,George Starkey,re_british_islands,British Islands,1628.0,chemist,europe,British Islands
2275,Q6282461,Joseph Dandridge,re_british_islands,British Islands,1665.0,zoologist,europe,British Islands
2288,Q2345130,Stephen Switzer,re_british_islands,British Islands,1682.0,historian,europe,British Islands
2290,Q555575,Francis Willughby,re_british_islands,British Islands,1635.0,zoologist,europe,British Islands
2291,Q1378752,Francis Hauksbee,re_british_islands,British Islands,1660.0,physicist | mathematician | zoologist,europe,British Islands
2298,Q969183,James Harrington,re_british_islands,British Islands,1611.0,sociologist,europe,British Islands
2300,Q18672265,Roger Manley,re_british_islands,British Islands,1626.0,historian,europe,British Islands
2303,Q2624753,William Morgan,re_british_islands,British Islands,1547.0,linguist,europe,British Islands
2306,Q365463,Cornelis Drebbel,re_british_islands,British Islands,1572.0,physicist | chemist,europe,British Islands
2307,Q65032259,Samuel Thornton,re_british_islands,British Islands,1700.0,geographer,europe,British Islands
2311,Q266609,Robert Copland,re_british_islands,British Islands,1515.0,linguist,europe,British Islands
2314,Q2156361,Robert Anderson,re_british_islands,British Islands,1666.0,mathematician,europe,British Islands
2318,Q6818932,Meredith Hanmer,re_british_islands,British Islands,1543.0,historian,europe,British Islands
2321,Q1237075,Robert Barnes,re_british_islands,British Islands,1495.0,theologian,europe,British Islands
2331,Q7793305,Thomas Prior,re_british_islands,British Islands,1680.0,economist,europe,British Islands
2343,Q18535021,William de Montibus,re_british_islands,British Islands,1140.0,theologian,europe,British Islands
2344,Q14946873,James Keill,re_british_islands,British Islands,1673.0,philosopher | anatomist,europe,British Islands
2346,Q200397,Abraham de Moivre,re_british_islands,British Islands,1667.0,mathematician,europe,British Islands
2352,Q721312,John Mayow,re_british_islands,British Islands,1640.0,chemist | anatomist,europe,British Islands
2353,Q18756844,John Oliver,re_british_islands,British Islands,1617.0,geographer,europe,British Islands
2358,Q370537,Edmund Bolton,re_british_islands,British Islands,1574.0,historian,europe,British Islands
2363,Q1316755,John Lightfoot,re_british_islands,British Islands,1602.0,theologian,europe,British Islands
2365,Q2580220,William Penbygull,re_british_islands,British Islands,1400.0,philosopher,europe,British Islands
2368,Q332470,"Henry St John, 1st Viscount Bolingbroke",re_british_islands,British Islands,1678.0,philosopher | historian,europe,British Islands
2390,Q1960921,Arthur Collier,re_british_islands,British Islands,1680.0,theologian | philosopher,europe,British Islands
2392,Q7346289,Robert Keith,re_british_islands,British Islands,1681.0,historian,europe,British Islands
2399,Q7349725,Robert Sharrock,re_british_islands,British Islands,1630.0,botanist | philosopher,europe,British Islands
2402,Q715203,Thomas Burnet,re_british_islands,British Islands,1635.0,theologian | philosopher,europe,British Islands
2405,Q670599,John Lambert,re_british_islands,British Islands,1500.0,theologian,europe,British Islands
2406,Q7411117,Samuel Clarke,re_british_islands,British Islands,1684.0,theologian,europe,British Islands
2407,Q5345838,Edward Wells,re_british_islands,British Islands,1667.0,theologian | geographer | mathematician,europe,British Islands
2409,Q18821944,William Smith,re_british_islands,British Islands,1550.0,geographer,europe,British Islands
2410,Q1234985,John Bale,re_british_islands,British Islands,1495.0,theologian | historian,europe,British Islands
2412,Q5362721,Elizabeth Elstob,re_british_islands,British Islands,1683.0,linguist | historian,europe,British Islands
2413,Q7326498,Richard Holdsworth,re_british_islands,British Islands,1590.0,theologian,europe,British Islands
2421,Q676541,John Cooper,re_british_islands,British Islands,1570.0,musicologist,europe,British Islands
2422,Q334268,Roger L'Estrange,re_british_islands,British Islands,1616.0,linguist,europe,British Islands
2430,Q364975,Richard Cantillon,re_british_islands,British Islands,1680.0,philosopher | economist,europe,British Islands
2436,Q14945632,William Reade,re_british_islands,British Islands,1283.0,mathematician,europe,British Islands
2444,Q3181255,John Colgan,re_british_islands,British Islands,1592.0,historian,europe,British Islands
2447,Q514000,Jan Utenhove,re_british_islands,British Islands,1516.0,theologian,europe,British Islands
2450,Q6231677,John Ellis,re_british_islands,British Islands,1606.0,theologian,europe,British Islands
2457,Q4216105,William Carstares,re_british_islands,British Islands,1649.0,theologian,europe,British Islands
2458,Q647264,John Hooper,re_british_islands,British Islands,1495.0,theologian,europe,British Islands
2464,Q1680975,James Petiver,re_british_islands,British Islands,1663.0,botanist | zoologist,europe,British Islands
2468,Q3471080,Samuel Colliber,re_british_islands,British Islands,1650.0,philosopher,europe,British Islands
2470,Q668763,Thomas Muffet,re_british_islands,British Islands,1553.0,zoologist,europe,British Islands
2484,Q18674117,Malachy Hartry,re_british_islands,British Islands,1580.0,historian,europe,British Islands
2486,Q283244,John Downes,re_british_islands,British Islands,1600.0,historian,europe,British Islands
2491,Q6837358,Michael Moore,re_british_islands,British Islands,1640.0,philosopher,europe,British Islands
2492,Q5543081,George Owen,re_british_islands,British Islands,1552.0,geologist | geographer | anatomist,europe,British Islands
2517,Q7792400,Thomas Merry,re_british_islands,British Islands,1605.0,mathematician,europe,British Islands
2520,Q465329,Stephen Langton,re_british_islands,British Islands,1150.0,theologian,europe,British Islands
2522,Q5218717,Daniel Scott,re_british_islands,British Islands,1694.0,theologian | linguist,europe,British Islands
2523,Q6231388,John Edwards,re_british_islands,British Islands,1637.0,theologian,europe,British Islands
2532,Q6242343,John K'Eogh,re_british_islands,British Islands,1681.0,anatomist,europe,British Islands
2534,Q3525718,Thomas of Sutton,re_british_islands,British Islands,1230.0,theologian,europe,British Islands
2540,Q2359434,Mary Astell,re_british_islands,British Islands,1666.0,philosopher,europe,British Islands
2541,Q201484,John Dee,re_british_islands,British Islands,1527.0,geographer | astronomer | philosopher | mathematician,europe,British Islands
2543,Q3569049,William of Macclesfield,re_british_islands,British Islands,1250.0,theologian,europe,British Islands
2545,Q545363,Henry Vaughan,re_british_islands,British Islands,1621.0,economist,europe,British Islands
2554,Q6969685,Nathaniel Hooke,re_british_islands,British Islands,1690.0,historian,europe,British Islands
2555,Q18529292,Thomas Leintwardine,re_british_islands,British Islands,1363.0,theologian,europe,British Islands
2564,Q2706259,Richard Cumberland,re_british_islands,British Islands,1631.0,theologian | philosopher,europe,British Islands
2565,Q6223079,John Brereton,re_british_islands,British Islands,1572.0,historian,europe,British Islands
2567,Q312278,James Bradley,re_british_islands,British Islands,1693.0,astronomer,europe,British Islands
2573,Q743506,Edmund Bonner,re_british_islands,British Islands,1500.0,theologian,europe,British Islands
2578,Q18528219,Seth Partridge,re_british_islands,British Islands,1604.0,mathematician,europe,British Islands
2584,Q315197,Stephen Gray,re_british_islands,British Islands,1666.0,physicist | chemist,europe,British Islands
2586,Q330967,Emanuel Bowen,re_british_islands,British Islands,1694.0,geographer,europe,British Islands
2598,Q19874628,Jane Squire,re_british_islands,British Islands,1686.0,mathematician,europe,British Islands
2600,Q7411150,Samuel Collins,re_british_islands,British Islands,1576.0,theologian,europe,British Islands
2609,Q5159083,Concubhair Mac Bruideadha,re_british_islands,British Islands,1631.0,historian,europe,British Islands
2611,Q20751801,Edward Evans,re_british_islands,British Islands,1582.0,theologian,europe,British Islands
2618,Q5339760,Edmund Prys,re_british_islands,British Islands,1544.0,linguist,europe,British Islands
2619,Q6290300,Joshua Ward,re_british_islands,British Islands,1685.0,chemist,europe,British Islands
2625,Q8015973,William Musgrave,re_british_islands,British Islands,1655.0,physicist,europe,British Islands
2640,Q221125,William Dampier,re_british_islands,British Islands,1651.0,botanist,europe,British Islands
2647,Q6262711,John Walker,re_british_islands,British Islands,1674.0,historian,europe,British Islands
2648,Q721636,Ralph of Coggeshall,re_british_islands,British Islands,1101.0,historian,europe,British Islands
2649,Q256288,John Parkinson,re_british_islands,British Islands,1567.0,botanist,europe,British Islands
2650,Q1263002,Dubhaltach Mac Fhirbhisigh,re_british_islands,British Islands,1585.0,archeologist | linguist | historian,europe,British Islands
2651,Q6915916,Moses Pitt,re_british_islands,British Islands,1639.0,geographer,europe,British Islands
2654,Q381039,John Wilkins,re_british_islands,British Islands,1614.0,theologian,europe,British Islands
2655,Q3595369,Arthur Agarde,re_british_islands,British Islands,1536.0,archeologist | historian,europe,British Islands
2656,Q3431263,Richard Taverner,re_british_islands,British Islands,1505.0,linguist,europe,British Islands
2669,Q359143,"Henry Percy, 9th Earl of Northumberland",re_british_islands,British Islands,1564.0,geographer | astronomer | mathematician,europe,British Islands
2672,Q2577971,William Ball,re_british_islands,British Islands,1627.0,astronomer,europe,British Islands
2676,Q18672108,Richard Kilburne,re_british_islands,British Islands,1605.0,geographer,europe,British Islands
2678,Q7788603,Thomas Cooper,re_british_islands,British Islands,1517.0,linguist,europe,British Islands
2679,Q93128,William Harvey,re_british_islands,British Islands,1578.0,anatomist,europe,British Islands
2680,Q15994322,William Braikenridge,re_british_islands,British Islands,1700.0,mathematician,europe,British Islands
2681,Q6223168,John Bridges,re_british_islands,British Islands,1666.0,geographer,europe,British Islands
2685,Q5563848,Giovanni Francisco Vigani,re_british_islands,British Islands,1650.0,chemist,europe,British Islands
2687,Q104991066,Michael Dary,re_british_islands,British Islands,1613.0,mathematician,europe,British Islands
2688,Q743303,John Goodyer,re_british_islands,British Islands,1592.0,botanist,europe,British Islands
2696,Q1915676,Thomas Boston,re_british_islands,British Islands,1676.0,theologian,europe,British Islands
2717,Q3182168,John Newton,re_british_islands,British Islands,1622.0,astronomer | mathematician,europe,British Islands
2721,Q330614,Abraham Sharp,re_british_islands,British Islands,1653.0,astronomer | mathematician,europe,British Islands
2726,Q2713698,William Habington,re_british_islands,British Islands,1605.0,historian,europe,British Islands
2731,Q5079008,Charles Herle,re_british_islands,British Islands,1598.0,theologian,europe,British Islands
2737,Q43939,Anselm of Canterbury,re_british_islands,British Islands,1033.0,theologian | philosopher,europe,British Islands
2743,Q3182195,John Norris,re_british_islands,British Islands,1657.0,theologian | philosopher,europe,British Islands
2744,Q1047779,William Cowper,re_british_islands,British Islands,1666.0,anatomist,europe,British Islands
2746,Q6525197,Leonard Cox,re_british_islands,British Islands,1495.0,linguist,europe,British Islands
2753,Q3170511,John Balguy,re_british_islands,British Islands,1686.0,theologian | philosopher,europe,British Islands
2755,Q17485635,Styan Thirlby,re_british_islands,British Islands,1686.0,theologian,europe,British Islands
2757,Q1225374,Richard Mulcaster,re_british_islands,British Islands,1530.0,linguist,europe,British Islands
2768,Q170373,Christopher Wren,re_british_islands,British Islands,1632.0,astronomer | physicist | mathematician | anatomist,europe,British Islands
2772,Q1319217,Méric Casaubon,re_british_islands,British Islands,1599.0,philosopher,europe,British Islands
2774,Q268691,Joseph Caryl,re_british_islands,British Islands,1602.0,theologian,europe,British Islands
2789,Q5941597,Humphrey Prideaux,re_british_islands,British Islands,1648.0,theologian,europe,British Islands
2797,Q3990623,Thomas Fuller,re_british_islands,British Islands,1654.0,historian,europe,British Islands
2804,Q1335364,John of Worcester,re_british_islands,British Islands,1100.0,historian,europe,British Islands
2817,Q7965083,Walter Harris,re_british_islands,British Islands,1686.0,historian,europe,British Islands
2822,Q3048512,Edward Fairfax,re_british_islands,British Islands,1580.0,linguist,europe,British Islands
2823,Q7287226,Ralph Battell,re_british_islands,British Islands,1649.0,theologian,europe,British Islands
2825,Q7327123,Richard Knolles,re_british_islands,British Islands,1545.0,historian,europe,British Islands
2828,Q2821826,Abraham Fleming,re_british_islands,British Islands,1552.0,linguist,europe,British Islands
2833,Q954735,Samuel Daniel,re_british_islands,British Islands,1563.0,historian,europe,British Islands
2834,Q389096,Gavin Douglas,re_british_islands,British Islands,1474.0,linguist,europe,British Islands
2836,Q18671628,James Newton,re_british_islands,British Islands,1664.0,botanist,europe,British Islands
2841,Q2821489,Abel Boyer,re_british_islands,British Islands,1667.0,linguist,europe,British Islands
2847,Q451667,Roger Cotes,re_british_islands,British Islands,1682.0,astronomer | physicist | mathematician,europe,British Islands
2851,Q18576953,Roger Dymoke,re_british_islands,British Islands,1350.0,theologian,europe,British Islands
2854,Q8018052,William Salesbury,re_british_islands,British Islands,1520.0,linguist,europe,British Islands
2856,Q15463126,Israel Tonge,re_british_islands,British Islands,1621.0,theologian,europe,British Islands
2865,Q18945764,Richard White,re_british_islands,British Islands,1590.0,physicist | mathematician,europe,British Islands
2872,Q680070,Richard Baxter,re_british_islands,British Islands,1615.0,theologian | philosopher,europe,British Islands
2874,Q2595492,Thomas Ellwood,re_british_islands,British Islands,1639.0,theologian,europe,British Islands
2882,Q18576207,Geoffrey Hardeby,re_british_islands,British Islands,1320.0,theologian,europe,British Islands
2886,Q8724383,Patrick Abercromby,re_british_islands,British Islands,1656.0,historian,europe,British Islands
2890,Q5339928,Edmund Wingate,re_british_islands,British Islands,1596.0,mathematician,europe,British Islands
2891,Q521638,Thomas Street,re_british_islands,British Islands,1621.0,astronomer,europe,British Islands
2892,Q336868,John Potter,re_british_islands,British Islands,1674.0,historian,europe,British Islands
2896,Q5423145,Ezekiel Hopkins,re_british_islands,British Islands,1634.0,theologian,europe,British Islands
2897,Q312017,Stephen Hales,re_british_islands,British Islands,1677.0,botanist | physicist | chemist | anatomist,europe,British Islands
2901,Q835863,John Craig,re_british_islands,British Islands,1663.0,mathematician,europe,British Islands
2907,Q1245028,John Speed,re_british_islands,British Islands,1552.0,geographer | historian,europe,British Islands
2908,Q450914,William Borlase,re_british_islands,British Islands,1695.0,geologist | archeologist,europe,British Islands
2918,Q3340826,Nicolas Tindal,re_british_islands,British Islands,1688.0,historian,europe,British Islands
2921,Q6231378,John Edwards,re_british_islands,British Islands,1605.0,linguist,europe,British Islands
2922,Q18734029,Philip Norris,re_british_islands,British Islands,1400.0,theologian,europe,British Islands
2923,Q5940778,Humfrey Wanley,re_british_islands,British Islands,1672.0,linguist,europe,British Islands
2930,Q700422,Henry Oldenburg,re_british_islands,British Islands,1619.0,philosopher,europe,British Islands
2936,Q658008,John Theophilus Desaguliers,re_british_islands,British Islands,1683.0,philosopher | physicist,europe,British Islands
2946,Q268474,John Owen,re_british_islands,British Islands,1616.0,theologian,europe,British Islands
2948,Q18559881,Thomas Danett,re_british_islands,British Islands,1543.0,historian,europe,British Islands
2953,Q562265,John Harris,re_british_islands,British Islands,1666.0,philosopher | mathematician,europe,British Islands
2959,Q889609,Robert Plot,re_british_islands,British Islands,1640.0,archeologist | chemist | anatomist,europe,British Islands
2960,Q18576914,Robert Hawes,re_british_islands,British Islands,1665.0,geographer,europe,British Islands
2971,Q1765644,Thomas Brooks,re_british_islands,British Islands,1608.0,theologian,europe,British Islands
2979,Q1680887,James Nayler,re_british_islands,British Islands,1618.0,theologian,europe,British Islands
2983,Q3018107,David Hume of Godscroft,re_british_islands,British Islands,1558.0,historian,europe,British Islands
3001,Q3568450,William Bourne,re_british_islands,British Islands,1535.0,mathematician,europe,British Islands
3002,Q5545814,George Walker,re_british_islands,British Islands,1581.0,theologian,europe,British Islands
3011,Q3403131,Theophilus Evans,re_british_islands,British Islands,1693.0,historian,europe,British Islands
3014,Q313906,James Gregory,re_british_islands,British Islands,1638.0,astronomer | mathematician,europe,British Islands
3015,Q18672337,Simon of Hinton,re_british_islands,British Islands,1248.0,theologian,europe,British Islands
3027,Q1083058,Théodore de Mayerne,re_british_islands,British Islands,1573.0,chemist,europe,British Islands
3030,Q70119,Paul Fagius,re_british_islands,British Islands,1504.0,theologian,europe,British Islands
3033,Q7793185,Thomas Playfere,re_british_islands,British Islands,1562.0,theologian,europe,British Islands
3036,Q7342145,Robert Blair,re_british_islands,British Islands,1593.0,theologian,europe,British Islands
3047,Q209152,William Penn,re_british_islands,British Islands,1644.0,theologian | philosopher,europe,British Islands
3049,Q7351202,Robert Wodrow,re_british_islands,British Islands,1679.0,historian,europe,British Islands
3053,Q2126785,Ralph Niger,re_british_islands,British Islands,1140.0,historian,europe,British Islands
3059,Q15300202,Anton Wilhelm Böhme,re_british_islands,British Islands,1673.0,linguist,europe,British Islands
3066,Q316367,Francis Hutcheson,re_british_islands,British Islands,1694.0,theologian | philosopher | economist,europe,British Islands
3071,Q7789958,Thomas Gataker,re_british_islands,British Islands,1574.0,theologian,europe,British Islands
3074,Q2044035,Thomas Traherne,re_british_islands,British Islands,1636.0,theologian,europe,British Islands
3076,Q3774295,Adam Buddle,re_british_islands,British Islands,1662.0,botanist,europe,British Islands
3092,Q2659512,Bernard Gilpin,re_british_islands,British Islands,1517.0,theologian,europe,British Islands
3094,Q3401937,Thomas Carte,re_british_islands,British Islands,1686.0,historian,europe,British Islands
3107,Q6248957,John Minsheu,re_british_islands,British Islands,1560.0,linguist,europe,British Islands
3108,Q321390,Adam of Balsham,re_british_islands,British Islands,1105.0,philosopher | mathematician,europe,British Islands
3111,Q429749,John Bramhall,re_british_islands,British Islands,1594.0,theologian,europe,British Islands
3116,Q335086,Henry Briggs,re_british_islands,British Islands,1561.0,mathematician,europe,British Islands
3121,Q950850,Samuel Morland,re_british_islands,British Islands,1625.0,mathematician,europe,British Islands
3126,Q3431220,Richard Sibbes,re_british_islands,British Islands,1577.0,theologian,europe,British Islands
3129,Q318673,Thomas Gresham,re_british_islands,British Islands,1519.0,economist,europe,British Islands
3130,Q354631,Jeremiah Horrocks,re_british_islands,British Islands,1618.0,astronomer | mathematician,europe,British Islands
3139,Q21165287,Philip Skippon,re_british_islands,British Islands,1641.0,botanist,europe,British Islands
3149,Q3748862,Fortunio Affaitati,re_british_islands,British Islands,1510.0,philosopher,europe,British Islands
3160,Q18757168,Thomas Phelps,re_british_islands,British Islands,1694.0,astronomer,europe,British Islands
3167,Q7324632,Richard Carpenter,re_british_islands,British Islands,1575.0,theologian,europe,British Islands
3177,Q3218889,Laurence Echard,re_british_islands,British Islands,1670.0,historian,europe,British Islands
3188,Q7341485,Robert Alyngton,re_british_islands,British Islands,1355.0,philosopher,europe,British Islands
3190,Q4990594,"Cassandra Willoughby, Duchess of Chandos",re_british_islands,British Islands,1670.0,historian,europe,British Islands
3192,Q325849,Martin Folkes,re_british_islands,British Islands,1690.0,astronomer | mathematician,europe,British Islands
3193,Q5602097,William Capon,re_british_islands,British Islands,1480.0,theologian,europe,British Islands
3196,Q7878018,Uthred of Boldon,re_british_islands,British Islands,1320.0,theologian,europe,British Islands
3199,Q608093,Anthony Jenkinson,re_british_islands,British Islands,1529.0,historian,europe,British Islands
3201,Q41166,Jonathan Swift,re_british_islands,British Islands,1667.0,philosopher,europe,British Islands
3203,Q312678,Philip Miller,re_british_islands,British Islands,1691.0,botanist,europe,British Islands
3204,Q1788686,Edward Lee,re_british_islands,British Islands,1482.0,theologian,europe,British Islands
3206,Q435816,John Arbuthnot,re_british_islands,British Islands,1667.0,mathematician,europe,British Islands
3210,Q21166005,Edmund King,re_british_islands,British Islands,1630.0,zoologist,europe,British Islands
3212,Q2141696,William Turner,re_british_islands,British Islands,1510.0,botanist | zoologist,europe,British Islands
3213,Q18732394,John Nicholls,re_british_islands,British Islands,1555.0,theologian,europe,British Islands
3215,Q3180358,Jofroi of Waterford,re_british_islands,British Islands,1250.0,linguist,europe,British Islands
3217,Q381073,Samuel Clarke,re_british_islands,British Islands,1675.0,theologian | philosopher | physicist | mathematician,europe,British Islands
3218,Q3530145,Tobias Matthew,re_british_islands,British Islands,1546.0,theologian,europe,British Islands
3220,Q18526985,Richard Widmore,re_british_islands,British Islands,1681.0,historian,europe,British Islands
3236,Q7795379,Thomas Young,re_british_islands,British Islands,1587.0,theologian,europe,British Islands
3237,Q712899,Richard Bentley,re_british_islands,British Islands,1662.0,theologian,europe,British Islands
3242,Q5394199,George Rust,re_british_islands,British Islands,1628.0,theologian | philosopher,europe,British Islands
3252,Q2758907,James Sherard,re_british_islands,British Islands,1666.0,botanist,europe,British Islands
3253,Q1288869,Alexander Cunningham,re_british_islands,British Islands,1654.0,historian,europe,British Islands
3255,Q15486039,James Ware,re_british_islands,British Islands,1594.0,historian,europe,British Islands
3259,Q7787871,Thomas Brett,re_british_islands,British Islands,1667.0,theologian,europe,British Islands
3260,Q218322,Joseph Butler,re_british_islands,British Islands,1692.0,theologian | philosopher,europe,British Islands
3263,Q4444796,Thomas Stanley,re_british_islands,British Islands,1625.0,historian,europe,British Islands
3275,Q7789052,Thomas Drant,re_british_islands,British Islands,1540.0,theologian,europe,British Islands
3278,Q55807,William Baffin,re_british_islands,British Islands,1584.0,geographer,europe,British Islands
3284,Q3182765,John Williams,re_british_islands,British Islands,1582.0,theologian,europe,British Islands
3286,Q3186021,Joshua Barnes,re_british_islands,British Islands,1654.0,historian,europe,British Islands
3288,Q1052577,Cedd,re_british_islands,British Islands,620.0,theologian,europe,British Islands
3289,Q3112766,Isaac Vossius,re_british_islands,British Islands,1618.0,musicologist,europe,British Islands
3293,Q56043002,Robert Ware,re_british_islands,British Islands,1639.0,historian,europe,British Islands
3296,Q3710116,John Blagrave,re_british_islands,British Islands,1561.0,mathematician,europe,British Islands
3299,Q7175865,Peter Mews,re_british_islands,British Islands,1619.0,theologian,europe,British Islands
3307,Q1707593,Joseph Massie,re_british_islands,British Islands,1700.0,economist,europe,British Islands
3312,Q6191746,John Strachey,re_british_islands,British Islands,1671.0,geologist | geographer,europe,British Islands
3317,Q504016,Thomas Elyot,re_british_islands,British Islands,1490.0,linguist | philosopher,europe,British Islands
3318,Q1747469,Robert Smith,re_british_islands,British Islands,1689.0,musicologist | mathematician,europe,British Islands
3320,Q2277355,Thomas Pitt,re_british_islands,British Islands,1653.0,economist,europe,British Islands
3322,Q6536537,Lewis Evans,re_british_islands,British Islands,1700.0,geographer,europe,British Islands
3331,Q1398356,John Leland,re_british_islands,British Islands,1502.0,archeologist | historian,europe,British Islands
3333,Q18593573,William Forster,re_british_islands,British Islands,1627.0,mathematician,europe,British Islands
3338,Q5342438,Edward Cradock,re_british_islands,British Islands,1552.0,theologian,europe,British Islands
3343,Q2725471,Charles Butler,re_british_islands,British Islands,1560.0,musicologist | zoologist,europe,British Islands
3355,Q18712038,Edmund Stone,re_british_islands,British Islands,1700.0,mathematician,europe,British Islands
3363,Q1524158,Gilbert Crispin,re_british_islands,British Islands,1046.0,theologian,europe,British Islands
3369,Q18819536,John Speed,re_british_islands,British Islands,1595.0,anatomist,europe,British Islands
3376,Q7330201,Richard de Morins,re_british_islands,British Islands,1161.0,historian,europe,British Islands
3395,Q7346912,Robert Lindsay of Pitscottie,re_british_islands,British Islands,1532.0,historian,europe,British Islands
3415,Q18576816,Peter Dent,re_british_islands,British Islands,1629.0,zoologist,europe,British Islands
3416,Q445128,John Hadley,re_british_islands,British Islands,1682.0,astronomer | mathematician,europe,British Islands
3417,Q715169,George Buchanan,re_british_islands,British Islands,1506.0,linguist | philosopher | historian,europe,British Islands
3425,Q4718953,Alexander Gill,re_british_islands,British Islands,1565.0,linguist,europe,British Islands
3435,Q511289,Charles de Saint-Évremond,re_british_islands,British Islands,1613.0,philosopher,europe,British Islands
3445,Q312372,Adelard of Bath,re_british_islands,British Islands,1075.0,astronomer | philosopher | mathematician,europe,British Islands
3454,Q18732150,John Morton,re_british_islands,British Islands,1671.0,zoologist,europe,British Islands
3458,Q16859659,George Young,re_british_islands,British Islands,1692.0,philosopher,europe,British Islands
3462,Q528802,Henry More,re_british_islands,British Islands,1614.0,philosopher,europe,British Islands
3475,Q1394680,John Colson,re_british_islands,British Islands,1680.0,mathematician,europe,British Islands
3478,Q7325668,Richard Field,re_british_islands,British Islands,1561.0,theologian,europe,British Islands
3479,Q707695,"Sir Josiah Child, 1st Baronet",re_british_islands,British Islands,1630.0,economist,europe,British Islands
3493,Q448555,Wenceslaus Hollar,re_british_islands,British Islands,1607.0,geographer,europe,British Islands
3503,Q15994811,Robert Wallace,re_british_islands,British Islands,1697.0,economist | geographer,europe,British Islands
3504,Q3418819,Randle Cotgrave,re_british_islands,British Islands,1600.0,linguist,europe,British Islands
3514,Q1334667,Nicholas Culpeper,re_british_islands,British Islands,1616.0,botanist,europe,British Islands
3517,Q714416,John Lilburne,re_british_islands,British Islands,1614.0,philosopher,europe,British Islands
3518,Q335820,John Toland,re_british_islands,British Islands,1670.0,theologian | philosopher,europe,British Islands
3519,Q713004,"Edward Herbert, 1st Baron Herbert of Cherbury",re_british_islands,British Islands,1583.0,philosopher | historian,europe,British Islands
3520,Q718564,William de la Mare,re_british_islands,British Islands,1300.0,philosopher,europe,British Islands
3528,Q431174,Thomas Rymer,re_british_islands,British Islands,1641.0,historian,europe,British Islands
3541,Q18529169,Francis Bunny,re_british_islands,British Islands,1543.0,theologian,europe,British Islands
3544,Q770258,William Sherard,re_british_islands,British Islands,1659.0,botanist | archeologist,europe,British Islands
3549,Q733922,Geoffrey Keating,re_british_islands,British Islands,1569.0,historian,europe,British Islands
3556,Q3809561,John Preston,re_british_islands,British Islands,1587.0,theologian,europe,British Islands
3561,Q208359,John Wallis,re_british_islands,British Islands,1616.0,musicologist | philosopher | mathematician,europe,British Islands
3569,Q106208,Denis Papin,re_british_islands,British Islands,1647.0,physicist | mathematician,europe,British Islands
3573,Q59229645,Margaret Flamsteed,re_british_islands,British Islands,1670.0,astronomer,europe,British Islands
3574,Q278699,William Petty,re_british_islands,British Islands,1623.0,philosopher | sociologist | mathematician | geographer | economist,europe,British Islands
3580,Q6281028,Joseph Ames,re_british_islands,British Islands,1689.0,historian,europe,British Islands
3584,Q21283026,Thomas Knowlton,re_british_islands,British Islands,1691.0,botanist,europe,British Islands
3585,Q3524856,Thomas Allen,re_british_islands,British Islands,1542.0,mathematician,europe,British Islands
3586,Q82049,George Berkeley,re_british_islands,British Islands,1685.0,philosopher,europe,British Islands
3588,Q6263337,John Webster,re_british_islands,British Islands,1610.0,chemist,europe,British Islands
3589,Q5341979,Edward Boys,re_british_islands,British Islands,1599.0,theologian,europe,British Islands
3609,Q427129,John Frith,re_british_islands,British Islands,1503.0,theologian,europe,British Islands
3613,Q18576912,Robert Handlo,re_british_islands,British Islands,1350.0,musicologist,europe,British Islands
3626,Q8019382,William Thomson,re_british_islands,British Islands,1601.0,musicologist,europe,British Islands
3628,Q1799812,Laurence Nowell,re_british_islands,British Islands,1530.0,geographer | linguist,europe,British Islands
3632,Q4865290,Bartholomew Young,re_british_islands,British Islands,1560.0,linguist,europe,British Islands
3634,Q2057426,Patrick Blair,re_british_islands,British Islands,1680.0,botanist,europe,British Islands
3640,Q3525075,Thomas Dyche,re_british_islands,British Islands,1695.0,linguist,europe,British Islands
3646,Q65675691,John Mickleburgh,re_british_islands,British Islands,1692.0,chemist,europe,British Islands
3647,Q381336,John Greaves,re_british_islands,British Islands,1602.0,archeologist | astronomer | mathematician,europe,British Islands
3665,Q3021251,Degory Wheare,re_british_islands,British Islands,1573.0,historian,europe,British Islands
3667,Q18385816,Joseph Morgan,re_british_islands,British Islands,1601.0,historian,europe,British Islands
3668,Q1389271,John Ogilby,re_british_islands,British Islands,1600.0,geographer | linguist,europe,British Islands
3674,Q710046,Hugh Latimer,re_british_islands,British Islands,1485.0,theologian,europe,British Islands
3678,Q3471250,"Sir Samuel Tuke, 1st Baronet",re_british_islands,British Islands,1615.0,linguist,europe,British Islands
3680,Q61031,Johann Jacob Dillenius,re_british_islands,British Islands,1687.0,botanist,europe,British Islands
3685,Q4321312,William Neile,re_british_islands,British Islands,1637.0,mathematician,europe,British Islands
3686,Q2345308,Richard Rolle,re_british_islands,British Islands,1300.0,theologian,europe,British Islands
3687,Q3809487,John Merbecke,re_british_islands,British Islands,1505.0,theologian,europe,British Islands
3691,Q2493511,Dudley North,re_british_islands,British Islands,1641.0,economist,europe,British Islands
3693,Q20733310,James Davies,re_british_islands,British Islands,1648.0,historian,europe,British Islands
3696,Q18670789,Basil Kennett,re_british_islands,British Islands,1674.0,theologian,europe,British Islands
3697,Q5868310,"Francis North, 1st Baron Guilford",re_british_islands,British Islands,1637.0,musicologist,europe,British Islands
3706,Q15712639,Anthony Bruodin,re_british_islands,British Islands,1625.0,historian,europe,British Islands
3711,Q10307857,John Joscelyn,re_british_islands,British Islands,1529.0,historian,europe,British Islands
3718,Q18576243,George Swinnock,re_british_islands,British Islands,1627.0,theologian,europe,British Islands
3730,Q9353,John Locke,re_british_islands,British Islands,1632.0,philosopher,europe,British Islands
3732,Q6235719,John Goodwin,re_british_islands,British Islands,1594.0,theologian,europe,British Islands
3735,Q2578020,William Bellenden,re_british_islands,British Islands,1550.0,historian,europe,British Islands
3740,Q2032430,Walter Bower,re_british_islands,British Islands,1385.0,historian,europe,British Islands
3742,Q3710165,Walcher of Malvern,re_british_islands,British Islands,1001.0,astronomer | mathematician,europe,British Islands
3746,Q349235,John Rogers,re_british_islands,British Islands,1500.0,theologian,europe,British Islands
3750,Q171677,Roger Bacon,re_british_islands,British Islands,1220.0,philosopher | physicist | musicologist | mathematician | theologian,europe,British Islands
3753,Q3651310,John Bellers,re_british_islands,British Islands,1654.0,economist,europe,British Islands
3754,Q5683,Geoffrey Chaucer,re_british_islands,British Islands,1343.0,linguist | philosopher,europe,British Islands
3766,Q5112533,Christopher Heydon,re_british_islands,British Islands,1561.0,astronomer,europe,British Islands
3776,Q4719745,Alexander Neville,re_british_islands,British Islands,1544.0,historian,europe,British Islands
3778,Q18672214,Robert Lovell,re_british_islands,British Islands,1630.0,zoologist,europe,British Islands
3782,Q6240537,John Hutchinson,re_british_islands,British Islands,1674.0,philosopher,europe,British Islands
3787,Q7287149,Ralph Agas,re_british_islands,British Islands,1540.0,geographer,europe,British Islands
3792,Q669076,Jeremy Taylor,re_british_islands,British Islands,1613.0,theologian,europe,British Islands
3797,Q18534907,Robert Cooper,re_british_islands,British Islands,1650.0,mathematician,europe,British Islands
3799,Q18857066,Thomas Wintour,re_british_islands,British Islands,1571.0,linguist,europe,British Islands
3803,Q185510,Richard Hakluyt,re_british_islands,British Islands,1552.0,geographer | historian,europe,British Islands
3807,Q1373287,John Martyn,re_british_islands,British Islands,1699.0,botanist,europe,British Islands
3813,Q18530845,"Sir Thomas Parkyns, 2nd Bt",re_british_islands,British Islands,1664.0,physicist,europe,British Islands
3814,Q7811617,Tobias Crisp,re_british_islands,British Islands,1600.0,theologian,europe,British Islands
3817,Q3568640,William Fulke,re_british_islands,British Islands,1538.0,theologian,europe,British Islands
3830,Q5722337,Henry Guthry,re_british_islands,British Islands,1600.0,historian,europe,British Islands
3834,Q2958696,Charles Cavendish,re_british_islands,British Islands,1591.0,mathematician,europe,British Islands
3836,Q55067441,Christoph Merrett,re_british_islands,British Islands,1614.0,zoologist,europe,British Islands
3847,Q5539728,George Gilpin,re_british_islands,British Islands,1514.0,linguist,europe,British Islands
3849,Q706904,John Woodward,re_british_islands,British Islands,1665.0,botanist | geologist,europe,British Islands
3851,Q1670759,Simonds d'Ewes,re_british_islands,British Islands,1602.0,historian,europe,British Islands
3853,Q452335,Thomas Willis,re_british_islands,British Islands,1621.0,anatomist,europe,British Islands
3855,Q1801816,Lancelot Andrewes,re_british_islands,British Islands,1555.0,theologian,europe,British Islands
3856,Q11034074,John Glas,re_british_islands,British Islands,1695.0,theologian,europe,British Islands
3861,Q7527919,"Sir John Marsham, 1st Baronet",re_british_islands,British Islands,1602.0,historian,europe,British Islands
3864,Q4443307,John Strype,re_british_islands,British Islands,1643.0,historian,europe,British Islands
3865,Q18593247,John Huniades,re_british_islands,British Islands,1621.0,chemist,europe,British Islands
3869,Q3376642,Peter Heylin,re_british_islands,British Islands,1599.0,theologian | historian,europe,British Islands
3875,Q3050535,Eleazar Albin,re_british_islands,British Islands,1680.0,botanist,europe,British Islands
3880,Q21166574,Littleton Brown,re_british_islands,British Islands,1699.0,botanist,europe,British Islands
3881,Q99543609,Ricardo Lynch,re_british_islands,British Islands,1610.0,theologian,europe,British Islands
3883,Q2142007,William Crabtree,re_british_islands,British Islands,1610.0,astronomer | mathematician,europe,British Islands
3898,Q506742,Andrew Plummer,re_british_islands,British Islands,1697.0,physicist | chemist,europe,British Islands
3899,Q6287115,Joseph Spence,re_british_islands,British Islands,1699.0,theologian | historian,europe,British Islands
3902,Q2428196,John Gill,re_british_islands,British Islands,1697.0,theologian,europe,British Islands
3903,Q1860320,Matthias de l'Obel,re_british_islands,British Islands,1538.0,botanist,europe,British Islands
3912,Q8005722,William Borough,re_british_islands,British Islands,1536.0,geographer,europe,British Islands
3914,Q6130874,James Calfhill,re_british_islands,British Islands,1530.0,theologian,europe,British Islands
3915,Q3387604,Peter Langtoft,re_british_islands,British Islands,1201.0,historian,europe,British Islands
3920,Q8063868,Zachary Grey,re_british_islands,British Islands,1686.0,historian,europe,British Islands
3922,Q3299494,Andronicus Callistus,re_british_islands,British Islands,1400.0,philosopher,europe,British Islands
3924,Q5540147,George Hakewill,re_british_islands,British Islands,1578.0,theologian,europe,British Islands
3928,Q1271395,Gilbert of Sempringham,re_british_islands,British Islands,1083.0,philosopher,europe,British Islands
3931,Q1673525,Isaac of Stella,re_british_islands,British Islands,1110.0,philosopher,europe,British Islands
3935,Q717170,James Anderson,re_british_islands,British Islands,1679.0,historian,europe,British Islands
3942,Q437582,John Bevis,re_british_islands,British Islands,1695.0,astronomer,europe,British Islands
3945,Q18917337,Richard Willes,re_british_islands,British Islands,1546.0,geographer,europe,British Islands
3956,Q7787323,Thomas Baker,re_british_islands,British Islands,1656.0,historian,europe,British Islands
3963,Q9695,Henry Purcell,re_british_islands,British Islands,1659.0,musicologist,europe,British Islands
3964,Q1035378,Henry Spelman,re_british_islands,British Islands,1564.0,historian,europe,British Islands
3966,Q7794149,Thomas Stackhouse,re_british_islands,British Islands,1677.0,theologian,europe,British Islands
3967,Q443783,Richard Hooker,re_british_islands,British Islands,1554.0,theologian,europe,British Islands
3971,Q726699,Edmund Gunter,re_british_islands,British Islands,1581.0,astronomer | mathematician,europe,British Islands
3983,Q94608,William Caxton,re_british_islands,British Islands,1422.0,linguist,europe,British Islands
3992,Q3850445,"Mary Somerset, Duchess of Beaufort",re_british_islands,British Islands,1630.0,botanist,europe,British Islands
3994,Q28761,Alfred of Sareshel,re_british_islands,British Islands,1101.0,philosopher,europe,British Islands
3995,Q8006641,William Cave,re_british_islands,British Islands,1637.0,historian,europe,British Islands
3997,Q18671026,Edmund Reeve,re_british_islands,British Islands,1609.0,linguist,europe,British Islands
4002,Q726385,John Machin,re_british_islands,British Islands,1680.0,astronomer | mathematician,europe,British Islands
4003,Q7964611,Walter Cradock,re_british_islands,British Islands,1606.0,theologian,europe,British Islands
4007,Q585089,Simon Bredon,re_british_islands,British Islands,1300.0,astronomer,europe,British Islands
4008,Q1441514,Francis Glisson,re_british_islands,British Islands,1597.0,anatomist,europe,British Islands
4012,Q5584377,William Bradshaw,re_british_islands,British Islands,1571.0,theologian,europe,British Islands
4016,Q892460,John Biddle,re_british_islands,British Islands,1615.0,theologian,europe,British Islands
4019,Q15994727,Thomas Salmon,re_british_islands,British Islands,1679.0,geographer | historian,europe,British Islands
4021,Q17479604,Tancred Robinson,re_british_islands,British Islands,1657.0,zoologist,europe,British Islands
4023,Q7177450,Peter Valesius Walsh,re_british_islands,British Islands,1618.0,theologian,europe,British Islands
4027,Q18577246,William Woodford,re_british_islands,British Islands,1330.0,theologian,europe,British Islands
4029,Q2096504,William Molyneux,re_british_islands,British Islands,1656.0,astronomer | philosopher,europe,British Islands
4030,Q4800711,Arthur Wilson,re_british_islands,British Islands,1595.0,historian,europe,British Islands
4038,Q1387711,Francis Godwin,re_british_islands,British Islands,1562.0,historian,europe,British Islands
4042,Q510352,Mary Delany,re_british_islands,British Islands,1700.0,botanist,europe,British Islands
4048,Q536960,Samuel Parker,re_british_islands,British Islands,1640.0,theologian,europe,British Islands
4053,Q2067648,Thomas Urquhart,re_british_islands,British Islands,1611.0,linguist | mathematician,europe,British Islands
4055,Q3525193,Thomas Hearne,re_british_islands,British Islands,1678.0,historian,europe,British Islands
4059,Q3339554,Nicasius le Febure,re_british_islands,British Islands,1610.0,chemist,europe,British Islands
4061,Q578648,Richard Morton,re_british_islands,British Islands,1637.0,anatomist,europe,British Islands
4062,Q3161452,James Tyrrell,re_british_islands,British Islands,1642.0,historian,europe,British Islands
4063,Q3990733,Thomas Watson,re_british_islands,British Islands,1616.0,theologian,europe,British Islands
4064,Q725614,Eadmer,re_british_islands,British Islands,1060.0,historian,europe,British Islands
4069,Q2725559,Nathaniel Culverwell,re_british_islands,British Islands,1619.0,theologian | philosopher,europe,British Islands
4070,Q6836462,Michel Le Vassor,re_british_islands,British Islands,1648.0,theologian | historian,europe,British Islands
4073,Q4888821,Benjamin Hoadly,re_british_islands,British Islands,1676.0,theologian,europe,British Islands
4075,Q316949,John Ray,re_british_islands,British Islands,1627.0,theologian | botanist | zoologist,europe,British Islands
4078,Q7079775,Ofspring Blackall,re_british_islands,British Islands,1655.0,theologian,europe,British Islands
4079,Q6149252,Jan Kip,re_british_islands,British Islands,1653.0,geographer,europe,British Islands
4113,Q18577133,Walter Diss,re_british_islands,British Islands,1330.0,theologian,europe,British Islands
4114,Q268107,John of Cornwall,re_british_islands,British Islands,1127.0,theologian,europe,British Islands
4120,Q3017812,David Durand,re_british_islands,British Islands,1680.0,historian,europe,British Islands
4122,Q5416903,Everard Digby,re_british_islands,British Islands,1550.0,philosopher,europe,British Islands
4124,Q59892,Nicholas Kratzer,re_british_islands,British Islands,1487.0,astronomer | mathematician,europe,British Islands
4126,Q6265189,John Young,re_british_islands,British Islands,1514.0,theologian,europe,British Islands
4127,Q928236,Henry Baker,re_british_islands,British Islands,1698.0,anatomist,europe,British Islands
4133,Q7794692,Thomas Vicars,re_british_islands,British Islands,1589.0,theologian,europe,British Islands
4137,Q371877,William Jones,re_british_islands,British Islands,1675.0,mathematician,europe,British Islands
4144,Q3057690,Joseph Moxon,re_british_islands,British Islands,1627.0,geographer | linguist | mathematician,europe,British Islands
4145,Q3434493,Robert Balfour,re_british_islands,British Islands,1553.0,linguist | philosopher,europe,British Islands
4149,Q5078861,Charles Hayes,re_british_islands,British Islands,1678.0,geographer | mathematician,europe,British Islands
4161,Q7349926,Robert South,re_british_islands,British Islands,1634.0,theologian,europe,British Islands
4163,Q6263470,John Welsh,re_british_islands,British Islands,1569.0,theologian,europe,British Islands
4170,Q947245,Ingulf,re_british_islands,British Islands,1030.0,historian,europe,British Islands
4172,Q1381974,Matthew Tindal,re_british_islands,British Islands,1657.0,theologian | philosopher,europe,British Islands
4176,Q1322939,John Peckham,re_british_islands,British Islands,1227.0,theologian | philosopher,europe,British Islands
4179,Q1341370,"Henry Home, Lord Kames",re_british_islands,British Islands,1696.0,philosopher | historian | anthropologist | sociologist,europe,British Islands
4182,Q4020174,William Twisse,re_british_islands,British Islands,1578.0,theologian,europe,British Islands
4203,Q21192310,John Bryan,re_british_islands,British Islands,1493.0,logician,europe,British Islands
4204,Q3435583,Robert Kirk,re_british_islands,British Islands,1644.0,historian,europe,British Islands
4209,Q5727508,Henry Rice,re_british_islands,British Islands,1590.0,historian,europe,British Islands
4218,Q5113018,Christopher Packe,re_british_islands,British Islands,1686.0,geologist,europe,British Islands
4219,Q18880379,William Sudbury,re_british_islands,British Islands,1351.0,theologian,europe,British Islands
4221,Q9267229,George Charles Deering,re_british_islands,British Islands,1695.0,botanist,europe,British Islands
4222,Q8755,Colin Maclaurin,re_british_islands,British Islands,1698.0,astronomer | physicist | mathematician,europe,British Islands
4225,Q3104436,Gervase of Canterbury,re_british_islands,British Islands,1141.0,historian,europe,British Islands
4231,Q3565913,Walter Warner,re_british_islands,British Islands,1563.0,mathematician,europe,British Islands
4234,Q7527375,"Sir James Balfour, 1st Baronet",re_british_islands,British Islands,1600.0,historian,europe,British Islands
4238,Q3247050,Alexander Ross,re_british_islands,British Islands,1591.0,theologian,europe,British Islands
4245,Q4065273,Adam Anderson,re_british_islands,British Islands,1692.0,historian | economist,europe,British Islands
4246,Q5341875,Edward Bernard,re_british_islands,British Islands,1638.0,astronomer,europe,British Islands
4249,Q7152692,Paul Neile,re_british_islands,British Islands,1613.0,astronomer,europe,British Islands
4254,Q3336771,Nathaniel Torporley,re_british_islands,British Islands,1564.0,astronomer | mathematician,europe,British Islands
4258,Q728482,Charles Jervas,re_british_islands,British Islands,1675.0,linguist,europe,British Islands
4260,Q428905,Asser,re_british_islands,British Islands,900.0,historian,europe,British Islands
4264,Q2425975,Thomas Mace,re_british_islands,British Islands,1613.0,musicologist,europe,British Islands
4276,Q15430232,Edmund Borlase,re_british_islands,British Islands,1620.0,historian,europe,British Islands
4278,Q18527191,Clement of Llanthony,re_british_islands,British Islands,1100.0,theologian,europe,British Islands
4294,Q443578,Robert Barclay,re_british_islands,British Islands,1648.0,theologian,europe,British Islands
4299,Q18530809,Robert Sayer,re_british_islands,British Islands,1560.0,theologian,europe,British Islands
4311,Q3048705,Edward Topsell,re_british_islands,British Islands,1572.0,zoologist,europe,British Islands
4312,Q1932211,Arthur Golding,re_british_islands,British Islands,1536.0,linguist,europe,British Islands
4315,Q734076,Barnabe Googe,re_british_islands,British Islands,1540.0,linguist,europe,British Islands
4324,Q633408,Archibald Pitcairne,re_british_islands,British Islands,1652.0,philosopher | mathematician | anatomist,europe,British Islands
4329,Q356696,Jethro Tull,re_british_islands,British Islands,1674.0,botanist,europe,British Islands
4332,Q18528869,Thomas Bungay,re_british_islands,British Islands,1214.0,theologian,europe,British Islands
4340,Q6536139,Lewes Roberts,re_british_islands,British Islands,1596.0,economist,europe,British Islands
4343,Q741030,Nicholas Ridley,re_british_islands,British Islands,1500.0,theologian,europe,British Islands
4346,Q4741788,Ambrose Godfrey,re_british_islands,British Islands,1660.0,chemist,europe,British Islands
4349,Q3182396,John Rushworth,re_british_islands,British Islands,1612.0,historian,europe,British Islands
4351,Q4814842,Eleanor Glanville,re_british_islands,British Islands,1654.0,zoologist,europe,British Islands
4355,Q17308824,Peniston Booth,re_british_islands,British Islands,1681.0,theologian,europe,British Islands
4364,Q1482287,John Clayton,re_british_islands,British Islands,1657.0,geographer,europe,British Islands
4365,Q708980,Patrick Hamilton,re_british_islands,British Islands,1504.0,theologian,europe,British Islands
4366,Q1063554,Charles Alston,re_british_islands,British Islands,1685.0,botanist,europe,British Islands
4367,Q18528973,Ezekiel Foxcroft,re_british_islands,British Islands,1633.0,mathematician,europe,British Islands
4370,Q13639629,John Gay,re_british_islands,British Islands,1699.0,theologian | philosopher,europe,British Islands
4403,Q3525652,Thomas Walsingham,re_british_islands,British Islands,1340.0,historian,europe,British Islands
4404,Q1229700,John of Garland,re_british_islands,British Islands,1195.0,linguist | historian,europe,British Islands
4416,Q16968579,Richard Methley,re_british_islands,British Islands,1451.0,theologian,europe,British Islands
4419,Q7324618,Richard Carew,re_british_islands,British Islands,1555.0,zoologist,europe,British Islands
4420,Q7787522,Thomas Bedford,re_british_islands,British Islands,1588.0,theologian,europe,British Islands
4421,Q597852,William Chillingworth,re_british_islands,British Islands,1602.0,theologian,europe,British Islands
4433,Q376164,Hadrian à Saravia,re_british_islands,British Islands,1532.0,theologian,europe,British Islands
4444,Q2581060,William Whittingham,re_british_islands,British Islands,1524.0,theologian,europe,British Islands
4445,Q2066873,Richard of Wallingford,re_british_islands,British Islands,1292.0,astronomer | mathematician,europe,British Islands
4449,Q1363211,Isaac Rand,re_british_islands,British Islands,1674.0,botanist,europe,British Islands
4450,Q18531061,William Browne,re_british_islands,British Islands,1630.0,botanist,europe,British Islands
4473,Q714834,Jean Chardin,re_british_islands,British Islands,1643.0,historian,europe,British Islands
4475,Q683717,William Latimer,re_british_islands,British Islands,1467.0,theologian | linguist,europe,British Islands
4476,Q3430490,Richard Baker,re_british_islands,British Islands,1568.0,theologian | historian,europe,British Islands
4480,Q321500,James Douglas,re_british_islands,British Islands,1675.0,anatomist,europe,British Islands
4481,Q3809607,John Senex,re_british_islands,British Islands,1678.0,geographer,europe,British Islands
4490,Q5219086,Daniel Whitby,re_british_islands,British Islands,1638.0,theologian,europe,British Islands
4501,Q2848877,Andrew of Saint Victor,re_british_islands,British Islands,1110.0,theologian,europe,British Islands
4502,Q6965659,Narcissus Luttrell,re_british_islands,British Islands,1657.0,historian,europe,British Islands
4504,Q18530742,Richard Billingham,re_british_islands,British Islands,1300.0,theologian | logician,europe,British Islands
4509,Q2314046,John Smith,re_british_islands,British Islands,1618.0,theologian | philosopher,europe,British Islands
4515,Q1230454,John Stow,re_british_islands,British Islands,1525.0,historian,europe,British Islands
4523,Q665453,Abraham Wheelocke,re_british_islands,British Islands,1593.0,linguist,europe,British Islands
4526,Q7350584,Robert Vaughan,re_british_islands,British Islands,1592.0,historian,europe,British Islands
4527,Q1216487,Geoffrey le Baker,re_british_islands,British Islands,1301.0,historian,europe,British Islands
4542,Q5608910,Griffith Powell,re_british_islands,British Islands,1561.0,philosopher,europe,British Islands
4545,Q454938,John Graunt,re_british_islands,British Islands,1620.0,mathematician | geographer,europe,British Islands
4548,Q663216,Matthew Henry,re_british_islands,British Islands,1662.0,theologian,europe,British Islands
4552,Q18530596,Peter Carter,re_british_islands,British Islands,1530.0,logician,europe,British Islands
4560,Q19325785,John Walker,re_british_islands,British Islands,1577.0,geographer,europe,British Islands
4567,Q2004984,William Cheselden,re_british_islands,British Islands,1688.0,anatomist,europe,British Islands
4569,Q360689,Robert Sibbald,re_british_islands,British Islands,1641.0,botanist | zoologist | geographer,europe,British Islands
4570,Q5537393,George Buck,re_british_islands,British Islands,1560.0,historian,europe,British Islands
4572,Q3385842,Pierre François le Courayer,re_british_islands,British Islands,1681.0,theologian,europe,British Islands
4576,Q7357881,Roger Bolingbroke,re_british_islands,British Islands,1380.0,astronomer,europe,British Islands
4588,Q3568954,William Sherlock,re_british_islands,British Islands,1641.0,theologian,europe,British Islands
4602,Q18730313,George Lynn,re_british_islands,British Islands,1676.0,astronomer,europe,British Islands
4611,Q1685825,Thomas Abel,re_british_islands,British Islands,1497.0,theologian,europe,British Islands
4614,Q5076206,Charles Chauncy,re_british_islands,British Islands,1592.0,theologian,europe,British Islands
4620,Q100997711,William Brassier,re_british_islands,British Islands,1689.0,geographer,europe,British Islands
4621,Q634595,Thomas Ravenscroft,re_british_islands,British Islands,1588.0,musicologist,europe,British Islands
4633,Q18671963,John Lathbury,re_british_islands,British Islands,1300.0,theologian,europe,British Islands
4642,Q3525471,Thomas Penny,re_british_islands,British Islands,1532.0,zoologist,europe,British Islands
4651,Q5544777,George Stanhope,re_british_islands,British Islands,1660.0,theologian,europe,British Islands
4670,Q1398235,William Derham,re_british_islands,British Islands,1657.0,astronomer | philosopher | zoologist,europe,British Islands
4677,Q354440,Roger North,re_british_islands,British Islands,1651.0,musicologist,europe,British Islands
4678,Q1359257,John Theyer,re_british_islands,British Islands,1597.0,archeologist,europe,British Islands
4683,Q5339413,Edmund Dickinson,re_british_islands,British Islands,1624.0,philosopher,europe,British Islands
4689,Q661947,John Davies,re_british_islands,British Islands,1567.0,linguist,europe,British Islands
4692,Q18527137,Robert Chamberlain,re_british_islands,British Islands,1632.0,mathematician,europe,British Islands
4694,Q965744,Lawrence Rooke,re_british_islands,British Islands,1620.0,astronomer | mathematician,europe,British Islands
4696,Q4157022,Richard Delamaine,re_british_islands,British Islands,1600.0,mathematician,europe,British Islands
4697,Q640051,Bathsua Makin,re_british_islands,British Islands,1600.0,linguist,europe,British Islands
4700,Q713043,Edward Hall,re_british_islands,British Islands,1497.0,historian,europe,British Islands
4702,Q7787637,Thomas Bilson,re_british_islands,British Islands,1547.0,theologian,europe,British Islands
4709,Q18672836,William How,re_british_islands,British Islands,1620.0,botanist,europe,British Islands
4711,Q2499418,Thomas Wharton,re_british_islands,British Islands,1614.0,anatomist,europe,British Islands
4714,Q314335,John Harrison,re_british_islands,British Islands,1693.0,astronomer,europe,British Islands
4715,Q770348,Ranulf Higden,re_british_islands,British Islands,1299.0,historian,europe,British Islands
4719,Q3175686,Jean de Saint Albans,re_british_islands,British Islands,1170.0,theologian,europe,British Islands
4723,Q6218534,John Alexander,re_british_islands,British Islands,1686.0,linguist,europe,British Islands
4725,Q9169306,Bernard Connor,re_british_islands,British Islands,1666.0,historian,europe,British Islands
4726,Q5481227,Francis Harold,re_british_islands,British Islands,1700.0,historian,europe,British Islands
4739,Q3568802,William Lower,re_british_islands,British Islands,1570.0,astronomer,europe,British Islands
4743,Q452091,William Whiston,re_british_islands,British Islands,1667.0,philosopher | physicist | mathematician | theologian | historian,europe,British Islands
4746,Q1862572,Walter Burley,re_british_islands,British Islands,1275.0,theologian | philosopher | historian | logician,europe,British Islands
4756,Q322001,William Wollaston,re_british_islands,British Islands,1659.0,philosopher,europe,British Islands
4758,Q1985049,Nicholas of Lynn,re_british_islands,British Islands,1330.0,astronomer,europe,British Islands
4763,Q15442873,Thomas Case,re_british_islands,British Islands,1598.0,theologian,europe,British Islands
4766,Q983409,Edward Lhuyd,re_british_islands,British Islands,1660.0,botanist | linguist | geographer,europe,British Islands
4769,Q12729940,Henry Billingsley,re_british_islands,British Islands,1550.0,linguist | mathematician,europe,British Islands
4770,Q461116,Thomas Bradwardine,re_british_islands,British Islands,1300.0,theologian | philosopher | physicist | mathematician,europe,British Islands
4771,Q945461,Nathaniel Bliss,re_british_islands,British Islands,1700.0,astronomer | mathematician,europe,British Islands
4775,Q8007956,William Douglass,re_british_islands,British Islands,1691.0,historian,europe,British Islands
4776,Q15994350,John Chamber,re_british_islands,British Islands,1546.0,astronomer,europe,British Islands
4779,Q3436698,Robert of Melun,re_british_islands,British Islands,1100.0,philosopher,europe,British Islands
4792,Q380961,John Foxe,re_british_islands,British Islands,1516.0,theologian | philosopher | historian,europe,British Islands
4798,Q192706,William Gilbert,re_british_islands,British Islands,1544.0,astronomer | philosopher | physicist,europe,British Islands
4799,Q531345,Thomas Digges,re_british_islands,British Islands,1546.0,astronomer | mathematician,europe,British Islands
4800,Q18672577,Thomas Kirke,re_british_islands,British Islands,1650.0,geographer,europe,British Islands
4803,Q18671696,John Bury,re_british_islands,British Islands,1400.0,theologian,europe,British Islands
4811,Q7324346,Richard Bristow,re_british_islands,British Islands,1538.0,theologian,europe,British Islands
4813,Q18671293,George Joyliffe,re_british_islands,British Islands,1621.0,anatomist,europe,British Islands
4814,Q6232936,John Fenn,re_british_islands,British Islands,1535.0,historian,europe,British Islands
4815,Q5480516,Francis Cheynell,re_british_islands,British Islands,1608.0,theologian,europe,British Islands
4817,Q1856133,William of Heytesbury,re_british_islands,British Islands,1313.0,philosopher | mathematician,europe,British Islands
4818,Q7610838,Stephen White,re_british_islands,British Islands,1574.0,theologian | linguist | historian,europe,British Islands
4824,Q109798,John Ernest Grabe,re_british_islands,British Islands,1666.0,theologian,europe,British Islands
