,wikidata_id,individual_name,region_code,region_name,birthyear,meta_occupation,meta_region,meta_region_name
36353,Q12022523,Jan Florián Hammerschmidt,re_central_europe,Central Europe,1652.0,historian,europe,Eastern Europe
36354,Q1208474,Euthymius of Athos,re_balkans,Balkans,955.0,philosopher,europe,Eastern Europe
36358,Q67820,Bartholomäus Ringwaldt,re_central_europe,Central Europe,1532.0,theologian,europe,Eastern Europe
36360,Q590829,Jan Seklucjan,re_slav_world,Slav world,1498.0,theologian | linguist,europe,Eastern Europe
36366,Q9343297,Stanisław Warszewicki,re_central_europe,Central Europe,1527.0,theologian,europe,Eastern Europe
36374,Q1350979,Erhard Sperber,re_slav_world,Slav world,1529.0,theologian,europe,Eastern Europe
36375,Q1996833,Norbert Heermann,re_central_europe,Central Europe,1629.0,historian,europe,Eastern Europe
36377,Q13441765,Matus Kephalides,re_central_europe,Central Europe,1645.0,philosopher,europe,Eastern Europe
36378,Q2344404,Jan Latosz,re_slav_world,Slav world,1539.0,astronomer,europe,Eastern Europe
36381,Q1659710,Immanuel Heinrich Kauderbach,re_central_europe,Central Europe,1695.0,theologian,europe,Eastern Europe
36384,Q106348,Georg Mancelius,re_central_europe,Central Europe,1593.0,theologian,europe,Eastern Europe
36397,Q21130789,Tomáš Baltazar Janovka,re_central_europe,Central Europe,1669.0,musicologist,europe,Eastern Europe
36398,Q13585837,Jonasz Szlichtyng,re_central_europe,Central Europe,1592.0,theologian,europe,Eastern Europe
36400,Q497524,Nicolaus Olahus,re_central_europe,Central Europe,1493.0,historian,europe,Eastern Europe
36404,Q18567126,Alojzy Anzelieri,re_central_europe,Central Europe,1700.0,philosopher,europe,Eastern Europe
36405,Q97580,Bernhard Bogentanz,re_central_europe,Central Europe,1494.0,musicologist,europe,Eastern Europe
36410,Q11814558,Paweł Świetlicki,re_central_europe,Central Europe,1699.0,theologian | physicist | chemist,europe,Eastern Europe
36413,Q539261,Marcin Bylica,re_central_europe,Central Europe,1433.0,astronomer,europe,Eastern Europe
36414,Q7701147,Teofil Rutka,re_slav_world,Slav world,1622.0,philosopher,europe,Eastern Europe
36416,Q11698642,Franciszek Kanty Łuczyński,re_central_europe,Central Europe,1690.0,astronomer | mathematician,europe,Eastern Europe
36417,Q60455824,Janez Purkhardt,re_central_europe,Central Europe,1680.0,theologian,europe,Eastern Europe
36419,Q17429161,Toma Babić,re_balkans,Balkans,1680.0,linguist,europe,Eastern Europe
36420,Q55122658,Benedict Morgenstern,re_slav_world,Slav world,1525.0,theologian,europe,Eastern Europe
36423,Q112520048,Michael Siebeneicher,re_central_europe,Central Europe,1642.0,historian,europe,Eastern Europe
36429,Q2063043,Paul Weis,re_slav_world,Slav world,1543.0,theologian,europe,Eastern Europe
36433,Q56389064,János Teofil Windisch,re_central_europe,Central Europe,1689.0,botanist,europe,Eastern Europe
36441,Q4703712,Samuel Twardowski,re_central_europe,Central Europe,1600.0,linguist | historian,europe,Eastern Europe
36442,Q1772711,Paul vom Stein,re_slav_world,Slav world,1500.0,physicist,europe,Eastern Europe
36445,Q7599221,Stanisław Sarnicki,re_central_europe,Central Europe,1532.0,historian,europe,Eastern Europe
36456,Q1617580,Hieronim Malecki,re_central_europe,Central Europe,1527.0,theologian,europe,Eastern Europe
36459,Q104602025,Mihovil Vrančić,re_balkans,Balkans,1507.0,historian,europe,Eastern Europe
36461,Q380648,Aegidius Strauch,re_central_europe,Central Europe,1632.0,theologian | mathematician,europe,Eastern Europe
36465,Q98822,Johann Brever,re_central_europe,Central Europe,1616.0,theologian,europe,Eastern Europe
36467,Q1354627,Kazimierz Łyszczyński,re_central_europe,Central Europe,1634.0,philosopher,europe,Eastern Europe
36468,Q17095558,Eliasz Arciszewski,re_central_europe,Central Europe,1630.0,theologian,europe,Eastern Europe
36469,Q1694271,Johann Gutslaff,re_central_europe,Central Europe,1600.0,theologian,europe,Eastern Europe
36474,Q349632,Adam Hamel,re_central_europe,Central Europe,1505.0,theologian,europe,Eastern Europe
36480,Q1377476,Johann Cogler,re_central_europe,Central Europe,1525.0,theologian,europe,Eastern Europe
36489,Q89614,Thomas Kantzow,re_central_europe,Central Europe,1505.0,historian,europe,Eastern Europe
36495,Q4236588,Jan Kocin z Kocinet,re_central_europe,Central Europe,1543.0,historian,europe,Eastern Europe
36496,Q12792056,Janez Lezicij,re_central_europe,Central Europe,1242.0,astronomer,europe,Eastern Europe
36499,Q836191,Christian Kelch,re_central_europe,Central Europe,1657.0,historian,europe,Eastern Europe
36508,Q94886071,Abraham Wolf,re_slav_world,Slav world,1680.0,theologian,europe,Eastern Europe
36510,Q4386205,Petrus Codicillus,re_central_europe,Central Europe,1533.0,astronomer,europe,Eastern Europe
36514,Q11716477,Jakub Kazimierz Rubinkowski,re_central_europe,Central Europe,1668.0,historian,europe,Eastern Europe
36523,Q95445506,František Christen,re_central_europe,Central Europe,1682.0,theologian,europe,Eastern Europe
36525,Q722544,Filippo Buonaccorsi,re_central_europe,Central Europe,1437.0,historian,europe,Eastern Europe
36534,Q11699202,Gabriel Rzączyński,re_central_europe,Central Europe,1664.0,zoologist,europe,Eastern Europe
36550,Q94935858,Christoph Manlius,re_central_europe,Central Europe,1546.0,historian,europe,Eastern Europe
36556,Q55679944,Johann Gottlieb Ezler,re_central_europe,Central Europe,1662.0,theologian,europe,Eastern Europe
36557,Q350426,Adam Michna z Otradovic,re_central_europe,Central Europe,1600.0,musicologist,europe,Eastern Europe
36562,Q1309623,Oldřich Prefát z Vlkanova,re_central_europe,Central Europe,1523.0,astronomer | mathematician,europe,Eastern Europe
36569,Q4007657,Valentinus Smalcius,re_central_europe,Central Europe,1572.0,linguist,europe,Eastern Europe
36577,Q1297363,Szepsi Laczkó Máté,re_central_europe,Central Europe,1576.0,historian,europe,Eastern Europe
36578,Q1591666,Johannes Sylvius Egranus,re_central_europe,Central Europe,1480.0,theologian,europe,Eastern Europe
36593,Q1721231,Michael Eifler,re_slav_world,Slav world,1601.0,physicist,europe,Eastern Europe
36598,Q1986846,Nicolaus Henel von Hennenfeld,re_central_europe,Central Europe,1582.0,historian,europe,Eastern Europe
36607,Q12657632,Jonas Chodzinskis,re_central_europe,Central Europe,1600.0,philosopher,europe,Eastern Europe
36613,Q707663,Isidore of Kiev,re_slav_world,Slav world,1385.0,theologian,europe,Eastern Europe
36618,Q899007,Oswald Croll,re_central_europe,Central Europe,1563.0,chemist,europe,Eastern Europe
36621,Q111666,Johann Friedrich Mayer,re_central_europe,Central Europe,1650.0,theologian,europe,Eastern Europe
36623,Q684662,Péter Alvinczi,re_central_europe,Central Europe,1570.0,theologian,europe,Eastern Europe
36630,Q348552,Adam Adamandy Kochański,re_central_europe,Central Europe,1631.0,philosopher | mathematician,europe,Eastern Europe
36633,Q1694288,Johann Hackvord,re_central_europe,Central Europe,1624.0,theologian,europe,Eastern Europe
36636,Q496675,Andreas Concius,re_slav_world,Slav world,1628.0,mathematician,europe,Eastern Europe
36640,Q737756,Pier Paolo Vergerio the Elder,re_central_europe,Central Europe,1370.0,philosopher | historian,europe,Eastern Europe
36641,Q11792104,Nicolaus Pol,re_central_europe,Central Europe,1564.0,historian,europe,Eastern Europe
36643,Q66317648,János Lippai,re_central_europe,Central Europe,1606.0,botanist,europe,Eastern Europe
36645,Q94789212,Friedrich Büthner,re_central_europe,Central Europe,1622.0,astronomer | mathematician,europe,Eastern Europe
36646,Q1240239,Theophilos Corydalleus,re_balkans,Balkans,1570.0,philosopher | physicist | astronomer | mathematician | geographer,europe,Eastern Europe
36670,Q19935947,Jurij Žiga Pogačnik,re_central_europe,Central Europe,1676.0,philosopher,europe,Eastern Europe
36671,Q94917796,Johann Meyer,re_central_europe,Central Europe,1651.0,philosopher | mathematician,europe,Eastern Europe
36673,Q1253164,Péter Révay,re_central_europe,Central Europe,1568.0,historian,europe,Eastern Europe
36676,Q903161,Debreczeni Kalocsa János,re_central_europe,Central Europe,1632.0,theologian,europe,Eastern Europe
36681,Q86550,Conrad of Vechta,re_central_europe,Central Europe,1370.0,theologian,europe,Eastern Europe
36688,Q9359171,Tomasz Bedermann,re_central_europe,Central Europe,1450.0,theologian | philosopher,europe,Eastern Europe
36690,Q95108688,Viktorin Jevina,re_central_europe,Central Europe,1672.0,historian,europe,Eastern Europe
36692,Q1321225,Sámuel Timon,re_central_europe,Central Europe,1675.0,geographer,europe,Eastern Europe
36703,Q44668811,Lorenz Heidenreich,re_central_europe,Central Europe,1480.0,philosopher,europe,Eastern Europe
36706,Q712787,Mustafa Naima,re_balkans,Balkans,1655.0,historian,europe,Eastern Europe
36709,Q67136,Bartholomäus Keckermann,re_central_europe,Central Europe,1572.0,theologian | philosopher | historian,europe,Eastern Europe
36713,Q95479,Daniel Cramer,re_central_europe,Central Europe,1568.0,theologian,europe,Eastern Europe
36718,Q713261,Petr Chelčický,re_central_europe,Central Europe,1390.0,theologian | philosopher,europe,Eastern Europe
36723,Q1510196,Laurentius Weger,re_slav_world,Slav world,1599.0,philosopher | logician,europe,Eastern Europe
36738,Q455777,Amato Lusitano,re_balkans,Balkans,1511.0,botanist | anatomist,europe,Eastern Europe
36741,Q1047833,Casparus Clee,re_slav_world,Slav world,1553.0,historian,europe,Eastern Europe
36744,Q115351,Johann Preuß,re_central_europe,Central Europe,1620.0,theologian,europe,Eastern Europe
36748,Q969132,Semyon Remezov,re_slav_world,Slav world,1642.0,geographer | historian,europe,Eastern Europe
36756,Q55626209,Georg Seger,re_central_europe,Central Europe,1629.0,zoologist,europe,Eastern Europe
36757,Q11768226,Marek Korona,re_slav_world,Slav world,1590.0,theologian,europe,Eastern Europe
36761,Q1550818,Piotr of Goniądz,re_central_europe,Central Europe,1525.0,theologian,europe,Eastern Europe
36770,Q941595,Symon Budny,re_slav_world,Slav world,1530.0,philosopher | historian,europe,Eastern Europe
36774,Q35564442,Mikołaj Wodka z Kwidzynia,re_central_europe,Central Europe,1442.0,astronomer,europe,Eastern Europe
36788,Q72542,Oliver von Paderborn,re_central_europe,Central Europe,1170.0,theologian | historian,europe,Eastern Europe
36804,Q163326,Jacobus Xaverius Ticinus,re_balkans,Balkans,1656.0,linguist,europe,Eastern Europe
36817,Q91183,Joachim Mörlin,re_slav_world,Slav world,1514.0,theologian,europe,Eastern Europe
36819,Q302961,Aaron ben Joseph of Constantinople,re_slav_world,Slav world,1260.0,philosopher,europe,Eastern Europe
36823,Q1372399,Yuriy Drohobych,re_central_europe,Central Europe,1450.0,astronomer | philosopher,europe,Eastern Europe
36829,Q94930544,Christoph Fischer,re_central_europe,Central Europe,1611.0,economist,europe,Eastern Europe
36845,Q872714,Csiba István Mihály,re_central_europe,Central Europe,1673.0,zoologist,europe,Eastern Europe
36849,Q58461096,Adrian Pauli,re_central_europe,Central Europe,1583.0,philosopher,europe,Eastern Europe
36852,Q2330980,Stanislaus Bornbach,re_central_europe,Central Europe,1530.0,historian,europe,Eastern Europe
36862,Q72918,Johann Philipp Breyne,re_central_europe,Central Europe,1680.0,botanist | zoologist | paleontologist,europe,Eastern Europe
36863,Q1081035,Christian Mascov,re_slav_world,Slav world,1673.0,theologian,europe,Eastern Europe
36867,Q822770,Bernard Wapowski,re_central_europe,Central Europe,1450.0,geographer | astronomer | historian,europe,Eastern Europe
36869,Q26902012,Anton Remmelding,re_central_europe,Central Europe,1513.0,theologian,europe,Eastern Europe
36871,Q25457298,Szörény Sándor,re_central_europe,Central Europe,1664.0,theologian | philosopher,europe,Eastern Europe
36874,Q1657392,Ignatz Mühlwenzel,re_central_europe,Central Europe,1690.0,mathematician,europe,Eastern Europe
36875,Q832033,István Werbőczy,re_central_europe,Central Europe,1458.0,theologian,europe,Eastern Europe
36878,Q1231843,Roger of Howden,re_central_europe,Central Europe,1200.0,historian,europe,Eastern Europe
36883,Q19834031,Abraham Göllnitz,re_central_europe,Central Europe,1501.0,geographer,europe,Eastern Europe
36891,Q97705,Johann Jakob Quandt,re_slav_world,Slav world,1686.0,theologian,europe,Eastern Europe
36893,Q108839,Michael Friedrich Quade,re_central_europe,Central Europe,1682.0,theologian,europe,Eastern Europe
36896,Q96145569,Johannes von Lübeck,re_central_europe,Central Europe,1450.0,theologian,europe,Eastern Europe
36897,Q9396738,Świętosław Orzelski,re_central_europe,Central Europe,1549.0,historian,europe,Eastern Europe
36901,Q351518,Simplicius of Cilicia,re_balkans,Balkans,501.0,astronomer | philosopher | mathematician,europe,Eastern Europe
36905,Q9334711,Sebastian Bobola,re_central_europe,Central Europe,1586.0,theologian,europe,Eastern Europe
36919,Q106452261,Jan Mirotický,re_central_europe,Central Europe,1540.0,anthropologist,europe,Eastern Europe
36920,Q694908,İbrahim Peçevi,re_central_europe,Central Europe,1574.0,historian,europe,Eastern Europe
36922,Q1679386,Jacob Tydaeus,re_slav_world,Slav world,1628.0,theologian | historian,europe,Eastern Europe
36923,Q1080040,Christian Gross,re_central_europe,Central Europe,1601.0,theologian,europe,Eastern Europe
36930,Q1079332,Christian Dreier,re_central_europe,Central Europe,1610.0,theologian,europe,Eastern Europe
36947,Q666005,György Lippay,re_central_europe,Central Europe,1601.0,chemist,europe,Eastern Europe
36951,Q55072163,Philipp Jacob Sachs von Lewenhaimb,re_central_europe,Central Europe,1627.0,zoologist,europe,Eastern Europe
36957,Q710504,Bohuslav Balbín,re_central_europe,Central Europe,1621.0,geographer | philosopher | historian,europe,Eastern Europe
36960,Q5269571,Dhimitër Frëngu,re_balkans,Balkans,1443.0,historian,europe,Eastern Europe
36961,Q2080960,Petrus Edeling,re_central_europe,Central Europe,1522.0,theologian,europe,Eastern Europe
36975,Q2081023,Peter Swawe,re_central_europe,Central Europe,1496.0,theologian,europe,Eastern Europe
36989,Q20480460,János Kolozsvári Czementes,re_central_europe,Central Europe,1550.0,chemist,europe,Eastern Europe
36991,Q3714363,Dorothea Maria Graff,re_slav_world,Slav world,1678.0,botanist,europe,Eastern Europe
36993,Q44164028,Monald Straube,re_central_europe,Central Europe,1650.0,theologian,europe,Eastern Europe
36996,Q25873634,Christian Clodius,re_central_europe,Central Europe,1694.0,philosopher,europe,Eastern Europe
37009,Q12877138,Meletius II of Athens,re_balkans,Balkans,1661.0,historian,europe,Eastern Europe
37013,Q106522,Abraham Buchholzer,re_central_europe,Central Europe,1529.0,theologian | historian,europe,Eastern Europe
37016,Q1047873,Caspar Elogius,re_central_europe,Central Europe,1530.0,theologian,europe,Eastern Europe
37023,Q60469,Angelus Silesius,re_central_europe,Central Europe,1624.0,theologian,europe,Eastern Europe
37029,Q56006761,Hans Wilhelm Wolf,re_central_europe,Central Europe,1638.0,theologian,europe,Eastern Europe
37030,Q11716443,Jakub Haur,re_central_europe,Central Europe,1632.0,economist,europe,Eastern Europe
37052,Q1366311,Johann Bernhard Hahn,re_slav_world,Slav world,1685.0,theologian,europe,Eastern Europe
37054,Q32912284,Rajmund Zamanja,re_balkans,Balkans,1587.0,linguist | philosopher,europe,Eastern Europe
37055,Q55681068,Jan Zahrádka,re_central_europe,Central Europe,1501.0,mathematician,europe,Eastern Europe
37069,Q94915561,Johann Hasenberg,re_central_europe,Central Europe,1500.0,theologian,europe,Eastern Europe
37070,Q16465143,Mykolas Merlinas,re_central_europe,Central Europe,1641.0,linguist,europe,Eastern Europe
37071,Q95728785,Georg Werner,re_central_europe,Central Europe,1497.0,geologist | historian,europe,Eastern Europe
37075,Q710858,Vitello,re_central_europe,Central Europe,1230.0,theologian | philosopher | physicist | mathematician,europe,Eastern Europe
37076,Q969675,Joseph Solomon Delmedigo,re_central_europe,Central Europe,1591.0,philosopher | musicologist | astronomer | mathematician,europe,Eastern Europe
37077,Q1693790,Johann Georg Böse,re_central_europe,Central Europe,1662.0,theologian,europe,Eastern Europe
37096,Q107121,Johannes Sinapius,re_central_europe,Central Europe,1667.0,historian,europe,Eastern Europe
37099,Q63864,Jan Marek Marci,re_central_europe,Central Europe,1595.0,physicist | mathematician,europe,Eastern Europe
37115,Q3259517,Lorenzo de Monacis,re_balkans,Balkans,1351.0,historian,europe,Eastern Europe
37118,Q16454530,Jurgis Tiškevičius Logoiskis IV,re_central_europe,Central Europe,1571.0,theologian | philosopher,europe,Eastern Europe
37123,Q16476865,Voicechas Ceciševskis,re_central_europe,Central Europe,1604.0,philosopher,europe,Eastern Europe
37126,Q12648348,Andriejus Jurgevičius,re_central_europe,Central Europe,1560.0,theologian,europe,Eastern Europe
37127,Q1539888,Theophilus Siegfried Bayer,re_slav_world,Slav world,1694.0,linguist | historian,europe,Eastern Europe
37128,Q109730,Matthias Menius,re_slav_world,Slav world,1544.0,astronomer | mathematician,europe,Eastern Europe
37130,Q2081048,Petr z Mladoňovic,re_central_europe,Central Europe,1390.0,theologian,europe,Eastern Europe
37133,Q1599675,Heinrich von Schüttenhofen,re_central_europe,Central Europe,1300.0,philosopher | zoologist,europe,Eastern Europe
37134,Q95323838,Georg Wagner,re_central_europe,Central Europe,1690.0,theologian,europe,Eastern Europe
37143,Q22680504,Dismas Josef Ignác von Hoffer,re_central_europe,Central Europe,1696.0,historian,europe,Eastern Europe
37144,Q342050,"Đorđe Branković, Count of Podgorica",re_central_europe,Central Europe,1645.0,historian,europe,Eastern Europe
37147,Q10400374,Šimon Podolský z Podolí,re_central_europe,Central Europe,1561.0,geographer | astronomer,europe,Eastern Europe
37151,Q4938263,Bohuslav Bílejovský,re_central_europe,Central Europe,1480.0,historian,europe,Eastern Europe
37152,Q95226850,Jan Zimmermann,re_central_europe,Central Europe,1632.0,theologian,europe,Eastern Europe
37154,Q12354239,Pál Medgyesi,re_central_europe,Central Europe,1604.0,theologian,europe,Eastern Europe
37156,Q42898070,Johann Georg Greisel,re_central_europe,Central Europe,1650.0,anatomist,europe,Eastern Europe
37160,Q106339,Silvester Stodewescher,re_central_europe,Central Europe,1500.0,theologian,europe,Eastern Europe
37168,Q61640238,Tomaž Gregolin,re_central_europe,Central Europe,1620.0,theologian,europe,Eastern Europe
37173,Q4345404,Jakub Parkoszowic,re_central_europe,Central Europe,1400.0,linguist,europe,Eastern Europe
37175,Q1348667,Epiphanius Slavinetsky,re_slav_world,Slav world,1600.0,linguist,europe,Eastern Europe
37176,Q628758,János Tomka Szászky,re_central_europe,Central Europe,1692.0,historian,europe,Eastern Europe
37180,Q75667,Martin Helwig,re_central_europe,Central Europe,1516.0,geographer,europe,Eastern Europe
37181,Q11767491,Marcin Biem,re_central_europe,Central Europe,1470.0,astronomer,europe,Eastern Europe
37191,Q561635,Symeon of Polotsk,re_slav_world,Slav world,1629.0,theologian | philosopher,europe,Eastern Europe
37195,Q23671249,Andrzej Abrek starszy,re_central_europe,Central Europe,1600.0,philosopher,europe,Eastern Europe
37202,Q63232,Maria Cunitz,re_central_europe,Central Europe,1610.0,astronomer,europe,Eastern Europe
37214,Q1174103,David Crolle,re_central_europe,Central Europe,1600.0,theologian,europe,Eastern Europe
37217,Q5753271,Hieronim Moskorzowski,re_central_europe,Central Europe,1560.0,theologian,europe,Eastern Europe
37222,Q45112,Johann Grueber,re_central_europe,Central Europe,1623.0,astronomer,europe,Eastern Europe
37231,Q1252620,Lea Ráskay,re_central_europe,Central Europe,1401.0,linguist,europe,Eastern Europe
37234,Q1297898,Aegidius Sadeler,re_central_europe,Central Europe,1570.0,geographer,europe,Eastern Europe
37238,Q383003,Nikephoros Bryennios the Younger,re_balkans,Balkans,1062.0,historian,europe,Eastern Europe
37249,Q1001766,Ádám Fitter,re_central_europe,Central Europe,1679.0,theologian,europe,Eastern Europe
37254,Q95379072,Heřman Absdorfský,re_central_europe,Central Europe,1673.0,philosopher,europe,Eastern Europe
37259,Q9376861,Wojciech Sokołowski,re_central_europe,Central Europe,1586.0,philosopher,europe,Eastern Europe
37264,Q704486,Marcin Wadowita,re_central_europe,Central Europe,1567.0,theologian,europe,Eastern Europe
37270,Q7171687,Petar Bogdan,re_balkans,Balkans,1601.0,historian,europe,Eastern Europe
37279,Q4089222,Andrei Ivanovich Bogdanov,re_slav_world,Slav world,1692.0,anthropologist,europe,Eastern Europe
37281,Q55127631,Christoph Hendreich,re_central_europe,Central Europe,1630.0,historian,europe,Eastern Europe
37303,Q13033657,Joachim Bielski,re_central_europe,Central Europe,1540.0,historian,europe,Eastern Europe
37309,Q2142789,Wenceslaus Hajek,re_central_europe,Central Europe,1500.0,historian,europe,Eastern Europe
37320,Q1684931,Johann Hornung,re_slav_world,Slav world,1660.0,linguist,europe,Eastern Europe
37321,Q1694199,Johann Gottlieb Olearius,re_slav_world,Slav world,1684.0,historian,europe,Eastern Europe
37326,Q95397610,Jan Zahrádka,re_central_europe,Central Europe,1698.0,theologian | philosopher,europe,Eastern Europe
37333,Q1949189,Moses Isserles,re_central_europe,Central Europe,1520.0,theologian,europe,Eastern Europe
37339,Q2607534,Augustinus Rotundus,re_central_europe,Central Europe,1520.0,historian,europe,Eastern Europe
37342,Q9359556,Tomasz Młodzianowski,re_central_europe,Central Europe,1622.0,philosopher,europe,Eastern Europe
37343,Q655603,Dávid Frölich,re_central_europe,Central Europe,1595.0,astronomer | mathematician | anatomist,europe,Eastern Europe
37344,Q690877,John of Rokycan,re_central_europe,Central Europe,1396.0,philosopher,europe,Eastern Europe
37367,Q1448023,Wilhelm Heinrich Beckher,re_slav_world,Slav world,1694.0,theologian,europe,Eastern Europe
37371,Q12794358,Krištof Ziegelfest,re_central_europe,Central Europe,1563.0,economist,europe,Eastern Europe
37376,Q426170,Sulkhan-Saba Orbeliani,re_slav_world,Slav world,1658.0,linguist,europe,Eastern Europe
37383,Q945165,Coriolano Cippico,re_balkans,Balkans,1425.0,historian,europe,Eastern Europe
37390,Q95445555,Jacobus Mibes,re_central_europe,Central Europe,1648.0,theologian,europe,Eastern Europe
37400,Q16406904,Johann Pastelberg,re_central_europe,Central Europe,1650.0,theologian,europe,Eastern Europe
37403,Q93102685,Stanisław Jakobczyk,re_central_europe,Central Europe,1540.0,astronomer,europe,Eastern Europe
37411,Q101829,Johann Heß,re_central_europe,Central Europe,1490.0,theologian,europe,Eastern Europe
37412,Q12025765,Mauritius Vogt,re_central_europe,Central Europe,1669.0,geographer | historian | zoologist,europe,Eastern Europe
37415,Q103024,Jan Roh,re_central_europe,Central Europe,1490.0,theologian,europe,Eastern Europe
37420,Q12035727,Martin Honorius Czechura,re_central_europe,Central Europe,1688.0,theologian,europe,Eastern Europe
37433,Q716769,Vilem Slavata of Chlum,re_central_europe,Central Europe,1572.0,historian,europe,Eastern Europe
37439,Q1693205,Johann David Kypke,re_slav_world,Slav world,1692.0,theologian,europe,Eastern Europe
37463,Q95155064,Jiří Behm,re_central_europe,Central Europe,1621.0,mathematician,europe,Eastern Europe
37464,Q91670,Laurentius Eichstadius,re_central_europe,Central Europe,1596.0,botanist | astronomer | mathematician,europe,Eastern Europe
37471,Q1459320,Friedrich Gottlob Hertzog,re_central_europe,Central Europe,1689.0,theologian,europe,Eastern Europe
37475,Q61678500,Gabriel Kolinovics,re_central_europe,Central Europe,1698.0,historian,europe,Eastern Europe
37486,Q327970,Ivan Uzhevych,re_central_europe,Central Europe,1610.0,linguist,europe,Eastern Europe
37497,Q58215371,Reinhold Pauli,re_central_europe,Central Europe,1638.0,theologian,europe,Eastern Europe
37499,Q20479574,János Tolnai Dali,re_central_europe,Central Europe,1606.0,theologian,europe,Eastern Europe
37509,Q66394,Jakob Bartsch,re_central_europe,Central Europe,1600.0,astronomer | mathematician,europe,Eastern Europe
37515,Q8012445,William Holmes,re_central_europe,Central Europe,1689.0,historian,europe,Eastern Europe
37516,Q4271294,Mikołaj Łęczycki,re_central_europe,Central Europe,1574.0,philosopher,europe,Eastern Europe
37517,Q55844305,Theodor Wilhelm Jerusalem,re_central_europe,Central Europe,1666.0,theologian,europe,Eastern Europe
37528,Q106833837,Daniele Furlani,re_balkans,Balkans,1550.0,philosopher,europe,Eastern Europe
37541,Q4282609,Marko Martinović,re_balkans,Balkans,1663.0,mathematician,europe,Eastern Europe
37547,Q107698,Johannes Aurifaber,re_central_europe,Central Europe,1517.0,theologian,europe,Eastern Europe
37562,Q329898,Abraomas Kulvietis,re_central_europe,Central Europe,1509.0,linguist,europe,Eastern Europe
37569,Q622746,Jacob Bruce,re_slav_world,Slav world,1669.0,astronomer,europe,Eastern Europe
37586,Q38782279,Gabriel Groddeck,re_central_europe,Central Europe,1672.0,philosopher,europe,Eastern Europe
37589,Q333232,Vasily Tatishchev,re_slav_world,Slav world,1686.0,historian | geographer | economist | anthropologist,europe,Eastern Europe
37595,Q1973317,Innocent Giesel,re_slav_world,Slav world,1600.0,theologian | historian,europe,Eastern Europe
37598,Q1360874,Wojciech Bobowski,re_slav_world,Slav world,1610.0,musicologist,europe,Eastern Europe
37599,Q112549491,Urban Fridrich,re_central_europe,Central Europe,1690.0,historian,europe,Eastern Europe
37600,Q363513,Judah Loew ben Bezalel,re_central_europe,Central Europe,1520.0,philosopher | mathematician,europe,Eastern Europe
37608,Q220313,Gemistus Pletho,re_balkans,Balkans,1355.0,philosopher,europe,Eastern Europe
37613,Q18623343,Jakub Łoś,re_central_europe,Central Europe,1632.0,historian,europe,Eastern Europe
37615,Q463405,Elia del Medigo,re_balkans,Balkans,1460.0,philosopher,europe,Eastern Europe
37617,Q124001,Nicolaus II Bernoulli,re_slav_world,Slav world,1695.0,mathematician,europe,Eastern Europe
37619,Q55125907,Johann Valentin Pietsch,re_slav_world,Slav world,1690.0,theologian,europe,Eastern Europe
37620,Q95445568,Joannes Woraczicky,re_central_europe,Central Europe,1678.0,theologian,europe,Eastern Europe
37653,Q530866,Antal Gabon,re_central_europe,Central Europe,1677.0,philosopher,europe,Eastern Europe
37661,Q1385474,Willem Hondius,re_central_europe,Central Europe,1598.0,geographer,europe,Eastern Europe
37667,Q93455659,Georgius Thomas,re_central_europe,Central Europe,1677.0,theologian | mathematician,europe,Eastern Europe
37672,Q4759573,Andrzej Abrek,re_central_europe,Central Europe,1650.0,philosopher,europe,Eastern Europe
37688,Q1118025,György Komáromi Csipkés,re_central_europe,Central Europe,1628.0,theologian | linguist,europe,Eastern Europe
37689,Q1463876,Friedrich von Lüdinghausen Wolff,re_central_europe,Central Europe,1643.0,theologian | philosopher,europe,Eastern Europe
37701,Q55226897,Pavao Andreis,re_balkans,Balkans,1609.0,historian,europe,Eastern Europe
37702,Q1176312,David Reutz,re_central_europe,Central Europe,1576.0,theologian,europe,Eastern Europe
37703,Q4374912,Paweł Potocki,re_central_europe,Central Europe,1625.0,historian,europe,Eastern Europe
37705,Q9152489,Andrzej Komoniecki,re_central_europe,Central Europe,1658.0,historian,europe,Eastern Europe
37706,Q94844072,Johannes Gottlob Heer,re_central_europe,Central Europe,1681.0,theologian,europe,Eastern Europe
37708,Q401652,Ahmed Resmî Efendi,re_balkans,Balkans,1694.0,historian,europe,Eastern Europe
37709,Q94944382,Andreas Schumann,re_slav_world,Slav world,1699.0,theologian,europe,Eastern Europe
37715,Q95200,Matthäus Prätorius,re_central_europe,Central Europe,1635.0,historian,europe,Eastern Europe
37723,Q1991802,Nikolaus von Rakonitz,re_central_europe,Central Europe,1350.0,theologian,europe,Eastern Europe
37730,Q12768304,Juraj Bohuš,re_central_europe,Central Europe,1687.0,geographer,europe,Eastern Europe
37736,Q1466890,Ferenc Zay,re_central_europe,Central Europe,1498.0,historian,europe,Eastern Europe
37739,Q621331,Heinrich Stahl,re_slav_world,Slav world,1600.0,theologian,europe,Eastern Europe
37753,Q13421337,Ján Krstiteľ Najmar,re_central_europe,Central Europe,1696.0,historian,europe,Eastern Europe
37762,Q11737705,Kazimierz Biernacki,re_central_europe,Central Europe,1629.0,historian,europe,Eastern Europe
37765,Q3557126,Methodios Anthrakites,re_balkans,Balkans,1660.0,astronomer | philosopher | physicist | mathematician,europe,Eastern Europe
37771,Q1174512,David Gans,re_central_europe,Central Europe,1541.0,astronomer | mathematician | theologian | geographer | historian,europe,Eastern Europe
37772,Q11714743,Izajasz Boner,re_central_europe,Central Europe,1400.0,theologian,europe,Eastern Europe
37774,Q94829838,Marcin Chmielnik,re_central_europe,Central Europe,1559.0,botanist,europe,Eastern Europe
37775,Q1080664,Jiří Třanovský,re_central_europe,Central Europe,1592.0,theologian,europe,Eastern Europe
37780,Q60232010,Joannes Maria Sbogar,re_central_europe,Central Europe,1654.0,theologian,europe,Eastern Europe
37790,Q4762991,Angelos Akotantos,re_balkans,Balkans,1400.0,historian,europe,Eastern Europe
37794,Q1612418,Hermann Rahtmann,re_central_europe,Central Europe,1585.0,theologian,europe,Eastern Europe
37797,Q108417402,Viktorin Vrbenský,re_central_europe,Central Europe,1580.0,theologian,europe,Eastern Europe
37799,Q1006181,Mihály Földváry,re_central_europe,Central Europe,1672.0,historian,europe,Eastern Europe
37800,Q1667548,Johann Gottfried Hornejus,re_central_europe,Central Europe,1689.0,theologian,europe,Eastern Europe
37811,Q84975,Valentin Thilo,re_slav_world,Slav world,1607.0,theologian,europe,Eastern Europe
37822,Q100362120,Zachariasz Modzelewski,re_slav_world,Slav world,1648.0,philosopher,europe,Eastern Europe
37825,Q28836215,Fridrich Vilém ze Sommersbergu,re_central_europe,Central Europe,1698.0,historian,europe,Eastern Europe
37832,Q1384097,Gül Baba,re_central_europe,Central Europe,1500.0,philosopher,europe,Eastern Europe
37838,Q1084952,Christoph Gabriel Fabricius,re_central_europe,Central Europe,1684.0,theologian,europe,Eastern Europe
37840,Q55875838,Arnoldus Angelus,re_central_europe,Central Europe,1620.0,theologian,europe,Eastern Europe
37846,Q1230906,Pál Pater,re_central_europe,Central Europe,1656.0,astronomer | mathematician,europe,Eastern Europe
37847,Q119291,Celestyn Myślenta,re_slav_world,Slav world,1588.0,theologian,europe,Eastern Europe
37850,Q1166131,Martonfalvi Tóth György,re_central_europe,Central Europe,1635.0,theologian,europe,Eastern Europe
37862,Q48850440,Jakub Górski,re_central_europe,Central Europe,1585.0,mathematician,europe,Eastern Europe
37864,Q1569256,Sebastian Artomedes,re_slav_world,Slav world,1544.0,theologian,europe,Eastern Europe
37868,Q56389183,Károly Frigyes Loew,re_central_europe,Central Europe,1699.0,botanist,europe,Eastern Europe
37869,Q2112589,Prokop von Pilsen,re_central_europe,Central Europe,1400.0,theologian,europe,Eastern Europe
37876,Q786884,Stjepan Brodarić,re_central_europe,Central Europe,1480.0,historian,europe,Eastern Europe
37878,Q69151,Nicolaus Reimers,re_central_europe,Central Europe,1551.0,astronomer | mathematician,europe,Eastern Europe
37883,Q435320,Francysk Skaryna,re_central_europe,Central Europe,1486.0,philosopher,europe,Eastern Europe
37889,Q338487,Stanislovas Rapalionis,re_slav_world,Slav world,1485.0,theologian,europe,Eastern Europe
37895,Q73013,Peter Crüger,re_central_europe,Central Europe,1580.0,astronomer | mathematician,europe,Eastern Europe
37896,Q907815,Pál Doleschall,re_central_europe,Central Europe,1700.0,linguist,europe,Eastern Europe
37898,Q2086074,Leoncjusz,re_central_europe,Central Europe,1580.0,theologian,europe,Eastern Europe
37901,Q561034,Tito Livio Burattini,re_central_europe,Central Europe,1617.0,physicist | astronomer | mathematician | geographer | historian,europe,Eastern Europe
37907,Q1329371,Ēliyyāhû Qapsalî,re_balkans,Balkans,1490.0,historian,europe,Eastern Europe
37908,Q6989286,Israel Zamosz,re_slav_world,Slav world,1700.0,mathematician,europe,Eastern Europe
37926,Q4426871,Fedor Ivanovich Soimonov,re_slav_world,Slav world,1692.0,geographer,europe,Eastern Europe
37932,Q1303585,Matthias Lauterwalt,re_central_europe,Central Europe,1520.0,theologian,europe,Eastern Europe
37947,Q1694537,Johann Heinrich Denffer,re_central_europe,Central Europe,1700.0,astronomer | chemist,europe,Eastern Europe
37956,Q326797,Christian of Prachatice,re_central_europe,Central Europe,1368.0,theologian | astronomer | mathematician,europe,Eastern Europe
37965,Q94578542,Johann Heinrich Ramhofsky von Ramhofen,re_central_europe,Central Europe,1700.0,historian,europe,Eastern Europe
37967,Q106134183,Heinrich Písek von Bischofteinitz,re_central_europe,Central Europe,1510.0,theologian,europe,Eastern Europe
37968,Q1697613,Johannes Hagemeister,re_central_europe,Central Europe,1502.0,theologian,europe,Eastern Europe
37971,Q18945584,Kaspar Knittel,re_central_europe,Central Europe,1644.0,philosopher | mathematician,europe,Eastern Europe
37980,Q1146725,Constantine of Preslav,re_balkans,Balkans,900.0,linguist | historian,europe,Eastern Europe
37990,Q2331040,Stanisław Sokołowski,re_central_europe,Central Europe,1537.0,theologian,europe,Eastern Europe
37997,Q1669626,Michael Radau,re_slav_world,Slav world,1617.0,theologian,europe,Eastern Europe
38004,Q3302595,Maximus III of Constantinople,re_balkans,Balkans,1450.0,historian,europe,Eastern Europe
38007,Q4317648,Kasper Niesiecki,re_central_europe,Central Europe,1682.0,historian,europe,Eastern Europe
38008,Q3742330,Thomas Hiärne,re_slav_world,Slav world,1638.0,historian,europe,Eastern Europe
38015,Q4253395,Jean Lalemandet,re_central_europe,Central Europe,1595.0,theologian,europe,Eastern Europe
38016,Q579504,John of Głogów,re_central_europe,Central Europe,1445.0,geographer | astronomer | philosopher | mathematician,europe,Eastern Europe
38022,Q18945537,Jakub Jan Vaclav Dobrensky,re_central_europe,Central Europe,1623.0,zoologist,europe,Eastern Europe
38024,Q105124847,Simon Plachy z Trebnice,re_central_europe,Central Europe,1560.0,historian,europe,Eastern Europe
38035,Q91774,Andreas Fischer,re_central_europe,Central Europe,1480.0,theologian,europe,Eastern Europe
38036,Q1506709,Georg von Venediger,re_central_europe,Central Europe,1500.0,theologian,europe,Eastern Europe
38045,Q1697355,Johannes Cardinalis von Bergreichenstein,re_central_europe,Central Europe,1375.0,theologian,europe,Eastern Europe
38047,Q1679320,Jakob Sahme,re_slav_world,Slav world,1629.0,theologian,europe,Eastern Europe
38048,Q499679,Andreas Mylius,re_slav_world,Slav world,1606.0,theologian,europe,Eastern Europe
38050,Q5763500,Paul Einhorn,re_central_europe,Central Europe,1505.0,historian,europe,Eastern Europe
38061,Q1919183,Melchior Zeidler,re_slav_world,Slav world,1630.0,theologian,europe,Eastern Europe
38065,Q1596989,Heinrich Cunitz,re_central_europe,Central Europe,1580.0,astronomer,europe,Eastern Europe
38067,Q1030704,Gregor Lagus,re_central_europe,Central Europe,1586.0,theologian,europe,Eastern Europe
38068,Q16713710,Khachatur Kafayetsi,re_slav_world,Slav world,1592.0,historian,europe,Eastern Europe
38088,Q19704638,Frane Divnic,re_balkans,Balkans,1607.0,historian,europe,Eastern Europe
38089,Q326772,Jan František Beckovský,re_central_europe,Central Europe,1658.0,linguist | historian,europe,Eastern Europe
38096,Q3094034,Gabriele Zerbi,re_balkans,Balkans,1445.0,philosopher | anatomist,europe,Eastern Europe
38097,Q12878447,Joseph Philagrios,re_balkans,Balkans,1335.0,theologian | philosopher,europe,Eastern Europe
38098,Q15118093,Hakob Krymetsi,re_slav_world,Slav world,1360.0,philosopher,europe,Eastern Europe
38104,Q1484016,Sigismund Lauxmin,re_central_europe,Central Europe,1596.0,musicologist,europe,Eastern Europe
38106,Q853507,György Bárány,re_central_europe,Central Europe,1682.0,theologian,europe,Eastern Europe
38109,Q1469478,Ákos,re_central_europe,Central Europe,1205.0,historian,europe,Eastern Europe
38112,Q91467,David Gregor Corner,re_central_europe,Central Europe,1587.0,theologian,europe,Eastern Europe
38117,Q3845683,Marcello Squarcialupi,re_central_europe,Central Europe,1538.0,astronomer,europe,Eastern Europe
38125,Q7192453,Pierre Statorius,re_central_europe,Central Europe,1530.0,theologian,europe,Eastern Europe
38126,Q95156271,Martin Pirchan,re_central_europe,Central Europe,1671.0,philosopher,europe,Eastern Europe
38128,Q102116,Joachim Oelhaf,re_central_europe,Central Europe,1570.0,anatomist,europe,Eastern Europe
38138,Q453465,Eustathius of Thessalonica,re_balkans,Balkans,1101.0,historian,europe,Eastern Europe
38146,Q56255117,Jan Puszka,re_central_europe,Central Europe,1400.0,theologian,europe,Eastern Europe
38147,Q107241,Ephraim Oloff,re_central_europe,Central Europe,1685.0,theologian | historian,europe,Eastern Europe
38150,Q64344,Johann Cochlaeus,re_central_europe,Central Europe,1479.0,theologian | musicologist,europe,Eastern Europe
38163,Q70346,Lucas David,re_slav_world,Slav world,1503.0,historian,europe,Eastern Europe
38164,Q1303962,László Szörényi,re_central_europe,Central Europe,1670.0,theologian,europe,Eastern Europe
38166,Q6125523,Jakub Górski,re_central_europe,Central Europe,1525.0,philosopher,europe,Eastern Europe
38169,Q1819236,Leonhard Krenzheim,re_central_europe,Central Europe,1532.0,theologian,europe,Eastern Europe
38172,Q55090575,Kaspar Matthias Rodde,re_slav_world,Slav world,1689.0,theologian,europe,Eastern Europe
38177,Q1505735,Georg Rhete,re_central_europe,Central Europe,1500.0,theologian,europe,Eastern Europe
38179,Q2374092,Martin Silvester Grabe,re_central_europe,Central Europe,1627.0,theologian,europe,Eastern Europe
38184,Q4678807,Adam Burski,re_central_europe,Central Europe,1560.0,philosopher,europe,Eastern Europe
38192,Q95183,Joachim Curaeus,re_central_europe,Central Europe,1532.0,historian,europe,Eastern Europe
38195,Q1792937,Martin Statius,re_central_europe,Central Europe,1589.0,theologian,europe,Eastern Europe
38197,Q47010571,Johann Christoph Rosteuscher,re_central_europe,Central Europe,1657.0,philosopher,europe,Eastern Europe
38212,Q1394267,Ignjat Đurđević,re_balkans,Balkans,1675.0,astronomer | linguist,europe,Eastern Europe
38221,Q121550,John Kaminiates,re_balkans,Balkans,900.0,historian,europe,Eastern Europe
38222,Q20729798,Abraham Hartwich,re_slav_world,Slav world,1663.0,theologian | historian,europe,Eastern Europe
38226,Q5535811,Georg Schomann,re_central_europe,Central Europe,1539.0,theologian,europe,Eastern Europe
38228,Q20525404,Francesco Bassegli,re_balkans,Balkans,1441.0,theologian,europe,Eastern Europe
38230,Q1355663,Tadeáš Hájek,re_central_europe,Central Europe,1525.0,astronomer | mathematician,europe,Eastern Europe
38235,Q1080765,Christian Langhansen,re_slav_world,Slav world,1660.0,theologian | mathematician,europe,Eastern Europe
38242,Q1295372,Ferenc Lénárd Szegedi,re_central_europe,Central Europe,1614.0,theologian,europe,Eastern Europe
38244,Q440349,Ivan Kirilov,re_slav_world,Slav world,1695.0,geographer,europe,Eastern Europe
38249,Q55122693,Johann Constantin Feigius,re_central_europe,Central Europe,1658.0,historian,europe,Eastern Europe
38251,Q97192,Michael Lilienthal,re_slav_world,Slav world,1686.0,theologian,europe,Eastern Europe
38253,Q75995,Johannes Hancke,re_central_europe,Central Europe,1644.0,astronomer | mathematician,europe,Eastern Europe
38267,Q1700641,John Jonston,re_central_europe,Central Europe,1603.0,botanist | zoologist | historian,europe,Eastern Europe
38269,Q1692651,Johann Behm,re_slav_world,Slav world,1578.0,theologian,europe,Eastern Europe
38279,Q1919130,Melchior Gottlieb Minor,re_central_europe,Central Europe,1693.0,theologian,europe,Eastern Europe
38280,Q990123,Jurij Erber,re_central_europe,Central Europe,1660.0,theologian | philosopher,europe,Eastern Europe
38283,Q99243,Peter Oelhaf,re_central_europe,Central Europe,1599.0,historian,europe,Eastern Europe
38292,Q2283440,Zygfryd von Boock,re_central_europe,Central Europe,1400.0,theologian,europe,Eastern Europe
38297,Q12022714,Jan Kořínek,re_central_europe,Central Europe,1626.0,philosopher,europe,Eastern Europe
38307,Q106040469,Kašpar Ladislav Stehlík z Čeňkova,re_central_europe,Central Europe,1571.0,astronomer | mathematician,europe,Eastern Europe
38331,Q37084,John VI Kantakouzenos,re_balkans,Balkans,1292.0,historian,europe,Eastern Europe
38333,Q1506268,Jiři Strejc,re_central_europe,Central Europe,1536.0,theologian,europe,Eastern Europe
38339,Q95556883,Michal Ascanius,re_central_europe,Central Europe,1620.0,philosopher,europe,Eastern Europe
38351,Q324534,Laonikos Chalkokondyles,re_balkans,Balkans,1423.0,historian,europe,Eastern Europe
38353,Q1085953,Christoph Stymmel,re_central_europe,Central Europe,1525.0,theologian,europe,Eastern Europe
38358,Q95938,Reinhold Curicke,re_central_europe,Central Europe,1610.0,historian,europe,Eastern Europe
38360,Q1323315,Simon Grunau,re_central_europe,Central Europe,1470.0,historian,europe,Eastern Europe
38372,Q11728163,Jonas Scultetus,re_central_europe,Central Europe,1603.0,geographer,europe,Eastern Europe
38380,Q94526835,Bernhard Raschdorf,re_central_europe,Central Europe,1683.0,theologian,europe,Eastern Europe
38388,Q1782745,Constantine of Kostenets,re_balkans,Balkans,1380.0,philosopher | historian,europe,Eastern Europe
38390,Q725859,Herman of Carinthia,re_balkans,Balkans,1110.0,astronomer | philosopher | meteorologist | mathematician,europe,Eastern Europe
38393,Q1609210,Fabian Birkowski,re_central_europe,Central Europe,1566.0,theologian,europe,Eastern Europe
38396,Q695938,Ewald Georg von Kleist,re_central_europe,Central Europe,1700.0,physicist,europe,Eastern Europe
38406,Q45056659,Gregor Rocken,re_central_europe,Central Europe,1650.0,theologian,europe,Eastern Europe
38416,Q94778675,Balthasar Conrad,re_central_europe,Central Europe,1599.0,philosopher | mathematician,europe,Eastern Europe
38437,Q12792997,Jožef de Giorgio,re_central_europe,Central Europe,1638.0,theologian | philosopher,europe,Eastern Europe
38438,Q94832300,Philipp Oussel,re_central_europe,Central Europe,1671.0,theologian,europe,Eastern Europe
38454,Q27571800,Katerina Vitale,re_balkans,Balkans,1566.0,chemist,europe,Eastern Europe
38461,Q95081122,Tobiáš Jelínek,re_central_europe,Central Europe,1668.0,philosopher,europe,Eastern Europe
38464,Q1682377,Johann Vladislaus Suchodoletz,re_central_europe,Central Europe,1687.0,geographer,europe,Eastern Europe
38466,Q206459,Feodor II of Russia,re_slav_world,Slav world,1589.0,geographer,europe,Eastern Europe
38467,Q266897,Adam of Łowicz,re_central_europe,Central Europe,1500.0,philosopher,europe,Eastern Europe
38474,Q70322,Johann Wigand,re_central_europe,Central Europe,1523.0,theologian | botanist,europe,Eastern Europe
38475,Q2452397,Maciej Miechowita,re_central_europe,Central Europe,1457.0,geographer | historian,europe,Eastern Europe
38477,Q6149576,Jan Mączyński,re_central_europe,Central Europe,1520.0,linguist,europe,Eastern Europe
38485,Q456126,Matthias Tanner,re_central_europe,Central Europe,1630.0,theologian | historian,europe,Eastern Europe
38497,Q467789,Martin Stredonius,re_central_europe,Central Europe,1587.0,historian,europe,Eastern Europe
38502,Q685774,Jan Šindel,re_central_europe,Central Europe,1375.0,astronomer | mathematician,europe,Eastern Europe
38514,Q7599138,Stanisław Grzepski,re_central_europe,Central Europe,1524.0,historian | mathematician,europe,Eastern Europe
38519,Q96991,Johann Adam Kulmus,re_central_europe,Central Europe,1689.0,anatomist,europe,Eastern Europe
38533,Q873956,Wilhelm von Schröder,re_central_europe,Central Europe,1640.0,economist,europe,Eastern Europe
38537,Q1388840,Joris Hoefnagel,re_central_europe,Central Europe,1542.0,geographer,europe,Eastern Europe
38538,Q1677512,Jacob Hegge,re_central_europe,Central Europe,1450.0,theologian,europe,Eastern Europe
38542,Q576161,József Alauda,re_central_europe,Central Europe,1610.0,astronomer,europe,Eastern Europe
38543,Q952799,János Nadányi,re_central_europe,Central Europe,1643.0,historian,europe,Eastern Europe
38551,Q60843229,Georgius Gengell,re_central_europe,Central Europe,1657.0,theologian,europe,Eastern Europe
38557,Q339351,Jan Łaski,re_central_europe,Central Europe,1499.0,theologian,europe,Eastern Europe
38566,Q15651684,Mélèce Syrigos,re_balkans,Balkans,1586.0,theologian,europe,Eastern Europe
38570,Q1926927,Michael Behm,re_slav_world,Slav world,1612.0,theologian,europe,Eastern Europe
38575,Q505037,Fausto Sozzini,re_central_europe,Central Europe,1539.0,theologian,europe,Eastern Europe
38585,Q5984508,Fridericus Menius,re_central_europe,Central Europe,1593.0,historian,europe,Eastern Europe
38587,Q55126790,Zacharias Theobald,re_central_europe,Central Europe,1584.0,theologian | historian,europe,Eastern Europe
38590,Q11774200,Daniel Basilius z Deutschenberka,re_central_europe,Central Europe,1585.0,astronomer | physicist,europe,Eastern Europe
38596,Q1326883,Albert Brudzewski,re_central_europe,Central Europe,1445.0,astronomer | philosopher | mathematician,europe,Eastern Europe
38606,Q29848881,Paulus Aquilinas,re_central_europe,Central Europe,1520.0,historian,europe,Eastern Europe
38608,Q1465988,Johann Rotenburg,re_central_europe,Central Europe,1572.0,theologian,europe,Eastern Europe
38610,Q97419351,Anton Wied,re_central_europe,Central Europe,1508.0,geographer,europe,Eastern Europe
38619,Q4755025,Harsha Ramdas Bhatkal,re_balkans,Balkans,1547.0,historian,europe,Eastern Europe
38636,Q94884020,Adam Simonides,re_central_europe,Central Europe,1695.0,theologian | philosopher,europe,Eastern Europe
38645,Q2218829,Samuel Schelwig,re_central_europe,Central Europe,1643.0,theologian,europe,Eastern Europe
38652,Q326493,Jan Długosz,re_central_europe,Central Europe,1415.0,geographer | historian,europe,Eastern Europe
38673,Q5991250,Arvid Moller,re_central_europe,Central Europe,1674.0,philosopher,europe,Eastern Europe
38675,Q11738200,Kazimierz Ostrowski,re_slav_world,Slav world,1669.0,philosopher,europe,Eastern Europe
38680,Q2978607,Szymon Starowolski,re_central_europe,Central Europe,1588.0,historian,europe,Eastern Europe
38683,Q16511374,Hasan Kafi Pruščak,re_balkans,Balkans,1544.0,sociologist,europe,Eastern Europe
38686,Q3917646,Kyrylo Stavrovetsky,re_slav_world,Slav world,1570.0,theologian | philosopher,europe,Eastern Europe
38693,Q443861,Frang Bardhi,re_balkans,Balkans,1606.0,historian,europe,Eastern Europe
38694,Q11699199,Gabriel Ochocki,re_central_europe,Central Europe,1601.0,philosopher,europe,Eastern Europe
38700,Q88618,Ambrosius Moibanus,re_central_europe,Central Europe,1494.0,theologian,europe,Eastern Europe
38701,Q7599194,Stanisław Murzynowski,re_slav_world,Slav world,1528.0,theologian | linguist,europe,Eastern Europe
38713,Q826360,Bernhard von Sanden the Younger,re_slav_world,Slav world,1666.0,theologian,europe,Eastern Europe
38721,Q95326515,Martin Seidel,re_central_europe,Central Europe,1540.0,theologian,europe,Eastern Europe
38735,Q559828,Péter Pázmány,re_central_europe,Central Europe,1570.0,philosopher,europe,Eastern Europe
38748,Q1671964,Iohannes Sslechta,re_central_europe,Central Europe,1466.0,philosopher,europe,Eastern Europe
38752,Q94935625,Peter Wendt,re_central_europe,Central Europe,1623.0,theologian,europe,Eastern Europe
38753,Q9168731,Benedykt Hesse,re_central_europe,Central Europe,1389.0,philosopher,europe,Eastern Europe
38756,Q302718,Pelbartus Ladislaus of Temesvár,re_central_europe,Central Europe,1430.0,philosopher,europe,Eastern Europe
38769,Q5479481,Francesco Negri,re_central_europe,Central Europe,1500.0,theologian,europe,Eastern Europe
38771,Q16854088,Otto Zeinenger,re_central_europe,Central Europe,1513.0,theologian,europe,Eastern Europe
38774,Q1696332,Johann Strauß,re_slav_world,Slav world,1590.0,mathematician,europe,Eastern Europe
38775,Q24261880,Benignus Sychrovský,re_central_europe,Central Europe,1675.0,theologian,europe,Eastern Europe
38791,Q12035680,Martin Bacháček z Nouměřic,re_central_europe,Central Europe,1539.0,astronomer,europe,Eastern Europe
38793,Q43774948,Johann Adolph Hollenhagen,re_central_europe,Central Europe,1648.0,theologian,europe,Eastern Europe
38795,Q372038,Józef Naronowicz-Naroński,re_slav_world,Slav world,1610.0,geographer | historian | mathematician,europe,Eastern Europe
38811,Q326783,Jan z Příbrami,re_central_europe,Central Europe,1350.0,theologian,europe,Eastern Europe
38825,Q498387,Andreas Iris,re_slav_world,Slav world,1540.0,historian,europe,Eastern Europe
38829,Q2618255,Jerzy Mniszech,re_slav_world,Slav world,1548.0,philosopher,europe,Eastern Europe
38831,Q5511268,Fyodor Luzhin,re_slav_world,Slav world,1695.0,geographer,europe,Eastern Europe
38836,Q12674911,Theodor Lepner,re_slav_world,Slav world,1633.0,anthropologist,europe,Eastern Europe
38840,Q1745417,Nikolaus von Pelgrims,re_central_europe,Central Europe,1385.0,theologian,europe,Eastern Europe
38842,Q102260628,Tomasz Klage,re_central_europe,Central Europe,1598.0,philosopher | mathematician,europe,Eastern Europe
38847,Q92216,Johann Georg Siegesbeck,re_slav_world,Slav world,1686.0,botanist,europe,Eastern Europe
38855,Q100269611,Andrzej Schonflissius,re_central_europe,Central Europe,1590.0,theologian,europe,Eastern Europe
38874,Q3278585,Wasyl Czartoryski,re_slav_world,Slav world,1375.0,historian,europe,Eastern Europe
38877,Q4485192,Johann Eberhard Fischer,re_slav_world,Slav world,1697.0,historian,europe,Eastern Europe
38884,Q238511,Mavro Orbin,re_balkans,Balkans,1563.0,historian,europe,Eastern Europe
38886,Q1697500,Johannes Fleck,re_central_europe,Central Europe,1559.0,theologian,europe,Eastern Europe
38888,Q495702,Balthasar Russow,re_central_europe,Central Europe,1536.0,historian,europe,Eastern Europe
38889,Q681164,Semyon Chelyuskin,re_slav_world,Slav world,1700.0,geographer,europe,Eastern Europe
38890,Q112347624,Ludmila Kubátová,re_central_europe,Central Europe,927.0,historian,europe,Eastern Europe
38891,Q9206035,Deodat Nersesowicz,re_slav_world,Slav world,1647.0,theologian,europe,Eastern Europe
38899,Q12880654,Manouēl Malaxos,re_balkans,Balkans,1500.0,historian,europe,Eastern Europe
38917,Q21545294,Gottfried Hoffmann,re_central_europe,Central Europe,1658.0,theologian,europe,Eastern Europe
38922,Q567639,Bele Regis Notarius,re_central_europe,Central Europe,1200.0,historian,europe,Eastern Europe
38925,Q11716361,Jakub Barner,re_central_europe,Central Europe,1641.0,chemist,europe,Eastern Europe
38932,Q4216698,David Caspari,re_central_europe,Central Europe,1648.0,theologian,europe,Eastern Europe
38934,Q104428785,Seweryn Lubomlczyk,re_central_europe,Central Europe,1532.0,theologian,europe,Eastern Europe
38936,Q4136968,Johann Gustav Gaerber,re_slav_world,Slav world,1690.0,geographer,europe,Eastern Europe
38937,Q538267,William of Moerbeke,re_balkans,Balkans,1215.0,philosopher,europe,Eastern Europe
38942,Q95231729,Udalricus Mayer,re_central_europe,Central Europe,1650.0,theologian,europe,Eastern Europe
38947,Q699651,Jan Jesenius,re_central_europe,Central Europe,1566.0,philosopher,europe,Eastern Europe
38952,Q133060,Willem Barents,re_slav_world,Slav world,1550.0,geographer,europe,Eastern Europe
38953,Q5607111,Gregory Paul of Brzeziny,re_central_europe,Central Europe,1525.0,theologian,europe,Eastern Europe
38954,Q98556548,Grgur Budislavic,re_balkans,Balkans,1485.0,theologian | philosopher,europe,Eastern Europe
38956,Q94934836,Johann Christoph Lehmann,re_central_europe,Central Europe,1661.0,theologian,europe,Eastern Europe
38961,Q111582,Pankratius Klemme,re_central_europe,Central Europe,1475.0,theologian,europe,Eastern Europe
38962,Q18945786,Sigismundus Suevus,re_central_europe,Central Europe,1526.0,mathematician,europe,Eastern Europe
38969,Q6217047,Johannes Völkel,re_central_europe,Central Europe,1565.0,theologian,europe,Eastern Europe
38971,Q1380865,Jeremias Homberger,re_central_europe,Central Europe,1529.0,theologian,europe,Eastern Europe
38979,Q43674144,Theophil Pistorius,re_central_europe,Central Europe,1592.0,linguist,europe,Eastern Europe
38985,Q12768441,Jan Duchon,re_central_europe,Central Europe,1596.0,philosopher,europe,Eastern Europe
38995,Q1374251,Jan of Stobnica,re_central_europe,Central Europe,1470.0,geographer | astronomer | philosopher,europe,Eastern Europe
38997,Q2590821,Wolfgang Peristerus,re_central_europe,Central Europe,1532.0,theologian,europe,Eastern Europe
38998,Q1070134,Simon of Kéza,re_central_europe,Central Europe,1250.0,historian,europe,Eastern Europe
39014,Q7412056,Samuel Ludwik Zasadius,re_central_europe,Central Europe,1695.0,linguist,europe,Eastern Europe
39017,Q11771481,Mateusz z Szamotuł,re_central_europe,Central Europe,1491.0,astronomer,europe,Eastern Europe
39027,Q1389722,Nikolay Diletsky,re_slav_world,Slav world,1630.0,musicologist,europe,Eastern Europe
39030,Q605192,Biernat of Lublin,re_central_europe,Central Europe,1465.0,linguist,europe,Eastern Europe
39038,Q1401024,Peter Vietz,re_central_europe,Central Europe,1519.0,theologian,europe,Eastern Europe
39039,Q12792026,Janez Jakob Olben,re_central_europe,Central Europe,1643.0,astronomer,europe,Eastern Europe
39041,Q11719605,Jan z Trzciany,re_slav_world,Slav world,1510.0,philosopher,europe,Eastern Europe
39047,Q104914,Johannes Marienwerder,re_central_europe,Central Europe,1343.0,theologian,europe,Eastern Europe
39065,Q7184693,Philipp Ruhig,re_central_europe,Central Europe,1675.0,philosopher,europe,Eastern Europe
39066,Q6236549,Georg Werner,re_slav_world,Slav world,1589.0,theologian,europe,Eastern Europe
39071,Q110255,Henning Iwen,re_central_europe,Central Europe,1350.0,theologian,europe,Eastern Europe
39073,Q11780974,z Mościsk Mikołaj,re_central_europe,Central Europe,1559.0,theologian,europe,Eastern Europe
39081,Q104553593,Dujam Hranković,re_balkans,Balkans,1350.0,historian,europe,Eastern Europe
39097,Q1263825,Nathanael Sendel,re_central_europe,Central Europe,1686.0,zoologist,europe,Eastern Europe
39107,Q657866,Nathan ben Moses Hannover,re_central_europe,Central Europe,1610.0,historian,europe,Eastern Europe
39115,Q1612059,Hermann Marsow,re_central_europe,Central Europe,1485.0,theologian,europe,Eastern Europe
39121,Q6836003,Michał Falkener,re_central_europe,Central Europe,1460.0,astronomer | philosopher | mathematician,europe,Eastern Europe
39126,Q12815152,Lucas Colb,re_central_europe,Central Europe,1680.0,theologian | historian,europe,Eastern Europe
39132,Q1360736,Stephan Gorlov,re_slav_world,Slav world,1619.0,theologian,europe,Eastern Europe
39134,Q3767871,Gian Paolo Alciati,re_central_europe,Central Europe,1515.0,theologian,europe,Eastern Europe
39135,Q20562442,Jans Karigers,re_central_europe,Central Europe,1664.0,linguist,europe,Eastern Europe
39149,Q4213981,Matej Karaman,re_balkans,Balkans,1700.0,linguist,europe,Eastern Europe
39153,Q11696649,Eliasz Pielgrzymowski,re_central_europe,Central Europe,1564.0,historian,europe,Eastern Europe
39158,Q709783,Luke of Prague,re_central_europe,Central Europe,1460.0,theologian,europe,Eastern Europe
39171,Q792906,Mihály Beniczky,re_central_europe,Central Europe,1677.0,theologian,europe,Eastern Europe
39172,Q938364,Mikhail Gvozdev,re_slav_world,Slav world,1700.0,geographer,europe,Eastern Europe
39175,Q1903965,Martin Hanke,re_central_europe,Central Europe,1633.0,historian,europe,Eastern Europe
39183,Q45116253,Johann Christoph Gottwald,re_central_europe,Central Europe,1670.0,anatomist,europe,Eastern Europe
39188,Q1678998,Jacob Fabricius,re_central_europe,Central Europe,1593.0,theologian,europe,Eastern Europe
39191,Q716140,Vavrinec Benedikt of Nedožery,re_central_europe,Central Europe,1555.0,linguist | mathematician,europe,Eastern Europe
39195,Q4759653,Andrzej Lubieniecki,re_central_europe,Central Europe,1521.0,historian,europe,Eastern Europe
39198,Q12720245,Alexander de Hungaria,re_central_europe,Central Europe,1260.0,theologian,europe,Eastern Europe
39204,Q809383,Bartholomäus Wagner,re_central_europe,Central Europe,1520.0,mathematician,europe,Eastern Europe
39219,Q17268952,Josef Förster,re_central_europe,Central Europe,1650.0,theologian,europe,Eastern Europe
39229,Q648051,Andrzej Maksymilian Fredro,re_central_europe,Central Europe,1620.0,philosopher,europe,Eastern Europe
39235,Q854420,János Bélteki,re_central_europe,Central Europe,1653.0,theologian,europe,Eastern Europe
39244,Q516773,Marcin Bielski,re_central_europe,Central Europe,1495.0,historian,europe,Eastern Europe
39248,Q25474248,János Ádám Gensel,re_central_europe,Central Europe,1677.0,meteorologist,europe,Eastern Europe
39258,Q95444330,Václav Antonín Nosek,re_central_europe,Central Europe,1691.0,philosopher,europe,Eastern Europe
39270,Q1226984,Ferenc Otrokocsi Fóris,re_central_europe,Central Europe,1648.0,theologian | linguist | philosopher,europe,Eastern Europe
39296,Q1048024,Caspar Schleupner,re_central_europe,Central Europe,1535.0,mathematician,europe,Eastern Europe
39297,Q982860,Nilus of Sora,re_slav_world,Slav world,1433.0,philosopher,europe,Eastern Europe
39312,Q106650,Michael Brüggemann,re_central_europe,Central Europe,1583.0,linguist,europe,Eastern Europe
39313,Q9201391,Daniel Mikołajewski,re_central_europe,Central Europe,1560.0,theologian,europe,Eastern Europe
39319,Q4759737,Andrzej Węgierski,re_central_europe,Central Europe,1600.0,historian,europe,Eastern Europe
39325,Q561626,Maciej Stryjkowski,re_central_europe,Central Europe,1547.0,historian,europe,Eastern Europe
39326,Q11718456,Jan Muscenius,re_central_europe,Central Europe,1532.0,mathematician,europe,Eastern Europe
39328,Q66649,Marcin Kromer,re_central_europe,Central Europe,1512.0,musicologist | historian,europe,Eastern Europe
39344,Q1697847,Johannes Klein,re_central_europe,Central Europe,1684.0,astronomer | mathematician,europe,Eastern Europe
39348,Q16606193,Stanisław Solski,re_central_europe,Central Europe,1622.0,mathematician,europe,Eastern Europe
39358,Q4360589,Sebastian Petrycy,re_central_europe,Central Europe,1554.0,philosopher,europe,Eastern Europe
39359,Q17268944,Augulus Grützner,re_central_europe,Central Europe,1550.0,theologian,europe,Eastern Europe
39361,Q18279226,Feodor Krest'janin,re_slav_world,Slav world,1540.0,musicologist,europe,Eastern Europe
39363,Q1894358,Marcus Schinnagel,re_central_europe,Central Europe,1450.0,astronomer,europe,Eastern Europe
39367,Q1362779,Michael Apostolius,re_balkans,Balkans,1420.0,philosopher,europe,Eastern Europe
39368,Q648868,Michael Critobulus,re_balkans,Balkans,1410.0,historian,europe,Eastern Europe
39371,Q826361,Bernhard von Sanden the Elder,re_slav_world,Slav world,1636.0,theologian,europe,Eastern Europe
39372,Q706801,John of Viktring,re_slav_world,Slav world,1300.0,historian,europe,Eastern Europe
39378,Q125424,David Blaesing,re_slav_world,Slav world,1660.0,astronomer | mathematician,europe,Eastern Europe
39383,Q18012163,Jan Turnowski,re_central_europe,Central Europe,1567.0,theologian,europe,Eastern Europe
39390,Q6216106,Johann Ludwig von Wolzogen,re_central_europe,Central Europe,1600.0,theologian | philosopher,europe,Eastern Europe
39412,Q2287856,Simon Titius,re_slav_world,Slav world,1521.0,physicist,europe,Eastern Europe
39427,Q11727329,Joachim Pastorius,re_central_europe,Central Europe,1611.0,historian,europe,Eastern Europe
39428,Q556654,Theodorus Moretus,re_central_europe,Central Europe,1602.0,astronomer | mathematician,europe,Eastern Europe
39432,Q30438075,Paul Hofmann,re_central_europe,Central Europe,1630.0,theologian,europe,Eastern Europe
39435,Q1618249,Szymon Rudnicki,re_central_europe,Central Europe,1552.0,theologian,europe,Eastern Europe
39442,Q12793994,Konrad Miller,re_central_europe,Central Europe,1641.0,philosopher,europe,Eastern Europe
39454,Q17003247,Jan of Holešov,re_central_europe,Central Europe,1366.0,theologian | anthropologist,europe,Eastern Europe
39464,Q69432,Quirinus Kuhlmann,re_slav_world,Slav world,1651.0,theologian,europe,Eastern Europe
39467,Q77266,Jacob Breyne,re_central_europe,Central Europe,1637.0,botanist | zoologist,europe,Eastern Europe
39473,Q112505062,Hyacinthus Stixa,re_central_europe,Central Europe,1700.0,historian,europe,Eastern Europe
39477,Q3103400,Juraj Ratkaj,re_balkans,Balkans,1612.0,historian,europe,Eastern Europe
39483,Q501068,Andreas Virginius,re_central_europe,Central Europe,1640.0,theologian,europe,Eastern Europe
39487,Q697179,Matthias Bel,re_central_europe,Central Europe,1684.0,theologian | philosopher | historian,europe,Eastern Europe
39489,Q16408423,Andreas Sandhagen,re_central_europe,Central Europe,1612.0,political scientist,europe,Eastern Europe
39490,Q16405033,Eberhard Gutsleff,re_slav_world,Slav world,1700.0,theologian,europe,Eastern Europe
39491,Q1485070,Petrus Calaminus,re_central_europe,Central Europe,1556.0,theologian,europe,Eastern Europe
39503,Q18246644,Esaias Heidenreich,re_central_europe,Central Europe,1532.0,theologian,europe,Eastern Europe
39504,Q15292115,János Zermegh,re_central_europe,Central Europe,1504.0,historian,europe,Eastern Europe
39515,Q391635,Simeon Partliz,re_central_europe,Central Europe,1590.0,astronomer | philosopher | mathematician,europe,Eastern Europe
39516,Q12049595,Rodrigo de Arriaga,re_central_europe,Central Europe,1592.0,theologian | philosopher,europe,Eastern Europe
39525,Q4534225,Jan Tomasz Józefowicz,re_slav_world,Slav world,1669.0,historian,europe,Eastern Europe
39535,Q94878513,Johann Arnold Pauli,re_central_europe,Central Europe,1681.0,theologian,europe,Eastern Europe
39539,Q381211,Gennadius Scholarius,re_balkans,Balkans,1400.0,philosopher,europe,Eastern Europe
39542,Q11339498,Matěj Brikcí z Licka,re_central_europe,Central Europe,1488.0,philosopher | historian,europe,Eastern Europe
39543,Q207325,Christian Goldbach,re_slav_world,Slav world,1690.0,mathematician,europe,Eastern Europe
39552,Q4173111,Ivan Yevreinov,re_slav_world,Slav world,1694.0,geographer,europe,Eastern Europe
39560,Q700334,Kara Mehmed Pacha,re_central_europe,Central Europe,1650.0,historian,europe,Eastern Europe
39561,Q17321757,Friedrich Lucae,re_central_europe,Central Europe,1644.0,historian,europe,Eastern Europe
39574,Q247164,John of Tobolsk,re_slav_world,Slav world,1651.0,theologian,europe,Eastern Europe
39594,Q2284797,Sigismund Ferdinand Hartmann,re_central_europe,Central Europe,1632.0,mathematician,europe,Eastern Europe
39600,Q1697799,Johannes Junge,re_central_europe,Central Europe,1600.0,mathematician,europe,Eastern Europe
39603,Q570603,Francesco Stancaro,re_central_europe,Central Europe,1501.0,linguist,europe,Eastern Europe
39609,Q6786791,Matthaios Kamariotis,re_balkans,Balkans,1401.0,philosopher,europe,Eastern Europe
39623,Q1697502,Johann Fleischer,re_central_europe,Central Europe,1539.0,theologian,europe,Eastern Europe
39629,Q109198,Johann Christoph Schwedler,re_central_europe,Central Europe,1672.0,theologian,europe,Eastern Europe
39631,Q1280353,Thomas the Archdeacon,re_balkans,Balkans,1200.0,historian,europe,Eastern Europe
39632,Q94934316,Simon Weiß,re_central_europe,Central Europe,1623.0,theologian,europe,Eastern Europe
39637,Q88192,Gottfried Lengnich,re_central_europe,Central Europe,1689.0,historian,europe,Eastern Europe
39642,Q1454084,Jehiel ben Solomon Heilprin,re_slav_world,Slav world,1660.0,historian,europe,Eastern Europe
39651,Q466779,Elisabeth Hevelius,re_central_europe,Central Europe,1647.0,astronomer,europe,Eastern Europe
39658,Q304346,Gáspár Károlyi,re_central_europe,Central Europe,1529.0,theologian,europe,Eastern Europe
39660,Q97098,Andreas Fromm,re_central_europe,Central Europe,1621.0,theologian,europe,Eastern Europe
39661,Q104256,Johann Micraelius,re_central_europe,Central Europe,1597.0,theologian | philosopher | historian,europe,Eastern Europe
39667,Q19834156,Aegidius Salius,re_central_europe,Central Europe,1536.0,physicist | mathematician,europe,Eastern Europe
39672,Q1560582,Günther Heiler,re_central_europe,Central Europe,1645.0,theologian,europe,Eastern Europe
39675,Q559090,Fryderyk Getkant,re_slav_world,Slav world,1600.0,geographer,europe,Eastern Europe
39686,Q94905092,Johannes Seidel,re_central_europe,Central Europe,1671.0,theologian,europe,Eastern Europe
39689,Q15977209,Balthasar Friedrich Schütz,re_central_europe,Central Europe,1664.0,theologian,europe,Eastern Europe
39694,Q1424428,Isaac Gottfried Goedtke,re_central_europe,Central Europe,1691.0,historian,europe,Eastern Europe
39699,Q12022626,Jan Jiří Středovský,re_central_europe,Central Europe,1679.0,theologian | historian,europe,Eastern Europe
39701,Q5244772,Jan Łasicki,re_slav_world,Slav world,1534.0,theologian | historian,europe,Eastern Europe
39706,Q1617556,Hieronymus Hirnhaim,re_central_europe,Central Europe,1637.0,philosopher,europe,Eastern Europe
39707,Q284572,Salomo Heinrich Vestring,re_central_europe,Central Europe,1663.0,theologian,europe,Eastern Europe
39714,Q1126408,John of Küküllő,re_central_europe,Central Europe,1320.0,historian,europe,Eastern Europe
39723,Q16538791,Daniel Pawłowski,re_central_europe,Central Europe,1627.0,philosopher,europe,Eastern Europe
39726,Q3898383,Paweł Piasecki,re_central_europe,Central Europe,1579.0,historian,europe,Eastern Europe
39727,Q277766,Rogerius of Apulia,re_balkans,Balkans,1201.0,historian,europe,Eastern Europe
39729,Q2673314,Jakub Sobieski,re_slav_world,Slav world,1590.0,historian,europe,Eastern Europe
39736,Q95893958,Adam Zoernikav,re_slav_world,Slav world,1652.0,theologian,europe,Eastern Europe
39739,Q11767658,Marcin Król z Żurawicy,re_central_europe,Central Europe,1422.0,astronomer | mathematician,europe,Eastern Europe
39744,Q1393020,Konstantin Mihailović,re_balkans,Balkans,1435.0,historian,europe,Eastern Europe
39746,Q2508355,Valentin Krautwald,re_central_europe,Central Europe,1490.0,theologian,europe,Eastern Europe
39750,Q121992,Martin Weiher,re_central_europe,Central Europe,1512.0,theologian,europe,Eastern Europe
39752,Q744494,Peter Nigri,re_central_europe,Central Europe,1434.0,philosopher,europe,Eastern Europe
39762,Q1602905,Samuel Suchodolec,re_central_europe,Central Europe,1649.0,geographer,europe,Eastern Europe
39774,Q55676108,Gottlieb Schelwig,re_central_europe,Central Europe,1683.0,philosopher,europe,Eastern Europe
39776,Q55228331,Girolamo da Pistoia,re_balkans,Balkans,1508.0,theologian,europe,Eastern Europe
39777,Q28671917,Jakub Papenkowic,re_central_europe,Central Europe,1582.0,theologian,europe,Eastern Europe
39779,Q24263095,Eliasz z Wąwolnicy,re_central_europe,Central Europe,1350.0,theologian,europe,Eastern Europe
39784,Q435547,Andreas Osiander,re_slav_world,Slav world,1499.0,theologian | mathematician,europe,Eastern Europe
39789,Q2639898,Albrecht Meno Verpoorten,re_central_europe,Central Europe,1672.0,theologian,europe,Eastern Europe
39791,Q734217,Martynas Mažvydas,re_slav_world,Slav world,1510.0,theologian,europe,Eastern Europe
39794,Q1085393,Christoph Langhansen,re_slav_world,Slav world,1691.0,theologian | astronomer | mathematician,europe,Eastern Europe
39800,Q11774229,Daniel Paulina,re_central_europe,Central Europe,1550.0,philosopher,europe,Eastern Europe
39805,Q9343511,Stanisław Łubieński,re_central_europe,Central Europe,1573.0,historian,europe,Eastern Europe
39809,Q20435193,Gyulaffy Lestár,re_central_europe,Central Europe,1557.0,historian,europe,Eastern Europe
39815,Q108583,Magnoald Ziegelbauer,re_central_europe,Central Europe,1689.0,theologian | historian,europe,Eastern Europe
39824,Q50988117,Johannes Centurio Macasius,re_central_europe,Central Europe,1658.0,philosopher,europe,Eastern Europe
39830,Q1681651,Jan Brandt,re_slav_world,Slav world,1554.0,theologian,europe,Eastern Europe
39832,Q4850052,Balanos Vasilopoulos,re_balkans,Balkans,1694.0,mathematician,europe,Eastern Europe
39834,Q559436,Georg Mohr,re_central_europe,Central Europe,1640.0,mathematician,europe,Eastern Europe
39838,Q1484889,Marcin Ruar,re_central_europe,Central Europe,1589.0,theologian,europe,Eastern Europe
39851,Q55193178,Johann Kraus,re_central_europe,Central Europe,1649.0,philosopher,europe,Eastern Europe
39862,Q21546731,Henryk Nicolai,re_central_europe,Central Europe,1605.0,philosopher,europe,Eastern Europe
39863,Q88202,Georg Andreas Helwing,re_central_europe,Central Europe,1666.0,theologian | botanist,europe,Eastern Europe
39864,Q11725227,Georg Peter Schultz,re_central_europe,Central Europe,1680.0,historian,europe,Eastern Europe
39866,Q1697959,Johannes Loesel,re_slav_world,Slav world,1607.0,botanist,europe,Eastern Europe
39869,Q2112581,Prokop Lupáč z Hlaváčova,re_central_europe,Central Europe,1535.0,historian,europe,Eastern Europe
39870,Q60946,Martin Opitz,re_central_europe,Central Europe,1597.0,art theorist,europe,Eastern Europe
39877,Q106112,Martin Behm,re_central_europe,Central Europe,1557.0,theologian,europe,Eastern Europe
39878,Q1084798,Christoph Eilard,re_slav_world,Slav world,1585.0,physicist,europe,Eastern Europe
39879,Q374478,Adrian Virginius,re_central_europe,Central Europe,1615.0,theologian,europe,Eastern Europe
39882,Q673421,Leonhard von Dobschütz,re_central_europe,Central Europe,1450.0,astronomer | mathematician,europe,Eastern Europe
39886,Q16521537,János Lippay,re_central_europe,Central Europe,1606.0,botanist,europe,Eastern Europe
39899,Q2284813,Sigismund Weier,re_slav_world,Slav world,1579.0,astronomer | historian | mathematician,europe,Eastern Europe
39904,Q1001675,Dániel Fischer,re_central_europe,Central Europe,1695.0,zoologist,europe,Eastern Europe
39919,Q1693910,Johann Georg Neidhardt,re_slav_world,Slav world,1680.0,musicologist,europe,Eastern Europe
39928,Q1228243,Fabian Timaeus,re_central_europe,Central Europe,1507.0,theologian,europe,Eastern Europe
39934,Q1918880,Nicolae Milescu,re_slav_world,Slav world,1636.0,theologian | geographer | historian,europe,Eastern Europe
39941,Q11716442,Jakub Henryk Zerneke,re_central_europe,Central Europe,1672.0,historian,europe,Eastern Europe
39943,Q1678997,Jacob Faber,re_central_europe,Central Europe,1537.0,theologian,europe,Eastern Europe
39957,Q552684,Michał Sędziwój,re_central_europe,Central Europe,1566.0,chemist,europe,Eastern Europe
39971,Q55676232,Johann Georg Roeser,re_central_europe,Central Europe,1659.0,theologian,europe,Eastern Europe
39982,Q3787391,Hubert van Giffen,re_central_europe,Central Europe,1534.0,philosopher,europe,Eastern Europe
39983,Q94577194,Andreas Wolan,re_central_europe,Central Europe,1530.0,theologian,europe,Eastern Europe
39989,Q55104139,Burchard Adam Sellius,re_slav_world,Slav world,1695.0,historian,europe,Eastern Europe
39994,Q17268956,Mansvét Förschan,re_central_europe,Central Europe,1650.0,theologian,europe,Eastern Europe
40000,Q55125084,Johann Georg Lotter,re_slav_world,Slav world,1699.0,historian,europe,Eastern Europe
40003,Q94876940,Georg Heinrich von Assig,re_central_europe,Central Europe,1669.0,theologian,europe,Eastern Europe
40012,Q1161474,Daniel Lagus,re_central_europe,Central Europe,1618.0,theologian,europe,Eastern Europe
40014,Q18340231,Filip Pohl,re_central_europe,Central Europe,1650.0,theologian,europe,Eastern Europe
40024,Q3173616,Jean Morély,re_central_europe,Central Europe,1524.0,theologian,europe,Eastern Europe
40034,Q23889301,Giunio Resti,re_balkans,Balkans,1669.0,historian,europe,Eastern Europe
40040,Q11686547,Anzelm Gostomski,re_central_europe,Central Europe,1508.0,botanist,europe,Eastern Europe
40048,Q68275,Johannes Poliander,re_slav_world,Slav world,1487.0,theologian,europe,Eastern Europe
40065,Q102344821,Edelbert Nymburský,re_central_europe,Central Europe,1700.0,theologian,europe,Eastern Europe
40069,Q7347782,Robert Morden,re_central_europe,Central Europe,1650.0,geographer,europe,Eastern Europe
40070,Q530956,Gregory of Sanok,re_slav_world,Slav world,1406.0,philosopher,europe,Eastern Europe
40074,Q4115413,Matrakçı Nasuh,re_balkans,Balkans,1480.0,geographer | historian | mathematician,europe,Eastern Europe
40079,Q2344053,Stephan von Kolin,re_central_europe,Central Europe,1360.0,theologian,europe,Eastern Europe
40080,Q48865080,Stanislaw Filipowicz,re_central_europe,Central Europe,1690.0,astronomer | mathematician,europe,Eastern Europe
40081,Q11717326,Jan Dominik Zajączkowic,re_central_europe,Central Europe,1650.0,philosopher,europe,Eastern Europe
40082,Q56255950,Melchior Stefanides,re_central_europe,Central Europe,1550.0,logician,europe,Eastern Europe
40122,Q20674111,Johann III. Popel von Lobkowitz,re_central_europe,Central Europe,1490.0,historian,europe,Eastern Europe
40123,Q91072,John Herbinius,re_central_europe,Central Europe,1633.0,theologian,europe,Eastern Europe
40133,Q11716531,Jakub Niemojewski,re_central_europe,Central Europe,1532.0,theologian,europe,Eastern Europe
40138,Q47502076,Alexandr Šamský,re_central_europe,Central Europe,1687.0,philosopher | physicist,europe,Eastern Europe
40145,Q772711,Wespazjan Kochowski,re_central_europe,Central Europe,1633.0,philosopher | historian,europe,Eastern Europe
40149,Q2063383,Paulus Rode,re_central_europe,Central Europe,1489.0,theologian,europe,Eastern Europe
40157,Q16584910,Oswald Krüger,re_slav_world,Slav world,1589.0,astronomer | physicist | mathematician,europe,Eastern Europe
40158,Q27950376,Wawrzyniec Jan Rudawski,re_central_europe,Central Europe,1617.0,historian,europe,Eastern Europe
40163,Q90469,Johann Funck,re_slav_world,Slav world,1518.0,theologian,europe,Eastern Europe
40172,Q1919142,Melchior Isinder,re_central_europe,Central Europe,1520.0,theologian,europe,Eastern Europe
40183,Q9263120,Franciszek z Brzegu,re_central_europe,Central Europe,1370.0,philosopher,europe,Eastern Europe
40189,Q106994,Johann Briesmann,re_slav_world,Slav world,1488.0,theologian,europe,Eastern Europe
40195,Q610071,Antun Vramec,re_balkans,Balkans,1538.0,historian,europe,Eastern Europe
40196,Q1919122,Melchior Eckhart,re_central_europe,Central Europe,1555.0,theologian,europe,Eastern Europe
40207,Q9354486,Judasz Tadeusz Krusinski,re_central_europe,Central Europe,1675.0,historian,europe,Eastern Europe
40210,Q94938999,Georg Heinrich von Lettow,re_central_europe,Central Europe,1668.0,theologian,europe,Eastern Europe
40217,Q1928612,Michael Meurer,re_slav_world,Slav world,1475.0,theologian,europe,Eastern Europe
40225,Q266482,Antonio Bonfini,re_central_europe,Central Europe,1427.0,historian,europe,Eastern Europe
40226,Q4223226,Daniel Klein,re_slav_world,Slav world,1609.0,linguist,europe,Eastern Europe
40229,Q1543704,Leonhard Stöckel,re_central_europe,Central Europe,1510.0,theologian,europe,Eastern Europe
40235,Q4274799,Friedrich Christoph Mayer,re_slav_world,Slav world,1697.0,astronomer | mathematician,europe,Eastern Europe
40236,Q5591919,Petrus Bång,re_slav_world,Slav world,1633.0,theologian,europe,Eastern Europe
40253,Q2365871,Albert Wijuk Kojałowicz,re_central_europe,Central Europe,1609.0,theologian | historian,europe,Eastern Europe
40259,Q878819,Vakhtang VI of Kartli,re_slav_world,Slav world,1675.0,historian,europe,Eastern Europe
40262,Q5535668,Georg Caspari,re_central_europe,Central Europe,1683.0,theologian,europe,Eastern Europe
40264,Q12768524,Justus Johann Torkos,re_central_europe,Central Europe,1699.0,chemist,europe,Eastern Europe
40266,Q159062,Jan Blahoslav,re_central_europe,Central Europe,1523.0,linguist,europe,Eastern Europe
40280,Q18646320,Štefan Mozetič,re_central_europe,Central Europe,1649.0,historian,europe,Eastern Europe
40286,Q4758747,Andrew Tooke,re_central_europe,Central Europe,1673.0,linguist,europe,Eastern Europe
40292,Q108179,Johannes Gigas,re_central_europe,Central Europe,1514.0,theologian,europe,Eastern Europe
40296,Q94530859,Thimotheus Raisky,re_central_europe,Central Europe,1700.0,theologian,europe,Eastern Europe
40302,Q15906198,Amand Hermann,re_central_europe,Central Europe,1639.0,theologian,europe,Eastern Europe
40308,Q91380,Michael Christoph Hanow,re_central_europe,Central Europe,1695.0,meteorologist | historian | mathematician,europe,Eastern Europe
40311,Q2287807,Simone Simoni,re_central_europe,Central Europe,1532.0,philosopher,europe,Eastern Europe
40315,Q1105839,János Kazy,re_central_europe,Central Europe,1686.0,historian,europe,Eastern Europe
40326,Q55072425,Lorenz Scholz,re_central_europe,Central Europe,1552.0,botanist | zoologist,europe,Eastern Europe
40333,Q1295381,István Szegedi Kis,re_central_europe,Central Europe,1505.0,theologian,europe,Eastern Europe
40335,Q328395,Adalbertus Ranconis de Ericinio,re_central_europe,Central Europe,1320.0,theologian | philosopher,europe,Eastern Europe
40343,Q21031837,Heinrich Kahlert,re_central_europe,Central Europe,1638.0,theologian,europe,Eastern Europe
40344,Q63439460,Beneš Bavoryňský,re_central_europe,Central Europe,1500.0,theologian,europe,Eastern Europe
40346,Q4283092,Marcin of Urzędów,re_central_europe,Central Europe,1500.0,botanist,europe,Eastern Europe
40354,Q4362566,Pieter Pickaert,re_slav_world,Slav world,1668.0,geographer,europe,Eastern Europe
40368,Q22827603,Paolo Del Buono,re_central_europe,Central Europe,1625.0,physicist,europe,Eastern Europe
40371,Q1420796,Friedrich Deutsch,re_slav_world,Slav world,1657.0,theologian,europe,Eastern Europe
40392,Q1441094,Francesco Lismanini,re_slav_world,Slav world,1504.0,theologian,europe,Eastern Europe
40398,Q12767770,Jakub Pribicer,re_central_europe,Central Europe,1539.0,astronomer,europe,Eastern Europe
40401,Q16577272,Mikołaj Oelhaf,re_central_europe,Central Europe,1604.0,botanist,europe,Eastern Europe
40405,Q2474713,Andreas Volanus,re_central_europe,Central Europe,1530.0,theologian,europe,Eastern Europe
40408,Q1963296,Samiilo Vasyliovych Velychko,re_slav_world,Slav world,1670.0,historian,europe,Eastern Europe
40411,Q523308,Jan Fryderyk Sapieha,re_slav_world,Slav world,1680.0,historian,europe,Eastern Europe
40416,Q1174873,David Johann Rahr,re_central_europe,Central Europe,1677.0,theologian,europe,Eastern Europe
40418,Q569955,Joseph Raphson,re_central_europe,Central Europe,1668.0,mathematician,europe,Eastern Europe
40420,Q1539107,Gottfried Balthasar Scharff,re_central_europe,Central Europe,1676.0,theologian,europe,Eastern Europe
40422,Q4515219,Marcin Czechowic,re_central_europe,Central Europe,1532.0,theologian,europe,Eastern Europe
40445,Q16561582,Jan Morawski,re_central_europe,Central Europe,1633.0,philosopher,europe,Eastern Europe
40468,Q55127469,Franz Köckritz,re_central_europe,Central Europe,1497.0,historian,europe,Eastern Europe
40471,Q348899,Feofan Prokopovich,re_slav_world,Slav world,1681.0,philosopher,europe,Eastern Europe
40477,Q12669555,Pilypas Frizijus,re_central_europe,Central Europe,1572.0,philosopher,europe,Eastern Europe
40482,Q822924,Bernardino Ochino,re_central_europe,Central Europe,1487.0,theologian,europe,Eastern Europe
40497,Q13188496,Johann Kittel,re_central_europe,Central Europe,1519.0,theologian,europe,Eastern Europe
40504,Q104641390,Aron Aleksander Olizarowski,re_slav_world,Slav world,1610.0,philosopher,europe,Eastern Europe
40509,Q1809504,Lazarus Ercker,re_central_europe,Central Europe,1528.0,geologist,europe,Eastern Europe
40513,Q159933,Dimitrie Cantemir,re_slav_world,Slav world,1674.0,philosopher | linguist | anthropologist | geographer | historian,europe,Eastern Europe
40519,Q94527169,Franz Wissinger,re_central_europe,Central Europe,1696.0,theologian,europe,Eastern Europe
40520,Q12881820,Nikolaos Koursoulas,re_balkans,Balkans,1602.0,theologian,europe,Eastern Europe
40521,Q1182765,Sarı Mehmet Pascha,re_balkans,Balkans,1700.0,historian,europe,Eastern Europe
40538,Q76527,Johann Ernst Glück,re_slav_world,Slav world,1654.0,theologian | linguist,europe,Eastern Europe
40545,Q12790394,Gregor Cotič,re_central_europe,Central Europe,1700.0,economist,europe,Eastern Europe
40554,Q2582933,Jan Abramowicz,re_central_europe,Central Europe,1540.0,economist,europe,Eastern Europe
40555,Q16671934,Christian Martini,re_central_europe,Central Europe,1699.0,physicist,europe,Eastern Europe
40558,Q1003892,Johannes Fridelius,re_central_europe,Central Europe,1638.0,zoologist,europe,Eastern Europe
40559,Q19513538,Nicolaus von Zitzwitz,re_central_europe,Central Europe,1634.0,theologian,europe,Eastern Europe
40561,Q1174719,David Herlitz,re_central_europe,Central Europe,1557.0,historian | mathematician,europe,Eastern Europe
40563,Q94919939,Meletios Syrigos,re_balkans,Balkans,1585.0,theologian,europe,Eastern Europe
40575,Q4397576,Adam Romer,re_central_europe,Central Europe,1566.0,theologian,europe,Eastern Europe
40577,Q21165842,David Krieg,re_central_europe,Central Europe,1669.0,botanist,europe,Eastern Europe
40588,Q243787,Gregory Palamas,re_balkans,Balkans,1296.0,philosopher,europe,Eastern Europe
40598,Q1383356,Joseph Volotsky,re_slav_world,Slav world,1440.0,philosopher,europe,Eastern Europe
40611,Q1361390,Prokop Diviš,re_central_europe,Central Europe,1698.0,theologian | physicist | zoologist,europe,Eastern Europe
40616,Q561934,Konstantinos Manasses,re_balkans,Balkans,1130.0,historian,europe,Eastern Europe
40621,Q2077114,Peter Monau,re_central_europe,Central Europe,1551.0,philosopher,europe,Eastern Europe
40628,Q17617463,Christian Nicolaus von Winsheim,re_slav_world,Slav world,1694.0,astronomer,europe,Eastern Europe
40632,Q104135250,Baltazar Hostounsky,re_central_europe,Central Europe,1534.0,theologian,europe,Eastern Europe
40635,Q1679674,Jakub Kresa,re_central_europe,Central Europe,1648.0,astronomer | linguist | mathematician,europe,Eastern Europe
40640,Q1458426,Friedrich Bernhard Werner,re_central_europe,Central Europe,1690.0,geographer,europe,Eastern Europe
40643,Q794358,András Beythe,re_central_europe,Central Europe,1564.0,botanist,europe,Eastern Europe
40645,Q94938160,Antonius Jenisch,re_central_europe,Central Europe,1698.0,theologian,europe,Eastern Europe
40646,Q24705432,Paul Rehfeld,re_central_europe,Central Europe,1688.0,theologian,europe,Eastern Europe
40647,Q969637,Georg von Reicherstorffer,re_central_europe,Central Europe,1495.0,geographer | historian,europe,Eastern Europe
40660,Q3599628,Wacław Grodziecki,re_central_europe,Central Europe,1535.0,geographer,europe,Eastern Europe
40670,Q3395472,Dinko Zlatarić,re_balkans,Balkans,1558.0,linguist,europe,Eastern Europe
40676,Q27863176,Jakob Schickfuß,re_central_europe,Central Europe,1574.0,historian,europe,Eastern Europe
40680,Q12037137,Mikuláš Šúd ze Semanína,re_central_europe,Central Europe,1490.0,astronomer,europe,Eastern Europe
40690,Q469783,Princess Anna of Sweden,re_central_europe,Central Europe,1568.0,botanist,europe,Eastern Europe
40698,Q1175880,David Nerreter,re_central_europe,Central Europe,1649.0,theologian,europe,Eastern Europe
40700,Q12784132,Albert Ocicky,re_central_europe,Central Europe,1574.0,economist,europe,Eastern Europe
40721,Q43567862,Elias Pistorius Senior,re_central_europe,Central Europe,1590.0,theologian,europe,Eastern Europe
40730,Q177962,Jonas Bretkūnas,re_slav_world,Slav world,1536.0,theologian | linguist | historian,europe,Eastern Europe
40733,Q96611,Caspar Neumann,re_central_europe,Central Europe,1648.0,theologian,europe,Eastern Europe
40737,Q12802651,Sigismund Liechtenberg,re_central_europe,Central Europe,1688.0,theologian | philosopher,europe,Eastern Europe
40740,Q9333386,Samuel Grądzki,re_central_europe,Central Europe,1620.0,historian,europe,Eastern Europe
40762,Q369562,Wincenty Kadłubek,re_central_europe,Central Europe,1150.0,historian,europe,Eastern Europe
40763,Q94943098,George Hübner,re_central_europe,Central Europe,1635.0,theologian,europe,Eastern Europe
40766,Q17414318,Johannes Heidenreich,re_central_europe,Central Europe,1542.0,theologian,europe,Eastern Europe
40770,Q4225069,Stanisław Kobierzycki,re_central_europe,Central Europe,1600.0,historian,europe,Eastern Europe
40771,Q124645,Sylvester Tegetmeyer,re_central_europe,Central Europe,1450.0,theologian,europe,Eastern Europe
40773,Q68868,David Hollatz,re_central_europe,Central Europe,1648.0,theologian,europe,Eastern Europe
40776,Q3369448,Patrick Fleming,re_central_europe,Central Europe,1599.0,historian,europe,Eastern Europe
40780,Q15438026,Franz Ferdinand Gallas,re_central_europe,Central Europe,1635.0,zoologist,europe,Eastern Europe
40802,Q96049291,Wenzel Schwertfer,re_central_europe,Central Europe,1617.0,theologian,europe,Eastern Europe
40807,Q997054,Izsák Fegyverneki,re_central_europe,Central Europe,1550.0,theologian,europe,Eastern Europe
40822,Q1136207,Cosmus von Simmer,re_central_europe,Central Europe,1581.0,historian,europe,Eastern Europe
40824,Q11718950,Jan Schultz-Szulecki,re_central_europe,Central Europe,1662.0,historian,europe,Eastern Europe
40825,Q1498465,Stanisław Kazimierczyk,re_central_europe,Central Europe,1433.0,philosopher,europe,Eastern Europe
40829,Q107928,Peter Becker,re_central_europe,Central Europe,1491.0,theologian,europe,Eastern Europe
40830,Q900908,Miklós Istvánffy,re_balkans,Balkans,1538.0,historian,europe,Eastern Europe
40842,Q15230268,Matěj Červenka,re_central_europe,Central Europe,1521.0,historian,europe,Eastern Europe
40845,Q91453,Magnus Pegel,re_central_europe,Central Europe,1547.0,mathematician,europe,Eastern Europe
40849,Q48173700,Bernardin Hajak,re_central_europe,Central Europe,1694.0,theologian,europe,Eastern Europe
40855,Q1698750,Johannes von Hohenmauth,re_central_europe,Central Europe,1400.0,theologian,europe,Eastern Europe
40859,Q1081671,Christian Sahme,re_slav_world,Slav world,1663.0,theologian | astronomer | mathematician,europe,Eastern Europe
40867,Q530425,Sámuel Mikoviny,re_central_europe,Central Europe,1700.0,geographer | astronomer | mathematician,europe,Eastern Europe
40868,Q1696081,Johann Samuel Hering,re_central_europe,Central Europe,1683.0,historian,europe,Eastern Europe
40870,Q2027537,Nicolaas Bidloo,re_slav_world,Slav world,1674.0,botanist,europe,Eastern Europe
40873,Q8057492,Mateusz Bembus,re_central_europe,Central Europe,1567.0,philosopher,europe,Eastern Europe
40890,Q246279,Gunno Dahlstierna,re_central_europe,Central Europe,1661.0,mathematician,europe,Eastern Europe
40905,Q111381628,Pavel Josef Axlar,re_central_europe,Central Europe,1650.0,theologian,europe,Eastern Europe
40907,Q1682302,Jan Táborský,re_central_europe,Central Europe,1500.0,astronomer,europe,Eastern Europe
40915,Q1230580,Albert Linemann,re_slav_world,Slav world,1603.0,astronomer | mathematician,europe,Eastern Europe
40920,Q95169558,Leopold Svojský,re_central_europe,Central Europe,1699.0,theologian,europe,Eastern Europe
40927,Q1396063,Pavao Skalić,re_central_europe,Central Europe,1534.0,theologian | philosopher,europe,Eastern Europe
40940,Q17617561,Michael Burger,re_slav_world,Slav world,1686.0,chemist,europe,Eastern Europe
40943,Q95179706,Christianus Bredt,re_central_europe,Central Europe,1680.0,theologian | philosopher,europe,Eastern Europe
40944,Q2315627,Albrycht Stanisław Radziwiłł,re_central_europe,Central Europe,1595.0,historian,europe,Eastern Europe
40961,Q647472,Alexander Guagnini,re_central_europe,Central Europe,1538.0,historian,europe,Eastern Europe
40969,Q1644031,Krzysztof Ostorodt,re_central_europe,Central Europe,1560.0,theologian,europe,Eastern Europe
40970,Q15106254,Salomon Matthiae,re_slav_world,Slav world,1609.0,theologian,europe,Eastern Europe
40974,Q12641871,Sebastijan Slade,re_balkans,Balkans,1699.0,historian,europe,Eastern Europe
40975,Q368993,Jacobus Sinapius,re_central_europe,Central Europe,1575.0,chemist,europe,Eastern Europe
40979,Q55835940,Nicolaus Christoph Remling,re_central_europe,Central Europe,1677.0,theologian | philosopher,europe,Eastern Europe
40994,Q9257495,Fabian Quadrantinus,re_central_europe,Central Europe,1550.0,theologian,europe,Eastern Europe
41001,Q16515445,Hilarion Špaček,re_central_europe,Central Europe,1650.0,theologian,europe,Eastern Europe
41002,Q1986767,Nicolaus Biceps,re_central_europe,Central Europe,1400.0,theologian | philosopher,europe,Eastern Europe
41013,Q12795314,Luka Knafelj,re_central_europe,Central Europe,1621.0,theologian,europe,Eastern Europe
41022,Q1910559,Matthäus Ulicky,re_central_europe,Central Europe,1600.0,theologian,europe,Eastern Europe
41025,Q95445454,Wojciech Tylkowski,re_central_europe,Central Europe,1629.0,theologian,europe,Eastern Europe
41032,Q93588,Georg Joachim Rheticus,re_central_europe,Central Europe,1514.0,geographer | astronomer | mathematician,europe,Eastern Europe
41033,Q6440124,Krzysztof Crell-Spinowski,re_central_europe,Central Europe,1622.0,theologian,europe,Eastern Europe
41037,Q1554562,Gundaker Thomas Starhemberg,re_central_europe,Central Europe,1663.0,economist,europe,Eastern Europe
41045,Q1698692,John Zygomalas,re_balkans,Balkans,1498.0,theologian,europe,Eastern Europe
41047,Q2559801,Tomasz Makowski,re_central_europe,Central Europe,1575.0,geographer,europe,Eastern Europe
41058,Q1438496,Georg Schönberger,re_central_europe,Central Europe,1596.0,astronomer | mathematician,europe,Eastern Europe
41060,Q2636609,Leonty Magnitsky,re_slav_world,Slav world,1669.0,mathematician,europe,Eastern Europe
41061,Q634048,Daniel Adam z Veleslavína,re_central_europe,Central Europe,1546.0,linguist | philosopher,europe,Eastern Europe
41065,Q6374651,Kasper Drużbicki,re_central_europe,Central Europe,1590.0,philosopher,europe,Eastern Europe
41066,Q2992525,Sava Vladislavich,re_slav_world,Slav world,1669.0,economist,europe,Eastern Europe
41069,Q1081354,Christian Pescheck,re_central_europe,Central Europe,1676.0,astronomer | mathematician,europe,Eastern Europe
41083,Q11884322,Nicolaus Nycopensis,re_slav_world,Slav world,1610.0,philosopher,europe,Eastern Europe
41088,Q991553,Tamás Esterházy,re_central_europe,Central Europe,1570.0,linguist,europe,Eastern Europe
41090,Q4213287,Grigory Kapustin,re_slav_world,Slav world,1700.0,geologist,europe,Eastern Europe
41097,Q29867101,Israel Conradi,re_central_europe,Central Europe,1634.0,botanist,europe,Eastern Europe
41098,Q89904,Johannes Mathesius,re_central_europe,Central Europe,1504.0,theologian | geologist,europe,Eastern Europe
41103,Q612712,Jakab Buchholtz,re_central_europe,Central Europe,1696.0,botanist,europe,Eastern Europe
41119,Q36620,Tycho Brahe,re_central_europe,Central Europe,1546.0,astronomer,europe,Eastern Europe
41122,Q1109556,Laurentius David Bollhagen,re_central_europe,Central Europe,1683.0,theologian,europe,Eastern Europe
41123,Q11765746,Maciej ze Saspowa,re_central_europe,Central Europe,1408.0,philosopher,europe,Eastern Europe
41128,Q95182,Andreas Knopken,re_central_europe,Central Europe,1468.0,theologian,europe,Eastern Europe
41135,Q15303559,Gottfried Hensel,re_central_europe,Central Europe,1687.0,linguist,europe,Eastern Europe
41141,Q1904489,Martin Lupáč,re_central_europe,Central Europe,1400.0,theologian,europe,Eastern Europe
41148,Q712463,Piotr Skarga,re_central_europe,Central Europe,1536.0,theologian,europe,Eastern Europe
41150,Q109833229,Jeremias Reusner,re_central_europe,Central Europe,1557.0,historian,europe,Eastern Europe
41152,Q99980669,Adrian Junga,re_central_europe,Central Europe,1550.0,theologian,europe,Eastern Europe
41157,Q112557232,Karel Pelikán,re_central_europe,Central Europe,1642.0,historian,europe,Eastern Europe
41166,Q540950,Lazarus Secretarius,re_central_europe,Central Europe,1500.0,geographer,europe,Eastern Europe
41172,Q18529582,Ignacij Dinzl,re_central_europe,Central Europe,1679.0,theologian | philosopher | mathematician,europe,Eastern Europe
41174,Q16356686,Zacharias Stopius,re_central_europe,Central Europe,1530.0,astronomer,europe,Eastern Europe
41180,Q55675230,Johannes Evangelista Thanner,re_central_europe,Central Europe,1618.0,theologian,europe,Eastern Europe
41189,Q4481214,Henry Farquharson,re_slav_world,Slav world,1675.0,astronomer | mathematician,europe,Eastern Europe
41193,Q315149,Giovanni da Pian del Carpine,re_balkans,Balkans,1182.0,historian,europe,Eastern Europe
41206,Q780601,Michał Twaróg of Bystrzyków,re_central_europe,Central Europe,1450.0,philosopher,europe,Eastern Europe
41213,Q463808,Justus Ludwik Decjusz,re_central_europe,Central Europe,1485.0,historian,europe,Eastern Europe
41218,Q899649,Ludovik Crijević Tuberon,re_balkans,Balkans,1459.0,historian,europe,Eastern Europe
41219,Q1085652,Christoph Porsch,re_central_europe,Central Europe,1652.0,theologian,europe,Eastern Europe
41220,Q1516516,Johann Franz Löw,re_central_europe,Central Europe,1648.0,philosopher,europe,Eastern Europe
41221,Q94808138,Heinrich od. Huldreich Schönberger,re_slav_world,Slav world,1601.0,philosopher | mathematician,europe,Eastern Europe
41223,Q784911,Jan Černý-Nigranus,re_central_europe,Central Europe,1500.0,historian,europe,Eastern Europe
41225,Q720424,Raphael Sobiehrd-Mnishovsky,re_central_europe,Central Europe,1580.0,linguist,europe,Eastern Europe
41228,Q29905031,Israel Hoppe,re_central_europe,Central Europe,1601.0,historian,europe,Eastern Europe
41229,Q1781926,Conrad Berg,re_central_europe,Central Europe,1544.0,theologian,europe,Eastern Europe
41244,Q730349,Matthias Thoraconymus,re_central_europe,Central Europe,1550.0,theologian,europe,Eastern Europe
41245,Q1479945,Johann Bachstrom,re_slav_world,Slav world,1686.0,theologian,europe,Eastern Europe
41268,Q59821498,Adam Friedrich Pezoldt,re_central_europe,Central Europe,1679.0,chemist,europe,Eastern Europe
41270,Q21543175,Johann Knoll,re_central_europe,Central Europe,1657.0,theologian,europe,Eastern Europe
41273,Q57466,Christoph Scheiner,re_central_europe,Central Europe,1575.0,astronomer | physicist | mathematician,europe,Eastern Europe
41277,Q959445,Herman Karl von Keyserling,re_central_europe,Central Europe,1697.0,historian,europe,Eastern Europe
41278,Q12660142,Kazimieras Juraga-Giedraitis,re_slav_world,Slav world,1700.0,philosopher,europe,Eastern Europe
41280,Q650558,John Exarch,re_balkans,Balkans,900.0,linguist,europe,Eastern Europe
41283,Q4088473,Laurentius Blumentrost,re_slav_world,Slav world,1692.0,physicist,europe,Eastern Europe
41287,Q28671921,Wojciech Papenkowic,re_central_europe,Central Europe,1613.0,theologian,europe,Eastern Europe
41289,Q38601211,Philipp Jacob Hartmann,re_slav_world,Slav world,1648.0,historian,europe,Eastern Europe
41290,Q21545618,Rutgerus Hermannides,re_central_europe,Central Europe,1666.0,historian,europe,Eastern Europe
41301,Q93449634,Leopold Grim,re_central_europe,Central Europe,1688.0,theologian | philosopher,europe,Eastern Europe
41303,Q547873,Galeotto Marzio,re_central_europe,Central Europe,1424.0,astronomer | philosopher | historian,europe,Eastern Europe
41315,Q9152767,Andrzej Lipski,re_central_europe,Central Europe,1572.0,historian,europe,Eastern Europe
41329,Q12360594,Christian Bomhower,re_central_europe,Central Europe,1449.0,theologian,europe,Eastern Europe
41332,Q4328208,Johannes Nucius,re_central_europe,Central Europe,1556.0,musicologist,europe,Eastern Europe
41334,Q1124208,János Kéry,re_central_europe,Central Europe,1637.0,theologian,europe,Eastern Europe
41335,Q1162713,István Magyari,re_central_europe,Central Europe,1501.0,theologian,europe,Eastern Europe
41336,Q5040227,Carl Gottlieb Ehler,re_central_europe,Central Europe,1685.0,astronomer | mathematician,europe,Eastern Europe
41340,Q94934261,Georg Schleiff,re_central_europe,Central Europe,1623.0,philosopher,europe,Eastern Europe
41349,Q3946638,Samuel Przypkowski,re_slav_world,Slav world,1592.0,theologian,europe,Eastern Europe
41355,Q706079,Artamon Matveyev,re_slav_world,Slav world,1625.0,historian,europe,Eastern Europe
41363,Q900129,Dávid Czvittinger,re_central_europe,Central Europe,1679.0,historian,europe,Eastern Europe
41366,Q2620447,Afanasy Ordin-Nashchokin,re_slav_world,Slav world,1605.0,economist,europe,Eastern Europe
41375,Q126952,Pyotr Yeropkin,re_slav_world,Slav world,1698.0,linguist,europe,Eastern Europe
41377,Q12631206,Franz Šušnik,re_balkans,Balkans,1686.0,linguist,europe,Eastern Europe
41379,Q1905369,Martinus Rango,re_central_europe,Central Europe,1634.0,historian,europe,Eastern Europe
41383,Q774396,Miklós Apáti,re_central_europe,Central Europe,1662.0,theologian | philosopher,europe,Eastern Europe
41384,Q11717750,Jan Innocenty Petrycy,re_central_europe,Central Europe,1592.0,historian,europe,Eastern Europe
41389,Q33641,Stanisław Orzechowski,re_central_europe,Central Europe,1513.0,historian,europe,Eastern Europe
41390,Q833697,Bojthi Veres Gáspár,re_central_europe,Central Europe,1595.0,historian,europe,Eastern Europe
41391,Q21545947,Jean Masson,re_central_europe,Central Europe,1680.0,theologian | historian,europe,Eastern Europe
41403,Q1212824,Péter Melius Juhász,re_central_europe,Central Europe,1532.0,botanist,europe,Eastern Europe
41414,Q1506188,Georg Thegen,re_slav_world,Slav world,1651.0,mathematician,europe,Eastern Europe
41425,Q338718,Lawrence of Březová,re_central_europe,Central Europe,1370.0,historian,europe,Eastern Europe
41429,Q12630940,Feliks Petančić,re_balkans,Balkans,1455.0,historian,europe,Eastern Europe
41433,Q94867575,Friedrich Pable,re_central_europe,Central Europe,1649.0,theologian,europe,Eastern Europe
41434,Q1764051,Nikola Vitov Gučetić,re_balkans,Balkans,1549.0,philosopher,europe,Eastern Europe
41439,Q1659938,Immanuel König,re_central_europe,Central Europe,1590.0,theologian,europe,Eastern Europe
41445,Q56389211,György Purkircher,re_central_europe,Central Europe,1530.0,botanist,europe,Eastern Europe
41447,Q652885,Ferenc Temlin,re_central_europe,Central Europe,1700.0,theologian,europe,Eastern Europe
41449,Q500075,Andreas Pouchenius,re_slav_world,Slav world,1553.0,theologian,europe,Eastern Europe
41454,Q610189,Leopold Innocenty Nepomucen Polzer,re_central_europe,Central Europe,1697.0,historian,europe,Eastern Europe
41467,Q12768443,Ján Dubovszky,re_central_europe,Central Europe,1654.0,mathematician,europe,Eastern Europe
41468,Q24046124,Maximilianus Wietrowsky,re_central_europe,Central Europe,1660.0,historian,europe,Eastern Europe
41477,Q16465120,Mykolas Ginkevičius,re_central_europe,Central Europe,1594.0,philosopher,europe,Eastern Europe
41479,Q1597441,Heinrich Gutsleff,re_central_europe,Central Europe,1680.0,theologian,europe,Eastern Europe
41484,Q7519855,Simon Syrenius,re_central_europe,Central Europe,1540.0,botanist,europe,Eastern Europe
41497,Q95154620,Benno Löbl,re_central_europe,Central Europe,1688.0,theologian | philosopher,europe,Eastern Europe
41515,Q102396,Samuel Friedrich Lauterbach,re_central_europe,Central Europe,1662.0,theologian | historian,europe,Eastern Europe
41517,Q20676120,Anton Schneeberger,re_central_europe,Central Europe,1530.0,historian,europe,Eastern Europe
41518,Q325530,Petrus Dathenus,re_central_europe,Central Europe,1531.0,theologian,europe,Eastern Europe
41519,Q22019103,Georg Roth,re_central_europe,Central Europe,1674.0,historian,europe,Eastern Europe
41520,Q12877408,Eustratios Argenti,re_balkans,Balkans,1685.0,theologian,europe,Eastern Europe
41522,Q19310726,Valerius Jasche,re_central_europe,Central Europe,1630.0,theologian,europe,Eastern Europe
41523,Q499732,Andreas Müller,re_central_europe,Central Europe,1630.0,theologian,europe,Eastern Europe
41524,Q24294433,Franz Kolbe,re_central_europe,Central Europe,1682.0,theologian,europe,Eastern Europe
41527,Q1910337,Matthias Stojus,re_slav_world,Slav world,1526.0,mathematician,europe,Eastern Europe
41536,Q2617775,Gustaf Adlerfelt,re_slav_world,Slav world,1671.0,historian,europe,Eastern Europe
41541,Q317916,Cosmas of Prague,re_central_europe,Central Europe,1045.0,historian,europe,Eastern Europe
41544,Q1373002,Ivan Vyshensky,re_balkans,Balkans,1550.0,philosopher,europe,Eastern Europe
41548,Q56255147,Grzegorz ze Stawiszyna,re_central_europe,Central Europe,1481.0,philosopher,europe,Eastern Europe
41556,Q1599663,Heinrich Sanden,re_slav_world,Slav world,1672.0,physicist,europe,Eastern Europe
41561,Q15825786,Liborius Depkin,re_central_europe,Central Europe,1652.0,theologian,europe,Eastern Europe
41563,Q72045379,Matous Zill,re_central_europe,Central Europe,1684.0,theologian,europe,Eastern Europe
41584,Q184500,Johannes Scotus Eriugena,re_central_europe,Central Europe,810.0,philosopher,europe,Eastern Europe
41592,Q11817452,Piotr Fabrycy Kowalski,re_central_europe,Central Europe,1552.0,theologian,europe,Eastern Europe
41593,Q1696199,Johannes Eichhorn,re_slav_world,Slav world,1518.0,theologian | mathematician,europe,Eastern Europe
41600,Q76049,Andreas von Gundelsheimer,re_central_europe,Central Europe,1668.0,botanist,europe,Eastern Europe
41608,Q777540,Sámuel Armbruster,re_central_europe,Central Europe,1601.0,theologian,europe,Eastern Europe
41609,Q3918276,Ivan Kozyrevsky,re_slav_world,Slav world,1680.0,geographer,europe,Eastern Europe
41622,Q728305,Andrzej Frycz Modrzewski,re_central_europe,Central Europe,1503.0,theologian | philosopher,europe,Eastern Europe
41635,Q1929266,Michael Schreiber,re_slav_world,Slav world,1662.0,theologian | historian,europe,Eastern Europe
41644,Q677202,Jan Brożek,re_central_europe,Central Europe,1585.0,astronomer | mathematician,europe,Eastern Europe
41648,Q94810852,Lorenz Carl Brückner,re_central_europe,Central Europe,1673.0,theologian,europe,Eastern Europe
41650,Q1698599,Johannes Wenceslai von Prag,re_central_europe,Central Europe,1400.0,theologian | philosopher | mathematician,europe,Eastern Europe
41655,Q1212308,Sándor Máriássy,re_central_europe,Central Europe,1689.0,theologian,europe,Eastern Europe
41663,Q1793268,Petr Herbert,re_central_europe,Central Europe,1533.0,theologian,europe,Eastern Europe
41668,Q12023155,Jan Tanner,re_central_europe,Central Europe,1623.0,theologian | historian,europe,Eastern Europe
41670,Q86128,Adam Christian Thebesius,re_central_europe,Central Europe,1686.0,anatomist,europe,Eastern Europe
41682,Q215346,Mikael Agricola,re_slav_world,Slav world,1510.0,theologian | linguist,europe,Eastern Europe
41687,Q1505431,Georg Mylius,re_slav_world,Slav world,1567.0,theologian,europe,Eastern Europe
41696,Q1329081,Elias Ladiver,re_central_europe,Central Europe,1630.0,theologian,europe,Eastern Europe
41702,Q4202467,John Eugenikos,re_balkans,Balkans,1380.0,theologian,europe,Eastern Europe
41710,Q649259,Ivan Possochkov,re_slav_world,Slav world,1652.0,economist,europe,Eastern Europe
41717,Q1030331,Gergely Gyöngyösi,re_central_europe,Central Europe,1472.0,historian,europe,Eastern Europe
41722,Q1226315,Wawrzyniec Grzymała Goślicki,re_central_europe,Central Europe,1530.0,philosopher,europe,Eastern Europe
41726,Q1302535,Marin Getaldić,re_balkans,Balkans,1568.0,physicist | mathematician,europe,Eastern Europe
41728,Q74715977,Bernard Wojewódka,re_central_europe,Central Europe,1600.0,mathematician,europe,Eastern Europe
41733,Q11765382,Maciej Głoskowski,re_central_europe,Central Europe,1590.0,geographer | mathematician,europe,Eastern Europe
41735,Q10860785,Zigmund Antoch z Helfenberka,re_central_europe,Central Europe,1508.0,mathematician,europe,Eastern Europe
41737,Q2941160,Caspar Schwenckfeld,re_central_europe,Central Europe,1563.0,zoologist,europe,Eastern Europe
41741,Q16712982,Jan Förschan,re_central_europe,Central Europe,1688.0,theologian,europe,Eastern Europe
41742,Q163833,Sebastian z Felsztyna,re_central_europe,Central Europe,1485.0,musicologist,europe,Eastern Europe
41757,Q1160907,Daniel Gottlieb Messerschmidt,re_slav_world,Slav world,1685.0,botanist | geographer,europe,Eastern Europe
41761,Q11771392,Mateusz Cygański,re_central_europe,Central Europe,1535.0,zoologist,europe,Eastern Europe
41767,Q1693990,Johann Georg Widmann,re_central_europe,Central Europe,1696.0,theologian,europe,Eastern Europe
41786,Q1354678,Meletius Smotrytsky,re_slav_world,Slav world,1577.0,linguist,europe,Eastern Europe
41791,Q55123647,Gottfried von Buckisch und Löwenfels,re_central_europe,Central Europe,1641.0,historian,europe,Eastern Europe
41792,Q55133894,Johann Franz Schweiger,re_central_europe,Central Europe,1692.0,theologian,europe,Eastern Europe
41797,Q55127332,Hieronymus Gürtler von Wildenberg,re_central_europe,Central Europe,1465.0,physicist,europe,Eastern Europe
41804,Q1388209,Peter Sick,re_central_europe,Central Europe,1530.0,theologian,europe,Eastern Europe
41812,Q1485186,Peter Hegemon,re_slav_world,Slav world,1512.0,theologian,europe,Eastern Europe
41829,Q11717749,Jan Isner,re_central_europe,Central Europe,1345.0,theologian,europe,Eastern Europe
41834,Q95499,Caspar Schütz,re_central_europe,Central Europe,1540.0,historian,europe,Eastern Europe
41836,Q2061760,Paul Rabe,re_slav_world,Slav world,1656.0,philosopher,europe,Eastern Europe
41841,Q10989774,Hermann Samson,re_central_europe,Central Europe,1579.0,theologian,europe,Eastern Europe
41844,Q2502886,Benedict Herbest,re_central_europe,Central Europe,1531.0,theologian,europe,Eastern Europe
41845,Q5171313,Cornelius Burges,re_central_europe,Central Europe,1589.0,theologian,europe,Eastern Europe
41853,Q1478049,Wawrzyniec z Raciborza,re_central_europe,Central Europe,1381.0,astronomer | mathematician,europe,Eastern Europe
41854,Q809577,Bartoš Písař,re_central_europe,Central Europe,1470.0,historian,europe,Eastern Europe
41857,Q94792008,Johann Gottsched,re_slav_world,Slav world,1668.0,meteorologist,europe,Eastern Europe
41859,Q29073392,Johann Hecker,re_central_europe,Central Europe,1625.0,astronomer,europe,Eastern Europe
41862,Q3044483,Demetrios Chrysoloras,re_balkans,Balkans,1350.0,theologian | astronomer | philosopher,europe,Eastern Europe
41865,Q1082225,Christian Walther,re_slav_world,Slav world,1655.0,theologian,europe,Eastern Europe
41867,Q549965,János Vitéz,re_central_europe,Central Europe,1408.0,astronomer | mathematician,europe,Eastern Europe
41868,Q12043992,Pavel Aretin z Ehrenfeldu,re_central_europe,Central Europe,1600.0,geographer,europe,Eastern Europe
41870,Q55683789,Caspar Pflieger,re_central_europe,Central Europe,1665.0,theologian,europe,Eastern Europe
41884,Q95466354,Jiří Stanislav Hostinský,re_central_europe,Central Europe,1654.0,anthropologist,europe,Eastern Europe
41885,Q2880362,Alexius Sylvius Polonus,re_central_europe,Central Europe,1593.0,astronomer,europe,Eastern Europe
41891,Q3190558,Justus Baronius Calvinus,re_central_europe,Central Europe,1570.0,theologian,europe,Eastern Europe
41904,Q3955738,Serafin Crijević,re_balkans,Balkans,1696.0,historian,europe,Eastern Europe
41915,Q66514,Leonhard Rauwolf,re_central_europe,Central Europe,1535.0,botanist,europe,Eastern Europe
41918,Q94909733,Petrus Fradelius,re_central_europe,Central Europe,1580.0,historian,europe,Eastern Europe
41919,Q4887399,Benedykt Wiszowaty,re_central_europe,Central Europe,1650.0,philosopher,europe,Eastern Europe
41920,Q850633,György Buchholtz,re_central_europe,Central Europe,1688.0,anatomist,europe,Eastern Europe
41922,Q4185571,Andrzej Chryzostom Załuski,re_central_europe,Central Europe,1650.0,historian,europe,Eastern Europe
41923,Q435083,Kirik the Novgorodian,re_slav_world,Slav world,1110.0,mathematician,europe,Eastern Europe
41943,Q106548636,Stanisław Grodzicki,re_central_europe,Central Europe,1541.0,theologian,europe,Eastern Europe
41946,Q65219,Jacob Theodor Klein,re_central_europe,Central Europe,1685.0,zoologist | botanist | mathematician | historian,europe,Eastern Europe
41948,Q107983163,Jilji od sv. Jana Krtitele,re_central_europe,Central Europe,1605.0,theologian | historian,europe,Eastern Europe
41951,Q5571945,Nicolaus Bergius,re_central_europe,Central Europe,1658.0,theologian,europe,Eastern Europe
41953,Q95067611,Josephus Werner,re_central_europe,Central Europe,1697.0,historian,europe,Eastern Europe
41960,Q95333744,Florian Weidinger,re_central_europe,Central Europe,1688.0,theologian,europe,Eastern Europe
41962,Q107975,Jakob Monau,re_central_europe,Central Europe,1546.0,linguist,europe,Eastern Europe
41965,Q112544938,Rudolf Vydra,re_central_europe,Central Europe,1692.0,historian,europe,Eastern Europe
41966,Q320935,Nestor the Chronicler,re_slav_world,Slav world,1056.0,historian,europe,Eastern Europe
41967,Q2528939,Vitus Scheffer,re_central_europe,Central Europe,1648.0,astronomer | mathematician,europe,Eastern Europe
41977,Q11698957,Fryderyk Alembek,re_slav_world,Slav world,1598.0,philosopher,europe,Eastern Europe
41978,Q1506491,Georg Wosegin,re_slav_world,Slav world,1624.0,mathematician,europe,Eastern Europe
41983,Q16469455,Petras Kitnovskis,re_central_europe,Central Europe,1630.0,philosopher,europe,Eastern Europe
42005,Q16403749,Joachim Salemann,re_central_europe,Central Europe,1629.0,theologian,europe,Eastern Europe
42014,Q25115064,Elias Schedius,re_central_europe,Central Europe,1615.0,historian,europe,Eastern Europe
42022,Q55679998,Gottfried Jalufky,re_central_europe,Central Europe,1678.0,theologian,europe,Eastern Europe
42023,Q1468644,Tobiah ben Eliezer,re_balkans,Balkans,1050.0,theologian,europe,Eastern Europe
42024,Q67531,Paul Speratus,re_central_europe,Central Europe,1484.0,theologian,europe,Eastern Europe
42029,Q2559749,Wenzel Faber,re_central_europe,Central Europe,1455.0,astronomer,europe,Eastern Europe
42037,Q100827,Franz Albert Schultz,re_slav_world,Slav world,1692.0,theologian,europe,Eastern Europe
42046,Q1329179,Elias Crätschmair,re_central_europe,Central Europe,1602.0,astronomer | mathematician,europe,Eastern Europe
42053,Q55104423,Johann Paul Möller,re_central_europe,Central Europe,1648.0,mathematician,europe,Eastern Europe
42064,Q321191,Přibík Pulkava,re_central_europe,Central Europe,1400.0,historian,europe,Eastern Europe
42065,Q275624,John Cantius,re_central_europe,Central Europe,1390.0,theologian | physicist,europe,Eastern Europe
42068,Q619,Nicolaus Copernicus,re_central_europe,Central Europe,1473.0,philosopher | physicist | astronomer | mathematician | economist,europe,Eastern Europe
42074,Q1894560,Marek Bydžovský z Florentina,re_central_europe,Central Europe,1540.0,astronomer | historian | mathematician,europe,Eastern Europe
42077,Q48088462,Christopher Heerfordt,re_central_europe,Central Europe,1609.0,botanist,europe,Eastern Europe
42087,Q73571,Valerius Herberger,re_central_europe,Central Europe,1562.0,theologian | historian,europe,Eastern Europe
42091,Q55193190,Heinrich Kühn,re_central_europe,Central Europe,1690.0,mathematician,europe,Eastern Europe
42094,Q2669115,Vakhushti of Kartli,re_slav_world,Slav world,1696.0,geographer | historian,europe,Eastern Europe
42095,Q1085915,Christoph Starke,re_central_europe,Central Europe,1684.0,theologian,europe,Eastern Europe
42100,Q1299966,Georg Mylius,re_slav_world,Slav world,1613.0,theologian,europe,Eastern Europe
42109,Q3138994,Stanisław Górski,re_central_europe,Central Europe,1497.0,historian,europe,Eastern Europe
42110,Q55194293,Conrad Neufeld,re_central_europe,Central Europe,1623.0,theologian,europe,Eastern Europe
42115,Q103238,Johann Bock,re_central_europe,Central Europe,1638.0,theologian | philosopher,europe,Eastern Europe
42116,Q97211,Christoph Hartknoch,re_central_europe,Central Europe,1644.0,theologian | historian,europe,Eastern Europe
42127,Q9376391,Wojciech Bystrzonowski,re_central_europe,Central Europe,1699.0,theologian | philosopher,europe,Eastern Europe
42128,Q1539500,Gottfried Wegner,re_slav_world,Slav world,1644.0,theologian,europe,Eastern Europe
42129,Q94942229,Friedrich Fabricius,re_central_europe,Central Europe,1642.0,theologian,europe,Eastern Europe
42130,Q1279955,Friedrich Viccius,re_central_europe,Central Europe,1629.0,theologian,europe,Eastern Europe
42131,Q103794,Bartholomäus Suawe,re_central_europe,Central Europe,1494.0,theologian,europe,Eastern Europe
42147,Q3740597,Adam Veyde,re_slav_world,Slav world,1667.0,historian,europe,Eastern Europe
42149,Q1280218,Jakob Fabricius,re_central_europe,Central Europe,1551.0,theologian,europe,Eastern Europe
42152,Q76336,Nicolaus Zinzendorf,re_central_europe,Central Europe,1700.0,theologian,europe,Eastern Europe
42156,Q9264089,Fryderyk Szembek,re_central_europe,Central Europe,1575.0,historian,europe,Eastern Europe
42158,Q1618122,Konstantinas Sirvydas,re_central_europe,Central Europe,1579.0,linguist,europe,Eastern Europe
42163,Q975325,David Braun,re_central_europe,Central Europe,1664.0,historian,europe,Eastern Europe
42164,Q2492723,Martinus Smiglecius,re_central_europe,Central Europe,1563.0,philosopher,europe,Eastern Europe
42168,Q1306652,Conradus Bitschin,re_central_europe,Central Europe,1400.0,theologian,europe,Eastern Europe
42169,Q1598233,Heinrich Lysius,re_slav_world,Slav world,1670.0,theologian,europe,Eastern Europe
42174,Q1679103,Jakob Hogensee,re_central_europe,Central Europe,1495.0,theologian,europe,Eastern Europe
42176,Q983688,Dimitrios Kydones,re_balkans,Balkans,1324.0,theologian,europe,Eastern Europe
42180,Q6314795,Juraj Habdelić,re_balkans,Balkans,1609.0,linguist,europe,Eastern Europe
42183,Q1690375,Joachim Praetorius,re_central_europe,Central Europe,1566.0,theologian,europe,Eastern Europe
42186,Q17073754,Johann Burchart,re_central_europe,Central Europe,1546.0,chemist,europe,Eastern Europe
42188,Q876458,Jakab Csúzi Cseh,re_central_europe,Central Europe,1639.0,theologian,europe,Eastern Europe
42201,Q793874,Henrik Berzeviczy,re_central_europe,Central Europe,1652.0,theologian,europe,Eastern Europe
42204,Q13032799,Stanislaw Paholovicky,re_central_europe,Central Europe,1550.0,geographer,europe,Eastern Europe
42212,Q55912884,Siegmund Prembsel,re_central_europe,Central Europe,1693.0,theologian,europe,Eastern Europe
42214,Q46167,Jakiv Susha,re_central_europe,Central Europe,1604.0,theologian,europe,Eastern Europe
42217,Q912011,Jalal al-Din Khan ibn Tokhtamysh,re_slav_world,Slav world,1380.0,historian,europe,Eastern Europe
42220,Q3492041,Wenceslas Pantaleon Kirwitzer,re_central_europe,Central Europe,1588.0,astronomer,europe,Eastern Europe
42228,Q12365233,Johann Jacob Pfeiff,re_central_europe,Central Europe,1613.0,theologian,europe,Eastern Europe
42233,Q7247406,Prochorus Cydones,re_balkans,Balkans,1330.0,theologian,europe,Eastern Europe
42239,Q107629,Andreas Aurifaber,re_slav_world,Slav world,1514.0,physicist,europe,Eastern Europe
42241,Q94938900,Georg Teubner,re_central_europe,Central Europe,1659.0,theologian,europe,Eastern Europe
42245,Q94933249,Johannes Werner,re_central_europe,Central Europe,1650.0,theologian,europe,Eastern Europe
42246,Q2287420,Simon Bruns,re_central_europe,Central Europe,1525.0,theologian,europe,Eastern Europe
42248,Q2363840,Avraamy Palitsyn,re_slav_world,Slav world,1550.0,historian,europe,Eastern Europe
42252,Q326530,Peter of Zittau,re_central_europe,Central Europe,1275.0,historian,europe,Eastern Europe
42258,Q1421310,Nikolaus Neodomus,re_slav_world,Slav world,1535.0,mathematician,europe,Eastern Europe
42262,Q1096433,András Illyés,re_central_europe,Central Europe,1639.0,theologian,europe,Eastern Europe
42265,Q100793338,Jan Mudran,re_central_europe,Central Europe,1647.0,theologian | philosopher,europe,Eastern Europe
42269,Q329201,Tomáš Pešina z Čechorodu,re_central_europe,Central Europe,1629.0,theologian | historian,europe,Eastern Europe
42270,Q12035678,Martin Antonín Lublinský,re_central_europe,Central Europe,1636.0,philosopher,europe,Eastern Europe
42284,Q94527034,Karl Péterffy,re_central_europe,Central Europe,1700.0,historian,europe,Eastern Europe
42292,Q95083736,Eugenius Sebastiani de Czastolovitz a Matre Dei,re_central_europe,Central Europe,1681.0,mathematician,europe,Eastern Europe
42293,Q764531,Václav Březan,re_central_europe,Central Europe,1568.0,historian,europe,Eastern Europe
42295,Q1313584,Tomáš Štítný ze Štítného,re_central_europe,Central Europe,1333.0,philosopher,europe,Eastern Europe
42306,Q55739498,Kaspar von Ceumern,re_central_europe,Central Europe,1613.0,historian,europe,Eastern Europe
42307,Q61756606,Johannes Köpeczi,re_central_europe,Central Europe,1601.0,astronomer,europe,Eastern Europe
42309,Q4340740,Wojciech Oczko,re_central_europe,Central Europe,1537.0,philosopher,europe,Eastern Europe
42313,Q1903814,Martin Gallus,re_central_europe,Central Europe,1505.0,theologian,europe,Eastern Europe
42330,Q1966679,Nathanael Dilger,re_central_europe,Central Europe,1604.0,theologian,europe,Eastern Europe
42369,Q94787966,Johann Kugler,re_central_europe,Central Europe,1654.0,theologian,europe,Eastern Europe
42374,Q531492,Gjon Gazulli,re_balkans,Balkans,1400.0,mathematician,europe,Eastern Europe
42379,Q1395241,Mikalojus Daukša,re_central_europe,Central Europe,1527.0,linguist,europe,Eastern Europe
42383,Q3809351,John Hothby,re_central_europe,Central Europe,1410.0,musicologist,europe,Eastern Europe
42385,Q11767677,Marcin Laterna,re_slav_world,Slav world,1552.0,theologian,europe,Eastern Europe
42393,Q809291,Barthold Holtzfus,re_central_europe,Central Europe,1659.0,theologian,europe,Eastern Europe
42396,Q897182,Johannes de Thurocz,re_central_europe,Central Europe,1435.0,historian,europe,Eastern Europe
42408,Q94924828,Ludwig Camerarius,re_central_europe,Central Europe,1542.0,botanist,europe,Eastern Europe
42414,Q57963,Johannes Hevelius,re_central_europe,Central Europe,1611.0,geographer | astronomer,europe,Eastern Europe
42421,Q4396852,Jan Rokyta,re_central_europe,Central Europe,1528.0,theologian,europe,Eastern Europe
42435,Q1705108,Josef Langer,re_central_europe,Central Europe,1650.0,astronomer,europe,Eastern Europe
42439,Q11766601,Maximus Chrysoberges,re_balkans,Balkans,1400.0,theologian,europe,Eastern Europe
42440,Q1690182,Joachim Holtze,re_central_europe,Central Europe,1683.0,theologian,europe,Eastern Europe
42456,Q2538817,Nikephoros Choumnos,re_balkans,Balkans,1250.0,philosopher,europe,Eastern Europe
42463,Q563306,Caspar Hennenberger,re_slav_world,Slav world,1529.0,geographer | historian,europe,Eastern Europe
42464,Q106787365,Matěj Benedikt Bolelucký,re_central_europe,Central Europe,1633.0,historian,europe,Eastern Europe
42468,Q48840242,Andrzej Łaskarz,re_central_europe,Central Europe,1362.0,theologian,europe,Eastern Europe
42481,Q6302099,Judah Leon ben Moses Mosconi,re_balkans,Balkans,1328.0,historian,europe,Eastern Europe
42483,Q6103681,Aşık Çelebi,re_balkans,Balkans,1519.0,historian,europe,Eastern Europe
42485,Q12278401,Dimitrije Kantakouzenos,re_balkans,Balkans,1500.0,historian,europe,Eastern Europe
42487,Q2548769,Gregory Akindynos,re_balkans,Balkans,1300.0,theologian,europe,Eastern Europe
