,wikidata_id,individual_name,region_code,region_name,birthyear,meta_occupation,meta_region
28330,Q1693731,Johann Frischmuth,re_german_world,German world,1619.0,theologian,europe
24489,Q101630,Johann Hülsemann,re_german_world,German world,1602.0,theologian,europe
6415,Q1698516,Johannes Tröster,re_german_world,German world,1500.0,theologian,europe
24352,Q6215568,Johann Adolph Wedel,re_german_world,German world,1675.0,chemist,europe
17802,Q94935967,Michael Schneider,re_german_world,German world,1607.0,theologian,europe
22129,Q89466,Johannes Scheubel,re_german_world,German world,1494.0,astronomer | mathematician,europe
28603,Q1624274,Nicolaus Köppen,re_german_world,German world,1668.0,theologian | linguist,europe
6924,Q72022,Johann Jakob Brucker,re_german_world,German world,1696.0,philosopher | historian,europe
27016,Q1690822,Moevius Volschov,re_german_world,German world,1588.0,theologian,europe
14442,Q2418762,Theodoricus Block,re_german_world,German world,1460.0,theologian,europe
27471,Q645779,Hermann von Wartberge,re_german_world,German world,1330.0,historian,europe
13994,Q55903915,Heinrich von Hövel,re_german_world,German world,1550.0,historian,europe
20255,Q106678,Rupertus Meldenius,re_german_world,German world,1582.0,theologian,europe
20702,Q1229061,Johann Juncker,re_german_world,German world,1679.0,chemist,europe
13024,Q90333,Josua Stegmann,re_german_world,German world,1588.0,theologian,europe
25447,Q77277,Heinrich Meibom,re_german_world,German world,1555.0,historian,europe
15818,Q1693983,Johann Georg Volckamer,re_german_world,German world,1616.0,zoologist,europe
28108,Q15634526,anonymous geographer from Ravenna,re_german_world,German world,700.0,geographer,europe
10242,Q77495,Johann Joachim Lange,re_german_world,German world,1670.0,theologian | philosopher,europe
17071,Q1224020,Dietrich Schnepff,re_german_world,German world,1525.0,theologian,europe
11414,Q94920275,Johann Marci,re_german_world,German world,1640.0,theologian,europe
21995,Q56023320,Hieronymus Praetorius,re_german_world,German world,1595.0,physicist,europe
6328,Q55126603,Christoph Schleupner,re_german_world,German world,1566.0,theologian,europe
5521,Q55676718,"Julius Ernst, der Jüngere Hahn",re_german_world,German world,1677.0,theologian,europe
17330,Q1358862,Ernst Johann Friedrich Mantzel,re_german_world,German world,1699.0,theologian,europe
23089,Q17123831,Johann Gerhard Arnold,re_german_world,German world,1637.0,historian,europe
21850,Q1503981,Georg Conrad Bergius,re_german_world,German world,1623.0,theologian,europe
17985,Q111912,Salomon Schweigger,re_german_world,German world,1551.0,theologian,europe
13635,Q87662,Victorinus Strigel,re_german_world,German world,1524.0,theologian,europe
13287,Q1698171,Johannes Pollius,re_german_world,German world,1490.0,theologian,europe
7588,Q121850,Laurentius Surius,re_german_world,German world,1522.0,philosopher | historian,europe
8037,Q55909923,Daniel Erasmus von Huldeberg,re_german_world,German world,1660.0,geographer,europe
11887,Q459612,Ambrosius Berndt,re_german_world,German world,1500.0,theologian,europe
29014,Q96364166,Bernhard Fliegauf,re_german_world,German world,1656.0,theologian,europe
8648,Q1422983,Samuel Reyher,re_german_world,German world,1635.0,astronomer | mathematician,europe
7548,Q94883504,Heinrich Bernhard Küster,re_german_world,German world,1662.0,theologian,europe
18986,Q1505149,Georg Lehmann,re_german_world,German world,1616.0,theologian,europe
13361,Q110847,Clemens Timpler,re_german_world,German world,1563.0,theologian | philosopher | physicist,europe
5914,Q3157628,Jacobus Pontanus,re_german_world,German world,1542.0,historian,europe
17416,Q1610734,Hermann Brandis,re_german_world,German world,1612.0,historian,europe
7800,Q498747,Andreas Kesler,re_german_world,German world,1595.0,theologian,europe
15189,Q99435,Bernhard Textor,re_german_world,German world,1560.0,theologian,europe
22799,Q55874644,Johann Jacob Pfitzer,re_german_world,German world,1684.0,theologian,europe
12125,Q2576015,Wilhelm von Reichenau,re_german_world,German world,1426.0,theologian,europe
14018,Q1683081,Albrecht von Bonstetten,re_german_world,German world,1443.0,historian,europe
6221,Q125071,Johann Jacob Leu,re_german_world,German world,1689.0,historian,europe
7700,Q71997,Henry of Langenstein,re_german_world,German world,1325.0,astronomer,europe
19931,Q1905267,Martin Willich,re_german_world,German world,1583.0,theologian,europe
15474,Q1781921,Konrad Becker,re_german_world,German world,1505.0,theologian,europe
29509,Q1047907,Caspar Heinrich Starck,re_german_world,German world,1681.0,theologian | historian,europe
6111,Q1133878,Cornelius Martini,re_german_world,German world,1568.0,theologian,europe
29375,Q63146,Martin Chemnitz,re_german_world,German world,1522.0,theologian,europe
17274,Q112076807,Christian Wolmann,re_german_world,German world,1500.0,theologian,europe
22679,Q94866765,Hermann Löhner,re_german_world,German world,1614.0,theologian,europe
10360,Q78323,Martin Rinkart,re_german_world,German world,1586.0,theologian,europe
24651,Q97464,Georg Pictorius,re_german_world,German world,1500.0,philosopher,europe
17184,Q55846810,Johann Heinrich Stähelin,re_german_world,German world,1668.0,botanist,europe
15152,Q591431,Anton Lauterbach,re_german_world,German world,1502.0,theologian,europe
25171,Q96185,Neocorus,re_german_world,German world,1550.0,historian,europe
15004,Q1927920,Michael Hunold,re_german_world,German world,1621.0,theologian,europe
12810,Q75974,Justus Gesenius,re_german_world,German world,1601.0,theologian,europe
26010,Q1587770,Hartwig Wichelmann,re_german_world,German world,1612.0,philosopher,europe
23238,Q1359314,Ernst Ludwig Carl,re_german_world,German world,1682.0,economist,europe
11899,Q43977,Jan Hus,re_german_world,German world,1371.0,theologian | linguist | philosopher,europe
21189,Q58753,August Hermann Francke,re_german_world,German world,1663.0,theologian,europe
17287,Q94869193,Johann Jakob Lavater,re_german_world,German world,1694.0,theologian,europe
16427,Q1529175,Theodor Crüger,re_german_world,German world,1694.0,theologian | historian,europe
18052,Q71261,Joachim Camerarius the Younger,re_german_world,German world,1534.0,botanist | zoologist,europe
5082,Q94891637,Johann Surland,re_german_world,German world,1654.0,philosopher,europe
8385,Q64018,Augustus Quirinus Rivinus,re_german_world,German world,1652.0,botanist | astronomer,europe
10254,Q84289,Georg von Peuerbach,re_german_world,German world,1423.0,astronomer | mathematician,europe
7322,Q3372504,Paul de Rapin,re_german_world,German world,1661.0,historian,europe
16885,Q1080894,Christian Ludwig Ermisch,re_german_world,German world,1652.0,theologian,europe
15920,Q1598492,Heinrich Pipping,re_german_world,German world,1670.0,theologian,europe
15979,Q41139187,Daniel Bernhardi,re_german_world,German world,1622.0,theologian,europe
15219,Q94934285,Johann Conrad Fries,re_german_world,German world,1682.0,theologian,europe
9609,Q111425,Caspar Cruciger the Younger,re_german_world,German world,1525.0,theologian,europe
6636,Q2559852,Wenzeslaus Warich,re_german_world,German world,1564.0,theologian,europe
13306,Q107996,Johannes Knipstro,re_german_world,German world,1497.0,theologian,europe
4946,Q94808359,Johann Heinrich Nusch,re_german_world,German world,1666.0,theologian,europe
27555,Q1692726,Johann Bornemacher,re_german_world,German world,1500.0,theologian,europe
19830,Q19502549,Heinrich Walther Gerdes,re_german_world,German world,1690.0,theologian,europe
9455,Q55122814,Melchior Ambach,re_german_world,German world,1490.0,theologian,europe
18298,Q94831811,Christoph Zeller,re_german_world,German world,1650.0,theologian,europe
28643,Q1911548,Mauritius Piderit,re_german_world,German world,1497.0,theologian,europe
13000,Q88079,Johannes Hartlieb,re_german_world,German world,1410.0,linguist,europe
6872,Q1461367,Friedrich Opfergeldt,re_german_world,German world,1668.0,theologian,europe
18567,Q94876594,Sebastian Bader,re_german_world,German world,1523.0,theologian,europe
28166,Q1692759,Johann Burchard Majus,re_german_world,German world,1652.0,historian,europe
23007,Q111168359,Johann Georg Hochstater,re_german_world,German world,1580.0,theologian,europe
13807,Q104179,Jacob Kautz,re_german_world,German world,1500.0,theologian,europe
23237,Q724991,Johan Robeck,re_german_world,German world,1672.0,theologian | philosopher,europe
22314,Q2218924,Samuel Walther,re_german_world,German world,1679.0,historian,europe
22672,Q103171,Cyriakus Schneegass,re_german_world,German world,1546.0,theologian | musicologist,europe
29361,Q1575214,Johannes Kridt,re_german_world,German world,1600.0,theologian,europe
5698,Q61439,Georg Eberhard Rumphius,re_german_world,German world,1627.0,botanist | zoologist | historian,europe
21304,Q1693315,Johannes Eichel,re_german_world,German world,1621.0,anthropologist,europe
12206,Q85153,Johan Gabriel Doppelmayr,re_german_world,German world,1677.0,geographer | astronomer | mathematician,europe
9761,Q19286794,Johann Hermann Schmincke,re_german_world,German world,1684.0,historian,europe
12860,Q1308979,Georgius Koppehele,re_german_world,German world,1538.0,theologian,europe
19804,Q96322436,Jean de La Barde,re_german_world,German world,1600.0,historian,europe
23072,Q1598247,Heinrich Majus,re_german_world,German world,1632.0,physicist,europe
28659,Q2578595,Anna Åkerhjelm,re_german_world,German world,1642.0,archeologist,europe
4993,Q1611029,Hermann Fabronius,re_german_world,German world,1570.0,theologian,europe
29033,Q94528882,Gottlieb Thonhauser,re_german_world,German world,1690.0,theologian | philosopher,europe
16618,Q40650483,Andreas Goldmayer,re_german_world,German world,1602.0,astronomer | mathematician,europe
13564,Q17352841,Jakob Honold,re_german_world,German world,1599.0,theologian,europe
19456,Q805620,Balthasar Köpke,re_german_world,German world,1646.0,theologian,europe
23512,Q1692781,Johannes Bötticher,re_german_world,German world,1687.0,historian,europe
24621,Q94940951,Andreas von Cronhelm,re_german_world,German world,1640.0,theologian,europe
26016,Q1782796,Constantin Ziegra,re_german_world,German world,1617.0,theologian,europe
23507,Q324420,Nicolaus Taurellus,re_german_world,German world,1547.0,theologian | philosopher,europe
20777,Q826082,Bernhard Vaget,re_german_world,German world,1548.0,theologian,europe
13667,Q1273106,Gerhard Meier,re_german_world,German world,1664.0,theologian,europe
9290,Q4219116,Jacob Keller,re_german_world,German world,1568.0,philosopher,europe
17615,Q4356643,Jacob Lorhard,re_german_world,German world,1561.0,philosopher,europe
16721,Q55680536,Christianus Justus Heintzelmann,re_german_world,German world,1664.0,theologian,europe
22811,Q1612601,Johann Rudolph Rodolph,re_german_world,German world,1646.0,theologian,europe
22046,Q1239942,Theobald Billicanus,re_german_world,German world,1490.0,theologian,europe
12218,Q94866605,Andreas Kirchberger,re_german_world,German world,1555.0,theologian,europe
9722,Q94933945,Johann Jacob Wagner,re_german_world,German world,1636.0,theologian,europe
19384,Q1300518,Erich Weismann,re_german_world,German world,1641.0,theologian,europe
8284,Q528246,Walther Hermann Ryff,re_german_world,German world,1500.0,botanist | mathematician,europe
12248,Q1258970,Hermann Flender,re_german_world,German world,1653.0,theologian,europe
13610,Q458981,Berno of Reichenau,re_german_world,German world,978.0,musicologist,europe
12259,Q1451566,Johannes Francke,re_german_world,German world,1604.0,theologian,europe
6544,Q1484842,Sebastian Hornmold,re_german_world,German world,1562.0,historian,europe
12969,Q1160675,Daniel Flender,re_german_world,German world,1665.0,theologian,europe
10336,Q1539361,Gottfried Meisner,re_german_world,German world,1618.0,theologian,europe
24484,Q10285493,Franciscus Parcovius,re_german_world,German world,1560.0,mathematician,europe
5624,Q1597613,Heinrich Himmel,re_german_world,German world,1486.0,theologian,europe
29599,Q1667140,Johannes Velius,re_german_world,German world,1545.0,theologian,europe
10096,Q1309947,Paul Mathesius,re_german_world,German world,1548.0,theologian,europe
5188,Q1986849,Nicolaus Marschalk,re_german_world,German world,1470.0,archeologist | historian,europe
27154,Q2077159,Petrus Musaeus,re_german_world,German world,1620.0,theologian,europe
24836,Q15452774,Germanus Luidke,re_german_world,German world,1592.0,theologian,europe
12564,Q1664649,Johannes Criginger,re_german_world,German world,1521.0,theologian | geographer,europe
20911,Q55685292,Johann Heinrich Keyser,re_german_world,German world,1659.0,theologian,europe
6714,Q3384620,Pierre Dangicourt,re_german_world,German world,1664.0,mathematician,europe
24345,Q58042,Engelbert Kaempfer,re_german_world,German world,1651.0,botanist,europe
17693,Q17322595,Johannes Clüver,re_german_world,German world,1593.0,theologian,europe
12021,Q21544072,Johann Altenstaig,re_german_world,German world,1480.0,theologian,europe
28442,Q117161,Johann von Muralt,re_german_world,German world,1645.0,anatomist,europe
9966,Q99747,Peter Agricola,re_german_world,German world,1525.0,theologian,europe
20524,Q323113,Franz Xaver Murschhauser,re_german_world,German world,1663.0,musicologist,europe
16959,Q3180612,Johann Michael Heineccius,re_german_world,German world,1674.0,theologian,europe
22638,Q55901520,Peter Hecht,re_german_world,German world,1582.0,theologian,europe
26759,Q15963993,Johann Bucker,re_german_world,German world,1650.0,geographer,europe
26521,Q126985,Georg Grünwald,re_german_world,German world,1490.0,theologian,europe
24169,Q49698,Johann Alexander Döderlein,re_german_world,German world,1675.0,historian,europe
5190,Q1771569,Wolfgang Heider,re_german_world,German world,1558.0,political scientist | anthropologist,europe
8032,Q58768,Hartmann Schedel,re_german_world,German world,1440.0,geographer | historian,europe
5039,Q551624,Joachim von Sandrart,re_german_world,German world,1606.0,art theorist,europe
22928,Q1693524,Johann Friedrich Chemnitz,re_german_world,German world,1611.0,historian,europe
8598,Q27038338,Johann Gottfried von Meiern,re_german_world,German world,1692.0,historian,europe
15165,Q24067164,Michel Hospein,re_german_world,German world,1565.0,geographer,europe
9490,Q95994,Ulrich Rülein von Calw,re_german_world,German world,1467.0,mathematician,europe
23970,Q1084578,Christoph Bernhard Cruse,re_german_world,German world,1674.0,theologian,europe
10148,Q1696422,Johann Ulrich Pregizer I,re_german_world,German world,1577.0,theologian,europe
28716,Q71709,Georg Rörer,re_german_world,German world,1492.0,theologian,europe
7044,Q55679979,Melchior Schäffer,re_german_world,German world,1682.0,theologian,europe
21806,Q55677226,Leonhard Hausmann,re_german_world,German world,1672.0,philosopher,europe
8936,Q91647,Valentinus Otho,re_german_world,German world,1550.0,astronomer | mathematician,europe
7868,Q6958227,Naftali Hertz ben Yaakov Elchanan,re_german_world,German world,1601.0,theologian,europe
12651,Q895587,Gerard Geldenhouwer,re_german_world,German world,1482.0,theologian | historian,europe
15502,Q1696786,Johann von Fuchte,re_german_world,German world,1568.0,theologian,europe
25353,Q99420,Heinrich Bünting,re_german_world,German world,1545.0,theologian | geographer,europe
29732,Q41083200,Georg Dasen,re_german_world,German world,1568.0,mathematician,europe
18392,Q1763563,Matthias Starck,re_german_world,German world,1628.0,theologian,europe
15552,Q3380442,Philippe Naudé l'Ancien,re_german_world,German world,1654.0,mathematician,europe
25342,Q1134002,Cornelius von Hase,re_german_world,German world,1653.0,theologian,europe
19641,Q1250101,Johannes Olearius,re_german_world,German world,1546.0,theologian,europe
6151,Q109328,Urban Pierius,re_german_world,German world,1546.0,theologian,europe
28013,Q2140568,Reinhard Bakius,re_german_world,German world,1587.0,theologian,europe
14724,Q1677693,Jacob van Deventer,re_german_world,German world,1505.0,geographer,europe
21866,Q111755,Friedrich Staphylus,re_german_world,German world,1512.0,theologian,europe
24790,Q695263,Arnold Greve,re_german_world,German world,1700.0,theologian | historian,europe
27447,Q86908164,Johann Heinrich Rapp,re_german_world,German world,1629.0,theologian,europe
7901,Q18945726,Peter Megerlin,re_german_world,German world,1623.0,astronomer,europe
16299,Q94872492,Johann Dürr,re_german_world,German world,1564.0,theologian,europe
23768,Q103653,Johann Pfeffinger,re_german_world,German world,1493.0,theologian,europe
12659,Q1617553,Hieronymus Haubold,re_german_world,German world,1535.0,theologian,europe
7015,Q1903721,Martin Hermann Faber,re_german_world,German world,1587.0,geographer,europe
29570,Q62674,Christoph Cellarius,re_german_world,German world,1638.0,historian,europe
20044,Q17003205,Casimir Freschot,re_german_world,German world,1640.0,historian,europe
8318,Q2634642,Adolph Wilhelm Gohren,re_german_world,German world,1685.0,theologian,europe
22659,Q329866,Abraham Cohen de Herrera,re_german_world,German world,1570.0,theologian | philosopher,europe
12831,Q1460592,Moritz Heling,re_german_world,German world,1522.0,theologian,europe
16533,Q94910370,Jakob Merstetter,re_german_world,German world,1460.0,theologian,europe
5084,Q86223,Georg Matthäus Vischer,re_german_world,German world,1628.0,geographer,europe
17768,Q94910232,Peter Huber,re_german_world,German world,1603.0,theologian,europe
8478,Q1270612,Johann Heinrich Wedderkamp,re_german_world,German world,1678.0,theologian,europe
19596,Q154959,Hugo Grotius,re_german_world,German world,1583.0,theologian | philosopher | historian,europe
10335,Q477492,Philipp von Hörnigk,re_german_world,German world,1640.0,economist,europe
6476,Q62532,Balthasar Hubmaier,re_german_world,German world,1485.0,theologian,europe
29822,Q94852020,Salomon Codomann,re_german_world,German world,1560.0,theologian,europe
28414,Q1697542,Johannes Garcaeus,re_german_world,German world,1502.0,theologian,europe
29628,Q117331,Diebold Schilling the Younger,re_german_world,German world,1460.0,historian,europe
7773,Q55673569,Caspar Fiedler,re_german_world,German world,1649.0,theologian,europe
14851,Q639247,Rudolf of Fulda,re_german_world,German world,800.0,theologian | historian,europe
11320,Q60145514,Janez Krstnik Thullner,re_german_world,German world,1668.0,historian,europe
25864,Q922679,Simon Karchne,re_german_world,German world,1649.0,theologian | philosopher,europe
11858,Q55123665,Rudolf von Bellinckhausen,re_german_world,German world,1567.0,theologian,europe
27372,Q94754919,Albert Veiel,re_german_world,German world,1672.0,theologian,europe
28816,Q106597,Johann Heinrich Acker,re_german_world,German world,1647.0,theologian | historian,europe
26549,Q55126881,Johann Melchior Stenger,re_german_world,German world,1638.0,theologian,europe
24323,Q94930937,Johannes Lysius,re_german_world,German world,1675.0,theologian,europe
26475,Q27064349,Corneille Bonaventure Bertram,re_german_world,German world,1531.0,theologian,europe
21209,Q1695876,Johann Philipp Palthen,re_german_world,German world,1672.0,historian,europe
14706,Q2287479,Simon Friedrich Hahn,re_german_world,German world,1692.0,historian,europe
19896,Q102234,Balthasar Bebel,re_german_world,German world,1632.0,theologian,europe
18970,Q109517,Polykarp Leyser IV,re_german_world,German world,1690.0,theologian | philosopher | historian,europe
5796,Q94755046,Georg Widman,re_german_world,German world,1486.0,historian,europe
26481,Q5162643,Conrad of Leonberg,re_german_world,German world,1460.0,theologian,europe
5295,Q1080857,Christian Lokervitz,re_german_world,German world,1650.0,theologian | linguist | philosopher,europe
11390,Q1459007,Friedrich Ernst Kettner,re_german_world,German world,1671.0,theologian,europe
9650,Q15452104,Johann Jacob Zwierlein,re_german_world,German world,1699.0,historian,europe
8042,Q61715539,Traugott Schreber,re_german_world,German world,1671.0,geographer,europe
7310,Q15456200,Georg Hilmar Ising,re_german_world,German world,1637.0,historian,europe
24642,Q94872171,Johann Horn-Goldschmidt,re_german_world,German world,1605.0,theologian,europe
28842,Q40887248,Johann III. Mühlmann,re_german_world,German world,1642.0,historian,europe
25857,Q1567143,Albert Grawer,re_german_world,German world,1575.0,theologian,europe
13240,Q55680428,Johann Baptist Planck,re_german_world,German world,1696.0,mathematician,europe
10518,Q598060,Peter Martyr Vermigli,re_german_world,German world,1499.0,theologian,europe
29841,Q434550,Jerome of Prague,re_german_world,German world,1380.0,theologian | philosopher,europe
28239,Q1556205,Gustav Molanus,re_german_world,German world,1650.0,theologian,europe
29610,Q1617581,Hieronymus Mencel,re_german_world,German world,1517.0,theologian,europe
10176,Q94943587,Wolfgang Christoph Fürst,re_german_world,German world,1668.0,theologian,europe
12542,Q73866,Jacob Paul von Gundling,re_german_world,German world,1673.0,historian,europe
22479,Q1598339,Heinrich Moller,re_german_world,German world,1530.0,theologian,europe
12483,Q94935116,Andreas Francke,re_german_world,German world,1496.0,theologian,europe
12227,Q1176431,David Rupert Erythropel,re_german_world,German world,1653.0,theologian,europe
28636,Q1378132,Immanuel Weber,re_german_world,German world,1633.0,theologian,europe
20011,Q122657,Benedictus Ducis,re_german_world,German world,1490.0,theologian,europe
8678,Q312386,Widukind of Corvey,re_german_world,German world,925.0,historian,europe
27641,Q71314,Melchior Lotter,re_german_world,German world,1470.0,geographer,europe
27749,Q94854702,Ernst Mylius,re_german_world,German world,1599.0,mathematician,europe
19321,Q94910533,Heinrich Gebhard,re_german_world,German world,1578.0,theologian,europe
24134,Q55193589,Daniel Wülffer,re_german_world,German world,1617.0,theologian,europe
6063,Q119454,Lucas Maius,re_german_world,German world,1522.0,theologian,europe
10949,Q77511,Maria Margaretha Kirch,re_german_world,German world,1670.0,astronomer,europe
16949,Q110908,Johann Heinrich Meibom,re_german_world,German world,1590.0,historian,europe
22291,Q72662,Urbanus Rhegius,re_german_world,German world,1489.0,theologian,europe
23175,Q94909742,Abraham Pielitz,re_german_world,German world,1644.0,theologian,europe
29379,Q1690523,Joachim Trumpf,re_german_world,German world,1687.0,astronomer,europe
18540,Q1617569,Hieronymus Kromayer,re_german_world,German world,1610.0,theologian,europe
25102,Q1352964,Erich Philipp Ploennies,re_german_world,German world,1672.0,mathematician,europe
6182,Q119313,Conrad Justinger,re_german_world,German world,1400.0,historian,europe
22894,Q1568450,Johann Friedemann Schneider,re_german_world,German world,1669.0,philosopher | logician,europe
6690,Q107278,Christian Kortholt,re_german_world,German world,1633.0,theologian,europe
4937,Q1262526,Johannes Ligarius,re_german_world,German world,1529.0,theologian,europe
22612,Q1694563,Johann Hermann Becker,re_german_world,German world,1700.0,theologian,europe
20297,Q55844253,Salomon Hottinger,re_german_world,German world,1649.0,physicist | mathematician | anatomist,europe
7386,Q2218585,Samuel Lutz,re_german_world,German world,1674.0,theologian,europe
11920,Q94866188,Johannes Feinauer,re_german_world,German world,1671.0,theologian,europe
11930,Q21809653,Jan Kryštof Bořek,re_german_world,German world,1665.0,economist,europe
8670,Q466886,Jakob Ebert,re_german_world,German world,1549.0,theologian,europe
8141,Q109302,Polykarp Leyser III,re_german_world,German world,1656.0,theologian | linguist,europe
21435,Q1599456,Heinrich von Antwerpen,re_german_world,German world,1150.0,historian,europe
9317,Q55674783,Benjamin Heyden,re_german_world,German world,1635.0,theologian,europe
13678,Q109659,Johann Christoph Harenberg,re_german_world,German world,1696.0,theologian,europe
29813,Q1498115,Alexius Crosner,re_german_world,German world,1490.0,theologian,europe
19259,Q1677770,Jacobus Probst,re_german_world,German world,1486.0,theologian,europe
26222,Q90473,Henricus Grammateus,re_german_world,German world,1492.0,musicologist | astronomer | mathematician,europe
7103,Q27567999,Michael Berns,re_german_world,German world,1657.0,theologian,europe
8204,Q1644253,Martin Chilian Stisser,re_german_world,German world,1635.0,theologian,europe
15331,Q993382,Gottfried de Hegghe,re_german_world,German world,1400.0,theologian,europe
14871,Q1521770,Marianus Brockie,re_german_world,German world,1687.0,theologian | philosopher,europe
26001,Q101319,Tobias Adami,re_german_world,German world,1581.0,philosopher,europe
26826,Q122366,Daniel Bernoulli,re_german_world,German world,1700.0,economist | physicist | mathematician,europe
26371,Q94940724,Andreas Schaubert,re_german_world,German world,1682.0,theologian,europe
25945,Q7151970,Paul Laymann,re_german_world,German world,1574.0,theologian | philosopher,europe
18967,Q63179,Johann von Staupitz,re_german_world,German world,1465.0,theologian,europe
27533,Q16003209,Heinrich Schmid,re_german_world,German world,1611.0,theologian,europe
9843,Q1644220,Thomas Wyttenbach,re_german_world,German world,1472.0,theologian,europe
20788,Q13693413,Johannes Scholvin,re_german_world,German world,1590.0,theologian,europe
6992,Q1782255,Konrad Post,re_german_world,German world,1613.0,theologian,europe
8452,Q94936384,Johann Andreas Ziegler,re_german_world,German world,1628.0,theologian,europe
11175,Q1700274,Paul Röber,re_german_world,German world,1587.0,theologian,europe
27828,Q85654,Werner Rolfinck,re_german_world,German world,1599.0,botanist | philosopher | chemist,europe
19741,Q63428,Abraham Calovius,re_german_world,German world,1612.0,theologian,europe
13350,Q105398,Johann Sperling,re_german_world,German world,1603.0,zoologist | physicist,europe
29041,Q102806,Stephan Praetorius,re_german_world,German world,1536.0,theologian,europe
12918,Q55676864,Matthias Burchard,re_german_world,German world,1619.0,theologian,europe
28960,Q1530292,Leopold Eberhard Bonsen,re_german_world,German world,1699.0,theologian,europe
13746,Q1293788,Johann Gottlieb Krause,re_german_world,German world,1684.0,historian,europe
5151,Q94856881,Johannes von Essen,re_german_world,German world,1620.0,theologian,europe
26625,Q95298775,Bernhard Ströbel,re_german_world,German world,1567.0,theologian,europe
6129,Q116904,Johann Heinrich Hottinger,re_german_world,German world,1620.0,theologian,europe
8250,Q94935071,Georg Otto,re_german_world,German world,1625.0,theologian,europe
16846,Q1694491,Johann Heinrich Schmucker,re_german_world,German world,1684.0,theologian,europe
19639,Q4078259,Heinrich Baryphonus,re_german_world,German world,1581.0,musicologist,europe
13106,Q1591049,Hermann Barkhaus,re_german_world,German world,1629.0,theologian,europe
5847,Q102183661,Helmold Glaedenstedt,re_german_world,German world,1371.0,philosopher,europe
20765,Q499852,Andreas Overbeck,re_german_world,German world,1628.0,theologian,europe
16297,Q2415586,Andreas Cassius,re_german_world,German world,1600.0,chemist,europe
6698,Q55193383,Abraham Suarinus,re_german_world,German world,1563.0,theologian,europe
7916,Q1697280,Johannes Bockenrod,re_german_world,German world,1488.0,theologian,europe
24714,Q75979,Hermann Friedrich Teichmeyer,re_german_world,German world,1685.0,botanist,europe
18818,Q1695444,Johann Martin Luther II.,re_german_world,German world,1663.0,theologian,europe
23834,Q96517,Raphael Levi Hannover,re_german_world,German world,1685.0,astronomer | mathematician,europe
13114,Q1431552,Jakob Crusius,re_german_world,German world,1600.0,theologian,europe
18943,Q1695470,Johann Matthias Testarello della Massa,re_german_world,German world,1636.0,historian,europe
5871,Q121856,Nicolaus Hunnius,re_german_world,German world,1585.0,theologian,europe
26342,Q1456927,Conrad of Eberbach,re_german_world,German world,1150.0,historian,europe
15894,Q524156,Christoph Bernhard,re_german_world,German world,1628.0,musicologist,europe
21980,Q1420015,Johann Quistorp,re_german_world,German world,1584.0,theologian,europe
9893,Q104708,Bartholomäus Bernhardi of Feldkirchen,re_german_world,German world,1487.0,theologian,europe
23988,Q108370,Johann Theodor Jablonski,re_german_world,German world,1654.0,linguist,europe
7112,Q17198514,Gottfried Grawert,re_german_world,German world,1670.0,geographer,europe
14884,Q55125730,Johannes Müllner,re_german_world,German world,1565.0,historian,europe
23546,Q15888325,Friedrich Seyler,re_german_world,German world,1642.0,theologian,europe
8569,Q72693,Hans Denck,re_german_world,German world,1495.0,theologian,europe
21169,Q1689173,Johann Balthasar Wernher,re_german_world,German world,1677.0,historian,europe
6615,Q78074497,Esther Elisabeth de Waldkirch,re_german_world,German world,1660.0,philosopher,europe
7867,Q15438569,Daniel Gerhard Heisius,re_german_world,German world,1675.0,theologian,europe
28225,Q94944338,Carl Friedrich Bergmann,re_german_world,German world,1685.0,theologian,europe
7104,Q94910317,Joseph Grabe,re_german_world,German world,1541.0,theologian,europe
21498,Q1695042,Josua Loner,re_german_world,German world,1535.0,theologian,europe
7284,Q78071687,Stephan Spleiss,re_german_world,German world,1623.0,astronomer | mathematician,europe
6793,Q913511,Brictius thon Norde,re_german_world,German world,1490.0,theologian,europe
23011,Q805628,Balthasar Mentzer,re_german_world,German world,1565.0,theologian,europe
22360,Q1489776,Gabriel Wedderkopff,re_german_world,German world,1644.0,theologian,europe
6925,Q1633036,Johann Bolten,re_german_world,German world,1678.0,theologian,europe
18835,Q97707,Johann Christian Schöttgen,re_german_world,German world,1687.0,theologian | historian,europe
21237,Q15450515,Simon Gedik,re_german_world,German world,1551.0,theologian,europe
7649,Q1504654,Georg Heinrich Pfeiffer,re_german_world,German world,1662.0,theologian,europe
23611,Q365557,Rodolphus Agricola,re_german_world,German world,1444.0,philosopher,europe
23535,Q15512692,Johann Nikolaus Weislinger,re_german_world,German world,1691.0,theologian,europe
17364,Q1047974,Caspar Mauritius,re_german_world,German world,1615.0,theologian,europe
18890,Q4396789,Pierre Roques,re_german_world,German world,1685.0,theologian,europe
10298,Q1686923,Meinhard Plesken,re_german_world,German world,1696.0,theologian,europe
19355,Q892057,Bonagratia of Bergamo,re_german_world,German world,1265.0,philosopher,europe
23481,Q1327912,Nicolaus Dedelow,re_german_world,German world,1400.0,theologian,europe
18141,Q76331,Paul Gerhardt,re_german_world,German world,1607.0,theologian,europe
26460,Q74776,Martin of Cochem,re_german_world,German world,1634.0,theologian,europe
24093,Q94894374,Peter Ryhiner,re_german_world,German world,1692.0,theologian | philosopher,europe
16629,Q2735477,Johannes Gaupp,re_german_world,German world,1667.0,astronomer | mathematician,europe
14810,Q1177169,David Wilhelm Erythropel,re_german_world,German world,1687.0,theologian,europe
5239,Q695156,Arnold Fitz Thedmar,re_german_world,German world,1201.0,historian,europe
5348,Q52154064,Gerhard Titius,re_german_world,German world,1620.0,theologian,europe
22184,Q18410450,August Johann Buxtorf,re_german_world,German world,1696.0,theologian,europe
8003,Q1291744,Johann Christian Lünig,re_german_world,German world,1662.0,historian,europe
18151,Q96636,Ludwig Babenstuber,re_german_world,German world,1660.0,philosopher,europe
28589,Q1692978,Johann Christian Seidel,re_german_world,German world,1699.0,theologian | astronomer,europe
23504,Q1090701,Stephan Gerlach,re_german_world,German world,1546.0,theologian,europe
20404,Q3120419,Guillaume de Pierrefleur,re_german_world,German world,1510.0,historian,europe
20803,Q64272,Rudolph Goclenius,re_german_world,German world,1547.0,linguist | philosopher,europe
23753,Q819521,"John VII, Count of Nassau-Siegen",re_german_world,German world,1561.0,historian,europe
19169,Q1124621,Matthias Gundramus,re_german_world,German world,1529.0,theologian,europe
19084,Q90834,Theodor Dassovius,re_german_world,German world,1648.0,theologian,europe
22122,Q3154791,Isaac de Larrey,re_german_world,German world,1639.0,historian,europe
7713,Q1111214,Johannes Ruysch,re_german_world,German world,1460.0,geographer | astronomer,europe
7712,Q2073861,Peter Becker,re_german_world,German world,1672.0,mathematician,europe
19620,Q1081531,Christian Reichart,re_german_world,German world,1685.0,botanist,europe
5731,Q15433589,Hermann Adolph Meinders,re_german_world,German world,1665.0,historian,europe
7012,Q19502411,Gerhard Lorich,re_german_world,German world,1485.0,theologian,europe
14034,Q67207069,Johannes Magirus II.,re_german_world,German world,1615.0,mathematician,europe
6958,Q55126218,Johann Rempen,re_german_world,German world,1663.0,theologian,europe
27148,Q2417458,Theodorus Craanen,re_german_world,German world,1633.0,philosopher | mathematician,europe
12034,Q546961,Johannes Galliculus,re_german_world,German world,1490.0,musicologist,europe
20962,Q1281017,Johann Ernst Gerhard,re_german_world,German world,1621.0,theologian,europe
14062,Q125298,Caspar Bussingius,re_german_world,German world,1658.0,theologian,europe
15560,Q101975,Michael Ettmüller,re_german_world,German world,1644.0,botanist,europe
5150,Q1683704,Michael Schernak,re_german_world,German world,1622.0,theologian,europe
19845,Q20746053,Franz Schmier,re_german_world,German world,1680.0,theologian,europe
14260,Q16638328,Gabriel Hummelberger,re_german_world,German world,1487.0,botanist,europe
20124,Q94938739,Christian Müller,re_german_world,German world,1602.0,theologian,europe
15507,Q95242366,Gottfried Simonis,re_german_world,German world,1692.0,theologian,europe
20219,Q447318,Jacob Ziegler,re_german_world,German world,1470.0,theologian | geographer | astronomer | mathematician,europe
29703,Q1693038,Johann Christoph Kohlhans,re_german_world,German world,1604.0,mathematician,europe
5069,Q77661,Christoph Jacob Trew,re_german_world,German world,1695.0,botanist,europe
19562,Q70991,Hildegard of Bingen,re_german_world,German world,1098.0,theologian | philosopher | anatomist,europe
6254,Q1456980,Ludwig Fiedler,re_german_world,German world,1606.0,theologian,europe
14178,Q94886138,Johann Kramer,re_german_world,German world,1530.0,anatomist,europe
24737,Q1246983,Johann Hermann von Elswich,re_german_world,German world,1684.0,theologian,europe
16632,Q1782286,Konrad Sam,re_german_world,German world,1483.0,theologian,europe
5257,Q1745058,Philipp Johann Tilemann,re_german_world,German world,1640.0,theologian,europe
8523,Q1873032,Lucas Bacmeister,re_german_world,German world,1570.0,theologian,europe
7390,Q55901891,Johann Conrad Schragmüller,re_german_world,German world,1605.0,physicist,europe
11490,Q3180574,Johann Heinrich Zorn,re_german_world,German world,1698.0,zoologist,europe
17548,Q50926433,Christian Eberhard Weißmann,re_german_world,German world,1677.0,theologian,europe
11864,Q109593342,Conrad Sustmann,re_german_world,German world,1612.0,theologian,europe
5949,Q61918921,David Pforr,re_german_world,German world,1631.0,theologian,europe
18434,Q58461372,Johannes Kreutzer,re_german_world,German world,1424.0,theologian,europe
10900,Q1677946,Jacobus Dedelley,re_german_world,German world,1694.0,philosopher,europe
25529,Q1697707,Johannes Hoffmann von Schweidnitz,re_german_world,German world,1375.0,theologian,europe
6198,Q92213,Martin Schalling the Younger,re_german_world,German world,1532.0,theologian,europe
20800,Q120784,Ludwig Lavater,re_german_world,German world,1527.0,theologian,europe
23127,Q1323368,Johann Friedrich Starck,re_german_world,German world,1680.0,theologian,europe
14239,Q1617592,Hieronymus Opitz,re_german_world,German world,1519.0,theologian,europe
25542,Q74248,Johannes Aepinus,re_german_world,German world,1499.0,theologian,europe
17029,Q1047965,Caspar March,re_german_world,German world,1619.0,astronomer | mathematician,europe
6858,Q1504646,Georg Heinrich Götze,re_german_world,German world,1667.0,theologian,europe
6031,Q23900521,Petrus Conradi,re_german_world,German world,1478.0,theologian,europe
24630,Q114671,Christoph Schappeler,re_german_world,German world,1472.0,theologian,europe
24111,Q120138,Rudolf Gwalther,re_german_world,German world,1519.0,theologian,europe
14552,Q7152495,Paul Mezger,re_german_world,German world,1637.0,theologian,europe
29552,Q1697246,Johann Bering,re_german_world,German world,1607.0,theologian | mathematician,europe
12471,Q1344348,Georg Paul Rötenbeck,re_german_world,German world,1648.0,philosopher,europe
23186,Q64137,Caspar Schwenckfeld,re_german_world,German world,1489.0,theologian | philosopher,europe
16346,Q102597,Albert Curtz,re_german_world,German world,1600.0,astronomer,europe
22898,Q1617522,Hieronymus Annoni,re_german_world,German world,1697.0,theologian,europe
17762,Q589427,Anton Friedrich Steding,re_german_world,German world,1653.0,theologian,europe
14203,Q825234,Bernhard Hertzog,re_german_world,German world,1537.0,historian,europe
18650,Q1696465,Johann Valentin Furtmüller,re_german_world,German world,1497.0,theologian,europe
26622,Q2040180,Otto Praetorius,re_german_world,German world,1636.0,historian,europe
29185,Q1948076,Moritz Valentin Steinmetz,re_german_world,German world,1529.0,astronomer,europe
21868,Q1493297,Johann Wezel,re_german_world,German world,1570.0,theologian,europe
6208,Q1677427,Jacob Bacmeister,re_german_world,German world,1562.0,theologian,europe
14451,Q11716660,Jacobus de Clusa,re_german_world,German world,1381.0,theologian,europe
24867,Q11922904,Francesc de Castellví i Obando,re_german_world,German world,1682.0,historian,europe
10141,Q71606,Georg Fabricius,re_german_world,German world,1516.0,archeologist | historian,europe
23423,Q67938,Erdmann Neumeister,re_german_world,German world,1671.0,theologian,europe
5061,Q1693989,Johann Georg Weber,re_german_world,German world,1687.0,theologian,europe
22877,Q1659615,Johann Heinrich Majus,re_german_world,German world,1653.0,theologian | historian,europe
25904,Q1692585,Johann Baptist Röschel,re_german_world,German world,1652.0,theologian | physicist,europe
14033,Q2425712,Thomas Lansius,re_german_world,German world,1577.0,historian,europe
27468,Q108578,Theophil Großgebauer,re_german_world,German world,1627.0,theologian,europe
19415,Q2080983,Peter Ketzmann,re_german_world,German world,1521.0,theologian,europe
26701,Q27039182,Johann Kitzel,re_german_world,German world,1574.0,mathematician,europe
23196,Q61824685,Ivan Krstnik Cruxilla,re_german_world,German world,1622.0,philosopher,europe
18522,Q58460750,Pierre Davel,re_german_world,German world,1630.0,theologian,europe
27755,Q1085624,Christoph Pelargus,re_german_world,German world,1565.0,theologian,europe
10462,Q1116573,Johannes Liesegang,re_german_world,German world,1616.0,theologian,europe
18446,Q107504,Johann Friedrich Penther,re_german_world,German world,1693.0,mathematician,europe
15973,Q1555851,Gustav Georg Zeltner,re_german_world,German world,1672.0,theologian,europe
7692,Q2049833,Pantaleon Candidus,re_german_world,German world,1540.0,theologian | historian,europe
24236,Q1677552,Jacob Knade,re_german_world,German world,1490.0,theologian,europe
17365,Q1539925,Gottlob Friedrich Seligmann,re_german_world,German world,1654.0,theologian,europe
8501,Q94930189,Johann Frey,re_german_world,German world,1527.0,theologian,europe
8887,Q55679926,Johann Wilhelm Claudi,re_german_world,German world,1651.0,theologian,europe
10338,Q94827922,Johann Majer,re_german_world,German world,1641.0,geographer,europe
25722,Q122059,Gerhoh of Reichersberg,re_german_world,German world,1092.0,theologian,europe
16552,Q103573,Esdras Edzard,re_german_world,German world,1629.0,theologian,europe
13800,Q86832,Paul Luther,re_german_world,German world,1533.0,chemist,europe
24384,Q1732341,Carl Meichelbeck,re_german_world,German world,1669.0,historian,europe
12251,Q55676237,Johann Ludwig Hocker,re_german_world,German world,1670.0,theologian,europe
28826,Q55675986,Stephan Elßner,re_german_world,German world,1626.0,theologian,europe
28996,Q1747950,Philipp Scherbe,re_german_world,German world,1553.0,philosopher,europe
29202,Q109400,Benedictus Figulus,re_german_world,German world,1567.0,theologian,europe
5371,Q55124409,Johann Adam Haßlocher,re_german_world,German world,1645.0,theologian,europe
20874,Q1047964,Caspar Loescher,re_german_world,German world,1636.0,theologian,europe
6902,Q1986790,Nicolaus Dassow,re_german_world,German world,1639.0,theologian,europe
12656,Q2590582,Wolfgang Meurer,re_german_world,German world,1513.0,meteorologist,europe
16068,Q1697363,Johann Leonhard,re_german_world,German world,1651.0,theologian,europe
10003,Q6097639,Ivan Tomko Mrnavić,re_german_world,German world,1580.0,historian,europe
18140,Q1544379,Peter Tuckermann,re_german_world,German world,1580.0,theologian,europe
9905,Q1919178,Melchior Stubendorff,re_german_world,German world,1539.0,theologian,europe
20756,Q3983861,Teodorico di Freiberg,re_german_world,German world,1250.0,philosopher,europe
18210,Q1697833,Johannes Keuchenthal,re_german_world,German world,1522.0,theologian,europe
29515,Q92419,Hartmann Beyer,re_german_world,German world,1516.0,theologian,europe
11777,Q1174026,David Clodius,re_german_world,German world,1644.0,theologian,europe
14386,Q94941523,Johann Havighorst,re_german_world,German world,1674.0,theologian,europe
16366,Q453933,Angelo Sala,re_german_world,German world,1576.0,chemist,europe
17054,Q5503913,Friedrich Suppig,re_german_world,German world,1700.0,musicologist,europe
22181,Q67146,Gottfried Arnold,re_german_world,German world,1666.0,theologian | historian,europe
15110,Q3496110,Cyprián Karásek Lvovický,re_german_world,German world,1524.0,astronomer | mathematician,europe
11677,Q71026,Joachim Jungius,re_german_world,German world,1587.0,philosopher | physicist | mathematician | anatomist,europe
18872,Q1428428,Thomas Gautier,re_german_world,German world,1638.0,theologian,europe
27315,Q1678919,Jakob Bidembach,re_german_world,German world,1557.0,theologian,europe
27275,Q1695346,Johann Ludwig Hartmann,re_german_world,German world,1640.0,theologian,europe
22265,Q60022878,Pavel Wutschnig,re_german_world,German world,1659.0,theologian,europe
13265,Q110285,Johann Affelmann,re_german_world,German world,1588.0,theologian,europe
29774,Q94924290,Peter Reich,re_german_world,German world,1543.0,theologian,europe
9542,Q1395113,Moritz Burchard,re_german_world,German world,1586.0,theologian,europe
14999,Q1175294,David Lipach,re_german_world,German world,1580.0,theologian,europe
11921,Q1910501,Matthäus Blochinger,re_german_world,German world,1520.0,theologian | mathematician,europe
24226,Q24005929,Wigand Kahler,re_german_world,German world,1699.0,mathematician,europe
18611,Q1692680,Johann Bernhard,re_german_world,German world,1500.0,theologian,europe
15993,Q567496,Gottfried Reiche,re_german_world,German world,1667.0,musicologist,europe
6637,Q77397,Valentin Weigel,re_german_world,German world,1533.0,theologian | philosopher,europe
26503,Q55843563,Friedrich Castellio,re_german_world,German world,1563.0,theologian | philosopher,europe
19032,Q1697566,Johannes Glotter,re_german_world,German world,1500.0,theologian,europe
23330,Q1416903,Heinrich Birnbaum,re_german_world,German world,1403.0,theologian,europe
17159,Q55127312,Johann Valentin Wagner,re_german_world,German world,1682.0,philosopher,europe
12529,Q4202497,Johannes ab Indagine,re_german_world,German world,1415.0,theologian,europe
13208,Q28004827,Nikolaus Apel,re_german_world,German world,1475.0,theologian,europe
18463,Q3876422,Nicolas Colladon,re_german_world,German world,1530.0,theologian,europe
11728,Q1692457,Johann August Olearius,re_german_world,German world,1644.0,theologian,europe
22985,Q57337,Anton Praetorius,re_german_world,German world,1560.0,theologian,europe
29713,Q94885113,Christoph Wilhelm Beier,re_german_world,German world,1651.0,theologian,europe
7704,Q1696828,Johann von Mutterstadt,re_german_world,German world,1400.0,historian,europe
6536,Q126595,Heinrich Opitz,re_german_world,German world,1642.0,theologian,europe
20865,Q1695288,Johann Lyser,re_german_world,German world,1631.0,theologian,europe
28090,Q2571987,Wilhelm Bidembach,re_german_world,German world,1538.0,theologian,europe
10818,Q95322,Johann Christoph Wolf,re_german_world,German world,1683.0,theologian,europe
29168,Q115638,Conrad Grebel,re_german_world,German world,1498.0,theologian,europe
12444,Q1986039,Nicodemus Lappe,re_german_world,German world,1582.0,theologian,europe
10779,Q22969219,Abraham Hölzel,re_german_world,German world,1577.0,geographer,europe
16900,Q117042,Johann Jakob Wepfer,re_german_world,German world,1620.0,pharmacologist,europe
12192,Q55684831,Johann Ludwig II. Fenner,re_german_world,German world,1671.0,theologian,europe
11492,Q17414320,Wolfgang Crell,re_german_world,German world,1593.0,theologian,europe
14466,Q94797012,Philipp Agricola,re_german_world,German world,1527.0,theologian,europe
16322,Q77820,Ambrosius Blarer,re_german_world,German world,1492.0,theologian | philosopher,europe
22062,Q1694951,Johann Jacob Vogel,re_german_world,German world,1660.0,theologian | historian,europe
6086,Q55193282,Heinrich Friedrich Otto,re_german_world,German world,1692.0,historian,europe
25546,Q55124802,Heinrich Isselburg,re_german_world,German world,1577.0,theologian,europe
6346,Q21403220,Benjamin Ursinus,re_german_world,German world,1587.0,astronomer | mathematician,europe
19720,Q66389,Christoph Arnold,re_german_world,German world,1650.0,astronomer,europe
21275,Q15898469,Johannes Georg Duvernoy,re_german_world,German world,1691.0,anatomist,europe
5953,Q1334699,Emanuel König,re_german_world,German world,1658.0,physicist,europe
19226,Q1278840,Eberhard Baring,re_german_world,German world,1608.0,theologian,europe
29172,Q1081945,Christian Specht,re_german_world,German world,1647.0,theologian,europe
15500,Q1740407,Rutger van Langevelt,re_german_world,German world,1635.0,mathematician,europe
5930,Q101089,Gerhard Westerburg,re_german_world,German world,1486.0,theologian,europe
18327,Q1368349,Johann Vogel,re_german_world,German world,1589.0,theologian,europe
14148,Q1674623,Israel Traugott Garmann,re_german_world,German world,1684.0,theologian,europe
18573,Q1697377,Johann Combach,re_german_world,German world,1585.0,theologian,europe
26369,Q1460894,Severin Schlüter,re_german_world,German world,1571.0,theologian,europe
5584,Q1716847,Siegfried Sack,re_german_world,German world,1527.0,theologian,europe
15094,Q267285,Berthold of Reichenau,re_german_world,German world,1030.0,historian,europe
23822,Q1695965,Johann Reinhard Hedinger,re_german_world,German world,1664.0,theologian,europe
6538,Q1451332,Christoph Kaldenbach,re_german_world,German world,1613.0,historian,europe
19512,Q1539027,Johann Conrad Creiling,re_german_world,German world,1673.0,chemist,europe
15953,Q2141110,Reinhard Wolf,re_german_world,German world,1590.0,theologian,europe
26113,Q55874091,Jacob Henrik Paulli,re_german_world,German world,1637.0,anatomist,europe
16488,Q127000,Theodosius Fabricius,re_german_world,German world,1560.0,theologian,europe
26997,Q94812353,Bonaventura Riesch,re_german_world,German world,1696.0,theologian,europe
25634,Q94912456,Bartholomäus Wagner,re_german_world,German world,1560.0,theologian,europe
20461,Q1694556,Johann Henrich von Seelen,re_german_world,German world,1687.0,theologian,europe
14725,Q1611387,Hermann Hamelmann,re_german_world,German world,1526.0,theologian | historian,europe
10318,Q36005835,Johann Jakob Lidl,re_german_world,German world,1696.0,geographer,europe
7150,Q94871974,Martin Faber,re_german_world,German world,1536.0,theologian,europe
8853,Q91661,Johannes Praetorius,re_german_world,German world,1537.0,astronomer | physicist | mathematician,europe
12936,Q55914677,Jeremias Deutschmann,re_german_world,German world,1634.0,theologian,europe
18239,Q94874555,Hans Kaspar Suter,re_german_world,German world,1601.0,theologian,europe
11780,Q90150404,Elias Grebenitz,re_german_world,German world,1627.0,theologian,europe
28664,Q1573641,Kaspar Waser,re_german_world,German world,1565.0,theologian,europe
24294,Q53007522,Gustav Philipp Mörl,re_german_world,German world,1673.0,theologian,europe
22209,Q71599,Johannes Buxtorf,re_german_world,German world,1565.0,theologian,europe
21974,Q1084885,Christoph Friedrich Fein,re_german_world,German world,1700.0,theologian,europe
22490,Q1078915,Christian Baum,re_german_world,German world,1580.0,theologian,europe
13845,Q1695987,Johann Ritter von Baillou,re_german_world,German world,1679.0,zoologist,europe
17180,Q1272611,Hermann von Hagen,re_german_world,German world,1600.0,theologian,europe
21960,Q1762461,Tobias Olfen,re_german_world,German world,1597.0,historian,europe
20151,Q16117292,Pavel Skála ze Zhoře,re_german_world,German world,1583.0,historian,europe
21853,Q95748,Johann Pistorius the Younger,re_german_world,German world,1546.0,theologian | historian,europe
11382,Q29348286,Nicolaus Knutzen Teting,re_german_world,German world,1593.0,theologian,europe
29153,Q94886653,Simon Laßmann,re_german_world,German world,1564.0,theologian,europe
22852,Q7172858,Peter Blomevenna,re_german_world,German world,1466.0,theologian,europe
9206,Q55124980,Eckard Leichner,re_german_world,German world,1612.0,philosopher,europe
15845,Q1424744,Juan Díaz,re_german_world,German world,1510.0,theologian,europe
17233,Q55126824,Johann Rudolf Stucki,re_german_world,German world,1596.0,theologian,europe
20720,Q15445547,Johannes Seld,re_german_world,German world,1383.0,theologian,europe
25224,Q1693250,Johann Dietrich von Steinen,re_german_world,German world,1699.0,historian,europe
12131,Q501468,Andreas von Regensburg,re_german_world,German world,1380.0,historian,europe
29113,Q1693772,Johann Georg Altmann,re_german_world,German world,1697.0,theologian | historian | zoologist,europe
29640,Q124025,Jost Bürgi,re_german_world,German world,1552.0,astronomer,europe
10206,Q1259554,Johannes Meilof,re_german_world,German world,1435.0,theologian,europe
16826,Q15438269,Johann Cellarius,re_german_world,German world,1496.0,theologian,europe
28586,Q1003828,Simon Friedrich Frenzel,re_german_world,German world,1636.0,philosopher,europe
26126,Q95007414,Franz Ritter,re_german_world,German world,1579.0,astronomer | mathematician,europe
25227,Q1640327,Johann Joseph Seyler,re_german_world,German world,1669.0,theologian,europe
21101,Q85927,Johann Freinsheim,re_german_world,German world,1608.0,historian,europe
7240,Q55193263,Michael Müller,re_german_world,German world,1673.0,theologian,europe
9852,Q1677473,Jakob Fabricius,re_german_world,German world,1560.0,theologian,europe
17889,Q44624,Peter Canisius,re_german_world,German world,1521.0,theologian,europe
12348,Q55675823,Johann Melchior Goetze,re_german_world,German world,1658.0,theologian,europe
25137,Q55678213,Johann Friedrich Hebenstreit,re_german_world,German world,1691.0,theologian,europe
24961,Q94941284,Martin Wolder,re_german_world,German world,1599.0,theologian,europe
12687,Q47163029,Ambrosius Lacher,re_german_world,German world,1470.0,mathematician,europe
14013,Q1692518,Johann Baptist Eiselin,re_german_world,German world,1637.0,theologian | philosopher | historian,europe
24862,Q1689821,Mathias Cremerius Peltzer,re_german_world,German world,1465.0,theologian,europe
11980,Q15821345,Johann Michael Hallwachs,re_german_world,German world,1690.0,theologian | historian,europe
6108,Q1596495,Heinrich Abermann,re_german_world,German world,1583.0,historian,europe
11539,Q1334064,Gottfried Christian Bose,re_german_world,German world,1619.0,theologian,europe
15102,Q94875148,Daniel Schelling,re_german_world,German world,1595.0,theologian,europe
15415,Q1531576,Vincentius Schmuck,re_german_world,German world,1565.0,theologian,europe
24410,Q89653,Paul Felgenhauer,re_german_world,German world,1593.0,theologian,europe
11815,Q1424657,Johann Georg Volckmar,re_german_world,German world,1567.0,theologian,europe
16278,Q115938,Jean-Pierre de Crousaz,re_german_world,German world,1663.0,philosopher | mathematician,europe
18310,Q94888432,Wilhelm Zimmermann,re_german_world,German world,1542.0,theologian,europe
11518,Q94869953,Georg Müller,re_german_world,German world,1557.0,theologian,europe
6083,Q1435586,Franz Daniel Bergius,re_german_world,German world,1599.0,theologian,europe
23743,Q58231500,Henricus Bornius,re_german_world,German world,1617.0,philosopher,europe
7144,Q22920677,Johann Sebastian Albrecht,re_german_world,German world,1695.0,botanist,europe
17946,Q1472257,Martin Merz,re_german_world,German world,1425.0,mathematician,europe
7782,Q1048045,Kaspar Thierfelder,re_german_world,German world,1525.0,mathematician,europe
21141,Q18132160,Christian Kuchimeister,re_german_world,German world,1260.0,historian,europe
16706,Q55127594,Sebastian Haydlauf,re_german_world,German world,1539.0,theologian,europe
12317,Q1275855,Albrecht Georg Schwartz,re_german_world,German world,1687.0,historian,europe
26808,Q55673746,Ludwig Friedrich Rothmahler,re_german_world,German world,1679.0,theologian,europe
8147,Q16010771,Barthélemy Arnoldi,re_german_world,German world,1465.0,philosopher,europe
17469,Q73396,Abraham Vater,re_german_world,German world,1684.0,anatomist,europe
23381,Q1873046,Lucas Brunn,re_german_world,German world,1572.0,mathematician,europe
22385,Q65966193,Heinrich Kellner,re_german_world,German world,1536.0,historian,europe
10787,Q1220101,Jean Nadasi,re_german_world,German world,1613.0,theologian,europe
25331,Q1504501,Georg Green,re_german_world,German world,1636.0,theologian | historian,europe
16323,Q71067,Sebald Heyden,re_german_world,German world,1499.0,musicologist,europe
15378,Q20607326,Johannes Mellinger,re_german_world,German world,1540.0,geographer,europe
7110,Q1597458,Heinrich Günther von Thulemeyer,re_german_world,German world,1642.0,historian,europe
8076,Q115588,Johann Jakob Bodmer,re_german_world,German world,1698.0,historian,europe
8642,Q12768573,Ján Misch,re_german_world,German world,1613.0,astronomer,europe
13939,Q1804434,Wolfgang Franz,re_german_world,German world,1564.0,theologian | historian,europe
16550,Q91839,Johann Benedict Carpzov II,re_german_world,German world,1639.0,theologian | anthropologist,europe
23875,Q94936720,Johann Hermann Wille,re_german_world,German world,1686.0,theologian,europe
14246,Q70026,Albert Krantz,re_german_world,German world,1448.0,historian,europe
11791,Q61389,Elisabeth of the Palatinate,re_german_world,German world,1618.0,philosopher,europe
5245,Q108434822,Ludolf Walther,re_german_world,German world,1595.0,theologian,europe
14877,Q55072305,Günther Christian Schelhammer,re_german_world,German world,1649.0,zoologist,europe
11033,Q1692973,Johann Christian Schamberg,re_german_world,German world,1667.0,chemist,europe
6625,Q15434424,Hermann von Hamme,re_german_world,German world,1400.0,theologian,europe
21604,Q26266207,Ferdinand Stosch,re_german_world,German world,1688.0,theologian,europe
18194,Q501214,Andreas Wesling,re_german_world,German world,1500.0,theologian,europe
10530,Q4678889,Adam Contzen,re_german_world,German world,1571.0,economist,europe
10359,Q1560202,Wilhelm Hüls,re_german_world,German world,1598.0,theologian,europe
17358,Q25070,Henry of Latvia,re_german_world,German world,1187.0,philosopher | historian,europe
6419,Q120965,Johann Jakob Mascov,re_german_world,German world,1689.0,historian,europe
16473,Q89840,Johann Hübner,re_german_world,German world,1668.0,geographer | historian,europe
17598,Q1085640,Christoph Pfautz,re_german_world,German world,1645.0,astronomer | mathematician,europe
5452,Q55193373,Paul Stein,re_german_world,German world,1585.0,theologian,europe
24900,Q27869518,Johann Otto Glüsing,re_german_world,German world,1675.0,theologian,europe
22401,Q4821208,Augustine Reding,re_german_world,German world,1625.0,theologian,europe
9704,Q1340276,Johann Christoph Layriz,re_german_world,German world,1655.0,historian,europe
13982,Q55194450,Wolfgang Weyssenburger,re_german_world,German world,1496.0,theologian | geographer | mathematician,europe
29038,Q1692701,Johann Beyer,re_german_world,German world,1673.0,astronomer,europe
7859,Q86590,Hans Carl von Carlowitz,re_german_world,German world,1645.0,economist,europe
26202,Q99453,Johann Bugenhagen,re_german_world,German world,1527.0,theologian,europe
27389,Q18644666,Michael Sautter,re_german_world,German world,1618.0,theologian,europe
20376,Q1694806,Johann Jacob Gottschaldt,re_german_world,German world,1688.0,theologian,europe
16204,Q1350816,Eustasius Friedrich Schütze,re_german_world,German world,1688.0,theologian,europe
28937,Q22582943,Georg Friedrich Stabel,re_german_world,German world,1687.0,chemist,europe
21305,Q966795,Ferdinand Johann Adam von Pernau,re_german_world,German world,1660.0,zoologist,europe
10730,Q17414317,Johann Wilhelm Stuck,re_german_world,German world,1542.0,theologian,europe
16283,Q96282453,François Pierre de Castella,re_german_world,German world,1690.0,philosopher,europe
6812,Q1505628,Georg Philipp Olearius,re_german_world,German world,1680.0,theologian,europe
6742,Q107619,Georg Erhard Hamberger,re_german_world,German world,1697.0,botanist | chemist | anatomist,europe
10881,Q1506024,Georg Simler,re_german_world,German world,1477.0,theologian,europe
9045,Q15456529,Taco Hajo van den Honert,re_german_world,German world,1666.0,theologian,europe
23928,Q64014,Nikolaus Selnecker,re_german_world,German world,1530.0,theologian,europe
14211,Q55677670,Johann Stoz,re_german_world,German world,1619.0,theologian,europe
10369,Q55374922,Ulrich Cubicularius,re_german_world,German world,1600.0,theologian,europe
24204,Q55676203,Johann Melchior Starckloff,re_german_world,German world,1627.0,philosopher,europe
7741,Q1903775,Martin Frecht,re_german_world,German world,1494.0,theologian,europe
29380,Q1698022,Johann Meelführer,re_german_world,German world,1570.0,theologian,europe
21097,Q1690934,Job Hartmann Enenkel,re_german_world,German world,1576.0,historian,europe
8346,Q459735,Ambrosius Rhode,re_german_world,German world,1577.0,astronomer | mathematician,europe
11811,Q1986888,Nikolaus Serarius,re_german_world,German world,1555.0,historian,europe
16567,Q72906,Martin Crusius,re_german_world,German world,1526.0,historian,europe
20208,Q55122759,Heinrich Jakob van Bashuysen,re_german_world,German world,1679.0,theologian,europe
11294,Q55847174,Heinrich Wiedeburg,re_german_world,German world,1587.0,mathematician,europe
22748,Q1080763,Christian Lange,re_german_world,German world,1585.0,theologian,europe
8541,Q120234,Johannes Jakob Buxtorf,re_german_world,German world,1645.0,theologian,europe
8621,Q55133199,Aegid Rambeck,re_german_world,German world,1608.0,theologian,europe
10669,Q1176994,David Voit,re_german_world,German world,1529.0,theologian,europe
8908,Q94914364,Salomon Berthold,re_german_world,German world,1665.0,philosopher,europe
7895,Q1229238,Valentin Thau,re_german_world,German world,1531.0,astronomer | mathematician,europe
15295,Q1902418,Marquard II. Schenk von Castell,re_german_world,German world,1605.0,theologian,europe
6394,Q55674470,Johann von Hamm,re_german_world,German world,1682.0,theologian,europe
19224,Q72072,Johannes Clauberg,re_german_world,German world,1622.0,theologian | philosopher,europe
25021,Q55123844,Ludwig Debiel,re_german_world,German world,1697.0,theologian,europe
25354,Q809376,Bartholomaeus Schönborn,re_german_world,German world,1530.0,astronomer | physicist | mathematician,europe
13165,Q94911765,Matthias Wegelin,re_german_world,German world,1683.0,theologian,europe
28737,Q21545401,Philipp Theodor Verpoorten,re_german_world,German world,1677.0,theologian,europe
12905,Q1146360,Johannes Matthaeus,re_german_world,German world,1526.0,theologian,europe
25756,Q121696,Johann Renner,re_german_world,German world,1525.0,historian,europe
22754,Q429632,Christian Tobias Damm,re_german_world,German world,1699.0,linguist,europe
18458,Q706203,Philipp Nicolai,re_german_world,German world,1556.0,theologian,europe
22410,Q94856267,Johann Baptist Ott,re_german_world,German world,1661.0,historian,europe
11958,Q1447238,Franz Hildesheim,re_german_world,German world,1551.0,historian,europe
11798,Q2086625,Philipp Caesar,re_german_world,German world,1580.0,theologian,europe
16772,Q1611259,Johannes Salat,re_german_world,German world,1498.0,historian,europe
21213,Q1910558,Matthäus Vogel,re_german_world,German world,1519.0,theologian,europe
15479,Q375686,Friderich Martens,re_german_world,German world,1635.0,zoologist,europe
9428,Q20012572,Jacobus Philippi,re_german_world,German world,1435.0,theologian,europe
20057,Q94894869,Martin Wolf,re_german_world,German world,1604.0,theologian,europe
18308,Q94850984,Melchior Cramer,re_german_world,German world,1599.0,theologian,europe
16670,Q104520686,Johann Ulrich Mayer,re_german_world,German world,1616.0,theologian,europe
8711,Q1408669,Traugott Immanuel Jerichow,re_german_world,German world,1700.0,theologian,europe
18905,Q1224163,Theodoric of Freiberg,re_german_world,German world,1250.0,theologian | philosopher | physicist,europe
18672,Q43499,Erasmus,re_german_world,German world,1466.0,theologian | philosopher,europe
4834,Q1349852,Jakob Wilhelm Feuerlein,re_german_world,German world,1689.0,theologian,europe
12777,Q1320032,Jacob Spon,re_german_world,German world,1647.0,archeologist | anthropologist,europe
14436,Q1403346,Felix Bidembach,re_german_world,German world,1604.0,theologian,europe
28916,Q94817431,Christian Trautmann,re_german_world,German world,1678.0,anatomist,europe
10027,Q108278,Michael Praetorius,re_german_world,German world,1571.0,musicologist,europe
11621,Q553218,Matthew of Kraków,re_german_world,German world,1355.0,philosopher,europe
21776,Q123839,Heinrich Bullinger,re_german_world,German world,1504.0,theologian,europe
6595,Q1384223,Theodor Trendelenburg,re_german_world,German world,1696.0,theologian,europe
16998,Q1695950,Johann Rasch,re_german_world,German world,1540.0,historian,europe
18144,Q1611663,Hermann Joachim Hahn,re_german_world,German world,1679.0,theologian,europe
29297,Q1525283,Heinrich Stachmann,re_german_world,German world,1485.0,physicist,europe
10704,Q1692831,Johann Carl Schott,re_german_world,German world,1672.0,archeologist,europe
9254,Q76873,Johann Tetzel,re_german_world,German world,1460.0,theologian,europe
16482,Q2274810,Sethus Calvisius Jr.,re_german_world,German world,1639.0,theologian,europe
27559,Q1078939,Christian Benedict Michaelis,re_german_world,German world,1680.0,theologian,europe
26546,Q99225,Brandanus Daetrius,re_german_world,German world,1607.0,theologian,europe
6095,Q1080160,Christian Hauschild,re_german_world,German world,1693.0,theologian,europe
6789,Q55849126,Johann Peter Dauber,re_german_world,German world,1598.0,historian,europe
25914,Q1174666,David Hanisius,re_german_world,German world,1665.0,theologian,europe
10833,Q78063128,Melchior Griesser,re_german_world,German world,1638.0,mathematician,europe
18753,Q78261,Salomon Gesner,re_german_world,German world,1559.0,theologian,europe
23013,Q149930,Albin Moller,re_german_world,German world,1541.0,theologian | linguist,europe
25757,Q96696,Eucharius Gottlieb Rink,re_german_world,German world,1670.0,historian,europe
12958,Q19958916,Nikolaus Basellius,re_german_world,German world,1470.0,historian,europe
9540,Q60845268,Johannes Sigfridus,re_german_world,German world,1556.0,botanist | anatomist,europe
18781,Q15428282,Bernhard Ziegler,re_german_world,German world,1496.0,theologian,europe
7722,Q1696577,Johann Wilhelm Hilliger,re_german_world,German world,1643.0,theologian,europe
12525,Q71276,Bernhard Walther,re_german_world,German world,1430.0,astronomer,europe
6384,Q95789,Georg Samuel Dörffel,re_german_world,German world,1643.0,theologian | astronomer,europe
22662,Q19687596,Ludwig Lutz,re_german_world,German world,1577.0,theologian | philosopher,europe
28489,Q55126257,Friedrich Adolph Reinboth,re_german_world,German world,1682.0,historian,europe
18179,Q76325,Philipp Melanchthon,re_german_world,German world,1497.0,theologian | astronomer | philosopher,europe
21271,Q2287738,Simon Pauli,re_german_world,German world,1534.0,theologian,europe
23248,Q2697956,Alpert of Metz,re_german_world,German world,1000.0,historian,europe
19345,Q105229,Johann Burckhardt Mencke,re_german_world,German world,1674.0,historian,europe
13325,Q91124,Lorenz Beger,re_german_world,German world,1653.0,archeologist,europe
29626,Q965102,Johann Campanus,re_german_world,German world,1500.0,theologian,europe
7915,Q28728076,Johann Friedrich Polack,re_german_world,German world,1700.0,mathematician,europe
15790,Q15451863,Moritz Hoffmann,re_german_world,German world,1621.0,anatomist,europe
7454,Q61073,Sebastian Münster,re_german_world,German world,1488.0,theologian | geographer | mathematician,europe
16118,Q111382,Christoph Vischer,re_german_world,German world,1518.0,theologian,europe
12022,Q55680065,Christoph Rößler,re_german_world,German world,1622.0,theologian,europe
20469,Q55626298,Georg Anton Volkmann,re_german_world,German world,1664.0,anatomist,europe
7821,Q94934287,Franz Xaver Gross,re_german_world,German world,1685.0,theologian,europe
27093,Q1668850,Johann Wilhelm Zollmann,re_german_world,German world,1697.0,geographer,europe
7400,Q1730302,Carl Andreas Duker,re_german_world,German world,1670.0,historian,europe
25136,Q1506011,Georg Sigismund Green,re_german_world,German world,1673.0,theologian,europe
19635,Q75642,Johann Sturm,re_german_world,German world,1635.0,astronomer | philosopher | physicist | mathematician,europe
20180,Q1452066,Cunmann Flinspach,re_german_world,German world,1527.0,theologian,europe
9564,Q38294,Justus Jonas,re_german_world,German world,1493.0,theologian | historian,europe
16915,Q21544173,Johannes Vorst,re_german_world,German world,1623.0,theologian,europe
9217,Q1697559,Johannes Geuß,re_german_world,German world,1370.0,theologian | philosopher,europe
21652,Q499084,Andreas Kunad,re_german_world,German world,1602.0,theologian,europe
18053,Q62317,Gottfried Kirch,re_german_world,German world,1639.0,astronomer,europe
11160,Q1991572,Nicolaus Leutinger,re_german_world,German world,1554.0,historian,europe
20121,Q71815,Justus Menius,re_german_world,German world,1499.0,theologian,europe
10804,Q98522572,Liévin Algoet,re_german_world,German world,1500.0,historian | physicist,europe
13487,Q499438,Andreas Martini,re_german_world,German world,1520.0,theologian,europe
27345,Q2144421,Renward Cysat,re_german_world,German world,1545.0,geographer,europe
6578,Q94942100,Christian Franckenstein,re_german_world,German world,1619.0,theologian,europe
24612,Q5741013,Hermann Thyraeus,re_german_world,German world,1532.0,theologian,europe
8343,Q20431472,Sebastian Kurtz,re_german_world,German world,1576.0,mathematician,europe
15543,Q1463094,Friedrich Wilhelm Leyser,re_german_world,German world,1622.0,theologian,europe
19222,Q115941,Johannes Oporinus,re_german_world,German world,1507.0,linguist,europe
16749,Q1539792,Gottlieb Gaudlitz,re_german_world,German world,1694.0,theologian,europe
26239,Q64182,Basil Faber,re_german_world,German world,1520.0,theologian,europe
14083,Q103192,Georg Lysthenius,re_german_world,German world,1532.0,theologian,europe
10975,Q102338,Johann Major,re_german_world,German world,1533.0,theologian,europe
5618,Q75657,Georg Tannstetter,re_german_world,German world,1482.0,geographer | astronomer | mathematician,europe
27765,Q2200235,Isaac Le Long,re_german_world,German world,1683.0,historian,europe
17215,Q94877876,Ulrich Koch,re_german_world,German world,1525.0,theologian,europe
21807,Q1698296,Johannes Seliger,re_german_world,German world,1500.0,theologian,europe
25333,Q57501,Christian Thomasius,re_german_world,German world,1655.0,philosopher,europe
28280,Q145285,Johannes Choinan,re_german_world,German world,1616.0,theologian | linguist,europe
8521,Q1047891,Kaspar Grasse,re_german_world,German world,1639.0,theologian,europe
20727,Q55677110,Joachim Heinrich Siemerling,re_german_world,German world,1662.0,theologian,europe
19993,Q2559850,Wenzeslaus Linck,re_german_world,German world,1483.0,theologian,europe
9935,Q1557835,Sebastian Fröschel,re_german_world,German world,1497.0,theologian,europe
21949,Q55193584,Johann Wirtz,re_german_world,German world,1591.0,theologian,europe
15906,Q1086041,Christoph Vogel,re_german_world,German world,1554.0,geographer,europe
8993,Q43902940,Johann Wenth,re_german_world,German world,1450.0,theologian,europe
12654,Q1279596,Eberhard von Holle,re_german_world,German world,1532.0,theologian,europe
13682,Q1919117,Melchior Cornaeus,re_german_world,German world,1598.0,philosopher,europe
19847,Q103325,Friedrich Grimm,re_german_world,German world,1672.0,theologian,europe
8196,Q5109610,Christian Francken,re_german_world,German world,1549.0,theologian,europe
19138,Q94936020,Johann Caspar Maurer,re_german_world,German world,1610.0,theologian,europe
26822,Q1601903,Helena Sibylla Moller,re_german_world,German world,1669.0,zoologist,europe
12209,Q16269222,Philipp Neunheller,re_german_world,German world,1500.0,theologian,europe
6642,Q1692881,Johann Christian Adami,re_german_world,German world,1662.0,theologian,europe
7544,Q1986896,Nikolaus Zaff,re_german_world,German world,1620.0,theologian,europe
16978,Q80787192,Hans Jakob Gessner,re_german_world,German world,1639.0,theologian,europe
19425,Q91646,Jacob Leupold,re_german_world,German world,1674.0,physicist | mathematician,europe
22752,Q1666369,Johann Friedrich Treiber,re_german_world,German world,1642.0,historian,europe
27574,Q6120679,Jacques Lenfant,re_german_world,German world,1661.0,historian,europe
10189,Q60832028,Johannes Corfinius,re_german_world,German world,1616.0,theologian,europe
6303,Q1696211,Johann Sebastian Pfauser,re_german_world,German world,1520.0,theologian,europe
27489,Q320735,Thomas Ebendorfer,re_german_world,German world,1388.0,historian,europe
28446,Q1257120,Gerhard von Lünenschlos,re_german_world,German world,1666.0,mathematician,europe
11598,Q91005,Bartholomäus Scultetus,re_german_world,German world,1540.0,geographer | astronomer | mathematician,europe
21544,Q1692492,Johann Balthasar Lauterbach,re_german_world,German world,1663.0,mathematician,europe
23558,Q19959064,Zacharias Brendel,re_german_world,German world,1553.0,philosopher,europe
8864,Q227897,Johann Bernoulli,re_german_world,German world,1667.0,physicist | mathematician,europe
24695,Q1505091,Georg König,re_german_world,German world,1590.0,theologian,europe
27871,Q116839,Felix Hemmerlin,re_german_world,German world,1388.0,theologian,europe
6912,Q122171,Basilius Amerbach,re_german_world,German world,1533.0,historian,europe
14122,Q53836059,Franz Wilhelm von Happe,re_german_world,German world,1686.0,historian,europe
8352,Q2059224,Paul Crell,re_german_world,German world,1531.0,theologian,europe
4898,Q21548778,Abraham Ruchat,re_german_world,German world,1680.0,historian,europe
18762,Q116577,Thomas Platter the Younger,re_german_world,German world,1574.0,botanist,europe
23734,Q500307,Andreas Rudolph,re_german_world,German world,1601.0,mathematician,europe
16809,Q95281,Gregor Brück,re_german_world,German world,1485.0,theologian,europe
18086,Q1499209,Gelasius Hieber,re_german_world,German world,1671.0,theologian | historian | mathematician,europe
17352,Q77962,Jacob Milich,re_german_world,German world,1501.0,astronomer | mathematician,europe
24171,Q1162798,Daniel Strähler,re_german_world,German world,1692.0,mathematician,europe
15310,Q87504,Henricus Martellus Germanus,re_german_world,German world,1401.0,geographer,europe
21432,Q1084839,Christoph Fahrner,re_german_world,German world,1616.0,chemist,europe
28983,Q88612,Johannes Hartmann,re_german_world,German world,1568.0,chemist,europe
22079,Q55914705,Daniel Griebner,re_german_world,German world,1645.0,theologian,europe
22235,Q1698293,Johann Remmelin,re_german_world,German world,1583.0,physicist | mathematician,europe
26542,Q335171,Menno Simons,re_german_world,German world,1496.0,theologian,europe
17960,Q1331502,Ernestus Hettenbach,re_german_world,German world,1552.0,physicist,europe
27052,Q1506226,Georg Tobias Pistorius,re_german_world,German world,1666.0,historian,europe
28859,Q473515,Hermann Finck,re_german_world,German world,1527.0,musicologist,europe
5548,Q1694473,Johann Heinrich Pott,re_german_world,German world,1692.0,chemist,europe
5147,Q98838,Johann Friedrich Gauhe,re_german_world,German world,1681.0,historian,europe
26981,Q1505835,Georg Scharnekau,re_german_world,German world,1505.0,theologian,europe
25567,Q54862817,Nikolaus Ellenbog,re_german_world,German world,1481.0,theologian,europe
10515,Q2433248,Tilemann von Hussen,re_german_world,German world,1497.0,theologian,europe
21657,Q17493497,Victorinus Schönfeldt,re_german_world,German world,1525.0,mathematician,europe
5026,Q99457,Johann Hildebrand Withof,re_german_world,German world,1694.0,historian,europe
29794,Q60839762,Franz Ulrich Ries,re_german_world,German world,1696.0,theologian,europe
22510,Q1505379,Georg Melhorn,re_german_world,German world,1513.0,theologian,europe
9477,Q95234578,Johann Jacob Stromeyer,re_german_world,German world,1686.0,theologian,europe
13525,Q809382,Bartholomäus Stosch,re_german_world,German world,1604.0,theologian,europe
10129,Q1605469,Henning Flügge,re_german_world,German world,1683.0,theologian,europe
27028,Q1081040,Christian Matthiae,re_german_world,German world,1584.0,theologian,europe
23530,Q60059,Albertus Magnus,re_german_world,German world,1193.0,zoologist | philosopher | botanist | musicologist | chemist | theologian | geographer | economist,europe
21373,Q18132145,Raphael Eglin,re_german_world,German world,1559.0,theologian,europe
28085,Q2287830,Simon Studion,re_german_world,German world,1543.0,theologian | archeologist | historian,europe
27874,Q1735077,Kaspar Megander,re_german_world,German world,1495.0,theologian,europe
17226,Q2073600,Peter Adolf Boysen,re_german_world,German world,1690.0,theologian | historian,europe
19545,Q55843917,Johann Ernst der Jüngere Gerhard,re_german_world,German world,1662.0,theologian,europe
15257,Q1606106,Henricus Klugkist,re_german_world,German world,1681.0,theologian,europe
28411,Q18343121,Martin Naboth,re_german_world,German world,1675.0,chemist,europe
5284,Q317979,Alexander Ales,re_german_world,German world,1500.0,theologian,europe
21816,Q1598810,Heinrich Schomburg,re_german_world,German world,1630.0,theologian,europe
20190,Q1539626,Gotthard Schuster,re_german_world,German world,1674.0,theologian,europe
17155,Q109635,Andreas Heinrich Bucholtz,re_german_world,German world,1607.0,theologian,europe
29806,Q1345599,Leo Jud,re_german_world,German world,1482.0,theologian,europe
19913,Q459749,Ambrosius Wilfflingseder,re_german_world,German world,1500.0,theologian,europe
5070,Q1267185,Gottlieb Samuel Pristaff,re_german_world,German world,1700.0,theologian,europe
19582,Q94869445,Johann Conrad Held,re_german_world,German world,1651.0,theologian,europe
25403,Q435311,Matthias Flacius,re_german_world,German world,1520.0,theologian | historian,europe
24408,Q1695313,Johann Lorenz Pfeiffer,re_german_world,German world,1662.0,theologian,europe
8987,Q94876229,Johann Molitor,re_german_world,German world,1576.0,theologian,europe
13099,Q1696120,Johann Schlaginhaufen,re_german_world,German world,1498.0,theologian,europe
8674,Q105199,Johann Matthäus Meyfart,re_german_world,German world,1590.0,theologian,europe
27977,Q302983,Aaron Scotus,re_german_world,German world,950.0,musicologist,europe
7221,Q16408226,Johannes Raicus,re_german_world,German world,1580.0,anatomist,europe
25916,Q1598617,Heinrich Rimphoff,re_german_world,German world,1599.0,theologian,europe
26217,Q330639,Abraham Teller,re_german_world,German world,1609.0,theologian,europe
9471,Q1159939,Daniel Archinard,re_german_world,German world,1698.0,theologian,europe
23831,Q5162533,Conrad Henfling,re_german_world,German world,1648.0,musicologist | mathematician,europe
23624,Q84963,Julius von Pflug,re_german_world,German world,1499.0,theologian,europe
25082,Q15550079,Johann Crafft,re_german_world,German world,1618.0,theologian,europe
20282,Q1461472,Friedrich Petri,re_german_world,German world,1549.0,theologian,europe
19330,Q704851,Wolfgang Musculus,re_german_world,German world,1497.0,theologian,europe
5227,Q1463975,Johann Andreas Bose,re_german_world,German world,1626.0,historian,europe
12064,Q5078477,Charles Guillaume Loys de Bochat,re_german_world,German world,1695.0,historian,europe
17605,Q94848176,Andreas Arnold,re_german_world,German world,1656.0,theologian,europe
20804,Q497313,Andreas Freyhub,re_german_world,German world,1526.0,theologian,europe
14325,Q1348062,Erasmus Ritter,re_german_world,German world,1481.0,theologian,europe
15494,Q94930929,Johann Gottfried Bürger,re_german_world,German world,1687.0,theologian,europe
8694,Q55112427,Johann Reinboth,re_german_world,German world,1609.0,theologian,europe
11016,Q55678416,Jeremias Sterky,re_german_world,German world,1656.0,theologian,europe
15200,Q2284786,Sigismund Calles,re_german_world,German world,1696.0,historian,europe
15185,Q930971,Dirk Philips,re_german_world,German world,1504.0,theologian,europe
20454,Q498601,Andreas Julius Bötticher,re_german_world,German world,1672.0,botanist,europe
8454,Q94940257,Adam Pretten,re_german_world,German world,1649.0,theologian,europe
6099,Q825189,Bernhard Hederich,re_german_world,German world,1533.0,historian,europe
28684,Q85503,Abraham Hinckelmann,re_german_world,German world,1652.0,theologian,europe
7736,Q1539433,Gottfried Schlüter,re_german_world,German world,1605.0,theologian,europe
9487,Q55675985,Heinrich Töpffer,re_german_world,German world,1652.0,theologian,europe
17874,Q19279830,Franz Wörger,re_german_world,German world,1647.0,theologian,europe
17019,Q1527009,Albert von Bardewik,re_german_world,German world,1300.0,historian,europe
14200,Q329749,Abraham Battus,re_german_world,German world,1606.0,theologian,europe
15912,Q55123739,Johann Friedrich Bertram,re_german_world,German world,1699.0,theologian | geographer | historian,europe
13595,Q1714490,Justus Cellarius,re_german_world,German world,1649.0,theologian,europe
11219,Q60958,Konrad Peutinger,re_german_world,German world,1465.0,archeologist | historian,europe
19045,Q94935772,Ulrich Scheurer,re_german_world,German world,1523.0,theologian,europe
6841,Q65409,Johann Gottlieb Heineccius,re_german_world,German world,1681.0,philosopher,europe
20471,Q15438700,Ernst Christian Philippi,re_german_world,German world,1668.0,theologian,europe
21234,Q84599,Ludwig Helmbold,re_german_world,German world,1532.0,philosopher,europe
13748,Q13744923,Johann Friedrich Winckler,re_german_world,German world,1679.0,theologian,europe
14364,Q1873036,Lucas Bacmeister,re_german_world,German world,1605.0,theologian,europe
12974,Q17310171,Albert Katschen,re_german_world,German world,1400.0,theologian,europe
6103,Q78427,Johann Bayer,re_german_world,German world,1572.0,astronomer,europe
26577,Q1771410,Samuel Lange,re_german_world,German world,1618.0,theologian,europe
24315,Q1539235,Gottfried Händel,re_german_world,German world,1644.0,theologian,europe
15005,Q1697320,Johann Buchstab,re_german_world,German world,1500.0,theologian,europe
17860,Q60845251,Johann Thomas Hensing,re_german_world,German world,1683.0,chemist,europe
24053,Q1648517,Johann Michael Dilherr,re_german_world,German world,1604.0,theologian,europe
14788,Q96643,Euricius Cordus,re_german_world,German world,1486.0,botanist,europe
7398,Q15455928,David Meyer,re_german_world,German world,1572.0,theologian | historian,europe
25214,Q15456174,Rupert Erythropel,re_german_world,German world,1556.0,theologian,europe
9771,Q33308799,Peter Boye,re_german_world,German world,1450.0,theologian,europe
8885,Q55122477,Heizo Buscher,re_german_world,German world,1564.0,philosopher | mathematician,europe
19782,Q56702113,Simeon Nöthiger,re_german_world,German world,1658.0,theologian,europe
16164,Q118005,Johann Conrad Brunner,re_german_world,German world,1653.0,anatomist,europe
20810,Q1489773,Gabriel Walser,re_german_world,German world,1695.0,geographer | historian,europe
12939,Q6125327,Jakob Middendorp,re_german_world,German world,1537.0,historian,europe
12026,Q2575744,Wilhelm Zepper,re_german_world,German world,1550.0,theologian,europe
19446,Q58460680,Johann Tilemann,re_german_world,German world,1696.0,historian,europe
11298,Q76008,Johannes Nauclerus,re_german_world,German world,1430.0,theologian | historian,europe
5854,Q1986854,Nicolaus Matz,re_german_world,German world,1443.0,theologian,europe
8257,Q2933641,Calbus Fribergius,re_german_world,German world,1470.0,geologist,europe
9376,Q121924,Samuel Heinrich König,re_german_world,German world,1671.0,theologian | mathematician,europe
19043,Q1240533,Thomas Mauer,re_german_world,German world,1536.0,theologian,europe
6231,Q1506005,Georg Serpilius,re_german_world,German world,1668.0,theologian,europe
9287,Q55124245,Andreas Ehrenberger,re_german_world,German world,1649.0,anatomist,europe
8093,Q2217713,Samson Schmalkalder,re_german_world,German world,1662.0,geographer,europe
12723,Q101002817,Balthasar Arend,re_german_world,German world,1640.0,theologian,europe
22226,Q1518578,Simon Peter Gasser,re_german_world,German world,1676.0,economist,europe
9993,Q94852804,Georg Spiznagl,re_german_world,German world,1641.0,theologian,europe
18728,Q95008696,Petrus Patiens,re_german_world,German world,1530.0,theologian,europe
11618,Q2086921,Philipp Julius Rehtmeyer,re_german_world,German world,1678.0,theologian,europe
25095,Q1776853,Ottmar Stab,re_german_world,German world,1508.0,theologian,europe
5290,Q1714495,Justus Christoph Schomer,re_german_world,German world,1648.0,theologian,europe
13154,Q1461809,Friedrich Runge,re_german_world,German world,1559.0,theologian,europe
22327,Q1352834,Erich Melchior Lunden,re_german_world,German world,1672.0,theologian,europe
6211,Q1177245,David Wolleber,re_german_world,German world,1600.0,historian,europe
8471,Q15450123,Johann Wilhelm Mannagetta,re_german_world,German world,1588.0,historian | mathematician,europe
14607,Q1329133,Elias Sigismund Reinhart,re_german_world,German world,1625.0,theologian,europe
10794,Q43903557,Eberhard Weidensee,re_german_world,German world,1486.0,theologian,europe
26984,Q2287781,Simon Schneeweiß,re_german_world,German world,1500.0,theologian,europe
28693,Q19829104,Theodoricus Adamaeus,re_german_world,German world,1470.0,historian,europe
19441,Q94766559,Johannes Deuschlin,re_german_world,German world,1480.0,theologian,europe
16136,Q1148492,Cyriacus Gericke,re_german_world,German world,1500.0,theologian,europe
14671,Q93538,Paul Guldin,re_german_world,German world,1577.0,astronomer | physicist | mathematician,europe
6469,Q43947443,Elias Pistorius junior,re_german_world,German world,1624.0,theologian,europe
22712,Q123842,Johann Baptist Cysat,re_german_world,German world,1585.0,astronomer | mathematician,europe
10521,Q27666710,Oswald Schlee,re_german_world,German world,1553.0,theologian,europe
8604,Q1696250,Johann Simonis,re_german_world,German world,1698.0,theologian,europe
24910,Q60377771,Johann Francke,re_german_world,German world,1648.0,pharmacologist | anatomist,europe
23465,Q1489503,Nicolaus Boie,re_german_world,German world,1500.0,theologian,europe
18125,Q1605482,Henning Hagen,re_german_world,German world,1440.0,historian,europe
23716,Q1695050,Johann Justus Berkelmann,re_german_world,German world,1678.0,theologian,europe
12571,Q94763594,Andreas Rosa,re_german_world,German world,1530.0,astronomer,europe
14769,Q1463506,Friedrich Zollmann,re_german_world,German world,1690.0,historian,europe
10600,Q55674108,Johann David Baier,re_german_world,German world,1681.0,theologian,europe
11011,Q1531230,Johann Konrad Rätzel,re_german_world,German world,1672.0,zoologist,europe
9111,Q94874548,Georg Demminger,re_german_world,German world,1545.0,theologian,europe
16636,Q64592,Otto Mencke,re_german_world,German world,1644.0,philosopher | mathematician,europe
24221,Q110915,Erasmus Schmidt,re_german_world,German world,1570.0,mathematician,europe
5994,Q1047932,Caspar IV. Lerch,re_german_world,German world,1575.0,historian,europe
17223,Q94884929,Johann Friedrich Suchland,re_german_world,German world,1629.0,theologian,europe
6413,Q77508,Hermann Conring,re_german_world,German world,1606.0,philosopher,europe
13771,Q110708,Thomas Naogeorgus,re_german_world,German world,1508.0,theologian,europe
12378,Q55134061,Friedrich Wilhelm von Sommersberg,re_german_world,German world,1698.0,historian,europe
14106,Q47455858,Conrad Friedrich Feuerlein,re_german_world,German world,1694.0,theologian,europe
21405,Q1696111,Johann Schelhammer,re_german_world,German world,1540.0,theologian,europe
12736,Q29053734,Justus Zinzerling,re_german_world,German world,1580.0,geographer,europe
11153,Q55673794,Cornelius Dietrich Koch,re_german_world,German world,1676.0,philosopher,europe
15647,Q1583520,Hans Rüte,re_german_world,German world,1500.0,historian,europe
8536,Q1694409,Johann Heinrich Heubel,re_german_world,German world,1694.0,historian,europe
25606,Q78447,Andreas Musculus,re_german_world,German world,1514.0,theologian,europe
25199,Q55124000,Leonhard Culmann,re_german_world,German world,1497.0,theologian,europe
22127,Q69725,Heinrich Müller,re_german_world,German world,1631.0,theologian,europe
8671,Q28001272,Daniel Nebel,re_german_world,German world,1664.0,botanist,europe
12135,Q98693,Johann Benedict Carpzov,re_german_world,German world,1607.0,theologian,europe
25999,Q83441704,Jakob Christoph Wolff,re_german_world,German world,1693.0,theologian,europe
14347,Q1713253,Martin Erythropel,re_german_world,German world,1610.0,theologian,europe
12364,Q1697574,Johann Gottsleben,re_german_world,German world,1559.0,theologian,europe
20923,Q94884936,Johann Christoph Urbich,re_german_world,German world,1615.0,theologian,europe
27367,Q15450189,Bernhard Cantzler,re_german_world,German world,1626.0,mathematician,europe
16771,Q75975,Achilles Gasser,re_german_world,German world,1505.0,historian,europe
8991,Q805593,Balthasar Düring,re_german_world,German world,1466.0,theologian,europe
26156,Q2643484,Alexander Suchten,re_german_world,German world,1520.0,physicist,europe
21171,Q15549989,Georg Liebler,re_german_world,German world,1524.0,philosopher | physicist,europe
27743,Q1692351,Johann Andreas Grammlich,re_german_world,German world,1689.0,theologian,europe
13632,Q18816409,Jacob Lemp,re_german_world,German world,1460.0,theologian,europe
26720,Q94918129,Johann Christian Langbein,re_german_world,German world,1687.0,theologian,europe
9860,Q1557932,Johannes Lonicer,re_german_world,German world,1497.0,theologian,europe
9159,Q123448,Christian Frederick Boerner,re_german_world,German world,1683.0,theologian,europe
11638,Q77813,Paul Eber,re_german_world,German world,1511.0,theologian,europe
13498,Q1698641,Johannes Winckelmann,re_german_world,German world,1551.0,theologian,europe
8736,Q531628,Veit Ludwig von Seckendorff,re_german_world,German world,1626.0,historian | economist | theologian,europe
18933,Q319802,Albert Hardenberg,re_german_world,German world,1510.0,theologian,europe
16729,Q55123174,Ludwig Christian Mieg,re_german_world,German world,1668.0,theologian,europe
20154,Q1007175,Gabriel Bucelin,re_german_world,German world,1599.0,geographer,europe
5327,Q94930718,Christian Campe,re_german_world,German world,1672.0,theologian,europe
26360,Q1694868,Johann Jakob Greif,re_german_world,German world,1699.0,theologian | historian,europe
5170,Q1281304,Peter Bestenbostel,re_german_world,German world,1572.0,linguist,europe
11181,Q213768,Charles Ancillon,re_german_world,German world,1659.0,historian,europe
10478,Q770506,Christian Sgrooten,re_german_world,German world,1525.0,geographer,europe
18379,Q1991797,Nikolaus von Prüm,re_german_world,German world,1395.0,theologian,europe
24901,Q60854,Johannes Valentinus Andreae,re_german_world,German world,1586.0,theologian | mathematician,europe
11107,Q1080509,Christian Juncker,re_german_world,German world,1668.0,historian,europe
12096,Q55904816,Johann Ludwig Lindhammer,re_german_world,German world,1689.0,theologian,europe
27141,Q55673422,Johann Conrad Dieterich,re_german_world,German world,1612.0,historian,europe
25865,Q21545896,Wilhelm Hilden,re_german_world,German world,1551.0,mathematician,europe
18412,Q2217883,Samuel Andreae,re_german_world,German world,1640.0,theologian,europe
9975,Q94866998,Christian Kahl,re_german_world,German world,1677.0,theologian,europe
14869,Q94926063,Andreas Weissenstein,re_german_world,German world,1565.0,theologian,europe
22802,Q110658,Jakob Miller,re_german_world,German world,1550.0,theologian,europe
21267,Q1506348,Georg Weinrich,re_german_world,German world,1554.0,theologian,europe
15709,Q15434161,Heinrich Dittlinger,re_german_world,German world,1440.0,historian,europe
23012,Q20791856,Heinrich Andreas Walther,re_german_world,German world,1696.0,theologian,europe
16545,Q18616687,Bernhard Werenberg,re_german_world,German world,1577.0,philosopher,europe
19299,Q29390286,Hinrich Balemann,re_german_world,German world,1692.0,theologian,europe
14799,Q2569735,Wigand Gerstenberg,re_german_world,German world,1457.0,historian,europe
15287,Q1081240,Christian Nicolaus Möllenhof,re_german_world,German world,1698.0,theologian,europe
19049,Q1047916,Caspar Herrmann Sandhagen,re_german_world,German world,1639.0,theologian,europe
23737,Q1486995,Matthew Rader,re_german_world,German world,1561.0,historian,europe
19986,Q118048,Melchior Russ,re_german_world,German world,1450.0,historian,europe
24490,Q73764,Christian Scriver,re_german_world,German world,1629.0,theologian,europe
8676,Q1782346,Conrad Treger,re_german_world,German world,1480.0,theologian,europe
11874,Q18945508,Gottfried Behm,re_german_world,German world,1636.0,mathematician,europe
24589,Q1695913,Johann Praetorius,re_german_world,German world,1634.0,astronomer,europe
16364,Q1597403,Heinrich Grimm,re_german_world,German world,1593.0,musicologist,europe
13261,Q94873050,Martin Mayer,re_german_world,German world,1630.0,theologian,europe
12027,Q19502606,Hermann Kirchner,re_german_world,German world,1562.0,historian,europe
23227,Q76305,Friedrich Adolph Lampe,re_german_world,German world,1683.0,theologian,europe
16376,Q1370361,Johann Baldovius,re_german_world,German world,1604.0,theologian,europe
20557,Q15812037,Germanus Lüdke,re_german_world,German world,1683.0,theologian,europe
12406,Q2080922,Peter Bokelmann,re_german_world,German world,1505.0,theologian,europe
22097,Q52158957,Heinrich Scherer,re_german_world,German world,1628.0,geographer,europe
26658,Q6615987,Andreas Ebert,re_german_world,German world,1479.0,theologian,europe
19439,Q55676199,Johann Evangelist Weitenauer,re_german_world,German world,1640.0,theologian,europe
29097,Q1695858,Johann Philipp Crollius,re_german_world,German world,1693.0,historian,europe
28606,Q25706702,Georg Winckler,re_german_world,German world,1450.0,theologian,europe
22342,Q94866445,Georg Krieger,re_german_world,German world,1554.0,theologian,europe
25409,Q15906605,Gottfried Hoffmann,re_german_world,German world,1669.0,theologian,europe
27891,Q18507396,Andrej Mikec,re_german_world,German world,1605.0,theologian,europe
6661,Q1598178,Heinrich Leuchter,re_german_world,German world,1558.0,theologian,europe
16373,Q94918783,Johann Georg Schnell,re_german_world,German world,1693.0,theologian,europe
22256,Q1174449,David Franck,re_german_world,German world,1682.0,historian,europe
27410,Q56559748,Matthias Erasmus Kohlreif,re_german_world,German world,1641.0,theologian,europe
10342,Q1819195,Leonhard Brunner,re_german_world,German world,1500.0,theologian,europe
22647,Q50134936,Johann Richard von Franckenstein,re_german_world,German world,1608.0,theologian,europe
19342,Q1681885,Johann Dilliger,re_german_world,German world,1593.0,theologian,europe
15856,Q19965829,Franz Xaver Trips,re_german_world,German world,1630.0,historian,europe
16032,Q55126883,Nicolaus Tinctor,re_german_world,German world,1450.0,philosopher | logician,europe
11722,Q1278889,Eberhard Brisger,re_german_world,German world,1490.0,theologian,europe
29258,Q1695501,Johann Melchior Krafft,re_german_world,German world,1673.0,theologian,europe
18604,Q19963080,Wilhelm Holder,re_german_world,German world,1542.0,theologian,europe
15982,Q77417,Lazarus Spengler,re_german_world,German world,1479.0,theologian,europe
27505,Q42557805,Ehrenfried Hagendorn,re_german_world,German world,1640.0,zoologist,europe
21127,Q84981,Andreas Hyperius,re_german_world,German world,1511.0,theologian,europe
14782,Q15437504,Nicolaus Pentz,re_german_world,German world,1450.0,theologian,europe
17761,Q75188931,Georg Reeb,re_german_world,German world,1594.0,theologian | philosopher,europe
11785,Q1670194,Johann Georg Schreiber,re_german_world,German world,1676.0,geographer,europe
13547,Q1299840,Ehregott Daniel Colberg,re_german_world,German world,1659.0,theologian,europe
27391,Q24035050,Peter Hafftiz,re_german_world,German world,1525.0,historian,europe
24247,Q86250,Eilhard Lubinus,re_german_world,German world,1565.0,theologian | geographer | philosopher | mathematician,europe
25890,Q1539922,Gottlob Friedrich Jenichen,re_german_world,German world,1680.0,theologian | historian,europe
12149,Q102640,Georg Hartmann,re_german_world,German world,1489.0,geologist | astronomer | mathematician,europe
10760,Q55947303,Jacob Meyer,re_german_world,German world,1629.0,theologian,europe
11157,Q1233049,Leonhard Kaiser,re_german_world,German world,1480.0,theologian,europe
11586,Q99021,Hendrik van Zutphen,re_german_world,German world,1488.0,theologian,europe
23528,Q157359,Johann Kuhnau,re_german_world,German world,1660.0,musicologist | mathematician,europe
12728,Q27981086,Daniel Albinus,re_german_world,German world,1627.0,theologian,europe
15089,Q17493470,Georg Marius,re_german_world,German world,1533.0,zoologist,europe
6314,Q255334,Georg Henisch,re_german_world,German world,1549.0,historian,europe
19872,Q2058716,Paul Anton,re_german_world,German world,1661.0,theologian,europe
5241,Q1991467,Nikolaus Gompe,re_german_world,German world,1524.0,theologian,europe
16911,Q1598684,Heinrich Salmuth,re_german_world,German world,1522.0,theologian,europe
12953,Q101096,Luneberg Mushard,re_german_world,German world,1672.0,historian,europe
29216,Q60178,Johannes Trithemius,re_german_world,German world,1462.0,mathematician,europe
15039,Q67477,Johann Gerhard,re_german_world,German world,1582.0,theologian,europe
10040,Q6353,Gerardus Mercator,re_german_world,German world,1512.0,theologian | geographer | philosopher | mathematician,europe
17617,Q92171,Johannes Lecküchner,re_german_world,German world,1400.0,theologian,europe
12058,Q160129,Andreas Gärtner,re_german_world,German world,1654.0,astronomer,europe
28522,Q61780697,Johann Christian Lange,re_german_world,German world,1669.0,theologian,europe
18031,Q63121893,Michael Gothard Christalnick,re_german_world,German world,1530.0,historian,europe
16866,Q94867824,Michael Horlacher,re_german_world,German world,1628.0,philosopher,europe
17163,Q67132,Caspar Creuziger,re_german_world,German world,1504.0,theologian | linguist,europe
8744,Q1691334,Johann Christian Mehlhorn,re_german_world,German world,1698.0,theologian,europe
12910,Q1698442,Johannes Steuber,re_german_world,German world,1590.0,theologian,europe
22691,Q120986,Johannes Wolf,re_german_world,German world,1521.0,theologian,europe
11241,Q86327,Franz Christoph von Khevenhüller-Frankenburg,re_german_world,German world,1588.0,historian,europe
6180,Q1392240,Kaspar Brusch,re_german_world,German world,1518.0,theologian | historian,europe
15484,Q1695760,Johann Paul Oettel,re_german_world,German world,1699.0,theologian,europe
19109,Q73208,Karl von Miltitz,re_german_world,German world,1490.0,theologian,europe
21496,Q3768498,John of Saxony,re_german_world,German world,1323.0,astronomer,europe
18283,Q94530579,Corbinian Thomas,re_german_world,German world,1694.0,theologian | mathematician,europe
17871,Q96476,Andreas Stöberl,re_german_world,German world,1465.0,astronomer | mathematician,europe
21497,Q15428093,Heinrich August Schumacher,re_german_world,German world,1683.0,historian,europe
6465,Q94908417,Franz Rhode,re_german_world,German world,1569.0,theologian,europe
18738,Q1504338,Georg Friedrich Richter,re_german_world,German world,1691.0,mathematician,europe
8479,Q55126816,Johann Elias Uhlich,re_german_world,German world,1676.0,theologian,europe
12011,Q1505499,Gregor Nymann,re_german_world,German world,1594.0,anatomist,europe
22089,Q1348064,Erasmus Sarcerius,re_german_world,German world,1501.0,theologian,europe
9557,Q1463951,Friedrich von Regensburg,re_german_world,German world,1250.0,philosopher,europe
18312,Q55134014,Daniel Seiffart,re_german_world,German world,1661.0,theologian,europe
27504,Q1085524,Christoph Mendel von Steinfels,re_german_world,German world,1500.0,theologian,europe
16430,Q1048022,Caspar Sagittarius II,re_german_world,German world,1643.0,historian,europe
11840,Q23770610,Hans Regkmann,re_german_world,German world,1494.0,historian,europe
6281,Q55679940,Johann Ludwig Pensel,re_german_world,German world,1676.0,theologian,europe
19074,Q1339,Johann Sebastian Bach,re_german_world,German world,1685.0,musicologist,europe
8662,Q2270219,"Francisco de Moncada, 3rd Marquis of Aitona",re_german_world,German world,1586.0,historian,europe
7011,Q15810647,Friedrich Pensold,re_german_world,German world,1533.0,physicist,europe
8894,Q94869254,Jakob Pflaum,re_german_world,German world,1569.0,theologian,europe
6499,Q55127514,Johann Heinrich Florin,re_german_world,German world,1650.0,theologian,europe
12255,Q695823,Arnold Möller,re_german_world,German world,1581.0,mathematician,europe
29265,Q1986830,Nikolaus Hausmann,re_german_world,German world,1479.0,theologian,europe
24810,Q3159951,Jacques Sabon,re_german_world,German world,1600.0,theologian,europe
27895,Q1506342,Georg Weigel,re_german_world,German world,1594.0,theologian,europe
5643,Q94834727,Christoph Koch,re_german_world,German world,1633.0,theologian,europe
24721,Q97750,Johann Leonhard Rost,re_german_world,German world,1688.0,astronomer,europe
22700,Q1161368,Daniel Klesch,re_german_world,German world,1624.0,theologian,europe
19699,Q2059655,Paul Friedrich Opitz,re_german_world,German world,1684.0,theologian,europe
12283,Q1505032,Georg Konrad Rieger,re_german_world,German world,1687.0,theologian,europe
12878,Q19665247,Michael ab Isselt,re_german_world,German world,1530.0,historian,europe
8100,Q19721045,David Sigmund Büttner,re_german_world,German world,1660.0,geologist,europe
22232,Q1697389,Johann Cyprian,re_german_world,German world,1642.0,theologian | physicist,europe
24467,Q15448602,Hans Heinrich Wägmann,re_german_world,German world,1557.0,geographer,europe
22708,Q1677624,Jacob Schenck,re_german_world,German world,1508.0,theologian,europe
19190,Q95288,Christoph Friedrich Richter,re_german_world,German world,1676.0,theologian | zoologist,europe
7338,Q55133989,Johann Christoph Schinmeyer,re_german_world,German world,1696.0,theologian,europe
5814,Q816933,Benedikt Burgauer,re_german_world,German world,1494.0,theologian,europe
20073,Q94909775,Georg Damm,re_german_world,German world,1633.0,theologian,europe
11911,Q95863,Lorenz Fries,re_german_world,German world,1489.0,historian,europe
25341,Q804757,Baldemar von Petterweil,re_german_world,German world,1320.0,historian,europe
5008,Q18626310,Johann Christoph Hurter,re_german_world,German world,1619.0,geographer,europe
16817,Q2262616,Sebastian Boetius,re_german_world,German world,1515.0,theologian,europe
28953,Q70382,Stephan Agricola,re_german_world,German world,1491.0,theologian,europe
17157,Q3101332,Georg Stengel,re_german_world,German world,1584.0,theologian | philosopher,europe
9548,Q1504445,Georg Gienger von Rotteneck,re_german_world,German world,1500.0,theologian,europe
7730,Q21877750,Zacharias Starck,re_german_world,German world,1535.0,historian,europe
18713,Q55876430,Caspar Heinrich Graun,re_german_world,German world,1659.0,theologian | historian,europe
8031,Q23788013,Martin Heinrich Fuhrmann,re_german_world,German world,1669.0,musicologist,europe
12001,Q100918,Christine Kirch,re_german_world,German world,1697.0,astronomer,europe
5447,Q19935841,Bernard Pergerl,re_german_world,German world,1440.0,astronomer | linguist | mathematician,europe
6810,Q500541,Andreas Schoppe,re_german_world,German world,1538.0,theologian,europe
17219,Q1307898,Matthias Oeder,re_german_world,German world,1600.0,geographer,europe
19554,Q28771624,Conrad Dieterich,re_german_world,German world,1575.0,theologian,europe
13066,Q1782307,Konrad Schmid,re_german_world,German world,1476.0,theologian,europe
28596,Q90418698,Heinrich Grassmüller,re_german_world,German world,1632.0,theologian,europe
29061,Q60389,Johannes Althusius,re_german_world,German world,1557.0,theologian | philosopher,europe
10680,Q2572734,Wilhelm Friedrich Lutz,re_german_world,German world,1551.0,theologian,europe
8477,Q23000054,Matthaeus Hiller,re_german_world,German world,1646.0,theologian,europe
24944,Q1080319,Christian Hoburg,re_german_world,German world,1607.0,theologian,europe
14159,Q55674217,Johann Christoph Bielefeld,re_german_world,German world,1664.0,theologian,europe
13124,Q98739,Johann Wilhelm Petersen,re_german_world,German world,1649.0,theologian,europe
24175,Q1237716,Dominicus Sleupner,re_german_world,German world,1483.0,theologian,europe
24468,Q1461646,Friedrich Rappolt,re_german_world,German world,1615.0,theologian,europe
22213,Q97984,Matthias Gretz,re_german_world,German world,1480.0,theologian | philosopher,europe
20621,Q5557860,Jacopo Brocardo,re_german_world,German world,1518.0,theologian,europe
29472,Q36592687,Johann Georg Heinrich Kramer,re_german_world,German world,1684.0,botanist,europe
23549,Q809341,Bartholomäus Battus,re_german_world,German world,1571.0,theologian,europe
19420,Q3180572,Johann Rahn,re_german_world,German world,1622.0,mathematician,europe
20163,Q1696878,Johann Ruchrat von Wesel,re_german_world,German world,1425.0,theologian,europe
29259,Q455560,Ernst Gottlieb Baron,re_german_world,German world,1696.0,musicologist,europe
27531,Q323731,Johann Andreas Herbst,re_german_world,German world,1588.0,musicologist,europe
11246,Q1679272,Jacob Otther,re_german_world,German world,1485.0,theologian,europe
28896,Q1323071,Georg Stampel,re_german_world,German world,1561.0,theologian,europe
14767,Q1357380,Ernst August Charbonnier,re_german_world,German world,1677.0,botanist,europe
27283,Q21511626,Heinrich Kipping,re_german_world,German world,1623.0,historian,europe
17432,Q94920285,Gottfried Hecht,re_german_world,German world,1683.0,historian,europe
10866,Q110478,Gottlieb Wernsdorf,re_german_world,German world,1668.0,theologian | historian,europe
22451,Q1605460,Henning Calvör,re_german_world,German world,1686.0,theologian,europe
9511,Q76363,Adam Olearius,re_german_world,German world,1599.0,geographer | linguist | historian | mathematician,europe
7708,Q1694416,Johann Heinrich Horb,re_german_world,German world,1645.0,theologian | historian,europe
10168,Q118632,Johann Jakob Wick,re_german_world,German world,1522.0,theologian,europe
22293,Q1619898,Hiob Magdeburg,re_german_world,German world,1518.0,theologian,europe
21238,Q97697,Heinrich Paxmann,re_german_world,German world,1531.0,philosopher,europe
13433,Q75308992,Johann Criginger,re_german_world,German world,1564.0,theologian,europe
23812,Q1435227,Johann Reich,re_german_world,German world,1617.0,theologian,europe
22001,Q1421765,Tilemann Stella,re_german_world,German world,1525.0,geographer | astronomer | mathematician,europe
19524,Q77107,Ulrich von Hutten,re_german_world,German world,1488.0,philosopher,europe
6739,Q19965571,Johannes Zeisold,re_german_world,German world,1599.0,physicist | zoologist,europe
19372,Q164374,Pierre Louis Moreau de Maupertuis,re_german_world,German world,1698.0,philosopher | physicist | astronomer | mathematician | zoologist,europe
8434,Q15431765,Tobias Henrich Schubart,re_german_world,German world,1699.0,theologian,europe
8435,Q322480,Thangmar,re_german_world,German world,945.0,historian,europe
24001,Q7377258,Rudolf Martin Meelführer,re_german_world,German world,1670.0,theologian,europe
7277,Q1647912,Johannes Ferinarius,re_german_world,German world,1534.0,theologian,europe
15563,Q1307497,Heinrich Banzcow,re_german_world,German world,1480.0,theologian,europe
21838,Q20164863,Kaspar Arnurus,re_german_world,German world,1520.0,philosopher,europe
26275,Q106940930,Johann Basilius Küchelbecker,re_german_world,German world,1697.0,geographer,europe
13837,Q69816,Paul Amman,re_german_world,German world,1634.0,botanist,europe
9257,Q1084978,Christoph Gerke,re_german_world,German world,1628.0,historian,europe
13291,Q17326030,Samuel Meiger,re_german_world,German world,1532.0,theologian,europe
27098,Q95408,Ignaz Agricola,re_german_world,German world,1661.0,theologian | philosopher | historian,europe
27982,Q78072930,Wilhelm Techtermann,re_german_world,German world,1551.0,philosopher,europe
14173,Q91326,Georg Witzel,re_german_world,German world,1501.0,theologian,europe
18183,Q92448,Martin Rutilius,re_german_world,German world,1550.0,theologian,europe
14898,Q109604,Joachim I. von Alvensleben,re_german_world,German world,1514.0,theologian,europe
28567,Q2418145,Theodor Pyl,re_german_world,German world,1647.0,theologian | physicist,europe
6044,Q688647,Johannes Cuspinian,re_german_world,German world,1473.0,historian,europe
28036,Q1499731,Achatius Mylius,re_german_world,German world,1608.0,theologian,europe
11377,Q77260,Johannes Bugenhagen,re_german_world,German world,1485.0,theologian,europe
11263,Q94940357,Johann Wilhelm Clarner,re_german_world,German world,1642.0,theologian,europe
8033,Q94882592,Johann Tobias Wagner,re_german_world,German world,1689.0,philosopher,europe
15491,Q58815833,Daniel Michaelis,re_german_world,German world,1622.0,theologian,europe
7129,Q113390,Johann Lange,re_german_world,German world,1487.0,theologian,europe
14599,Q809346,Bartholomaeus Elsner,re_german_world,German world,1596.0,theologian,europe
18797,Q55673985,Volckmar Wilhelm Stenger,re_german_world,German world,1656.0,philosopher,europe
7388,Q94892658,Peter Philips,re_german_world,German world,1598.0,theologian,europe
26278,Q1504868,Georg Jacob Schwindel,re_german_world,German world,1684.0,theologian,europe
23579,Q16215699,Johann Christian Biel,re_german_world,German world,1687.0,theologian,europe
21495,Q1228845,Kaspar Friedrich Nachtenhöfer,re_german_world,German world,1624.0,theologian,europe
15085,Q2965581,Christian Reineccius,re_german_world,German world,1668.0,theologian,europe
10089,Q15446447,Johann David Gschwend,re_german_world,German world,1691.0,historian,europe
24596,Q94936588,Johann Heinrich Zeller,re_german_world,German world,1654.0,theologian,europe
27274,Q22691350,Nicolaus Beusser,re_german_world,German world,1600.0,mathematician,europe
27450,Q78433,Johannes Clajus,re_german_world,German world,1535.0,theologian,europe
8307,Q1458439,Friedrich Beurhaus,re_german_world,German world,1536.0,philosopher,europe
27005,Q62023962,Johann Friedrich Haug,re_german_world,German world,1680.0,theologian,europe
7854,Q91827,Johannes Draconites,re_german_world,German world,1494.0,theologian | philosopher,europe
7361,Q1697524,Johannes Fritzhans,re_german_world,German world,1480.0,theologian,europe
12864,Q75373,Johannes de Cuba,re_german_world,German world,1430.0,botanist | pharmacologist,europe
6769,Q1694368,Johann Heinrich Cherler,re_german_world,German world,1570.0,botanist,europe
26386,Q2049240,Pankraz Krüger,re_german_world,German world,1546.0,theologian,europe
20658,Q1388231,Marianus Scotus,re_german_world,German world,1028.0,historian,europe
14842,Q1282758,Johann Heinrich Feustking,re_german_world,German world,1672.0,theologian,europe
7683,Q94765756,Franz Rehm,re_german_world,German world,1634.0,theologian,europe
25530,Q1697415,Johannes Dinckel,re_german_world,German world,1545.0,theologian,europe
19779,Q1231161,Theobald Crasschel,re_german_world,German world,1511.0,theologian,europe
10588,Q91136,John of Hildesheim,re_german_world,German world,1315.0,theologian | historian,europe
16198,Q55676276,Christian Heinrich Fries,re_german_world,German world,1643.0,theologian,europe
20731,Q78955,Johannes von Gmunden,re_german_world,German world,1380.0,astronomer | philosopher | mathematician,europe
19333,Q71457,Kaspar Olevianus,re_german_world,German world,1536.0,theologian,europe
17502,Q561251,Vergilius of Salzburg,re_german_world,German world,700.0,astronomer | mathematician,europe
25103,Q94934533,Jonas Baier,re_german_world,German world,1585.0,theologian,europe
15825,Q63206,Otto Brunfels,re_german_world,German world,1488.0,theologian | botanist | zoologist,europe
14544,Q805602,Balthasar Geyder,re_german_world,German world,1681.0,theologian,europe
25065,Q61369,Gabriel Biel,re_german_world,German world,1418.0,theologian | philosopher,europe
10664,Q1085914,Christoph Mass,re_german_world,German world,1508.0,astronomer,europe
15151,Q104546,Christoph von Stadion,re_german_world,German world,1478.0,theologian,europe
5368,Q85511,Augustin Friedrich Walther,re_german_world,German world,1688.0,botanist | anatomist,europe
11261,Q1690116,Joachim Greff,re_german_world,German world,1510.0,theologian,europe
6233,Q1307847,Wilhelm Leyser,re_german_world,German world,1592.0,theologian,europe
20696,Q322838,Adam Gumpeltzhaimer,re_german_world,German world,1559.0,musicologist,europe
27728,Q86317,Johann Heinrich Linck,re_german_world,German world,1674.0,anatomist,europe
10235,Q50187108,Jacob Reinecke,re_german_world,German world,1572.0,theologian,europe
28109,Q1350963,Erhard von Appenweiler,re_german_world,German world,1450.0,historian,europe
16955,Q73193,Johann Anastasius Freylinghausen,re_german_world,German world,1670.0,theologian,europe
15233,Q1735051,Kaspar Gräter,re_german_world,German world,1501.0,theologian,europe
6490,Q1693563,Johann Friedrich Gregorius,re_german_world,German world,1697.0,theologian,europe
18599,Q55679935,Melchior Baldauf,re_german_world,German world,1626.0,theologian,europe
16658,Q94858878,Georg Ludwig von Wurmb,re_german_world,German world,1643.0,philosopher,europe
21880,Q1563721,Ladislaus Sunthaym,re_german_world,German world,1440.0,geographer | historian,europe
18575,Q94792204,Simon Grynäus,re_german_world,German world,1539.0,philosopher | mathematician,europe
20240,Q1619056,Johann Rurer,re_german_world,German world,1480.0,theologian,europe
28373,Q1389879,Meno Hanneken,re_german_world,German world,1595.0,theologian,europe
24844,Q1694415,Johann Heinrich Hoffmann,re_german_world,German world,1669.0,astronomer,europe
29423,Q94934268,Rudolf Wirth,re_german_world,German world,1618.0,theologian,europe
28751,Q97531,Johannes Zwick,re_german_world,German world,1496.0,theologian,europe
12429,Q816859,Benedict Drechsler,re_german_world,German world,1651.0,chemist,europe
27126,Q97961,Hermann Reinhold Pauli,re_german_world,German world,1682.0,theologian,europe
6194,Q1494931,Kaspar Löner,re_german_world,German world,1493.0,theologian,europe
5595,Q55123030,Sebastian Curtius,re_german_world,German world,1620.0,theologian,europe
23167,Q15549966,Melchior Nicolai,re_german_world,German world,1578.0,theologian,europe
15710,Q1085601,Christoph Nottnagel,re_german_world,German world,1607.0,astronomer | mathematician,europe
27271,Q61786356,Johann Frick,re_german_world,German world,1670.0,theologian,europe
15302,Q78063197,Jost Grob,re_german_world,German world,1611.0,theologian,europe
22786,Q348702,Adam Bartholomäus,re_german_world,German world,1505.0,theologian,europe
14417,Q94892259,Tobias Halaicher,re_german_world,German world,1564.0,theologian,europe
13716,Q1695636,Johannes Narhamer,re_german_world,German world,1549.0,theologian,europe
23648,Q15428426,Caspar Heunisch,re_german_world,German world,1620.0,theologian,europe
19719,Q99183,Leonhard Christoph Sturm,re_german_world,German world,1669.0,theologian | mathematician,europe
13739,Q23710528,Christian Ludwig Kotzebue,re_german_world,German world,1661.0,historian,europe
22224,Q15839732,Paul Lang,re_german_world,German world,1460.0,historian,europe
26775,Q1927731,Michael Havemann,re_german_world,German world,1597.0,theologian,europe
29330,Q1503529,Georg Alt,re_german_world,German world,1450.0,historian,europe
29234,Q1263643,Samuel Theodor Gericke,re_german_world,German world,1665.0,art theorist,europe
22634,Q64174,Johann Christian Buxbaum,re_german_world,German world,1693.0,botanist | zoologist,europe
28459,Q63484,Christian Knorr von Rosenroth,re_german_world,German world,1636.0,theologian | philosopher,europe
25578,Q92506,Johann Carion,re_german_world,German world,1499.0,historian | mathematician,europe
11549,Q94825661,Jakob Honold,re_german_world,German world,1609.0,theologian,europe
8038,Q94904473,Johann Sauermann,re_german_world,German world,1640.0,philosopher,europe
29467,Q55010558,Johann Wilhelm Bajer,re_german_world,German world,1675.0,theologian | zoologist | physicist | mathematician,europe
13408,Q18644663,Mihael Herman,re_german_world,German world,1606.0,theologian | philosopher,europe
24653,Q21664131,Johann Petersen,re_german_world,German world,1500.0,historian,europe
28363,Q1490936,Johann Andreas Hochstetter,re_german_world,German world,1637.0,theologian,europe
12997,Q43936,William of Ockham,re_german_world,German world,1285.0,theologian | philosopher | physicist | logician,europe
19742,Q95235994,Kaspar Albeck,re_german_world,German world,1601.0,theologian,europe
14766,Q39806834,Heinrich Peyer,re_german_world,German world,1621.0,geographer,europe
6336,Q68523,Philipp Apian,re_german_world,German world,1531.0,geographer | mathematician,europe
11827,Q94890332,Johann Mayr,re_german_world,German world,1550.0,historian,europe
29068,Q61067,Johann Reuchlin,re_german_world,German world,1455.0,theologian | philosopher,europe
10971,Q24365,Paul Phrygio,re_german_world,German world,1483.0,theologian,europe
21102,Q55676733,Daniel Springinsguth,re_german_world,German world,1632.0,theologian,europe
23287,Q1695329,Johann Ludwig Betulius,re_german_world,German world,1606.0,theologian,europe
9859,Q19501927,Ambrosius Reuden,re_german_world,German world,1543.0,theologian,europe
26768,Q16888027,Simon Loeffler,re_german_world,German world,1627.0,theologian,europe
25221,Q1629652,Nicolaus Pruckner,re_german_world,German world,1494.0,theologian | astronomer | mathematician,europe
18209,Q58435905,Nicolaus Roding,re_german_world,German world,1519.0,theologian,europe
12846,Q1698430,Johannes Spittelmaier,re_german_world,German world,1500.0,theologian,europe
8367,Q55853923,Sebastian Kortholt,re_german_world,German world,1675.0,philosopher,europe
8874,Q1693271,Johann Dölsch,re_german_world,German world,1486.0,theologian,europe
29741,Q94925405,Antoine Léger,re_german_world,German world,1596.0,theologian,europe
11508,Q55909823,Hermann Ulrich von Lingen,re_german_world,German world,1695.0,historian,europe
13437,Q1598155,Heinrich Lautensack,re_german_world,German world,1522.0,astronomer | mathematician,europe
26788,Q1112220,Columban Reble,re_german_world,German world,1664.0,historian,europe
8413,Q55122316,Corbinian Khamm,re_german_world,German world,1645.0,historian,europe
21753,Q1340036,Heinrich Oraeus,re_german_world,German world,1584.0,theologian,europe
10057,Q497554,Christoph Demantius,re_german_world,German world,1567.0,musicologist,europe
29842,Q158097,Johann Crüger,re_german_world,German world,1598.0,musicologist,europe
21902,Q55122288,Gottlieb Friedrich Mylius,re_german_world,German world,1675.0,anatomist,europe
7733,Q100210,Magnus Hundt,re_german_world,German world,1449.0,philosopher | anthropologist,europe
5727,Q67126,Caspar Aquila,re_german_world,German world,1488.0,theologian,europe
24508,Q1159884,Daniel Meyer,re_german_world,German world,1490.0,theologian,europe
13231,Q48075105,Boštjan Steiner,re_german_world,German world,1680.0,astronomer | mathematician,europe
29613,Q1512245,Gerhard Omcke,re_german_world,German world,1500.0,theologian,europe
10377,Q1696354,Johann Soetefleisch,re_german_world,German world,1552.0,theologian,europe
5571,Q1079240,Christian Daum,re_german_world,German world,1612.0,historian,europe
26777,Q380654,Aegidius Tschudi,re_german_world,German world,1505.0,geographer | historian,europe
27928,Q1478091,Justus Daniel Flebbe,re_german_world,German world,1690.0,theologian,europe
23610,Q55909381,Bonifazius Heinrich Ehrenberger,re_german_world,German world,1681.0,physicist | mathematician,europe
26585,Q1511653,Gerhard Grave,re_german_world,German world,1596.0,theologian,europe
12181,Q100330715,Helena Magenbuch,re_german_world,German world,1523.0,pharmacologist | chemist,europe
21928,Q1366660,Esaias Krüger,re_german_world,German world,1544.0,theologian,europe
23070,Q1714504,Justus Feurborn,re_german_world,German world,1587.0,theologian,europe
24591,Q1547857,Simon Pelloutier,re_german_world,German world,1694.0,historian,europe
29513,Q19959745,Georg Albrecht Hamberger,re_german_world,German world,1662.0,physicist | mathematician,europe
17008,Q94935828,Johann Sauer,re_german_world,German world,1621.0,theologian,europe
25301,Q1927136,Michael Caspar Lundorp,re_german_world,German world,1580.0,historian,europe
23886,Q15436655,Philipp Otto Vietor,re_german_world,German world,1646.0,theologian,europe
11509,Q78077049,Johann Rudolf Ott,re_german_world,German world,1642.0,theologian | philosopher,europe
7968,Q1585978,Joachim Windhag,re_german_world,German world,1600.0,philosopher,europe
28625,Q94942911,Joseph Ritter,re_german_world,German world,1695.0,theologian | philosopher,europe
25307,Q1126897,Conrad Lycosthenes,re_german_world,German world,1518.0,theologian,europe
22328,Q94889742,Johann Casimir Renzler,re_german_world,German world,1654.0,theologian,europe
7515,Q1698073,Johann Müller,re_german_world,German world,1598.0,theologian,europe
28110,Q349745,Adam Herold,re_german_world,German world,1659.0,theologian,europe
15996,Q94852549,Friedrich Wilhelm Breuninger,re_german_world,German world,1690.0,theologian,europe
25580,Q106630,Johann Matthias Hase,re_german_world,German world,1684.0,geographer | astronomer | historian | mathematician,europe
11659,Q15408076,Bernhard Friedrich von Krosigk,re_german_world,German world,1656.0,astronomer,europe
14136,Q55685296,Marsilius Wenck,re_german_world,German world,1601.0,theologian,europe
29779,Q1445985,Frans Alard,re_german_world,German world,1500.0,theologian,europe
9356,Q94934890,Johann Meckhardt,re_german_world,German world,1507.0,theologian,europe
15763,Q19965447,Johann Jacob Müller,re_german_world,German world,1650.0,philosopher,europe
21571,Q2427830,Thomas Venatorius,re_german_world,German world,1488.0,theologian,europe
27484,Q1085457,Christoph Ludwig Stieglitz,re_german_world,German world,1687.0,theologian,europe
15342,Q59532492,Hieronymus Oertel,re_german_world,German world,1544.0,historian,europe
23322,Q108664,Marquard Freher,re_german_world,German world,1565.0,historian,europe
24195,Q3219242,Laurent Garcin,re_german_world,German world,1683.0,botanist | meteorologist,europe
23568,Q805627,Balthasar Mentzer,re_german_world,German world,1651.0,astronomer | mathematician,europe
18499,Q96832,Andreas Althamer,re_german_world,German world,1500.0,theologian,europe
10594,Q1598264,Heinrich Martin Eckard,re_german_world,German world,1615.0,theologian,europe
8516,Q15919417,Franz Sebastian Nonhardt,re_german_world,German world,1680.0,theologian,europe
21091,Q348377,Jean de Léry,re_german_world,German world,1536.0,theologian,europe
20654,Q1504322,Georg Friedrich Meinhart,re_german_world,German world,1651.0,theologian,europe
14981,Q440526,Theodor Kerckring,re_german_world,German world,1638.0,chemist | anatomist,europe
12796,Q20671605,Severus Christoph Olpius,re_german_world,German world,1623.0,theologian | philosopher,europe
12179,Q159632,Caspar Peucer,re_german_world,German world,1525.0,theologian | historian | mathematician | zoologist,europe
21469,Q1263403,Johann Gottfried Olearius,re_german_world,German world,1635.0,theologian,europe
27881,Q96765,Valentin Ickelshamer,re_german_world,German world,1500.0,linguist,europe
27775,Q1669657,Johann Daniel Arcularius,re_german_world,German world,1650.0,theologian,europe
15607,Q15430971,Johann Andreas Planer,re_german_world,German world,1601.0,mathematician,europe
20201,Q1599329,Heinrich Winckel,re_german_world,German world,1493.0,theologian,europe
29540,Q112830,Andreas Helwig,re_german_world,German world,1572.0,linguist,europe
11889,Q1550576,Laurens Laurensen,re_german_world,German world,1495.0,theologian,europe
22330,Q1085149,Christoph Herdesianus,re_german_world,German world,1523.0,theologian,europe
14747,Q94916334,Nikolaus Apel,re_german_world,German world,1482.0,philosopher,europe
29627,Q106596,Michael Neander,re_german_world,German world,1529.0,astronomer | mathematician,europe
28314,Q55673771,Laurentius Hartmann Schenck,re_german_world,German world,1670.0,theologian,europe
6530,Q73654,Ludwig Jungermann,re_german_world,German world,1572.0,botanist | anatomist,europe
24818,Q1348037,Erasmus Flock,re_german_world,German world,1514.0,astronomer | mathematician,europe
15281,Q35650726,Johann Baptist Mayr,re_german_world,German world,1681.0,theologian,europe
12350,Q55676223,Andreas Töpffer,re_german_world,German world,1668.0,theologian,europe
21041,Q55681365,Johann Ernst Zimmermann,re_german_world,German world,1685.0,theologian,europe
29065,Q1504330,Georg Friedrich Meyer,re_german_world,German world,1645.0,mathematician,europe
6024,Q125039,Johannes Timann,re_german_world,German world,1499.0,theologian,europe
29500,Q1693210,Johann David Schieferdecker,re_german_world,German world,1672.0,theologian,europe
29809,Q1692773,Johann Buxtorf,re_german_world,German world,1663.0,theologian,europe
6617,Q94938201,Pierre Cartier,re_german_world,German world,1698.0,geologist,europe
18065,Q68441,Rumold Mercator,re_german_world,German world,1545.0,geographer,europe
19574,Q542230,Martin Chladni,re_german_world,German world,1669.0,theologian,europe
16334,Q43398876,Johann Wittemak,re_german_world,German world,1608.0,geographer,europe
11176,Q62668,Burchard of Worms,re_german_world,German world,965.0,theologian,europe
27218,Q58234372,Marcus Beumler,re_german_world,German world,1555.0,theologian,europe
14857,Q153981,Thomas Müntzer,re_german_world,German world,1489.0,theologian,europe
17041,Q61485,Johann Konrad Dippel,re_german_world,German world,1673.0,theologian | philosopher | chemist,europe
15252,Q20087100,Johannes Huswirt,re_german_world,German world,1401.0,mathematician,europe
14390,Q351077,Adam Tribbechow,re_german_world,German world,1641.0,theologian | historian,europe
18594,Q1084848,Christoph Fischer,re_german_world,German world,1650.0,theologian,europe
21783,Q1677587,Jakob Montanus,re_german_world,German world,1486.0,theologian,europe
12129,Q1663489,Martin Cleß,re_german_world,German world,1491.0,theologian,europe
28140,Q96188,Johannes Caselius,re_german_world,German world,1533.0,philosopher,europe
16312,Q76095,Petrus Mosellanus,re_german_world,German world,1493.0,theologian,europe
12704,Q1692859,Johann Caspar Lecke,re_german_world,German world,1694.0,historian,europe
8845,Q897796,Brandan Meibom,re_german_world,German world,1678.0,botanist,europe
9456,Q1438503,Johann Wilhelm Grötzsch,re_german_world,German world,1688.0,theologian,europe
5128,Q1697316,Johann Brüning,re_german_world,German world,1590.0,theologian,europe
24846,Q1596585,Heinrich Arnold Stockfleth,re_german_world,German world,1643.0,theologian,europe
19580,Q94827496,Martin Stephani,re_german_world,German world,1576.0,theologian,europe
15397,Q2087002,Philipp Ludwig Böhmer,re_german_world,German world,1666.0,theologian,europe
16324,Q23062492,Gerhard Winter,re_german_world,German world,1589.0,theologian,europe
6555,Q111128,Jakob Weller,re_german_world,German world,1602.0,theologian,europe
12291,Q1693127,Johann Conrad Hochstetter,re_german_world,German world,1583.0,theologian,europe
13601,Q1697979,Johannes Magirus,re_german_world,German world,1537.0,theologian,europe
14244,Q87491,Heinrich Bernhard Rupp,re_german_world,German world,1688.0,botanist,europe
16630,Q324696,Gallus Dressler,re_german_world,German world,1533.0,musicologist,europe
13964,Q1346405,Heinrich Eckstorm,re_german_world,German world,1557.0,theologian,europe
6676,Q15455831,Johannes Wessel,re_german_world,German world,1671.0,theologian,europe
26347,Q1278868,Eberhard Bidembach der Jüngere,re_german_world,German world,1561.0,theologian,europe
18703,Q97105,Johann Christoph Müller,re_german_world,German world,1673.0,geographer | astronomer,europe
21347,Q94903672,Johann Georg Arnold,re_german_world,German world,1685.0,philosopher,europe
10497,Q1389095,Jakob Mennel,re_german_world,German world,1460.0,historian,europe
23830,Q18530350,Matthias Pasor,re_german_world,German world,1599.0,linguist | philosopher,europe
14647,Q45840048,Johann Christian Burgmann,re_german_world,German world,1697.0,theologian,europe
24360,Q1314820,Heinrich Rixner,re_german_world,German world,1634.0,theologian,europe
14220,Q29169588,Johannes Petreus,re_german_world,German world,1540.0,historian,europe
7199,Q122656,Johann Stössel,re_german_world,German world,1524.0,theologian,europe
22560,Q1264486,Johann Hieronymus von Wedig,re_german_world,German world,1665.0,theologian,europe
9917,Q94938498,Johann Wider,re_german_world,German world,1583.0,historian,europe
29725,Q57778991,Antoine Teissier,re_german_world,German world,1632.0,historian,europe
8157,Q107440,Johann Georg Neumann,re_german_world,German world,1661.0,theologian | historian,europe
28681,Q1617534,Hieronymus Dathe,re_german_world,German world,1667.0,theologian,europe
28939,Q1697384,Johann Cothmann,re_german_world,German world,1595.0,theologian,europe
23666,Q1514191,Johann Daniel Heinbach,re_german_world,German world,1694.0,geographer,europe
10133,Q120648,Joachim Slüter,re_german_world,German world,1490.0,theologian,europe
26081,Q1612808,Hermann Fley,re_german_world,German world,1575.0,historian,europe
20422,Q94937459,Johann Andreas Knoblauch,re_german_world,German world,1685.0,theologian,europe
21110,Q18038252,Johannes Zollikofer,re_german_world,German world,1633.0,theologian,europe
24620,Q1870124,Lorenz Peckenstein,re_german_world,German world,1549.0,historian,europe
21890,Q46811793,Johann Conrad Dürr,re_german_world,German world,1625.0,philosopher,europe
26434,Q76442,Johann Christoph Gottsched,re_german_world,German world,1700.0,philosopher,europe
24017,Q98754,Eva von Buttlar,re_german_world,German world,1670.0,theologian,europe
17743,Q1730324,Carl Arnd,re_german_world,German world,1673.0,theologian,europe
21173,Q62075378,Werner Geise,re_german_world,German world,1600.0,philosopher,europe
22276,Q110614,Christoph Pezel,re_german_world,German world,1539.0,theologian,europe
15315,Q55673996,Johann Adolph Frohne,re_german_world,German world,1652.0,theologian,europe
13190,Q1161608,Daniel Lüdemann,re_german_world,German world,1621.0,theologian,europe
20618,Q1477748,Gottfried Olearius,re_german_world,German world,1672.0,theologian,europe
12316,Q1126870,Conrad Lautenbach,re_german_world,German world,1534.0,theologian | philosopher,europe
9066,Q1462074,Friedrich Scultetus,re_german_world,German world,1598.0,theologian,europe
7241,Q901303,Michael Maier,re_german_world,German world,1568.0,philosopher,europe
26101,Q1613237,Joachim Tancke,re_german_world,German world,1557.0,astronomer,europe
20622,Q55843218,Albert Daniel Mercklein,re_german_world,German world,1694.0,mathematician,europe
17597,Q1506630,Georg von Mascow,re_german_world,German world,1584.0,theologian,europe
11497,Q9047,Gottfried Wilhelm Leibniz,re_german_world,German world,1646.0,zoologist | physicist | philosopher | musicologist | mathematician | geologist | historian,europe
26210,Q55846809,Bendikt Stähelin,re_german_world,German world,1695.0,botanist,europe
25582,Q501225,Andreas Westphal,re_german_world,German world,1685.0,historian,europe
11026,Q1458717,Friedrich Christian Lesser,re_german_world,German world,1692.0,theologian,europe
20259,Q55079018,Johann Mannich,re_german_world,German world,1579.0,theologian,europe
9113,Q1460906,Johannes von Dorsten,re_german_world,German world,1420.0,theologian,europe
15139,Q1922212,Jean-Baptiste Gramaye,re_german_world,German world,1579.0,historian,europe
7905,Q2417443,Theodor Christian Raumer,re_german_world,German world,1644.0,theologian,europe
9019,Q2076546,Peter Lackmann,re_german_world,German world,1659.0,theologian,europe
21597,Q94840675,Melchior Schaerer,re_german_world,German world,1563.0,astronomer | mathematician,europe
18820,Q110714068,Peter Meyer,re_german_world,German world,1475.0,theologian,europe
18242,Q1562419,Johann Gustav Reinbeck,re_german_world,German world,1683.0,theologian,europe
16686,Q1696138,Johann Schnabel,re_german_world,German world,1500.0,theologian,europe
29321,Q55051870,Johann Georg Hoyer,re_german_world,German world,1663.0,zoologist,europe
25856,Q1080831,Christian Liebenthal,re_german_world,German world,1586.0,philosopher,europe
14716,Q1613275,Hermann von Neuenar,re_german_world,German world,1492.0,botanist | historian,europe
17695,Q1696488,Johann Georg Volckamer,re_german_world,German world,1662.0,botanist,europe
21965,Q19965483,Johann Caspar Posner,re_german_world,German world,1673.0,philosopher,europe
7293,Q3749528,Francesco Amico,re_german_world,German world,1578.0,theologian,europe
12955,Q63393,Konrad von Marburg,re_german_world,German world,1180.0,theologian,europe
8999,Q15821278,Johann Heinrich Breuning,re_german_world,German world,1650.0,theologian,europe
15463,Q1596838,Heinrich Brennwald,re_german_world,German world,1478.0,historian,europe
14977,Q94872914,Johann Jakob Müller,re_german_world,German world,1647.0,theologian,europe
19316,Q76918,Johann Georg Faust,re_german_world,German world,1480.0,astronomer,europe
28065,Q110005,Matthias Martinius,re_german_world,German world,1572.0,theologian,europe
20477,Q73366,Heinrich Khunrath,re_german_world,German world,1560.0,philosopher,europe
28344,Q2086792,Philipp Heinrich Friedlieb,re_german_world,German world,1603.0,theologian,europe
5234,Q456569,Walafrid Strabo,re_german_world,German world,808.0,botanist | historian,europe
16818,Q1371865,Conrad Summenhart,re_german_world,German world,1455.0,theologian,europe
25555,Q1174956,David Kellner,re_german_world,German world,1670.0,musicologist,europe
23073,Q27323,Friedrich Risner,re_german_world,German world,1533.0,mathematician,europe
13088,Q16887906,Daniel Eberhard Baring,re_german_world,German world,1690.0,historian,europe
25378,Q54913154,Thomas Henrici,re_german_world,German world,1597.0,theologian,europe
28518,Q94935547,Michael Schmidt,re_german_world,German world,1602.0,theologian,europe
27464,Q94930450,Simon Jodocus Krüger,re_german_world,German world,1652.0,theologian,europe
17810,Q2059497,Paulus Fabricius,re_german_world,German world,1529.0,geographer | astronomer | mathematician,europe
21349,Q122661,Johann Kessler,re_german_world,German world,1502.0,theologian,europe
17131,Q55673725,Reiner Copper,re_german_world,German world,1643.0,theologian,europe
15603,Q94914519,Johann Friedrich Enßlin,re_german_world,German world,1673.0,theologian,europe
8639,Q15428702,Andreas Planer,re_german_world,German world,1546.0,philosopher,europe
9619,Q1535130,Martin Cnobloch,re_german_world,German world,1684.0,theologian,europe
19844,Q98836,Heinrich Göseken,re_german_world,German world,1612.0,theologian,europe
7745,Q1696324,Johann Stoltz,re_german_world,German world,1514.0,theologian,europe
12134,Q1929740,Michael Watson,re_german_world,German world,1623.0,philosopher | historian | political scientist,europe
13833,Q94935757,Ludwig Heinrich Schlosser,re_german_world,German world,1690.0,theologian,europe
9223,Q3592108,Étienne Chauvin,re_german_world,German world,1640.0,philosopher,europe
5321,Q94872676,Jakob Ulrich,re_german_world,German world,1538.0,theologian,europe
24216,Q51485783,Georg Christian von Knorr,re_german_world,German world,1691.0,theologian,europe
18396,Q1685586,Jean Ignace Roderique,re_german_world,German world,1696.0,historian,europe
14996,Q495966,Andreas Bauer,re_german_world,German world,1590.0,theologian,europe
11637,Q94766241,Ulrich Hofmann,re_german_world,German world,1610.0,mathematician,europe
9041,Q1082007,Christian Stephan Scheffel,re_german_world,German world,1693.0,botanist,europe
14566,Q20172435,Philipp Horst,re_german_world,German world,1584.0,philosopher,europe
17806,Q21165668,Christopher Adolphus Baldwin,re_german_world,German world,1632.0,chemist,europe
8593,Q95628875,Simon Heuchelin,re_german_world,German world,1577.0,theologian,europe
25344,Q69253,Konrad Wimpina,re_german_world,German world,1460.0,theologian,europe
16105,Q1047984,Caspar Müller,re_german_world,German world,1504.0,historian,europe
27019,Q58123350,Elisäus Malacrida,re_german_world,German world,1658.0,theologian,europe
18791,Q95007604,Kilian Kazenberger,re_german_world,German world,1671.0,theologian,europe
20677,Q7179222,Petrus Ryff,re_german_world,German world,1552.0,astronomer | historian | mathematician,europe
11590,Q55849784,Hans Jakob Fäsi,re_german_world,German world,1664.0,astronomer | mathematician,europe
27942,Q55126116,Johann Christoph Salbach,re_german_world,German world,1637.0,theologian,europe
27211,Q453591,Menso Alting,re_german_world,German world,1541.0,theologian,europe
23236,Q50181871,Hieronymus Prunner,re_german_world,German world,1550.0,theologian,europe
13988,Q69049,Peter Lambeck,re_german_world,German world,1628.0,historian,europe
27705,Q1259240,Johannes Knebel,re_german_world,German world,1413.0,historian,europe
18150,Q1539834,Gottlieb Pelargus,re_german_world,German world,1605.0,theologian,europe
29717,Q26222356,Thomas Ruscher,re_german_world,German world,1450.0,theologian,europe
21651,Q1597158,Heinrich Ernst Owen,re_german_world,German world,1685.0,theologian,europe
21862,Q70968,Adam Reusner,re_german_world,German world,1500.0,theologian,europe
7870,Q1597652,Heinrich Hoppenstedt,re_german_world,German world,1600.0,theologian,europe
8353,Q1694419,Johann Heinrich Hävecker,re_german_world,German world,1640.0,theologian | historian,europe
12162,Q107720,Andreas Poach,re_german_world,German world,1516.0,theologian,europe
8827,Q1692371,Johann Andreas Schmidt,re_german_world,German world,1652.0,theologian,europe
16442,Q66853,Manegold of Lautenbach,re_german_world,German world,1030.0,theologian | philosopher,europe
9238,Q55685602,Conrad Herdegen,re_german_world,German world,1670.0,theologian,europe
28339,Q94909738,Melchior Belkow,re_german_world,German world,1598.0,philosopher,europe
29355,Q55847423,Stephan Brechtel,re_german_world,German world,1523.0,mathematician,europe
22019,Q94867323,Johann Georg Kehrer,re_german_world,German world,1611.0,theologian,europe
29635,Q1241724,Valentin König,re_german_world,German world,1700.0,historian,europe
21711,Q1909750,Matthias Brassanus,re_german_world,German world,1600.0,theologian,europe
14425,Q109332,Franz Woken,re_german_world,German world,1685.0,theologian | historian,europe
28116,Q1226269,Georg Ludwig Oeder,re_german_world,German world,1694.0,theologian,europe
9331,Q809338,Bartholomäus Anhorn der Ältere,re_german_world,German world,1566.0,historian,europe
9096,Q15457679,Severin Binius,re_german_world,German world,1573.0,historian,europe
17997,Q19965538,Johann Jakob Syrbius,re_german_world,German world,1674.0,philosopher,europe
13046,Q111042,Ludwig Rabus,re_german_world,German world,1523.0,theologian,europe
15047,Q94935381,Martin Schneider,re_german_world,German world,1636.0,theologian,europe
8163,Q94916625,Christian Otto Weinschenck,re_german_world,German world,1687.0,theologian,europe
20222,Q94876595,David Vechner,re_german_world,German world,1668.0,theologian,europe
25978,Q15485386,Heinrich von Dissen,re_german_world,German world,1415.0,theologian,europe
16313,Q1903870,Martin Gotthelf Löscher,re_german_world,German world,1680.0,physicist,europe
14479,Q1697157,Johannes Amandus,re_german_world,German world,1470.0,theologian,europe
22008,Q106142,Johannes Angelus,re_german_world,German world,1542.0,theologian,europe
20841,Q1391474,Judah ben Samuel of Regensburg,re_german_world,German world,1140.0,philosopher,europe
19529,Q1695694,Johann Nicolaus Horst,re_german_world,German world,1601.0,theologian,europe
10668,Q20747317,David Lobeck,re_german_world,German world,1560.0,theologian,europe
12928,Q120402,David Elias Heidenreich,re_german_world,German world,1638.0,linguist,europe
12740,Q1426409,Johann Kröner,re_german_world,German world,1460.0,theologian,europe
29389,Q94856435,Joachim Rhaw,re_german_world,German world,1602.0,theologian,europe
8463,Q1874795,Ludwig Molitor,re_german_world,German world,1620.0,theologian,europe
21369,Q59348306,Heinrich Lavater,re_german_world,German world,1560.0,physicist | mathematician,europe
5172,Q15867314,Michael Müller,re_german_world,German world,1639.0,theologian,europe
28483,Q61137,Abraham a Sancta Clara,re_german_world,German world,1644.0,theologian,europe
10679,Q805661,Balthasar Zimmermann,re_german_world,German world,1570.0,geographer,europe
15423,Q1679090,Jakob Heinrich von Balthasar,re_german_world,German world,1690.0,theologian,europe
12025,Q18587227,Joannes Raphael Cobenzl,re_german_world,German world,1571.0,theologian | philosopher,europe
9711,Q67082,Melchior Adam,re_german_world,German world,1575.0,historian,europe
21035,Q19937834,Wolfgang Valvasor,re_german_world,German world,1695.0,theologian | philosopher,europe
18205,Q19367451,Michael Wendler,re_german_world,German world,1610.0,theologian,europe
23278,Q55122297,Leonhard Grebner,re_german_world,German world,1694.0,philosopher,europe
22431,Q14623201,Konrad von Zabern,re_german_world,German world,1500.0,musicologist,europe
19113,Q86991916,Johann Lavater,re_german_world,German world,1624.0,philosopher,europe
22322,Q1232540,Saturnin Zaff,re_german_world,German world,1636.0,theologian,europe
18247,Q1696425,Johann Ulrich Pregitzer,re_german_world,German world,1673.0,historian,europe
23171,Q55134142,Thomas Wegelin,re_german_world,German world,1577.0,theologian,europe
27077,Q71302,Johannes Stöffler,re_german_world,German world,1452.0,geographer | astronomer | mathematician,europe
18230,Q359148,Joachim Burmeister,re_german_world,German world,1564.0,musicologist,europe
27385,Q1692460,Johann August Olearius,re_german_world,German world,1688.0,theologian,europe
21819,Q55193035,Christoph Binder,re_german_world,German world,1520.0,theologian,europe
17816,Q21508118,Dominique Chabrey,re_german_world,German world,1610.0,botanist,europe
20838,Q982050,Gershom ben Judah,re_german_world,German world,960.0,philosopher,europe
15311,Q60844070,Joseph Falck,re_german_world,German world,1680.0,theologian | mathematician,europe
22444,Q27429939,Christoph Neander,re_german_world,German world,1566.0,philosopher,europe
13897,Q1991458,Nikolaus Glasberger,re_german_world,German world,1500.0,historian,europe
13996,Q1695867,Johann Philipp Juncker,re_german_world,German world,1660.0,theologian,europe
12794,Q105388,Johannes Engel,re_german_world,German world,1463.0,astronomer,europe
28384,Q2343762,Stephan Reich,re_german_world,German world,1512.0,theologian,europe
14603,Q26254944,Wolfgang Bachmeyer,re_german_world,German world,1597.0,mathematician,europe
16791,Q1991551,Nicolaus Kempf,re_german_world,German world,1415.0,theologian,europe
26642,Q43598332,Peter Roth,re_german_world,German world,1505.0,mathematician,europe
27701,Q55676671,Friedrich Gottlieb Kettner,re_german_world,German world,1672.0,theologian,europe
6920,Q1645410,Johann Jakob Hottinger,re_german_world,German world,1652.0,theologian,europe
17238,Q54555843,Michael Friedrich Lochner von Hummelstein,re_german_world,German world,1662.0,zoologist,europe
13129,Q55122373,Gottlieb Cober,re_german_world,German world,1682.0,theologian,europe
17295,Q15454488,Samuel Starck,re_german_world,German world,1649.0,theologian,europe
11360,Q1874287,Ludwig Christof Schefer,re_german_world,German world,1669.0,theologian,europe
17209,Q40653172,Leonhard Schwartzenbach,re_german_world,German world,1500.0,historian,europe
17491,Q1692305,Johann Agricola,re_german_world,German world,1530.0,theologian,europe
23355,Q21209116,Kaspar Uttenhofer,re_german_world,German world,1588.0,astronomer | mathematician,europe
19731,Q4755589,Andreas Perlach,re_german_world,German world,1490.0,astronomer | mathematician,europe
13828,Q1901484,Marcus Friedrich Wendelin,re_german_world,German world,1584.0,theologian,europe
13278,Q2087101,Philipp Peter Guden,re_german_world,German world,1642.0,theologian,europe
29754,Q103484,Israel Gottlieb Canz,re_german_world,German world,1690.0,theologian,europe
7275,Q1696044,Johann Rudolph Zwinger,re_german_world,German world,1692.0,anatomist,europe
13785,Q1085760,Christoph Scheibler,re_german_world,German world,1589.0,theologian | philosopher,europe
20602,Q42155666,Christoph Adam Rupertus,re_german_world,German world,1612.0,historian,europe
9211,Q1503697,Georg Besserer,re_german_world,German world,1544.0,theologian,europe
15888,Q98687,Christian von Nettelbladt,re_german_world,German world,1696.0,historian,europe
26889,Q56579336,Blaise Marcuard,re_german_world,German world,1535.0,theologian,europe
9415,Q187910,Veit Arnpeck,re_german_world,German world,1440.0,historian,europe
27495,Q16208137,Conrad Porta,re_german_world,German world,1541.0,theologian,europe
24603,Q15811728,Georg Heinrich Keller,re_german_world,German world,1624.0,theologian,europe
25070,Q61359,Johann Arndt,re_german_world,German world,1556.0,theologian,europe
22280,Q55684964,Johann Eberhard Greineisen,re_german_world,German world,1631.0,theologian,europe
12692,Q1694831,Johann Jacob Schübler,re_german_world,German world,1689.0,mathematician,europe
20234,Q18223075,Johann Gottfried Misler,re_german_world,German world,1679.0,theologian,europe
25768,Q110313,Paul Ernst Jablonski,re_german_world,German world,1693.0,theologian | archeologist,europe
27500,Q1085039,Christoph Gruner,re_german_world,German world,1551.0,theologian,europe
24329,Q1570761,Wolbrand Vogt,re_german_world,German world,1698.0,theologian,europe
18777,Q113745,Franz von Retz,re_german_world,German world,1343.0,theologian,europe
19812,Q1695296,Johann Lindemann,re_german_world,German world,1488.0,theologian,europe
13717,Q64159,Johann Faber,re_german_world,German world,1478.0,theologian,europe
10147,Q2062816,Paul Trenckmann,re_german_world,German world,1676.0,geographer,europe
27326,Q1910552,Matthäus Stang,re_german_world,German world,1560.0,geographer,europe
5853,Q673977,Notker Labeo,re_german_world,German world,950.0,theologian,europe
10155,Q1260285,Johann Heinrich Ringier,re_german_world,German world,1668.0,theologian,europe
7107,Q1578527,Hans August Nienborg,re_german_world,German world,1660.0,geographer,europe
21572,Q1991517,Nikolaus II. Sachau,re_german_world,German world,1385.0,theologian,europe
9684,Q2218292,Samuel Gerhard Melle,re_german_world,German world,1690.0,theologian,europe
18431,Q95557,Johann Pistorius the Elder,re_german_world,German world,1504.0,theologian,europe
19497,Q15638555,Nicolaus Braun,re_german_world,German world,1558.0,physicist,europe
27916,Q15857106,Christian Hagmaier,re_german_world,German world,1680.0,theologian,europe
17074,Q58317058,Wolfgang Jobst,re_german_world,German world,1521.0,historian | physicist,europe
25598,Q1458313,Friedrich Balduin,re_german_world,German world,1575.0,theologian,europe
16708,Q96244489,Hieronymus Brillinger,re_german_world,German world,1469.0,theologian,europe
9021,Q5741104,Hermann of Altach,re_german_world,German world,1250.0,historian,europe
7678,Q58325042,Franz Haffner,re_german_world,German world,1609.0,historian,europe
16951,Q1271577,Jakob Bergemann,re_german_world,German world,1527.0,philosopher | mathematician,europe
18152,Q15454152,Zacharias Grape,re_german_world,German world,1637.0,theologian,europe
25260,Q15438191,Daniel Tossanus,re_german_world,German world,1590.0,theologian,europe
16769,Q1698569,Johannes Wanckel,re_german_world,German world,1554.0,historian,europe
19769,Q1698312,Johann Scharf,re_german_world,German world,1595.0,theologian,europe
8302,Q810167,Basilius Sattler,re_german_world,German world,1549.0,theologian,europe
27734,Q1084709,Christoph Crinesius,re_german_world,German world,1584.0,linguist,europe
7219,Q87080,Bernhard Rothmann,re_german_world,German world,1495.0,theologian,europe
20908,Q1080441,Christian Jacob Koitzsch,re_german_world,German world,1671.0,theologian,europe
23456,Q1693762,Jan Jelecký,re_german_world,German world,1500.0,theologian,europe
10132,Q1694454,Johann Heinrich Meister,re_german_world,German world,1700.0,theologian,europe
13501,Q95329296,Johann Christoph Wagner,re_german_world,German world,1640.0,theologian,europe
19111,Q115863,Diebold Schilling the Elder,re_german_world,German world,1445.0,historian,europe
16437,Q15429730,Elias Veiel,re_german_world,German world,1635.0,theologian,europe
6941,Q94934227,Johann Jacob Lavater,re_german_world,German world,1608.0,theologian,europe
24978,Q120244,Jacob Carl Spener,re_german_world,German world,1684.0,historian,europe
20023,Q1698739,Johannes von Dinkelsbühl,re_german_world,German world,1370.0,physicist,europe
9360,Q2060997,Paul Lindenau,re_german_world,German world,1489.0,theologian,europe
12686,Q1986894,Nicolaus Zaff der Jüngere,re_german_world,German world,1665.0,theologian,europe
13031,Q1694930,Johann Jacob Schmauss,re_german_world,German world,1690.0,historian,europe
19903,Q591991,Anton Musa,re_german_world,German world,1485.0,theologian,europe
19085,Q96577,Johann Balthasar Schupp,re_german_world,German world,1610.0,theologian,europe
25977,Q55908698,Heinrich Erni,re_german_world,German world,1565.0,theologian,europe
27152,Q104477791,Samuel Fuchs,re_german_world,German world,1588.0,philosopher,europe
20998,Q1524086,Gilbert Winram,re_german_world,German world,1500.0,theologian,europe
5401,Q315357,Marsilius of Padua,re_german_world,German world,1275.0,philosopher,europe
23057,Q73983,Johann Schröder,re_german_world,German world,1600.0,pharmacologist | chemist,europe
11242,Q115402,Rudolph Goclenius the Younger,re_german_world,German world,1572.0,astronomer | physicist | mathematician,europe
11376,Q94942667,Johann Künne,re_german_world,German world,1564.0,theologian,europe
10529,Q2638958,Albert Vogt,re_german_world,German world,1634.0,theologian,europe
18511,Q1693669,Johann Friedrich Stoy,re_german_world,German world,1700.0,theologian,europe
24359,Q106899,Johann Conrad Arnoldi,re_german_world,German world,1658.0,theologian,europe
24773,Q66459421,Jean Rivius,re_german_world,German world,1599.0,theologian,europe
27634,Q70690,Johann Friedrich Weidler,re_german_world,German world,1691.0,astronomer | mathematician,europe
18110,Q1617588,Hieronymus Nopp,re_german_world,German world,1450.0,theologian,europe
6867,Q99274,Erhard Etzlaub,re_german_world,German world,1462.0,geographer | astronomer,europe
26881,Q15891080,Benedikt Hopffer,re_german_world,German world,1643.0,theologian,europe
20635,Q106129,Bernhard Oelreich,re_german_world,German world,1626.0,theologian,europe
21230,Q125329,Matthias Garbitius,re_german_world,German world,1505.0,theologian,europe
25505,Q94870777,Johann Hagendorn,re_german_world,German world,1563.0,theologian,europe
27470,Q55679972,Georg Michahelles,re_german_world,German world,1651.0,theologian,europe
8925,Q55679992,Peter Zeller,re_german_world,German world,1655.0,theologian,europe
24230,Q55678297,Johannes Duising,re_german_world,German world,1683.0,philosopher,europe
11063,Q1617517,Hieronymus Ambrosius Langenmantel,re_german_world,German world,1641.0,mathematician,europe
17851,Q1927163,Michael Christoph Brandenburg,re_german_world,German world,1694.0,theologian,europe
19927,Q688678,Johann Stumpf,re_german_world,German world,1500.0,theologian | historian,europe
12159,Q19631486,Johannes Rosa,re_german_world,German world,1532.0,historian,europe
12121,Q1692939,Johann Christian Kirchmayer,re_german_world,German world,1674.0,theologian,europe
22124,Q1160893,Daniel Gottfried Werner,re_german_world,German world,1695.0,theologian,europe
15569,Q95635574,Johann Christian Rende,re_german_world,German world,1676.0,theologian,europe
20433,Q1236643,Petrus Cimdars,re_german_world,German world,1524.0,theologian,europe
10404,Q17417832,Johann Ludwig Andreae,re_german_world,German world,1667.0,theologian,europe
18206,Q1175012,David Klug,re_german_world,German world,1618.0,theologian,europe
28431,Q94934367,Georg Hausch,re_german_world,German world,1616.0,theologian,europe
24833,Q76510,Christian Wolff,re_german_world,German world,1679.0,philosopher | mathematician,europe
25089,Q1082346,Christian Wilhelm von Krohnemann,re_german_world,German world,1639.0,chemist,europe
13378,Q2430532,Théodore Godefroy,re_german_world,German world,1580.0,historian,europe
11600,Q55844304,Caspar Gotthold Jentsch,re_german_world,German world,1681.0,theologian,europe
25178,Q1693357,Johann Ernst Gründler,re_german_world,German world,1677.0,theologian,europe
25317,Q5481922,Francis Mezger,re_german_world,German world,1632.0,philosopher,europe
14805,Q1469379,Johann Fortmann,re_german_world,German world,1576.0,theologian,europe
14610,Q98208,Samuel Christian Hollmann,re_german_world,German world,1696.0,philosopher | physicist,europe
4996,Q1697425,Johann Dreier,re_german_world,German world,1500.0,theologian,europe
15680,Q73149648,Gottfried Lange,re_german_world,German world,1672.0,theologian | philosopher,europe
8274,Q1599086,Heinrich Turck,re_german_world,German world,1607.0,historian,europe
12302,Q825051,Johann Wilhelm Wagner,re_german_world,German world,1681.0,astronomer,europe
14026,Q55126317,Johann Jakob Redinger,re_german_world,German world,1619.0,theologian,europe
24008,Q109666,Melchior Rink,re_german_world,German world,1494.0,theologian,europe
21626,Q120594,Christoph Wilhelm Megander,re_german_world,German world,1626.0,theologian,europe
17541,Q1442324,Franciscus Omichius,re_german_world,German world,1530.0,theologian,europe
20755,Q1692728,Johann Botsack,re_german_world,German world,1600.0,theologian,europe
19815,Q1148596,Erhard Lauterbach,re_german_world,German world,1570.0,theologian,europe
17934,Q1735053,Caspar Heiderich,re_german_world,German world,1510.0,theologian,europe
8751,Q94887370,Philipp Wagner,re_german_world,German world,1526.0,theologian,europe
27896,Q46995357,Frans van Dusseldorp,re_german_world,German world,1567.0,theologian,europe
9516,Q94811553,Johann Severin Weisse,re_german_world,German world,1640.0,theologian,europe
19966,Q122432,Simon Sulzer,re_german_world,German world,1508.0,theologian,europe
27799,Q142309,Michael Sattler,re_german_world,German world,1490.0,theologian,europe
15469,Q1266629,Johann Magdeburg,re_german_world,German world,1535.0,theologian,europe
27241,Q805631,Balthasar Menz,re_german_world,German world,1537.0,historian,europe
28416,Q1697473,Johannes Fabri,re_german_world,German world,1500.0,theologian,europe
11654,Q55679980,Johann Esaias Schnee,re_german_world,German world,1640.0,theologian,europe
24639,Q94778698,Andreas Arzet,re_german_world,German world,1604.0,geographer | historian | mathematician,europe
19094,Q588406,Anton Braun,re_german_world,German world,1686.0,mathematician,europe
7334,Q121884,Dietrich von Bülow,re_german_world,German world,1460.0,theologian,europe
25897,Q1692175,Peter Koster,re_german_world,German world,1640.0,historian,europe
27632,Q1145613,Hermann Becker,re_german_world,German world,1632.0,mathematician,europe
23020,Q103185,Balthasar Bidembach,re_german_world,German world,1533.0,theologian,europe
13410,Q1505428,Georg Mylius,re_german_world,German world,1548.0,theologian,europe
17426,Q68282,Christian Mentzel,re_german_world,German world,1622.0,botanist,europe
16389,Q15430818,Reinhold Franckenberger,re_german_world,German world,1585.0,historian,europe
22806,Q94934346,Otto Flesche,re_german_world,German world,1691.0,theologian,europe
23572,Q20180650,Elias Reusner,re_german_world,German world,1555.0,historian,europe
7222,Q96413465,Johann Conrad Gottfried Wildermeth [Wildermett],re_german_world,German world,1677.0,theologian,europe
11519,Q15638612,Jacob Müller,re_german_world,German world,1594.0,mathematician,europe
18054,Q1276763,Antonius Jacobus Henckel,re_german_world,German world,1668.0,theologian,europe
9872,Q1577075,Owen Günther,re_german_world,German world,1532.0,philosopher | physicist,europe
24362,Q75977,Christoph Hegendorff,re_german_world,German world,1500.0,theologian,europe
15978,Q21543943,Johann Petrus Ericus,re_german_world,German world,1641.0,geographer,europe
19954,Q1991578,Nikolaus Lilienfeld,re_german_world,German world,1400.0,astronomer,europe
25374,Q931436,János Zsámboky,re_german_world,German world,1531.0,linguist | philosopher | historian,europe
5656,Q15455060,Franz Wolf,re_german_world,German world,1644.0,theologian,europe
14288,Q914447,Hermann Bonnus,re_german_world,German world,1504.0,theologian,europe
23606,Q2508266,Valentin Curtius,re_german_world,German world,1493.0,theologian,europe
13016,Q75214,Johann Eberlin von Günzburg,re_german_world,German world,1465.0,theologian,europe
12421,Q90297,Jakob Christmann,re_german_world,German world,1554.0,astronomer,europe
19727,Q18334370,Enoch Svantenius,re_german_world,German world,1618.0,theologian,europe
12891,Q94918938,Georg Herrmann Rübenkönig,re_german_world,German world,1666.0,theologian,europe
12806,Q85946658,Abel Seyler,re_german_world,German world,1684.0,theologian,europe
5406,Q1712900,Nicolaus Voigtel,re_german_world,German world,1658.0,mathematician,europe
18142,Q72369,Johann Faulhaber,re_german_world,German world,1580.0,mathematician,europe
23277,Q1693836,Johann Georg Geret,re_german_world,German world,1694.0,theologian,europe
13874,Q126738,Pierre Toussain,re_german_world,German world,1499.0,theologian,europe
18690,Q70147,Felix Fabri,re_german_world,German world,1441.0,theologian | historian,europe
9401,Q95721,David Pareus,re_german_world,German world,1549.0,theologian,europe
11702,Q94916923,Johann Müller,re_german_world,German world,1586.0,philosopher,europe
5761,Q2475597,Ulrich Bolt,re_german_world,German world,1500.0,theologian,europe
13759,Q55122824,Johann Ludwig Fabricius,re_german_world,German world,1632.0,theologian,europe
28889,Q1538399,Nicolaus Medler,re_german_world,German world,1502.0,theologian,europe
16854,Q109090,Heinrich Brucæus,re_german_world,German world,1530.0,astronomer | philosopher | mathematician,europe
10886,Q62471146,Conrad Spangenberg,re_german_world,German world,1525.0,theologian,europe
20792,Q539915,Daniel Speer,re_german_world,German world,1636.0,musicologist,europe
13727,Q1412440,Heinrich Martin Thümmig,re_german_world,German world,1693.0,theologian,europe
6983,Q91434092,Christian Gottfried Franckenstein,re_german_world,German world,1661.0,historian,europe
28074,Q55122650,Heinrich Duysing,re_german_world,German world,1628.0,theologian,europe
7526,Q1903559,Martin Christian Goeldel,re_german_world,German world,1665.0,theologian,europe
5917,Q60589,Andreas Karlstadt,re_german_world,German world,1486.0,theologian,europe
13454,Q1694118,Johann Gottfried Krause,re_german_world,German world,1685.0,theologian,europe
14389,Q96155,Johann Sigismund Elsholtz,re_german_world,German world,1623.0,botanist,europe
27704,Q98233,Daniel Clasen,re_german_world,German world,1622.0,philosopher,europe
28873,Q1734282,Paul Tarnow,re_german_world,German world,1562.0,theologian,europe
7756,Q66424797,Franz Agricola,re_german_world,German world,1545.0,theologian,europe
8281,Q94911799,Heinrich Lamparter,re_german_world,German world,1592.0,theologian,europe
12848,Q695775,Arnold Mengering,re_german_world,German world,1596.0,theologian,europe
22673,Q11879022,Ephraim Gerhard,re_german_world,German world,1682.0,historian,europe
27228,Q94933250,Johann Hund,re_german_world,German world,1597.0,theologian,europe
12853,Q817716,Benjamin Ursinus,re_german_world,German world,1646.0,theologian,europe
23593,Q3180483,Stanislaus Mink von Wennsshein,re_german_world,German world,1620.0,linguist | historian,europe
24795,Q94936763,Johann Michael Weber,re_german_world,German world,1638.0,theologian,europe
22958,Q96339,Franz Albert Aepinus,re_german_world,German world,1673.0,theologian | philosopher,europe
28872,Q1343513,Enoch Widmann,re_german_world,German world,1551.0,historian,europe
13007,Q100457,Michael Ranft,re_german_world,German world,1700.0,historian,europe
17988,Q1357769,Ernst Christian Schroedter,re_german_world,German world,1675.0,mathematician,europe
19558,Q58636838,Johannes Müller,re_german_world,German world,1629.0,theologian,europe
6743,Q160374,Norbert of Xanten,re_german_world,German world,1080.0,philosopher,europe
8248,Q60204,David Fabricius,re_german_world,German world,1564.0,theologian | geographer | astronomer,europe
17523,Q56285368,Paulus Ulmann,re_german_world,German world,1613.0,theologian,europe
12946,Q64236,Berthold Schwarz,re_german_world,German world,1318.0,chemist,europe
9531,Q87636,Simon Grynaeus,re_german_world,German world,1493.0,theologian,europe
25271,Q1313487,Matthias von Kemnat,re_german_world,German world,1429.0,historian,europe
21312,Q33247346,Gottlieb Spitzel,re_german_world,German world,1639.0,theologian,europe
16836,Q1239390,Johann Ludwig Alefeld,re_german_world,German world,1695.0,physicist,europe
27463,Q94808930,Johann Abraham Rüdel,re_german_world,German world,1700.0,theologian,europe
22991,Q89351,Chrysostomus Hanthaler,re_german_world,German world,1690.0,historian,europe
21964,Q1617628,Hierotheus Confluentinus,re_german_world,German world,1682.0,historian,europe
11937,Q5955279,Erpold Lindenbrog,re_german_world,German world,1540.0,historian,europe
5678,Q1419526,Ludwig Baer,re_german_world,German world,1479.0,theologian,europe
11781,Q1572814,Johannes Saubert,re_german_world,German world,1592.0,theologian,europe
23510,Q1084906,Christoph Friedrich Lämmel,re_german_world,German world,1659.0,theologian,europe
6809,Q60841159,Karl Caffa,re_german_world,German world,1623.0,theologian,europe
19310,Q55674274,Justus Christoph Böhmer,re_german_world,German world,1670.0,theologian,europe
13438,Q66627,George Cassander,re_german_world,German world,1513.0,theologian,europe
23994,Q94852025,Christoph Heinrich Rittmeier,re_german_world,German world,1671.0,philosopher,europe
11396,Q2078919,Peter Weidenhammer,re_german_world,German world,1500.0,chemist,europe
15941,Q1695160,Johann Klopriß,re_german_world,German world,1500.0,theologian,europe
27631,Q102898,Michael Alberti,re_german_world,German world,1682.0,physicist,europe
19400,Q689903,Marius Aventicensis,re_german_world,German world,532.0,historian,europe
19103,Q18399996,Adrian Beier,re_german_world,German world,1600.0,historian,europe
9024,Q95700,Johannes Lippius,re_german_world,German world,1585.0,theologian | musicologist | philosopher,europe
16408,Q106591478,Simon Böckh,re_german_world,German world,1664.0,theologian,europe
25088,Q27561046,Johann Friedrich Matenesius,re_german_world,German world,1580.0,historian,europe
5945,Q1697689,Johann Hiltalinger,re_german_world,German world,1315.0,theologian,europe
29223,Q1506156,Georg Stähelin,re_german_world,German world,1450.0,theologian,europe
15885,Q20653374,Thomas Giese,re_german_world,German world,1488.0,theologian,europe
20034,Q41567416,Johann Heinrich Burckhard,re_german_world,German world,1676.0,botanist,europe
6956,Q1695318,Johann Lucas Pestorf,re_german_world,German world,1638.0,theologian,europe
20935,Q55126780,Peter Streithagen,re_german_world,German world,1592.0,theologian,europe
25792,Q53503442,Friedrich Lachmund,re_german_world,German world,1635.0,zoologist,europe
26098,Q91036,Hermann Wilken,re_german_world,German world,1522.0,mathematician,europe
29820,Q1927120,Michael Caelius,re_german_world,German world,1492.0,theologian,europe
24211,Q1080785,Christian Lehmann,re_german_world,German world,1642.0,theologian,europe
13400,Q95298482,Elias Zeidler,re_german_world,German world,1624.0,theologian,europe
18666,Q1694533,Johann Heinrich Zopf,re_german_world,German world,1691.0,theologian | historian,europe
8690,Q1694319,Johann Hartmann Misler,re_german_world,German world,1642.0,theologian,europe
21040,Q94527019,Philipp Eberhard Zech,re_german_world,German world,1696.0,theologian,europe
26044,Q111655175,Johann Justus Kisker,re_german_world,German world,1660.0,theologian,europe
26572,Q574388,Jacopo Strada,re_german_world,German world,1507.0,archeologist,europe
16221,Q2262989,Sebastian Niemann,re_german_world,German world,1625.0,theologian,europe
13371,Q55874821,Wilhelm Bechmann,re_german_world,German world,1665.0,theologian,europe
5783,Q686557,Johann Theile,re_german_world,German world,1646.0,musicologist,europe
28683,Q30089724,Matthias Burgklehner,re_german_world,German world,1573.0,historian,europe
24606,Q1079619,Christian Friedrich Knorr,re_german_world,German world,1646.0,theologian,europe
17214,Q1902419,Marquard Herrgott,re_german_world,German world,1694.0,historian,europe
10566,Q1904139,Martin Janus,re_german_world,German world,1620.0,theologian,europe
15614,Q15456688,Petrus Saxonius,re_german_world,German world,1591.0,astronomer | mathematician,europe
18039,Q15822147,Justus Christoph Dithmar,re_german_world,German world,1678.0,historian,europe
6713,Q43482928,Gregorius Richter,re_german_world,German world,1560.0,theologian,europe
9079,Q17747715,Paul Jenisch,re_german_world,German world,1558.0,theologian,europe
16326,Q1344154,Michael Hummelberger,re_german_world,German world,1487.0,theologian,europe
11813,Q94936456,Wolfgang Stolberg,re_german_world,German world,1549.0,theologian,europe
19117,Q1431322,Pierre Joseph du Plat,re_german_world,German world,1691.0,geographer,europe
6828,Q1545075,Gregor Francke,re_german_world,German world,1585.0,theologian,europe
13514,Q74949,Michael Bernhard Valentini,re_german_world,German world,1657.0,anatomist,europe
23142,Q809357,Bartholomäus Heynemann,re_german_world,German world,1600.0,philosopher,europe
6927,Q15407934,Johann Christian Lehmann,re_german_world,German world,1675.0,physicist,europe
24456,Q1910548,Matthäus Röseler,re_german_world,German world,1522.0,astronomer | mathematician,europe
27333,Q2333971,Statius Fabricius,re_german_world,German world,1591.0,theologian,europe
14365,Q94876387,Johann Ernst Bornitz,re_german_world,German world,1622.0,theologian | philosopher,europe
14595,Q23565042,Andreas Ornithoparchus,re_german_world,German world,1490.0,musicologist,europe
22321,Q76035,Johann Gottlob Carpzov,re_german_world,German world,1679.0,theologian,europe
20075,Q15456171,David Erythropel,re_german_world,German world,1604.0,theologian,europe
12727,Q41616317,Fabianus Hippius,re_german_world,German world,1564.0,philosopher,europe
5282,Q1698241,Johannes Rhenanus,re_german_world,German world,1528.0,theologian,europe
28055,Q68363541,Johann Wilhelm Beusch,re_german_world,German world,1689.0,philosopher,europe
10882,Q80955828,Johann Zanger der Ältere,re_german_world,German world,1517.0,musicologist,europe
26813,Q316835,Arnold of Lübeck,re_german_world,German world,1150.0,historian,europe
26408,Q1895764,Maria Clara Eimmart,re_german_world,German world,1676.0,astronomer,europe
16548,Q252918,Aegidius Faber,re_german_world,German world,1490.0,theologian,europe
20398,Q94907865,Sebald Ludwig,re_german_world,German world,1548.0,theologian,europe
17631,Q21544857,Lambert Alard,re_german_world,German world,1602.0,musicologist,europe
6481,Q75164,Daniel Sennert,re_german_world,German world,1572.0,chemist,europe
8328,Q1384560,Friedrich Wilhelm von Stosch,re_german_world,German world,1648.0,theologian,europe
17543,Q116098,Joachim Vadian,re_german_world,German world,1484.0,theologian | historian,europe
21926,Q55127426,Christoph Woltereck,re_german_world,German world,1686.0,historian,europe
7490,Q1307287,Pierre Busée,re_german_world,German world,1540.0,theologian,europe
14933,Q112024,John of Winterthur,re_german_world,German world,1300.0,historian,europe
19033,Q2589841,Wolfgang Harder,re_german_world,German world,1522.0,theologian,europe
24166,Q1648145,Johann Tobias Major,re_german_world,German world,1615.0,theologian,europe
11626,Q18945563,Johann Lantz,re_german_world,German world,1564.0,mathematician,europe
10505,Q1693043,Johann Christoph Krüsike,re_german_world,German world,1682.0,theologian,europe
19517,Q94924463,Christian Pistorius,re_german_world,German world,1510.0,theologian,europe
7449,Q959748,Frans Hogenberg,re_german_world,German world,1535.0,geographer,europe
17984,Q88181733,Johann Stier,re_german_world,German world,1599.0,theologian,europe
22206,Q1368501,Esrom Ruedinger,re_german_world,German world,1523.0,historian | physicist,europe
28854,Q87964,Ernst Salomon Cyprian,re_german_world,German world,1673.0,theologian,europe
11237,Q1085668,Christoph Pyl,re_german_world,German world,1678.0,historian,europe
13489,Q473493,Conrad of Gelnhausen,re_german_world,German world,1325.0,theologian,europe
20500,Q3180658,Johann Zwinger,re_german_world,German world,1634.0,theologian,europe
21903,Q97456144,Johann Georg Gross,re_german_world,German world,1581.0,theologian,europe
9933,Q1695707,Johann Nicolaus Quistorp,re_german_world,German world,1651.0,theologian,europe
5569,Q102018,Nicolaus Rohlfs,re_german_world,German world,1695.0,astronomer | mathematician,europe
15030,Q15453361,Johann Georg Keifflin,re_german_world,German world,1672.0,theologian,europe
20360,Q55134225,Johannes Pincier,re_german_world,German world,1556.0,anatomist,europe
10759,Q94889806,Johann Conrad Zeller,re_german_world,German world,1603.0,theologian,europe
16517,Q122114,Stefan Gabriel,re_german_world,German world,1570.0,theologian,europe
11025,Q1598562,Lorenz Rhodomann,re_german_world,German world,1546.0,theologian | historian,europe
18489,Q19601601,Kaspar Sturm,re_german_world,German world,1550.0,theologian,europe
15244,Q1894207,Marcus Jordanus,re_german_world,German world,1531.0,mathematician,europe
8462,Q67506,Joachim Westphal,re_german_world,German world,1510.0,theologian,europe
13113,Q1910439,Matthias of Neuenburg,re_german_world,German world,1327.0,historian,europe
17687,Q311528,Adam of Fulda,re_german_world,German world,1445.0,musicologist,europe
19965,Q29261688,Johannes Horrion,re_german_world,German world,1575.0,theologian | philosopher,europe
9154,Q55904183,Jean-Baptiste Plantin,re_german_world,German world,1624.0,historian,europe
13164,Q55676090,Caspar Cörber,re_german_world,German world,1658.0,historian,europe
6160,Q28926256,Georg Rieder III,re_german_world,German world,1540.0,geographer,europe
22223,Q104854,Georg Balthasar Metzger,re_german_world,German world,1623.0,botanist,europe
17251,Q1312882,Paul von Eitzen,re_german_world,German world,1521.0,theologian,europe
29750,Q1792951,Stanislaus Wülberz,re_german_world,German world,1695.0,historian,europe
16765,Q94871784,Michael Freud,re_german_world,German world,1620.0,theologian,europe
11180,Q1539137,Gottfried Cundisius,re_german_world,German world,1599.0,theologian,europe
14319,Q1161858,Daniel Mönchmeier,re_german_world,German world,1582.0,theologian,europe
19911,Q37944350,Georg Krüger,re_german_world,German world,1642.0,astronomer,europe
27436,Q95298381,Michael Schiller,re_german_world,German world,1614.0,mathematician,europe
23585,Q805592,Balthasar Cellarius,re_german_world,German world,1614.0,theologian,europe
14994,Q120198,Gerold Edlibach,re_german_world,German world,1454.0,historian,europe
10736,Q17493597,Otto Gibel,re_german_world,German world,1612.0,musicologist,europe
24568,Q1567855,Johann Gottlob Vollsack,re_german_world,German world,1699.0,theologian,europe
13210,Q119317,Christian Gottfried Hoffmann,re_german_world,German world,1692.0,historian,europe
21891,Q3903448,Pierre Gilles,re_german_world,German world,1571.0,historian,europe
22007,Q7983549,Wernher Steiner,re_german_world,German world,1492.0,historian,europe
8946,Q15793704,Caspar Bucher,re_german_world,German world,1554.0,philosopher,europe
21128,Q107213,Hans von Rantzau,re_german_world,German world,1693.0,economist,europe
16247,Q118267,Lucas Osiander the Younger,re_german_world,German world,1571.0,theologian,europe
29274,Q2287411,Simon Bornmeister,re_german_world,German world,1632.0,theologian,europe
5929,Q15811727,Georg Heinrich Häberlin,re_german_world,German world,1644.0,theologian,europe
28634,Q1117297,Conrad Horneius,re_german_world,German world,1590.0,theologian,europe
28370,Q124113,Polykarp Leyser the Elder,re_german_world,German world,1552.0,theologian,europe
14032,Q98207,Johannes Grau,re_german_world,German world,1483.0,theologian,europe
20682,Q2839770,Alphonse Des Vignoles,re_german_world,German world,1649.0,theologian | philosopher | historian | mathematician,europe
9788,Q6791542,Matthias Döring,re_german_world,German world,1390.0,theologian | historian,europe
18997,Q1697252,Johannes Velcurio,re_german_world,German world,1490.0,physicist,europe
23255,Q1903908,Martin Grulich,re_german_world,German world,1694.0,theologian,europe
27530,Q55133131,Moritz Karl Christian Woog,re_german_world,German world,1684.0,theologian,europe
5014,Q499690,Andreas Möller,re_german_world,German world,1598.0,historian,europe
25525,Q15990449,Jakob Ramminger,re_german_world,German world,1535.0,geographer,europe
5970,Q28833104,"Georg, I Rieder",re_german_world,German world,1510.0,geographer,europe
16464,Q498778,Andreas Kinderling,re_german_world,German world,1593.0,physicist,europe
10703,Q95871,Berchtold von Kremsmünster,re_german_world,German world,1270.0,historian,europe
17010,Q60197347,Volbenk Andrej Schweiger,re_german_world,German world,1648.0,theologian,europe
22450,Q444858,Martin Schoock,re_german_world,German world,1614.0,historian,europe
10974,Q328679,Johann Maria Farina,re_german_world,German world,1685.0,chemist,europe
7292,Q103194,Johann Osiander,re_german_world,German world,1564.0,theologian,europe
12947,Q1732544,Carl Otto Rechenberg,re_german_world,German world,1689.0,historian,europe
23329,Q94874389,Christian Gotthelf Birnbaum,re_german_world,German world,1651.0,theologian,europe
7902,Q1163148,Daniel Wilhelm Moller,re_german_world,German world,1642.0,historian,europe
29304,Q817652,Benjamin Potzerne,re_german_world,German world,1665.0,theologian | philosopher,europe
9964,Q186820,Martin Becanus,re_german_world,German world,1563.0,theologian,europe
16371,Q1697476,Johannes Fabricius Montanus,re_german_world,German world,1527.0,theologian,europe
11147,Q94912899,Thomas Clausen,re_german_world,German world,1677.0,theologian,europe
15943,Q496612,Andreas Charitius,re_german_world,German world,1690.0,theologian,europe
