,wikidata_id,individual_name,region_code,region_name,birthyear,meta_occupation,meta_region
29630,Q1028885,Christian Friedrich Franckenstein,re_german_world,German world,1621.0,historian,europe
22169,Q1403350,Felix Bidembach,re_german_world,German world,1564.0,theologian,europe
7000,Q459721,Ambrosius Pape,re_german_world,German world,1553.0,theologian,europe
13832,Q110461,Johann Christoph von Dreyhaupt,re_german_world,German world,1699.0,historian,europe
8537,Q55134368,Johann Caspar Santoroc,re_german_world,German world,1682.0,philosopher,europe
21292,Q20180473,Georg Limnäus,re_german_world,German world,1554.0,astronomer | mathematician,europe
16441,Q55194122,Lukas Gernler,re_german_world,German world,1625.0,theologian,europe
23464,Q112980,Andreas Angelus,re_german_world,German world,1561.0,historian,europe
29370,Q1316917,Johannes Freder,re_german_world,German world,1510.0,theologian,europe
16988,Q20980023,Ordo Stenmel,re_german_world,German world,1470.0,theologian,europe
6965,Q94830075,Johann Heinrich Hagelgans,re_german_world,German world,1606.0,historian,europe
6829,Q1698456,Johannes Stricker,re_german_world,German world,1540.0,theologian,europe
9544,Q2424380,Thomas Grynaeus,re_german_world,German world,1512.0,theologian,europe
6991,Q15429467,Henricus Stero,re_german_world,German world,1300.0,historian,europe
23001,Q115851,Theodore Bibliander,re_german_world,German world,1500.0,theologian | linguist,europe
16506,Q104134,Johann Daniel Herrnschmidt,re_german_world,German world,1675.0,theologian,europe
25400,Q2284944,Sigmund Christian Gmelin,re_german_world,German world,1679.0,theologian,europe
20539,Q104054,Georg Johannes Conradi,re_german_world,German world,1679.0,theologian,europe
9924,Q77288,Ehrenfried Walther von Tschirnhaus,re_german_world,German world,1651.0,philosopher | physicist | mathematician,europe
15320,Q100505,Johann Christian Nehring,re_german_world,German world,1671.0,theologian,europe
12642,Q55676964,Johann Ulrich Frommann,re_german_world,German world,1669.0,theologian,europe
17857,Q51076470,Jodocus Eichmann,re_german_world,German world,1420.0,theologian,europe
13138,Q55123895,Tobias Eisler,re_german_world,German world,1683.0,theologian,europe
18128,Q2078748,Peter Ulner,re_german_world,German world,1523.0,theologian,europe
28935,Q919119,Sebastian Castellio,re_german_world,German world,1515.0,theologian,europe
11017,Q1533913,Werner Teschenmacher,re_german_world,German world,1590.0,theologian,europe
22068,Q85894,Henry of Kalkar,re_german_world,German world,1328.0,theologian,europe
5429,Q15855383,Zacharias Schäffer,re_german_world,German world,1572.0,historian,europe
26976,Q64780753,Tilman Limperger,re_german_world,German world,1455.0,theologian,europe
29055,Q1693978,Johann Georg Ullmann,re_german_world,German world,1695.0,geographer,europe
25291,Q1444652,Johannes Crocius,re_german_world,German world,1590.0,theologian,europe
11416,Q110214547,August Hermann Lucanus,re_german_world,German world,1691.0,historian,europe
4945,Q111682,Martin Eisengrein,re_german_world,German world,1535.0,theologian,europe
10792,Q123660,Johann Bauhin,re_german_world,German world,1541.0,botanist,europe
16309,Q55675572,Matthäus Heinrich Eggerdes,re_german_world,German world,1678.0,theologian,europe
10334,Q23562190,Eberhard Friedrich Hiemer,re_german_world,German world,1682.0,theologian,europe
26096,Q94852579,Georg Caesius,re_german_world,German world,1543.0,astronomer,europe
8398,Q1697531,Johann Förster,re_german_world,German world,1576.0,theologian,europe
24609,Q57654591,Bartholomaeus Coppen,re_german_world,German world,1565.0,theologian,europe
7699,Q16269751,Niklaus von Flüe,re_german_world,German world,1598.0,theologian,europe
18651,Q1692655,Johann Bellin,re_german_world,German world,1618.0,linguist,europe
13581,Q94869971,Johann Caspar Müller,re_german_world,German world,1670.0,theologian,europe
14105,Q1161585,Daniel Lipstorp,re_german_world,German world,1631.0,astronomer,europe
23365,Q18224179,Georg Ludwig Stäbenhaber,re_german_world,German world,1640.0,geographer,europe
6275,Q55133258,Marcus Maria Struggl,re_german_world,German world,1700.0,theologian,europe
17663,Q95678,Johann Christoph Wichmannshausen,re_german_world,German world,1663.0,linguist | philosopher,europe
8020,Q1566638,Johannes Gelenius,re_german_world,German world,1585.0,historian,europe
4890,Q895373,Bovo II.,re_german_world,German world,900.0,theologian,europe
7522,Q62754,Jakob Andreae,re_german_world,German world,1528.0,theologian,europe
19710,Q1511922,Gerhard Kleinsorgen,re_german_world,German world,1530.0,historian,europe
22880,Q809310,Bartholome Bischoffsberger,re_german_world,German world,1623.0,historian,europe
17681,Q1693392,Johann Esich,re_german_world,German world,1557.0,theologian,europe
21260,Q55125193,Martin Lydius,re_german_world,German world,1539.0,theologian,europe
20020,Q94865815,Gebhard von Marenholtz,re_german_world,German world,1591.0,theologian,europe
17275,Q122079,Johannes Comander,re_german_world,German world,1484.0,theologian,europe
16250,Q711132,Gerard van Swieten,re_german_world,German world,1700.0,anatomist,europe
25418,Q805581,Balthasar Andreas Spitzner,re_german_world,German world,1679.0,theologian,europe
20989,Q2418400,Theodor Undereyck,re_german_world,German world,1635.0,theologian,europe
18608,Q361718,Adolph Friedrich von Preen,re_german_world,German world,1623.0,theologian,europe
13975,Q454346,Amandus Pächler,re_german_world,German world,1624.0,historian,europe
8589,Q20171745,Augustin Heinrich Fasch,re_german_world,German world,1639.0,botanist | anatomist,europe
28047,Q1503832,Georg Buchholzer,re_german_world,German world,1503.0,theologian,europe
6438,Q55844788,Philipp Manecke,re_german_world,German world,1638.0,theologian,europe
13875,Q1227013,Dionysius Melander,re_german_world,German world,1486.0,theologian,europe
12143,Q123612,Gaspard Bauhin,re_german_world,German world,1560.0,botanist,europe
26293,Q1695522,Johann Michaelis,re_german_world,German world,1638.0,theologian,europe
4899,Q2219008,Samuel Voss,re_german_world,German world,1621.0,theologian,europe
17609,Q330591,Abraham Scultetus,re_german_world,German world,1566.0,theologian,europe
9137,Q1442875,Johann Caspar Haferung,re_german_world,German world,1669.0,theologian,europe
7026,Q66459466,Christian Zeidler,re_german_world,German world,1643.0,theologian,europe
26831,Q1080780,Christian Lehmann,re_german_world,German world,1611.0,historian,europe
13522,Q18616404,Arnold Christian Beuthner,re_german_world,German world,1689.0,theologian,europe
7761,Q17325464,Nicolaus Sauerwaldt,re_german_world,German world,1638.0,theologian,europe
18724,Q1259164,Rudolf Collinus,re_german_world,German world,1499.0,theologian,europe
5598,Q94837747,Ulrich Schmidt,re_german_world,German world,1601.0,theologian,europe
18747,Q3176749,Jean Bagnyon,re_german_world,German world,1412.0,historian,europe
5857,Q2189891,Sweder Schele,re_german_world,German world,1569.0,historian,europe
5710,Q1514827,Ludwig Agricola,re_german_world,German world,1508.0,theologian,europe
23169,Q2528931,Vitus Georg Tönnemann,re_german_world,German world,1659.0,theologian,europe
24308,Q1663970,Johann Daniel Bütemeister,re_german_world,German world,1661.0,theologian,europe
28769,Q94868571,Philipp Gottfried Harder,re_german_world,German world,1681.0,theologian,europe
12737,Q94940653,Johann Christian Seyler,re_german_world,German world,1651.0,mathematician,europe
21149,Q1660872,Johann Winckler,re_german_world,German world,1642.0,theologian,europe
28016,Q10294296,Heinrich Pantaleon,re_german_world,German world,1522.0,historian,europe
24553,Q1884528,Magnus Crusius,re_german_world,German world,1697.0,theologian,europe
16109,Q1081865,Christian Schütz,re_german_world,German world,1526.0,theologian,europe
5666,Q109076,Andreas Osiander,re_german_world,German world,1562.0,theologian,europe
18866,Q72304,Erhard Schnepf,re_german_world,German world,1495.0,theologian,europe
17789,Q1919161,Melchior Miritz,re_german_world,German world,1500.0,theologian,europe
17766,Q26978757,Johann Buslidius,re_german_world,German world,1554.0,philosopher,europe
27054,Q1903824,Martin Geier,re_german_world,German world,1614.0,theologian,europe
18116,Q55673567,Friedrich Rehlinger,re_german_world,German world,1652.0,philosopher,europe
23305,Q1687570,Jeremias Spiegel,re_german_world,German world,1589.0,theologian,europe
28112,Q94909966,Michael Wiedemann,re_german_world,German world,1659.0,theologian,europe
26867,Q1340919,Georg Elieser Edzardi,re_german_world,German world,1661.0,theologian,europe
29388,Q65368,George Spalatin,re_german_world,German world,1484.0,theologian | historian,europe
17779,Q55684453,Johann Heinrich Welcker,re_german_world,German world,1650.0,theologian,europe
21511,Q119739,Johann Georg Liebknecht,re_german_world,German world,1679.0,theologian | astronomer | mathematician,europe
22973,Q109219,Johann Friedrich Schannat,re_german_world,German world,1683.0,historian,europe
9436,Q2059347,Paul Dummerich,re_german_world,German world,1527.0,mathematician,europe
22728,Q1692221,Johann Adam Bernhard,re_german_world,German world,1688.0,historian,europe
5497,Q110569003,Sebastian Schmid,re_german_world,German world,1533.0,geographer,europe
12221,Q118639,Valentin Schindler,re_german_world,German world,1543.0,linguist,europe
22306,Q97837,Samuel Benedikt Carpzov,re_german_world,German world,1647.0,theologian,europe
8832,Q104888,Adam Krafft,re_german_world,German world,1493.0,theologian,europe
19144,Q1287339,Edo Hildericus,re_german_world,German world,1533.0,theologian | astronomer | historian | mathematician,europe
28054,Q809298,Barthold von Krakewitz,re_german_world,German world,1582.0,theologian,europe
27084,Q1928957,Michael Rackelmann,re_german_world,German world,1505.0,theologian,europe
10877,Q15728096,Kilian Leib,re_german_world,German world,1471.0,historian,europe
20512,Q1789901,Thomas Gassner,re_german_world,German world,1500.0,theologian,europe
19926,Q55679941,Georg Heerburger,re_german_world,German world,1651.0,theologian,europe
15247,Q94924540,Georg Liebler,re_german_world,German world,1560.0,theologian,europe
25445,Q1697375,Johannes Colberg,re_german_world,German world,1623.0,theologian,europe
16261,Q1510759,Gerd Rinesberch,re_german_world,German world,1315.0,historian,europe
6340,Q61311,Johann Friedrich Böttger,re_german_world,German world,1682.0,chemist,europe
10112,Q1224097,Dietrich Westhof,re_german_world,German world,1509.0,historian,europe
28823,Q42600657,Michael Sachs,re_german_world,German world,1542.0,theologian,europe
14375,Q1504661,Georg Heinrich Sappuhn,re_german_world,German world,1659.0,theologian,europe
20061,Q110357,Kaspar Bienemann,re_german_world,German world,1540.0,theologian,europe
10233,Q94869792,Ulrich Nicolaus Schramm,re_german_world,German world,1562.0,theologian,europe
25192,Q100371297,Johannes Kornmann,re_german_world,German world,1587.0,historian,europe
23739,Q125009,Nicholas Magni,re_german_world,German world,1355.0,theologian,europe
19412,Q106730635,Johann Georg Schleder,re_german_world,German world,1643.0,historian,europe
15203,Q1664515,Nikolaus Elgard,re_german_world,German world,1547.0,theologian,europe
27538,Q14941888,Jean Garnier,re_german_world,German world,1600.0,theologian,europe
27012,Q123954,Johann Glaser,re_german_world,German world,1629.0,botanist,europe
14899,Q94930044,François Gaultier de Saint-Blancard,re_german_world,German world,1639.0,theologian,europe
24891,Q94927898,Stutte Wikbold,re_german_world,German world,1340.0,theologian,europe
27439,Q71135,Georg Major,re_german_world,German world,1502.0,theologian,europe
13628,Q72975,Philipp Nicodemus Frischlin,re_german_world,German world,1547.0,astronomer | linguist | mathematician,europe
18146,Q55684753,Wilhelm van der Meulen,re_german_world,German world,1636.0,theologian,europe
6741,Q92268,Ernst Soner,re_german_world,German world,1572.0,philosopher,europe
16828,Q94874563,Friedrich Müller,re_german_world,German world,1630.0,astronomer | mathematician,europe
5299,Q94934473,Johann Rudolf Blauner,re_german_world,German world,1670.0,theologian,europe
9715,Q62770,Johannes Schöner,re_german_world,German world,1477.0,geographer | astronomer | mathematician,europe
16383,Q2438035,Tobias Volkmer,re_german_world,German world,1586.0,mathematician,europe
12118,Q45367560,Johannes Bronkhorst,re_german_world,German world,1494.0,mathematician,europe
7595,Q55681522,Johann Ludwig Cramer,re_german_world,German world,1675.0,theologian,europe
8750,Q17418280,Johann Tarnow,re_german_world,German world,1586.0,theologian,europe
29062,Q66987,Johannes Andreas Quenstedt,re_german_world,German world,1617.0,theologian,europe
21451,Q1417722,Joachim Bering,re_german_world,German world,1574.0,theologian,europe
21481,Q94890717,Bartholomäus Hubner,re_german_world,German world,1544.0,mathematician,europe
8316,Q61140,Johannes Aventinus,re_german_world,German world,1477.0,historian,europe
21590,Q18221193,Hartwig Bambamius,re_german_world,German world,1685.0,theologian,europe
23113,Q1695278,Johann Leon,re_german_world,German world,1531.0,theologian,europe
21545,Q27947503,Daniel Levin Andreas von der Schulenburg,re_german_world,German world,1690.0,theologian,europe
29672,Q95257486,Jacob Honold,re_german_world,German world,1633.0,mathematician,europe
27667,Q1625673,Johannes Vögelin,re_german_world,German world,1500.0,astronomer | mathematician,europe
17908,Q96077,Leunclavius,re_german_world,German world,1533.0,historian,europe
21551,Q1425446,Stanislaus Rücker,re_german_world,German world,1649.0,economist,europe
19161,Q325618,Matthias Quad,re_german_world,German world,1557.0,geographer,europe
16531,Q331216,Stephanus Pighius,re_german_world,German world,1520.0,historian,europe
23491,Q15446200,Johann Poltz,re_german_world,German world,1600.0,theologian,europe
13110,Q52713004,Bernardus Ancumanus,re_german_world,German world,1590.0,theologian,europe
22363,Q116548,Konrad Pellikan,re_german_world,German world,1478.0,theologian,europe
27307,Q87418,Johannes Olearius,re_german_world,German world,1611.0,theologian,europe
22558,Q55373144,Michael Scheffelt,re_german_world,German world,1652.0,mathematician,europe
6270,Q1679388,Jakob Unrest,re_german_world,German world,1430.0,historian,europe
9830,Q2559639,Wenrich von Trier,re_german_world,German world,1100.0,theologian | philosopher,europe
12666,Q506627,Johann David Heinichen,re_german_world,German world,1683.0,musicologist,europe
8448,Q1450407,Franz Joe͏̈l,re_german_world,German world,1508.0,pharmacologist,europe
24202,Q1733088,Carl Stengel,re_german_world,German world,1581.0,historian,europe
11061,Q27130924,Nicolaus Granius,re_german_world,German world,1569.0,mathematician,europe
10959,Q95327806,Joachim Erndlin,re_german_world,German world,1588.0,theologian | philosopher,europe
7455,Q1910555,Matthäus Tabbert,re_german_world,German world,1625.0,theologian,europe
15156,Q190089,Duns Scotus,re_german_world,German world,1266.0,theologian | philosopher,europe
20367,Q1696688,Johann Wolfgang Kipping,re_german_world,German world,1695.0,historian,europe
17870,Q1714784,Johannes Sinapius,re_german_world,German world,1625.0,theologian,europe
27215,Q57566,Georg Ernst Stahl,re_german_world,German world,1659.0,philosopher | chemist,europe
7252,Q19758004,Johann Christfried Sagittarius,re_german_world,German world,1617.0,theologian | historian,europe
26749,Q1554002,Johann Christoph Pfaff,re_german_world,German world,1651.0,theologian,europe
16232,Q94932964,Jakob Carpzov,re_german_world,German world,1699.0,theologian,europe
11895,Q1084620,Christoph Brandis,re_german_world,German world,1600.0,historian,europe
8829,Q74088,Johann von Löwenstern-Kunckel,re_german_world,German world,1638.0,chemist,europe
8414,Q19280008,Friedrich von Helbach,re_german_world,German world,1568.0,theologian,europe
24808,Q1079843,Christian Gilbert de Spaignart,re_german_world,German world,1600.0,theologian,europe
22635,Q2438005,Tobias Tandler,re_german_world,German world,1571.0,mathematician,europe
12083,Q2048008,Pallas Spangel,re_german_world,German world,1445.0,theologian,europe
22572,Q764353,August Varenius,re_german_world,German world,1620.0,theologian,europe
29821,Q55856620,Johann Rudolf Mieg,re_german_world,German world,1694.0,botanist,europe
16820,Q105895,Johann Heinrich Ernesti,re_german_world,German world,1652.0,theologian | philosopher,europe
29149,Q1225354,Ludwig Philipp Thümmig,re_german_world,German world,1697.0,philosopher,europe
10185,Q1708854,Josua Schwartz,re_german_world,German world,1632.0,theologian,europe
22185,Q61162,Andreas Werckmeister,re_german_world,German world,1645.0,musicologist,europe
17989,Q1910006,Matthias Johann Behr,re_german_world,German world,1685.0,historian,europe
20733,Q5539762,George Gobat,re_german_world,German world,1600.0,theologian,europe
18568,Q120972,Sebastian Hofmeister,re_german_world,German world,1476.0,theologian,europe
14963,Q1928430,Michael Lyser,re_german_world,German world,1626.0,anatomist,europe
14054,Q54881227,Ernst Brotuff,re_german_world,German world,1497.0,historian,europe
22970,Q21543354,Andreas Christian Eschenbach,re_german_world,German world,1663.0,theologian,europe
24445,Q1224034,Dietrich Siegfried Claessen,re_german_world,German world,1685.0,theologian,europe
5389,Q1642289,Johann Peter Kohl,re_german_world,German world,1698.0,theologian,europe
27523,Q15446944,Peter Vehr,re_german_world,German world,1585.0,theologian,europe
5004,Q1539686,Gotthilf August Francke,re_german_world,German world,1696.0,theologian,europe
18722,Q41616302,Johann Ernst Hering,re_german_world,German world,1624.0,philosopher,europe
15159,Q76499180,Anton Mayr,re_german_world,German world,1673.0,theologian | philosopher,europe
11442,Q809390,Bartholomew Des Bosses,re_german_world,German world,1668.0,philosopher,europe
16242,Q1929404,Michael Siricius,re_german_world,German world,1628.0,theologian,europe
27477,Q3309358,Michel Cuvelier,re_german_world,German world,1600.0,mathematician,europe
12154,Q1805791,Valentin Wudrian,re_german_world,German world,1584.0,theologian,europe
10860,Q94819808,David Holzhalb,re_german_world,German world,1677.0,theologian,europe
28627,Q55130921,Johann Adolph Hartmann,re_german_world,German world,1680.0,historian,europe
23966,Q18624068,Felix Platter,re_german_world,German world,1605.0,zoologist,europe
25609,Q29556776,Sixtus Braun,re_german_world,German world,1550.0,historian,europe
9855,Q29120175,Christian Sigismund Liebe,re_german_world,German world,1687.0,historian,europe
14396,Q96468693,Maurus Baron,re_german_world,German world,1667.0,theologian,europe
22066,Q94931091,Martin Kahle,re_german_world,German world,1668.0,theologian,europe
26864,Q1283998,Heinrich Höpfner,re_german_world,German world,1582.0,theologian,europe
11012,Q1310687,Johann Heinrich Becker,re_german_world,German world,1698.0,theologian,europe
23218,Q1581092,Titus Schröder,re_german_world,German world,1686.0,theologian,europe
23066,Q1698366,Johann Schradin,re_german_world,German world,1500.0,theologian,europe
11284,Q63072,Johan Abeling,re_german_world,German world,1600.0,theologian | historian,europe
20287,Q1698099,Johannes Nuhn,re_german_world,German world,1442.0,historian,europe
21402,Q96269652,Sébastien Briguet,re_german_world,German world,1685.0,historian,europe
9688,Q2058217,Patroklus Römeling,re_german_world,German world,1481.0,theologian,europe
21308,Q1524392,Johann Caspar Loescher,re_german_world,German world,1677.0,theologian,europe
9512,Q1545057,Gregor Breitkopf,re_german_world,German world,1472.0,theologian,europe
26000,Q94893740,Salomon Winther,re_german_world,German world,1526.0,theologian,europe
23099,Q118982,Georg Gottlob Richter,re_german_world,German world,1694.0,philosopher,europe
29655,Q1658269,Johann Jakob Fugger,re_german_world,German world,1517.0,historian,europe
10841,Q1303886,Eilard von der Hude,re_german_world,German world,1541.0,theologian,europe
11083,Q1910371,Matthias Waibel,re_german_world,German world,1500.0,theologian,europe
24314,Q110918,Georg Zingel,re_german_world,German world,1428.0,theologian,europe
20462,Q1870054,Lorenz Dürnhofer,re_german_world,German world,1532.0,theologian,europe
13137,Q51953149,Johann Conrad Knauth,re_german_world,German world,1662.0,historian,europe
8170,Q94930895,Georg Wolf,re_german_world,German world,1575.0,theologian,europe
23338,Q15439346,Johann Philipp Reiffenberg,re_german_world,German world,1645.0,historian,europe
26302,Q125241,Johann Jakob Harder,re_german_world,German world,1656.0,botanist | anatomist,europe
6777,Q1344544,Mento Gogreve,re_german_world,German world,1541.0,theologian,europe
11531,Q94942665,Wolfgang Gerdangk,re_german_world,German world,1611.0,theologian,europe
18528,Q1447856,Franz Kolb,re_german_world,German world,1465.0,theologian,europe
13039,Q1694126,Johann Gottfried Lessing,re_german_world,German world,1693.0,theologian,europe
8675,Q1808204,Laurentius Stenzler,re_german_world,German world,1698.0,theologian,europe
14257,Q1695184,Johann Conrad Schwartz,re_german_world,German world,1676.0,theologian,europe
11548,Q1697786,Johann Job,re_german_world,German world,1664.0,theologian,europe
22959,Q805635,Balthasar Menz,re_german_world,German world,1500.0,theologian,europe
18966,Q97447,Ottmar Luscinius,re_german_world,German world,1487.0,musicologist,europe
8753,Q20172444,Johann Heinrich Hottinger,re_german_world,German world,1680.0,geologist,europe
13663,Q77354,Johannes Widmann,re_german_world,German world,1461.0,economist | mathematician,europe
11642,Q28150530,Daniel Pfisterer,re_german_world,German world,1651.0,botanist,europe
9442,Q5279395,Dionysius Andreas Freher,re_german_world,German world,1649.0,theologian,europe
7908,Q110999,Bernhard Adelmann von Adelmannsfelden,re_german_world,German world,1459.0,theologian,europe
27068,Q523499,Johann Georg Ahle,re_german_world,German world,1651.0,musicologist,europe
23361,Q58215803,Hieronymus Burckhardt,re_german_world,German world,1680.0,theologian,europe
18425,Q15454733,Ludwig Gerhard,re_german_world,German world,1680.0,theologian,europe
24423,Q15451952,Georg Gutke,re_german_world,German world,1589.0,philosopher,europe
20320,Q55675946,Martin Leissring,re_german_world,German world,1655.0,theologian,europe
16112,Q1428253,Johann Weiß,re_german_world,German world,1498.0,theologian,europe
27599,Q1476163,Sigismund Badehorn,re_german_world,German world,1585.0,theologian,europe
13044,Q878349,Francis Lambert,re_german_world,German world,1486.0,theologian,europe
18008,Q69874,Eusebius Amort,re_german_world,German world,1692.0,theologian,europe
6892,Q1613727,Nikolaus Boie,re_german_world,German world,1501.0,theologian,europe
15052,Q94838724,Friedrich Friese,re_german_world,German world,1668.0,historian,europe
18145,Q55903690,Gottfried Andreae,re_german_world,German world,1618.0,theologian,europe
8811,Q109134,Nikolaus Krage,re_german_world,German world,1500.0,theologian,europe
18814,Q1259432,Conrad Tiburtius Rango,re_german_world,German world,1639.0,theologian,europe
23772,Q1695129,Johann Caspar Wetzel,re_german_world,German world,1691.0,theologian,europe
7747,Q825520,Bernhard Latomus,re_german_world,German world,1560.0,historian,europe
11915,Q55124197,Erhard Dürsteler,re_german_world,German world,1678.0,historian,europe
25347,Q18957664,Gottfried Gesius,re_german_world,German world,1608.0,theologian,europe
8613,Q105443,Johann Christoph Bekmann,re_german_world,German world,1641.0,theologian | historian,europe
24600,Q85636212,Johann Heinrich Grischow,re_german_world,German world,1678.0,theologian,europe
27003,Q1694042,Johann Gerhard Pagendarm,re_german_world,German world,1681.0,theologian,europe
26993,Q160441,Rabanus Maurus,re_german_world,German world,784.0,philosopher | zoologist | theologian,europe
21630,Q94879441,Heinrich Crell,re_german_world,German world,1639.0,philosopher,europe
12780,Q94838937,Johann Friedrich Wucherer,re_german_world,German world,1682.0,physicist,europe
16268,Q471069,Bernold of Constance,re_german_world,German world,1054.0,historian,europe
21663,Q1364039,Matthäus Seutter,re_german_world,German world,1678.0,geographer,europe
27411,Q70919,Veit Dietrich,re_german_world,German world,1506.0,theologian,europe
29364,Q1160093,Daniel Bidembach,re_german_world,German world,1559.0,theologian,europe
22141,Q1696350,Johann Sutel,re_german_world,German world,1504.0,theologian,europe
13275,Q1698182,Johannes Posselius,re_german_world,German world,1565.0,theologian,europe
20238,Q1669758,Ludolph Naaman,re_german_world,German world,1497.0,theologian,europe
20447,Q1399361,Nikolaus von Klemptzen,re_german_world,German world,1504.0,historian,europe
28563,Q1678970,Jakob Dachtler,re_german_world,German world,1525.0,theologian,europe
18546,Q2218907,Samuel Urlsperger,re_german_world,German world,1685.0,theologian,europe
17312,Q1079822,Christian Gerson,re_german_world,German world,1567.0,theologian,europe
15325,Q4926258,Frowin of Engleberg,re_german_world,German world,1150.0,historian,europe
26858,Q55678032,Christian Friedrich Heusling,re_german_world,German world,1696.0,theologian,europe
19021,Q15821781,Josef Demler,re_german_world,German world,1603.0,theologian,europe
19624,Q1695735,Johann Otto Henckel,re_german_world,German world,1636.0,theologian,europe
24791,Q1873033,Lucas Bacmeister,re_german_world,German world,1530.0,theologian,europe
12400,Q1697945,Johannes Lening,re_german_world,German world,1491.0,theologian,europe
20669,Q55677601,Joseph Seybold,re_german_world,German world,1672.0,theologian,europe
28360,Q118892,Johannes Buxtorf II,re_german_world,German world,1599.0,theologian,europe
28450,Q1418275,Gerhard Ungefug,re_german_world,German world,1490.0,theologian,europe
16243,Q1910537,Matthäus Luidke,re_german_world,German world,1517.0,theologian,europe
25235,Q1599321,Melchior Jöstel,re_german_world,German world,1559.0,mathematician,europe
7942,Q94861283,Wolfgang Geuß,re_german_world,German world,1519.0,astronomer,europe
11048,Q12795200,Lovrenc Čadež,re_german_world,German world,1550.0,theologian,europe
25769,Q318742,Girolamo Zanchi,re_german_world,German world,1516.0,theologian,europe
12807,Q55124333,Jakob Gantesweiler,re_german_world,German world,1631.0,theologian,europe
13211,Q55124778,Adam Huth,re_german_world,German world,1684.0,theologian,europe
5104,Q151722,Nicolaus Steno,re_german_world,German world,1638.0,geologist | paleontologist | anatomist,europe
11454,Q21165946,Samuel Scheurer,re_german_world,German world,1685.0,theologian,europe
11511,Q892506,Bonifatius von Roda,re_german_world,German world,1480.0,theologian | mathematician,europe
21425,Q87646,Salomo Glassius,re_german_world,German world,1593.0,theologian,europe
14128,Q90848,Aegidius Hunnius,re_german_world,German world,1550.0,theologian,europe
15157,Q88653,Johann David Köhler,re_german_world,German world,1684.0,historian,europe
5117,Q55193408,Franz Wagner,re_german_world,German world,1675.0,historian,europe
14703,Q63500,Johann Franz Buddeus,re_german_world,German world,1667.0,theologian | philosopher,europe
20626,Q76698,Johann Heinrich Schulze,re_german_world,German world,1687.0,theologian | physicist | chemist,europe
6056,Q1278972,Eberhard Finen,re_german_world,German world,1668.0,theologian,europe
13715,Q1692897,Johann Christian Buck,re_german_world,German world,1672.0,theologian,europe
19571,Q123034,Huldrych Zwingli,re_german_world,German world,1484.0,theologian,europe
27355,Q1693636,Johann Friedrich Olearius,re_german_world,German world,1661.0,theologian,europe
21145,Q94940401,Anton Berger,re_german_world,German world,1587.0,theologian,europe
21218,Q768854,Augustin Balthasar,re_german_world,German world,1632.0,theologian,europe
15701,Q100718,Nathanael Chytraeus,re_german_world,German world,1543.0,theologian | historian,europe
13299,Q15430968,Martin Knorre,re_german_world,German world,1657.0,mathematician,europe
13871,Q649025,Wandelbert,re_german_world,German world,813.0,theologian,europe
17646,Q481456,Heinrich Faber,re_german_world,German world,1490.0,musicologist,europe
8724,Q1532828,Johann Heinrich Majus,re_german_world,German world,1688.0,historian,europe
18240,Q123450,Johannes Oecolampadius,re_german_world,German world,1482.0,theologian,europe
10899,Q94866968,Gustav Adolph Jung,re_german_world,German world,1664.0,theologian,europe
10124,Q1526408,Johann Böschenstein,re_german_world,German world,1472.0,mathematician,europe
5975,Q63170,Sebastian Franck,re_german_world,German world,1499.0,theologian,europe
4844,Q85960795,Anton Estendorffer,re_german_world,German world,1670.0,philosopher,europe
25200,Q588358,Anton Bocatius,re_german_world,German world,1600.0,theologian,europe
10620,Q55122745,Sebastian Beck,re_german_world,German world,1583.0,theologian,europe
21801,Q86358,Martin Cellarius,re_german_world,German world,1499.0,theologian,europe
15363,Q107613,Hieronymus Dungersheim,re_german_world,German world,1465.0,theologian,europe
16628,Q1690336,Joachim Negelein,re_german_world,German world,1675.0,theologian,europe
17526,Q15803788,Conrad Cellarius,re_german_world,German world,1574.0,theologian,europe
11871,Q55122774,Michael Kelsch,re_german_world,German world,1693.0,mathematician,europe
15034,Q28827964,Matthias Cadovius,re_german_world,German world,1621.0,theologian,europe
19878,Q1697664,Johannes Henich,re_german_world,German world,1616.0,theologian,europe
5194,Q121829,Karl Nicolaus Lange,re_german_world,German world,1670.0,paleontologist,europe
28974,Q55874488,Johann Georg Schiebel,re_german_world,German world,1656.0,theologian | philosopher,europe
17504,Q16739582,Benedikt Heinrich Thering,re_german_world,German world,1679.0,theologian,europe
21480,Q1693867,Johann Georg Joch,re_german_world,German world,1676.0,theologian,europe
10428,Q980754,Johann Himmel,re_german_world,German world,1581.0,theologian,europe
27246,Q630413,Jean de Labadie,re_german_world,German world,1610.0,theologian,europe
13924,Q3180558,Johann Georg Schelhorn,re_german_world,German world,1694.0,theologian | historian,europe
25081,Q110553,Heinrich Zell,re_german_world,German world,1501.0,geographer | astronomer,europe
20285,Q94852418,Johann Heinrich Bocris,re_german_world,German world,1687.0,philosopher,europe
15467,Q1530277,Heinrich Knaust,re_german_world,German world,1520.0,theologian,europe
15345,Q110881,Josua Arnd,re_german_world,German world,1626.0,theologian | historian,europe
10088,Q55674069,Simon Illingius,re_german_world,German world,1577.0,theologian,europe
17185,Q63859268,Jakob Beyrlin,re_german_world,German world,1576.0,historian,europe
12098,Q55193369,Alphons Stadlmayr,re_german_world,German world,1610.0,theologian,europe
21712,Q1695260,Johann Latermann,re_german_world,German world,1620.0,theologian,europe
13512,Q90845,Johannes Ferrarius,re_german_world,German world,1485.0,theologian | philosopher,europe
14480,Q1597992,Heinrich Klausing,re_german_world,German world,1675.0,theologian | astronomer | mathematician,europe
10311,Q1085128,Christoph Heinrich Zeibich,re_german_world,German world,1677.0,theologian,europe
19979,Q100685,Gregorius Horstius,re_german_world,German world,1578.0,anatomist,europe
20129,Q77395,Hans Buchner,re_german_world,German world,1483.0,musicologist,europe
18673,Q75837367,Willibald Krieger,re_german_world,German world,1685.0,theologian | philosopher | physicist,europe
24532,Q1903545,Martin Caselius,re_german_world,German world,1608.0,theologian,europe
29382,Q94839174,Georg Ludwig Astmann,re_german_world,German world,1668.0,theologian,europe
19480,Q20820554,Pál Gyöngyösi,re_german_world,German world,1668.0,theologian,europe
11378,Q94774031,Daniel Friedrich,re_german_world,German world,1607.0,theologian,europe
7620,Q60845184,Georg Friedrich Schnaderbach,re_german_world,German world,1669.0,theologian,europe
28234,Q1696582,Johann Wilhelm Krafft,re_german_world,German world,1696.0,theologian,europe
9585,Q123731,Philipp Ludwig Hanneken,re_german_world,German world,1637.0,theologian,europe
7793,Q102738,Andreas Keller,re_german_world,German world,1503.0,theologian,europe
6878,Q1696088,Johann Samuel Strimesius,re_german_world,German world,1684.0,historian,europe
28433,Q52352170,Johann Rothmaler,re_german_world,German world,1601.0,theologian,europe
5877,Q55678644,Michael I. Linda,re_german_world,German world,1674.0,theologian,europe
18244,Q94839099,Georges Polier,re_german_world,German world,1675.0,theologian,europe
22189,Q1986859,Nicolaus Petraeus,re_german_world,German world,1569.0,theologian,europe
12577,Q61177,Helmold,re_german_world,German world,1120.0,historian,europe
18351,Q1233429,Heinrich Meissner,re_german_world,German world,1644.0,mathematician,europe
23689,Q77709,Georg Braun,re_german_world,German world,1542.0,geographer,europe
7193,Q1597912,Heinrich Julius Scheurl,re_german_world,German world,1600.0,philosopher,europe
19763,Q1696375,Johann Theodor Schenck,re_german_world,German world,1619.0,botanist,europe
6695,Q112283,Johann Jacob Heber,re_german_world,German world,1666.0,geographer,europe
24081,Q1615494,Johannes Ludecus,re_german_world,German world,1500.0,theologian,europe
16572,Q107474,Timotheus Kirchner,re_german_world,German world,1533.0,theologian,europe
6723,Q55874403,Johann Jacob Spleiss,re_german_world,German world,1655.0,mathematician,europe
9556,Q1692923,Johann Christian Hebenstreit,re_german_world,German world,1686.0,theologian | philosopher,europe
29646,Q55123800,Johann Konrad Axt,re_german_world,German world,1638.0,chemist,europe
6565,Q94934158,Johann Christoph Möller,re_german_world,German world,1682.0,theologian,europe
28261,Q19946244,Johann Bernhard Wiedeburg,re_german_world,German world,1687.0,astronomer | philosopher | mathematician,europe
8132,Q18223441,Johann Pfeffer,re_german_world,German world,1415.0,theologian,europe
18243,Q20980197,Johann Julius Surland,re_german_world,German world,1687.0,philosopher,europe
25861,Q55673483,Georg Leberecht von Wilke,re_german_world,German world,1666.0,theologian,europe
29403,Q15454572,Peter Sasse,re_german_world,German world,1571.0,philosopher,europe
10344,Q111464,Johannes Bünderlin,re_german_world,German world,1499.0,theologian,europe
17529,Q998390,Erasmus Neustetter,re_german_world,German world,1523.0,theologian,europe
25638,Q16185981,Heinrich Linck,re_german_world,German world,1638.0,zoologist,europe
29424,Q61716,Johann Gottfried Walther,re_german_world,German world,1684.0,musicologist,europe
16800,Q1047897,Caspar Hackrodt,re_german_world,German world,1600.0,theologian,europe
22706,Q1679365,Jakob Stratner,re_german_world,German world,1500.0,theologian,europe
6614,Q68262377,Heinrich Meierotto,re_german_world,German world,1671.0,theologian,europe
8529,Q1763464,Christian Kruik van Adrichem,re_german_world,German world,1533.0,theologian | historian,europe
9856,Q26006171,Johann Ernst Teichmann,re_german_world,German world,1694.0,historian,europe
6996,Q24067400,Adam Heinrich Lackmann,re_german_world,German world,1694.0,historian,europe
12335,Q1503494,Georg Aemilius,re_german_world,German world,1517.0,theologian | botanist,europe
14377,Q21543753,Barthold Feind,re_german_world,German world,1633.0,theologian | astronomer,europe
29107,Q112505940,Wolfgang David Schöpf,re_german_world,German world,1657.0,historian,europe
4958,Q124359,Samuel Werenfels,re_german_world,German world,1657.0,theologian,europe
26715,Q55842752,Jakob Emans,re_german_world,German world,1604.0,theologian,europe
22174,Q2218843,Samuel Schultz,re_german_world,German world,1635.0,theologian,europe
24679,Q21011428,Erasmus Fröhlich,re_german_world,German world,1700.0,historian,europe
7353,Q1047893,Caspar Güthel,re_german_world,German world,1471.0,theologian,europe
6123,Q94784565,Eusebius Menius,re_german_world,German world,1527.0,philosopher | mathematician,europe
12781,Q10284517,Francis Xavier Schmalzgrueber,re_german_world,German world,1663.0,theologian,europe
20092,Q60843354,Johann Meckart,re_german_world,German world,1507.0,theologian,europe
12277,Q1086125,Christoph Wolle,re_german_world,German world,1700.0,theologian,europe
29125,Q55137292,Johannes Jakob Zimmermann,re_german_world,German world,1695.0,theologian,europe
12713,Q94870317,Albrecht Ludwig Jakob Harder,re_german_world,German world,1687.0,theologian,europe
22968,Q500352,Andreas Schato,re_german_world,German world,1539.0,mathematician,europe
9005,Q252930,Aegidius Hunnius,re_german_world,German world,1594.0,theologian,europe
14549,Q5617668,Gulielmus Bucanus,re_german_world,German world,1505.0,theologian,europe
7637,Q94868543,Wolfgang Engelschalck,re_german_world,German world,1500.0,theologian,europe
11193,Q1671132,Johann Georg Puschner,re_german_world,German world,1680.0,astronomer,europe
21226,Q18169772,Jakob Schrenck von Notzing,re_german_world,German world,1539.0,historian,europe
21180,Q94933958,Johann Döling,re_german_world,German world,1593.0,astronomer,europe
9758,Q58545750,Friedrich Weise,re_german_world,German world,1649.0,theologian,europe
10442,Q102478,Johann Friedrich König,re_german_world,German world,1619.0,theologian,europe
14912,Q1697143,Johannes Adam,re_german_world,German world,1600.0,theologian,europe
5832,Q55844390,Joseph Anton Kleinbrodt,re_german_world,German world,1668.0,theologian | philosopher,europe
9078,Q38002909,Johann Baptist Gumpp,re_german_world,German world,1651.0,geographer,europe
7154,Q88191779,Nikolaus Fabri von Carbach,re_german_world,German world,1485.0,historian,europe
7576,Q2508317,Valentin Heins,re_german_world,German world,1637.0,mathematician,europe
23764,Q1677643,Jakob Strauß,re_german_world,German world,1480.0,theologian,europe
16863,Q1694555,Johan Henrich Reitz,re_german_world,German world,1665.0,theologian,europe
27347,Q24734660,Balthasar Käuffelin,re_german_world,German world,1490.0,theologian,europe
9642,Q1423645,Joseph Grünpeck,re_german_world,German world,1473.0,historian,europe
11853,Q1696883,Johann von der Berswordt,re_german_world,German world,1574.0,historian,europe
21104,Q28869628,Martin Nößler,re_german_world,German world,1554.0,theologian,europe
26270,Q77875343,Johann Kaspar Wettstein,re_german_world,German world,1695.0,theologian,europe
15158,Q121435,Michael Vehe,re_german_world,German world,1485.0,theologian,europe
28154,Q50821556,Theophilus Neuberger,re_german_world,German world,1593.0,theologian,europe
25507,Q94876970,Peter Heinrich Bätge,re_german_world,German world,1694.0,theologian,europe
12242,Q99102,Johann Philipp von Wurzelbauer,re_german_world,German world,1651.0,astronomer,europe
12921,Q1697294,Johann Bornschürer,re_german_world,German world,1625.0,theologian,europe
21323,Q1082337,Christian Wilhelm Volland,re_german_world,German world,1682.0,theologian,europe
14845,Q108804,Nicolaus Listenius,re_german_world,German world,1510.0,musicologist,europe
16479,Q1693531,Johann Friedrich Coelestin,re_german_world,German world,1535.0,theologian,europe
28232,Q55676111,Carl Otto Olthoff,re_german_world,German world,1656.0,theologian,europe
7189,Q94886053,Johann Hoffmann,re_german_world,German world,1630.0,historian,europe
6359,Q1693080,Johann Christoph Ungewitter,re_german_world,German world,1681.0,theologian,europe
13611,Q28934285,Friedrich Gramm,re_german_world,German world,1667.0,theologian,europe
25428,Q2508292,Valentin Friderici,re_german_world,German world,1630.0,theologian,europe
28179,Q24646868,Tobias Volckmer,re_german_world,German world,1560.0,mathematician,europe
29692,Q1693805,Johann Georg Dorsche,re_german_world,German world,1597.0,theologian,europe
20155,Q1448549,Franz Philipp Florin,re_german_world,German world,1649.0,theologian,europe
21557,Q78068565,Daniel-David Piaget,re_german_world,German world,1580.0,theologian,europe
20055,Q109064,Michael Helding,re_german_world,German world,1506.0,theologian,europe
5580,Q76444,Johann Beer,re_german_world,German world,1655.0,musicologist,europe
22574,Q1666457,Valentin Jameray Duval,re_german_world,German world,1695.0,historian,europe
6077,Q42658394,Johann Heinrich Schülin,re_german_world,German world,1692.0,historian,europe
5615,Q99740,Johann Sylvan,re_german_world,German world,1600.0,theologian,europe
22159,Q1332201,Nicolaus Maurus,re_german_world,German world,1483.0,theologian,europe
29728,Q1654189,Johann Theodor Eller,re_german_world,German world,1689.0,chemist,europe
23960,Q1712294,Stephan Kempe,re_german_world,German world,1500.0,theologian,europe
24215,Q100778,Friedrich Nitzsch,re_german_world,German world,1641.0,mathematician,europe
20548,Q1696061,Johannes Schütz,re_german_world,German world,1531.0,theologian,europe
21647,Q33107223,David Funck,re_german_world,German world,1642.0,geographer,europe
21427,Q15078894,Matthias Kramer,re_german_world,German world,1640.0,linguist,europe
23918,Q21208919,Giovanni Giacomo Pierantoni,re_german_world,German world,1601.0,mathematician,europe
27947,Q1514310,Jodocus Hermann Nünning,re_german_world,German world,1675.0,archeologist,europe
26067,Q1617529,Hieronymus Besold,re_german_world,German world,1520.0,theologian,europe
11857,Q55679607,Benjamin Holtzapffel,re_german_world,German world,1688.0,theologian,europe
18760,Q220421,Johannes Acronius Frisius,re_german_world,German world,1520.0,astronomer | mathematician,europe
14931,Q2263173,Sebastian Theodoricus,re_german_world,German world,1521.0,mathematician,europe
25934,Q94942813,Philipp Kohl,re_german_world,German world,1697.0,theologian,europe
19568,Q315521,Caspar Othmayr,re_german_world,German world,1515.0,theologian,europe
8159,Q1617523,Hieronymus Bauhin,re_german_world,German world,1637.0,botanist,europe
22358,Q107791,Johann Christoph Volkamer,re_german_world,German world,1644.0,botanist,europe
23085,Q107808,Johann Jacob Baier,re_german_world,German world,1677.0,zoologist,europe
16529,Q23906772,Johann Jakob Lauffer,re_german_world,German world,1688.0,theologian | historian,europe
24924,Q689252,Jans der Enikel,re_german_world,German world,1300.0,historian,europe
25702,Q1929643,Michael Vermehren,re_german_world,German world,1659.0,theologian,europe
21917,Q15867936,Vitus Müller,re_german_world,German world,1561.0,theologian,europe
21745,Q1696067,Johann Samuel Adami,re_german_world,German world,1638.0,theologian,europe
7671,Q108373,Heyno Gottschalk,re_german_world,German world,1500.0,theologian,europe
9980,Q1078935,Christian Behrnauer,re_german_world,German world,1649.0,theologian,europe
21088,Q1452141,Simon Musaeus,re_german_world,German world,1529.0,theologian,europe
5555,Q66631,Konrad of Megenberg,re_german_world,German world,1309.0,zoologist | meteorologist,europe
13545,Q55193055,Andreas Carolus,re_german_world,German world,1632.0,theologian,europe
24450,Q78163,Peter Schenk the Elder,re_german_world,German world,1660.0,geographer,europe
27911,Q94811039,Wolfgang Johann Gröper,re_german_world,German world,1682.0,theologian,europe
22045,Q91657,Christian August Hausen,re_german_world,German world,1693.0,astronomer | physicist | mathematician,europe
18394,Q98048,Ulrich Krafft,re_german_world,German world,1455.0,theologian,europe
22178,Q1694134,Johann Gottfried Olearius,re_german_world,German world,1641.0,theologian,europe
5905,Q94926657,Gottfried Teuber,re_german_world,German world,1656.0,anatomist,europe
5051,Q88119,Georg Andreas Agricola,re_german_world,German world,1672.0,botanist,europe
21748,Q55901502,Zacharias Rottmann,re_german_world,German world,1610.0,theologian,europe
29722,Q1702593,Wolfgang Reissenbusch,re_german_world,German world,1480.0,theologian,europe
9541,Q1503943,Georg Christoph Gebhardi,re_german_world,German world,1667.0,historian | mathematician,europe
13898,Q118711,Johannes Musaeus,re_german_world,German world,1613.0,theologian,europe
17038,Q496393,Andreas Brunner,re_german_world,German world,1589.0,historian,europe
25688,Q94869773,Sebald Parreuter,re_german_world,German world,1532.0,theologian,europe
15381,Q94865603,Bartholomaeus Battus,re_german_world,German world,1515.0,philosopher,europe
9566,Q89126,David Christiani,re_german_world,German world,1610.0,theologian | philosopher | mathematician,europe
16231,Q94921614,Gottfried Ludwig Winckelmann,re_german_world,German world,1656.0,theologian,europe
7943,Q55126675,Justus Söffing,re_german_world,German world,1624.0,theologian,europe
18296,Q2476881,Ulrich Wagner,re_german_world,German world,1500.0,mathematician,europe
22070,Q1679216,Jakob Martini,re_german_world,German world,1570.0,theologian,europe
20009,Q55122312,Johann Michael Lang,re_german_world,German world,1664.0,theologian,europe
8980,Q55676497,Jakobus Kritzraedt,re_german_world,German world,1602.0,theologian,europe
6038,Q1697149,Johannes Adorf,re_german_world,German world,1500.0,theologian,europe
9778,Q1870044,Lorenz Bodock,re_german_world,German world,1607.0,theologian,europe
22650,Q1553838,Wilhelm Alard,re_german_world,German world,1572.0,theologian,europe
27255,Q1670946,Peter Friedrich Arpe,re_german_world,German world,1682.0,historian,europe
21251,Q20797667,Michael Wolf,re_german_world,German world,1584.0,philosopher | physicist | mathematician,europe
15562,Q61740,Adam Ries,re_german_world,German world,1492.0,mathematician,europe
8806,Q22693563,Balthasar Raith,re_german_world,German world,1616.0,theologian,europe
14007,Q60116,Conrad Gessner,re_german_world,German world,1516.0,botanist | zoologist | linguist,europe
16188,Q44957067,Wilhelm Ulrich Waldschmidt,re_german_world,German world,1669.0,botanist | anatomist,europe
25522,Q20747393,Wigand Orth,re_german_world,German world,1537.0,theologian,europe
24249,Q170333,Johann Mattheson,re_german_world,German world,1681.0,musicologist | linguist,europe
13866,Q109587953,Hermann Diederich Rickmeyer,re_german_world,German world,1678.0,theologian,europe
18566,Q101169,Nicolaus Gallus,re_german_world,German world,1516.0,theologian,europe
19100,Q94936988,Johannes Tulla,re_german_world,German world,1652.0,theologian,europe
28894,Q1505563,Georg Karg,re_german_world,German world,1512.0,theologian,europe
20745,Q99659,Johann Joachim Schröder,re_german_world,German world,1680.0,theologian,europe
24849,Q19965528,Johann Adrian Slevogt,re_german_world,German world,1653.0,chemist,europe
7892,Q1668137,Samuel Fischer,re_german_world,German world,1547.0,theologian,europe
18373,Q13103316,Johannes Enen,re_german_world,German world,1483.0,historian,europe
13373,Q145085,Michał Frencel,re_german_world,German world,1628.0,theologian,europe
25683,Q120841,Joseph Biner,re_german_world,German world,1697.0,theologian | historian,europe
13382,Q2437752,Tobias Eckhard,re_german_world,German world,1662.0,theologian,europe
6517,Q1596981,Heinrich Cornelius Hecker,re_german_world,German world,1699.0,theologian,europe
8419,Q817424,Benjamin Bramer,re_german_world,German world,1588.0,mathematician,europe
9846,Q2343177,Stephan Broelmann,re_german_world,German world,1551.0,historian,europe
26914,Q94874564,Philipp Dietrich,re_german_world,German world,1544.0,theologian,europe
18671,Q126312,Johann Adam Osiander,re_german_world,German world,1622.0,theologian,europe
8842,Q74137,Caspar Abel,re_german_world,German world,1676.0,theologian | historian,europe
13379,Q1693340,Johann Erhard Kapp,re_german_world,German world,1696.0,historian,europe
13916,Q57772733,David Wyss,re_german_world,German world,1632.0,theologian,europe
20946,Q1162554,Daniel Schleyermacher,re_german_world,German world,1697.0,theologian,europe
23164,Q94825223,Johann Georg Loew,re_german_world,German world,1565.0,philosopher,europe
28060,Q109958,Reiner Reineccius,re_german_world,German world,1541.0,historian,europe
10994,Q805626,Balthasar Meisner,re_german_world,German world,1587.0,theologian,europe
27474,Q22694473,Tobias Wagner,re_german_world,German world,1598.0,theologian,europe
13234,Q66673,Ekkehard of Aura,re_german_world,German world,1080.0,historian,europe
24569,Q19588598,Andreas Fulda,re_german_world,German world,1534.0,theologian,europe
28870,Q20656625,Jacob Flach,re_german_world,German world,1537.0,botanist | mathematician,europe
19956,Q55843458,Hieronymus Besler,re_german_world,German world,1566.0,botanist,europe
26255,Q96656,Martin Moller,re_german_world,German world,1547.0,theologian | philosopher,europe
25080,Q1346009,Ludolf Quirre,re_german_world,German world,1395.0,theologian,europe
28160,Q27994258,Daniel Hofmann,re_german_world,German world,1505.0,theologian,europe
9617,Q94930443,Nicolaus Kürßner,re_german_world,German world,1661.0,historian,europe
26782,Q103276,Friedrich von Dreger,re_german_world,German world,1699.0,historian,europe
9903,Q55874939,Johann Georg Leutmann,re_german_world,German world,1667.0,mathematician,europe
17690,Q1613148,Hermann Zoestius,re_german_world,German world,1350.0,mathematician,europe
21116,Q94754257,Hans Jakob Ulrich,re_german_world,German world,1602.0,theologian,europe
8397,Q1694463,Johann Heinrich Müller,re_german_world,German world,1671.0,astronomer | physicist,europe
5385,Q1162406,Daniel Rump,re_german_world,German world,1549.0,theologian,europe
13407,Q1503977,Georg Coelestin,re_german_world,German world,1525.0,theologian,europe
25296,Q497517,Andreas Gottfried Ammon,re_german_world,German world,1635.0,theologian,europe
11052,Q94874018,Johannes Müller,re_german_world,German world,1445.0,theologian,europe
27835,Q94759390,Erasmus Grüninger,re_german_world,German world,1566.0,theologian,europe
27731,Q94929790,Christian Wendt,re_german_world,German world,1684.0,theologian,europe
10092,Q825449,Bernhard Kohlreif,re_german_world,German world,1605.0,theologian,europe
7132,Q99244,Heinrich Georg Neuss,re_german_world,German world,1654.0,theologian,europe
18381,Q1928478,Michael Ludwig,re_german_world,German world,1602.0,theologian,europe
18101,Q17496816,Johann Volckmar,re_german_world,German world,1660.0,theologian,europe
11252,Q2607774,Pieter Valckenier,re_german_world,German world,1641.0,historian,europe
10408,Q22570,Christoph Lehmann,re_german_world,German world,1568.0,historian,europe
11020,Q76554,Johannes Agricola,re_german_world,German world,1494.0,theologian | philosopher,europe
6122,Q1677514,Jacob Henning,re_german_world,German world,1633.0,theologian,europe
6025,Q41617778,Johann Lukas Rhiem,re_german_world,German world,1656.0,physicist,europe
14919,Q90416,Georg Scherer,re_german_world,German world,1539.0,theologian,europe
7925,Q805638,Balthasar Raida,re_german_world,German world,1495.0,theologian,europe
13417,Q24008095,Friedrich Christoph Osemund,re_german_world,German world,1655.0,historian,europe
12231,Q66807090,Conrad Gottfried Blanckenberg,re_german_world,German world,1657.0,theologian,europe
29098,Q78057341,Johann Friedrich Benedikt Benoit,re_german_world,German world,1676.0,theologian,europe
13285,Q1873037,Lucas Bacmeister,re_german_world,German world,1672.0,theologian,europe
7125,Q124070,Heinrich Glarean,re_german_world,German world,1488.0,philosopher | musicologist | mathematician | geographer | historian,europe
16711,Q872290,Engelbert of Admont,re_german_world,German world,1250.0,musicologist,europe
26965,Q55677087,Christian Alard,re_german_world,German world,1658.0,theologian,europe
18139,Q94918736,Martin Wagner,re_german_world,German world,1589.0,theologian,europe
17115,Q1697302,Johannes Bremer,re_german_world,German world,1400.0,theologian,europe
7002,Q1394460,Nikolaus Burgmann,re_german_world,German world,1374.0,historian,europe
10479,Q2141275,Reinher von Paderborn,re_german_world,German world,1140.0,mathematician,europe
12816,Q1177212,David Wilmann,re_german_world,German world,1550.0,theologian,europe
23798,Q105344288,Balthasar Dietrich,re_german_world,German world,1527.0,theologian,europe
21112,Q1504951,Georg Kaspar Kirchmaier,re_german_world,German world,1635.0,historian,europe
18841,Q1876955,Lucas Schroeck,re_german_world,German world,1646.0,zoologist,europe
19313,Q1991521,Nikolaus Jagenteufel,re_german_world,German world,1526.0,theologian,europe
23872,Q15821159,Johann Baptist Weiganmeir,re_german_world,German world,1587.0,philosopher,europe
14653,Q12784547,Andrej Cergol,re_german_world,German world,1595.0,philosopher | mathematician,europe
10097,Q76182,Kaspar von Barth,re_german_world,German world,1587.0,linguist,europe
10224,Q1692879,Johann Christian Adami,re_german_world,German world,1689.0,theologian,europe
5215,Q28104286,Heinrich Dringenberg,re_german_world,German world,1630.0,philosopher,europe
17581,Q105748,Theodor Fabricius,re_german_world,German world,1501.0,theologian,europe
26200,Q94907276,Israel Clauder,re_german_world,German world,1627.0,historian,europe
29048,Q94920133,Andreas Hirsch,re_german_world,German world,1632.0,musicologist,europe
16192,Q45123030,Johann Joachim Weidner,re_german_world,German world,1672.0,theologian,europe
19015,Q1504347,Georg Friedrich Schröer,re_german_world,German world,1663.0,theologian,europe
28197,Q2532392,Volkwin Weigel,re_german_world,German world,1516.0,mathematician,europe
11524,Q55675931,Peter Ernst Twebom,re_german_world,German world,1625.0,theologian,europe
23268,Q112184,Ernst Christoph von Manteuffel,re_german_world,German world,1676.0,philosopher,europe
13980,Q863687,Albert Suho,re_german_world,German world,1394.0,theologian,europe
10081,Q1429323,Paul Crusius,re_german_world,German world,1525.0,theologian | astronomer | historian | mathematician,europe
26893,Q94935042,Johann Bayer,re_german_world,German world,1666.0,theologian,europe
6825,Q94929968,Christoph Wagner,re_german_world,German world,1645.0,theologian,europe
26754,Q1084785,Christoph Eberhard,re_german_world,German world,1675.0,geographer,europe
7766,Q2575630,Wilhelm Werner von Zimmern,re_german_world,German world,1485.0,historian,europe
20109,Q95008423,Johann Placentinus,re_german_world,German world,1630.0,astronomer | philosopher | mathematician,europe
18502,Q1478500,Johannes Ralla,re_german_world,German world,1509.0,pharmacologist,europe
9730,Q454663,Eggerik Beninga,re_german_world,German world,1490.0,historian,europe
11316,Q55052316,Johann Georg Vetter,re_german_world,German world,1681.0,geographer,europe
19649,Q33106124,Joannes Westenberg,re_german_world,German world,1595.0,geographer | mathematician,europe
11533,Q88384089,Johann Philipp Heinius,re_german_world,German world,1688.0,philosopher,europe
28099,Q77234,Michael Stifel,re_german_world,German world,1487.0,theologian | mathematician,europe
24914,Q1695275,Johann Leisentritt,re_german_world,German world,1527.0,theologian,europe
7122,Q1712501,Julius Bernhard von Rohr,re_german_world,German world,1688.0,botanist,europe
13887,Q825909,Bernhard Schultze,re_german_world,German world,1622.0,philosopher,europe
16311,Q103800,Georg Conrad Jung,re_german_world,German world,1612.0,geographer,europe
12101,Q1695262,Johann Lauterbach,re_german_world,German world,1531.0,historian,europe
7214,Q1515907,Gervasius Schuler,re_german_world,German world,1495.0,theologian,europe
5900,Q1770230,Albrecht Joachim Krakewitz,re_german_world,German world,1674.0,theologian,europe
24013,Q1125307,Tilmann von Lyn,re_german_world,German world,1480.0,theologian,europe
12216,Q70897,Wilhelm Fabry,re_german_world,German world,1560.0,anatomist,europe
10604,Q1696529,Johann Werlhof,re_german_world,German world,1660.0,political scientist,europe
11394,Q55874090,Cajus Arend,re_german_world,German world,1614.0,theologian,europe
25072,Q27123045,Johannes Vervaux,re_german_world,German world,1586.0,historian,europe
19262,Q2438022,Tobias Tilemann,re_german_world,German world,1584.0,mathematician,europe
9333,Q1462166,Friedrich Scholtz,re_german_world,German world,1602.0,theologian,europe
11620,Q1696289,Johannes Meynertzhagen,re_german_world,German world,1519.0,theologian,europe
24052,Q1354309,Johann Fecht,re_german_world,German world,1636.0,theologian,europe
25941,Q71916,August Frederick of Holstein-Gottorp,re_german_world,German world,1646.0,theologian,europe
24078,Q76141,Johannes Piscator,re_german_world,German world,1546.0,theologian,europe
26932,Q55063310,Valentin Kräutermann,re_german_world,German world,1663.0,zoologist,europe
17240,Q12792993,Jožef Tomšič,re_german_world,German world,1699.0,theologian,europe
28335,Q1690174,Joachim Hildebrand,re_german_world,German world,1623.0,theologian,europe
12825,Q5217267,Daniel Gerdes,re_german_world,German world,1698.0,theologian,europe
18050,Q3180631,Johann Rudolf Zwinger,re_german_world,German world,1660.0,theologian,europe
5021,Q94871288,Thomas Fuchs,re_german_world,German world,1530.0,theologian,europe
28238,Q94936604,Georg Jeremias Hoffmann,re_german_world,German world,1670.0,theologian,europe
21546,Q1690298,Joachim Magdeburg,re_german_world,German world,1525.0,theologian,europe
27759,Q60095,Otto von Guericke,re_german_world,German world,1602.0,physicist,europe
28093,Q1503919,Georg Christian Joannis,re_german_world,German world,1658.0,historian,europe
10796,Q88681144,Jacob Cellarius,re_german_world,German world,1542.0,philosopher,europe
27328,Q65027,Basilius Besler,re_german_world,German world,1561.0,botanist | chemist,europe
11236,Q1079985,Christian Gottlob Gerber,re_german_world,German world,1686.0,theologian | historian,europe
20580,Q21545776,Hieronymus Gemusaeus,re_german_world,German world,1505.0,physicist,europe
25356,Q91086,Johannes Mejer,re_german_world,German world,1606.0,geographer | mathematician,europe
29634,Q55192882,Johannes Avenarius,re_german_world,German world,1670.0,musicologist,europe
7543,Q1693890,Johann Georg Leuckfeld,re_german_world,German world,1668.0,historian,europe
23625,Q1576113,Jakob Gresel,re_german_world,German world,1483.0,theologian,europe
29517,Q124396,Jacobus Sackmann,re_german_world,German world,1643.0,theologian,europe
22954,Q94841156,Johann Christoph Schwartz,re_german_world,German world,1651.0,theologian,europe
19867,Q372699,Adrian Buxschott,re_german_world,German world,1493.0,theologian,europe
22024,Q1266018,Theodor Grussenberg,re_german_world,German world,1651.0,theologian,europe
11206,Q1462810,Friedrich Widebrand,re_german_world,German world,1532.0,theologian,europe
26110,Q3561167,Vitale Zuccolo,re_german_world,German world,1556.0,theologian,europe
20326,Q1695242,Johann Kühn,re_german_world,German world,1619.0,mathematician,europe
29213,Q94827933,Bernhard Schöfferlin,re_german_world,German world,1436.0,historian,europe
13541,Q29056741,Johann Matthäus von Faulhaber,re_german_world,German world,1670.0,historian,europe
17652,Q1085301,Christoph Klesch,re_german_world,German world,1632.0,theologian,europe
11196,Q1084505,Christoph Althofer,re_german_world,German world,1606.0,theologian,europe
20762,Q72192,Gregor Reisch,re_german_world,German world,1467.0,theologian,europe
8669,Q21033210,Philipp Simonis,re_german_world,German world,1532.0,historian,europe
17093,Q595478,Anton Wilhelm Ertl,re_german_world,German world,1654.0,geographer,europe
24724,Q2383250,Jean Taisner,re_german_world,German world,1508.0,mathematician,europe
21129,Q55843372,Johann Nikolaus Ammon,re_german_world,German world,1681.0,theologian,europe
15780,Q1425192,Conrad Barthels,re_german_world,German world,1607.0,theologian,europe
22261,Q1698262,Johannes Rivius,re_german_world,German world,1500.0,theologian,europe
16723,Q62752,Georg Calixtus,re_german_world,German world,1586.0,theologian,europe
14240,Q66486,Johannes Pfefferkorn,re_german_world,German world,1469.0,theologian,europe
23847,Q455874,Regino of Prüm,re_german_world,German world,842.0,musicologist,europe
11688,Q84311432,Beat Holzhalb,re_german_world,German world,1693.0,theologian,europe
17618,Q94868979,Tobias Nißlen,re_german_world,German world,1636.0,theologian | astronomer,europe
24141,Q94933948,Martin Ludemann,re_german_world,German world,1603.0,theologian | philosopher,europe
5735,Q106042171,Leonhard Jacobi,re_german_world,German world,1515.0,theologian,europe
26443,Q117120,Johann Jakob Hofmann,re_german_world,German world,1635.0,theologian | historian,europe
13660,Q2656472,Augustin Schurff,re_german_world,German world,1495.0,physicist,europe
7311,Q896449,Hieronymus Megiser,re_german_world,German world,1553.0,linguist | historian,europe
10457,Q15454587,Martin Brasch,re_german_world,German world,1565.0,philosopher,europe
15700,Q109213,Kaspar Eberhard,re_german_world,German world,1523.0,theologian,europe
11512,Q1782304,Conrad Schlüsselburg,re_german_world,German world,1543.0,theologian,europe
19185,Q55674099,Peter Siegmund Pape,re_german_world,German world,1666.0,theologian,europe
25784,Q1267225,Johann Halcke,re_german_world,German world,1690.0,mathematician,europe
20978,Q1047992,Caspar Nicolaus Overbeck,re_german_world,German world,1670.0,theologian,europe
7342,Q71105,Johann Zahn,re_german_world,German world,1641.0,philosopher | mathematician,europe
20237,Q94929964,Joachim Westphal,re_german_world,German world,1551.0,theologian,europe
7238,Q4148122,Ortwin,re_german_world,German world,1480.0,theologian,europe
21810,Q1292813,Johannes Assuerus Ampzing,re_german_world,German world,1558.0,theologian,europe
25714,Q1696712,Johann Zacharias Hilliger,re_german_world,German world,1693.0,theologian,europe
9646,Q94934769,Johann Heinrich Henning,re_german_world,German world,1614.0,theologian,europe
21832,Q88655,Johann Georg Abicht,re_german_world,German world,1672.0,theologian,europe
4926,Q55125823,Martin Plantsch,re_german_world,German world,1460.0,theologian,europe
25372,Q55122976,Christoph Gewold,re_german_world,German world,1556.0,historian,europe
18735,Q1528475,Ludwig Christian Crell,re_german_world,German world,1671.0,theologian | philosopher,europe
16984,Q12025732,Joachim Mencelius,re_german_world,German world,1586.0,theologian,europe
10187,Q116363,Oswald Myconius,re_german_world,German world,1488.0,theologian,europe
27888,Q1047818,Caspar Borner,re_german_world,German world,1492.0,theologian | astronomer | mathematician,europe
5531,Q55675817,Johann Homborg,re_german_world,German world,1600.0,physicist,europe
5769,Q90116,Carl Gustav Heraeus,re_german_world,German world,1671.0,archeologist,europe
20412,Q1714555,Justus Valentin Stemann,re_german_world,German world,1629.0,theologian,europe
23223,Q1695848,Johann Philipp Bendeler,re_german_world,German world,1654.0,musicologist,europe
29088,Q6215993,Johann Jacob Grasser,re_german_world,German world,1579.0,historian,europe
19654,Q1079135,Christian Kalen,re_german_world,German world,1529.0,historian,europe
17395,Q14906405,Eberhard Berckhusen,re_german_world,German world,1525.0,historian,europe
22889,Q55679985,Justus Rösner,re_german_world,German world,1590.0,theologian,europe
26396,Q1539607,Gotthard Heidegger,re_german_world,German world,1666.0,theologian,europe
17641,Q3939980,Rodolfo Ospiniano,re_german_world,German world,1547.0,theologian,europe
22505,Q560443,John of Leiden,re_german_world,German world,1509.0,theologian,europe
17166,Q1278832,Eberhard Anckelmann,re_german_world,German world,1641.0,theologian,europe
15902,Q94907038,Johann Heinrich Steinfeld,re_german_world,German world,1668.0,theologian,europe
8406,Q15452974,Johann Christian Thomae,re_german_world,German world,1668.0,historian,europe
17114,Q731365,Valerianus Magnus,re_german_world,German world,1586.0,philosopher,europe
19542,Q94934264,Caspar Junius,re_german_world,German world,1574.0,theologian,europe
13230,Q55673571,Friedrich Christian Heider,re_german_world,German world,1677.0,theologian,europe
28987,Q27983464,Heinrich von Kettenbach,re_german_world,German world,1500.0,theologian,europe
11311,Q1711362,Konrad III. von Soltau,re_german_world,German world,1350.0,theologian,europe
12269,Q21545363,Gottschalk Stewech,re_german_world,German world,1551.0,historian,europe
19293,Q1693477,Johann Franz Gronsfeld,re_german_world,German world,1640.0,mathematician,europe
7726,Q1264440,Laurentius Albertus,re_german_world,German world,1540.0,linguist | historian,europe
11124,Q1708454,Josephus Adjutus,re_german_world,German world,1602.0,theologian,europe
22962,Q900717,Gerhard Dorn,re_german_world,German world,1530.0,philosopher | chemist,europe
8136,Q1542683,Theodor Horn,re_german_world,German world,1661.0,philosopher,europe
18261,Q100927,Christfried Kirch,re_german_world,German world,1694.0,astronomer,europe
22797,Q17417833,Johann Philipp Andreae,re_german_world,German world,1700.0,mathematician,europe
16123,Q1512125,Gerhard Meier,re_german_world,German world,1616.0,theologian,europe
29159,Q1367540,Juraj Križanić,re_german_world,German world,1618.0,theologian | linguist,europe
14584,Q122291,Christian Wurstisen,re_german_world,German world,1544.0,theologian | astronomer | historian | mathematician,europe
12822,Q75954,Tilemann Heshusius,re_german_world,German world,1527.0,theologian,europe
20912,Q1528692,Laurentius Bosshart,re_german_world,German world,1490.0,historian,europe
15965,Q2903711,Heinrich Diesbach,re_german_world,German world,1700.0,chemist,europe
27956,Q55678922,Johann Baptist Amos,re_german_world,German world,1688.0,theologian,europe
17921,Q994404,Johann Trygophorus,re_german_world,German world,1580.0,historian,europe
18955,Q99793,Johann Friedrich Henckel,re_german_world,German world,1678.0,geologist | chemist,europe
10396,Q574405,Johannes Stabius,re_german_world,German world,1460.0,geographer | anatomist,europe
18069,Q106890,Martin Schmeizel,re_german_world,German world,1679.0,historian,europe
28809,Q706888,Hermann Samuel Reimarus,re_german_world,German world,1694.0,theologian | philosopher,europe
13045,Q94909748,Heinrich Wiedeburg,re_german_world,German world,1641.0,philosopher,europe
22951,Q110786737,Johann Ludwig Fasel,re_german_world,German world,1688.0,theologian,europe
27001,Q1806392,Valentin Wanner,re_german_world,German world,1495.0,theologian,europe
19195,Q94907406,Johannes Zinck,re_german_world,German world,1504.0,philosopher,europe
26492,Q16319537,Johann Christoph Koecher,re_german_world,German world,1699.0,theologian,europe
11880,Q15984836,Johann Hartmann Beyer,re_german_world,German world,1563.0,mathematician,europe
17310,Q139478,Zacharias Gartz,re_german_world,German world,1544.0,historian,europe
21144,Q308164,Abdias Trew,re_german_world,German world,1597.0,astronomer | mathematician,europe
9010,Q1407941,Samuel Strimesius,re_german_world,German world,1648.0,theologian | physicist,europe
13458,Q55678834,Franz Molindes,re_german_world,German world,1678.0,theologian,europe
28903,Q1667018,Friedrich Menz,re_german_world,German world,1673.0,physicist,europe
29160,Q13522643,Johann Vesembeck,re_german_world,German world,1548.0,theologian,europe
29233,Q98891,Christoph Semler,re_german_world,German world,1669.0,theologian | astronomer,europe
18852,Q94831069,Johann Michael Dahm,re_german_world,German world,1688.0,theologian,europe
25025,Q123417,Thomas Erastus,re_german_world,German world,1524.0,theologian,europe
16573,Q18644595,Matija Klimka,re_german_world,German world,1594.0,theologian,europe
29405,Q1331236,Conrad Matthaeus,re_german_world,German world,1519.0,historian,europe
5776,Q1240171,Eberhard Bidenbach,re_german_world,German world,1528.0,theologian,europe
22619,Q12802659,Sigismund Gleispach,re_german_world,German world,1633.0,theologian,europe
5354,Q125119,August Pfeiffer,re_german_world,German world,1640.0,theologian,europe
18375,Q104884038,Lucas Beselin,re_german_world,German world,1663.0,mathematician,europe
9741,Q18275306,Georg Hauer,re_german_world,German world,1484.0,theologian,europe
13436,Q22570380,Theodorus Peltanus,re_german_world,German world,1511.0,theologian | philosopher,europe
17085,Q593387,Anton Reiser,re_german_world,German world,1628.0,theologian,europe
29189,Q1903506,Martin Brenner,re_german_world,German world,1548.0,theologian,europe
23983,Q1271677,Matthaeus Richter,re_german_world,German world,1528.0,theologian,europe
27339,Q94766402,Johann Dirckinck,re_german_world,German world,1641.0,philosopher,europe
13805,Q1714492,Justus Christian Thorschmid,re_german_world,German world,1688.0,historian,europe
17100,Q60842082,Johann Andreas Piccart,re_german_world,German world,1620.0,historian,europe
13482,Q1695422,Johann Mantel,re_german_world,German world,1495.0,theologian,europe
21708,Q60845209,Johann Paul Felwinger,re_german_world,German world,1606.0,philosopher,europe
28846,Q12792057,Janez Lindelauf,re_german_world,German world,1626.0,philosopher,europe
28471,Q700720,Sigismund von Herberstein,re_german_world,German world,1486.0,historian,europe
22707,Q38049317,Jakob Carpov,re_german_world,German world,1699.0,mathematician,europe
7450,Q1459248,Friedrich Gerschow,re_german_world,German world,1568.0,historian,europe
17473,Q105244,Johann Georg Gmelin,re_german_world,German world,1674.0,chemist,europe
7152,Q1303050,Johann Salmuth,re_german_world,German world,1552.0,theologian,europe
23318,Q21545195,Gerhard Matthisius,re_german_world,German world,1522.0,theologian,europe
23707,Q62688,Zacharias Ursinus,re_german_world,German world,1534.0,theologian,europe
20364,Q707101,Augustin Hirschvogel,re_german_world,German world,1503.0,geographer | mathematician,europe
15442,Q1692640,Johann Baumgart,re_german_world,German world,1514.0,theologian,europe
12266,Q1437025,Jacobus Polius,re_german_world,German world,1588.0,historian,europe
28420,Q125308,Johannes Rothe,re_german_world,German world,1360.0,historian,europe
17699,Q826115,Bernhard Walter Marperger,re_german_world,German world,1682.0,theologian,europe
23386,Q94915704,Christoph Frick,re_german_world,German world,1577.0,theologian | musicologist,europe
20448,Q94936569,Johann Jacob Heidegger,re_german_world,German world,1672.0,theologian,europe
28138,Q104566,Petrus Albinus,re_german_world,German world,1543.0,historian,europe
13626,Q17310325,Anton Otto,re_german_world,German world,1505.0,theologian,europe
7096,Q1079444,Christian Ernst Simonetti,re_german_world,German world,1700.0,theologian,europe
15551,Q1504231,Matthias Anomaeus,re_german_world,German world,1550.0,mathematician,europe
24894,Q2424927,Thomas Ittig,re_german_world,German world,1643.0,theologian,europe
18397,Q15433745,Stephan Roth,re_german_world,German world,1492.0,theologian,europe
19357,Q6161442,Georg Michael Pfefferkorn,re_german_world,German world,1645.0,theologian,europe
15980,Q1507882,George Meister,re_german_world,German world,1653.0,botanist,europe
17698,Q55678004,Wolfgang Zumsteg,re_german_world,German world,1662.0,theologian,europe
6672,Q106701,Gottlieb Fabricius,re_german_world,German world,1681.0,theologian,europe
25073,Q95729,William of Hirsau,re_german_world,German world,1030.0,theologian | musicologist,europe
18291,Q315620,Philipp Karl von Eltz-Kempenich,re_german_world,German world,1665.0,theologian,europe
9526,Q20942033,Heinrich Schweickher,re_german_world,German world,1526.0,geographer,europe
10973,Q58317802,Otto Werdmüller,re_german_world,German world,1513.0,theologian,europe
19941,Q17540868,Franz Baring,re_german_world,German world,1522.0,theologian,europe
18218,Q111163165,Gabriel Frölich,re_german_world,German world,1657.0,theologian,europe
5841,Q91389,Markus Welser,re_german_world,German world,1558.0,astronomer,europe
17546,Q57186,Samuel von Pufendorf,re_german_world,German world,1632.0,historian | philosopher | economist,europe
16940,Q1348087,Erasmus Stella,re_german_world,German world,1460.0,historian,europe
15234,Q2804450,Ulrich Junius,re_german_world,German world,1670.0,mathematician,europe
7069,Q94869806,Johann Heinrich Barth,re_german_world,German world,1680.0,theologian,europe
9284,Q103322,Carl Hildebrand von Canstein,re_german_world,German world,1667.0,theologian,europe
18861,Q5550917,Gerlac Peterson,re_german_world,German world,1378.0,theologian,europe
23861,Q77472,Cornelius Becker,re_german_world,German world,1561.0,theologian,europe
8636,Q68091,Erasmus Alberus,re_german_world,German world,1500.0,theologian,europe
19180,Q1504566,Georg Haccius,re_german_world,German world,1626.0,theologian,europe
5646,Q1698031,Johann Meisner,re_german_world,German world,1615.0,theologian,europe
8466,Q94895590,Jakob Baumeister,re_german_world,German world,1601.0,theologian,europe
6454,Q69818,Lucas Osiander the Elder,re_german_world,German world,1534.0,theologian,europe
9733,Q94933369,Johann Adam Roth,re_german_world,German world,1681.0,theologian,europe
24745,Q1505930,Georg Schubart,re_german_world,German world,1650.0,historian,europe
26019,Q1696641,Johann Wilhelm von Berger,re_german_world,German world,1672.0,philosopher | historian,europe
14251,Q104697,August Friedrich Müller,re_german_world,German world,1684.0,philosopher,europe
20427,Q55904820,Christoph Sturtz,re_german_world,German world,1557.0,historian,europe
25964,Q1690494,Joachim Stephani,re_german_world,German world,1544.0,philosopher | mathematician,europe
25079,Q326684,Johann Heynlin,re_german_world,German world,1430.0,theologian | philosopher,europe
14449,Q73014,Erhard Weigel,re_german_world,German world,1625.0,astronomer | philosopher | mathematician,europe
27361,Q90608,Matthäus Alber,re_german_world,German world,1495.0,theologian,europe
10599,Q55676147,Philipp Heinrich Weber,re_german_world,German world,1619.0,theologian,europe
6207,Q1698218,Johannes Rauw,re_german_world,German world,1600.0,geographer,europe
14485,Q119974,Hans Conrad Gyger,re_german_world,German world,1599.0,geographer,europe
22069,Q91673,Gaspar Schott,re_german_world,German world,1608.0,physicist | mathematician,europe
11265,Q86960,Konrad Cordatus,re_german_world,German world,1480.0,theologian,europe
18198,Q1543391,Johann Christian Nelkenbrecher,re_german_world,German world,1700.0,mathematician,europe
21650,Q1246726,Jakob Runge,re_german_world,German world,1527.0,theologian,europe
15623,Q1250737,Johann Georg Brand,re_german_world,German world,1645.0,theologian,europe
5675,Q16945633,Ludwig Carl Ditzinger,re_german_world,German world,1670.0,theologian,europe
9220,Q2218380,Samuel Huber,re_german_world,German world,1547.0,theologian,europe
17212,Q94813096,Wolfgang Schwan,re_german_world,German world,1634.0,theologian,europe
4862,Q15454557,Matthias Flacius the Younger,re_german_world,German world,1547.0,philosopher,europe
5329,Q119930,Polykarp Leyser II,re_german_world,German world,1586.0,theologian,europe
16502,Q1078821,Christian August Hausen,re_german_world,German world,1663.0,theologian | historian,europe
8051,Q89483949,Johann Ernst Greding,re_german_world,German world,1676.0,theologian,europe
4871,Q94936841,Christoph Philipp Wagner,re_german_world,German world,1699.0,theologian,europe
13040,Q55850713,Johann Rudolf von Grafenried,re_german_world,German world,1584.0,mathematician,europe
11089,Q1927763,Michael Heinrich Krause,re_german_world,German world,1651.0,theologian,europe
21921,Q120603,Johannes Frisius,re_german_world,German world,1505.0,theologian,europe
6473,Q1078925,Christian Becmann,re_german_world,German world,1580.0,theologian,europe
11976,Q499677,Andreas Mylius,re_german_world,German world,1527.0,historian,europe
21896,Q1693448,Johannes Fistenport,re_german_world,German world,1400.0,historian,europe
6554,Q1782288,Konrad Samuel Schurzfleisch,re_german_world,German world,1641.0,historian | zoologist,europe
25673,Q1399489,Hermann Tulichius,re_german_world,German world,1486.0,theologian,europe
12536,Q14785676,Johann Flugi von Aspermont,re_german_world,German world,1595.0,theologian,europe
25427,Q701772,Štefan Pilárik,re_german_world,German world,1615.0,theologian,europe
23199,Q94932792,Johann Christoph Rost,re_german_world,German world,1671.0,theologian,europe
21728,Q39155192,Leonard Pappus von Tratzberg,re_german_world,German world,1607.0,historian,europe
22373,Q303435,Henry Suso,re_german_world,German world,1295.0,theologian | linguist | philosopher,europe
14939,Q1079007,Christian Blumberg,re_german_world,German world,1664.0,theologian,europe
15448,Q87483698,Konrad Heinfogel,re_german_world,German world,1450.0,geographer | astronomer | mathematician,europe
28049,Q19959787,Johann Heberer,re_german_world,German world,1568.0,historian,europe
29669,Q213829,Heinrich von Bünau,re_german_world,German world,1697.0,historian,europe
22685,Q110854,Jakob Schegk,re_german_world,German world,1511.0,philosopher,europe
23915,Q1927760,Michael Heinrich Horn,re_german_world,German world,1623.0,chemist,europe
28153,Q1597140,Heinrich Elmenhorst,re_german_world,German world,1632.0,theologian,europe
18047,Q102176226,Franz Brandenberg,re_german_world,German world,1609.0,theologian,europe
24132,Q1505493,Georg Nitsch,re_german_world,German world,1663.0,theologian,europe
20354,Q1116427,Fortunat Sprecher,re_german_world,German world,1585.0,historian,europe
17975,Q1371561,Matthias Wasmuth,re_german_world,German world,1625.0,theologian,europe
16527,Q1696686,Johann Wolfgang Jäger,re_german_world,German world,1647.0,theologian,europe
13386,Q1048065,Caspar Vopel,re_german_world,German world,1511.0,geographer | astronomer | mathematician,europe
15010,Q22692599,Johann Christian Klemm,re_german_world,German world,1688.0,theologian | philosopher,europe
26380,Q94901433,Gerhard Helfrich von Preuschen,re_german_world,German world,1694.0,theologian,europe
21158,Q94912597,Johann Daniel Böckel,re_german_world,German world,1692.0,theologian,europe
22205,Q1698108,Johannes Olearius,re_german_world,German world,1639.0,theologian,europe
9053,Q110242,Paul Jacob Marperger,re_german_world,German world,1656.0,economist,europe
23794,Q1596804,Brandanus Heinrich Gebhardi,re_german_world,German world,1657.0,theologian,europe
14746,Q27074260,Wolfgang Meyer,re_german_world,German world,1577.0,theologian,europe
5630,Q1693779,Johann Georg Bindrim,re_german_world,German world,1650.0,theologian,europe
19762,Q7177320,Peter Thyraeus,re_german_world,German world,1546.0,theologian,europe
24015,Q1047830,Caspar Calvör,re_german_world,German world,1650.0,theologian,europe
12617,Q55681627,Kornelius Lindner,re_german_world,German world,1694.0,mathematician,europe
25034,Q1611609,Hermann Flender,re_german_world,German world,1681.0,theologian,europe
6497,Q10307797,Johannes Heinrich Ursinus,re_german_world,German world,1608.0,zoologist,europe
5283,Q2075212,Peter Goldschmidt,re_german_world,German world,1662.0,theologian,europe
27399,Q18945738,Pieter Roest,re_german_world,German world,1562.0,theologian,europe
18460,Q712537,Gunther of Pairis,re_german_world,German world,1150.0,historian,europe
19211,Q25518500,Christian Gabriel Fischer,re_german_world,German world,1686.0,philosopher,europe
8483,Q70417,Jakob Adlung,re_german_world,German world,1699.0,musicologist | linguist,europe
5734,Q55874492,Jonas Höcker,re_german_world,German world,1581.0,theologian,europe
18840,Q990984,Gottfried Olearius,re_german_world,German world,1604.0,theologian,europe
13092,Q22264387,Anonimo francofortese,re_german_world,German world,1380.0,philosopher,europe
25207,Q1617596,Hieronymus Rauscher,re_german_world,German world,1500.0,theologian,europe
17976,Q65468,David Chytraeus,re_german_world,German world,1531.0,theologian | historian,europe
29261,Q360464,Adolar Erich,re_german_world,German world,1559.0,geographer,europe
23904,Q18334973,Ursula Weyda,re_german_world,German world,1504.0,theologian,europe
18481,Q20002684,Johannes Bonadies,re_german_world,German world,1500.0,musicologist,europe
8181,Q94760708,Valentin Engelhard,re_german_world,German world,1516.0,astronomer | mathematician,europe
15860,Q1539292,Gottfried Kohlreif,re_german_world,German world,1676.0,theologian,europe
27256,Q108815,Salomon Alberti,re_german_world,German world,1540.0,anatomist,europe
23449,Q122751,Johannes Ardüser,re_german_world,German world,1585.0,mathematician,europe
24575,Q55123238,Johann Heinrich Büttner,re_german_world,German world,1666.0,historian,europe
16612,Q5734835,Martin Fogel,re_german_world,German world,1634.0,linguist,europe
20708,Q9554,Martin Luther,re_german_world,German world,1483.0,theologian | philosopher,europe
11086,Q1646176,Johann Wilhelm Neumayr von Ramsla,re_german_world,German world,1572.0,economist,europe
15782,Q1300786,Erhard Johann Brumhard,re_german_world,German world,1692.0,theologian,europe
11790,Q55124289,Matthias Fuhrmann,re_german_world,German world,1690.0,historian,europe
11799,Q18027638,Samuel Grosser,re_german_world,German world,1664.0,historian,europe
10819,Q18693187,Johann Gropp,re_german_world,German world,1655.0,theologian,europe
13555,Q1947857,Moritz Anton Cappeller,re_german_world,German world,1685.0,geologist | zoologist,europe
22919,Q88381,Berchtold Haller,re_german_world,German world,1492.0,theologian,europe
26645,Q71347,Justus Georg Schottel,re_german_world,German world,1612.0,linguist,europe
22703,Q94838731,Johannes Zacharias Ernst,re_german_world,German world,1629.0,geographer,europe
7355,Q1707753,Joseph Osiander,re_german_world,German world,1589.0,theologian,europe
18790,Q347852,Adalbert of Hamburg,re_german_world,German world,1000.0,theologian,europe
5040,Q15821250,Johannes Georg Hungerlin,re_german_world,German world,1551.0,theologian,europe
8107,Q55125177,Johann Jakob Lungershausen,re_german_world,German world,1665.0,theologian,europe
8446,Q809305,Bartholomaeus Rieseberg,re_german_world,German world,1492.0,theologian,europe
9747,Q1695603,Johann Michaelis,re_german_world,German world,1612.0,theologian,europe
5225,Q6217083,Johannes Wolleb,re_german_world,German world,1589.0,theologian,europe
9160,Q805654,Balthasar Stolberg,re_german_world,German world,1640.0,theologian,europe
6934,Q1697164,Johannes Andreas Olearius,re_german_world,German world,1639.0,theologian,europe
23046,Q57588706,Alexandre Le Maître,re_german_world,German world,1650.0,historian,europe
26431,Q1648411,Peter Theodor Seelmann,re_german_world,German world,1656.0,theologian,europe
13227,Q64128,Johannes Brenz,re_german_world,German world,1499.0,theologian,europe
26726,Q67375,Heinrich Meibom,re_german_world,German world,1638.0,anatomist,europe
9059,Q19502119,Christian Trentsch,re_german_world,German world,1605.0,philosopher,europe
18387,Q104633,Johann Thal,re_german_world,German world,1542.0,botanist,europe
13239,Q101509,Johannes Letzner,re_german_world,German world,1531.0,historian,europe
11891,Q72649,Johann Crotus,re_german_world,German world,1480.0,theologian,europe
7166,Q1556204,Hermann Nicephorus,re_german_world,German world,1555.0,philosopher,europe
5164,Q139528,Zacharias Schilter,re_german_world,German world,1541.0,theologian,europe
5599,Q123992,Nicolaus I Bernoulli,re_german_world,German world,1687.0,mathematician,europe
20605,Q28647712,Georg Hösle,re_german_world,German world,1649.0,theologian,europe
12059,Q123604,Johann Eck,re_german_world,German world,1494.0,theologian,europe
19829,Q15428241,Theodor Thumm,re_german_world,German world,1586.0,theologian,europe
19647,Q94306065,Caspar Schwartz,re_german_world,German world,1595.0,theologian | mathematician,europe
12433,Q1086255,Christoph von Utenheim,re_german_world,German world,1450.0,theologian,europe
25361,Q91154,Reimar Kock,re_german_world,German world,1500.0,theologian,europe
19898,Q1605452,Henning Bernhard Witter,re_german_world,German world,1683.0,theologian,europe
16991,Q1675158,Johann Gottlob Pfeiffer,re_german_world,German world,1667.0,theologian,europe
16484,Q60625,Conrad Celtes,re_german_world,German world,1459.0,philosopher | historian | mathematician,europe
12177,Q75330810,Johann Jakob Dachs,re_german_world,German world,1667.0,theologian,europe
17914,Q15454224,Heinrich Askan Engelken,re_german_world,German world,1675.0,theologian,europe
25603,Q94831129,Johann Willerding,re_german_world,German world,1594.0,theologian,europe
27692,Q1079435,Christian Ernst Hanselmann,re_german_world,German world,1699.0,archeologist,europe
8442,Q94896007,Heinrich von der Lith,re_german_world,German world,1648.0,theologian,europe
19775,Q1495199,Michael Eiselin,re_german_world,German world,1558.0,theologian,europe
22616,Q124470,Martin Mushard,re_german_world,German world,1699.0,archeologist | historian,europe
14226,Q122392,Jacob Bernoulli,re_german_world,German world,1655.0,physicist | mathematician,europe
21841,Q57201504,Filippo Maria Bonini,re_german_world,German world,1612.0,theologian,europe
26415,Q57968,Matthäus Merian,re_german_world,German world,1593.0,geographer,europe
8917,Q551943,Johann Heinrich Buttstett,re_german_world,German world,1666.0,musicologist,europe
14718,Q1991409,Nicolaus Eggers,re_german_world,German world,1689.0,theologian,europe
24129,Q1904579,Martin Mirus,re_german_world,German world,1532.0,theologian,europe
24868,Q1539354,Gottfried Maschop,re_german_world,German world,1501.0,geographer,europe
5243,Q8963,Johannes Kepler,re_german_world,German world,1572.0,philosopher | physicist | musicologist | astronomer | mathematician | theologian | anatomist,europe
27732,Q75385,Johann Heinrich Callenberg,re_german_world,German world,1694.0,theologian,europe
9431,Q62534,Johannes Fabricius,re_german_world,German world,1587.0,astronomer,europe
5508,Q1696751,Johann Besser,re_german_world,German world,1654.0,historian,europe
9389,Q63829,Lorenz Heister,re_german_world,German world,1683.0,botanist | anatomist,europe
17309,Q65179691,Christian Ludwig Kaulitz,re_german_world,German world,1693.0,geographer,europe
6800,Q96419832,Georg Thormann,re_german_world,German world,1655.0,theologian,europe
16293,Q98120,Johann Wilhelm Baier,re_german_world,German world,1647.0,theologian,europe
7328,Q1692245,Johann Adam Osiander,re_german_world,German world,1659.0,physicist,europe
10961,Q37979061,Friedrich Koës,re_german_world,German world,1684.0,mathematician,europe
17654,Q70830,Friedrich Dedekind,re_german_world,German world,1525.0,theologian,europe
18062,Q94894609,Georg Prugger,re_german_world,German world,1656.0,theologian,europe
29465,Q445165,Johannes Bertelius,re_german_world,German world,1544.0,historian,europe
9999,Q1693874,Johann Georg Keyßler,re_german_world,German world,1693.0,archeologist | historian,europe
18989,Q55679946,Theodosius Göbel,re_german_world,German world,1637.0,theologian,europe
26558,Q1695943,Johann Quistorp,re_german_world,German world,1624.0,theologian,europe
5133,Q500077,Andreas Pouchenius,re_german_world,German world,1526.0,theologian,europe
19093,Q569573,Anselm Meiller,re_german_world,German world,1678.0,historian,europe
6267,Q50621166,Bernard Pavel Moll,re_german_world,German world,1697.0,geographer,europe
14597,Q16372978,Simon Hennings,re_german_world,German world,1608.0,theologian,europe
18626,Q60448703,Tobias Pfanner,re_german_world,German world,1641.0,historian,europe
21915,Q1405669,Ferdinand Orban,re_german_world,German world,1655.0,mathematician,europe
5287,Q97126,Johann Leonhard Frisch,re_german_world,German world,1666.0,zoologist,europe
17225,Q1433369,Johannes Garcaeus,re_german_world,German world,1530.0,theologian,europe
23443,Q1693578,Johann Friedrich Hobbhahn,re_german_world,German world,1693.0,theologian,europe
24369,Q1821881,Levin Coldewey,re_german_world,German world,1669.0,theologian,europe
19443,Q33109082,Jasper Köneken,re_german_world,German world,1629.0,theologian,europe
5837,Q55123076,Johann Jakob Lehmann,re_german_world,German world,1683.0,philosopher,europe
10200,Q1539583,Gottfried Raesfeld,re_german_world,German world,1522.0,theologian,europe
19114,Q70352,Johann Georg Walch,re_german_world,German world,1693.0,theologian | historian,europe
18803,Q1379233,Wolfgang Amling,re_german_world,German world,1542.0,theologian,europe
9984,Q94929022,Georg Heinrich Kalckhoff,re_german_world,German world,1688.0,theologian,europe
8515,Q94529521,Ottavio Bucelleni,re_german_world,German world,1674.0,philosopher,europe
11729,Q61943327,Christian Schlegel,re_german_world,German world,1667.0,historian,europe
23578,Q18222736,Valentin Leucht,re_german_world,German world,1550.0,theologian,europe
6026,Q1693960,Johann Georg Sigwart,re_german_world,German world,1554.0,theologian,europe
6602,Q496760,Andreas David Carolus,re_german_world,German world,1658.0,theologian,europe
13534,Q1692279,Johann Adolf Tassius,re_german_world,German world,1585.0,mathematician,europe
18169,Q6060007,Johann Qvirsfeld,re_german_world,German world,1642.0,theologian,europe
7907,Q1695612,Johann Moritz Bidembach,re_german_world,German world,1565.0,theologian,europe
21222,Q1289283,Eduard Meiners,re_german_world,German world,1691.0,theologian,europe
13726,Q94761448,Georg Falck,re_german_world,German world,1630.0,musicologist,europe
23508,Q1329036,Elias Ehinger,re_german_world,German world,1573.0,theologian,europe
18898,Q1598171,Heinrich Leonhard Schurzfleisch,re_german_world,German world,1664.0,historian,europe
13524,Q55585527,Johannes Brenz,re_german_world,German world,1539.0,theologian,europe
29694,Q95384,Philipp Friedrich Hiller,re_german_world,German world,1699.0,theologian,europe
23146,Q15430809,Andreas Franckenberger,re_german_world,German world,1536.0,historian,europe
29132,Q94926271,Samuel Theodor Schmidt,re_german_world,German world,1682.0,theologian,europe
18947,Q94868975,Jakob Friedrich Krahl,re_german_world,German world,1698.0,theologian,europe
7827,Q124264,Rudolf Capell,re_german_world,German world,1635.0,linguist | historian,europe
18769,Q1504119,Georg Elner,re_german_world,German world,1450.0,theologian,europe
8710,Q94864856,Franciscus Mayvart,re_german_world,German world,1585.0,philosopher,europe
24457,Q1505197,Georg Lilien,re_german_world,German world,1597.0,theologian,europe
28777,Q94912081,Wilhelm Ludwig Spener,re_german_world,German world,1675.0,theologian,europe
27691,Q6170716,Jean Gamans,re_german_world,German world,1606.0,historian,europe
21014,Q1693478,Johann Freiberger,re_german_world,German world,1470.0,historian,europe
17058,Q55127714,Wolfgang Seidl,re_german_world,German world,1491.0,theologian,europe
10013,Q62607241,Johannes Ammann,re_german_world,German world,1695.0,geographer,europe
7551,Q1579553,Hans Frese,re_german_world,German world,1600.0,geographer,europe
6516,Q94857789,Tobias Braun,re_german_world,German world,1548.0,theologian,europe
26405,Q94931086,Johann Andreas Boeckler,re_german_world,German world,1686.0,theologian,europe
18002,Q87662240,Ignaz Greiner,re_german_world,German world,1698.0,theologian,europe
6704,Q1910510,Matthaeus Dresser,re_german_world,German world,1536.0,historian,europe
10086,Q1349327,Erdmann Rudolph Fischer,re_german_world,German world,1687.0,theologian,europe
19041,Q49715,Adam Neuser,re_german_world,German world,1530.0,theologian,europe
7863,Q1903797,Martin Fuhrmann,re_german_world,German world,1450.0,theologian,europe
9437,Q1238812,Johann Gottfried Leschnert,re_german_world,German world,1681.0,historian,europe
6605,Q94901035,Heinrich Becker,re_german_world,German world,1662.0,theologian,europe
19258,Q2075274,Peter Gropper,re_german_world,German world,1554.0,theologian,europe
15243,Q395725,Agostino Steffani,re_german_world,German world,1654.0,musicologist,europe
18878,Q102724,Theodor Dorsten,re_german_world,German world,1492.0,botanist,europe
18512,Q1350000,Maurus Rost,re_german_world,German world,1633.0,historian,europe
26534,Q15446698,Joachim Jeetze,re_german_world,German world,1480.0,theologian,europe
26013,Q21545629,Samuel Battier,re_german_world,German world,1667.0,mathematician,europe
27644,Q882619,Ulrich Füetrer,re_german_world,German world,1401.0,historian,europe
7914,Q1808188,Lorenz Hagemann,re_german_world,German world,1692.0,theologian,europe
14579,Q1692309,Johann Emmerich Aicholz,re_german_world,German world,1520.0,botanist,europe
9699,Q107561,Johann Jakob Schudt,re_german_world,German world,1664.0,theologian,europe
24545,Q1326717,Friedrich Hortleder,re_german_world,German world,1579.0,historian,europe
26498,Q685979,Wolfgang Lazius,re_german_world,German world,1514.0,geographer | historian,europe
18339,Q55681535,Johann Philipp Ehrlich,re_german_world,German world,1662.0,theologian,europe
17408,Q67323,Jakob Thomasius,re_german_world,German world,1622.0,philosopher,europe
27133,Q1693265,Johann Dryander,re_german_world,German world,1500.0,astronomer | mathematician | anatomist,europe
12609,Q67283,Gerhard Tersteegen,re_german_world,German world,1697.0,theologian,europe
5387,Q94870119,Johann Hitzler,re_german_world,German world,1541.0,theologian,europe
24709,Q55848694,Johann Brandmüller,re_german_world,German world,1533.0,theologian,europe
22781,Q454349,Amandus Polanus,re_german_world,German world,1561.0,theologian,europe
14464,Q1695190,Johann Conrad Ulmer,re_german_world,German world,1519.0,theologian,europe
23311,Q55133348,Nicolaus Weigel,re_german_world,German world,1350.0,theologian,europe
17350,Q1693920,Johann Georg Palm,re_german_world,German world,1697.0,theologian,europe
15964,Q55685446,Johann Reinhard Alberti,re_german_world,German world,1675.0,theologian,europe
22972,Q1308096,Johann Mantel,re_german_world,German world,1468.0,theologian,europe
18091,Q55911447,Pierre Schez,re_german_world,German world,1691.0,theologian,europe
8120,Q95297823,Johann Baptist Meckhardt,re_german_world,German world,1537.0,theologian,europe
8411,Q470428,Georg Christoph Eimmart,re_german_world,German world,1638.0,astronomer | mathematician,europe
26760,Q96362963,Johann Leopold Cysat,re_german_world,German world,1601.0,geographer,europe
7662,Q1703023,Jonas Staude,re_german_world,German world,1527.0,theologian,europe
7528,Q116944,Jean-Frédéric Ostervald,re_german_world,German world,1663.0,theologian,europe
24806,Q1692258,Johann Adam Tresenreuter,re_german_world,German world,1676.0,theologian,europe
18962,Q55676246,Heinrich Weidensee,re_german_world,German world,1644.0,theologian,europe
15649,Q805632,Balthasar Mentzer,re_german_world,German world,1679.0,theologian,europe
28691,Q78070623,Johann Rudolf Salchli,re_german_world,German world,1688.0,theologian,europe
9521,Q123717,Wiguleus Hund,re_german_world,German world,1514.0,historian,europe
24870,Q1695340,Johann Ludwig Frey,re_german_world,German world,1682.0,theologian | historian,europe
23671,Q1438509,Hermann von Lerbeck,re_german_world,German world,1345.0,historian,europe
13015,Q77239,Katharina von Bora,re_german_world,German world,1499.0,theologian,europe
5251,Q1666446,Vitus Auslasser,re_german_world,German world,1479.0,botanist,europe
10625,Q76588,Martin Agricola,re_german_world,German world,1486.0,musicologist,europe
27738,Q55125467,Johann Balthasar Olischer,re_german_world,German world,1685.0,theologian,europe
25161,Q435456,William Farel,re_german_world,German world,1489.0,theologian,europe
13115,Q46916830,Johann Nathin,re_german_world,German world,1450.0,theologian,europe
6450,Q21165935,Dethlevus Cluverus,re_german_world,German world,1645.0,astronomer | mathematician,europe
19220,Q1619497,Heinrich Ludolf Benthem,re_german_world,German world,1661.0,theologian,europe
7432,Q117830,Thomas Platter,re_german_world,German world,1499.0,theologian,europe
16906,Q71592,Joseph Furttenbach,re_german_world,German world,1591.0,mathematician,europe
25681,Q55678577,Johann Jakob Zeller,re_german_world,German world,1626.0,theologian,europe
28818,Q103541,Tobias Beutel,re_german_world,German world,1627.0,astronomer | mathematician,europe
26288,Q94870793,Johannes Buntebart,re_german_world,German world,1629.0,theologian,europe
27240,Q1084854,Christoph Franck,re_german_world,German world,1642.0,theologian,europe
23647,Q1692668,Johann Berckmann,re_german_world,German world,1450.0,theologian,europe
4916,Q70646,Johann Wilhelm Weinmann,re_german_world,German world,1683.0,botanist,europe
21287,Q55123264,Mathias Agricius,re_german_world,German world,1545.0,historian,europe
17741,Q20031282,Statius Buscher,re_german_world,German world,1584.0,theologian,europe
17005,Q26838306,Egloff Etterlin,re_german_world,German world,1401.0,economist,europe
9623,Q55673454,Christoph Hoechtl,re_german_world,German world,1686.0,philosopher,europe
6632,Q65192,Adam Lonicer,re_german_world,German world,1528.0,botanist | mathematician,europe
24094,Q1505423,Georg Muestinger,re_german_world,German world,1400.0,astronomer,europe
15522,Q1692252,Johann Adam Schertzer,re_german_world,German world,1628.0,theologian,europe
7575,Q91039,Franz Ernst Brückmann,re_german_world,German world,1697.0,geologist | anatomist,europe
15282,Q19610321,Adam Tratziger,re_german_world,German world,1523.0,historian,europe
11151,Q76161,Johannes Werner,re_german_world,German world,1468.0,geographer | astronomer | mathematician,europe
27937,Q110351,Friedrich Wilhelm Bierling,re_german_world,German world,1676.0,theologian | historian,europe
24912,Q107183,Johannes Aesticampianus,re_german_world,German world,1457.0,theologian | botanist,europe
21354,Q55673445,Massaeus Kresslinger,re_german_world,German world,1676.0,theologian,europe
18270,Q3180533,Johann Ehrenfried Zchackwitz,re_german_world,German world,1669.0,historian,europe
27889,Q55070354,Christian Friedrich Paulini,re_german_world,German world,1643.0,theologian | zoologist,europe
12923,Q5535673,Georg Cruciger,re_german_world,German world,1575.0,theologian,europe
21636,Q17539514,Dionysius von Werl,re_german_world,German world,1640.0,theologian,europe
17746,Q434356,Manuel Chrysoloras,re_german_world,German world,1355.0,philosopher,europe
9857,Q1369358,Heinrich Rehbein,re_german_world,German world,1600.0,historian,europe
5123,Q1159923,Daniel Angelocrator,re_german_world,German world,1569.0,theologian | geographer,europe
10778,Q27337,Christoph Rudolff,re_german_world,German world,1499.0,mathematician,europe
23108,Q2641914,Alexander Christiani,re_german_world,German world,1587.0,theologian | mathematician,europe
8508,Q94870293,Johannes Starck,re_german_world,German world,1638.0,theologian,europe
22911,Q55905933,Heinrich Urdemann,re_german_world,German world,1420.0,theologian,europe
25386,Q94872296,Johann Hornejus,re_german_world,German world,1625.0,physicist,europe
22755,Q1506419,Georg Wilhelm Kirchmaier,re_german_world,German world,1673.0,linguist | philosopher,europe
13802,Q16006907,Adolf Arbogast,re_german_world,German world,1500.0,theologian,europe
12438,Q55891357,Heinrich Dreckmeier,re_german_world,German world,1550.0,theologian,europe
11802,Q649722,Caesar of Heisterbach,re_german_world,German world,1180.0,theologian,europe
7429,Q1693163,Johann Daniel Gruber,re_german_world,German world,1688.0,historian,europe
9397,Q18945830,Wolfgang Leinberer,re_german_world,German world,1635.0,astronomer | mathematician,europe
7314,Q88089,Paul Wittich,re_german_world,German world,1546.0,astronomer | mathematician,europe
11395,Q486426,Anarg von Wildenfels,re_german_world,German world,1490.0,theologian,europe
23428,Q1540005,Gottschalk Kruse,re_german_world,German world,1499.0,theologian,europe
23136,Q105292,Fortunatus Hueber,re_german_world,German world,1639.0,theologian | historian,europe
13687,Q1545133,Gregor Nitzsch,re_german_world,German world,1660.0,philosopher,europe
11817,Q94818395,Benjamin Acoluth,re_german_world,German world,1693.0,theologian,europe
8089,Q94778920,Bernhard Albrecht,re_german_world,German world,1569.0,theologian,europe
26240,Q94870776,Bartholomäus Rademann,re_german_world,German world,1560.0,theologian,europe
13987,Q94864864,Nikolaus Häcker,re_german_world,German world,1681.0,theologian,europe
26548,Q56009397,Johann Georg Schleenstein,re_german_world,German world,1650.0,geographer,europe
15061,Q1698310,Johannes Schallermann,re_german_world,German world,1373.0,theologian,europe
13100,Q2712188,Hans Schriber,re_german_world,German world,1500.0,historian,europe
18578,Q4888512,Benjamin Elbel,re_german_world,German world,1690.0,theologian,europe
15120,Q1696208,Johann Sebastian Mitternacht,re_german_world,German world,1613.0,theologian,europe
26214,Q94872181,Christoph Andreas Schmidlin,re_german_world,German world,1679.0,theologian,europe
13053,Q94933942,Georg Rieges,re_german_world,German world,1641.0,theologian,europe
16181,Q55683529,Christian Gottfried Pfeiffer,re_german_world,German world,1694.0,theologian,europe
13069,Q805646,Balthasar Rhaw,re_german_world,German world,1601.0,theologian,europe
27890,Q96404429,Anton Stettler,re_german_world,German world,1587.0,historian,europe
28029,Q4205952,Johannes Jonsenius,re_german_world,German world,1624.0,historian,europe
24120,Q2508426,Valentin Preuenhueber,re_german_world,German world,1600.0,historian,europe
5370,Q1176283,David Rebentrost,re_german_world,German world,1614.0,botanist,europe
12653,Q1782192,Konrad Limmer,re_german_world,German world,1522.0,theologian,europe
10347,Q2528924,Vitus Büscher,re_german_world,German world,1602.0,theologian,europe
17087,Q722999,Erhard Reuwich,re_german_world,German world,1445.0,geographer,europe
19363,Q1598485,Heinrich Philipp Guden,re_german_world,German world,1676.0,theologian,europe
22743,Q89089,Johann Faber of Heilbronn,re_german_world,German world,1504.0,theologian,europe
26640,Q118356,Johann Jakob Grynaeus,re_german_world,German world,1540.0,theologian,europe
18668,Q1695357,Johann Ludwig Nüscheler,re_german_world,German world,1672.0,theologian,europe
5795,Q1163162,Daniel Willi,re_german_world,German world,1696.0,theologian,europe
12408,Q1126866,Conrad Klingenbeck,re_german_world,German world,1526.0,theologian,europe
11187,Q495644,Andreas Adam Hochstetter,re_german_world,German world,1668.0,theologian,europe
11167,Q95297951,Sebastian Schröder,re_german_world,German world,1599.0,chemist,europe
10419,Q86092,Adam Adami,re_german_world,German world,1610.0,historian,europe
14968,Q99068,Heinrich Decimator,re_german_world,German world,1555.0,theologian | astronomer | linguist,europe
12881,Q1692662,Johann Benedict Carpzov,re_german_world,German world,1675.0,historian,europe
8337,Q1168956,Jodocus Trutfetter,re_german_world,German world,1460.0,theologian | philosopher,europe
29594,Q85737,Otto Walper,re_german_world,German world,1546.0,theologian | philosopher,europe
20581,Q467772,"Philip III, Landgrave of Hesse-Butzbach",re_german_world,German world,1581.0,mathematician,europe
18066,Q593930,Anton Schultze,re_german_world,German world,1560.0,mathematician,europe
20904,Q55685035,Philipp Wilhelm Geilfuss,re_german_world,German world,1669.0,theologian,europe
17836,Q1991348,Nicolaus Alard,re_german_world,German world,1644.0,theologian,europe
13888,Q28952040,Johann Friedrich Dürr,re_german_world,German world,1654.0,theologian,europe
10901,Q1708146,Joseph Vogler,re_german_world,German world,1661.0,theologian,europe
10460,Q59287156,Johann Heinrich Rahn,re_german_world,German world,1646.0,historian,europe
29181,Q2530695,Volckmar Leisring,re_german_world,German world,1588.0,theologian,europe
21475,Q1283684,Johannes Oldekop,re_german_world,German world,1493.0,theologian,europe
16046,Q2965580,Christian Ravis,re_german_world,German world,1613.0,theologian,europe
26049,Q1679450,Jacob van Hoogstraten,re_german_world,German world,1460.0,theologian,europe
25898,Q1695158,Johann Kless,re_german_world,German world,1669.0,theologian,europe
25411,Q55675278,Christoph Tobias Wiedeburg,re_german_world,German world,1647.0,theologian,europe
9281,Q1752369,Ulrich von Dinstedt,re_german_world,German world,1460.0,theologian,europe
6080,Q1505712,Georg Raumer,re_german_world,German world,1610.0,theologian,europe
5105,Q66836,Johannes Nider,re_german_world,German world,1380.0,theologian,europe
28713,Q124386,Johann Heinrich Heidegger,re_german_world,German world,1633.0,theologian,europe
9664,Q1528495,Johann Rudolph Osiander,re_german_world,German world,1689.0,theologian,europe
5462,Q88999,Johann Albrecht Widmannstetter,re_german_world,German world,1506.0,theologian,europe
29463,Q55675999,Heinrich Wolfgang Fratzscher,re_german_world,German world,1694.0,theologian,europe
12843,Q59680004,Jakob Amport,re_german_world,German world,1580.0,theologian,europe
24033,Q1692487,Johann Balthasar Beyschlag,re_german_world,German world,1669.0,theologian,europe
25166,Q15905918,Christoph Wölfflin,re_german_world,German world,1625.0,theologian,europe
26199,Q2433218,Tilemann Krage,re_german_world,German world,1520.0,theologian,europe
16939,Q1695382,Johann Ludwig Würffel,re_german_world,German world,1678.0,theologian,europe
12522,Q733716,Casiodoro de Reina,re_german_world,German world,1520.0,theologian,europe
13503,Q2799262,Salomon Deyling,re_german_world,German world,1677.0,theologian,europe
6371,Q1679314,Jakob Rosius,re_german_world,German world,1598.0,theologian | astronomer | mathematician,europe
8381,Q1695979,Johann Riebling,re_german_world,German world,1494.0,theologian,europe
16025,Q1694512,Johann Heinrich Tonsor,re_german_world,German world,1595.0,theologian,europe
8312,Q94933588,Johann Heinrich Frisius,re_german_world,German world,1639.0,theologian,europe
25182,Q1692861,Johann Kaspar Malsch,re_german_world,German world,1673.0,historian,europe
17101,Q1694476,Johann Heinrich Redeker,re_german_world,German world,1682.0,historian,europe
13922,Q94930726,Christian Parnemann,re_german_world,German world,1625.0,theologian,europe
14903,Q695779,Arnold Mercator,re_german_world,German world,1537.0,geographer,europe
20514,Q1668846,Jacob Israel,re_german_world,German world,1621.0,botanist | anatomist,europe
27493,Q3157529,Jacob Christoph Iselin,re_german_world,German world,1681.0,theologian | historian,europe
18488,Q75973,Friedrich Myconius,re_german_world,German world,1491.0,theologian,europe
15006,Q3380444,Philippe Naudé le Jeune,re_german_world,German world,1684.0,mathematician,europe
12895,Q60298,Johann Eck,re_german_world,German world,1486.0,theologian,europe
22476,Q667732,Felix Platter,re_german_world,German world,1536.0,botanist | anatomist,europe
28767,Q1503948,Georg Christoph Kreysig,re_german_world,German world,1695.0,theologian,europe
24493,Q1085890,Christoph Sonntag,re_german_world,German world,1654.0,theologian,europe
14119,Q585889,Antoine Court,re_german_world,German world,1696.0,historian,europe
19352,Q77306,Hennig Brand,re_german_world,German world,1630.0,chemist,europe
25458,Q1694985,Johann Joachim Lange,re_german_world,German world,1698.0,mathematician,europe
15994,Q1697981,Johannes Major,re_german_world,German world,1564.0,theologian,europe
12804,Q1694379,Johann Hinrich Eggeling,re_german_world,German world,1639.0,historian,europe
15016,Q1991806,Nikolaus von Siegen,re_german_world,German world,1450.0,historian,europe
24269,Q1533456,Jacob Antonius Vulpius,re_german_world,German world,1629.0,theologian,europe
21568,Q1695706,Johann Nicolaus Misler,re_german_world,German world,1614.0,theologian,europe
11322,Q95728,Adam Friedrich Zürner,re_german_world,German world,1679.0,geographer,europe
22175,Q55679952,Johann Kreiselmann,re_german_world,German world,1574.0,theologian,europe
9932,Q20180389,Albert Hunger,re_german_world,German world,1545.0,theologian,europe
22669,Q55134410,Lothar Zumbach von Koesfeld,re_german_world,German world,1661.0,astronomer,europe
6501,Q543586,Honorius Augustodunensis,re_german_world,German world,1080.0,theologian | geographer | philosopher,europe
9821,Q98742,Jacob Heerbrand,re_german_world,German world,1521.0,theologian,europe
29776,Q505646,Adriaan van Roomen,re_german_world,German world,1561.0,mathematician,europe
12524,Q689611,Jakob Hermann,re_german_world,German world,1678.0,mathematician,europe
26048,Q108908999,Ambrosius Salzer,re_german_world,German world,1476.0,theologian,europe
20986,Q27950132,Johann Heinrich Schellenbauer,re_german_world,German world,1643.0,theologian,europe
24425,Q61044,Albertus de Saxonia,re_german_world,German world,1316.0,philosopher | mathematician,europe
12856,Q1693778,Johann Georg Bertram,re_german_world,German world,1670.0,theologian,europe
11994,Q275425,Thietmar of Merseburg,re_german_world,German world,975.0,historian,europe
18981,Q2554001,Wedigo Gans Putlitz,re_german_world,German world,1438.0,theologian,europe
11966,Q50359620,Georg Fasel,re_german_world,German world,1675.0,theologian,europe
22047,Q594466,Anton Steding,re_german_world,German world,1621.0,theologian,europe
12606,Q71395,Johann Abraham Ihle,re_german_world,German world,1627.0,astronomer,europe
14729,Q1085045,Christoph Gundermann,re_german_world,German world,1549.0,theologian,europe
24151,Q1161742,Daniel Merck,re_german_world,German world,1657.0,musicologist,europe
24518,Q1821915,Levinus Battus,re_german_world,German world,1545.0,mathematician,europe
25143,Q1462595,Friedrich Ulrich Calixt,re_german_world,German world,1622.0,theologian,europe
10835,Q121102,Lucas Lossius,re_german_world,German world,1508.0,theologian | musicologist,europe
5867,Q72880,Julius Schiller,re_german_world,German world,1580.0,astronomer,europe
29362,Q6215874,Johann Georg Reiffenstuel,re_german_world,German world,1642.0,theologian | philosopher,europe
10621,Q1697195,Johann Bader,re_german_world,German world,1487.0,theologian,europe
23129,Q104711,Christian Entfelder,re_german_world,German world,1526.0,theologian,europe
9700,Q101989,Kaspar Ulenberg,re_german_world,German world,1550.0,theologian,europe
28530,Q1048011,Caspar Ratzenberger,re_german_world,German world,1533.0,botanist,europe
21311,Q15452077,Georg Melchior Ludolf,re_german_world,German world,1667.0,historian,europe
6692,Q98384,Matthäus Aurogallus,re_german_world,German world,1490.0,theologian | linguist | historian,europe
5347,Q7183989,Philip Lonicer,re_german_world,German world,1543.0,theologian | historian,europe
21256,Q1697525,Johannes Frosch,re_german_world,German world,1485.0,theologian,europe
7596,Q321084,Stefano Benedetto Pallavicino,re_german_world,German world,1672.0,linguist,europe
25744,Q5477910,Georg Erythropel,re_german_world,German world,1607.0,theologian,europe
19410,Q18732185,John Müller,re_german_world,German world,1699.0,mathematician,europe
25139,Q1503915,Georg Christian Gebauer,re_german_world,German world,1690.0,historian,europe
28134,Q63109234,Johann Friedrich Faust von Aschaffenburg,re_german_world,German world,1569.0,historian,europe
7608,Q117932,Jacques-Barthélemy Micheli du Crest,re_german_world,German world,1690.0,geographer | physicist,europe
13763,Q2573993,Wilhelm Lovius,re_german_world,German world,1607.0,theologian,europe
25337,Q40430286,David Heinrich Köpken,re_german_world,German world,1677.0,theologian,europe
17418,Q58425641,Simon Battier,re_german_world,German world,1629.0,philosopher,europe
8859,Q1714543,Justus Philipp Meyenberg,re_german_world,German world,1642.0,theologian,europe
18689,Q2262685,Sebastian Edzardi,re_german_world,German world,1673.0,theologian,europe
13353,Q61793759,Gottfried Voigt,re_german_world,German world,1644.0,theologian | zoologist | physicist,europe
16890,Q64391849,Vincenzo Paravicini,re_german_world,German world,1648.0,theologian,europe
10791,Q1274404,Urban Gottfried Siber,re_german_world,German world,1669.0,theologian,europe
26267,Q1693227,Johann Diecmann,re_german_world,German world,1647.0,theologian,europe
29148,Q18911804,Martin Weinrich,re_german_world,German world,1548.0,physicist,europe
20066,Q69407085,Franz Schilcher,re_german_world,German world,1660.0,philosopher,europe
15058,Q1505497,Georg Nößler,re_german_world,German world,1591.0,philosopher,europe
5103,Q1986818,Nikolaus Hardkopf,re_german_world,German world,1582.0,theologian,europe
22687,Q94905490,Johann Fritzsche,re_german_world,German world,1656.0,theologian,europe
25545,Q1574317,Johann Diedrich Lappenberg,re_german_world,German world,1672.0,theologian,europe
18889,Q18223126,Lucianus Montifontanus,re_german_world,German world,1630.0,mathematician,europe
25882,Q1698081,Johann Neldel,re_german_world,German world,1554.0,philosopher,europe
11491,Q2433234,Tilemann Olearius,re_german_world,German world,1600.0,theologian,europe
15224,Q2433241,Tilemann Platner,re_german_world,German world,1490.0,theologian,europe
12281,Q94852384,Andreas Birnbeck,re_german_world,German world,1639.0,theologian,europe
23157,Q102223,Johannes Trygophorus,re_german_world,German world,1497.0,theologian,europe
19513,Q16218088,Lucas Heinrich Thering,re_german_world,German world,1648.0,theologian,europe
24326,Q1693485,Johann Friderich,re_german_world,German world,1563.0,historian,europe
21316,Q1307732,Johann Gottfried Zeidler,re_german_world,German world,1655.0,theologian,europe
17339,Q20799207,Georg Heinrich Werndly,re_german_world,German world,1693.0,theologian,europe
9452,Q1297975,Nicolaus Staphorst,re_german_world,German world,1679.0,theologian,europe
23257,Q26721209,Anton Klingler,re_german_world,German world,1649.0,theologian,europe
25011,Q16561588,Jan Muthmann,re_german_world,German world,1685.0,theologian,europe
9769,Q1697508,Johannes Franke,re_german_world,German world,1545.0,botanist,europe
7705,Q96413122,Johann Ludwig Wenz [Wentz],re_german_world,German world,1699.0,mathematician,europe
14895,Q94935845,Paul Sartorius,re_german_world,German world,1561.0,theologian,europe
15814,Q1696424,Johann Ulrich Pregizer II,re_german_world,German world,1611.0,theologian,europe
10433,Q1271680,Johann Georg Adam von Hoheneck,re_german_world,German world,1669.0,historian,europe
9013,Q94811543,Johann Bartholomaei,re_german_world,German world,1623.0,philosopher,europe
5661,Q1085394,Christoph Lasius,re_german_world,German world,1504.0,theologian,europe
7723,Q94940635,Peter Hensler,re_german_world,German world,1699.0,theologian,europe
25017,Q16670908,Peter Ludwig le Roy,re_german_world,German world,1699.0,historian,europe
15599,Q1714529,Justus Heinrich Jenisch,re_german_world,German world,1690.0,theologian,europe
24624,Q94893095,Michael Bär,re_german_world,German world,1589.0,theologian,europe
22260,Q1696266,Johann Spangenberg,re_german_world,German world,1484.0,theologian,europe
29310,Q1262195,Johann Christoph Weiß,re_german_world,German world,1663.0,theologian,europe
5453,Q106356,Johann Fischer,re_german_world,German world,1633.0,theologian,europe
23835,Q20180771,Erasmus Stockmann,re_german_world,German world,1544.0,physicist | mathematician,europe
26531,Q1697264,Johannes Bissel,re_german_world,German world,1601.0,theologian | historian,europe
18518,Q4402242,Andreas Rüdiger,re_german_world,German world,1673.0,philosopher | physicist,europe
9948,Q1505568,Georg Pasch,re_german_world,German world,1661.0,theologian,europe
21619,Q7377212,Rudolf Hospinian,re_german_world,German world,1547.0,theologian,europe
15632,Q94936888,Daniel Thalius,re_german_world,German world,1544.0,mathematician,europe
4933,Q1302953,Simon Sten,re_german_world,German world,1540.0,historian,europe
20982,Q668134,Pier Paolo Vergerio,re_german_world,German world,1498.0,theologian,europe
6816,Q100257,Joachim Lütkemann,re_german_world,German world,1608.0,theologian,europe
11999,Q1599530,Henry of Gorkum,re_german_world,German world,1378.0,theologian | philosopher,europe
12766,Q55901431,Johann Achatius Koeler,re_german_world,German world,1663.0,physicist | mathematician,europe
14300,Q61631,Hieronymus Wolf,re_german_world,German world,1516.0,historian,europe
28163,Q1539181,Gottfried Geyser,re_german_world,German world,1699.0,theologian,europe
28149,Q836583,Hermannus Korner,re_german_world,German world,1365.0,historian,europe
22875,Q1511724,Gerhard Hecker,re_german_world,German world,1470.0,theologian,europe
27430,Q55674336,Joseph Preiß,re_german_world,German world,1657.0,theologian,europe
15209,Q20242663,Zacharias Brendel der Jüngere,re_german_world,German world,1592.0,chemist,europe
20812,Q1545109,Gregor Langemack,re_german_world,German world,1671.0,theologian,europe
22874,Q58465945,Andreas Alexander,re_german_world,German world,1475.0,mathematician,europe
26090,Q55874919,Paul Hachenberg,re_german_world,German world,1642.0,historian,europe
16092,Q1692962,Johann Christian Olearius,re_german_world,German world,1646.0,theologian,europe
10624,Q1696580,Johann Wilhelm Jan,re_german_world,German world,1681.0,theologian | historian,europe
19305,Q94935218,Christoph Siegfried,re_german_world,German world,1590.0,theologian,europe
10915,Q94934881,Christian Breithaupt,re_german_world,German world,1689.0,philosopher,europe
8294,Q103812,Johann Boldewan,re_german_world,German world,1485.0,theologian,europe
19933,Q1801364,Lambert Gedicke,re_german_world,German world,1683.0,theologian,europe
16647,Q24718493,Andreas Albrecht,re_german_world,German world,1586.0,mathematician,europe
7165,Q94530672,Paul Hansiz,re_german_world,German world,1645.0,historian,europe
23477,Q94912040,Georg Faber,re_german_world,German world,1575.0,philosopher,europe
25130,Q110267,Rudolph Clenck,re_german_world,German world,1528.0,theologian,europe
8403,Q21546637,Cornelis Cooltuyn,re_german_world,German world,1526.0,theologian,europe
13661,Q87637,Hieronymus Pez,re_german_world,German world,1685.0,historian,europe
11703,Q2427211,Thomas Schöpf,re_german_world,German world,1520.0,geographer,europe
23298,Q1408608,Hieronymus Weller,re_german_world,German world,1499.0,theologian,europe
28231,Q111051,Daniel Maichel,re_german_world,German world,1693.0,theologian | philosopher,europe
28170,Q254814,Jordanus of Giano,re_german_world,German world,1195.0,historian,europe
23261,Q21511550,Balthasar Ehrhart,re_german_world,German world,1700.0,paleontologist,europe
26034,Q1541778,Michael Keller,re_german_world,German world,1490.0,theologian,europe
29737,Q3179686,Johannes Nicolai,re_german_world,German world,1665.0,historian,europe
16642,Q15452620,Martin Friedrich Seidel,re_german_world,German world,1621.0,historian,europe
21775,Q90836,Johann Habermann,re_german_world,German world,1516.0,theologian,europe
16680,Q1078783,Christian Andreas Siber,re_german_world,German world,1662.0,theologian,europe
18456,Q2567495,Wichmann Kruse,re_german_world,German world,1464.0,theologian,europe
7312,Q73203,Leonhard Hutter,re_german_world,German world,1563.0,theologian,europe
28640,Q15435804,Anton Berckhusen,re_german_world,German world,1500.0,historian,europe
13431,Q1047828,Caspar Christian Voigt von Elspe,re_german_world,German world,1632.0,historian,europe
15662,Q55904857,Johann Ernst Andreae,re_german_world,German world,1674.0,theologian,europe
8566,Q60169361,Ulrik Steidler,re_german_world,German world,1500.0,philosopher,europe
20538,Q94938986,Friedrich Caspar Hagen,re_german_world,German world,1681.0,theologian,europe
21211,Q1727292,Nicolaus Rebhan,re_german_world,German world,1571.0,theologian,europe
21461,Q87525,Gabriel Zwilling,re_german_world,German world,1487.0,theologian,europe
19670,Q110063,Erasmus Oswald Schreckenfuchs,re_german_world,German world,1511.0,astronomer,europe
24263,Q1503617,Georg Basilius Brinckmann,re_german_world,German world,1662.0,theologian,europe
12937,Q1690983,Justus Reuber,re_german_world,German world,1542.0,historian,europe
27163,Q1696335,Johannes Streitberger,re_german_world,German world,1517.0,theologian,europe
24915,Q76579,Georgius Agricola,re_german_world,German world,1494.0,geologist | philosopher | historian | chemist,europe
11358,Q1551121,Nicolaus Nieremberger,re_german_world,German world,1648.0,theologian,europe
16603,Q18529461,Franc Staindl,re_german_world,German world,1675.0,philosopher,europe
18873,Q15455374,Michael Cobabus,re_german_world,German world,1610.0,theologian | mathematician,europe
11646,Q96461,Johannes Aurifaber,re_german_world,German world,1519.0,theologian,europe
25308,Q109091,Philipp Müller,re_german_world,German world,1585.0,mathematician,europe
12133,Q3180659,Johann Zwelfer,re_german_world,German world,1618.0,chemist,europe
27094,Q994864,Johann Reinhard Ziegler,re_german_world,German world,1569.0,astronomer,europe
22901,Q1489766,Gabriel Wagner,re_german_world,German world,1660.0,philosopher | mathematician | zoologist,europe
28545,Q1541120,Johann Friedrich Hodann,re_german_world,German world,1674.0,theologian,europe
11558,Q103073,Heinrich von Herford,re_german_world,German world,1326.0,historian,europe
16009,Q15054957,Johannes Tolhopff,re_german_world,German world,1445.0,astronomer,europe
5931,Q751273,Johannes Sibertus Kuffler,re_german_world,German world,1595.0,chemist,europe
25446,Q55125167,Philipp Lambacher,re_german_world,German world,1700.0,historian,europe
28040,Q110028,Hieronymus Harder,re_german_world,German world,1523.0,botanist,europe
23938,Q55679710,Johann Jakob Veith,re_german_world,German world,1631.0,theologian,europe
23466,Q1126921,Conrad Mel,re_german_world,German world,1666.0,theologian,europe
8728,Q18398871,Lorenc Jügler,re_german_world,German world,1692.0,zoologist,europe
14583,Q1782487,Konrad Öttinger,re_german_world,German world,1500.0,theologian,europe
9580,Q15808323,Erhard Cellius,re_german_world,German world,1546.0,historian,europe
12867,Q17414316,Georg Horn,re_german_world,German world,1542.0,theologian | historian,europe
10925,Q2424349,Thomas Grote,re_german_world,German world,1425.0,theologian,europe
8223,Q1483437,Kaspar Goldwurm,re_german_world,German world,1524.0,theologian,europe
8637,Q1697903,Johannes Kymeus,re_german_world,German world,1498.0,theologian,europe
12410,Q55676248,Andreas Unglenk,re_german_world,German world,1632.0,theologian,europe
12268,Q106163,Johann Deutschmann,re_german_world,German world,1625.0,theologian | philosopher,europe
23522,Q123900,Johann Jakob Scheuchzer,re_german_world,German world,1672.0,physicist | botanist | paleontologist | theologian | geographer | meteorologist,europe
8386,Q1526665,Johannes Langer,re_german_world,German world,1485.0,theologian,europe
9114,Q121400,Petermann Etterlin,re_german_world,German world,1430.0,historian,europe
27905,Q94820741,Heinrich Wilhelm von Frankenstein,re_german_world,German world,1680.0,theologian,europe
15922,Q1694905,Johann Jakob Lorez,re_german_world,German world,1697.0,theologian,europe
11684,Q21543540,Johann Kaspar Hagenbuch,re_german_world,German world,1700.0,theologian | historian,europe
17639,Q1581921,Hans Rebmann,re_german_world,German world,1499.0,theologian,europe
12479,Q111030,Georg Heinrich Zincke,re_german_world,German world,1692.0,economist,europe
23473,Q1290961,Philipp Friedrich Hane,re_german_world,German world,1696.0,theologian,europe
28183,Q60844923,Nicolaus Artopoeus,re_german_world,German world,1500.0,theologian,europe
5671,Q1677768,Magdalius Jacobus,re_german_world,German world,1470.0,theologian,europe
9858,Q74956,Antonia of Württemberg,re_german_world,German world,1613.0,theologian,europe
27877,Q1506334,Georg Wecker,re_german_world,German world,1566.0,physicist,europe
17962,Q1692847,Johann Caspar Bauhin,re_german_world,German world,1606.0,botanist,europe
12073,Q764109,August Stisser,re_german_world,German world,1671.0,theologian,europe
16822,Q15444401,Daniel Stahl,re_german_world,German world,1589.0,philosopher,europe
10463,Q1694062,Johann Glandorp,re_german_world,German world,1501.0,theologian,europe
5683,Q1679186,Jakob Köbel,re_german_world,German world,1462.0,mathematician,europe
9315,Q1581566,Johann Arnold Zeitfuchs,re_german_world,German world,1671.0,theologian,europe
27539,Q1100094,Clemens Sender,re_german_world,German world,1475.0,historian,europe
27288,Q65884,Sebastian Virdung,re_german_world,German world,1465.0,musicologist,europe
29255,Q1503975,Georg Klemens Finckh,re_german_world,German world,1687.0,theologian,europe
9150,Q1087100,Christoph Bulaeus,re_german_world,German world,1602.0,theologian,europe
7395,Q110601,Caspar Schatzgeyer,re_german_world,German world,1463.0,theologian,europe
6706,Q1503614,Georg Barth,re_german_world,German world,1600.0,theologian,europe
22660,Q55135794,Friedrich Werner,re_german_world,German world,1659.0,theologian,europe
24427,Q72306,Nicolaus Hieronymus Gundling,re_german_world,German world,1671.0,philosopher | historian,europe
23641,Q15429883,Bonifacius Stöltzlin,re_german_world,German world,1603.0,theologian,europe
23987,Q156902,Primož Trubar,re_german_world,German world,1508.0,theologian,europe
5157,Q98931,Johann Georg Albinus,re_german_world,German world,1624.0,theologian,europe
29696,Q94876631,Leonhard Andreä,re_german_world,German world,1606.0,theologian,europe
11543,Q59527659,Gregor Kolb,re_german_world,German world,1681.0,theologian | historian,europe
10798,Q1541536,Wilhelm Gumppenberg,re_german_world,German world,1609.0,theologian,europe
10091,Q975608,Johann Andreas Danz,re_german_world,German world,1654.0,theologian,europe
12902,Q64214522,Eberhard Rudolph Roth,re_german_world,German world,1646.0,philosopher,europe
12303,Q1504632,Georg Heinrich Bümler,re_german_world,German world,1669.0,musicologist,europe
4863,Q55673449,Hans Heinrich Ott,re_german_world,German world,1617.0,theologian,europe
24890,Q1692366,Johann Andreas Lutterodt,re_german_world,German world,1699.0,theologian,europe
15360,Q94919120,Johann Georg Fuchs,re_german_world,German world,1627.0,theologian,europe
25335,Q608155,Isaac de Beausobre,re_german_world,German world,1659.0,theologian,europe
19967,Q380644,Aegidius Strauch,re_german_world,German world,1583.0,theologian,europe
24820,Q1504410,Georg Gadner,re_german_world,German world,1522.0,geographer,europe
28828,Q1695450,Johann Martin Rauscher,re_german_world,German world,1592.0,theologian,europe
21252,Q110779744,Marcus Freund,re_german_world,German world,1603.0,astronomer | mathematician,europe
24887,Q95717,Matthias Knutzen,re_german_world,German world,1646.0,philosopher,europe
12047,Q55676044,Paul Petrejus,re_german_world,German world,1562.0,theologian,europe
10509,Q60769,Hieronymus Bock,re_german_world,German world,1498.0,botanist | zoologist,europe
9489,Q1690413,Joachim Rosenow,re_german_world,German world,1618.0,mathematician,europe
16263,Q338876,Matthias Qualle,re_german_world,German world,1470.0,philosopher,europe
20246,Q110136586,Georg Friedrich Niehenck,re_german_world,German world,1678.0,theologian,europe
22049,Q50234384,Johannes Malsius,re_german_world,German world,1505.0,theologian,europe
20340,Q1678968,Jakob Curio,re_german_world,German world,1497.0,mathematician,europe
19229,Q497618,Andreas Groshenning,re_german_world,German world,1590.0,theologian,europe
12467,Q1710269,Simon Leupold,re_german_world,German world,1517.0,theologian,europe
26378,Q76607,Friedrich Hoffmann,re_german_world,German world,1660.0,chemist,europe
8685,Q96317542,Johann Baptist Dillier,re_german_world,German world,1668.0,theologian,europe
5183,Q89121,Johann Franz Bessel,re_german_world,German world,1672.0,historian,europe
10632,Q29513373,Valentin Steinmetz,re_german_world,German world,1547.0,astronomer,europe
17991,Q1693343,Johann Erichson,re_german_world,German world,1700.0,theologian,europe
23082,Q1598246,Heinrich Maius,re_german_world,German world,1545.0,theologian,europe
16901,Q116008,Josias Simmler,re_german_world,German world,1530.0,theologian | historian,europe
10488,Q1084541,Christoph August Heumann,re_german_world,German world,1681.0,theologian,europe
12254,Q1689981,Joachim Betke,re_german_world,German world,1601.0,theologian,europe
12592,Q65187,Bartholomaeus Pitiscus,re_german_world,German world,1561.0,theologian | astronomer | mathematician,europe
21440,Q445967,Joachim Neander,re_german_world,German world,1650.0,theologian,europe
17468,Q55891447,Christoph Luthard,re_german_world,German world,1590.0,theologian,europe
11429,Q1698303,Johann Saubert,re_german_world,German world,1638.0,theologian,europe
22652,Q1620050,Hippolytus Steinwehr,re_german_world,German world,1500.0,theologian,europe
7628,Q91368,Johann Forster,re_german_world,German world,1496.0,theologian,europe
21707,Q19965480,Caspar Posner,re_german_world,German world,1626.0,physicist,europe
20395,Q71569,Hieronymus Münzer,re_german_world,German world,1437.0,geographer,europe
5001,Q55125161,Peter Lindeberg,re_german_world,German world,1562.0,historian,europe
9506,Q1692365,Johann Andreas Lucius,re_german_world,German world,1625.0,theologian,europe
5100,Q279495,Michael Eytzinger,re_german_world,German world,1530.0,historian,europe
24212,Q22693527,Georg Michael Preu,re_german_world,German world,1681.0,theologian,europe
28421,Q3014749,Daniel Tossanus,re_german_world,German world,1541.0,theologian,europe
23676,Q1697874,Johannes Krabbe,re_german_world,German world,1553.0,geographer | astronomer | mathematician,europe
8443,Q269687,Mechthild of Magdeburg,re_german_world,German world,1207.0,philosopher,europe
21081,Q16853696,Theodor Ludwig Lau,re_german_world,German world,1670.0,philosopher,europe
11103,Q2437992,Tobias Seiler,re_german_world,German world,1681.0,theologian,europe
17011,Q65356,Sethus Calvisius,re_german_world,German world,1556.0,musicologist | astronomer | mathematician,europe
17324,Q934879,Hermann Busenbaum,re_german_world,German world,1600.0,theologian,europe
8493,Q55676056,Johann Jakob Krebs,re_german_world,German world,1664.0,philosopher,europe
23250,Q1517199,Albert Ernst von Wartenberg,re_german_world,German world,1635.0,historian,europe
16216,Q1690353,Joachim Oporin,re_german_world,German world,1695.0,theologian,europe
29254,Q544385,Gottfried Heinrich Stölzel,re_german_world,German world,1690.0,musicologist,europe
25257,Q55852637,David Hottinger,re_german_world,German world,1685.0,historian,europe
26265,Q119611,Melchior Goldast,re_german_world,German world,1578.0,historian,europe
6569,Q1536134,Johann Samuel Trommsdorff,re_german_world,German world,1676.0,theologian,europe
25672,Q95768,David Origanus,re_german_world,German world,1558.0,astronomer | mathematician,europe
10140,Q68490,Hermann of Reichenau,re_german_world,German world,1013.0,musicologist | astronomer | historian | mathematician,europe
14042,Q20752193,Cyriak Blödtner,re_german_world,German world,1672.0,geographer,europe
21553,Q94924705,Christoph Urban,re_german_world,German world,1618.0,theologian,europe
5937,Q1300702,Jacob Stolterfoht,re_german_world,German world,1600.0,theologian,europe
24598,Q15454129,Zacharias Grape,re_german_world,German world,1671.0,theologian,europe
16087,Q94836479,Petrus Zweidler,re_german_world,German world,1570.0,geographer,europe
23885,Q55904266,Werner Leidenfrost,re_german_world,German world,1614.0,theologian,europe
9065,Q55100593,Joachim Schelenius,re_german_world,German world,1612.0,mathematician,europe
22831,Q55194271,Johann Friedrich Mieg,re_german_world,German world,1700.0,historian,europe
28858,Q1502558,Johann Textor,re_german_world,German world,1582.0,historian,europe
13652,Q77017,Jakob Böhme,re_german_world,German world,1575.0,theologian | philosopher,europe
8672,Q1677701,Jacob Melle,re_german_world,German world,1659.0,theologian | historian,europe
29257,Q21545959,Joachim Johann Mader,re_german_world,German world,1626.0,historian,europe
16511,Q63247523,Dominik Benedikt von Weber,re_german_world,German world,1689.0,anatomist,europe
16857,Q67958,Peter Binsfeld,re_german_world,German world,1545.0,theologian,europe
18428,Q27877140,Arnoldus Vesaliensis,re_german_world,German world,1484.0,theologian,europe
5754,Q6216102,Johann Ludwig Hannemann,re_german_world,German world,1640.0,chemist,europe
26930,Q91234512,Andreas Brummer,re_german_world,German world,1625.0,philosopher,europe
29664,Q3101305,Georg Gottfried Küster,re_german_world,German world,1695.0,historian,europe
18132,Q1598345,Heinrich Muhlius,re_german_world,German world,1666.0,theologian,europe
24375,Q55133974,Johann David Schwertner,re_german_world,German world,1658.0,theologian,europe
11503,Q1443060,Michael Walther,re_german_world,German world,1593.0,theologian,europe
29652,Q1692675,Johannes Bergius,re_german_world,German world,1587.0,theologian,europe
6185,Q500172,Andreas Reinhard,re_german_world,German world,1571.0,mathematician,europe
12407,Q28106504,Christoph Christian Händel,re_german_world,German world,1671.0,theologian,europe
11545,Q94920291,Martin Born,re_german_world,German world,1666.0,theologian,europe
9560,Q55682568,Johann Leonhard Bildstein,re_german_world,German world,1601.0,theologian,europe
27543,Q55848102,Adam Aigenler,re_german_world,German world,1635.0,mathematician,europe
8945,Q37475153,Johann Jacob Hainlin,re_german_world,German world,1588.0,mathematician,europe
6120,Q52154023,Tobias Magirus,re_german_world,German world,1586.0,philosopher,europe
6932,Q767769,Augustin Grischow,re_german_world,German world,1683.0,meteorologist | mathematician,europe
21602,Q500856,Andreas Stübel,re_german_world,German world,1653.0,theologian | philosopher,europe
27975,Q94934901,Andreas Maier,re_german_world,German world,1665.0,theologian,europe
11957,Q94908479,Lüder Kannengiesser,re_german_world,German world,1631.0,theologian | philosopher,europe
28352,Q75968285,Gallus Knauer,re_german_world,German world,1654.0,theologian,europe
28868,Q55679977,Jeremias Schelhammer,re_german_world,German world,1567.0,theologian,europe
21746,Q809352,Bartholomäus Gesius,re_german_world,German world,1562.0,theologian,europe
12012,Q15429441,Johann Christoph Richter,re_german_world,German world,1689.0,zoologist,europe
21476,Q1782485,Conrad Vorstius,re_german_world,German world,1569.0,theologian,europe
19294,Q15440397,Johann Wolf,re_german_world,German world,1653.0,theologian,europe
13029,Q15434438,Heinrich Bekelin,re_german_world,German world,1400.0,theologian,europe
26237,Q99794,Otto Casmann,re_german_world,German world,1562.0,philosopher,europe
4959,Q122572,Benedictus Aretius,re_german_world,German world,1522.0,theologian | botanist,europe
25316,Q1693638,Johann Friedrich Olearius,re_german_world,German world,1697.0,theologian,europe
29676,Q3605645,Adrian von Mynsicht,re_german_world,German world,1603.0,chemist,europe
8534,Q1690084,Joachim Friedrich Schmid,re_german_world,German world,1670.0,theologian,europe
9320,Q94577231,Odilo von Gutrath,re_german_world,German world,1665.0,geographer,europe
27378,Q1612752,Hermann Serges,re_german_world,German world,1500.0,theologian,europe
24990,Q88608,Joachim Justus Breithaupt,re_german_world,German world,1658.0,theologian,europe
27627,Q1991463,Nikolaus Glossenus,re_german_world,German world,1510.0,theologian,europe
14801,Q55677245,August Cademann,re_german_world,German world,1612.0,theologian,europe
11363,Q809340,Bartholomäus Anhorn der Jüngere,re_german_world,German world,1616.0,historian,europe
24061,Q2061644,Paul Pfinzing,re_german_world,German world,1554.0,geographer,europe
20103,Q125322,Johann Heinrich Ulrich,re_german_world,German world,1665.0,theologian,europe
10201,Q55122525,Konrad Heinrich Barckhausen,re_german_world,German world,1700.0,theologian,europe
27091,Q101802,Georg Aportanus,re_german_world,German world,1495.0,theologian,europe
6458,Q103188,Johann Osiander,re_german_world,German world,1657.0,theologian,europe
18471,Q79417165,Jacob Schmid,re_german_world,German world,1698.0,theologian,europe
27140,Q95607,Johann Schwebel,re_german_world,German world,1490.0,theologian,europe
16770,Q106186,Hermann von Kerssenbroch,re_german_world,German world,1519.0,historian,europe
21233,Q15450561,Georgius Acacius Ennenckel,re_german_world,German world,1573.0,historian,europe
29550,Q1297256,Nicolaus Schaten,re_german_world,German world,1608.0,historian,europe
19765,Q107865,Eberhard Billick,re_german_world,German world,1499.0,theologian,europe
18533,Q117744,Johann Conrad Peyer,re_german_world,German world,1653.0,anatomist,europe
16126,Q94866429,Johann Conrad Gebhard,re_german_world,German world,1651.0,theologian,europe
23209,Q118413,Kaspar Glatz,re_german_world,German world,1500.0,theologian,europe
11878,Q1694848,Johann Jakob Breitinger,re_german_world,German world,1575.0,theologian,europe
8077,Q94934252,Johann Jacob Ulrich,re_german_world,German world,1636.0,theologian,europe
11324,Q311231,Philipp Jakob Spener,re_german_world,German world,1635.0,theologian,europe
29663,Q96413785,Daniel Wolleb,re_german_world,German world,1692.0,philosopher,europe
22837,Q1698338,Johann Schiphower,re_german_world,German world,1463.0,historian,europe
28890,Q55193541,Michael Köchlin,re_german_world,German world,1478.0,historian,europe
9167,Q113425,Stanisław Lubieniecki,re_german_world,German world,1623.0,astronomer | historian,europe
28011,Q1496918,Gebhard Johann Essenius,re_german_world,German world,1688.0,theologian,europe
12900,Q94896988,Johann Ernst Hohenholtz,re_german_world,German world,1690.0,theologian,europe
12528,Q67273,David Denicke,re_german_world,German world,1603.0,theologian,europe
14115,Q708533,Karl Heinrich von Bogatzky,re_german_world,German world,1690.0,theologian,europe
27449,Q1082152,Christian Tubingius,re_german_world,German world,1500.0,historian,europe
14941,Q1079951,Christian Gottlieb Clug,re_german_world,German world,1699.0,theologian,europe
29187,Q122058,Philipp Gallicius,re_german_world,German world,1504.0,theologian,europe
13372,Q1085318,Christoph Knauth,re_german_world,German world,1638.0,botanist,europe
28772,Q1706766,Joseph Clauder,re_german_world,German world,1586.0,theologian,europe
23514,Q31161,Andreas Libavius,re_german_world,German world,1555.0,chemist,europe
15433,Q1010311,Burchardus Harbart,re_german_world,German world,1546.0,theologian,europe
5977,Q102458,Kaspar Ursinus Velius,re_german_world,German world,1493.0,historian,europe
16215,Q1698428,Johann Sperlette,re_german_world,German world,1661.0,philosopher,europe
11333,Q1176562,David Schwertner,re_german_world,German world,1625.0,theologian,europe
26157,Q975237,Louis Bourguet,re_german_world,German world,1678.0,philosopher | mathematician | geologist | archeologist | anthropologist,europe
23640,Q55193572,Georg Sohn,re_german_world,German world,1551.0,theologian,europe
29155,Q94935579,Christoph Schmid,re_german_world,German world,1652.0,theologian,europe
10802,Q1004128,Frutolf of Michelsberg,re_german_world,German world,1038.0,musicologist | historian,europe
17579,Q1447018,Franz Guillimann,re_german_world,German world,1570.0,historian,europe
24273,Q2571630,Wilhelm Adolf Scribonius,re_german_world,German world,1550.0,philosopher | botanist,europe
17281,Q100892,Ernst Sonnemann,re_german_world,German world,1630.0,theologian,europe
19247,Q94916273,Johann Christoph Gropp,re_german_world,German world,1684.0,theologian,europe
5560,Q1966801,Nathaniel St André,re_german_world,German world,1680.0,anatomist,europe
28415,Q94942385,Peter Kunz,re_german_world,German world,1688.0,philosopher,europe
21673,Q1366667,Esaias Stiefel,re_german_world,German world,1561.0,theologian,europe
25724,Q1697822,Johannes Karg,re_german_world,German world,1525.0,theologian | historian,europe
26705,Q61894,Johann Albert Fabricius,re_german_world,German world,1668.0,theologian | philosopher,europe
6619,Q696040,"William IV, Landgrave of Hesse-Kassel",re_german_world,German world,1532.0,astronomer,europe
5589,Q21415721,Johann Gottlob Horn,re_german_world,German world,1680.0,historian,europe
14363,Q16215744,Johann Friedrich Heunisch,re_german_world,German world,1661.0,theologian,europe
14343,Q91018,Magnus Agricola,re_german_world,German world,1556.0,theologian,europe
15812,Q1679389,Jacob Varmeier,re_german_world,German world,1600.0,astronomer,europe
8784,Q122152,Michael Gottlieb Hansch,re_german_world,German world,1683.0,philosopher,europe
9068,Q94917004,Johann Funck,re_german_world,German world,1643.0,theologian,europe
16163,Q77509,Daniel Schwenter,re_german_world,German world,1585.0,linguist | mathematician,europe
25790,Q2062473,Paul Slevogt,re_german_world,German world,1596.0,philosopher,europe
18641,Q3778928,Guglielmo Grataroli,re_german_world,German world,1516.0,philosopher,europe
19245,Q41688325,Christian Funck,re_german_world,German world,1659.0,historian,europe
7652,Q94886926,Bernhard Bernhardi,re_german_world,German world,1528.0,theologian,europe
12513,Q52149153,Jacob Reihing,re_german_world,German world,1579.0,theologian,europe
19617,Q71349,Veit Amerbach,re_german_world,German world,1503.0,theologian,europe
23594,Q94943552,Ulrich Zwingli,re_german_world,German world,1556.0,theologian,europe
16040,Q122848,Theodor Zwinger the Younger,re_german_world,German world,1597.0,theologian,europe
25619,Q71577,Christian Gottlieb Jöcher,re_german_world,German world,1694.0,linguist,europe
28206,Q55904777,Petrus Wittfeld,re_german_world,German world,1587.0,theologian,europe
18390,Q28872820,Christian Heinrich Erndel,re_german_world,German world,1676.0,botanist | meteorologist,europe
24932,Q2735514,Johannes Foeniseca,re_german_world,German world,1500.0,mathematician,europe
28585,Q15243346,Kaspar Kratzer,re_german_world,German world,1545.0,theologian,europe
25231,Q94864873,Antoine Matthieu,re_german_world,German world,1690.0,theologian,europe
7927,Q575772,Bernhard von Konstanz,re_german_world,German world,1050.0,historian,europe
19921,Q1313654,Johannes Lycaula,re_german_world,German world,1500.0,theologian,europe
13519,Q1434790,Johann Daniel Geier,re_german_world,German world,1660.0,zoologist,europe
24178,Q30905221,Johann Georg Wachter,re_german_world,German world,1673.0,linguist,europe
18343,Q21544065,Christoph Coler,re_german_world,German world,1570.0,historian,europe
10806,Q1415401,Martin Heins,re_german_world,German world,1610.0,theologian | historian,europe
29165,Q1911545,Mauritius Kramer,re_german_world,German world,1646.0,theologian,europe
9056,Q87424,Johann Jakob Rambach,re_german_world,German world,1693.0,theologian,europe
20565,Q23061525,Wilhelm Eisengrein,re_german_world,German world,1543.0,historian,europe
27935,Q1596866,Heinrich Bukow,re_german_world,German world,1500.0,theologian,europe
16699,Q16513462,Samuel Heiland,re_german_world,German world,1533.0,theologian,europe
6680,Q177578,Lelio Sozzini,re_german_world,German world,1525.0,theologian,europe
15651,Q1458801,Friedrich Daniel Lamprecht,re_german_world,German world,1687.0,theologian,europe
27268,Q1274893,Maximilian Mörlin,re_german_world,German world,1516.0,theologian,europe
14294,Q1279222,Eberhard Mesomylius,re_german_world,German world,1570.0,theologian,europe
19239,Q76684,Simon Marius,re_german_world,German world,1573.0,astronomer | mathematician,europe
17919,Q75717,Valentin Ernst Löscher,re_german_world,German world,1673.0,theologian,europe
21457,Q57639789,Cyriacus Lentulus,re_german_world,German world,1620.0,historian,europe
16773,Q1161090,Daniel Henrici,re_german_world,German world,1615.0,theologian,europe
9174,Q55909432,Heinrich Christian Tielcke,re_german_world,German world,1659.0,philosopher,europe
29734,Q62706,Johann Homann,re_german_world,German world,1664.0,geographer,europe
20513,Q75631,Werner Rolevinck,re_german_world,German world,1425.0,historian,europe
21939,Q78090,Johann Hommel,re_german_world,German world,1518.0,theologian | astronomer | mathematician,europe
29487,Q55675560,Friedrich Battier,re_german_world,German world,1658.0,theologian,europe
17844,Q1504689,Georg Helwich,re_german_world,German world,1588.0,historian,europe
24377,Q540799,Gregory of Rimini,re_german_world,German world,1300.0,theologian | philosopher,europe
8240,Q710665,John Dury,re_german_world,German world,1596.0,theologian | philosopher,europe
17020,Q111357,Christoph Matthäus Pfaff,re_german_world,German world,1686.0,theologian,europe
16353,Q2064215,Paul Götze,re_german_world,German world,1570.0,historian,europe
23967,Q1597655,Heinrich Horch,re_german_world,German world,1652.0,theologian,europe
26032,Q1928888,Michael Philipp Beuther,re_german_world,German world,1564.0,theologian,europe
5880,Q55136659,Johann Martin Schamel,re_german_world,German world,1668.0,theologian,europe
14987,Q3014490,Daniel Mögling,re_german_world,German world,1596.0,mathematician,europe
18011,Q55135833,Joachim Schröder,re_german_world,German world,1613.0,theologian,europe
13796,Q2075388,Peter Haberkorn,re_german_world,German world,1604.0,theologian,europe
21027,Q21545904,Wilhelm Mechov,re_german_world,German world,1618.0,historian,europe
29280,Q1348035,Erasmus Ebner,re_german_world,German world,1511.0,chemist,europe
24570,Q1695345,Johann Ludwig Gottfried,re_german_world,German world,1584.0,theologian,europe
23272,Q101080,Ludwig Crocius,re_german_world,German world,1586.0,theologian,europe
9321,Q108287,Gebhard XXV. von Alvensleben,re_german_world,German world,1619.0,historian,europe
16746,Q55122738,Andreas Ottomar Goelicke,re_german_world,German world,1671.0,anatomist,europe
27529,Q1599094,Heinrich Uffelmann,re_german_world,German world,1641.0,theologian,europe
21383,Q370777,Andreas Ryff,re_german_world,German world,1550.0,historian,europe
27435,Q2093220,Pierre Boquin,re_german_world,German world,1518.0,theologian,europe
6174,Q56556949,Andreas Wurm,re_german_world,German world,1455.0,theologian,europe
12452,Q88204310,Gerhard Grave,re_german_world,German world,1598.0,theologian,europe
26462,Q1334934,Richard Strein von Schwarzenau,re_german_world,German world,1538.0,historian,europe
8954,Q3762631,Gian Francesco Biondi,re_german_world,German world,1572.0,historian,europe
19198,Q1693018,Johann Christoph Ernesti,re_german_world,German world,1662.0,theologian,europe
23221,Q22071440,Johann Philipp Tonsor,re_german_world,German world,1621.0,theologian,europe
17637,Q1082178,Christian Vater,re_german_world,German world,1651.0,botanist,europe
24733,Q39933934,Johannes Cluto,re_german_world,German world,1600.0,theologian,europe
6224,Q94933750,Abraham Andreae,re_german_world,German world,1642.0,theologian,europe
24108,Q810169,Basil Valentine,re_german_world,German world,1394.0,chemist,europe
20069,Q110036,Person Gobelinus,re_german_world,German world,1358.0,historian,europe
6885,Q55673672,Nicolaus Haas,re_german_world,German world,1665.0,theologian,europe
10053,Q55857462,Abraham Musculus,re_german_world,German world,1534.0,theologian,europe
7632,Q1697827,Johannes Kentmann,re_german_world,German world,1518.0,zoologist,europe
5714,Q7150179,Paul Dax,re_german_world,German world,1503.0,geographer,europe
26331,Q94938665,Kaspar Hoch,re_german_world,German world,1693.0,theologian,europe
6245,Q122047,Durich Chiampell,re_german_world,German world,1510.0,theologian | historian,europe
10503,Q1693335,Johann Engelhard Steuber,re_german_world,German world,1693.0,theologian,europe
19886,Q15905920,Christoph Zeller,re_german_world,German world,1605.0,theologian,europe
14295,Q1047954,Caspar Landsidelius,re_german_world,German world,1514.0,philosopher,europe
16348,Q55193152,Stephan Isaak,re_german_world,German world,1542.0,theologian,europe
16158,Q1462713,Friedrich Wagner,re_german_world,German world,1693.0,theologian,europe
29226,Q92332,Matthias Hoe von Hoenegg,re_german_world,German world,1580.0,theologian,europe
16226,Q823773,Peter Zorn,re_german_world,German world,1682.0,theologian | linguist,europe
29152,Q999655,Johann Jakob Rüeger,re_german_world,German world,1548.0,theologian | historian,europe
12507,Q1458394,Friedrich Benedict Carpzov,re_german_world,German world,1649.0,historian,europe
15913,Q70053,Konrad Mutian,re_german_world,German world,1470.0,philosopher,europe
27900,Q94910188,Theodor Batt,re_german_world,German world,1672.0,historian,europe
20884,Q99677,Konrad Victor Schneider,re_german_world,German world,1614.0,anatomist,europe
28256,Q1084838,Christoph Fäsch,re_german_world,German world,1611.0,historian,europe
16514,Q1694790,Johannes Isenmann,re_german_world,German world,1495.0,theologian,europe
10635,Q55902965,Wolfgang Dominicus Beer,re_german_world,German world,1640.0,theologian,europe
15317,Q3768321,Giovanni Valentino Gentile,re_german_world,German world,1515.0,theologian,europe
19700,Q1378981,Nicolaus Zapf,re_german_world,German world,1600.0,theologian,europe
9180,Q55123438,Jakob Bornitz,re_german_world,German world,1565.0,economist,europe
4838,Q22691480,Johannes Michael Budorensis,re_german_world,German world,1550.0,astronomer,europe
19000,Q350677,Adam Rechenberg,re_german_world,German world,1642.0,theologian,europe
9558,Q1567985,Paul Heigel,re_german_world,German world,1640.0,theologian | mathematician,europe
29284,Q6215574,Johann Alexander Brassicanus,re_german_world,German world,1500.0,theologian,europe
24557,Q1079562,Christian Friedrich Bauer,re_german_world,German world,1696.0,theologian,europe
15675,Q1593139,Hector Mithob,re_german_world,German world,1600.0,theologian,europe
25726,Q124121,Franciscus Irenicus,re_german_world,German world,1495.0,theologian | historian,europe
27781,Q1232944,Sigismund Gelenius,re_german_world,German world,1497.0,linguist | philosopher,europe
27779,Q3526478,Théodore Peeters,re_german_world,German world,1567.0,theologian,europe
13300,Q1617229,Alfonso de Valdés,re_german_world,German world,1490.0,theologian | philosopher,europe
28679,Q1694660,Johann Hoepner,re_german_world,German world,1582.0,theologian,europe
21240,Q12795534,Maximilian Galler,re_german_world,German world,1669.0,philosopher,europe
14908,Q75930,Nicholas Storch,re_german_world,German world,1500.0,theologian,europe
17089,Q477281,Amplonius Ratinck de Berka,re_german_world,German world,1363.0,theologian,europe
12393,Q1080824,Christian Lyser,re_german_world,German world,1624.0,theologian,europe
26753,Q55228443,Carlo Granelli,re_german_world,German world,1671.0,archeologist | historian,europe
29047,Q1419061,Johannes Pontisella,re_german_world,German world,1552.0,theologian,europe
15642,Q55134276,Quirinus Reuter,re_german_world,German world,1558.0,theologian,europe
27720,Q1571299,Johannes Gisenius,re_german_world,German world,1577.0,theologian,europe
18076,Q68675,Martin Zeiler,re_german_world,German world,1589.0,geographer,europe
9358,Q351125,Adam Weiß,re_german_world,German world,1490.0,theologian,europe
9494,Q892507,Bonifacius Wolfhart,re_german_world,German world,1490.0,theologian,europe
13104,Q1697921,Johannes Lamside,re_german_world,German world,1400.0,theologian,europe
28397,Q15907048,Johann Christian Neu,re_german_world,German world,1668.0,theologian,europe
7043,Q55676273,Jacob Daniel Humbert,re_german_world,German world,1643.0,theologian,europe
9235,Q94937019,Christoph Schumacher,re_german_world,German world,1669.0,theologian,europe
14256,Q1692904,Johann Christian Ernesti,re_german_world,German world,1695.0,theologian,europe
14646,Q99451,Paul Jenisch,re_german_world,German world,1551.0,theologian,europe
9635,Q12025770,Johann Kunsch von Breitenwald,re_german_world,German world,1620.0,theologian,europe
27586,Q15290301,Peter Werenfels,re_german_world,German world,1627.0,theologian,europe
13241,Q1496962,Gebhardt Theodor Meier,re_german_world,German world,1633.0,theologian,europe
16551,Q354813,Notker the Stammerer,re_german_world,German world,840.0,musicologist | historian,europe
11430,Q139529,Zacharias Stampeel,re_german_world,German world,1654.0,theologian,europe
22420,Q90922,Matthias Hafenreffer,re_german_world,German world,1561.0,theologian | mathematician,europe
22454,Q74709,Christoph Rothmann,re_german_world,German world,1560.0,astronomer | mathematician,europe
13389,Q1696423,Johann Ulrich Pregizer III,re_german_world,German world,1647.0,historian,europe
14006,Q1519486,Johann Reiske,re_german_world,German world,1641.0,historian,europe
14038,Q1417081,Wolfgang Gundling,re_german_world,German world,1637.0,theologian,europe
26683,Q1693414,Johann Fabricius,re_german_world,German world,1644.0,theologian,europe
19504,Q55120830,Johann Frisch,re_german_world,German world,1636.0,theologian,europe
26728,Q78059414,Johann Rudolf Brunner,re_german_world,German world,1698.0,theologian | philosopher,europe
14760,Q1352704,Michael of Cesena,re_german_world,German world,1270.0,theologian | philosopher,europe
27525,Q1692629,Johann Barthold Niemeier,re_german_world,German world,1644.0,theologian,europe
18286,Q1296826,Jacob Loss,re_german_world,German world,1596.0,theologian,europe
14962,Q1645992,Josua Opitz,re_german_world,German world,1542.0,theologian,europe
15921,Q1080904,Christian Ludwig Henneberg,re_german_world,German world,1637.0,theologian,europe
13692,Q83428,Paracelsus,re_german_world,German world,1493.0,astronomer | philosopher | chemist | anatomist,europe
29205,Q1693310,Johann Ehrenfried Zschackwitz,re_german_world,German world,1669.0,historian,europe
29369,Q95346472,Johann Georg Ansorg,re_german_world,German world,1685.0,theologian,europe
15724,Q1262294,Friedemann Bechmann,re_german_world,German world,1628.0,theologian,europe
11897,Q816951,Benedikt Gottlieb Clauswitz,re_german_world,German world,1692.0,theologian,europe
10190,Q1497608,Johann Jacob Spreng,re_german_world,German world,1699.0,theologian | historian,europe
22618,Q1694492,Johann Heinrich Schramm,re_german_world,German world,1676.0,theologian | historian,europe
24922,Q63777,Johann Beringer,re_german_world,German world,1667.0,philosopher | paleontologist,europe
15374,Q29167968,Joachim Gesenius,re_german_world,German world,1644.0,theologian,europe
21975,Q60024932,Krištof Wegleiter,re_german_world,German world,1659.0,theologian,europe
22805,Q351062,Adam Theodor Siber,re_german_world,German world,1563.0,linguist,europe
22090,Q544169,Erasmus Reinhold,re_german_world,German world,1511.0,astronomer | mathematician,europe
16870,Q819901,Ebbo,re_german_world,German world,778.0,theologian,europe
25537,Q1374486,Nikolaus Beuck,re_german_world,German world,1523.0,theologian,europe
26791,Q67095,Jeremias Drexel,re_german_world,German world,1581.0,theologian,europe
16307,Q1333835,Vincenz Paravicini,re_german_world,German world,1595.0,theologian,europe
12717,Q123608,Thomas of Erfurt,re_german_world,German world,1300.0,philosopher,europe
21794,Q55673439,Joseph Fitterer,re_german_world,German world,1695.0,theologian,europe
11955,Q109588126,Johann Weingärtner,re_german_world,German world,1643.0,theologian,europe
8511,Q1501346,Heinrich Eckhard,re_german_world,German world,1580.0,theologian,europe
26230,Q1819252,Leonhard Marstaller,re_german_world,German world,1488.0,theologian,europe
15997,Q1765525,Michael Strauch,re_german_world,German world,1635.0,mathematician,europe
23202,Q1597679,Heinrich Höck,re_german_world,German world,1700.0,theologian,europe
28957,Q1609457,Herbord Schene,re_german_world,German world,1330.0,historian,europe
27921,Q71289,Johann Georg von Eckhart,re_german_world,German world,1664.0,historian,europe
21534,Q15456801,Christian August Salig,re_german_world,German world,1692.0,theologian | historian,europe
16507,Q315437,Antonius Corvinus,re_german_world,German world,1501.0,theologian,europe
17600,Q1476321,Konrad Barthold Behrens,re_german_world,German world,1660.0,historian,europe
5546,Q108400,Peter Kolbe,re_german_world,German world,1675.0,astronomer | zoologist,europe
11731,Q1515640,Wilhelm Ernst Starke,re_german_world,German world,1692.0,theologian,europe
8646,Q1443178,Heinrich Velsten,re_german_world,German world,1580.0,philosopher,europe
26785,Q94936567,Adam Ursinus,re_german_world,German world,1524.0,theologian,europe
23170,Q92410,Georg Wolfgang Wedel,re_german_world,German world,1645.0,botanist | linguist | philosopher | chemist,europe
10729,Q95638,Georg Rhau,re_german_world,German world,1488.0,musicologist,europe
14681,Q1652980,Johann Michael Heusinger,re_german_world,German world,1690.0,theologian,europe
24153,Q1648579,Johann Heinrich Michaelis,re_german_world,German world,1668.0,theologian,europe
17266,Q47085330,Johann Heinrich Schütte,re_german_world,German world,1694.0,anatomist,europe
11843,Q63188,Nicolaus von Amsdorf,re_german_world,German world,1483.0,theologian,europe
6273,Q892133,Bonaventura Rehefeld,re_german_world,German world,1610.0,theologian,europe
7587,Q102359,Gerhard Wolter Molanus,re_german_world,German world,1633.0,theologian,europe
23497,Q1405964,Ferdinand von Fürstenberg,re_german_world,German world,1626.0,historian,europe
10784,Q552370,Johann Adam Steinmetz,re_german_world,German world,1689.0,theologian,europe
7615,Q91741,Eckebert,re_german_world,German world,1200.0,theologian,europe
23281,Q805645,Balthasar Rhaw,re_german_world,German world,1527.0,theologian | historian,europe
28879,Q1504686,Georg Helt,re_german_world,German world,1485.0,theologian,europe
26589,Q57661082,Johann Faccius,re_german_world,German world,1698.0,philosopher,europe
11796,Q12789066,Franc Domenik Kalin,re_german_world,German world,1624.0,historian,europe
22590,Q12796521,Mihael Poldt,re_german_world,German world,1548.0,theologian,europe
14691,Q77562,Johann Albrecht Bengel,re_german_world,German world,1687.0,theologian,europe
22312,Q2367783,Abraham de Wicquefort,re_german_world,German world,1606.0,historian,europe
11365,Q1698386,Johann Schwertfeger,re_german_world,German world,1488.0,theologian,europe
15220,Q90829,Christian Röhrensee,re_german_world,German world,1641.0,historian | political scientist,europe
23075,Q60756,Leonhart Fuchs,re_german_world,German world,1501.0,botanist,europe
17355,Q94933772,Johann Sauer,re_german_world,German world,1621.0,theologian,europe
22810,Q98446,Marquard Gude,re_german_world,German world,1635.0,archeologist | anthropologist,europe
18900,Q5580,Albrecht Dürer,re_german_world,German world,1471.0,art theorist | mathematician,europe
10272,Q56574191,Jacob Amling,re_german_world,German world,1630.0,mathematician,europe
16480,Q1598462,Heinrich Papenburger,re_german_world,German world,1558.0,theologian,europe
21072,Q55876135,Philipp Ludwig Dreyßigmark,re_german_world,German world,1676.0,theologian,europe
8323,Q58662,Petrus Apianus,re_german_world,German world,1495.0,geographer | astronomer | mathematician,europe
25313,Q78106587,Ernst Stisser,re_german_world,German world,1595.0,theologian,europe
25217,Q214522,Johann Wolff,re_german_world,German world,1537.0,theologian | historian,europe
24380,Q308161,Abdias Praetorius,re_german_world,German world,1524.0,theologian,europe
10120,Q19958969,Heinrich von Berching,re_german_world,German world,1355.0,theologian,europe
17161,Q94933742,Johann Caspar Waser,re_german_world,German world,1612.0,theologian,europe
6240,Q99531304,Gregorius Anton Heller,re_german_world,German world,1603.0,theologian,europe
19128,Q58325052,Gabriel Bergier,re_german_world,German world,1659.0,theologian,europe
25193,Q15454162,Hermann Christoph Engelcken,re_german_world,German world,1679.0,theologian,europe
18557,Q1697597,Johannes Gunckel,re_german_world,German world,1486.0,physicist,europe
24976,Q497094,Andreas Fabricius,re_german_world,German world,1528.0,theologian,europe
19768,Q1781911,Conrad Bachmann,re_german_world,German world,1572.0,historian,europe
28448,Q805629,Balthasar Mentzer,re_german_world,German world,1614.0,theologian,europe
16756,Q1690602,Joachim Zehner,re_german_world,German world,1566.0,theologian | philosopher,europe
7458,Q1277022,Henry of Oyta,re_german_world,German world,1330.0,theologian,europe
20150,Q117240,Josua Maaler,re_german_world,German world,1529.0,theologian,europe
7725,Q15820676,Jakob Bierbrauer,re_german_world,German world,1673.0,theologian,europe
16166,Q55675311,Christian Friedrich Wilisch,re_german_world,German world,1684.0,theologian,europe
7583,Q15455966,Johann Anton Strubberg,re_german_world,German world,1696.0,theologian,europe
22187,Q15428098,Paul Floren,re_german_world,German world,1550.0,theologian,europe
14916,Q1692372,Johann Andreas Stisser,re_german_world,German world,1657.0,botanist | chemist,europe
12557,Q5629876,"Herman IV, Landgrave of Hesse-Rotenburg",re_german_world,German world,1607.0,anatomist,europe
25365,Q55126091,Christian Detlev Rhode,re_german_world,German world,1653.0,theologian | historian,europe
14757,Q27431168,David Constant,re_german_world,German world,1638.0,theologian | philosopher,europe
22631,Q59653459,Elias Libor Roblik,re_german_world,German world,1689.0,theologian,europe
18221,Q15821313,Johann Ketzmann,re_german_world,German world,1487.0,theologian,europe
12489,Q57403,Wilhelm Schickard,re_german_world,German world,1592.0,theologian | astronomer | mathematician,europe
13773,Q21034899,Johann Balthasar Ritter,re_german_world,German world,1674.0,theologian,europe
21759,Q1036009,Gábor Hevenesi,re_german_world,German world,1656.0,historian,europe
5277,Q1254428,Giovanni Jacopo de Marinoni,re_german_world,German world,1676.0,astronomer | mathematician,europe
18406,Q55134307,Anton Roschmann,re_german_world,German world,1694.0,historian,europe
12701,Q1696487,Johann Vogt,re_german_world,German world,1695.0,theologian | historian,europe
25265,Q77212,Johann Joachim Quantz,re_german_world,German world,1697.0,musicologist,europe
8268,Q154526,Einhard,re_german_world,German world,770.0,historian,europe
7477,Q1697598,Johann Guler von Weineck,re_german_world,German world,1562.0,historian,europe
19489,Q21704957,Georg Hieronymus Welsch,re_german_world,German world,1624.0,zoologist,europe
10026,Q109244,Adam of Bremen,re_german_world,German world,1100.0,theologian | geographer | historian,europe
19660,Q1598713,Heinrich Scharbau,re_german_world,German world,1689.0,theologian,europe
10181,Q77394,Adalbert,re_german_world,German world,910.0,historian,europe
12039,Q15428720,Reinhard Gaißlin,re_german_world,German world,1480.0,theologian,europe
10803,Q2508286,Valentin Ferdinand Gudenus,re_german_world,German world,1679.0,historian,europe
7177,Q94910925,Johannes Fuchs,re_german_world,German world,1626.0,theologian,europe
23047,Q90830,Jacobus Theodorus Tabernaemontanus,re_german_world,German world,1522.0,botanist,europe
20191,Q2476003,Ulrich Hugwald,re_german_world,German world,1496.0,historian,europe
11719,Q1505429,Georg Moebius,re_german_world,German world,1616.0,theologian,europe
13225,Q1678992,Jakob Elsner,re_german_world,German world,1692.0,theologian,europe
28246,Q65260,Johann Lorenz von Mosheim,re_german_world,German world,1694.0,theologian | philosopher | historian,europe
7947,Q26820818,Johann Conrad Klemm,re_german_world,German world,1655.0,theologian,europe
27039,Q94931056,Jakob Wetter,re_german_world,German world,1689.0,theologian,europe
10357,Q1525183,Johann Lachmann,re_german_world,German world,1491.0,theologian,europe
20014,Q1919124,Melchior Fendt,re_german_world,German world,1486.0,physicist,europe
11557,Q94916470,Christoph Bezzel,re_german_world,German world,1692.0,theologian,europe
17990,Q2061272,Paulus Merula,re_german_world,German world,1558.0,geographer | historian,europe
6242,Q1126685,Conrad Buno,re_german_world,German world,1613.0,geographer,europe
5978,Q1697538,Johannes Gallus,re_german_world,German world,1525.0,theologian,europe
15262,Q471392,Albert of Stade,re_german_world,German world,1200.0,historian,europe
23091,Q1687565,Jeremias Rebstock,re_german_world,German world,1602.0,theologian,europe
21024,Q75797,Michael Maestlin,re_german_world,German world,1550.0,astronomer | mathematician,europe
9574,Q1929719,Michael Walther,re_german_world,German world,1638.0,theologian | mathematician,europe
14774,Q1162690,Daniel Severin Scultetus,re_german_world,German world,1645.0,theologian,europe
12323,Q95298718,Johann Georg Schalch,re_german_world,German world,1609.0,theologian,europe
22027,Q99914,Caspar Neumann,re_german_world,German world,1683.0,chemist,europe
27806,Q15449662,Paul Zeidler,re_german_world,German world,1548.0,theologian,europe
11772,Q1254839,Johann Michael Gigas,re_german_world,German world,1582.0,astronomer | mathematician,europe
25037,Q1176429,David Runge,re_german_world,German world,1564.0,theologian,europe
27792,Q10882562,Alexander of Roes,re_german_world,German world,1225.0,theologian,europe
15304,Q55193335,Johann Schmidt,re_german_world,German world,1639.0,theologian,europe
17808,Q90081,Christoph Brouwer,re_german_world,German world,1559.0,historian,europe
25514,Q1927161,Michael Christian Rusmeyer,re_german_world,German world,1686.0,theologian,europe
19593,Q61297,Rudolf Jakob Camerarius,re_german_world,German world,1665.0,botanist | zoologist,europe
5090,Q1695125,Johann Kaspar Schade,re_german_world,German world,1666.0,theologian,europe
10094,Q5564030,Giovanni de Galliano Pieroni,re_german_world,German world,1586.0,astronomer | mathematician,europe
21669,Q87748,Jacob Friedrich Reimmann,re_german_world,German world,1668.0,theologian | historian,europe
28056,Q1873609,Lucius Papa,re_german_world,German world,1566.0,theologian,europe
14639,Q98447,Jeremias Friedrich Reuß,re_german_world,German world,1700.0,theologian,europe
24571,Q1441646,Gerd Slewert,re_german_world,German world,1492.0,theologian,europe
13932,Q15452360,Hubert Sturm,re_german_world,German world,1547.0,theologian,europe
18867,Q27583741,Gerhard von Mastricht,re_german_world,German world,1639.0,historian,europe
13754,Q65923229,David Bein,re_german_world,German world,1630.0,theologian,europe
24191,Q1085454,Christoph Ludwig Schwarzenau,re_german_world,German world,1647.0,theologian,europe
22026,Q98433,Johannes Bonemilch,re_german_world,German world,1434.0,theologian,europe
27516,Q1458096,Fridericus Amann,re_german_world,German world,1400.0,astronomer | mathematician,europe
23344,Q38221086,Rudolf Christian Wagner,re_german_world,German world,1671.0,physicist | mathematician,europe
18297,Q1350166,Jakob Funckelin,re_german_world,German world,1520.0,theologian,europe
6550,Q56544363,Lorenz Anton Dercum,re_german_world,German world,1650.0,botanist,europe
18405,Q93844540,Christoph Meurer,re_german_world,German world,1558.0,mathematician,europe
20355,Q1421533,Johannes Gujan,re_german_world,German world,1668.0,theologian,europe
8889,Q97502,Valentin Alberti,re_german_world,German world,1635.0,theologian | philosopher,europe
20906,Q15440232,Johann Andreas Gleich,re_german_world,German world,1666.0,theologian,europe
13356,Q2433244,Tilemann Schnabel,re_german_world,German world,1475.0,theologian,europe
19340,Q98514,Christoph Helvig,re_german_world,German world,1581.0,historian,europe
23793,Q21543490,Johann Friedrich Nolte,re_german_world,German world,1694.0,theologian,europe
18435,Q56025778,Winandus de Stega,re_german_world,German world,1371.0,theologian,europe
9222,Q1910179,Matthias Nethenus,re_german_world,German world,1618.0,theologian,europe
28429,Q2218175,Samuel Edel,re_german_world,German world,1593.0,theologian,europe
25899,Q71855,Georg Bernhard Bilfinger,re_german_world,German world,1693.0,philosopher | physicist | mathematician,europe
14953,Q58637188,Georg Müller,re_german_world,German world,1603.0,theologian,europe
23725,Q94942236,Lucas Schröder,re_german_world,German world,1649.0,theologian,europe
13141,Q3174858,Jean Tronchin Dubreuil,re_german_world,German world,1641.0,historian,europe
29046,Q98909462,Johann Leonhard Graff,re_german_world,German world,1668.0,mathematician,europe
17394,Q20817372,Heino Lambeck,re_german_world,German world,1586.0,mathematician,europe
8645,Q1698432,Johannes Spreter,re_german_world,German world,1500.0,theologian,europe
29576,Q103856,Bartholomaeus Arnoldi,re_german_world,German world,1465.0,theologian,europe
22833,Q1078800,Christian Arnd,re_german_world,German world,1623.0,theologian | logician,europe
24585,Q89822,Christian Knaut,re_german_world,German world,1656.0,botanist,europe
6183,Q95679473,Burchard Tappius,re_german_world,German world,1634.0,theologian,europe
16811,Q1223914,Dietrich Loher,re_german_world,German world,1495.0,theologian,europe
11480,Q84770,Paolo Riccio,re_german_world,German world,1480.0,theologian | philosopher | mathematician,europe
22927,Q1763204,Samuel Faber,re_german_world,German world,1657.0,historian,europe
28383,Q1641238,Samuel Pomarius,re_german_world,German world,1624.0,theologian,europe
18334,Q2064229,Paulus Klautendorffer,re_german_world,German world,1600.0,theologian,europe
21674,Q94781057,Kaspar von Moos,re_german_world,German world,1582.0,theologian,europe
12075,Q2078659,Peter Thomäus,re_german_world,German world,1500.0,philosopher,europe
8115,Q19963286,Johann Moritz Hoffmann,re_german_world,German world,1653.0,anatomist,europe
28994,Q109044,Adam Tanner,re_german_world,German world,1572.0,theologian | philosopher,europe
23913,Q2417341,Theodor Berckelmann,re_german_world,German world,1576.0,theologian,europe
9911,Q1085217,Christoph Irenäus,re_german_world,German world,1522.0,theologian,europe
19915,Q125214,Johannes Scheuchzer,re_german_world,German world,1684.0,botanist,europe
5006,Q15456273,Helias Putschen,re_german_world,German world,1580.0,historian,europe
27358,Q1173604,David Auerbach,re_german_world,German world,1599.0,theologian,europe
8022,Q1647335,Johann Georg Lairitz,re_german_world,German world,1647.0,theologian | historian,europe
12721,Q1505815,Georg Saluz,re_german_world,German world,1571.0,theologian,europe
20058,Q21543865,Johann Kaspar Suicerus,re_german_world,German world,1620.0,theologian,europe
11331,Q704472,Marsilius of Inghen,re_german_world,German world,1335.0,philosopher,europe
12886,Q87861,Bernhard Pez,re_german_world,German world,1683.0,historian,europe
20894,Q21544013,Johannes Thomas Freig,re_german_world,German world,1543.0,philosopher,europe
23544,Q94886706,Leonhard Nimis,re_german_world,German world,1646.0,theologian,europe
27961,Q16646009,Johannes Cuno,re_german_world,German world,1463.0,theologian,europe
14885,Q1694540,Johann Heinrich Heucher,re_german_world,German world,1677.0,botanist | physicist | geologist,europe
20553,Q71071,David of Augsburg,re_german_world,German world,1200.0,theologian,europe
10084,Q19936339,Elizej Sargar,re_german_world,German world,1625.0,theologian | philosopher,europe
27335,Q809290,Barthold Janus,re_german_world,German world,1600.0,theologian,europe
16070,Q19826529,Wendelinus Steinbach,re_german_world,German world,1454.0,theologian,europe
5774,Q14933262,Johann Peter Lotichius,re_german_world,German world,1598.0,historian,europe
29660,Q1819298,Leonhard Ursinus,re_german_world,German world,1618.0,botanist,europe
24010,Q1279821,Ebert Baldewein,re_german_world,German world,1525.0,astronomer,europe
25633,Q16211504,Isaac Jacquelot,re_german_world,German world,1647.0,theologian,europe
27713,Q94904368,Peter van der Vorst,re_german_world,German world,1500.0,theologian,europe
18846,Q1726701,Timotheus Lütkemann,re_german_world,German world,1671.0,theologian,europe
14668,Q94928439,Johann Georg Dietz,re_german_world,German world,1667.0,theologian,europe
7137,Q55849443,Heinrich Christoph Ebell,re_german_world,German world,1652.0,mathematician,europe
13005,Q18626315,Johann Conrad Musculus,re_german_world,German world,1587.0,mathematician,europe
8049,Q1413855,Johannes Andreae,re_german_world,German world,1554.0,theologian,europe
19058,Q1735066,Kaspar Kantz,re_german_world,German world,1483.0,theologian,europe
15697,Q106336,Eleazar of Worms,re_german_world,German world,1160.0,theologian,europe
25155,Q1696128,Johann Schmid,re_german_world,German world,1649.0,theologian,europe
12137,Q19288533,Jodok Mörlin,re_german_world,German world,1490.0,philosopher,europe
12325,Q91179,Johannes Bohn,re_german_world,German world,1640.0,anatomist,europe
13345,Q1447051,Johann Christoph Olearius,re_german_world,German world,1668.0,theologian | historian,europe
10685,Q99609,Daniel Georg Morhof,re_german_world,German world,1639.0,historian,europe
28104,Q15457002,Joachimus Illyes,re_german_world,German world,1535.0,theologian,europe
25662,Q311378,Johann Joseph Fux,re_german_world,German world,1660.0,musicologist,europe
