,wikidata_id,individual_name,region_code,region_name,birthyear,meta_occupation,meta_region
0,Q316119,Gnaeus Pompeius Trogus,re_latin,Latin World,-100.0,historian,antiquity
1,Q782074,Claudianus Mamertus,re_latin,Latin World,420.0,theologian | philosopher,antiquity
2,Q182123,Irenaeus,re_latin,Latin World,130.0,theologian | philosopher,antiquity
3,Q44344,Hilary of Poitiers,re_latin,Latin World,315.0,theologian | philosopher,antiquity
4,Q1430,Marcus Aurelius,re_latin,Latin World,121.0,philosopher,antiquity
5,Q313795,John Cassian,re_latin,Latin World,360.0,theologian,antiquity
6,Q50082878,Jess Wade,re_latin,Latin World,2.0,physicist,antiquity
7,Q723645,Victorius of Aquitaine,re_latin,Latin World,450.0,astronomer | mathematician,antiquity
8,Q209102,Lactantius,re_latin,Latin World,250.0,philosopher | historian,antiquity
9,Q2891791,Latinius Pacatus Drepanius,re_latin,Latin World,400.0,historian,antiquity
10,Q2161,Tacitus,re_latin,Latin World,54.0,philosopher | historian,antiquity
11,Q885870,Victorinus Junior,re_latin,Latin World,300.0,historian,antiquity
12,Q239448,Pompeia Plotina,re_latin,Latin World,70.0,philosopher,antiquity
13,Q532684,Salvian,re_latin,Latin World,400.0,theologian | historian,antiquity
14,Q336704,Sulpicius Severus,re_latin,Latin World,360.0,historian,antiquity
15,Q297515,Pomponius Mela,re_latin,Latin World,15.0,geographer | historian,antiquity
16,Q188646,Lucan,re_latin,Latin World,39.0,historian,antiquity
17,Q535060,Terentianus,re_latin,Latin World,150.0,linguist,antiquity
18,Q10133,Suetonius,re_latin,Latin World,70.0,historian,antiquity
19,Q109998607,Tommaso Massarini,re_latin,Latin World,18.0,historian,antiquity
20,Q656891,Arulenus Rusticus,re_latin,Latin World,35.0,philosopher,antiquity
21,Q207113,Hippolytus,re_latin,Latin World,170.0,theologian,antiquity
22,Q755297,Athenaeus Mechanicus,re_latin,Latin World,-199.0,philosopher | mathematician,antiquity
23,Q74243,Marcus Cluvius Rufus,re_latin,Latin World,50.0,historian,antiquity
24,Q506540,Didymus Chalcenterus,re_latin,Latin World,-62.0,linguist,antiquity
25,Q248733,Eusebius of Myndus,re_latin,Latin World,300.0,philosopher,antiquity
26,Q311835,Pittacus of Mytilene,re_greek_world,Greek World,-650.0,philosopher,antiquity
27,Q708247,Gaius Marius Victorinus,re_latin,Latin World,290.0,theologian | philosopher,antiquity
28,Q134189,Plotinus,re_latin,Latin World,205.0,philosopher,antiquity
29,Q594441,Publius Clodius Thrasea Paetus,re_latin,Latin World,100.0,philosopher,antiquity
30,Q706319,Marinus of Tyre,re_latin,Latin World,100.0,geographer | mathematician,antiquity
31,Q82778,Pliny the Elder,re_latin,Latin World,20.0,philosopher | historian | anatomist,antiquity
32,Q298376,Gaius Julius Hyginus,re_latin,Latin World,-63.0,astronomer,antiquity
33,Q447741,Lucius Calbenus Taurus,re_latin,Latin World,150.0,philosopher,antiquity
34,Q758060,Atticus,re_latin,Latin World,150.0,philosopher,antiquity
35,Q670317,Gaius Oppius,re_latin,Latin World,-100.0,historian,antiquity
36,Q248969,Sopater of Apamea,re_latin,Latin World,242.0,philosopher,antiquity
37,Q1164993,Marcus Junius Congus Gracchanus,re_latin,Latin World,-200.0,historian,antiquity
38,Q1385296,Quintus Sextius,re_latin,Latin World,-50.0,philosopher,antiquity
39,Q365835,Tyrannius Rufinus,re_latin,Latin World,345.0,theologian,antiquity
40,Q3624758,Marcus Actorius Naso,re_latin,Latin World,-100.0,historian,antiquity
41,Q1376509,Sulpicius Alexander,re_latin,Latin World,400.0,historian,antiquity
42,Q174929,Tertullian,re_latin,Latin World,160.0,theologian | philosopher,antiquity
43,Q210853,Justin,re_latin,Latin World,101.0,historian,antiquity
44,Q1390986,Helvidius Priscus,re_latin,Latin World,50.0,philosopher,antiquity
45,Q311733,Titus Pomponius Atticus,re_latin,Latin World,-109.0,philosopher,antiquity
46,Q2312613,Flavius Lucius Dexter,re_latin,Latin World,400.0,historian,antiquity
47,Q782401,Sallustius,re_latin,Latin World,400.0,philosopher,antiquity
48,Q443278,Antonia Gordiana,re_latin,Latin World,201.0,historian,antiquity
49,Q294800,Aulus Gellius,re_latin,Latin World,130.0,philosopher,antiquity
50,Q44170,Ignatius of Antioch,re_latin,Latin World,35.0,theologian,antiquity
51,Q2054,Seneca,re_latin,Latin World,-4.0,philosopher,antiquity
52,Q1237555,Aulus Egnatius Priscillianus,re_latin,Latin World,135.0,philosopher,antiquity
53,Q273671,Seneca the Elder,re_latin,Latin World,-53.0,philosopher | historian,antiquity
54,Q947576,Valerius Antias,re_latin,Latin World,-200.0,historian,antiquity
55,Q11923560,Gaius Fannius,re_latin,Latin World,100.0,historian,antiquity
56,Q26204,Dionysius of Halicarnassus,re_latin,Latin World,-59.0,historian,antiquity
57,Q741160,Lucius Ampelius,re_latin,Latin World,150.0,historian,antiquity
58,Q290471,Moderatus of Gades,re_latin,Latin World,50.0,philosopher,antiquity
59,Q223615,Flavius Caper,re_latin,Latin World,150.0,linguist,antiquity
60,Q727792,Lucius Arruntius the Elder,re_latin,Latin World,-100.0,historian,antiquity
61,Q106026,Arius,re_latin,Latin World,250.0,theologian,antiquity
62,Q319273,Gaius Asinius Pollio,re_latin,Latin World,-74.0,historian,antiquity
63,Q759760,Aufidius Bassus,re_latin,Latin World,-50.0,historian,antiquity
64,Q966315,Virius Nicomachus Flavianus,re_latin,Latin World,400.0,historian,antiquity
65,Q682860,Julius Obsequens,re_latin,Latin World,400.0,historian,antiquity
66,Q669971,Trebellius Pollio,re_latin,Latin World,250.0,historian,antiquity
67,Q252841,Seleucus,re_latin,Latin World,200.0,historian,antiquity
68,Q1391069,Rabbi Ishmael,re_latin,Latin World,70.0,philosopher,antiquity
69,Q897734,Lucius Lucceius,re_latin,Latin World,-105.0,historian,antiquity
70,Q190240,Cyprian,re_latin,Latin World,200.0,philosopher,antiquity
71,Q313782,Aelian,re_latin,Latin World,200.0,zoologist | historian,antiquity
72,Q1271013,Adrian of Tyre,re_latin,Latin World,113.0,philosopher,antiquity
73,Q1084333,Flavius Sallustius,re_latin,Latin World,350.0,philosopher,antiquity
74,Q313924,Nicolaus of Damascus,re_latin,Latin World,-63.0,philosopher | historian,antiquity
75,Q563283,Gaius Asinius Quadratus,re_latin,Latin World,200.0,historian,antiquity
76,Q1541,Cicero,re_latin,Latin World,-106.0,philosopher,antiquity
77,Q192931,Pausanias,re_latin,Latin World,115.0,geographer | historian,antiquity
78,Q175042,Nigidius Figulus,re_latin,Latin World,-97.0,philosopher,antiquity
79,Q335309,Aulus Claudius Charax,re_latin,Latin World,150.0,historian,antiquity
80,Q12285191,Lucius Aemilius Juncus,re_latin,Latin World,100.0,philosopher,antiquity
81,Q1025379,Caelestius,re_latin,Latin World,380.0,theologian,antiquity
82,Q2335606,Pierius,re_latin,Latin World,201.0,philosopher,antiquity
83,Q772773,Antonius Musa,re_latin,Latin World,-62.0,botanist,antiquity
84,Q255448,Porcia,re_latin,Latin World,-100.0,philosopher,antiquity
85,Q316098,Marcus Velleius Paterculus,re_latin,Latin World,-18.0,historian,antiquity
86,Q451550,Philodemus,re_latin,Latin World,-109.0,philosopher,antiquity
87,Q171241,Diodorus Siculus,re_latin,Latin World,-89.0,geographer | historian,antiquity
88,Q1159625,Lucius Voltacilius Pitholaus,re_latin,Latin World,-100.0,historian,antiquity
89,Q26825,Herodotos,re_greek_world,Greek World,-483.0,historian,antiquity
90,Q444285,Asconius Pedianus,re_latin,Latin World,-8.0,historian,antiquity
91,Q274091,Dionysius Exiguus,re_latin,Latin World,475.0,mathematician,antiquity
92,Q222890,Novatian,re_latin,Latin World,220.0,theologian,antiquity
93,Q391514,Julius Capitolinus,re_latin,Latin World,250.0,historian,antiquity
94,Q15429187,Eumachus of Neapolis,re_latin,Latin World,-200.0,historian,antiquity
95,Q450708,Gaius Asinius Gallus,re_latin,Latin World,-39.0,historian,antiquity
96,Q934244,Pomponius Porphyrion,re_latin,Latin World,201.0,linguist,antiquity
97,Q12093928,Gaius Clodius Licinus,re_latin,Latin World,-50.0,historian,antiquity
98,Q47154,Lucretius,re_latin,Latin World,-93.0,philosopher,antiquity
99,Q2036794,Timagenes,re_latin,Latin World,-100.0,historian,antiquity
100,Q2857528,Antonius Castor,re_latin,Latin World,50.0,botanist,antiquity
101,Q248624,Amelius,re_latin,Latin World,200.0,philosopher,antiquity
102,Q441590,Eustathius of Cappadocia,re_latin,Latin World,300.0,philosopher,antiquity
103,Q248578,Chrysanthius,re_latin,Latin World,310.0,philosopher,antiquity
104,Q772677,Aulus Cremutius Cordus,re_latin,Latin World,-50.0,historian,antiquity
105,Q185117,Justin Martyr,re_latin,Latin World,100.0,theologian | philosopher,antiquity
106,Q11925501,Hermogenes of Carthago,re_latin,Latin World,150.0,theologian,antiquity
107,Q561367,Lucius Aelius Stilo Praeconinus,re_latin,Latin World,-153.0,philosopher,antiquity
108,Q354431,Aelius Aristides,re_latin,Latin World,117.0,philosopher,antiquity
109,Q673402,Gaius Sulpicius Gallus,re_latin,Latin World,-208.0,astronomer,antiquity
110,Q927711,Messius Phoebus Severus,re_latin,Latin World,450.0,philosopher,antiquity
111,Q451572,Menelaus of Alexandria,re_latin,Latin World,70.0,astronomer | mathematician,antiquity
112,Q192365,Cassiodorus,re_latin,Latin World,487.0,musicologist | philosopher | historian,antiquity
113,Q134461,Josephus,re_latin,Latin World,37.0,historian,antiquity
114,Q537755,Polyaenus,re_latin,Latin World,101.0,historian,antiquity
115,Q316123,Silius Italicus,re_latin,Latin World,26.0,historian,antiquity
116,Q1121669,Ticonius,re_latin,Latin World,370.0,theologian,antiquity
117,Q515249,Caecilius of Calacte,re_latin,Latin World,-50.0,historian,antiquity
118,Q554387,Favorinus,re_latin,Latin World,85.0,philosopher,antiquity
119,Q1164905,Marius Plotius Sacerdos,re_latin,Latin World,200.0,linguist,antiquity
120,Q735515,Aspasius,re_latin,Latin World,80.0,philosopher,antiquity
121,Q765147,Januarius Nepotianus,re_latin,Latin World,300.0,historian,antiquity
122,Q313056,Herodian,re_latin,Latin World,170.0,historian,antiquity
123,Q349959,Quintus Dellius,re_latin,Latin World,-100.0,historian,antiquity
124,Q1474972,Furius Dionysius Filocalus,re_latin,Latin World,400.0,historian,antiquity
125,Q221465,Hydatius,re_latin,Latin World,400.0,historian,antiquity
126,Q507036,Lucius Annaeus Cornutus,re_latin,Latin World,20.0,philosopher,antiquity
127,Q833663,Herennius Senecio,re_latin,Latin World,50.0,philosopher | historian,antiquity
128,Q109594,Cornelius Nepos,re_latin,Latin World,-99.0,historian,antiquity
129,Q201346,Marcion of Sinope,re_latin,Latin World,85.0,theologian | philosopher,antiquity
130,Q172198,Ammianus Marcellinus,re_latin,Latin World,330.0,historian,antiquity
131,Q441138,Alexandros Polyhistor,re_latin,Latin World,-99.0,geographer,antiquity
132,Q1242065,Quintus Baebius Macer,re_latin,Latin World,50.0,historian,antiquity
133,Q446155,Cronius the Pythagorean,re_latin,Latin World,200.0,philosopher,antiquity
134,Q748621,Victor of Vita,re_latin,Latin World,430.0,historian,antiquity
135,Q546375,Publius Egnatius Celer,re_latin,Latin World,100.0,philosopher,antiquity
136,Q18999,Junius Rusticus,re_latin,Latin World,100.0,philosopher,antiquity
137,Q729244,Calcidius,re_latin,Latin World,350.0,philosopher,antiquity
138,Q2868804,Lucius Ateius Praetextatus,re_latin,Latin World,-104.0,linguist,antiquity
139,Q718213,Auxentius of Milan,re_latin,Latin World,301.0,theologian,antiquity
140,Q1232970,Marcus Servilius Nonianus,re_latin,Latin World,-50.0,historian,antiquity
141,Q1243321,Vulcacius Gallicanus,re_latin,Latin World,250.0,historian,antiquity
142,Q16932930,Saint Sylvia of Aquitaine,re_latin,Latin World,330.0,historian,antiquity
143,Q367422,Julius Firmicus Maternus,re_latin,Latin World,400.0,astronomer,antiquity
144,Q365110,Philo of Larissa,re_latin,Latin World,-144.0,philosopher,antiquity
145,Q6197,Horace,re_latin,Latin World,-64.0,philosopher,antiquity
146,Q1965137,Marcus Favonius,re_latin,Latin World,-89.0,philosopher,antiquity
147,Q180081,Cato the Elder,re_latin,Latin World,-233.0,economist,antiquity
148,Q833542,Aelius Lampridius,re_latin,Latin World,400.0,historian,antiquity
149,Q4807731,Aspasius of Ravenna,re_latin,Latin World,200.0,philosopher,antiquity
150,Q1098323,Claudius Maximus,re_latin,Latin World,200.0,philosopher,antiquity
151,Q2039,Titus Livius,re_latin,Latin World,-58.0,historian,antiquity
152,Q379991,Valerius Maximus,re_latin,Latin World,-100.0,historian,antiquity
153,Q3189849,Julius Exsuperantius,re_latin,Latin World,350.0,historian,antiquity
154,Q975318,Granius Licinianus,re_latin,Latin World,101.0,historian,antiquity
155,Q102851,Boethius,re_latin,Latin World,480.0,musicologist | philosopher | mathematician,antiquity
156,Q3838837,Lucius Crassicius Pansa,re_latin,Latin World,-50.0,philosopher,antiquity
157,Q185770,Posidonius,re_latin,Latin World,-134.0,philosopher | physicist | astronomer | mathematician | geographer | historian,antiquity
158,Q1225062,Siro the Epicurean,re_latin,Latin World,-100.0,philosopher,antiquity
159,Q965333,Theodorus of Asine,re_latin,Latin World,275.0,philosopher,antiquity
160,Q995441,Fabius Rusticus,re_latin,Latin World,100.0,historian,antiquity
161,Q454652,Prosper of Aquitaine,re_latin,Latin World,390.0,theologian | historian,antiquity
162,Q11035375,Quintus Aelius Tubero,re_latin,Latin World,-162.0,philosopher,antiquity
163,Q535137,Marius Maximus,re_latin,Latin World,165.0,historian,antiquity
164,Q8778,Galen,re_latin,Latin World,200.0,anatomist,antiquity
165,Q1114706,Romulus of Genoa,re_latin,Latin World,301.0,theologian,antiquity
166,Q1232604,Julius Valerius Alexander Polemius,re_latin,Latin World,250.0,historian,antiquity
167,Q6033021,Palladius of Ratiaria,re_latin,Latin World,301.0,theologian,antiquity
168,Q315370,Celsus,re_latin,Latin World,200.0,philosopher,antiquity
169,Q317055,Marcus Cornelius Fronto,re_latin,Latin World,100.0,philosopher,antiquity
170,Q381874,Gaius Musonius Rufus,re_latin,Latin World,25.0,philosopher,antiquity
171,Q1223467,Quintus Lucilius Balbus,re_latin,Latin World,0.0,philosopher,antiquity
172,Q312410,Epicharmus of Kos,re_greek_world,Greek World,-523.0,philosopher | mathematician,antiquity
173,Q1349817,Castor of Rhodes,re_latin,Latin World,100.0,historian,antiquity
174,Q59138,Diogenes Laërtius,re_latin,Latin World,180.0,philosopher | historian,antiquity
175,Q1411,Claudius,re_latin,Latin World,-9.0,historian,antiquity
176,Q332785,Persius,re_latin,Latin World,34.0,philosopher,antiquity
177,Q190368,Appian,re_latin,Latin World,95.0,historian,antiquity
178,Q707449,Censorinus,re_latin,Latin World,250.0,musicologist,antiquity
179,Q316483,Lucius Annaeus Florus,re_latin,Latin World,70.0,historian,antiquity
180,Q1159576,Lucius Aelius Tubero,re_latin,Latin World,-150.0,philosopher | historian,antiquity
181,Q1376539,Renatus Profuturus Frigeridus,re_latin,Latin World,400.0,historian,antiquity
182,Q138724,Lucius Tarutius Firmanus,re_latin,Latin World,-100.0,astronomer | philosopher | mathematician,antiquity
183,Q2994436,Consentius,re_latin,Latin World,400.0,linguist,antiquity
184,Q2248247,Quintus Terentius Scaurus,re_latin,Latin World,201.0,linguist,antiquity
185,Q10261,Pythagoras,re_greek_world,Greek World,-582.0,musicologist | philosopher | mathematician,antiquity
186,Q311456,Orosius,re_latin,Latin World,385.0,theologian | historian,antiquity
187,Q1133857,Cornelius Labeo,re_latin,Latin World,250.0,philosopher,antiquity
188,Q772775,Polemon of Laodicea,re_latin,Latin World,90.0,philosopher,antiquity
189,Q521520,Gaius Licinius Mucianus,re_latin,Latin World,100.0,historian,antiquity
190,Q1237504,Plotius Crispinus,re_latin,Latin World,-50.0,philosopher,antiquity
191,Q662582,Fenestella,re_latin,Latin World,-35.0,historian,antiquity
192,Q206119,Marcus Terentius Varro,re_latin,Latin World,-115.0,musicologist | philosopher,antiquity
193,Q532315,Athenodoros Cordylion,re_latin,Latin World,-50.0,philosopher,antiquity
194,Q950770,Quintus Aelius Tubero,re_latin,Latin World,-73.0,historian,antiquity
195,Q4298,Publius Flavius Vegetius Renatus,re_latin,Latin World,400.0,historian,antiquity
196,Q1227766,Paeanius,re_latin,Latin World,400.0,historian,antiquity
197,Q9200,Paul the Apostle,re_latin,Latin World,5.0,theologian,antiquity
198,Q2123334,Quintus Aelius Tubero,re_latin,Latin World,-75.0,historian,antiquity
199,Q761346,Servius Fabius Pictor,re_latin,Latin World,-189.0,historian,antiquity
200,Q272087,Tatian,re_latin,Latin World,120.0,theologian | philosopher,antiquity
201,Q1662957,Julian of Eclanum,re_latin,Latin World,386.0,philosopher,antiquity
202,Q859652,Cerdo,re_latin,Latin World,200.0,theologian,antiquity
203,Q11906126,Publius Anteius Antiochus,re_latin,Latin World,150.0,philosopher,antiquity
204,Q47180,Petronius,re_latin,Latin World,27.0,philosopher,antiquity
205,Q794615,Aetius,re_latin,Latin World,200.0,astronomer | philosopher,antiquity
206,Q520487,Gaius Julius Solinus,re_latin,Latin World,400.0,geographer | historian,antiquity
207,Q1230624,Aelius Spartianus,re_latin,Latin World,301.0,historian,antiquity
208,Q43689,Ambrose,re_latin,Latin World,339.0,theologian | philosopher,antiquity
209,Q905137,Didymus the Musician,re_latin,Latin World,-100.0,musicologist,antiquity
210,Q203445,Porphyry,re_latin,Latin World,233.0,musicologist | philosopher | historian,antiquity
211,Q8747,Euclid,re_greek_world,Greek World,-322.0,mathematician,antiquity
212,Q1150145,Polemon of Athens,re_greek_world,Greek World,200.0,geographer | philosopher | historian,antiquity
213,Q660170,Isidore of Alexandria,re_greek_world,Greek World,450.0,philosopher,antiquity
214,Q248287,Peregrinus Proteus,re_greek_world,Greek World,95.0,philosopher,antiquity
215,Q2369009,Apollodorus the Epicurean,re_greek_world,Greek World,-150.0,philosopher,antiquity
216,Q185206,Priscian of Lydia,re_greek_world,Greek World,500.0,philosopher,antiquity
217,Q1377100,Calippus of Syracuse,re_greek_world,Greek World,-350.0,philosopher,antiquity
218,Q297420,Panaetius,re_greek_world,Greek World,-184.0,philosopher,antiquity
219,Q1465879,Xeniades,re_greek_world,Greek World,-500.0,philosopher,antiquity
220,Q359231,Bion of Borysthenes,re_greek_world,Greek World,-324.0,philosopher,antiquity
221,Q228564,Aspasia,re_greek_world,Greek World,-469.0,philosopher,antiquity
222,Q580565,Palaephatus,re_greek_world,Greek World,-400.0,historian,antiquity
223,Q297402,Prodicus,re_greek_world,Greek World,-459.0,philosopher,antiquity
224,Q179149,Antisthenes,re_greek_world,Greek World,-443.0,philosopher,antiquity
225,Q555818,Philippus of Opus,re_greek_world,Greek World,-400.0,astronomer | philosopher | mathematician,antiquity
226,Q2482150,Cleidemus,re_greek_world,Greek World,-350.0,historian,antiquity
227,Q183144,Epictetus,re_greek_world,Greek World,50.0,philosopher,antiquity
228,Q913,Socrates,re_greek_world,Greek World,-468.0,philosopher,antiquity
229,Q5382897,Epigenes,re_greek_world,Greek World,-450.0,philosopher,antiquity
230,Q928470,Simmias of Thebes,re_greek_world,Greek World,-500.0,philosopher | mathematician,antiquity
231,Q108577191,Archilochus,re_greek_world,Greek World,-271.0,historian,antiquity
232,Q983755,Praxagoras of Athens,re_greek_world,Greek World,400.0,historian,antiquity
233,Q288467,Lastheneia of Mantinea,re_greek_world,Greek World,-350.0,philosopher,antiquity
234,Q349916,Aristidis of Athens,re_greek_world,Greek World,150.0,philosopher,antiquity
235,Q962486,Echecrates of Phlius,re_greek_world,Greek World,-499.0,philosopher,antiquity
236,Q169243,Protagoras,re_greek_world,Greek World,-489.0,philosopher,antiquity
237,Q366031,Anaxarchus,re_greek_world,Greek World,-379.0,philosopher,antiquity
238,Q1236440,Bion of Abdera,re_greek_world,Greek World,-429.0,astronomer | mathematician,antiquity
239,Q1230889,Mnaseas,re_greek_world,Greek World,-300.0,historian,antiquity
240,Q221623,Heliodorus of Athens,re_greek_world,Greek World,-150.0,historian,antiquity
241,Q662932,Persaeus,re_greek_world,Greek World,-305.0,philosopher,antiquity
242,Q1047995,Antipater of Tyre,re_greek_world,Greek World,-50.0,philosopher,antiquity
243,Q162163,Ion of Chios,re_greek_world,Greek World,-489.0,philosopher | historian | mathematician,antiquity
244,Q177847,Lucian of Samosata,re_greek_world,Greek World,120.0,philosopher,antiquity
245,Q271809,Proclus,re_greek_world,Greek World,412.0,philosopher | mathematician,antiquity
246,Q363468,Dexippus,re_greek_world,Greek World,210.0,historian,antiquity
247,Q548104,Julius Pollux,re_greek_world,Greek World,200.0,philosopher,antiquity
248,Q514262,Androtion,re_greek_world,Greek World,-500.0,historian,antiquity
249,Q1185510,Demetrius of Callatis,re_greek_world,Greek World,-299.0,historian,antiquity
250,Q554535,Phaedrus,re_greek_world,Greek World,-443.0,philosopher,antiquity
251,Q965086,Sotades,re_greek_world,Greek World,-400.0,philosopher,antiquity
252,Q172248,Marcus Junius Brutus,re_greek_world,Greek World,-84.0,philosopher,antiquity
253,Q667385,Aristos of Ascalon,re_greek_world,Greek World,-50.0,philosopher,antiquity
254,Q462582,Pythias,re_greek_world,Greek World,-361.0,zoologist,antiquity
255,Q859,Plato,re_greek_world,Greek World,-426.0,philosopher,antiquity
256,Q41523,Plutarch,re_greek_world,Greek World,40.0,philosopher | historian,antiquity
257,Q609147,Phylarchus,re_greek_world,Greek World,-254.0,historian,antiquity
258,Q444595,Perictione,re_greek_world,Greek World,-500.0,philosopher,antiquity
259,Q235494,Hipparchia of Maroneia,re_greek_world,Greek World,-349.0,philosopher,antiquity
260,Q284994,Carneades,re_greek_world,Greek World,-212.0,philosopher,antiquity
261,Q4355017,Diyllus,re_greek_world,Greek World,-300.0,historian,antiquity
262,Q221497,Xenophilus,re_greek_world,Greek World,-400.0,musicologist | philosopher,antiquity
263,Q41683,Thucydides,re_greek_world,Greek World,-460.0,historian,antiquity
264,Q5264,Hippocrates,re_greek_world,Greek World,-459.0,philosopher,antiquity
265,Q317331,Aratus of Sicyon,re_greek_world,Greek World,-270.0,historian,antiquity
266,Q309772,Athenagoras of Athens,re_greek_world,Greek World,133.0,theologian | philosopher,antiquity
267,Q3012616,Damastes of Sigeum,re_greek_world,Greek World,-500.0,geographer | historian,antiquity
268,Q312682,Euclid of Megara,re_greek_world,Greek World,-436.0,philosopher,antiquity
269,Q2661420,Dardanus of Athens,re_greek_world,Greek World,-159.0,philosopher,antiquity
270,Q3060400,Euphantus,re_greek_world,Greek World,-320.0,philosopher | historian,antiquity
271,Q1186462,Demon of Athens,re_greek_world,Greek World,-400.0,historian,antiquity
272,Q920912,Theaetetus,re_greek_world,Greek World,-416.0,philosopher | mathematician,antiquity
273,Q316353,Strato of Lampsacus,re_greek_world,Greek World,-334.0,philosopher | physicist,antiquity
274,Q319406,Epimenides of Crete,re_greek_world,Greek World,-700.0,philosopher,antiquity
275,Q712755,Crates of Athens,re_greek_world,Greek World,-400.0,philosopher,antiquity
276,Q325955,Speusippus,re_greek_world,Greek World,-406.0,philosopher | mathematician,antiquity
277,Q205704,Apollodorus of Athens,re_greek_world,Greek World,-179.0,historian,antiquity
278,Q12960188,Theodotus,re_greek_world,Greek World,150.0,theologian,antiquity
279,Q553856,Polemon,re_greek_world,Greek World,-400.0,philosopher,antiquity
280,Q160362,Theophrastus,re_greek_world,Greek World,-370.0,botanist | philosopher | physicist,antiquity
281,Q868,Aristotle,re_greek_world,Greek World,-383.0,philosopher,antiquity
282,Q542808,Hermarchus,re_greek_world,Greek World,-324.0,philosopher,antiquity
283,Q1287486,Metrocles,re_greek_world,Greek World,-400.0,philosopher,antiquity
284,Q633023,Archiadas,re_greek_world,Greek World,500.0,philosopher,antiquity
285,Q73527,Arcesilaus,re_greek_world,Greek World,-314.0,philosopher,antiquity
286,Q42887,Clement I,re_greek_world,Greek World,100.0,theologian,antiquity
287,Q343607,Archelaus,re_greek_world,Greek World,-500.0,philosopher,antiquity
288,Q4791018,Aristodemus of Cydathenaeum,re_greek_world,Greek World,-450.0,philosopher,antiquity
289,Q2346245,Stesimbrotos of Thasos,re_greek_world,Greek World,-469.0,historian,antiquity
290,Q1057347,Hegesander,re_greek_world,Greek World,-150.0,historian,antiquity
291,Q433852,Ephippus of Olynthus,re_greek_world,Greek World,-400.0,historian,antiquity
292,Q316334,Heraclides Ponticus,re_greek_world,Greek World,-384.0,astronomer | philosopher,antiquity
293,Q2927235,Bryson of Achaea,re_greek_world,Greek World,-450.0,philosopher,antiquity
294,Q434021,Timycha,re_greek_world,Greek World,-400.0,philosopher,antiquity
295,Q1747004,Timon of Athens,re_greek_world,Greek World,-500.0,philosopher,antiquity
296,Q294092,Critias,re_greek_world,Greek World,-459.0,philosopher,antiquity
297,Q1586059,Harpocration of Argos,re_greek_world,Greek World,200.0,philosopher,antiquity
298,Q317947,Crates of Thebes,re_greek_world,Greek World,-364.0,philosopher,antiquity
299,Q2367894,Teles of Megara,re_greek_world,Greek World,-250.0,philosopher,antiquity
300,Q744125,Chaerephon,re_greek_world,Greek World,-401.0,philosopher,antiquity
301,Q4721014,Alexandrides of Delphi,re_greek_world,Greek World,-300.0,historian,antiquity
302,Q409647,Aeschines of Sphettus,re_greek_world,Greek World,-429.0,philosopher,antiquity
303,Q2217419,Nicomachus,re_greek_world,Greek World,-301.0,philosopher,antiquity
304,Q218451,Zoilus,re_greek_world,Greek World,-399.0,philosopher | historian,antiquity
305,Q320132,Nearchus,re_greek_world,Greek World,-355.0,historian,antiquity
306,Q129772,Xenophon,re_greek_world,Greek World,-429.0,philosopher | historian,antiquity
307,Q965144,Cebes,re_greek_world,Greek World,-500.0,philosopher | mathematician,antiquity
308,Q504744,Hellanicus of Mytilene,re_greek_world,Greek World,-489.0,historian,antiquity
309,Q544987,Aristobulus of Cassandreia,re_greek_world,Greek World,-374.0,historian,antiquity
310,Q223383,Mnesarchus of Athens,re_greek_world,Greek World,-159.0,philosopher,antiquity
311,Q452077,Menippus,re_greek_world,Greek World,-299.0,philosopher,antiquity
312,Q328793,Periander,re_greek_world,Greek World,-700.0,philosopher,antiquity
313,Q34601,Chilon of Sparta,re_greek_world,Greek World,-599.0,philosopher,antiquity
314,Q1128200,Lasus of Hermione,re_greek_world,Greek World,-548.0,musicologist,antiquity
315,Q210573,Hippias,re_greek_world,Greek World,-442.0,astronomer | philosopher | mathematician,antiquity
316,Q15091905,Deceneo,re_greek_world,Greek World,-100.0,astronomer | philosopher,antiquity
317,Q381048,Stilpo,re_greek_world,Greek World,-358.0,philosopher,antiquity
318,Q31845,Arrian,re_greek_world,Greek World,95.0,philosopher | historian,antiquity
319,Q473381,Ammonius of Athens,re_greek_world,Greek World,50.0,philosopher,antiquity
320,Q133337,Solon,re_greek_world,Greek World,-637.0,philosopher,antiquity
321,Q311879,Herodes Atticus,re_greek_world,Greek World,102.0,philosopher,antiquity
322,Q171303,Zeno of Citium,re_greek_world,Greek World,-333.0,philosopher,antiquity
323,Q380190,Phaedo of Elis,re_greek_world,Greek World,-401.0,philosopher,antiquity
324,Q191964,Diogenes of Apollonia,re_greek_world,Greek World,-459.0,philosopher,antiquity
325,Q964738,Peter the Patrician,re_greek_world,Greek World,500.0,historian,antiquity
326,Q266299,Philochorus,re_greek_world,Greek World,-339.0,historian,antiquity
327,Q435274,Hieronymus of Cardia,re_greek_world,Greek World,-353.0,historian,antiquity
328,Q41980,Democritus,re_greek_world,Greek World,-460.0,philosopher | mathematician,antiquity
329,Q949530,Demonax,re_greek_world,Greek World,200.0,philosopher,antiquity
330,Q537304,Ploutarchos of Athens,re_greek_world,Greek World,350.0,philosopher,antiquity
331,Q1336424,Hermogenes,re_greek_world,Greek World,-500.0,philosopher,antiquity
332,Q192313,Pyrrho,re_greek_world,Greek World,-360.0,philosopher,antiquity
333,Q82793,Callisthenes,re_greek_world,Greek World,-359.0,historian,antiquity
334,Q469199,Victorinus of Pettau,re_latin,Latin World,250.0,theologian | philosopher,antiquity
335,Q1367611,Socrates the Younger,re_greek_world,Greek World,-420.0,philosopher,antiquity
336,Q353580,Adeimantus of Collytus,re_greek_world,Greek World,-431.0,philosopher,antiquity
337,Q11916247,Ctesibius of Chalcis,re_greek_world,Greek World,-400.0,philosopher,antiquity
338,Q43216,Epicurus,re_greek_world,Greek World,-341.0,philosopher,antiquity
339,Q978418,Marsyas of Pella,re_greek_world,Greek World,-400.0,historian,antiquity
340,Q353264,Diagoras of Melos,re_greek_world,Greek World,-450.0,philosopher,antiquity
341,Q2274948,Philostratus,re_greek_world,Greek World,170.0,philosopher,antiquity
342,Q1227107,Diotima of Mantinea,re_greek_world,Greek World,-450.0,philosopher,antiquity
343,Q43423,Aesop,re_greek_world,Greek World,-619.0,philosopher,antiquity
344,Q211411,Chrysippus of Soli,re_greek_world,Greek World,-280.0,philosopher | mathematician,antiquity
345,Q586050,Asclepigenia,re_greek_world,Greek World,400.0,philosopher,antiquity
346,Q646951,Ariston of Chios,re_greek_world,Greek World,-299.0,philosopher,antiquity
347,Q668009,Aristotelis the Dialectician,re_greek_world,Greek World,-300.0,philosopher,antiquity
348,Q214121,Xenocrates,re_greek_world,Greek World,-395.0,philosopher | mathematician,antiquity
349,Q1279413,Cercidas,re_greek_world,Greek World,-300.0,philosopher,antiquity
350,Q1364945,Glaucon,re_greek_world,Greek World,-444.0,philosopher,antiquity
351,Q189759,Zeno of Sidon,re_greek_world,Greek World,-149.0,philosopher | mathematician,antiquity
352,Q280872,Timon of Phlius,re_greek_world,Greek World,-319.0,philosopher,antiquity
353,Q905827,Diodorus of Tyre,re_greek_world,Greek World,-150.0,philosopher,antiquity
354,Q1372239,Eudemus of Cyprus,re_greek_world,Greek World,-400.0,philosopher,antiquity
355,Q2861408,Aristion,re_greek_world,Greek World,-150.0,philosopher,antiquity
356,Q3630471,Autocrates,re_greek_world,Greek World,-250.0,historian,antiquity
357,Q1073837,Critolaus,re_greek_world,Greek World,-199.0,philosopher,antiquity
358,Q15078686,Antiphon,re_greek_world,Greek World,-500.0,philosopher | mathematician,antiquity
359,Q466951,Clitomachus,re_greek_world,Greek World,-186.0,philosopher,antiquity
360,Q261909,Meton of Athens,re_greek_world,Greek World,-500.0,astronomer | mathematician,antiquity
361,Q310149,Cleanthes,re_greek_world,Greek World,-329.0,philosopher,antiquity
362,Q125247,Cratylus,re_greek_world,Greek World,-500.0,philosopher,antiquity
363,Q2346819,Damon of Athens,re_greek_world,Greek World,-450.0,musicologist | philosopher,antiquity
364,Q934471,Criton,re_greek_world,Greek World,-468.0,philosopher,antiquity
365,Q1763617,Nicarete of Megara,re_greek_world,Greek World,-400.0,philosopher,antiquity
366,Q4780369,Apollodorus of Phaleron,re_greek_world,Greek World,-420.0,philosopher,antiquity
367,Q131169,Polybius,re_greek_world,Greek World,-199.0,historian,antiquity
368,Q780234,Priscus of Epirus,re_greek_world,Greek World,305.0,philosopher,antiquity
369,Q2759424,Anticlides,re_greek_world,Greek World,-300.0,historian,antiquity
370,Q59180,Diogenes of Sinope,re_greek_world,Greek World,-399.0,philosopher,antiquity
371,Q2087377,Asclepiades of Phlius,re_greek_world,Greek World,-349.0,philosopher,antiquity
372,Q298071,Hippodamus of Miletus,re_greek_world,Greek World,-497.0,mathematician,antiquity
373,Q18819268,Mnesarchus of Croton,re_greek_world,Greek World,-450.0,philosopher,antiquity
374,Q298860,Hippasus,re_greek_world,Greek World,-600.0,musicologist | philosopher | mathematician,antiquity
375,Q716416,Hippon,re_greek_world,Greek World,-500.0,philosopher,antiquity
376,Q162593,Pelagius,re_greek_world,Greek World,360.0,theologian | philosopher,antiquity
377,Q11920485,Escílax d'Halicarnàs,re_greek_world,Greek World,-150.0,astronomer,antiquity
378,Q928092,Peter the Iberian,re_greek_world,Greek World,411.0,philosopher,antiquity
379,Q4684706,Adrastus of Cyzicus,re_greek_world,Greek World,-500.0,astronomer,antiquity
380,Q581732,Antipater of Tarsus,re_greek_world,Greek World,-300.0,philosopher,antiquity
381,Q291952,Sosipatra,re_greek_world,Greek World,400.0,philosopher,antiquity
382,Q314467,Aenesidemus,re_greek_world,Greek World,-79.0,philosopher,antiquity
383,Q200608,Ephrem the Syrian,re_greek_world,Greek World,306.0,theologian,antiquity
384,Q31278,Cleomedes,re_greek_world,Greek World,1.0,astronomer | mathematician,antiquity
385,Q486945,Sotion,re_greek_world,Greek World,-100.0,philosopher,antiquity
386,Q16658175,Zosimus of Ascalona,re_greek_world,Greek World,450.0,historian,antiquity
387,Q472620,Artemidorus of Ephesus,re_greek_world,Greek World,-150.0,geographer,antiquity
388,Q510719,Eutocius of Ascalon,re_greek_world,Greek World,480.0,philosopher | mathematician,antiquity
389,Q352621,Dicaearchus,re_greek_world,Greek World,-349.0,geographer | philosopher | historian | mathematician,antiquity
390,Q168261,Ptolemy I Soter,re_greek_world,Greek World,-365.0,historian,antiquity
391,Q2470320,Apollonius of Ephesus,re_greek_world,Greek World,201.0,theologian,antiquity
392,Q921532,Dorotheus of Sidon,re_greek_world,Greek World,50.0,astronomer,antiquity
393,Q437869,Evagrius Ponticus,re_greek_world,Greek World,345.0,theologian,antiquity
394,Q178217,Diofantos,re_greek_world,Greek World,201.0,mathematician,antiquity
395,Q24068760,Aristobulus of Paneas,re_greek_world,Greek World,-150.0,philosopher,antiquity
396,Q451566,Menaechmus,re_greek_world,Greek World,-379.0,astronomer | mathematician,antiquity
397,Q18626710,Julian,re_greek_world,Greek World,400.0,theologian,antiquity
398,Q211783,Pappus of Alexandria,re_greek_world,Greek World,290.0,astronomer | mathematician,antiquity
399,Q712572,Philistus,re_greek_world,Greek World,-424.0,historian,antiquity
400,Q2285961,Silenus Calatinus,re_greek_world,Greek World,-300.0,historian,antiquity
401,Q310028,Isidore of Miletus,re_greek_world,Greek World,442.0,physicist | mathematician,antiquity
402,Q242270,Hecataeus of Miletus,re_greek_world,Greek World,-600.0,geographer | historian,antiquity
403,Q3991387,Timagoras of Gela,re_greek_world,Greek World,-350.0,philosopher,antiquity
404,Q580661,Antiochus of Syracuse,re_greek_world,Greek World,-450.0,historian,antiquity
405,Q434773,Crantor,re_greek_world,Greek World,-343.0,philosopher,antiquity
406,Q80612,Anaximenes of Miletus,re_greek_world,Greek World,-584.0,astronomer | philosopher | mathematician,antiquity
407,Q433919,Phintys,re_greek_world,Greek World,-400.0,philosopher,antiquity
408,Q581833,Marinus of Neapolis,re_greek_world,Greek World,440.0,astronomer | philosopher,antiquity
409,Q313018,Aristophanes of Byzantium,re_greek_world,Greek World,-256.0,linguist,antiquity
410,Q1354573,Lycus of Rhegium,re_greek_world,Greek World,-350.0,historian,antiquity
411,Q355664,Theodore of Mopsuestia,re_greek_world,Greek World,350.0,theologian,antiquity
412,Q311731,Priscus,re_greek_world,Greek World,410.0,philosopher | historian,antiquity
413,Q310916,Iamblichus,re_greek_world,Greek World,245.0,philosopher,antiquity
414,Q59137,Diogenes of Oenoanda,re_greek_world,Greek World,200.0,philosopher,antiquity
415,Q714841,Eustathius of Epiphania,re_greek_world,Greek World,401.0,historian,antiquity
416,Q721022,Malchus,re_greek_world,Greek World,450.0,historian,antiquity
417,Q44011,Gregory of Nazianzus,re_greek_world,Greek World,330.0,theologian | philosopher,antiquity
418,Q372798,Polus,re_greek_world,Greek World,-500.0,philosopher,antiquity
419,Q297040,Apollonius of Tyana,re_greek_world,Greek World,15.0,philosopher | mathematician,antiquity
420,Q391202,Agathangelos,re_greek_world,Greek World,500.0,historian,antiquity
421,Q317029,Theodoret,re_greek_world,Greek World,393.0,historian,antiquity
422,Q4024777,Zopyrus of Tarentum,re_greek_world,Greek World,-350.0,philosopher,antiquity
423,Q43182,Eratosthenes,re_greek_world,Greek World,-275.0,musicologist | astronomer | mathematician | geographer | historian,antiquity
424,Q645774,Bolus of Mendes,re_greek_world,Greek World,-300.0,botanist | philosopher,antiquity
425,Q2637222,Aesara,re_greek_world,Greek World,-400.0,philosopher,antiquity
426,Q3731014,Heracleides of Magnesia,re_greek_world,Greek World,-50.0,historian,antiquity
427,Q3620711,Apollonides of Smyrna,re_greek_world,Greek World,-150.0,philosopher,antiquity
428,Q356433,Priscian,re_greek_world,Greek World,500.0,philosopher,antiquity
429,Q1389145,John the Lydian,re_greek_world,Greek World,490.0,historian,antiquity
430,Q2705204,Evander,re_greek_world,Greek World,-201.0,philosopher,antiquity
431,Q235426,Theano,re_greek_world,Greek World,-600.0,astronomer | philosopher | mathematician,antiquity
432,Q354342,Bardaisan,re_greek_world,Greek World,154.0,philosopher,antiquity
433,Q1270333,Praxeas,re_greek_world,Greek World,200.0,theologian,antiquity
434,Q463564,Xenophon of Ephesus,re_greek_world,Greek World,101.0,philosopher,antiquity
435,Q192371,Polycarp,re_greek_world,Greek World,69.0,theologian,antiquity
436,Q1295215,Satyrus the Peripatetic,re_greek_world,Greek World,-300.0,philosopher | historian,antiquity
437,Q1616998,Neanthes of Cyzicus,re_greek_world,Greek World,-250.0,historian,antiquity
438,Q1148501,Diophanes of Nicaea,re_greek_world,Greek World,-100.0,botanist,antiquity
439,Q180671,Aratus,re_greek_world,Greek World,-314.0,astronomer,antiquity
440,Q1189157,Nausiphanes,re_greek_world,Greek World,-400.0,philosopher,antiquity
441,Q1496242,Callinicus,re_greek_world,Greek World,300.0,historian,antiquity
442,Q180109,Apollonius of Perga,re_greek_world,Greek World,-261.0,astronomer | mathematician,antiquity
443,Q335156,Aristoxenus,re_greek_world,Greek World,-359.0,musicologist | philosopher | mathematician,antiquity
444,Q1047689,Menodotus of Nicomedia,re_greek_world,Greek World,100.0,philosopher,antiquity
445,Q3381179,Philon of Gadara,re_greek_world,Greek World,100.0,mathematician,antiquity
446,Q287423,Epigenes of Byzantium,re_greek_world,Greek World,-150.0,astronomer | mathematician,antiquity
447,Q317146,Alexandros of Aphrodisias,re_greek_world,Greek World,200.0,philosopher,antiquity
448,Q275606,Aurelius Victor,re_greek_world,Greek World,320.0,historian,antiquity
449,Q451390,Autolycus of Pitane,re_greek_world,Greek World,-359.0,astronomer | mathematician,antiquity
450,Q83375,Empedocles,re_greek_world,Greek World,-489.0,philosopher,antiquity
451,Q441448,Carpocrates,re_greek_world,Greek World,100.0,philosopher,antiquity
452,Q312491,John Malalas,re_greek_world,Greek World,491.0,historian,antiquity
453,Q248793,Maximus of Ephesus,re_greek_world,Greek World,310.0,philosopher,antiquity
454,Q404023,Aedesius,re_greek_world,Greek World,280.0,philosopher,antiquity
455,Q316867,Sosigenes of Alexandria,re_greek_world,Greek World,-100.0,astronomer | philosopher | mathematician,antiquity
456,Q506553,Olympiodorus of Thebes,re_greek_world,Greek World,380.0,philosopher | historian,antiquity
457,Q550477,Timocharis,re_greek_world,Greek World,-319.0,astronomer,antiquity
458,Q346567,Callixenus of Rhodes,re_greek_world,Greek World,-199.0,historian,antiquity
459,Q385213,Prohaeresius,re_greek_world,Greek World,276.0,philosopher,antiquity
460,Q2047944,Palladius of Galatia,re_greek_world,Greek World,363.0,historian,antiquity
461,Q334457,Dio Chrysostom,re_greek_world,Greek World,40.0,philosopher,antiquity
462,Q51885,Thecla,re_greek_world,Greek World,100.0,theologian,antiquity
463,Q3044500,Demetrius of Scepsis,re_greek_world,Greek World,-204.0,philosopher | historian,antiquity
464,Q363818,Nicander,re_greek_world,Greek World,-249.0,historian,antiquity
465,Q2524557,Anatolius of Laodicea,re_greek_world,Greek World,250.0,philosopher | mathematician,antiquity
466,Q1373037,Syrianus,re_greek_world,Greek World,500.0,philosopher,antiquity
467,Q3347025,Neleus of Scepsis,re_greek_world,Greek World,-350.0,philosopher,antiquity
468,Q459774,Ambrose of Alexandria,re_greek_world,Greek World,200.0,theologian,antiquity
469,Q1747749,Tiberius Claudius Aristocles,re_greek_world,Greek World,100.0,philosopher,antiquity
470,Q201867,Cleitarchus,re_greek_world,Greek World,-400.0,historian,antiquity
471,Q125551,Parmenides,re_greek_world,Greek World,-514.0,philosopher,antiquity
472,Q3624868,Asclepiades,re_greek_world,Greek World,-150.0,historian,antiquity
473,Q444459,Alcidamas,re_greek_world,Greek World,-450.0,philosopher,antiquity
474,Q4441106,Aphthonius of Antioch,re_greek_world,Greek World,300.0,philosopher,antiquity
475,Q44024,Athanasios of Alexandria,re_greek_world,Greek World,296.0,theologian,antiquity
476,Q3413787,Archelaus,re_greek_world,Greek World,300.0,theologian,antiquity
477,Q705950,Theon of Smyrna,re_greek_world,Greek World,70.0,philosopher | musicologist | astronomer | mathematician,antiquity
478,Q380089,Fulgentius of Ruspe,re_greek_world,Greek World,468.0,theologian,antiquity
479,Q2861395,Aristodemus of Nysa,re_greek_world,Greek World,-200.0,philosopher | historian,antiquity
480,Q447451,Sabellius,re_greek_world,Greek World,200.0,theologian,antiquity
481,Q973954,Philoxenus of Mabbug,re_greek_world,Greek World,440.0,theologian,antiquity
482,Q433332,Mara Bar-Serapion,re_greek_world,Greek World,50.0,philosopher,antiquity
483,Q1613489,Hermias,re_greek_world,Greek World,401.0,philosopher,antiquity
484,Q186153,Procopius,re_greek_world,Greek World,500.0,historian,antiquity
485,Q188232,Didymus the Blind,re_greek_world,Greek World,313.0,theologian,antiquity
486,Q1266186,Theodosius of Bithynia,re_greek_world,Greek World,-159.0,astronomer | mathematician,antiquity
487,Q2696027,Alexander of Damascus,re_greek_world,Greek World,200.0,philosopher,antiquity
488,Q3714438,Dositheus,re_greek_world,Greek World,-250.0,astronomer | mathematician,antiquity
489,Q18639389,Abrotelia,re_greek_world,Greek World,-500.0,philosopher,antiquity
490,Q1531412,Harkhebi,re_greek_world,Greek World,-301.0,astronomer,antiquity
491,Q185223,Cassius Dio,re_greek_world,Greek World,150.0,historian,antiquity
492,Q2695834,Agathobulus,re_greek_world,Greek World,100.0,philosopher,antiquity
493,Q16529474,Astone,re_greek_world,Greek World,-550.0,philosopher,antiquity
494,Q503075,Crates of Mallus,re_greek_world,Greek World,-200.0,philosopher,antiquity
495,Q8739,Archimedes,re_greek_world,Greek World,-286.0,astronomer | philosopher | physicist | mathematician,antiquity
496,Q63456919,Pandrosion,re_greek_world,Greek World,400.0,mathematician,antiquity
497,Q317014,Sextus Julius Africanus,re_greek_world,Greek World,160.0,philosopher | historian,antiquity
498,Q170472,Origen,re_greek_world,Greek World,185.0,theologian | philosopher,antiquity
499,Q1051470,Vettius Valens,re_greek_world,Greek World,120.0,astronomer,antiquity
500,Q515542,Agathemerus,re_greek_world,Greek World,250.0,geographer,antiquity
501,Q504771,Philo of Byblos,re_greek_world,Greek World,50.0,historian,antiquity
502,Q1226993,Dionysius Periegetes,re_greek_world,Greek World,100.0,historian,antiquity
503,Q312500,Herophilos,re_greek_world,Greek World,-334.0,anatomist,antiquity
504,Q297390,Craterus,re_greek_world,Greek World,-369.0,historian,antiquity
505,Q707344,Numenius of Apamea,re_greek_world,Greek World,200.0,philosopher,antiquity
506,Q42458,Anaximander,re_greek_world,Greek World,-609.0,philosopher | physicist | astronomer | mathematician | geographer,antiquity
507,Q229246,Julia Domna,re_greek_world,Greek World,165.0,philosopher,antiquity
508,Q298654,Cyril of Jerusalem,re_greek_world,Greek World,313.0,theologian,antiquity
509,Q363375,Publilius Syrus,re_greek_world,Greek World,-100.0,philosopher,antiquity
510,Q391216,Agatharchides,re_greek_world,Greek World,-207.0,geographer | philosopher | historian | anatomist,antiquity
511,Q2531620,Pamprepius,re_greek_world,Greek World,440.0,philosopher,antiquity
512,Q4191445,Zenob Glak,re_greek_world,Greek World,300.0,historian,antiquity
513,Q165589,Leucippus,re_greek_world,Greek World,-500.0,philosopher | physicist,antiquity
514,Q451719,Damo,re_greek_world,Greek World,-600.0,philosopher | mathematician,antiquity
515,Q365977,Bias of Priene,re_greek_world,Greek World,-599.0,philosopher,antiquity
516,Q1378597,Eurytus,re_greek_world,Greek World,-500.0,philosopher | mathematician,antiquity
517,Q189767,Zeno of Tarsus,re_greek_world,Greek World,-250.0,philosopher,antiquity
518,Q139567,Zacharias Rhetor,re_greek_world,Greek World,465.0,philosopher | historian,antiquity
519,Q83041,Anaxagoras,re_greek_world,Greek World,-499.0,astronomer | philosopher | physicist | mathematician,antiquity
520,Q1400157,Cleinias of Tarentum,re_greek_world,Greek World,-500.0,philosopher,antiquity
521,Q313791,Ephorus,re_greek_world,Greek World,-399.0,historian,antiquity
522,Q260951,Dinon,re_greek_world,Greek World,-399.0,historian,antiquity
523,Q534163,Xanthos,re_greek_world,Greek World,-500.0,historian,antiquity
524,Q142999,Eusebius of Caesarea,re_greek_world,Greek World,275.0,theologian | historian,antiquity
525,Q317942,Euhemerus,re_greek_world,Greek World,-400.0,philosopher | historian | anthropologist,antiquity
526,Q31271346,Dion von Neapel,re_greek_world,Greek World,-500.0,mathematician,antiquity
527,Q354377,Conon of Samos,re_greek_world,Greek World,-279.0,astronomer | mathematician,antiquity
528,Q44015,John the Apostle,re_greek_world,Greek World,6.0,theologian,antiquity
529,Q378236,Aristides Quintilianus,re_greek_world,Greek World,150.0,musicologist,antiquity
530,Q1226828,Diogenes of Tarsus,re_greek_world,Greek World,-200.0,philosopher,antiquity
531,Q298226,Anthemius of Tralles,re_greek_world,Greek World,474.0,physicist | mathematician,antiquity
532,Q1226996,Dionysius of Miletus,re_greek_world,Greek World,-600.0,historian,antiquity
533,Q313934,Macrobius,re_greek_world,Greek World,370.0,musicologist | philosopher,antiquity
534,Q1419147,Firmilian,re_greek_world,Greek World,200.0,philosopher,antiquity
535,Q725225,Thrasyllus of Mendes,re_greek_world,Greek World,-100.0,musicologist | philosopher,antiquity
536,Q132157,Zeno of Elea,re_greek_world,Greek World,-489.0,philosopher | mathematician,antiquity
537,Q521203,Duris of Samos,re_greek_world,Greek World,-339.0,historian,antiquity
538,Q343018,Eunapius,re_greek_world,Greek World,349.0,philosopher | historian,antiquity
539,Q168707,Pliny the Younger,re_greek_world,Greek World,61.0,historian,antiquity
540,Q928551,Origen the Pagan,re_greek_world,Greek World,200.0,philosopher,antiquity
541,Q2749849,Athenodorus of Soli,re_greek_world,Greek World,-300.0,philosopher,antiquity
542,Q931271,Tisias,re_greek_world,Greek World,-499.0,philosopher,antiquity
543,Q189597,Philo of Alexandria,re_greek_world,Greek World,-14.0,philosopher | historian,antiquity
544,Q731906,Asclepiodotus of Alexandria,re_greek_world,Greek World,500.0,philosopher,antiquity
545,Q315360,Damascius,re_greek_world,Greek World,450.0,philosopher,antiquity
546,Q510737,Lucian of Antioch,re_greek_world,Greek World,240.0,theologian,antiquity
547,Q2902906,Rabbi Nehemiah,re_greek_world,Greek World,101.0,mathematician,antiquity
548,Q43706,John Chrysostom,re_greek_world,Greek World,349.0,theologian,antiquity
549,Q354384,Theon of Alexandria,re_greek_world,Greek World,335.0,astronomer | mathematician,antiquity
550,Q11903,Hypatia,re_greek_world,Greek World,360.0,astronomer | philosopher | mathematician,antiquity
551,Q443510,Hesychius of Alexandria,re_greek_world,Greek World,450.0,linguist,antiquity
552,Q3826494,Lamiscus,re_greek_world,Greek World,-400.0,philosopher | mathematician,antiquity
553,Q717647,Gnaeus Claudius Severus Arabianus,re_greek_world,Greek World,113.0,philosopher,antiquity
554,Q140188,Aristarchus of Samos,re_greek_world,Greek World,-309.0,astronomer,antiquity
555,Q456560,Myia,re_greek_world,Greek World,-600.0,philosopher | mathematician,antiquity
556,Q33941,Julian,re_greek_world,Greek World,331.0,philosopher,antiquity
557,Q317632,John Philoponus,re_greek_world,Greek World,490.0,philosopher | physicist | astronomer | mathematician | theologian,antiquity
558,Q1722472,Callias of Syracuse,re_greek_world,Greek World,-400.0,historian,antiquity
559,Q3432037,Aristaeus of Croton,re_greek_world,Greek World,-450.0,philosopher | mathematician,antiquity
560,Q897689,Chaeremon of Alexandria,re_greek_world,Greek World,10.0,philosopher | historian,antiquity
561,Q84027027,Didymus of Alexandria,re_greek_world,Greek World,-50.0,mathematician,antiquity
562,Q942439,Monimus,re_greek_world,Greek World,-400.0,philosopher,antiquity
563,Q310821,Akiva ben Joseph,re_greek_world,Greek World,15.0,theologian,antiquity
564,Q280432,Athenodoros Cananites,re_greek_world,Greek World,-100.0,philosopher | historian,antiquity
565,Q313286,Demetrius of Phalerum,re_greek_world,Greek World,-349.0,philosopher,antiquity
566,Q123147,Ammonius Hermiae,re_greek_world,Greek World,435.0,astronomer | philosopher,antiquity
567,Q2570422,Sotion,re_greek_world,Greek World,-250.0,philosopher | historian,antiquity
568,Q2657803,Asterius the Sophist,re_greek_world,Greek World,300.0,theologian,antiquity
569,Q1749928,Phaleas of Chalcedon,re_greek_world,Greek World,-400.0,philosopher,antiquity
570,Q280934,Alexander Lychnus,re_greek_world,Greek World,-50.0,historian,antiquity
571,Q11925495,Hermodorus,re_greek_world,Greek World,-399.0,philosopher,antiquity
572,Q15975321,Flavius Boethus,re_greek_world,Greek World,150.0,philosopher,antiquity
573,Q191734,Gregory of Nyssa,re_greek_world,Greek World,400.0,theologian,antiquity
574,Q1297839,Serenus of Antinouplis,re_greek_world,Greek World,300.0,mathematician,antiquity
575,Q1383547,Ulpianus,re_greek_world,Greek World,300.0,philosopher,antiquity
576,Q138531,Phlegon of Tralles,re_greek_world,Greek World,200.0,historian,antiquity
577,Q929311,Hegesias of Magnesia,re_greek_world,Greek World,-200.0,historian,antiquity
578,Q948620,Hermias of Atarneus,re_greek_world,Greek World,-350.0,philosopher,antiquity
579,Q365183,Themistius,re_greek_world,Greek World,317.0,philosopher,antiquity
580,Q754890,Athanis,re_greek_world,Greek World,-400.0,historian,antiquity
581,Q176287,Timaeus of Locri,re_greek_world,Greek World,-500.0,astronomer | philosopher | mathematician,antiquity
582,Q188883,Clement of Alexandria,re_greek_world,Greek World,150.0,theologian | philosopher,antiquity
583,Q3556912,Theognostus of Alexandria,re_greek_world,Greek World,210.0,theologian,antiquity
584,Q5063276,Cephalion,re_greek_world,Greek World,100.0,historian,antiquity
585,Q1241343,Justus of Tiberias,re_greek_world,Greek World,35.0,historian,antiquity
586,Q7155483,Pausanias of Damascus,re_greek_world,Greek World,-150.0,geographer,antiquity
587,Q1185502,Demetrius Lacon,re_greek_world,Greek World,-150.0,philosopher,antiquity
588,Q360366,Nicomachus,re_greek_world,Greek World,60.0,musicologist | philosopher | mathematician,antiquity
589,Q3636221,Baton of Sinope,re_greek_world,Greek World,-199.0,historian,antiquity
590,Q41766,Ctesibius,re_greek_world,Greek World,-283.0,mathematician,antiquity
591,Q729105,Severus of Antioch,re_greek_world,Greek World,465.0,theologian,antiquity
592,Q641051,Arius Didymus,re_greek_world,Greek World,-83.0,philosopher,antiquity
593,Q388333,Cadmus of Miletus,re_greek_world,Greek World,-500.0,historian,antiquity
594,Q44258,Basil of Caesarea,re_greek_world,Greek World,329.0,theologian | philosopher,antiquity
595,Q534986,Flavius Vopiscus,re_greek_world,Greek World,201.0,historian,antiquity
596,Q41155,Heraclitus,re_greek_world,Greek World,-534.0,philosopher,antiquity
597,Q36303,Thales,re_greek_world,Greek World,-624.0,astronomer | philosopher | physicist | mathematician,antiquity
598,Q974775,Olympiodorus the Younger,re_greek_world,Greek World,495.0,philosopher,antiquity
599,Q2763097,Abba Saul,re_greek_world,Greek World,101.0,theologian,antiquity
600,Q202001,Archytas,re_greek_world,Greek World,-427.0,philosopher | musicologist | astronomer | mathematician,antiquity
601,Q2312602,Montanus of Phrygia,re_greek_world,Greek World,150.0,theologian,antiquity
602,Q19715972,Nicostratus of Trebizond,re_greek_world,Greek World,300.0,historian,antiquity
603,Q44248,Jerome,re_greek_world,Greek World,345.0,theologian | historian,antiquity
604,Q857017,Gaius Blossius,re_greek_world,Greek World,-150.0,philosopher,antiquity
605,Q3371179,Polemarchus,re_greek_world,Greek World,-500.0,philosopher,antiquity
606,Q345277,Basilides,re_greek_world,Greek World,117.0,theologian,antiquity
607,Q3271431,Leon of Byzantium,re_greek_world,Greek World,-400.0,philosopher,antiquity
608,Q212338,Philolaus,re_greek_world,Greek World,-469.0,philosopher | musicologist | astronomer | mathematician,antiquity
609,Q2706119,Telecles,re_greek_world,Greek World,-201.0,philosopher,antiquity
610,Q11906871,Ascletarió,re_greek_world,Greek World,100.0,mathematician,antiquity
611,Q2832178,Alcimus,re_greek_world,Greek World,-350.0,historian,antiquity
612,Q2695686,Abba Hilkiah,re_greek_world,Greek World,1.0,theologian,antiquity
613,Q359945,Melito of Sardis,re_greek_world,Greek World,100.0,philosopher,antiquity
614,Q226868,Zosimos of Panopolis,re_greek_world,Greek World,250.0,philosopher,antiquity
615,Q738605,Boethus of Sidon,re_greek_world,Greek World,-199.0,philosopher,antiquity
616,Q461067,Pantaenus,re_greek_world,Greek World,200.0,theologian | philosopher,antiquity
617,Q7807000,Timosthenes,re_greek_world,Greek World,-301.0,geographer,antiquity
618,Q23061186,Nicolaus Sophista,re_greek_world,Greek World,400.0,philosopher,antiquity
619,Q161853,Hero of Alexandria,re_greek_world,Greek World,10.0,physicist | mathematician,antiquity
620,Q1175868,Menander of Ephesus,re_greek_world,Greek World,-299.0,historian,antiquity
621,Q159905,Hipparchus,re_greek_world,Greek World,-189.0,geographer | astronomer | mathematician,antiquity
622,Q2601910,Aristo of Pella,re_greek_world,Greek World,100.0,historian,antiquity
623,Q131671,Xenophanes,re_greek_world,Greek World,-569.0,philosopher,antiquity
624,Q1113270,Archedemus of Tarsus,re_greek_world,Greek World,-300.0,philosopher,antiquity
625,Q236594,Sextus Empiricus,re_greek_world,Greek World,200.0,philosopher,antiquity
626,Q471218,Callippus of Cyzicus,re_greek_world,Greek World,-369.0,astronomer | mathematician,antiquity
627,Q2639498,Boethus of Sidon,re_greek_world,Greek World,-74.0,philosopher,antiquity
628,Q320042,Antiochus of Ascalon,re_greek_world,Greek World,-123.0,philosopher,antiquity
629,Q461007,Eubulides,re_greek_world,Greek World,-500.0,philosopher,antiquity
630,Q436634,Cassius Longinus,re_greek_world,Greek World,213.0,philosopher,antiquity
631,Q1383804,Heracleides of Cyme,re_greek_world,Greek World,-399.0,historian,antiquity
632,Q248975,Herillus,re_greek_world,Greek World,-279.0,philosopher,antiquity
633,Q447428,Cerinthus,re_greek_world,Greek World,100.0,theologian | philosopher,antiquity
634,Q297776,Pedanius Dioscorides,re_greek_world,Greek World,40.0,botanist | pharmacologist,antiquity
635,Q657941,Albinus,re_greek_world,Greek World,100.0,philosopher,antiquity
636,Q973972,Sporus of Nicaea,re_greek_world,Greek World,240.0,astronomer | mathematician,antiquity
637,Q370123,Apollodorus of Artemita,re_greek_world,Greek World,-129.0,historian,antiquity
638,Q312548,Megasthenes,re_greek_world,Greek World,-350.0,historian | anthropologist,antiquity
639,Q950303,Cratippus of Pergamon,re_greek_world,Greek World,-100.0,philosopher,antiquity
640,Q450311,Alypius,re_greek_world,Greek World,350.0,musicologist,antiquity
641,Q2695791,Abtolemus,re_greek_world,Greek World,101.0,theologian,antiquity
642,Q3502838,Thallus,re_greek_world,Greek World,100.0,historian,antiquity
643,Q1290567,Maximus I of Constantinople,re_greek_world,Greek World,350.0,philosopher,antiquity
644,Q2696474,Apollinaris,re_greek_world,Greek World,400.0,philosopher,antiquity
645,Q365017,Agathocles of Cyzicus,re_greek_world,Greek World,-299.0,historian,antiquity
646,Q429744,Philinus of Agrigentum,re_greek_world,Greek World,-300.0,historian,antiquity
647,Q34943,Ptolemy,re_greek_world,Greek World,100.0,philosopher | musicologist | astronomer | mathematician | geographer,antiquity
648,Q310173,Ammonius Saccas,re_greek_world,Greek World,175.0,philosopher,antiquity
649,Q2319055,Rhianus,re_greek_world,Greek World,-274.0,historian,antiquity
650,Q718003,Possidius of Calama,re_latin,Latin World,370.0,historian,antiquity
651,Q8018,Augustine of Hippo,re_latin,Latin World,354.0,theologian | musicologist | philosopher | historian,antiquity
652,Q342416,Arnobius,re_latin,Latin World,255.0,philosopher,antiquity
653,Q348408,Martianus Capella,re_latin,Latin World,360.0,musicologist | philosopher,antiquity
654,Q261992,Optatus,re_latin,Latin World,400.0,theologian,antiquity
655,Q315670,Juba II,re_latin,Latin World,-47.0,historian,antiquity
656,Q170512,Apuleius,re_latin,Latin World,125.0,philosopher,antiquity
0,Q2822993,Achard of Saint-Victor,re_british_islands,British Islands,1100.0,theologian,europe
2,Q742311,Chad of Mercia,re_british_islands,British Islands,634.0,theologian,europe
40,Q579194,John Major,re_british_islands,British Islands,1469.0,theologian | philosopher | historian,europe
45,Q13129536,Lewis Caerleon,re_british_islands,British Islands,1500.0,theologian | astronomer | mathematician,europe
87,Q559548,Michael Scot,re_british_islands,British Islands,1175.0,philosopher | mathematician,europe
230,Q2609522,Sedulius Scottus,re_british_islands,British Islands,850.0,philosopher,europe
234,Q369366,Matthew Paris,re_british_islands,British Islands,1200.0,geographer,europe
298,Q4678615,Adam Abell,re_british_islands,British Islands,1480.0,historian,europe
310,Q5344893,Edward Powell,re_british_islands,British Islands,1478.0,theologian,europe
316,Q1808208,Lawrence of Durham,re_british_islands,British Islands,1110.0,historian,europe
369,Q599071,Johannes Cotto,re_british_islands,British Islands,1100.0,musicologist,europe
370,Q318622,Martin Bucer,re_british_islands,British Islands,1491.0,theologian,europe
382,Q4723684,Alfred of Beverley,re_british_islands,British Islands,1050.0,historian,europe
389,Q18526298,Adam Burley,re_british_islands,British Islands,1300.0,philosopher,europe
394,Q154938,Bede,re_british_islands,British Islands,672.0,theologian | historian,europe
402,Q27231029,Samuel Presbiter,re_british_islands,British Islands,1200.0,theologian,europe
413,Q18530618,Peter Partridge,re_british_islands,British Islands,1385.0,theologian,europe
419,Q18530778,Richard Chefer,re_british_islands,British Islands,1354.0,theologian,europe
429,Q357824,Gerald of Wales,re_british_islands,British Islands,1146.0,geographer | historian,europe
442,Q7518615,Simon Digby,re_british_islands,British Islands,1401.0,historian,europe
475,Q256541,Robert Grosseteste,re_british_islands,British Islands,1175.0,philosopher | physicist | astronomer | mathematician | theologian | botanist,europe
476,Q7795347,Thomas Wykes,re_british_islands,British Islands,1222.0,historian,europe
493,Q609201,Dungal of Bobbio,re_british_islands,British Islands,850.0,astronomer,europe
550,Q773982,Florence of Worcester,re_british_islands,British Islands,1100.0,historian,europe
562,Q1974885,Alexander Neckam,re_british_islands,British Islands,1157.0,theologian | philosopher,europe
597,Q2538072,Andrew of Wyntoun,re_british_islands,British Islands,1350.0,historian,europe
626,Q2838721,Roger Marston,re_british_islands,British Islands,1201.0,theologian | philosopher,europe
644,Q7519929,Simon Tunsted,re_british_islands,British Islands,1350.0,theologian | philosopher,europe
650,Q1234687,William of Newburgh,re_british_islands,British Islands,1130.0,historian,europe
678,Q3048505,Edward Wotton,re_british_islands,British Islands,1492.0,zoologist,europe
693,Q4745835,Amerus,re_british_islands,British Islands,1201.0,musicologist,europe
704,Q380845,Aelred of Rievaulx,re_british_islands,British Islands,1110.0,historian,europe
714,Q272297,Æthelweard,re_british_islands,British Islands,975.0,historian,europe
717,Q358235,Walter Odington,re_british_islands,British Islands,1300.0,musicologist | astronomer,europe
759,Q2606307,Adam Marsh,re_british_islands,British Islands,1200.0,theologian,europe
761,Q188344,Geoffrey of Monmouth,re_british_islands,British Islands,1100.0,historian,europe
811,Q940417,Symeon of Durham,re_british_islands,British Islands,1060.0,historian,europe
826,Q18672760,William Gregory,re_british_islands,British Islands,1400.0,historian,europe
861,Q2824030,Adam of Bockenfield,re_british_islands,British Islands,1220.0,philosopher,europe
868,Q5930259,Hugh Candidus,re_british_islands,British Islands,1095.0,historian,europe
906,Q715419,Robert of Chester,re_british_islands,British Islands,1200.0,astronomer | mathematician,europe
980,Q8020909,William of Ware,re_british_islands,British Islands,1260.0,theologian,europe
995,Q6220219,John Baconthorpe,re_british_islands,British Islands,1290.0,theologian,europe
1002,Q192236,Thomas Becket,re_british_islands,British Islands,1119.0,theologian,europe
1009,Q2253307,Robert of Gloucester,re_british_islands,British Islands,1260.0,historian,europe
1026,Q18671948,John Kynton,re_british_islands,British Islands,1455.0,theologian,europe
1043,Q7520146,Simon of Faversham,re_british_islands,British Islands,1260.0,philosopher,europe
1087,Q3431390,Richard FitzNeal,re_british_islands,British Islands,1130.0,economist,europe
1099,Q1285550,Richard Maitland,re_british_islands,British Islands,1496.0,historian,europe
1129,Q15512079,William Rishanger,re_british_islands,British Islands,1250.0,historian,europe
1132,Q7789338,Thomas Elmham,re_british_islands,British Islands,1364.0,historian,europe
1142,Q6255771,John Rous,re_british_islands,British Islands,1411.0,historian,europe
1163,Q18527537,Roger Collingwood,re_british_islands,British Islands,1495.0,mathematician,europe
1183,Q957527,John Colet,re_british_islands,British Islands,1467.0,theologian,europe
1185,Q42544,Thomas More,re_british_islands,British Islands,1478.0,theologian | philosopher | historian,europe
1189,Q468950,Richard Kilvington,re_british_islands,British Islands,1305.0,theologian | philosopher,europe
1290,Q5541813,George Lokert,re_british_islands,British Islands,1485.0,theologian | philosopher,europe
1351,Q967274,John Dumbleton,re_british_islands,British Islands,1310.0,mathematician,europe
1354,Q173893,John Wycliffe,re_british_islands,British Islands,1320.0,theologian | philosopher,europe
1412,Q7787517,Thomas Beckington,re_british_islands,British Islands,1390.0,theologian,europe
1446,Q7359222,Roger of Hereford,re_british_islands,British Islands,1170.0,astronomer,europe
1501,Q199894,Thomas Cranmer,re_british_islands,British Islands,1489.0,theologian,europe
1531,Q345524,William of Malmesbury,re_british_islands,British Islands,1080.0,historian,europe
1757,Q317098,Lanfranc,re_british_islands,British Islands,1005.0,theologian | philosopher,europe
1783,Q652097,Hector Boece,re_british_islands,British Islands,1465.0,philosopher | historian,europe
1799,Q3014885,Daniel of Morley,re_british_islands,British Islands,1140.0,philosopher,europe
1804,Q302402,Ralph de Diceto,re_british_islands,British Islands,1200.0,historian,europe
1853,Q236699,Julian of Norwich,re_british_islands,British Islands,1343.0,theologian,europe
1858,Q3181469,John Falconer,re_british_islands,British Islands,1450.0,botanist,europe
1978,Q332130,Dunstan,re_british_islands,British Islands,909.0,theologian,europe
1980,Q1357237,John Capgrave,re_british_islands,British Islands,1393.0,historian,europe
1995,Q2368376,Richard of Devizes,re_british_islands,British Islands,1150.0,historian,europe
2003,Q1335413,John of Fordun,re_british_islands,British Islands,1301.0,historian,europe
2054,Q8020569,William Worcester,re_british_islands,British Islands,1415.0,historian,europe
2055,Q6228395,John Dakyn,re_british_islands,British Islands,1497.0,historian,europe
2058,Q2613779,Adam of Dryburgh,re_british_islands,British Islands,1140.0,theologian,europe
2101,Q730540,Thomas Linacre,re_british_islands,British Islands,1460.0,mathematician,europe
2118,Q348340,Sebastian Cabot,re_british_islands,British Islands,1476.0,geographer,europe
2134,Q1751724,Nicholas Trivet,re_british_islands,British Islands,1257.0,historian,europe
2189,Q431324,Walter Map,re_british_islands,British Islands,1140.0,historian,europe
2321,Q1237075,Robert Barnes,re_british_islands,British Islands,1495.0,theologian,europe
2343,Q18535021,William de Montibus,re_british_islands,British Islands,1140.0,theologian,europe
2365,Q2580220,William Penbygull,re_british_islands,British Islands,1400.0,philosopher,europe
2405,Q670599,John Lambert,re_british_islands,British Islands,1500.0,theologian,europe
2410,Q1234985,John Bale,re_british_islands,British Islands,1495.0,theologian | historian,europe
2436,Q14945632,William Reade,re_british_islands,British Islands,1283.0,mathematician,europe
2458,Q647264,John Hooper,re_british_islands,British Islands,1495.0,theologian,europe
2520,Q465329,Stephen Langton,re_british_islands,British Islands,1150.0,theologian,europe
2534,Q3525718,Thomas of Sutton,re_british_islands,British Islands,1230.0,theologian,europe
2543,Q3569049,William of Macclesfield,re_british_islands,British Islands,1250.0,theologian,europe
2555,Q18529292,Thomas Leintwardine,re_british_islands,British Islands,1363.0,theologian,europe
2573,Q743506,Edmund Bonner,re_british_islands,British Islands,1500.0,theologian,europe
2648,Q721636,Ralph of Coggeshall,re_british_islands,British Islands,1101.0,historian,europe
2737,Q43939,Anselm of Canterbury,re_british_islands,British Islands,1033.0,theologian | philosopher,europe
2746,Q6525197,Leonard Cox,re_british_islands,British Islands,1495.0,linguist,europe
2804,Q1335364,John of Worcester,re_british_islands,British Islands,1100.0,historian,europe
2834,Q389096,Gavin Douglas,re_british_islands,British Islands,1474.0,linguist,europe
2851,Q18576953,Roger Dymoke,re_british_islands,British Islands,1350.0,theologian,europe
2882,Q18576207,Geoffrey Hardeby,re_british_islands,British Islands,1320.0,theologian,europe
2922,Q18734029,Philip Norris,re_british_islands,British Islands,1400.0,theologian,europe
3015,Q18672337,Simon of Hinton,re_british_islands,British Islands,1248.0,theologian,europe
3053,Q2126785,Ralph Niger,re_british_islands,British Islands,1140.0,historian,europe
3108,Q321390,Adam of Balsham,re_british_islands,British Islands,1105.0,philosopher | mathematician,europe
3188,Q7341485,Robert Alyngton,re_british_islands,British Islands,1355.0,philosopher,europe
3193,Q5602097,William Capon,re_british_islands,British Islands,1480.0,theologian,europe
3196,Q7878018,Uthred of Boldon,re_british_islands,British Islands,1320.0,theologian,europe
3204,Q1788686,Edward Lee,re_british_islands,British Islands,1482.0,theologian,europe
3215,Q3180358,Jofroi of Waterford,re_british_islands,British Islands,1250.0,linguist,europe
3288,Q1052577,Cedd,re_british_islands,British Islands,620.0,theologian,europe
3317,Q504016,Thomas Elyot,re_british_islands,British Islands,1490.0,linguist | philosopher,europe
3363,Q1524158,Gilbert Crispin,re_british_islands,British Islands,1046.0,theologian,europe
3376,Q7330201,Richard de Morins,re_british_islands,British Islands,1161.0,historian,europe
3445,Q312372,Adelard of Bath,re_british_islands,British Islands,1075.0,astronomer | philosopher | mathematician,europe
3520,Q718564,William de la Mare,re_british_islands,British Islands,1300.0,philosopher,europe
3613,Q18576912,Robert Handlo,re_british_islands,British Islands,1350.0,musicologist,europe
3674,Q710046,Hugh Latimer,re_british_islands,British Islands,1485.0,theologian,europe
3686,Q2345308,Richard Rolle,re_british_islands,British Islands,1300.0,theologian,europe
3740,Q2032430,Walter Bower,re_british_islands,British Islands,1385.0,historian,europe
3742,Q3710165,Walcher of Malvern,re_british_islands,British Islands,1001.0,astronomer | mathematician,europe
3746,Q349235,John Rogers,re_british_islands,British Islands,1500.0,theologian,europe
3750,Q171677,Roger Bacon,re_british_islands,British Islands,1220.0,philosopher | physicist | musicologist | mathematician | theologian,europe
3754,Q5683,Geoffrey Chaucer,re_british_islands,British Islands,1343.0,linguist | philosopher,europe
3915,Q3387604,Peter Langtoft,re_british_islands,British Islands,1201.0,historian,europe
3922,Q3299494,Andronicus Callistus,re_british_islands,British Islands,1400.0,philosopher,europe
3928,Q1271395,Gilbert of Sempringham,re_british_islands,British Islands,1083.0,philosopher,europe
3931,Q1673525,Isaac of Stella,re_british_islands,British Islands,1110.0,philosopher,europe
3983,Q94608,William Caxton,re_british_islands,British Islands,1422.0,linguist,europe
3994,Q28761,Alfred of Sareshel,re_british_islands,British Islands,1101.0,philosopher,europe
4007,Q585089,Simon Bredon,re_british_islands,British Islands,1300.0,astronomer,europe
4027,Q18577246,William Woodford,re_british_islands,British Islands,1330.0,theologian,europe
4064,Q725614,Eadmer,re_british_islands,British Islands,1060.0,historian,europe
4113,Q18577133,Walter Diss,re_british_islands,British Islands,1330.0,theologian,europe
4114,Q268107,John of Cornwall,re_british_islands,British Islands,1127.0,theologian,europe
4124,Q59892,Nicholas Kratzer,re_british_islands,British Islands,1487.0,astronomer | mathematician,europe
4170,Q947245,Ingulf,re_british_islands,British Islands,1030.0,historian,europe
4176,Q1322939,John Peckham,re_british_islands,British Islands,1227.0,theologian | philosopher,europe
4203,Q21192310,John Bryan,re_british_islands,British Islands,1493.0,logician,europe
4219,Q18880379,William Sudbury,re_british_islands,British Islands,1351.0,theologian,europe
4225,Q3104436,Gervase of Canterbury,re_british_islands,British Islands,1141.0,historian,europe
4260,Q428905,Asser,re_british_islands,British Islands,900.0,historian,europe
4278,Q18527191,Clement of Llanthony,re_british_islands,British Islands,1100.0,theologian,europe
4332,Q18528869,Thomas Bungay,re_british_islands,British Islands,1214.0,theologian,europe
4343,Q741030,Nicholas Ridley,re_british_islands,British Islands,1500.0,theologian,europe
4403,Q3525652,Thomas Walsingham,re_british_islands,British Islands,1340.0,historian,europe
4404,Q1229700,John of Garland,re_british_islands,British Islands,1195.0,linguist | historian,europe
4416,Q16968579,Richard Methley,re_british_islands,British Islands,1451.0,theologian,europe
4445,Q2066873,Richard of Wallingford,re_british_islands,British Islands,1292.0,astronomer | mathematician,europe
4475,Q683717,William Latimer,re_british_islands,British Islands,1467.0,theologian | linguist,europe
4501,Q2848877,Andrew of Saint Victor,re_british_islands,British Islands,1110.0,theologian,europe
4504,Q18530742,Richard Billingham,re_british_islands,British Islands,1300.0,theologian | logician,europe
4527,Q1216487,Geoffrey le Baker,re_british_islands,British Islands,1301.0,historian,europe
4576,Q7357881,Roger Bolingbroke,re_british_islands,British Islands,1380.0,astronomer,europe
4611,Q1685825,Thomas Abel,re_british_islands,British Islands,1497.0,theologian,europe
4633,Q18671963,John Lathbury,re_british_islands,British Islands,1300.0,theologian,europe
4700,Q713043,Edward Hall,re_british_islands,British Islands,1497.0,historian,europe
4715,Q770348,Ranulf Higden,re_british_islands,British Islands,1299.0,historian,europe
4719,Q3175686,Jean de Saint Albans,re_british_islands,British Islands,1170.0,theologian,europe
4746,Q1862572,Walter Burley,re_british_islands,British Islands,1275.0,theologian | philosopher | historian | logician,europe
4758,Q1985049,Nicholas of Lynn,re_british_islands,British Islands,1330.0,astronomer,europe
4770,Q461116,Thomas Bradwardine,re_british_islands,British Islands,1300.0,theologian | philosopher | physicist | mathematician,europe
4779,Q3436698,Robert of Melun,re_british_islands,British Islands,1100.0,philosopher,europe
4803,Q18671696,John Bury,re_british_islands,British Islands,1400.0,theologian,europe
4817,Q1856133,William of Heytesbury,re_british_islands,British Islands,1313.0,philosopher | mathematician,europe
4890,Q895373,Bovo II.,re_german_world,German world,900.0,theologian,europe
4926,Q55125823,Martin Plantsch,re_german_world,German world,1460.0,theologian,europe
4996,Q1697425,Johann Dreier,re_german_world,German world,1500.0,theologian,europe
5064,Q315000,Jean Froissart,re_low_countries,Low countries,1337.0,historian,europe
5105,Q66836,Johannes Nider,re_german_world,German world,1380.0,theologian,europe
5118,Q767777,Augustin Gschmus,re_france,France,1490.0,theologian,europe
5135,Q1539547,Geoffrey of Auxerre,re_france,France,1115.0,theologian,europe
5188,Q1986849,Nicolaus Marschalk,re_german_world,German world,1470.0,archeologist | historian,europe
5210,Q428694,Boetius of Dacia,re_nordic_countries,Nordic countries,1240.0,philosopher,europe
5234,Q456569,Walafrid Strabo,re_german_world,German world,808.0,botanist | historian,europe
5236,Q675928,Lupus Servatus,re_france,France,805.0,theologian | philosopher,europe
5238,Q67397,Wessel Gansfort,re_low_countries,Low countries,1419.0,theologian,europe
5239,Q695156,Arnold Fitz Thedmar,re_german_world,German world,1201.0,historian,europe
5251,Q1666446,Vitus Auslasser,re_german_world,German world,1479.0,botanist,europe
5276,Q966044,Hayton of Corycus,re_france,France,1235.0,historian,europe
5284,Q317979,Alexander Ales,re_german_world,German world,1500.0,theologian,europe
5353,Q3175448,Jean de Haynin,re_low_countries,Low countries,1423.0,historian,europe
5401,Q315357,Marsilius of Padua,re_german_world,German world,1275.0,philosopher,europe
5447,Q19935841,Bernard Pergerl,re_german_world,German world,1440.0,astronomer | linguist | mathematician,europe
5510,Q548981,Alberic of Trois-Fontaines,re_france,France,1201.0,historian,europe
5517,Q2722500,Bertrand of Comminges,re_france,France,1050.0,philosopher,europe
5555,Q66631,Konrad of Megenberg,re_german_world,German world,1309.0,zoologist | meteorologist,europe
5588,Q3777109,Martinus de Dacia,re_nordic_countries,Nordic countries,1220.0,theologian | philosopher,europe
5601,Q944668,Robert de Clari,re_france,France,1170.0,historian,europe
5602,Q455162,Vincent of Beauvais,re_france,France,1190.0,philosopher | zoologist,europe
5618,Q75657,Georg Tannstetter,re_german_world,German world,1482.0,geographer | astronomer | mathematician,europe
5624,Q1597613,Heinrich Himmel,re_german_world,German world,1486.0,theologian,europe
5633,Q3555111,Vautrin Lud,re_france,France,1448.0,geographer,europe
5671,Q1677768,Magdalius Jacobus,re_german_world,German world,1470.0,theologian,europe
5676,Q3434764,Robert Céneau,re_france,France,1483.0,theologian | historian,europe
5678,Q1419526,Ludwig Baer,re_german_world,German world,1479.0,theologian,europe
5683,Q1679186,Jakob Köbel,re_german_world,German world,1462.0,mathematician,europe
5704,Q1648217,Jean Le Fevre de Saint-Remy,re_low_countries,Low countries,1395.0,historian,europe
5727,Q67126,Caspar Aquila,re_german_world,German world,1488.0,theologian,europe
5751,Q6265864,John of la Rochelle,re_france,France,1190.0,theologian | philosopher,europe
5755,Q60959,Jacob Sprenger,re_france,France,1438.0,theologian,europe
5761,Q2475597,Ulrich Bolt,re_german_world,German world,1500.0,theologian,europe
5796,Q94755046,Georg Widman,re_german_world,German world,1486.0,historian,europe
5798,Q18398264,Valerand de la Varanne,re_france,France,1450.0,theologian,europe
5806,Q3387540,Pierre de Fécamp,re_france,France,1150.0,historian,europe
5814,Q816933,Benedikt Burgauer,re_german_world,German world,1494.0,theologian,europe
5821,Q3124462,Géraud de Frachet,re_france,France,1205.0,historian,europe
5847,Q102183661,Helmold Glaedenstedt,re_german_world,German world,1371.0,philosopher,europe
5853,Q673977,Notker Labeo,re_german_world,German world,950.0,theologian,europe
5854,Q1986854,Nicolaus Matz,re_german_world,German world,1443.0,theologian,europe
5886,Q19986310,Laure Hillerin,re_france,France,949.0,historian,europe
5917,Q60589,Andreas Karlstadt,re_german_world,German world,1486.0,theologian,europe
5930,Q101089,Gerhard Westerburg,re_german_world,German world,1486.0,theologian,europe
5945,Q1697689,Johann Hiltalinger,re_german_world,German world,1315.0,theologian,europe
5956,Q17327704,Hendrik van Bommel,re_low_countries,Low countries,1500.0,theologian,europe
5975,Q63170,Sebastian Franck,re_german_world,German world,1499.0,theologian,europe
5977,Q102458,Kaspar Ursinus Velius,re_german_world,German world,1493.0,historian,europe
6023,Q741439,Richerus,re_france,France,941.0,historian,europe
6024,Q125039,Johannes Timann,re_german_world,German world,1499.0,theologian,europe
6030,Q1506270,Symphorian Pollio,re_france,France,1475.0,theologian,europe
6031,Q23900521,Petrus Conradi,re_german_world,German world,1478.0,theologian,europe
6038,Q1697149,Johannes Adorf,re_german_world,German world,1500.0,theologian,europe
6044,Q688647,Johannes Cuspinian,re_german_world,German world,1473.0,historian,europe
6048,Q553947,Sturla Þórðarson,re_nordic_countries,Nordic countries,1214.0,historian,europe
6109,Q116695,Jan Milíč,re_france,France,1325.0,theologian,europe
6170,Q3158334,Jacques Bouchart,re_france,France,1450.0,historian,europe
6174,Q56556949,Andreas Wurm,re_german_world,German world,1455.0,theologian,europe
6182,Q119313,Conrad Justinger,re_german_world,German world,1400.0,historian,europe
6194,Q1494931,Kaspar Löner,re_german_world,German world,1493.0,theologian,europe
6230,Q23957762,Thomas Le Myesier,re_france,France,1300.0,theologian,europe
6270,Q1679388,Jakob Unrest,re_german_world,German world,1430.0,historian,europe
6397,Q4340,Andreas Capellanus,re_france,France,1150.0,philosopher,europe
6415,Q1698516,Johannes Tröster,re_german_world,German world,1500.0,theologian,europe
6476,Q62532,Balthasar Hubmaier,re_german_world,German world,1485.0,theologian,europe
6501,Q543586,Honorius Augustodunensis,re_german_world,German world,1080.0,theologian | geographer | philosopher,europe
6618,Q17625960,Durand d'Auvergne,re_france,France,1250.0,philosopher,europe
6625,Q15434424,Hermann von Hamme,re_german_world,German world,1400.0,theologian,europe
6683,Q3709787,Jehan Adam,re_france,France,1500.0,mathematician,europe
6692,Q98384,Matthäus Aurogallus,re_german_world,German world,1490.0,theologian | linguist | historian,europe
6703,Q785241,Gaunilo of Marmoutiers,re_france,France,994.0,theologian | philosopher,europe
6743,Q160374,Norbert of Xanten,re_german_world,German world,1080.0,philosopher,europe
6793,Q913511,Brictius thon Norde,re_german_world,German world,1490.0,theologian,europe
6833,Q1266754,Durandus of Saint-Pourçain,re_france,France,1272.0,theologian | philosopher,europe
6867,Q99274,Erhard Etzlaub,re_german_world,German world,1462.0,geographer | astronomer,europe
6887,Q3382541,Simon of Tournai,re_low_countries,Low countries,1130.0,philosopher,europe
6908,Q446656,Richard of Middleton,re_france,France,1249.0,theologian | philosopher,europe
6918,Q2018021,Ocko Scharlensis,re_low_countries,Low countries,950.0,historian,europe
6991,Q15429467,Henricus Stero,re_german_world,German world,1300.0,historian,europe
7002,Q1394460,Nikolaus Burgmann,re_german_world,German world,1374.0,historian,europe
7012,Q19502411,Gerhard Lorich,re_german_world,German world,1485.0,theologian,europe
7111,Q2267684,Lambertus Hortensius,re_low_countries,Low countries,1500.0,theologian | historian,europe
7125,Q124070,Heinrich Glarean,re_german_world,German world,1488.0,philosopher | musicologist | mathematician | geographer | historian,europe
7129,Q113390,Johann Lange,re_german_world,German world,1487.0,theologian,europe
7136,Q1379123,James Wedderburn,re_france,France,1495.0,theologian,europe
7154,Q88191779,Nikolaus Fabri von Carbach,re_german_world,German world,1485.0,historian,europe
7156,Q658109,Thierry of Chartres,re_france,France,1100.0,theologian | philosopher,europe
7194,Q717871,John of Segovia,re_france,France,1395.0,theologian,europe
7214,Q1515907,Gervasius Schuler,re_german_world,German world,1495.0,theologian,europe
7219,Q87080,Bernhard Rothmann,re_german_world,German world,1495.0,theologian,europe
7238,Q4148122,Ortwin,re_german_world,German world,1480.0,theologian,europe
7254,Q3385139,Pierre Garcie-Ferrande,re_france,France,1430.0,geographer,europe
7258,Q3761313,Gerson ben Solomon Catalan,re_france,France,1288.0,theologian,europe
7334,Q121884,Dietrich von Bülow,re_german_world,German world,1460.0,theologian,europe
7353,Q1047893,Caspar Güthel,re_german_world,German world,1471.0,theologian,europe
7361,Q1697524,Johannes Fritzhans,re_german_world,German world,1480.0,theologian,europe
7395,Q110601,Caspar Schatzgeyer,re_german_world,German world,1463.0,theologian,europe
7425,Q947994,Raymond of Sabunde,re_france,France,1385.0,philosopher,europe
7432,Q117830,Thomas Platter,re_german_world,German world,1499.0,theologian,europe
7440,Q1969164,Nicholas of Lyra,re_france,France,1270.0,theologian | philosopher,europe
7454,Q61073,Sebastian Münster,re_german_world,German world,1488.0,theologian | geographer | mathematician,europe
7458,Q1277022,Henry of Oyta,re_german_world,German world,1330.0,theologian,europe
7564,Q326307,Peter Olivi,re_france,France,1248.0,theologian | philosopher,europe
7615,Q91741,Eckebert,re_german_world,German world,1200.0,theologian,europe
7628,Q91368,Johann Forster,re_german_world,German world,1496.0,theologian,europe
7637,Q94868543,Wolfgang Engelschalck,re_german_world,German world,1500.0,theologian,europe
7647,Q1986557,Nicolas Chuquet,re_france,France,1445.0,mathematician,europe
7671,Q108373,Heyno Gottschalk,re_german_world,German world,1500.0,theologian,europe
7700,Q71997,Henry of Langenstein,re_german_world,German world,1325.0,astronomer,europe
7704,Q1696828,Johann von Mutterstadt,re_german_world,German world,1400.0,historian,europe
7713,Q1111214,Johannes Ruysch,re_german_world,German world,1460.0,geographer | astronomer,europe
7733,Q100210,Magnus Hundt,re_german_world,German world,1449.0,philosopher | anthropologist,europe
7737,Q76548,Meister Eckhart,re_france,France,1260.0,theologian | philosopher,europe
7741,Q1903775,Martin Frecht,re_german_world,German world,1494.0,theologian,europe
7750,Q42573449,John of Baarle,re_low_countries,Low countries,1500.0,theologian,europe
7766,Q2575630,Wilhelm Werner von Zimmern,re_german_world,German world,1485.0,historian,europe
7854,Q91827,Johannes Draconites,re_german_world,German world,1494.0,theologian | philosopher,europe
7863,Q1903797,Martin Fuhrmann,re_german_world,German world,1450.0,theologian,europe
7876,Q583077,Walter of Mortagne,re_france,France,1100.0,theologian,europe
7890,Q437423,Philippe de Commines,re_france,France,1447.0,historian,europe
7908,Q110999,Bernhard Adelmann von Adelmannsfelden,re_german_world,German world,1459.0,theologian,europe
7916,Q1697280,Johannes Bockenrod,re_german_world,German world,1488.0,theologian,europe
7925,Q805638,Balthasar Raida,re_german_world,German world,1495.0,theologian,europe
7927,Q575772,Bernhard von Konstanz,re_german_world,German world,1050.0,historian,europe
7933,Q3608657,Alberto da Padova,re_france,France,1269.0,theologian,europe
7944,Q735826,Gilles Li Muisis,re_low_countries,Low countries,1272.0,historian,europe
8018,Q154332,Alcuin,re_france,France,735.0,theologian | philosopher,europe
8032,Q58768,Hartmann Schedel,re_german_world,German world,1440.0,geographer | historian,europe
8097,Q3175845,Jean Parmentier,re_france,France,1494.0,geographer,europe
8132,Q18223441,Johann Pfeffer,re_german_world,German world,1415.0,theologian,europe
8147,Q16010771,Barthélemy Arnoldi,re_german_world,German world,1465.0,philosopher,europe
8150,Q48893964,Frans van der Hulst,re_low_countries,Low countries,1465.0,theologian,europe
8167,Q5730729,Henry de Beaume,re_france,France,1367.0,theologian,europe
8203,Q959910,Jedaiah ben Abraham Bedersi,re_france,France,1270.0,philosopher,europe
8257,Q2933641,Calbus Fribergius,re_german_world,German world,1470.0,geologist,europe
8268,Q154526,Einhard,re_german_world,German world,770.0,historian,europe
8284,Q528246,Walther Hermann Ryff,re_german_world,German world,1500.0,botanist | mathematician,europe
8294,Q103812,Johann Boldewan,re_german_world,German world,1485.0,theologian,europe
8316,Q61140,Johannes Aventinus,re_german_world,German world,1477.0,historian,europe
8323,Q58662,Petrus Apianus,re_german_world,German world,1495.0,geographer | astronomer | mathematician,europe
8337,Q1168956,Jodocus Trutfetter,re_german_world,German world,1460.0,theologian | philosopher,europe
8381,Q1695979,Johann Riebling,re_german_world,German world,1494.0,theologian,europe
8386,Q1526665,Johannes Langer,re_german_world,German world,1485.0,theologian,europe
8417,Q19955588,Acher ben David,re_france,France,1150.0,theologian,europe
8424,Q959392,Joseph Caspi,re_france,France,1280.0,philosopher,europe
8435,Q322480,Thangmar,re_german_world,German world,945.0,historian,europe
8443,Q269687,Mechthild of Magdeburg,re_german_world,German world,1207.0,philosopher,europe
8446,Q809305,Bartholomaeus Rieseberg,re_german_world,German world,1492.0,theologian,europe
8527,Q1281873,Heiric of Auxerre,re_france,France,841.0,theologian | philosopher,europe
8566,Q60169361,Ulrik Steidler,re_german_world,German world,1500.0,philosopher,europe
8569,Q72693,Hans Denck,re_german_world,German world,1495.0,theologian,europe
8583,Q712257,Hincmar,re_france,France,806.0,theologian | philosopher | historian,europe
8636,Q68091,Erasmus Alberus,re_german_world,German world,1500.0,theologian,europe
8637,Q1697903,Johannes Kymeus,re_german_world,German world,1498.0,theologian,europe
8645,Q1698432,Johannes Spreter,re_german_world,German world,1500.0,theologian,europe
8676,Q1782346,Conrad Treger,re_german_world,German world,1480.0,theologian,europe
8678,Q312386,Widukind of Corvey,re_german_world,German world,925.0,historian,europe
8810,Q3349361,Odorannus,re_france,France,985.0,musicologist,europe
8811,Q109134,Nikolaus Krage,re_german_world,German world,1500.0,theologian,europe
8813,Q705660,Ulrich of Strasburg,re_france,France,1220.0,theologian | philosopher,europe
8821,Q3186092,Josse van Clichtove,re_france,France,1472.0,theologian,europe
8832,Q104888,Adam Krafft,re_german_world,German world,1493.0,theologian,europe
8846,Q3074346,Florus of Lyon,re_france,France,800.0,theologian,europe
8874,Q1693271,Johann Dölsch,re_german_world,German world,1486.0,theologian,europe
8991,Q805593,Balthasar Düring,re_german_world,German world,1466.0,theologian,europe
8993,Q43902940,Johann Wenth,re_german_world,German world,1450.0,theologian,europe
9006,Q3894002,Paolo Emili,re_france,France,1460.0,historian,europe
9021,Q5741104,Hermann of Altach,re_german_world,German world,1250.0,historian,europe
9113,Q1460906,Johannes von Dorsten,re_german_world,German world,1420.0,theologian,europe
9114,Q121400,Petermann Etterlin,re_german_world,German world,1430.0,historian,europe
9115,Q1174620,Pierre Caroli,re_france,France,1480.0,theologian,europe
9216,Q983400,Johannes de Muris,re_france,France,1290.0,philosopher | musicologist | astronomer | mathematician,europe
9217,Q1697559,Johannes Geuß,re_german_world,German world,1370.0,theologian | philosopher,europe
9231,Q21209105,Jean Trenchant,re_france,France,1450.0,mathematician,europe
9234,Q2417087,Theobald Nigrinus,re_france,France,1485.0,theologian,europe
9254,Q76873,Johann Tetzel,re_german_world,German world,1460.0,theologian,europe
9278,Q2829603,Alain Bouchart,re_france,France,1440.0,historian,europe
9281,Q1752369,Ulrich von Dinstedt,re_german_world,German world,1460.0,theologian,europe
9305,Q733619,David Kimhi,re_france,France,1160.0,philosopher,europe
9318,Q18945546,Jean du Fay,re_france,France,1397.0,mathematician,europe
9358,Q351125,Adam Weiß,re_german_world,German world,1490.0,theologian,europe
9360,Q2060997,Paul Lindenau,re_german_world,German world,1489.0,theologian,europe
9361,Q714562,Octavien de Saint-Gelais,re_france,France,1468.0,theologian,europe
9415,Q187910,Veit Arnpeck,re_german_world,German world,1440.0,historian,europe
9422,Q2081039,Peter of Auvergne,re_france,France,1240.0,theologian,europe
9428,Q20012572,Jacobus Philippi,re_german_world,German world,1435.0,theologian,europe
9455,Q55122814,Melchior Ambach,re_german_world,German world,1490.0,theologian,europe
9490,Q95994,Ulrich Rülein von Calw,re_german_world,German world,1467.0,mathematician,europe
9494,Q892507,Bonifacius Wolfhart,re_german_world,German world,1490.0,theologian,europe
9507,Q60351,Sebastian Brant,re_france,France,1458.0,philosopher,europe
9512,Q1545057,Gregor Breitkopf,re_german_world,German world,1472.0,theologian,europe
9531,Q87636,Simon Grynaeus,re_german_world,German world,1493.0,theologian,europe
9548,Q1504445,Georg Gienger von Rotteneck,re_german_world,German world,1500.0,theologian,europe
9557,Q1463951,Friedrich von Regensburg,re_german_world,German world,1250.0,philosopher,europe
9564,Q38294,Justus Jonas,re_german_world,German world,1493.0,theologian | historian,europe
9642,Q1423645,Joseph Grünpeck,re_german_world,German world,1473.0,historian,europe
9688,Q2058217,Patroklus Römeling,re_german_world,German world,1481.0,theologian,europe
9715,Q62770,Johannes Schöner,re_german_world,German world,1477.0,geographer | astronomer | mathematician,europe
9730,Q454663,Eggerik Beninga,re_german_world,German world,1490.0,historian,europe
9731,Q182430,Louis Maigret,re_france,France,1500.0,linguist,europe
9741,Q18275306,Georg Hauer,re_german_world,German world,1484.0,theologian,europe
9771,Q33308799,Peter Boye,re_german_world,German world,1450.0,theologian,europe
9784,Q7966528,Walter of Bruges,re_france,France,1227.0,theologian,europe
9788,Q6791542,Matthias Döring,re_german_world,German world,1390.0,theologian | historian,europe
9830,Q2559639,Wenrich von Trier,re_german_world,German world,1100.0,theologian | philosopher,europe
9843,Q1644220,Thomas Wyttenbach,re_german_world,German world,1472.0,theologian,europe
9860,Q1557932,Johannes Lonicer,re_german_world,German world,1497.0,theologian,europe
9866,Q354517,Immanuel Bonfils,re_france,France,1300.0,astronomer | mathematician,europe
9871,Q3385970,Pierre Lizet,re_france,France,1482.0,theologian,europe
9893,Q104708,Bartholomäus Bernhardi of Feldkirchen,re_german_world,German world,1487.0,theologian,europe
9902,Q1223067,Geoffrey of Vendôme,re_france,France,1093.0,theologian,europe
9912,Q266447,Ralph of Caen,re_france,France,1085.0,historian,europe
9927,Q1383306,Remigius of Auxerre,re_france,France,841.0,theologian | philosopher,europe
9935,Q1557835,Sebastian Fröschel,re_german_world,German world,1497.0,theologian,europe
9938,Q20033227,Christiern Morsing,re_nordic_countries,Nordic countries,1485.0,mathematician,europe
10022,Q310777,Nicole Oresme,re_france,France,1323.0,philosopher | physicist | astronomer | musicologist | mathematician | theologian | economist,europe
10026,Q109244,Adam of Bremen,re_german_world,German world,1100.0,theologian | geographer | historian,europe
10043,Q380647,Giles of Rome,re_france,France,1243.0,philosopher,europe
10080,Q3383965,Pierre Bertrand,re_france,France,1280.0,theologian,europe
10120,Q19958969,Heinrich von Berching,re_german_world,German world,1355.0,theologian,europe
10124,Q1526408,Johann Böschenstein,re_german_world,German world,1472.0,mathematician,europe
10126,Q654858,Paschasius Radbertus,re_france,France,792.0,theologian,europe
10133,Q120648,Joachim Slüter,re_german_world,German world,1490.0,theologian,europe
10134,Q2067100,Adrianus Barlandus,re_low_countries,Low countries,1486.0,philosopher | historian,europe
10140,Q68490,Hermann of Reichenau,re_german_world,German world,1013.0,musicologist | astronomer | historian | mathematician,europe
10171,Q180026,Petrus de Cruce,re_france,France,1300.0,musicologist,europe
10181,Q77394,Adalbert,re_german_world,German world,910.0,historian,europe
10187,Q116363,Oswald Myconius,re_german_world,German world,1488.0,theologian,europe
10206,Q1259554,Johannes Meilof,re_german_world,German world,1435.0,theologian,europe
10238,Q3384637,Petrus Dasypodius,re_france,France,1495.0,linguist,europe
10254,Q84289,Georg von Peuerbach,re_german_world,German world,1423.0,astronomer | mathematician,europe
10275,Q1510217,Gerard Zerbolt of Zutphen,re_low_countries,Low countries,1367.0,theologian,europe
10276,Q716415,Jan Standonck,re_france,France,1453.0,theologian | philosopher,europe
10281,Q2050711,Marteen van Dorp,re_low_countries,Low countries,1485.0,theologian,europe
10342,Q1819195,Leonhard Brunner,re_german_world,German world,1500.0,theologian,europe
10344,Q111464,Johannes Bünderlin,re_german_world,German world,1499.0,theologian,europe
10357,Q1525183,Johann Lachmann,re_german_world,German world,1491.0,theologian,europe
10396,Q574405,Johannes Stabius,re_german_world,German world,1460.0,geographer | anatomist,europe
10451,Q76568,Heinrich Cornelius Agrippa,re_france,France,1486.0,theologian | astronomer | philosopher,europe
10467,Q264028,John of Salisbury,re_france,France,1110.0,theologian | philosopher | historian | political scientist,europe
10479,Q2141275,Reinher von Paderborn,re_german_world,German world,1140.0,mathematician,europe
10497,Q1389095,Jakob Mennel,re_german_world,German world,1460.0,historian,europe
10509,Q60769,Hieronymus Bock,re_german_world,German world,1498.0,botanist | zoologist,europe
10515,Q2433248,Tilemann von Hussen,re_german_world,German world,1497.0,theologian,europe
10518,Q598060,Peter Martyr Vermigli,re_german_world,German world,1499.0,theologian,europe
10588,Q91136,John of Hildesheim,re_german_world,German world,1315.0,theologian | historian,europe
10607,Q4893800,Bernard of Trilia,re_france,France,1240.0,theologian,europe
10621,Q1697195,Johann Bader,re_german_world,German world,1487.0,theologian,europe
10625,Q76588,Martin Agricola,re_german_world,German world,1486.0,musicologist,europe
10660,Q103335,Fritsche Closener,re_france,France,1315.0,historian,europe
10703,Q95871,Berchtold von Kremsmünster,re_german_world,German world,1270.0,historian,europe
10729,Q95638,Georg Rhau,re_german_world,German world,1488.0,musicologist,europe
10778,Q27337,Christoph Rudolff,re_german_world,German world,1499.0,mathematician,europe
10794,Q43903557,Eberhard Weidensee,re_german_world,German world,1486.0,theologian,europe
10802,Q1004128,Frutolf of Michelsberg,re_german_world,German world,1038.0,musicologist | historian,europe
10804,Q98522572,Liévin Algoet,re_german_world,German world,1500.0,historian | physicist,europe
10843,Q85810,Matthäus Zell,re_france,France,1477.0,theologian,europe
10869,Q275500,Jean Buridan,re_france,France,1300.0,theologian | philosopher | logician,europe
10877,Q15728096,Kilian Leib,re_german_world,German world,1471.0,historian,europe
10881,Q1506024,Georg Simler,re_german_world,German world,1477.0,theologian,europe
10887,Q2550000,Jan van Naaldwijk,re_low_countries,Low countries,1450.0,historian,europe
10925,Q2424349,Thomas Grote,re_german_world,German world,1425.0,theologian,europe
10956,Q3340170,Nicolas Caignet de Fréauville,re_france,France,1250.0,theologian,europe
10971,Q24365,Paul Phrygio,re_german_world,German world,1483.0,theologian,europe
11020,Q76554,Johannes Agricola,re_german_world,German world,1494.0,theologian | philosopher,europe
11024,Q453365,Amalric of Bena,re_france,France,1150.0,theologian | philosopher,europe
11040,Q3341053,Nicole Gilles,re_france,France,1420.0,historian,europe
11052,Q94874018,Johannes Müller,re_german_world,German world,1445.0,theologian,europe
11054,Q17301786,Cosme Damià Hortolà,re_france,France,1493.0,philosopher,europe
11064,Q2624676,Gaspard van der Heyden,re_low_countries,Low countries,1496.0,geographer,europe
11066,Q1635599,Hugh Ripelin of Strasburg,re_france,France,1210.0,theologian,europe
11073,Q62535,Melchior Hoffman,re_france,France,1490.0,theologian,europe
11078,Q1991772,Nikolaus von Butrinto,re_france,France,1300.0,historian,europe
11083,Q1910371,Matthias Waibel,re_german_world,German world,1500.0,theologian,europe
11084,Q3080641,Mathieu d'Escouchy,re_france,France,1420.0,historian,europe
11151,Q76161,Johannes Werner,re_german_world,German world,1468.0,geographer | astronomer | mathematician,europe
11157,Q1233049,Leonhard Kaiser,re_german_world,German world,1480.0,theologian,europe
11166,Q6024308,Ericus Olai,re_nordic_countries,Nordic countries,1401.0,theologian | historian,europe
11174,Q433841,Johannes de Sacrobosco,re_france,France,1195.0,astronomer | mathematician,europe
11176,Q62668,Burchard of Worms,re_german_world,German world,965.0,theologian,europe
11219,Q60958,Konrad Peutinger,re_german_world,German world,1465.0,archeologist | historian,europe
11246,Q1679272,Jacob Otther,re_german_world,German world,1485.0,theologian,europe
11265,Q86960,Konrad Cordatus,re_german_world,German world,1480.0,theologian,europe
11275,Q253997,Hucbald,re_france,France,850.0,theologian | musicologist,europe
11298,Q76008,Johannes Nauclerus,re_german_world,German world,1430.0,theologian | historian,europe
11311,Q1711362,Konrad III. von Soltau,re_german_world,German world,1350.0,theologian,europe
11331,Q704472,Marsilius of Inghen,re_german_world,German world,1335.0,philosopher,europe
11365,Q1698386,Johann Schwertfeger,re_german_world,German world,1488.0,theologian,europe
11377,Q77260,Johannes Bugenhagen,re_german_world,German world,1485.0,theologian,europe
11395,Q486426,Anarg von Wildenfels,re_german_world,German world,1490.0,theologian,europe
11396,Q2078919,Peter Weidenhammer,re_german_world,German world,1500.0,chemist,europe
11422,Q137934,Abbot Suger,re_france,France,1080.0,historian,europe
11445,Q317554,Hugh of Saint Victor,re_france,France,1096.0,theologian | philosopher,europe
11451,Q676267,Henry Bate of Malines,re_low_countries,Low countries,1246.0,theologian | astronomer | philosopher,europe
11455,Q283943,Sæmundr fróði,re_nordic_countries,Nordic countries,1056.0,historian,europe
11480,Q84770,Paolo Riccio,re_german_world,German world,1480.0,theologian | philosopher | mathematician,europe
11505,Q1238914,Peter of Corbeil,re_france,France,1101.0,theologian,europe
11511,Q892506,Bonifatius von Roda,re_german_world,German world,1480.0,theologian | mathematician,europe
11558,Q103073,Heinrich von Herford,re_german_world,German world,1326.0,historian,europe
11581,Q106866845,Jerôme de Hangest,re_france,France,1480.0,theologian,europe
11585,Q3610401,Alexander of San Elpidio,re_france,France,1269.0,theologian,europe
11586,Q99021,Hendrik van Zutphen,re_german_world,German world,1488.0,theologian,europe
11604,Q170389,Benedict XII,re_france,France,1280.0,theologian,europe
11621,Q553218,Matthew of Kraków,re_german_world,German world,1355.0,philosopher,europe
11658,Q1685972,Jean d'Outremeuse,re_low_countries,Low countries,1338.0,historian,europe
11671,Q521064,Guillebert de Metz,re_low_countries,Low countries,1391.0,historian,europe
11704,Q6265828,John of Reading,re_france,France,1250.0,philosopher,europe
11722,Q1278889,Eberhard Brisger,re_german_world,German world,1490.0,theologian,europe
11797,Q281966,Robert of Torigni,re_france,France,1100.0,historian,europe
11802,Q649722,Caesar of Heisterbach,re_german_world,German world,1180.0,theologian,europe
11840,Q23770610,Hans Regkmann,re_german_world,German world,1494.0,historian,europe
11843,Q63188,Nicolaus von Amsdorf,re_german_world,German world,1483.0,theologian,europe
11867,Q103484421,Ben Calonymos Calonymos,re_france,France,1286.0,philosopher,europe
11887,Q459612,Ambrosius Berndt,re_german_world,German world,1500.0,theologian,europe
11889,Q1550576,Laurens Laurensen,re_german_world,German world,1495.0,theologian,europe
11891,Q72649,Johann Crotus,re_german_world,German world,1480.0,theologian,europe
11899,Q43977,Jan Hus,re_german_world,German world,1371.0,theologian | linguist | philosopher,europe
11911,Q95863,Lorenz Fries,re_german_world,German world,1489.0,historian,europe
11951,Q237871,Catherine of Vadstena,re_nordic_countries,Nordic countries,1331.0,philosopher,europe
11992,Q1909855,Matthias Erb,re_france,France,1494.0,theologian,europe
11994,Q275425,Thietmar of Merseburg,re_german_world,German world,975.0,historian,europe
11999,Q1599530,Henry of Gorkum,re_german_world,German world,1378.0,theologian | philosopher,europe
12021,Q21544072,Johann Altenstaig,re_german_world,German world,1480.0,theologian,europe
12034,Q546961,Johannes Galliculus,re_german_world,German world,1490.0,musicologist,europe
12039,Q15428720,Reinhard Gaißlin,re_german_world,German world,1480.0,theologian,europe
12046,Q5652,Hélinand of Froidmont,re_france,France,1160.0,historian,europe
12059,Q123604,Johann Eck,re_german_world,German world,1494.0,theologian,europe
12075,Q2078659,Peter Thomäus,re_german_world,German world,1500.0,philosopher,europe
12076,Q42906852,Julien Tabouet,re_france,France,1500.0,historian,europe
12077,Q534814,Theodulf of Orléans,re_france,France,750.0,theologian,europe
12083,Q2048008,Pallas Spangel,re_german_world,German world,1445.0,theologian,europe
12118,Q45367560,Johannes Bronkhorst,re_german_world,German world,1494.0,mathematician,europe
12124,Q1445174,Gunnlaugr Leifsson,re_nordic_countries,Nordic countries,1150.0,historian,europe
12125,Q2576015,Wilhelm von Reichenau,re_german_world,German world,1426.0,theologian,europe
12129,Q1663489,Martin Cleß,re_german_world,German world,1491.0,theologian,europe
12131,Q501468,Andreas von Regensburg,re_german_world,German world,1380.0,historian,europe
12137,Q19288533,Jodok Mörlin,re_german_world,German world,1490.0,philosopher,europe
12149,Q102640,Georg Hartmann,re_german_world,German world,1489.0,geologist | astronomer | mathematician,europe
12156,Q1338046,Johannes de Grocheio,re_france,France,1255.0,musicologist,europe
12209,Q16269222,Philipp Neunheller,re_german_world,German world,1500.0,theologian,europe
12253,Q66192,Matthias Ringmann,re_france,France,1482.0,geographer,europe
12257,Q3377679,Petrus Astronomus,re_nordic_countries,Nordic countries,1450.0,astronomer,europe
12290,Q2361614,Dirc van Delf,re_low_countries,Low countries,1365.0,theologian,europe
12368,Q1695411,John Macalpine,re_nordic_countries,Nordic countries,1450.0,theologian,europe
12396,Q281179,Jean Gerson,re_france,France,1369.0,theologian | philosopher,europe
12400,Q1697945,Johannes Lening,re_german_world,German world,1491.0,theologian,europe
12414,Q16669968,Pierre Desrey,re_france,France,1450.0,historian,europe
12433,Q1086255,Christoph von Utenheim,re_german_world,German world,1450.0,theologian,europe
12483,Q94935116,Andreas Francke,re_german_world,German world,1496.0,theologian,europe
12508,Q164470,Guillaume Caoursin,re_france,France,1430.0,historian,europe
12525,Q71276,Bernhard Walther,re_german_world,German world,1430.0,astronomer,europe
12529,Q4202497,Johannes ab Indagine,re_german_world,German world,1415.0,theologian,europe
12546,Q16838887,Gervase of Melkley,re_france,France,1185.0,linguist,europe
12577,Q61177,Helmold,re_german_world,German world,1120.0,historian,europe
12651,Q895587,Gerard Geldenhouwer,re_german_world,German world,1482.0,theologian | historian,europe
12663,Q572799,Thomas of Cantimpré,re_low_countries,Low countries,1201.0,philosopher,europe
12673,Q12310395,Erik Nielsen Rosenkrantz,re_nordic_countries,Nordic countries,1447.0,theologian,europe
12687,Q47163029,Ambrosius Lacher,re_german_world,German world,1470.0,mathematician,europe
12717,Q123608,Thomas of Erfurt,re_german_world,German world,1300.0,philosopher,europe
12740,Q1426409,Johann Kröner,re_german_world,German world,1460.0,theologian,europe
12761,Q359951,Ado of Vienne,re_france,France,800.0,historian,europe
12773,Q71437,John Brugman,re_low_countries,Low countries,1400.0,theologian,europe
12794,Q105388,Johannes Engel,re_german_world,German world,1463.0,astronomer,europe
12808,Q113633,Friedrich Reiser,re_france,France,1401.0,theologian,europe
12826,Q435006,Berengar of Tours,re_france,France,990.0,theologian | philosopher,europe
12846,Q1698430,Johannes Spittelmaier,re_german_world,German world,1500.0,theologian,europe
12864,Q75373,Johannes de Cuba,re_german_world,German world,1430.0,botanist | pharmacologist,europe
12893,Q2734710,Peter of Bruys,re_france,France,1095.0,theologian,europe
12895,Q60298,Johann Eck,re_german_world,German world,1486.0,theologian,europe
12914,Q717037,John of Paris,re_france,France,1255.0,theologian | philosopher,europe
12946,Q64236,Berthold Schwarz,re_german_world,German world,1318.0,chemist,europe
12955,Q63393,Konrad von Marburg,re_german_world,German world,1180.0,theologian,europe
12958,Q19958916,Nikolaus Basellius,re_german_world,German world,1470.0,historian,europe
12974,Q17310171,Albert Katschen,re_german_world,German world,1400.0,theologian,europe
12997,Q43936,William of Ockham,re_german_world,German world,1285.0,theologian | philosopher | physicist | logician,europe
13000,Q88079,Johannes Hartlieb,re_german_world,German world,1410.0,linguist,europe
13015,Q77239,Katharina von Bora,re_german_world,German world,1499.0,theologian,europe
13016,Q75214,Johann Eberlin von Günzburg,re_german_world,German world,1465.0,theologian,europe
13029,Q15434438,Heinrich Bekelin,re_german_world,German world,1400.0,theologian,europe
13044,Q878349,Francis Lambert,re_german_world,German world,1486.0,theologian,europe
13066,Q1782307,Konrad Schmid,re_german_world,German world,1476.0,theologian,europe
13089,Q353058,Adalbold II of Utrecht,re_low_countries,Low countries,970.0,mathematician,europe
13092,Q22264387,Anonimo francofortese,re_german_world,German world,1380.0,philosopher,europe
13099,Q1696120,Johann Schlaginhaufen,re_german_world,German world,1498.0,theologian,europe
13100,Q2712188,Hans Schriber,re_german_world,German world,1500.0,historian,europe
13104,Q1697921,Johannes Lamside,re_german_world,German world,1400.0,theologian,europe
13112,Q347726,Hans Tausen,re_nordic_countries,Nordic countries,1494.0,theologian | linguist,europe
13113,Q1910439,Matthias of Neuenburg,re_german_world,German world,1327.0,historian,europe
13115,Q46916830,Johann Nathin,re_german_world,German world,1450.0,theologian,europe
13144,Q2866364,Ascelin,re_france,France,1250.0,historian,europe
13208,Q28004827,Nikolaus Apel,re_german_world,German world,1475.0,theologian,europe
13227,Q64128,Johannes Brenz,re_german_world,German world,1499.0,theologian,europe
13234,Q66673,Ekkehard of Aura,re_german_world,German world,1080.0,historian,europe
13259,Q826272,Bernard of Chartres,re_france,France,1080.0,theologian | philosopher,europe
13268,Q561050,Laurentius Petri,re_nordic_countries,Nordic countries,1499.0,theologian,europe
13287,Q1698171,Johannes Pollius,re_german_world,German world,1490.0,theologian,europe
13300,Q1617229,Alfonso de Valdés,re_german_world,German world,1490.0,theologian | philosopher,europe
13306,Q107996,Johannes Knipstro,re_german_world,German world,1497.0,theologian,europe
13317,Q41493652,Pierre le Bibliothécaire,re_france,France,850.0,historian,europe
13356,Q2433244,Tilemann Schnabel,re_german_world,German world,1475.0,theologian,europe
13376,Q13554539,Guillaume Pelhisson,re_france,France,1300.0,historian,europe
13395,Q297501,Léonin,re_france,France,1135.0,musicologist,europe
13482,Q1695422,Johann Mantel,re_german_world,German world,1495.0,theologian,europe
13489,Q473493,Conrad of Gelnhausen,re_german_world,German world,1325.0,theologian,europe
13512,Q90845,Johannes Ferrarius,re_german_world,German world,1485.0,theologian | philosopher,europe
13529,Q2458567,François Bonivard,re_france,France,1493.0,historian,europe
13544,Q447170,Marie Dentière,re_france,France,1495.0,theologian,europe
13583,Q5371,Theobald of Étampes,re_france,France,1080.0,theologian | philosopher,europe
13589,Q5382,Wace,re_france,France,1100.0,historian,europe
13593,Q22696177,Jean Castel,re_france,France,1425.0,historian,europe
13610,Q458981,Berno of Reichenau,re_german_world,German world,978.0,musicologist,europe
13632,Q18816409,Jacob Lemp,re_german_world,German world,1460.0,theologian,europe
13660,Q2656472,Augustin Schurff,re_german_world,German world,1495.0,physicist,europe
13663,Q77354,Johannes Widmann,re_german_world,German world,1461.0,economist | mathematician,europe
13692,Q83428,Paracelsus,re_german_world,German world,1493.0,astronomer | philosopher | chemist | anatomist,europe
13717,Q64159,Johann Faber,re_german_world,German world,1478.0,theologian,europe
13729,Q4313,Alain de Lille,re_france,France,1117.0,theologian | philosopher,europe
13791,Q1592626,Jean Ruel,re_france,France,1474.0,botanist,europe
13802,Q16006907,Adolf Arbogast,re_german_world,German world,1500.0,theologian,europe
13806,Q1347644,Laurentius Andreae,re_nordic_countries,Nordic countries,1470.0,theologian,europe
13807,Q104179,Jacob Kautz,re_german_world,German world,1500.0,theologian,europe
13871,Q649025,Wandelbert,re_german_world,German world,813.0,theologian,europe
13874,Q126738,Pierre Toussain,re_german_world,German world,1499.0,theologian,europe
13875,Q1227013,Dionysius Melander,re_german_world,German world,1486.0,theologian,europe
13897,Q1991458,Nikolaus Glasberger,re_german_world,German world,1500.0,historian,europe
13965,Q5656,Héloïse d’Argenteuil,re_france,France,1101.0,philosopher,europe
13980,Q863687,Albert Suho,re_german_world,German world,1394.0,theologian,europe
13982,Q55194450,Wolfgang Weyssenburger,re_german_world,German world,1496.0,theologian | geographer | mathematician,europe
13989,Q1383191,Petrus Aureolus,re_france,France,1280.0,theologian | philosopher,europe
14018,Q1683081,Albrecht von Bonstetten,re_german_world,German world,1443.0,historian,europe
14022,Q3175677,Jean de Rély,re_france,France,1430.0,theologian,europe
14032,Q98207,Johannes Grau,re_german_world,German world,1483.0,theologian,europe
14051,Q1696797,Johannes von Goch,re_low_countries,Low countries,1410.0,theologian,europe
14054,Q54881227,Ernst Brotuff,re_german_world,German world,1497.0,historian,europe
14076,Q16645535,Jean Mansel,re_france,France,1400.0,historian,europe
14146,Q1346861,Robert of Arbrissel,re_france,France,1047.0,theologian,europe
14162,Q457968,Alexander of Hales,re_france,France,1185.0,theologian | philosopher,europe
14171,Q7026283,Nicholas Tacitus Zegers,re_low_countries,Low countries,1495.0,theologian,europe
14213,Q3377683,Pietro Cirneo,re_france,France,1447.0,historian,europe
14240,Q66486,Johannes Pfefferkorn,re_german_world,German world,1469.0,theologian,europe
14246,Q70026,Albert Krantz,re_german_world,German world,1448.0,historian,europe
14260,Q16638328,Gabriel Hummelberger,re_german_world,German world,1487.0,botanist,europe
14325,Q1348062,Erasmus Ritter,re_german_world,German world,1481.0,theologian,europe
14440,Q3020109,Anselm of Liège,re_low_countries,Low countries,1008.0,historian,europe
14442,Q2418762,Theodoricus Block,re_german_world,German world,1460.0,theologian,europe
14451,Q11716660,Jacobus de Clusa,re_german_world,German world,1381.0,theologian,europe
14452,Q3171264,Jean Chartier,re_france,France,1390.0,historian,europe
14460,Q376156,Adrianus Petit Coclico,re_nordic_countries,Nordic countries,1499.0,musicologist,europe
14478,Q3179683,Joannes Bunderius,re_low_countries,Low countries,1482.0,theologian,europe
14479,Q1697157,Johannes Amandus,re_german_world,German world,1470.0,theologian,europe
14545,Q107718310,Jacob Roecx,re_low_countries,Low countries,1480.0,theologian,europe
14560,Q531883,Gervase of Tilbury,re_france,France,1160.0,historian,europe
14571,Q331322,Nicholas of Autrecourt,re_france,France,1299.0,theologian | philosopher,europe
14575,Q94851998,Anton Engelbrecht,re_france,France,1485.0,theologian,europe
14583,Q1782487,Konrad Öttinger,re_german_world,German world,1500.0,theologian,europe
14595,Q23565042,Andreas Ornithoparchus,re_german_world,German world,1490.0,musicologist,europe
14622,Q370512,Johannes Tinctoris,re_low_countries,Low countries,1435.0,musicologist | mathematician,europe
14659,Q297435,Roscellinus,re_france,France,1050.0,theologian | philosopher,europe
14685,Q508679,Robert de Sorbon,re_france,France,1201.0,theologian,europe
14689,Q1956257,Bertin,re_france,France,615.0,historian,europe
14716,Q1613275,Hermann von Neuenar,re_german_world,German world,1492.0,botanist | historian,europe
14723,Q4328,Alberich of Reims,re_france,France,1085.0,theologian,europe
14745,Q356572,François Vatable,re_france,France,1495.0,theologian | philosopher,europe
14747,Q94916334,Nikolaus Apel,re_german_world,German world,1482.0,philosopher,europe
14760,Q1352704,Michael of Cesena,re_german_world,German world,1270.0,theologian | philosopher,europe
14765,Q1973226,Cornelis Grapheus,re_low_countries,Low countries,1482.0,theologian,europe
14782,Q15437504,Nicolaus Pentz,re_german_world,German world,1450.0,theologian,europe
14788,Q96643,Euricius Cordus,re_german_world,German world,1486.0,botanist,europe
14791,Q381010,Olaus Petri,re_nordic_countries,Nordic countries,1493.0,theologian | historian,europe
14799,Q2569735,Wigand Gerstenberg,re_german_world,German world,1457.0,historian,europe
14838,Q22054804,Johannes van Paesschen,re_low_countries,Low countries,1450.0,theologian,europe
14839,Q4873446,Baudouin of Ninove,re_low_countries,Low countries,1254.0,historian,europe
14851,Q639247,Rudolf of Fulda,re_german_world,German world,800.0,theologian | historian,europe
14857,Q153981,Thomas Müntzer,re_german_world,German world,1489.0,theologian,europe
14865,Q1991795,Nikolaus von Paris,re_france,France,1200.0,philosopher,europe
14908,Q75930,Nicholas Storch,re_german_world,German world,1500.0,theologian,europe
14933,Q112024,John of Winterthur,re_german_world,German world,1300.0,historian,europe
14994,Q120198,Gerold Edlibach,re_german_world,German world,1454.0,historian,europe
15005,Q1697320,Johann Buchstab,re_german_world,German world,1500.0,theologian,europe
15016,Q1991806,Nikolaus von Siegen,re_german_world,German world,1450.0,historian,europe
15061,Q1698310,Johannes Schallermann,re_german_world,German world,1373.0,theologian,europe
15094,Q267285,Berthold of Reichenau,re_german_world,German world,1030.0,historian,europe
15151,Q104546,Christoph von Stadion,re_german_world,German world,1478.0,theologian,europe
15156,Q190089,Duns Scotus,re_german_world,German world,1266.0,theologian | philosopher,europe
15158,Q121435,Michael Vehe,re_german_world,German world,1485.0,theologian,europe
15188,Q4289,Guibert of Nogent,re_france,France,1055.0,theologian | historian,europe
15224,Q2433241,Tilemann Platner,re_german_world,German world,1490.0,theologian,europe
15250,Q330769,Abraham ben David of Posquières,re_france,France,1120.0,philosopher,europe
15252,Q20087100,Johannes Huswirt,re_german_world,German world,1401.0,mathematician,europe
15260,Q2902778,Guillaume du Bellay,re_france,France,1491.0,historian,europe
15262,Q471392,Albert of Stade,re_german_world,German world,1200.0,historian,europe
15274,Q2756217,Vital du Four,re_france,France,1260.0,philosopher,europe
15297,Q646092,Beatus Rhenanus,re_france,France,1485.0,philosopher | historian,europe
15310,Q87504,Henricus Martellus Germanus,re_german_world,German world,1401.0,geographer,europe
15325,Q4926258,Frowin of Engleberg,re_german_world,German world,1150.0,historian,europe
15331,Q993382,Gottfried de Hegghe,re_german_world,German world,1400.0,theologian,europe
15363,Q107613,Hieronymus Dungersheim,re_german_world,German world,1465.0,theologian,europe
15369,Q7173221,Peter Ceffons,re_france,France,1320.0,theologian,europe
15417,Q785250,Petrus Comestor,re_france,France,1100.0,theologian | historian,europe
15448,Q87483698,Konrad Heinfogel,re_german_world,German world,1450.0,geographer | astronomer | mathematician,europe
15456,Q1677782,Jacques Dubois,re_france,France,1478.0,anatomist,europe
15463,Q1596838,Heinrich Brennwald,re_german_world,German world,1478.0,historian,europe
15471,Q735121,Jean Alfonse,re_france,France,1484.0,geographer,europe
15482,Q768555,Philip the Chancellor,re_france,France,1165.0,theologian | philosopher,europe
15501,Q642571,Henri Arnaut de Zwolle,re_france,France,1400.0,astronomer | musicologist,europe
15525,Q106837,Saxo Grammaticus,re_nordic_countries,Nordic countries,1150.0,historian,europe
15541,Q29438,Hervaeus Natalis,re_france,France,1260.0,theologian | philosopher,europe
15562,Q61740,Adam Ries,re_german_world,German world,1492.0,mathematician,europe
15563,Q1307497,Heinrich Banzcow,re_german_world,German world,1480.0,theologian,europe
15608,Q267825,William of Champeaux,re_france,France,1070.0,theologian | philosopher,europe
15613,Q728668,Stephen Harding,re_france,France,1059.0,theologian,europe
15620,Q2226120,Óláfr Þórðarson,re_nordic_countries,Nordic countries,1210.0,historian,europe
15637,Q353633,Gersonides,re_france,France,1288.0,theologian | astronomer | philosopher | mathematician,europe
15645,Q5626,Odo of Deuil,re_france,France,1110.0,historian,europe
15647,Q1583520,Hans Rüte,re_german_world,German world,1500.0,historian,europe
15666,Q2324856,Lodewijk Heyligen,re_france,France,1304.0,musicologist,europe
15697,Q106336,Eleazar of Worms,re_german_world,German world,1160.0,theologian,europe
15709,Q15434161,Heinrich Dittlinger,re_german_world,German world,1440.0,historian,europe
15728,Q703858,Ratramnus,re_france,France,800.0,theologian | philosopher,europe
15783,Q372888,Clarembald of Arras,re_france,France,1110.0,theologian | philosopher,europe
15825,Q63206,Otto Brunfels,re_german_world,German world,1488.0,theologian | botanist | zoologist,europe
15885,Q20653374,Thomas Giese,re_german_world,German world,1488.0,theologian,europe
15913,Q70053,Konrad Mutian,re_german_world,German world,1470.0,philosopher,europe
15941,Q1695160,Johann Klopriß,re_german_world,German world,1500.0,theologian,europe
15957,Q77296,Paul Scriptoris,re_france,France,1462.0,theologian | mathematician,europe
15982,Q77417,Lazarus Spengler,re_german_world,German world,1479.0,theologian,europe
15999,Q330515,Hugh of Fleury,re_france,France,1100.0,historian,europe
16004,Q1517082,John Sarrazin,re_france,France,1200.0,theologian,europe
16009,Q15054957,Johannes Tolhopff,re_german_world,German world,1445.0,astronomer,europe
16032,Q55126883,Nicolaus Tinctor,re_german_world,German world,1450.0,philosopher | logician,europe
16070,Q19826529,Wendelinus Steinbach,re_german_world,German world,1454.0,theologian,europe
16090,Q1000507,Hugh of Flavigny,re_france,France,1065.0,historian,europe
16112,Q1428253,Johann Weiß,re_german_world,German world,1498.0,theologian,europe
16136,Q1148492,Cyriacus Gericke,re_german_world,German world,1500.0,theologian,europe
16160,Q1518911,Peter Schott der Jüngere,re_france,France,1460.0,theologian,europe
16170,Q3340115,Nicolas Bonet,re_france,France,1280.0,theologian,europe
16186,Q529302,Fulbert of Chartres,re_france,France,960.0,theologian | philosopher,europe
16219,Q3124396,Gerard of Abbeville,re_france,France,1225.0,theologian,europe
16237,Q3340931,Nicholas of Gorran,re_france,France,1232.0,theologian,europe
16251,Q999983,Gui de Melun,re_france,France,1300.0,historian,europe
16261,Q1510759,Gerd Rinesberch,re_german_world,German world,1315.0,historian,europe
16263,Q338876,Matthias Qualle,re_german_world,German world,1470.0,philosopher,europe
16266,Q2874928,Aymar du Rivail,re_france,France,1491.0,historian,europe
16268,Q471069,Bernold of Constance,re_german_world,German world,1054.0,historian,europe
16275,Q269181,Jean d'Auton,re_france,France,1466.0,historian,europe
16277,Q4405549,Henrik Harpestræng,re_nordic_countries,Nordic countries,1164.0,botanist,europe
16312,Q76095,Petrus Mosellanus,re_german_world,German world,1493.0,theologian,europe
16322,Q77820,Ambrosius Blarer,re_german_world,German world,1492.0,theologian | philosopher,europe
16323,Q71067,Sebald Heyden,re_german_world,German world,1499.0,musicologist,europe
16326,Q1344154,Michael Hummelberger,re_german_world,German world,1487.0,theologian,europe
16357,Q2262948,Sebastian Meyer,re_france,France,1465.0,theologian,europe
16370,Q15783328,Andreas Magerius,re_france,France,1500.0,theologian,europe
16420,Q15457901,Jean Sarrasin,re_france,France,1300.0,historian,europe
16442,Q66853,Manegold of Lautenbach,re_german_world,German world,1030.0,theologian | philosopher,europe
16444,Q1386187,Jean Lemaire de Belges,re_france,France,1473.0,historian,europe
16484,Q60625,Conrad Celtes,re_german_world,German world,1459.0,philosopher | historian | mathematician,europe
16514,Q1694790,Johannes Isenmann,re_german_world,German world,1495.0,theologian,europe
16533,Q94910370,Jakob Merstetter,re_german_world,German world,1460.0,theologian,europe
16548,Q252918,Aegidius Faber,re_german_world,German world,1490.0,theologian,europe
16551,Q354813,Notker the Stammerer,re_german_world,German world,840.0,musicologist | historian,europe
16559,Q6170357,Jean Capréolus,re_france,France,1380.0,theologian,europe
16605,Q473002,Hendrik Herp,re_low_countries,Low countries,1400.0,theologian,europe
16621,Q3807718,Jean de Hesdin,re_france,France,1320.0,theologian,europe
16632,Q1782286,Konrad Sam,re_german_world,German world,1483.0,theologian,europe
16686,Q1696138,Johann Schnabel,re_german_world,German world,1500.0,theologian,europe
16708,Q96244489,Hieronymus Brillinger,re_german_world,German world,1469.0,theologian,europe
16711,Q872290,Engelbert of Admont,re_german_world,German world,1250.0,musicologist,europe
16772,Q1611259,Johannes Salat,re_german_world,German world,1498.0,historian,europe
16780,Q25267466,Lubert Hautscilt,re_low_countries,Low countries,1347.0,mathematician,europe
16791,Q1991551,Nicolaus Kempf,re_german_world,German world,1415.0,theologian,europe
16809,Q95281,Gregor Brück,re_german_world,German world,1485.0,theologian,europe
16811,Q1223914,Dietrich Loher,re_german_world,German world,1495.0,theologian,europe
16814,Q1441170,Francesco Pellos,re_france,France,1450.0,mathematician,europe
16818,Q1371865,Conrad Summenhart,re_german_world,German world,1455.0,theologian,europe
16826,Q15438269,Johann Cellarius,re_german_world,German world,1496.0,theologian,europe
16827,Q9012406,"John Bourchier, 2nd Baron Berners",re_france,France,1467.0,linguist,europe
16831,Q356298,Orderic Vitalis,re_france,France,1075.0,historian,europe
16834,Q219010,Christiern Pedersen,re_nordic_countries,Nordic countries,1480.0,theologian,europe
16870,Q819901,Ebbo,re_german_world,German world,778.0,theologian,europe
16896,Q64141364,Luis de la Cadena,re_france,France,1500.0,theologian,europe
16921,Q745030,Peter of Vaux de Cernay,re_france,France,1182.0,historian,europe
16930,Q1231596,Peter Cantor,re_france,France,1101.0,theologian,europe
16934,Q3050941,Elias de l'Estrange,re_france,France,1350.0,theologian,europe
16940,Q1348087,Erasmus Stella,re_german_world,German world,1460.0,historian,europe
16977,Q1872061,Louis de Berquin,re_france,France,1490.0,theologian | linguist,europe
16988,Q20980023,Ordo Stenmel,re_german_world,German world,1470.0,theologian,europe
16989,Q617670,Jacques Almain,re_france,France,1480.0,theologian,europe
17005,Q26838306,Egloff Etterlin,re_german_world,German world,1401.0,economist,europe
17016,Q1222132,Radulphus Brito,re_france,France,1270.0,philosopher,europe
17019,Q1527009,Albert von Bardewik,re_german_world,German world,1300.0,historian,europe
17049,Q318580,Pierre d'Ailly,re_france,France,1350.0,theologian | geographer | astronomer | philosopher,europe
17058,Q55127714,Wolfgang Seidl,re_german_world,German world,1491.0,theologian,europe
17077,Q983291,Oronce Finé,re_france,France,1494.0,geographer | astronomer | mathematician,europe
17087,Q722999,Erhard Reuwich,re_german_world,German world,1445.0,geographer,europe
17089,Q477281,Amplonius Ratinck de Berka,re_german_world,German world,1363.0,theologian,europe
17115,Q1697302,Johannes Bremer,re_german_world,German world,1400.0,theologian,europe
17209,Q40653172,Leonhard Schwartzenbach,re_german_world,German world,1500.0,historian,europe
17264,Q44053,Pierre Desceliers,re_france,France,1487.0,geographer,europe
17274,Q112076807,Christian Wolmann,re_german_world,German world,1500.0,theologian,europe
17275,Q122079,Johannes Comander,re_german_world,German world,1484.0,theologian,europe
17358,Q25070,Henry of Latvia,re_german_world,German world,1187.0,philosopher | historian,europe
17379,Q51780260,Gielis de Leeuw,re_low_countries,Low countries,1475.0,theologian,europe
17434,Q220976,Thomas à Kempis,re_low_countries,Low countries,1380.0,theologian | philosopher,europe
17447,Q3524892,Thomas Basin,re_low_countries,Low countries,1412.0,historian,europe
17476,Q111210803,Noël de Fribois,re_france,France,1400.0,historian,europe
17502,Q561251,Vergilius of Salzburg,re_german_world,German world,700.0,astronomer | mathematician,europe
17543,Q116098,Joachim Vadian,re_german_world,German world,1484.0,theologian | historian,europe
17570,Q1661383,Martin Schalling the Elder,re_france,France,1490.0,theologian,europe
17617,Q92171,Johannes Lecküchner,re_german_world,German world,1400.0,theologian,europe
17632,Q67841,Gregory of Tours,re_france,France,538.0,historian,europe
17639,Q1581921,Hans Rebmann,re_german_world,German world,1499.0,theologian,europe
17646,Q481456,Heinrich Faber,re_german_world,German world,1490.0,musicologist,europe
17687,Q311528,Adam of Fulda,re_german_world,German world,1445.0,musicologist,europe
17690,Q1613148,Hermann Zoestius,re_german_world,German world,1350.0,mathematician,europe
17703,Q328747,Jean de Joinville,re_france,France,1224.0,historian,europe
17746,Q434356,Manuel Chrysoloras,re_german_world,German world,1355.0,philosopher,europe
17785,Q206275,Pérotin,re_france,France,1160.0,musicologist,europe
17789,Q1919161,Melchior Miritz,re_german_world,German world,1500.0,theologian,europe
17813,Q7342931,Robert Ciboule,re_france,France,1403.0,theologian,europe
17857,Q51076470,Jodocus Eichmann,re_german_world,German world,1420.0,theologian,europe
17871,Q96476,Andreas Stöberl,re_german_world,German world,1465.0,astronomer | mathematician,europe
17887,Q3311138,Michel d'Arande,re_low_countries,Low countries,1450.0,theologian,europe
17946,Q1472257,Martin Merz,re_german_world,German world,1425.0,mathematician,europe
18061,Q741596,Jean Le Bel,re_low_countries,Low countries,1290.0,historian,europe
18084,Q722296,William of Jumièges,re_france,France,1000.0,historian,europe
18110,Q1617588,Hieronymus Nopp,re_german_world,German world,1450.0,theologian,europe
18125,Q1605482,Henning Hagen,re_german_world,German world,1440.0,historian,europe
18136,Q707637,Henry of Ghent,re_low_countries,Low countries,1217.0,philosopher,europe
18179,Q76325,Philipp Melanchthon,re_german_world,German world,1497.0,theologian | astronomer | philosopher,europe
18194,Q501214,Andreas Wesling,re_german_world,German world,1500.0,theologian,europe
18221,Q15821313,Johann Ketzmann,re_german_world,German world,1487.0,theologian,europe
18240,Q123450,Johannes Oecolampadius,re_german_world,German world,1482.0,theologian,europe
18251,Q2841391,Amaury Bouchard,re_france,France,1490.0,philosopher,europe
18296,Q2476881,Ulrich Wagner,re_german_world,German world,1500.0,mathematician,europe
18307,Q5241449,David ben Abraham ha-Laban,re_france,France,1201.0,philosopher,europe
18335,Q981494,John of Wales,re_france,France,1300.0,theologian | philosopher,europe
18355,Q3174233,Jean Raulin,re_france,France,1443.0,theologian,europe
18368,Q1368362,Wolfgang Capito,re_france,France,1478.0,theologian,europe
18369,Q207717,Guillaume Dufay,re_france,France,1397.0,musicologist,europe
18373,Q13103316,Johannes Enen,re_german_world,German world,1483.0,historian,europe
18379,Q1991797,Nikolaus von Prüm,re_german_world,German world,1395.0,theologian,europe
18394,Q98048,Ulrich Krafft,re_german_world,German world,1455.0,theologian,europe
18397,Q15433745,Stephan Roth,re_german_world,German world,1492.0,theologian,europe
18421,Q562428,Rodrigo Jiménez de Rada,re_france,France,1170.0,historian,europe
18428,Q27877140,Arnoldus Vesaliensis,re_german_world,German world,1484.0,theologian,europe
18434,Q58461372,Johannes Kreutzer,re_german_world,German world,1424.0,theologian,europe
18435,Q56025778,Winandus de Stega,re_german_world,German world,1371.0,theologian,europe
18443,Q5198,Walter of Châtillon,re_france,France,1135.0,theologian,europe
18456,Q2567495,Wichmann Kruse,re_german_world,German world,1464.0,theologian,europe
18460,Q712537,Gunther of Pairis,re_german_world,German world,1150.0,historian,europe
18473,Q2695864,Almannus of Hautvillers,re_france,France,830.0,theologian,europe
18481,Q20002684,Johannes Bonadies,re_german_world,German world,1500.0,musicologist,europe
18488,Q75973,Friedrich Myconius,re_german_world,German world,1491.0,theologian,europe
18499,Q96832,Andreas Althamer,re_german_world,German world,1500.0,theologian,europe
18504,Q1347826,William of Auvergne,re_france,France,1180.0,theologian | philosopher,europe
18521,Q3611413,Alfredo Gontier,re_france,France,1301.0,philosopher,europe
18525,Q569607,Anselm of Laon,re_france,France,1050.0,theologian | philosopher,europe
18528,Q1447856,Franz Kolb,re_german_world,German world,1465.0,theologian,europe
18557,Q1697597,Johannes Gunckel,re_german_world,German world,1486.0,physicist,europe
18568,Q120972,Sebastian Hofmeister,re_german_world,German world,1476.0,theologian,europe
18596,Q5353,Gilles de Corbeil,re_france,France,1140.0,anatomist,europe
18611,Q1692680,Johann Bernhard,re_german_world,German world,1500.0,theologian,europe
18645,Q3384303,Pierre Carré,re_france,France,1500.0,theologian,europe
18650,Q1696465,Johann Valentin Furtmüller,re_german_world,German world,1497.0,theologian,europe
18663,Q984123,Johannes Buteo,re_france,France,1492.0,mathematician,europe
18672,Q43499,Erasmus,re_german_world,German world,1466.0,theologian | philosopher,europe
18690,Q70147,Felix Fabri,re_german_world,German world,1441.0,theologian | historian,europe
18714,Q523583,Geoffrey of Paris,re_france,France,1300.0,historian,europe
18724,Q1259164,Rudolf Collinus,re_german_world,German world,1499.0,theologian,europe
18732,Q716427,Jean Juvénal des Ursins,re_france,France,1388.0,philosopher | historian,europe
18747,Q3176749,Jean Bagnyon,re_german_world,German world,1412.0,historian,europe
18769,Q1504119,Georg Elner,re_german_world,German world,1450.0,theologian,europe
18777,Q113745,Franz von Retz,re_german_world,German world,1343.0,theologian,europe
18779,Q21884123,Jean Aggerman,re_low_countries,Low countries,1438.0,theologian,europe
18781,Q15428282,Bernhard Ziegler,re_german_world,German world,1496.0,theologian,europe
18790,Q347852,Adalbert of Hamburg,re_german_world,German world,1000.0,theologian,europe
18820,Q110714068,Peter Meyer,re_german_world,German world,1475.0,theologian,europe
18861,Q5550917,Gerlac Peterson,re_german_world,German world,1378.0,theologian,europe
18866,Q72304,Erhard Schnepf,re_german_world,German world,1495.0,theologian,europe
18878,Q102724,Theodor Dorsten,re_german_world,German world,1492.0,botanist,europe
18896,Q1058040,Philip of Harveng,re_low_countries,Low countries,1100.0,theologian,europe
18900,Q5580,Albrecht Dürer,re_german_world,German world,1471.0,art theorist | mathematician,europe
18905,Q1224163,Theodoric of Freiberg,re_german_world,German world,1250.0,theologian | philosopher | physicist,europe
18929,Q3170679,Jean Beleth,re_france,France,1101.0,theologian,europe
18932,Q11908879,Beat Guillem de Tolosa,re_france,France,1297.0,philosopher,europe
18966,Q97447,Ottmar Luscinius,re_german_world,German world,1487.0,musicologist,europe
18967,Q63179,Johann von Staupitz,re_german_world,German world,1465.0,theologian,europe
18981,Q2554001,Wedigo Gans Putlitz,re_german_world,German world,1438.0,theologian,europe
18997,Q1697252,Johannes Velcurio,re_german_world,German world,1490.0,physicist,europe
19027,Q8962871,Frobert of Troyes,re_france,France,595.0,theologian,europe
19032,Q1697566,Johannes Glotter,re_german_world,German world,1500.0,theologian,europe
19048,Q2576059,William of Saint-Amour,re_france,France,1202.0,theologian,europe
19058,Q1735066,Kaspar Kantz,re_german_world,German world,1483.0,theologian,europe
19109,Q73208,Karl von Miltitz,re_german_world,German world,1490.0,theologian,europe
19111,Q115863,Diebold Schilling the Elder,re_german_world,German world,1445.0,historian,europe
19121,Q631337,Alanus de Rupe,re_low_countries,Low countries,1428.0,theologian,europe
19150,Q517177,Fridugisus,re_france,France,800.0,philosopher,europe
19251,Q6851589,Miles of Marseilles,re_france,France,1294.0,philosopher,europe
19257,Q2620215,Cornelius Aurelius,re_low_countries,Low countries,1460.0,historian,europe
19259,Q1677770,Jacobus Probst,re_german_world,German world,1486.0,theologian,europe
19276,Q1066534,Charles de Bovelles,re_france,France,1479.0,theologian | philosopher | mathematician,europe
19316,Q76918,Johann Georg Faust,re_german_world,German world,1480.0,astronomer,europe
19322,Q378549,Adso of Montier-en-Der,re_france,France,910.0,theologian,europe
19330,Q704851,Wolfgang Musculus,re_german_world,German world,1497.0,theologian,europe
19346,Q11933552,Llucià Colomines,re_france,France,1500.0,linguist,europe
19355,Q892057,Bonagratia of Bergamo,re_german_world,German world,1265.0,philosopher,europe
19400,Q689903,Marius Aventicensis,re_german_world,German world,532.0,historian,europe
19417,Q312939,Peter Waldo,re_france,France,1140.0,theologian,europe
19418,Q4085162,Gilles Le Bouvier,re_france,France,1386.0,historian,europe
19441,Q94766559,Johannes Deuschlin,re_german_world,German world,1480.0,theologian,europe
19494,Q5348276,Eguinaire Baron,re_france,France,1495.0,philosopher,europe
19524,Q77107,Ulrich von Hutten,re_german_world,German world,1488.0,philosopher,europe
19562,Q70991,Hildegard of Bingen,re_german_world,German world,1098.0,theologian | philosopher | anatomist,europe
19571,Q123034,Huldrych Zwingli,re_german_world,German world,1484.0,theologian,europe
19722,Q5615634,Guiu de Terrena,re_france,France,1270.0,philosopher,europe
19723,Q7237544,Praepositinus,re_france,France,1150.0,theologian | philosopher,europe
19731,Q4755589,Andreas Perlach,re_german_world,German world,1490.0,astronomer | mathematician,europe
19739,Q4295,Peter Abelard,re_france,France,1079.0,theologian | linguist | philosopher | logician,europe
19765,Q107865,Eberhard Billick,re_german_world,German world,1499.0,theologian,europe
19767,Q1226841,Gérard Roussel,re_france,France,1500.0,theologian | philosopher,europe
19800,Q1949867,Petrus Thaborita,re_low_countries,Low countries,1450.0,historian,europe
19812,Q1695296,Johann Lindemann,re_german_world,German world,1488.0,theologian,europe
19867,Q372699,Adrian Buxschott,re_german_world,German world,1493.0,theologian,europe
19893,Q643487,Peter the Venerable,re_france,France,1092.0,theologian,europe
19903,Q591991,Anton Musa,re_german_world,German world,1485.0,theologian,europe
19913,Q459749,Ambrosius Wilfflingseder,re_german_world,German world,1500.0,theologian,europe
19921,Q1313654,Johannes Lycaula,re_german_world,German world,1500.0,theologian,europe
19927,Q688678,Johann Stumpf,re_german_world,German world,1500.0,theologian | historian,europe
19954,Q1991578,Nikolaus Lilienfeld,re_german_world,German world,1400.0,astronomer,europe
19986,Q118048,Melchior Russ,re_german_world,German world,1450.0,historian,europe
19993,Q2559850,Wenzeslaus Linck,re_german_world,German world,1483.0,theologian,europe
20011,Q122657,Benedictus Ducis,re_german_world,German world,1490.0,theologian,europe
20014,Q1919124,Melchior Fendt,re_german_world,German world,1486.0,physicist,europe
20023,Q1698739,Johannes von Dinkelsbühl,re_german_world,German world,1370.0,physicist,europe
20069,Q110036,Person Gobelinus,re_german_world,German world,1358.0,historian,europe
20121,Q71815,Justus Menius,re_german_world,German world,1499.0,theologian,europe
20129,Q77395,Hans Buchner,re_german_world,German world,1483.0,musicologist,europe
20136,Q1678133,Jacques de Hemricourt,re_low_countries,Low countries,1333.0,historian,europe
20156,Q43746,Bonaventure,re_france,France,1221.0,theologian | philosopher,europe
20159,Q2848707,André Tiraqueau,re_france,France,1488.0,philosopher,europe
20162,Q2361366,Albert Pighius,re_low_countries,Low countries,1490.0,theologian | astronomer | mathematician,europe
20163,Q1696878,Johann Ruchrat von Wesel,re_german_world,German world,1425.0,theologian,europe
20191,Q2476003,Ulrich Hugwald,re_german_world,German world,1496.0,historian,europe
20201,Q1599329,Heinrich Winckel,re_german_world,German world,1493.0,theologian,europe
20219,Q447318,Jacob Ziegler,re_german_world,German world,1470.0,theologian | geographer | astronomer | mathematician,europe
20238,Q1669758,Ludolph Naaman,re_german_world,German world,1497.0,theologian,europe
20240,Q1619056,Johann Rurer,re_german_world,German world,1480.0,theologian,europe
20254,Q3876450,Nicolas de Gonesse,re_france,France,1364.0,theologian,europe
20273,Q5582103,Gonsalvus of Spain,re_france,France,1255.0,philosopher,europe
20278,Q15729620,Conrad Goclenius,re_low_countries,Low countries,1499.0,philosopher,europe
20287,Q1698099,Johannes Nuhn,re_german_world,German world,1442.0,historian,europe
20293,Q21207730,Jean-François du Soleil,re_france,France,1490.0,astronomer | mathematician,europe
20340,Q1678968,Jakob Curio,re_german_world,German world,1497.0,mathematician,europe
20380,Q111411584,Hans Larsson Rizanesander,re_nordic_countries,Nordic countries,1500.0,mathematician,europe
20395,Q71569,Hieronymus Münzer,re_german_world,German world,1437.0,geographer,europe
20459,Q323906,Heymeric de Campo,re_low_countries,Low countries,1395.0,theologian,europe
20512,Q1789901,Thomas Gassner,re_german_world,German world,1500.0,theologian,europe
20513,Q75631,Werner Rolevinck,re_german_world,German world,1425.0,historian,europe
20553,Q71071,David of Augsburg,re_german_world,German world,1200.0,theologian,europe
20578,Q23721072,George de Esclavonie,re_france,France,1360.0,theologian,europe
20646,Q3385021,Pierre Forcadel,re_france,France,1500.0,mathematician,europe
20651,Q514617,William of Nangis,re_france,France,1300.0,historian,europe
20658,Q1388231,Marianus Scotus,re_german_world,German world,1028.0,historian,europe
20708,Q9554,Martin Luther,re_german_world,German world,1483.0,theologian | philosopher,europe
20720,Q15445547,Johannes Seld,re_german_world,German world,1383.0,theologian,europe
20731,Q78955,Johannes von Gmunden,re_german_world,German world,1380.0,astronomer | philosopher | mathematician,europe
20756,Q3983861,Teodorico di Freiberg,re_german_world,German world,1250.0,philosopher,europe
20762,Q72192,Gregor Reisch,re_german_world,German world,1467.0,theologian,europe
20838,Q982050,Gershom ben Judah,re_german_world,German world,960.0,philosopher,europe
20841,Q1391474,Judah ben Samuel of Regensburg,re_german_world,German world,1140.0,philosopher,europe
20853,Q48115,"Fulk IV, Count of Anjou",re_france,France,1043.0,historian,europe
20912,Q1528692,Laurentius Bosshart,re_german_world,German world,1490.0,historian,europe
20932,Q188411,Bernard of Clairvaux,re_france,France,1091.0,theologian | philosopher,europe
20950,Q4026168,Herman Lethmaet,re_low_countries,Low countries,1492.0,theologian,europe
20982,Q668134,Pier Paolo Vergerio,re_german_world,German world,1498.0,theologian,europe
20998,Q1524086,Gilbert Winram,re_german_world,German world,1500.0,theologian,europe
21014,Q1693478,Johann Freiberger,re_german_world,German world,1470.0,historian,europe
21106,Q2081055,Petrus de Scotia,re_nordic_countries,Nordic countries,1450.0,theologian,europe
21138,Q172308,Andrea Navagero,re_france,France,1483.0,botanist,europe
21141,Q18132160,Christian Kuchimeister,re_german_world,German world,1260.0,historian,europe
21199,Q321881,Jean de Wavrin,re_france,France,1394.0,historian,europe
21220,Q15090859,Hugh of Balma,re_france,France,1289.0,theologian,europe
21235,Q1685450,Jean Courtecuisse,re_france,France,1350.0,theologian,europe
21256,Q1697525,Johannes Frosch,re_german_world,German world,1485.0,theologian,europe
21315,Q3345779,Noël Béda,re_france,France,1470.0,theologian,europe
21343,Q2094016,Pierre Fénin,re_france,France,1500.0,historian,europe
21372,Q57197,Martin Waldseemüller,re_france,France,1470.0,theologian | geographer,europe
21376,Q3720414,Egidius de Francia,re_france,France,1400.0,musicologist,europe
21381,Q71848,Jakob Wimpfeling,re_france,France,1450.0,theologian | historian,europe
21393,Q569959,Robert III de La Marck,re_france,France,1491.0,historian,europe
21396,Q2826340,Agazio Guidacerio,re_france,France,1477.0,linguist,europe
21419,Q2109747,Primat de Saint-Denis,re_france,France,1300.0,historian,europe
21435,Q1599456,Heinrich von Antwerpen,re_german_world,German world,1150.0,historian,europe
21461,Q87525,Gabriel Zwilling,re_german_world,German world,1487.0,theologian,europe
21475,Q1283684,Johannes Oldekop,re_german_world,German world,1493.0,theologian,europe
21491,Q2847276,Reinier Snoy,re_low_countries,Low countries,1477.0,historian,europe
21494,Q3126999,Hans Sapidus,re_france,France,1490.0,theologian,europe
21496,Q3768498,John of Saxony,re_german_world,German world,1323.0,astronomer,europe
21501,Q1359348,Heriger of Lobbes,re_low_countries,Low countries,925.0,historian,europe
21512,Q3172160,Jean Fusoris,re_france,France,1365.0,mathematician,europe
21571,Q2427830,Thomas Venatorius,re_german_world,German world,1488.0,theologian,europe
21572,Q1991517,Nikolaus II. Sachau,re_german_world,German world,1385.0,theologian,europe
21574,Q3318312,Honius,re_low_countries,Low countries,1440.0,theologian,europe
21610,Q4775565,Antoine de Mouchy,re_france,France,1494.0,theologian,europe
21685,Q3135751,Hincmar of Laon,re_france,France,830.0,theologian,europe
21770,Q545343,Florens Radewyns,re_low_countries,Low countries,1350.0,theologian,europe
21783,Q1677587,Jakob Montanus,re_german_world,German world,1486.0,theologian,europe
21801,Q86358,Martin Cellarius,re_german_world,German world,1499.0,theologian,europe
21807,Q1698296,Johannes Seliger,re_german_world,German world,1500.0,theologian,europe
21818,Q94276,Martianus Hiberniensis,re_france,France,819.0,historian,europe
21862,Q70968,Adam Reusner,re_german_world,German world,1500.0,theologian,europe
21880,Q1563721,Ladislaus Sunthaym,re_german_world,German world,1440.0,geographer | historian,europe
21896,Q1693448,Johannes Fistenport,re_german_world,German world,1400.0,historian,europe
21978,Q690346,Denis the Carthusian,re_low_countries,Low countries,1402.0,theologian | philosopher,europe
22007,Q7983549,Wernher Steiner,re_german_world,German world,1492.0,historian,europe
22026,Q98433,Johannes Bonemilch,re_german_world,German world,1434.0,theologian,europe
22041,Q8020857,William of Alnwick,re_france,France,1275.0,theologian,europe
22046,Q1239942,Theobald Billicanus,re_german_world,German world,1490.0,theologian,europe
22068,Q85894,Henry of Kalkar,re_german_world,German world,1328.0,theologian,europe
22129,Q89466,Johannes Scheubel,re_german_world,German world,1494.0,astronomer | mathematician,europe
22159,Q1332201,Nicolaus Maurus,re_german_world,German world,1483.0,theologian,europe
22191,Q15380260,Michel Riccio,re_france,France,1445.0,historian,europe
22213,Q97984,Matthias Gretz,re_german_world,German world,1480.0,theologian | philosopher,europe
22224,Q15839732,Paul Lang,re_german_world,German world,1460.0,historian,europe
22255,Q458885,Ambroise,re_france,France,1200.0,historian,europe
22260,Q1696266,Johann Spangenberg,re_german_world,German world,1484.0,theologian,europe
22261,Q1698262,Johannes Rivius,re_german_world,German world,1500.0,theologian,europe
22291,Q72662,Urbanus Rhegius,re_german_world,German world,1489.0,theologian,europe
22355,Q23015642,Hubert Thomas,re_low_countries,Low countries,1495.0,historian,europe
22363,Q116548,Konrad Pellikan,re_german_world,German world,1478.0,theologian,europe
22371,Q1370726,Pierre Bersuire,re_france,France,1290.0,historian,europe
22373,Q303435,Henry Suso,re_german_world,German world,1295.0,theologian | linguist | philosopher,europe
22431,Q14623201,Konrad von Zabern,re_german_world,German world,1500.0,musicologist,europe
22652,Q1620050,Hippolytus Steinwehr,re_german_world,German world,1500.0,theologian,europe
22654,Q3431370,Richard de Saint-Laurent,re_france,France,1200.0,theologian,europe
22676,Q76065,Caspar Hedio,re_france,France,1494.0,theologian | historian,europe
22706,Q1679365,Jakob Stratner,re_german_world,German world,1500.0,theologian,europe
22740,Q523113,Bernard Silvestris,re_france,France,1085.0,philosopher,europe
22795,Q734885,Hilduin,re_france,France,775.0,historian,europe
22832,Q7192779,Pieter Gillis,re_low_countries,Low countries,1486.0,philosopher,europe
22837,Q1698338,Johann Schiphower,re_german_world,German world,1463.0,historian,europe
22846,Q1852000,Moses ben Joshua,re_france,France,1300.0,philosopher,europe
22852,Q7172858,Peter Blomevenna,re_german_world,German world,1466.0,theologian,europe
22874,Q58465945,Andreas Alexander,re_german_world,German world,1475.0,mathematician,europe
22875,Q1511724,Gerhard Hecker,re_german_world,German world,1470.0,theologian,europe
22893,Q1239570,Jean Tixier de Ravisi,re_france,France,1480.0,philosopher,europe
22911,Q55905933,Heinrich Urdemann,re_german_world,German world,1420.0,theologian,europe
22919,Q88381,Berchtold Haller,re_german_world,German world,1492.0,theologian,europe
22959,Q805635,Balthasar Menz,re_german_world,German world,1500.0,theologian,europe
22972,Q1308096,Johann Mantel,re_german_world,German world,1468.0,theologian,europe
23001,Q115851,Theodore Bibliander,re_german_world,German world,1500.0,theologian | linguist,europe
23008,Q1678134,Jacques de Guyse,re_france,France,1334.0,historian,europe
23019,Q4323,Albert of Aix,re_france,France,1060.0,historian,europe
23065,Q41095850,Ébrard de Watten,re_france,France,1045.0,historian,europe
23066,Q1698366,Johann Schradin,re_german_world,German world,1500.0,theologian,europe
23096,Q3484500,Simon de Phares,re_france,France,1444.0,astronomer,europe
23118,Q55123813,Nicolaus Baechem de Egmunda,re_low_countries,Low countries,1470.0,theologian,europe
23157,Q102223,Johannes Trygophorus,re_german_world,German world,1497.0,theologian,europe
23165,Q338123,Samuel ibn Tibbon,re_france,France,1160.0,philosopher,europe
23186,Q64137,Caspar Schwenckfeld,re_german_world,German world,1489.0,theologian | philosopher,europe
23191,Q3363314,Jørgen Sadolin,re_nordic_countries,Nordic countries,1499.0,theologian,europe
23209,Q118413,Kaspar Glatz,re_german_world,German world,1500.0,theologian,europe
23241,Q316357,Luis Vives,re_low_countries,Low countries,1492.0,philosopher,europe
23248,Q2697956,Alpert of Metz,re_german_world,German world,1000.0,historian,europe
23290,Q182785,Geoffroy du Breuil,re_france,France,1200.0,historian,europe
23298,Q1408608,Hieronymus Weller,re_german_world,German world,1499.0,theologian,europe
23311,Q55133348,Nicolaus Weigel,re_german_world,German world,1350.0,theologian,europe
23319,Q74541,Jakob Twinger von Königshofen,re_france,France,1346.0,historian,europe
23330,Q1416903,Heinrich Birnbaum,re_german_world,German world,1403.0,theologian,europe
23378,Q3385840,Pierre Le Baud,re_france,France,1458.0,historian,europe
23428,Q1540005,Gottschalk Kruse,re_german_world,German world,1499.0,theologian,europe
23440,Q3129976,Robert Gaguin,re_france,France,1434.0,philosopher | historian,europe
23456,Q1693762,Jan Jelecký,re_german_world,German world,1500.0,theologian,europe
23465,Q1489503,Nicolaus Boie,re_german_world,German world,1500.0,theologian,europe
23481,Q1327912,Nicolaus Dedelow,re_german_world,German world,1400.0,theologian,europe
23529,Q1432518,Gerard of Florennes,re_france,France,975.0,political scientist,europe
23530,Q60059,Albertus Magnus,re_german_world,German world,1193.0,zoologist | philosopher | botanist | musicologist | chemist | theologian | geographer | economist,europe
23533,Q467242,Geert Groote,re_low_countries,Low countries,1340.0,theologian,europe
23581,Q1628129,William of St-Thierry,re_france,France,1075.0,theologian | philosopher,europe
23606,Q2508266,Valentin Curtius,re_german_world,German world,1493.0,theologian,europe
23611,Q365557,Rodolphus Agricola,re_german_world,German world,1444.0,philosopher,europe
23622,Q441066,Julius Caesar Scaliger,re_france,France,1484.0,philosopher,europe
23624,Q84963,Julius von Pflug,re_german_world,German world,1499.0,theologian,europe
23625,Q1576113,Jakob Gresel,re_german_world,German world,1483.0,theologian,europe
23643,Q5722572,Henry Harclay,re_france,France,1270.0,philosopher,europe
23647,Q1692668,Johann Berckmann,re_german_world,German world,1450.0,theologian,europe
23670,Q3175415,Jean de Gagny,re_france,France,1401.0,theologian,europe
23671,Q1438509,Hermann von Lerbeck,re_german_world,German world,1345.0,historian,europe
23739,Q125009,Nicholas Magni,re_german_world,German world,1355.0,theologian,europe
23748,Q1089729,James of Hesbaye,re_low_countries,Low countries,1260.0,musicologist,europe
23764,Q1677643,Jakob Strauß,re_german_world,German world,1480.0,theologian,europe
23768,Q103653,Johann Pfeffinger,re_german_world,German world,1493.0,theologian,europe
23785,Q355194,Ari Þorgilsson,re_nordic_countries,Nordic countries,1067.0,historian,europe
23800,Q583119,Gilbert de La Porrée,re_france,France,1070.0,theologian | philosopher,europe
23847,Q455874,Regino of Prüm,re_german_world,German world,842.0,musicologist,europe
23854,Q2745910,Jacques De Meyer,re_low_countries,Low countries,1491.0,historian,europe
23866,Q4256415,Levi ben Abraham ben Hayyim,re_france,France,1245.0,astronomer | philosopher | mathematician,europe
23930,Q1294353,Johannes Canter,re_low_countries,Low countries,1424.0,astronomer,europe
23960,Q1712294,Stephan Kempe,re_german_world,German world,1500.0,theologian,europe
24008,Q109666,Melchior Rink,re_german_world,German world,1494.0,theologian,europe
24013,Q1125307,Tilmann von Lyn,re_german_world,German world,1480.0,theologian,europe
24041,Q7966540,Walter of St Victor,re_france,France,1150.0,theologian,europe
24081,Q1615494,Johannes Ludecus,re_german_world,German world,1500.0,theologian,europe
24094,Q1505423,Georg Muestinger,re_german_world,German world,1400.0,astronomer,europe
24108,Q810169,Basil Valentine,re_german_world,German world,1394.0,chemist,europe
24175,Q1237716,Dominicus Sleupner,re_german_world,German world,1483.0,theologian,europe
24181,Q3013222,Pierre de Corte,re_low_countries,Low countries,1491.0,theologian,europe
24193,Q3592436,Étienne de Rouen,re_france,France,1150.0,historian,europe
24200,Q435942,Otto of Freising,re_france,France,1111.0,historian,europe
24236,Q1677552,Jacob Knade,re_german_world,German world,1490.0,theologian,europe
24243,Q19280608,Matthaeus Herbenus,re_low_countries,Low countries,1451.0,musicologist,europe
24314,Q110918,Georg Zingel,re_german_world,German world,1428.0,theologian,europe
24362,Q75977,Christoph Hegendorff,re_german_world,German world,1500.0,theologian,europe
24365,Q752061,Astrónomus,re_france,France,800.0,historian,europe
24377,Q540799,Gregory of Rimini,re_german_world,German world,1300.0,theologian | philosopher,europe
24405,Q668608,Henri de Valenciennes,re_france,France,1200.0,historian,europe
24425,Q61044,Albertus de Saxonia,re_german_world,German world,1316.0,philosopher | mathematician,europe
24492,Q1715063,Jón Þórðarson,re_nordic_countries,Nordic countries,1400.0,historian,europe
24508,Q1159884,Daniel Meyer,re_german_world,German world,1490.0,theologian,europe
24571,Q1441646,Gerd Slewert,re_german_world,German world,1492.0,theologian,europe
24573,Q3419323,Raoul de Presles,re_france,France,1316.0,theologian,europe
24583,Q353668,Guillaume Budé,re_france,France,1467.0,philosopher,europe
24584,Q253974,Flodoard,re_france,France,894.0,historian,europe
24630,Q114671,Christoph Schappeler,re_german_world,German world,1472.0,theologian,europe
24632,Q24951263,Raymond of Marseilles,re_france,France,1150.0,astronomer,europe
24651,Q97464,Georg Pictorius,re_german_world,German world,1500.0,philosopher,europe
24653,Q21664131,Johann Petersen,re_german_world,German world,1500.0,historian,europe
24686,Q27493929,Petrus Olai,re_nordic_countries,Nordic countries,1490.0,historian,europe
24819,Q315347,Peter Lombard,re_france,France,1100.0,theologian,europe
24862,Q1689821,Mathias Cremerius Peltzer,re_german_world,German world,1465.0,theologian,europe
24889,Q257351,Herrad of Landsberg,re_france,France,1125.0,philosopher,europe
24891,Q94927898,Stutte Wikbold,re_german_world,German world,1340.0,theologian,europe
24912,Q107183,Johannes Aesticampianus,re_german_world,German world,1457.0,theologian | botanist,europe
24915,Q76579,Georgius Agricola,re_german_world,German world,1494.0,geologist | philosopher | historian | chemist,europe
24924,Q689252,Jans der Enikel,re_german_world,German world,1300.0,historian,europe
24932,Q2735514,Johannes Foeniseca,re_german_world,German world,1500.0,mathematician,europe
24972,Q818900,Berechiah ha-Nakdan,re_france,France,1200.0,linguist,europe
25042,Q356513,Jacques Lefèvre d'Étaples,re_france,France,1450.0,theologian | musicologist | philosopher,europe
25065,Q61369,Gabriel Biel,re_german_world,German world,1418.0,theologian | philosopher,europe
25073,Q95729,William of Hirsau,re_german_world,German world,1030.0,theologian | musicologist,europe
25079,Q326684,Johann Heynlin,re_german_world,German world,1430.0,theologian | philosopher,europe
25080,Q1346009,Ludolf Quirre,re_german_world,German world,1395.0,theologian,europe
25132,Q1694711,Pierre Gallisard,re_france,France,1500.0,theologian,europe
25161,Q435456,William Farel,re_german_world,German world,1489.0,theologian,europe
25186,Q912761,Peter Helias,re_france,France,1100.0,linguist,europe
25199,Q55124000,Leonhard Culmann,re_german_world,German world,1497.0,theologian,europe
25207,Q1617596,Hieronymus Rauscher,re_german_world,German world,1500.0,theologian,europe
25221,Q1629652,Nicolaus Pruckner,re_german_world,German world,1494.0,theologian | astronomer | mathematician,europe
25271,Q1313487,Matthias von Kemnat,re_german_world,German world,1429.0,historian,europe
25341,Q804757,Baldemar von Petterweil,re_german_world,German world,1320.0,historian,europe
25344,Q69253,Konrad Wimpina,re_german_world,German world,1460.0,theologian,europe
25361,Q91154,Reimar Kock,re_german_world,German world,1500.0,theologian,europe
25405,Q2016103,Johannes a Leydis,re_low_countries,Low countries,1401.0,historian,europe
25437,Q3159274,Jacobus Latomus,re_low_countries,Low countries,1475.0,theologian,europe
25506,Q3170878,Jean Bouchet,re_france,France,1476.0,historian,europe
25516,Q353532,Alfonso de Castro,re_low_countries,Low countries,1494.0,theologian,europe
25529,Q1697707,Johannes Hoffmann von Schweidnitz,re_german_world,German world,1375.0,theologian,europe
25542,Q74248,Johannes Aepinus,re_german_world,German world,1499.0,theologian,europe
25554,Q3109731,Godfrey of St Victor,re_france,France,1125.0,theologian | philosopher,europe
25558,Q102323,Snorri Sturluson,re_nordic_countries,Nordic countries,1179.0,historian,europe
25567,Q54862817,Nikolaus Ellenbog,re_german_world,German world,1481.0,theologian,europe
25578,Q92506,Johann Carion,re_german_world,German world,1499.0,historian | mathematician,europe
25608,Q1640529,Lazare de Baïf,re_france,France,1496.0,linguist | philosopher,europe
25613,Q713901,Johannes de Garlandia,re_low_countries,Low countries,1270.0,musicologist,europe
25622,Q762,Leonardo da Vinci,re_france,France,1452.0,zoologist | physicist | philosopher | botanist | astronomer | mathematician | chemist | anatomist,europe
25636,Q1630155,Estienne de La Roche,re_france,France,1470.0,mathematician,europe
25670,Q219639,William Tyndale,re_low_countries,Low countries,1494.0,theologian | linguist,europe
25673,Q1399489,Hermann Tulichius,re_german_world,German world,1486.0,theologian,europe
25690,Q306658,Abbo of Fleury,re_france,France,945.0,philosopher | mathematician,europe
25722,Q122059,Gerhoh of Reichersberg,re_german_world,German world,1092.0,theologian,europe
25726,Q124121,Franciscus Irenicus,re_german_world,German world,1495.0,theologian | historian,europe
25801,Q16026626,William of Saint-Cloud,re_france,France,1300.0,astronomer,europe
25837,Q5661,Lambert of Ardres,re_france,France,1160.0,historian,europe
25869,Q543373,Étienne Tempier,re_france,France,1210.0,theologian,europe
25924,Q200463,Guido da Vigevano,re_france,France,1280.0,anatomist,europe
25953,Q1700893,John Lutterell,re_france,France,1250.0,theologian | philosopher,europe
25978,Q15485386,Heinrich von Dissen,re_german_world,German world,1415.0,theologian,europe
25984,Q3635292,Bartholomäus Westheimer,re_france,France,1499.0,theologian,europe
26034,Q1541778,Michael Keller,re_german_world,German world,1490.0,theologian,europe
26048,Q108908999,Ambrosius Salzer,re_german_world,German world,1476.0,theologian,europe
26049,Q1679450,Jacob van Hoogstraten,re_german_world,German world,1460.0,theologian,europe
26092,Q459604,Autpert Ambrose,re_france,France,730.0,theologian,europe
26183,Q87535,Nikolaus Gerbel,re_france,France,1485.0,theologian,europe
26222,Q90473,Henricus Grammateus,re_german_world,German world,1492.0,musicologist | astronomer | mathematician,europe
26230,Q1819252,Leonhard Marstaller,re_german_world,German world,1488.0,theologian,europe
26250,Q1343011,Enguerrand de Monstrelet,re_france,France,1390.0,historian,europe
26287,Q1463928,Friedrich von Pernstein,re_france,France,1270.0,theologian,europe
26317,Q311766,Philippe de Vitry,re_france,France,1293.0,musicologist | philosopher | mathematician,europe
26324,Q1372350,Jacob ben Machir ibn Tibbon,re_france,France,1236.0,astronomer,europe
26342,Q1456927,Conrad of Eberbach,re_german_world,German world,1150.0,historian,europe
26367,Q5316205,Durandus of Troarn,re_france,France,1100.0,theologian,europe
26397,Q669351,Ludolph of Saxony,re_france,France,1300.0,theologian,europe
26402,Q7313246,Renier of St Laurent,re_low_countries,Low countries,1150.0,historian,europe
26412,Q708539,Rodulfus Glaber,re_france,France,985.0,historian,europe
26424,Q1697851,Johannes Klenkok,re_france,France,1310.0,theologian,europe
26481,Q5162643,Conrad of Leonberg,re_german_world,German world,1460.0,theologian,europe
26497,Q6372706,Nicholas of Amiens,re_france,France,1147.0,theologian,europe
26521,Q126985,Georg Grünwald,re_german_world,German world,1490.0,theologian,europe
26534,Q15446698,Joachim Jeetze,re_german_world,German world,1480.0,theologian,europe
26542,Q335171,Menno Simons,re_german_world,German world,1496.0,theologian,europe
26569,Q1393342,Jean de Venette,re_france,France,1307.0,historian,europe
26602,Q1733730,Petrus de Dacia,re_nordic_countries,Nordic countries,1300.0,astronomer | mathematician,europe
26629,Q55597400,Jean Dullaert,re_france,France,1471.0,philosopher,europe
26647,Q692413,Alexander of Villedieu,re_france,France,1175.0,mathematician,europe
26658,Q6615987,Andreas Ebert,re_german_world,German world,1479.0,theologian,europe
26685,Q5616048,Guillaume Guiart,re_france,France,1201.0,historian,europe
26744,Q68476,Johann Geiler von Kaisersberg,re_france,France,1445.0,theologian,europe
26746,Q450192,Guillaume de Puylaurens,re_france,France,1200.0,historian,europe
26772,Q3387047,Pierre Sutor,re_france,France,1475.0,theologian,europe
26813,Q316835,Arnold of Lübeck,re_german_world,German world,1150.0,historian,europe
26883,Q957427,Georges Chastellain,re_france,France,1405.0,historian,europe
26933,Q3358459,Styrmir Kárason,re_nordic_countries,Nordic countries,1170.0,historian,europe
26976,Q64780753,Tilman Limperger,re_german_world,German world,1455.0,theologian,europe
26984,Q2287781,Simon Schneeweiß,re_german_world,German world,1500.0,theologian,europe
26993,Q160441,Rabanus Maurus,re_german_world,German world,784.0,philosopher | zoologist | theologian,europe
27001,Q1806392,Valentin Wanner,re_german_world,German world,1495.0,theologian,europe
27074,Q21543007,Jean Benoît,re_france,France,1483.0,theologian,europe
27077,Q71302,Johannes Stöffler,re_german_world,German world,1452.0,geographer | astronomer | mathematician,europe
27091,Q101802,Georg Aportanus,re_german_world,German world,1495.0,theologian,europe
27109,Q454553,Odo of Cluny,re_france,France,878.0,musicologist,europe
27133,Q1693265,Johann Dryander,re_german_world,German world,1500.0,astronomer | mathematician | anatomist,europe
27140,Q95607,Johann Schwebel,re_german_world,German world,1490.0,theologian,europe
27156,Q455518,Sven Aggesen,re_nordic_countries,Nordic countries,1140.0,historian,europe
27232,Q146994,Zanobi da Strada,re_france,France,1312.0,linguist,europe
27237,Q7792710,Thomas Netter,re_france,France,1372.0,theologian,europe
27288,Q65884,Sebastian Virdung,re_german_world,German world,1465.0,musicologist,europe
27308,Q2142994,Keimpe fan Martena,re_low_countries,Low countries,1487.0,historian,europe
27347,Q24734660,Balthasar Käuffelin,re_german_world,German world,1490.0,theologian,europe
27359,Q119657,Nicolaus Ferber,re_france,France,1485.0,theologian,europe
27361,Q90608,Matthäus Alber,re_german_world,German world,1495.0,theologian,europe
27378,Q1612752,Hermann Serges,re_german_world,German world,1500.0,theologian,europe
27382,Q2087675,Philippe Mouskes,re_low_countries,Low countries,1215.0,historian,europe
27449,Q1082152,Christian Tubingius,re_german_world,German world,1500.0,historian,europe
27453,Q679093,Laurent de Premierfait,re_france,France,1380.0,philosopher,europe
27460,Q108649893,Nicolas Denisse,re_france,France,1450.0,theologian,europe
27465,Q1373185,Walter Chatton,re_france,France,1285.0,philosopher,europe
27471,Q645779,Hermann von Wartberge,re_german_world,German world,1330.0,historian,europe
27483,Q2516871,Joos Lambrecht,re_low_countries,Low countries,1491.0,linguist,europe
27489,Q320735,Thomas Ebendorfer,re_german_world,German world,1388.0,historian,europe
27504,Q1085524,Christoph Mendel von Steinfels,re_german_world,German world,1500.0,theologian,europe
27516,Q1458096,Fridericus Amann,re_german_world,German world,1400.0,astronomer | mathematician,europe
27539,Q1100094,Clemens Sender,re_german_world,German world,1475.0,historian,europe
27555,Q1692726,Johann Bornemacher,re_german_world,German world,1500.0,theologian,europe
27611,Q2466849,Jean Molinet,re_france,France,1435.0,historian,europe
27641,Q71314,Melchior Lotter,re_german_world,German world,1470.0,geographer,europe
27644,Q882619,Ulrich Füetrer,re_german_world,German world,1401.0,historian,europe
27656,Q1685416,Jean Catilinet,re_france,France,1450.0,theologian,europe
27667,Q1625673,Johannes Vögelin,re_german_world,German world,1500.0,astronomer | mathematician,europe
27705,Q1259240,Johannes Knebel,re_german_world,German world,1413.0,historian,europe
27713,Q94904368,Peter van der Vorst,re_german_world,German world,1500.0,theologian,europe
27747,Q1902961,Marteinn Einarsson,re_nordic_countries,Nordic countries,1500.0,theologian,europe
27781,Q1232944,Sigismund Gelenius,re_german_world,German world,1497.0,linguist | philosopher,europe
27792,Q10882562,Alexander of Roes,re_german_world,German world,1225.0,theologian,europe
27799,Q142309,Michael Sattler,re_german_world,German world,1490.0,theologian,europe
27801,Q18761970,Gilbert Seagrave,re_france,France,1250.0,theologian,europe
27860,Q15431520,William Vorilong,re_france,France,1390.0,philosopher,europe
27871,Q116839,Felix Hemmerlin,re_german_world,German world,1388.0,theologian,europe
27874,Q1735077,Kaspar Megander,re_german_world,German world,1495.0,theologian,europe
27879,Q705945,Tanchelm,re_low_countries,Low countries,1100.0,theologian,europe
27881,Q96765,Valentin Ickelshamer,re_german_world,German world,1500.0,linguist,europe
27888,Q1047818,Caspar Borner,re_german_world,German world,1492.0,theologian | astronomer | mathematician,europe
27924,Q74332,Dietrich of Nieheim,re_low_countries,Low countries,1340.0,historian,europe
27935,Q1596866,Heinrich Bukow,re_german_world,German world,1500.0,theologian,europe
27961,Q16646009,Johannes Cuno,re_german_world,German world,1463.0,theologian,europe
27977,Q302983,Aaron Scotus,re_german_world,German world,950.0,musicologist,europe
28043,Q2121581,Richard de Fournival,re_france,France,1201.0,philosopher,europe
28083,Q2872066,Aurelian of Réôme,re_france,France,800.0,musicologist,europe
28099,Q77234,Michael Stifel,re_german_world,German world,1487.0,theologian | mathematician,europe
28108,Q15634526,anonymous geographer from Ravenna,re_german_world,German world,700.0,geographer,europe
28109,Q1350963,Erhard von Appenweiler,re_german_world,German world,1450.0,historian,europe
28149,Q836583,Hermannus Korner,re_german_world,German world,1365.0,historian,europe
28170,Q254814,Jordanus of Giano,re_german_world,German world,1195.0,historian,europe
28178,Q323861,Jan de Bakker,re_low_countries,Low countries,1499.0,theologian,europe
28183,Q60844923,Nicolaus Artopoeus,re_german_world,German world,1500.0,theologian,europe
28189,Q371962,John of Mirecourt,re_france,France,1300.0,philosopher,europe
28192,Q29021438,Gottfried von Hagenau,re_france,France,1270.0,theologian,europe
28211,Q15818578,Guillaume Adeline,re_france,France,1400.0,theologian,europe
28250,Q2066300,Worp fan Thabor,re_low_countries,Low countries,1450.0,historian,europe
28416,Q1697473,Johannes Fabri,re_german_world,German world,1500.0,theologian,europe
28420,Q125308,Johannes Rothe,re_german_world,German world,1360.0,historian,europe
28450,Q1418275,Gerhard Ungefug,re_german_world,German world,1490.0,theologian,europe
28471,Q700720,Sigismund von Herberstein,re_german_world,German world,1486.0,historian,europe
28475,Q16657271,Marcus Heiland,re_france,France,1500.0,theologian,europe
28476,Q1782313,Poul Helgesen,re_nordic_countries,Nordic countries,1485.0,theologian | historian,europe
28495,Q712736,Henri de Mondeville,re_france,France,1260.0,anatomist,europe
28500,Q36697320,Jean Gelida,re_france,France,1450.0,linguist,europe
28574,Q3175826,Jean du Tillet,re_france,France,1500.0,theologian | historian,europe
28606,Q25706702,Georg Winckler,re_german_world,German world,1450.0,theologian,europe
28640,Q15435804,Anton Berckhusen,re_german_world,German world,1500.0,historian,europe
28643,Q1911548,Mauritius Piderit,re_german_world,German world,1497.0,theologian,europe
28654,Q1344799,Richard of Saint Victor,re_france,France,1110.0,theologian | philosopher,europe
28671,Q3385443,Pierre Hennier,re_france,France,1450.0,theologian,europe
28693,Q19829104,Theodoricus Adamaeus,re_german_world,German world,1470.0,historian,europe
28716,Q71709,Georg Rörer,re_german_world,German world,1492.0,theologian,europe
28718,Q3387668,Peter of Poitiers,re_france,France,1130.0,theologian,europe
28721,Q577394,Petrus Peregrinus de Maricourt,re_france,France,1240.0,physicist,europe
28732,Q1244262,David of Dinant,re_france,France,1165.0,theologian | philosopher,europe
28749,Q2583554,Ruard Tapper,re_low_countries,Low countries,1487.0,theologian | philosopher,europe
28751,Q97531,Johannes Zwick,re_german_world,German world,1496.0,theologian,europe
28879,Q1504686,Georg Helt,re_german_world,German world,1485.0,theologian,europe
28890,Q55193541,Michael Köchlin,re_german_world,German world,1478.0,historian,europe
28953,Q70382,Stephan Agricola,re_german_world,German world,1491.0,theologian,europe
28957,Q1609457,Herbord Schene,re_german_world,German world,1330.0,historian,europe
28987,Q27983464,Heinrich von Kettenbach,re_german_world,German world,1500.0,theologian,europe
29050,Q744014,Nicholas of Clémanges,re_france,France,1363.0,theologian | philosopher,europe
29068,Q61067,Johann Reuchlin,re_german_world,German world,1455.0,theologian | philosopher,europe
29168,Q115638,Conrad Grebel,re_german_world,German world,1498.0,theologian,europe
29190,Q5376,Robert the Monk,re_france,France,1055.0,historian,europe
29213,Q94827933,Bernhard Schöfferlin,re_german_world,German world,1436.0,historian,europe
29216,Q60178,Johannes Trithemius,re_german_world,German world,1462.0,mathematician,europe
29223,Q1506156,Georg Stähelin,re_german_world,German world,1450.0,theologian,europe
29236,Q17126532,Sigismundus Gossembrot,re_france,France,1417.0,historian,europe
29250,Q1749811,Richer of Senones,re_france,France,1190.0,historian,europe
29265,Q1986830,Nikolaus Hausmann,re_german_world,German world,1479.0,theologian,europe
29284,Q6215574,Johann Alexander Brassicanus,re_german_world,German world,1500.0,theologian,europe
29297,Q1525283,Heinrich Stachmann,re_german_world,German world,1485.0,physicist,europe
29330,Q1503529,Georg Alt,re_german_world,German world,1450.0,historian,europe
29388,Q65368,George Spalatin,re_german_world,German world,1484.0,theologian | historian,europe
29439,Q91797620,Menahem ben Abraham Bonafos,re_france,France,1301.0,philosopher,europe
29457,Q1098291,Claudius Clavus,re_nordic_countries,Nordic countries,1388.0,geographer,europe
29479,Q1685749,Jean Petit,re_france,France,1360.0,theologian,europe
29526,Q676775,Gottschalk of Orbais,re_france,France,805.0,theologian,europe
29576,Q103856,Bartholomaeus Arnoldi,re_german_world,German world,1465.0,theologian,europe
29613,Q1512245,Gerhard Omcke,re_german_world,German world,1500.0,theologian,europe
29614,Q950840,Corderius,re_france,France,1479.0,theologian,europe
29626,Q965102,Johann Campanus,re_german_world,German world,1500.0,theologian,europe
29628,Q117331,Diebold Schilling the Younger,re_german_world,German world,1460.0,historian,europe
29717,Q26222356,Thomas Ruscher,re_german_world,German world,1450.0,theologian,europe
29722,Q1702593,Wolfgang Reissenbusch,re_german_world,German world,1480.0,theologian,europe
29760,Q670819,Sigebert of Gembloux,re_low_countries,Low countries,1030.0,theologian,europe
29770,Q16146649,Alardus of Amsterdam,re_low_countries,Low countries,1491.0,theologian,europe
29779,Q1445985,Frans Alard,re_german_world,German world,1500.0,theologian,europe
29806,Q1345599,Leo Jud,re_german_world,German world,1482.0,theologian,europe
29808,Q3760962,Gerardo Sereni,re_france,France,1255.0,theologian,europe
29813,Q1498115,Alexius Crosner,re_german_world,German world,1490.0,theologian,europe
29820,Q1927120,Michael Caelius,re_german_world,German world,1492.0,theologian,europe
29833,Q461521,Profiat Duran,re_france,France,1350.0,philosopher,europe
29840,Q3939246,Roberto de' Bardi,re_france,France,1290.0,theologian,europe
29841,Q434550,Jerome of Prague,re_german_world,German world,1380.0,theologian | philosopher,europe
29851,Q2904416,Pietro Coppo,re_italy,Italy,1460.0,geographer,europe
29860,Q1095179,Romuald Guarna,re_italy,Italy,1115.0,historian,europe
29891,Q323448,Abraham Abulafia,re_spain,Spain,1240.0,philosopher,europe
29898,Q338661,Antonio Musa Brassavola,re_italy,Italy,1500.0,botanist,europe
29905,Q669191,Simone Porzio,re_italy,Italy,1497.0,philosopher,europe
29908,Q4207154,Marco Antonio Cadamosto,re_italy,Italy,1476.0,mathematician,europe
29914,Q467062,Judah Leon Abravanel,re_italy,Italy,1460.0,philosopher,europe
29918,Q461640,Isaac ben Joseph ibn Pulgar,re_spain,Spain,1201.0,philosopher,europe
29921,Q559622,Joseph Albo,re_spain,Spain,1380.0,philosopher,europe
29932,Q581159,Pedro de Soto,re_italy,Italy,1493.0,theologian,europe
29935,Q61477488,Marcus de Benevento,re_italy,Italy,1465.0,astronomer | mathematician,europe
29952,Q1237726,Dominicus Gundissalinus,re_spain,Spain,1115.0,linguist | philosopher,europe
29959,Q3374120,Pedro Ciruelo,re_spain,Spain,1470.0,philosopher | mathematician,europe
29960,Q16527382,Antonio Belloni,re_italy,Italy,1479.0,historian,europe
29981,Q1525570,Giorgio Valla,re_italy,Italy,1447.0,musicologist | mathematician,europe
29986,Q1240697,Donato Acciaioli,re_italy,Italy,1429.0,philosopher | historian,europe
29998,Q3893150,Pandolfo Collenuccio,re_italy,Italy,1444.0,historian,europe
30010,Q18811895,Giovan Battista Danti,re_italy,Italy,1478.0,mathematician,europe
30012,Q731956,Bernardo Tolomei,re_italy,Italy,1272.0,theologian,europe
30013,Q4022814,Yohanan Alemanno,re_italy,Italy,1435.0,philosopher,europe
30015,Q250763,Álvar Núñez Cabeza de Vaca,re_spain,Spain,1500.0,historian,europe
30019,Q3475912,Scipione Forteguerri,re_italy,Italy,1466.0,linguist,europe
30055,Q950256,Franchinus Gaffurius,re_italy,Italy,1451.0,musicologist,europe
30059,Q554825,Benedikt Kotruljević,re_italy,Italy,1416.0,economist,europe
30064,Q1697209,Johannes Baptista Montanus,re_italy,Italy,1498.0,anatomist,europe
30074,Q312384,Francisco de Vitoria,re_spain,Spain,1480.0,philosopher | economist,europe
30107,Q93876431,Bartolomeo of Ferrara,re_italy,Italy,1368.0,theologian,europe
30111,Q527075,Secundus of Non,re_italy,Italy,600.0,historian,europe
30132,Q380652,Giles of Viterbo,re_italy,Italy,1469.0,philosopher,europe
30136,Q5659931,Agostino Dati,re_italy,Italy,1420.0,linguist | historian,europe
30139,Q3436127,Robert Pullen,re_italy,Italy,1080.0,theologian,europe
30140,Q51176327,Nicolò Burzio,re_italy,Italy,1450.0,musicologist,europe
30141,Q11929280,Juan Dolz del Castellar,re_spain,Spain,1450.0,philosopher,europe
30143,Q3531260,Tommaso Fazello,re_italy,Italy,1498.0,theologian | historian,europe
30152,Q431054,Martin of Opava,re_italy,Italy,1300.0,historian,europe
30165,Q12877963,Theodore Spandounes,re_italy,Italy,1401.0,historian,europe
30168,Q105826791,Gaspar de Aguilar,re_spain,Spain,1500.0,musicologist,europe
30170,Q104830401,João Sobrinho,re_portugal,Portugal,1500.0,theologian,europe
30179,Q2289542,Catherine de Pallanza,re_italy,Italy,1437.0,philosopher,europe
30234,Q1803572,Nathan ben Jehiel,re_italy,Italy,1100.0,linguist,europe
30249,Q1708321,Joseph ha-Kohen,re_italy,Italy,1496.0,historian,europe
30273,Q1495249,Gaspar Lax,re_spain,Spain,1487.0,philosopher | mathematician,europe
30276,Q352569,Jacopo Nardi,re_italy,Italy,1476.0,historian,europe
30280,Q4755694,Andreas de Vega,re_spain,Spain,1498.0,theologian,europe
30283,Q4002958,Ugolino of Forlì,re_italy,Italy,1380.0,musicologist,europe
30303,Q936722,Claudio Tolomei,re_italy,Italy,1492.0,linguist,europe
30315,Q3904132,Pietro Paolo Caporella,re_italy,Italy,1450.0,theologian,europe
30319,Q5670192,Alonso Palma,re_spain,Spain,1500.0,historian,europe
30323,Q5290104,Domenico Malipiero,re_italy,Italy,1445.0,historian,europe
30336,Q110162102,Michele Fabrizio Ferrarini,re_italy,Italy,1450.0,archeologist,europe
30342,Q448557,Alvarus Pelagius,re_spain,Spain,1275.0,theologian,europe
30350,Q87068388,Biagio Milanesi,re_italy,Italy,1444.0,theologian,europe
30373,Q1866960,Francesillo de Zúñiga,re_spain,Spain,1490.0,historian,europe
30384,Q355903,Siger of Brabant,re_italy,Italy,1235.0,philosopher,europe
30394,Q549523,Antonio Guevara Noroña,re_spain,Spain,1480.0,historian,europe
30402,Q90577711,Astruc Cresques,re_spain,Spain,1301.0,philosopher,europe
30423,Q430685,Sylvester Mazzolini,re_italy,Italy,1456.0,theologian,europe
30432,Q462374,Samuel Usque,re_portugal,Portugal,1490.0,historian,europe
30448,Q781481,Agostino Gallo,re_italy,Italy,1499.0,botanist,europe
30449,Q436738,Gian Giorgio Trissino,re_italy,Italy,1478.0,philosopher,europe
30450,Q15921938,Giovanni Candido,re_italy,Italy,1450.0,historian,europe
30455,Q3768172,Giovanni Spataro,re_italy,Italy,1458.0,musicologist,europe
30456,Q670581,Uberto Decembrio,re_italy,Italy,1350.0,philosopher | historian,europe
30512,Q523860,Andrés Bernáldez,re_spain,Spain,1450.0,historian,europe
30513,Q26251997,Landolfo Colonna,re_italy,Italy,1250.0,historian,europe
30529,Q53101,Ioveta of Bethany,re_spain,Spain,1118.0,theologian,europe
30530,Q19288776,Bartomeu Gerp,re_spain,Spain,1500.0,theologian | mathematician,europe
30534,Q1798685,Vincenzo Maggi,re_italy,Italy,1498.0,philosopher,europe
30535,Q3619807,Antonio Manetti,re_italy,Italy,1423.0,mathematician,europe
30547,Q56072781,Antonio d'Arezzo,re_italy,Italy,1380.0,theologian,europe
30549,Q55226089,Girolamo Buonagrazia,re_italy,Italy,1470.0,philosopher,europe
30551,Q671145,Ramon Muntaner,re_spain,Spain,1265.0,historian,europe
30552,Q167561,Eugene IV,re_italy,Italy,1383.0,philosopher,europe
30554,Q47502797,Pietro del Massaio,re_italy,Italy,1420.0,geographer,europe
30555,Q3903795,Pietro Colonna Galatino,re_italy,Italy,1460.0,theologian,europe
30557,Q16559553,Giorgio Lapazaya,re_italy,Italy,1495.0,mathematician,europe
30567,Q97487860,Al-Dabbi,re_spain,Spain,1155.0,historian,europe
30570,Q462274,Pedro Mexía,re_spain,Spain,1497.0,philosopher | historian,europe
30571,Q1898561,Marino Sanuto the Elder,re_italy,Italy,1270.0,geographer,europe
30572,Q3502536,Giovanni Agostino Abate,re_italy,Italy,1495.0,historian,europe
30574,Q686754,Duarte Pacheco Pereira,re_portugal,Portugal,1460.0,geographer | astronomer,europe
30578,Q16191662,Joan Eixemeno,re_spain,Spain,1350.0,theologian,europe
30582,Q2424152,Thomas Gallus,re_italy,Italy,1190.0,theologian,europe
30611,Q106832905,Pietro Trapolino,re_italy,Italy,1451.0,philosopher,europe
30634,Q4896779,Lucio Marineo Sículo,re_spain,Spain,1444.0,historian,europe
30642,Q722736,Hugh Aycelin,re_italy,Italy,1230.0,theologian,europe
30644,Q249629,Jacopo Dondi dell'Orologio,re_italy,Italy,1293.0,astronomer | mathematician,europe
30645,Q318593,Girolamo Fracastoro,re_italy,Italy,1478.0,epidemiologist | physicist | astronomer | mathematician | geographer,europe
30646,Q41617689,Tommaso Radini Tedeschi,re_italy,Italy,1488.0,theologian | philosopher,europe
30649,Q10994720,Konstantinos the Sicilian,re_italy,Italy,850.0,philosopher,europe
30661,Q17478136,Martín Laso de Oropesa,re_spain,Spain,1499.0,linguist,europe
30663,Q539577,Guarino da Verona,re_italy,Italy,1374.0,philosopher,europe
30673,Q261554,Pier Angelo Manzolli,re_italy,Italy,1500.0,philosopher,europe
30691,Q729799,Atanasiu di Iaci,re_italy,Italy,1201.0,historian,europe
30706,Q3845887,Marcantonio Genua,re_italy,Italy,1491.0,philosopher,europe
30714,Q3713292,Domenico da Gravina,re_italy,Italy,1300.0,historian,europe
30722,Q2286665,Silvestro Ganassi dal Fontego,re_italy,Italy,1492.0,musicologist,europe
30725,Q469971,Gjon Buzuku,re_italy,Italy,1499.0,linguist,europe
30737,Q2409668,Alessandra Giliani,re_italy,Italy,1307.0,anatomist,europe
30745,Q781378,Marino Sanuto the Younger,re_italy,Italy,1466.0,historian,europe
30755,Q567224,Annio da Viterbo,re_italy,Italy,1437.0,archeologist | historian,europe
30760,Q318787,Pietro Pomponazzi,re_italy,Italy,1462.0,philosopher,europe
30766,Q535676,Angelo Decembrio,re_italy,Italy,1415.0,historian,europe
30769,Q1867774,Lodovico Fogliano,re_italy,Italy,1490.0,musicologist,europe
30789,Q318254,Poggio Bracciolini,re_italy,Italy,1380.0,philosopher | historian,europe
30802,Q1242861,Giovanni Maria Lanfranco,re_italy,Italy,1490.0,musicologist,europe
30805,Q3766991,Giovanni Cavalcanti,re_italy,Italy,1381.0,historian,europe
30814,Q704519,Fernão Lopes,re_portugal,Portugal,1385.0,historian,europe
30820,Q192238,Guido of Arezzo,re_italy,Italy,992.0,musicologist,europe
30825,Q109832672,Niccolò Tegrimi,re_italy,Italy,1448.0,historian,europe
30834,Q3120293,Guillaume de Bray,re_italy,Italy,1201.0,mathematician,europe
30835,Q26648,John Argyropoulos,re_italy,Italy,1416.0,philosopher,europe
30838,Q1633681,Olegarius,re_spain,Spain,1060.0,philosopher,europe
30839,Q2278766,François de Busleyden,re_spain,Spain,1455.0,theologian,europe
30847,Q2080920,Petrus Alphonsi,re_spain,Spain,1062.0,theologian | astronomer,europe
30854,Q110777709,Girolamo Fazello,re_italy,Italy,1500.0,theologian,europe
30856,Q287485,Theodoros Gaza,re_italy,Italy,1398.0,philosopher,europe
30862,Q1982892,Gabriel Alonso de Herrera,re_spain,Spain,1470.0,botanist,europe
30866,Q1324187,Tristano Caracciolo,re_italy,Italy,1439.0,historian,europe
30867,Q3805860,Jacopo Cini,re_italy,Italy,1300.0,theologian,europe
30869,Q15430545,Roberto Caracciolo,re_italy,Italy,1425.0,theologian,europe
30888,Q11928019,John of Montson,re_spain,Spain,1340.0,theologian,europe
30904,Q11927912,Joan Ramon Ferrer,re_spain,Spain,1500.0,linguist,europe
30910,Q16181304,Joan Bulons,re_spain,Spain,1450.0,philosopher,europe
30921,Q105014953,Giovanni Francesco Arma,re_italy,Italy,1500.0,physicist,europe
30922,Q3295081,Pere Tomich,re_spain,Spain,1500.0,historian,europe
30925,Q329893,Cresques Abraham,re_spain,Spain,1325.0,geographer,europe
30935,Q947651,John Italus,re_italy,Italy,1025.0,philosopher,europe
30940,Q1346310,Matthew of Aquasparta,re_italy,Italy,1240.0,theologian | philosopher,europe
30964,Q172383,Sylvester II,re_italy,Italy,938.0,theologian | astronomer | philosopher | mathematician,europe
30965,Q1232246,Falco of Benevento,re_italy,Italy,1070.0,historian,europe
30967,Q18945288,Francesco da Firenze,re_italy,Italy,1401.0,theologian,europe
30974,Q3609641,Alerame Traversagni,re_italy,Italy,1400.0,historian,europe
30979,Q3629754,Janus Parrhasius,re_italy,Italy,1471.0,philosopher | historian,europe
30988,Q514391,Paolo da Firenze,re_italy,Italy,1355.0,musicologist,europe
30996,Q355240,Adelmann,re_italy,Italy,1000.0,mathematician,europe
30998,Q4711897,Albertinus de Virga,re_italy,Italy,1350.0,geographer,europe
31007,Q3962007,Sire Raul,re_italy,Italy,1100.0,historian,europe
31022,Q3635458,Bartolomeo Scala,re_italy,Italy,1430.0,historian,europe
31025,Q349351,Richard of San Germano,re_italy,Italy,1165.0,historian,europe
31026,Q16621758,Vincenzo Barsio,re_italy,Italy,1490.0,theologian | philosopher,europe
31034,Q3080911,Francesco Bonafede,re_italy,Italy,1474.0,botanist,europe
31044,Q18814567,Mattia Palmerio,re_italy,Italy,1423.0,historian,europe
31058,Q19723817,Ambrogio Fiandino,re_italy,Italy,1460.0,theologian,europe
31068,Q3762652,Gian Giacomo Adria,re_italy,Italy,1485.0,historian,europe
31074,Q3895848,Paride Grassi,re_italy,Italy,1470.0,theologian,europe
31076,Q2755441,Caffaro di Rustico da Caschifellone,re_italy,Italy,1080.0,historian,europe
31081,Q16468682,Bernardino de' Bustis,re_italy,Italy,1450.0,theologian,europe
31099,Q334188,Pietro Bembo,re_italy,Italy,1470.0,historian,europe
31100,Q21663425,Elisa Oricchio,re_italy,Italy,1111.0,zoologist,europe
31105,Q172916,John XXI,re_italy,Italy,1215.0,philosopher | mathematician,europe
31116,Q3618321,Anselmo Botturnio,re_italy,Italy,1470.0,theologian,europe
31136,Q3273991,Macario Melisurgo,re_italy,Italy,1500.0,historian,europe
31151,Q164823,Girolamo Savonarola,re_italy,Italy,1452.0,philosopher,europe
31156,Q940132,Juan Ginés de Sepúlveda,re_spain,Spain,1490.0,philosopher,europe
31172,Q100753815,Abul Qasim Ibn Ahmad Ibn Abdul Rahman Ibn Muhamma,re_spain,Spain,1029.0,historian,europe
31189,Q2068110,Pellegrino Prisciani,re_italy,Italy,1435.0,astronomer,europe
31195,Q584706,Andalò del Negro,re_italy,Italy,1260.0,geographer | astronomer,europe
31196,Q3830501,Leone Cobelli,re_italy,Italy,1425.0,historian,europe
31203,Q9438,Thomas Aquinas,re_italy,Italy,1225.0,theologian | philosopher,europe
31219,Q445084,Fra Mauro,re_italy,Italy,1385.0,geographer,europe
31220,Q7177913,Peter of Bergamo,re_italy,Italy,1400.0,theologian,europe
31232,Q2050459,Paul of Pergula,re_italy,Italy,1380.0,philosopher | mathematician,europe
31238,Q3768485,Giovanni di Gherardo da Prato,re_italy,Italy,1360.0,mathematician,europe
31239,Q282356,Pedro Reinel,re_portugal,Portugal,1500.0,geographer,europe
31260,Q19998070,Bernat Oliver,re_spain,Spain,1300.0,philosopher,europe
31268,Q2876246,Atto of Pistoia,re_italy,Italy,1070.0,historian,europe
31271,Q93636615,Vidal Efrayim Gerondi,re_spain,Spain,1340.0,astronomer,europe
31273,Q57087,Adrian VI,re_italy,Italy,1459.0,theologian | philosopher,europe
31278,Q41569391,Teofilo Ferrari,re_italy,Italy,1431.0,theologian | philosopher,europe
31280,Q26848922,Alfano Alfani,re_italy,Italy,1465.0,mathematician,europe
31289,Q3131387,Juan Margarit i Pau,re_italy,Italy,1422.0,historian,europe
31298,Q784373,Piero Vettori,re_italy,Italy,1499.0,linguist | philosopher,europe
31309,Q7122828,Pacificus of Ceredano,re_italy,Italy,1424.0,theologian,europe
31312,Q654608,Jacques de Vitry,re_italy,Italy,1170.0,theologian | philosopher | historian,europe
31316,Q737321,Albertino Mussato,re_italy,Italy,1261.0,historian,europe
31366,Q975741,Judah ben David Hayyuj,re_spain,Spain,945.0,linguist,europe
31371,Q3999043,Tristano Calco,re_italy,Italy,1455.0,historian,europe
31373,Q712032,Francesco Barbaro,re_italy,Italy,1390.0,philosopher,europe
31378,Q770787,Giovanni Aurispa,re_italy,Italy,1376.0,linguist | historian,europe
31382,Q612967,Battista Agnese,re_italy,Italy,1500.0,geographer,europe
31394,Q85510943,Guillem Caldentey Sagrera,re_spain,Spain,1500.0,theologian,europe
31407,Q1195977,Obadiah ben Jacob Sforno,re_italy,Italy,1470.0,philosopher,europe
31418,Q1340260,Martín de Azpilcueta,re_italy,Italy,1492.0,philosopher | economist,europe
31427,Q2857742,António Galvão,re_portugal,Portugal,1490.0,historian,europe
31429,Q434834,Flavio Biondo,re_italy,Italy,1392.0,geographer | historian | archeologist,europe
31434,Q8770846,Duarte Galvão,re_portugal,Portugal,1446.0,historian,europe
31438,Q352663,Sperone Speroni,re_italy,Italy,1500.0,philosopher,europe
31448,Q614256,Godfrey of Viterbo,re_italy,Italy,1125.0,historian,europe
31459,Q2063440,Paul of Middelburg,re_italy,Italy,1445.0,theologian | astronomer | mathematician,europe
31463,Q1106691,Pandulf of Pisa,re_italy,Italy,1100.0,historian,europe
31469,Q2910148,Bonincontro Morigia,re_italy,Italy,1301.0,historian,europe
31471,Q1372875,Maffeo Vegio,re_italy,Italy,1407.0,archeologist,europe
31473,Q962334,Hillel ben Samuel,re_italy,Italy,1220.0,philosopher,europe
31474,Q1995114,Francis of Mayrone,re_italy,Italy,1285.0,theologian | philosopher,europe
31485,Q16657916,Teodoro de Lellis,re_italy,Italy,1428.0,theologian,europe
31489,Q25937214,Pietro Giustiniani,re_italy,Italy,1490.0,historian,europe
31500,Q710070,Piero Valeriano Bolzani,re_italy,Italy,1477.0,historian,europe
31505,Q571078,Guillaume Fillastre,re_italy,Italy,1348.0,geographer,europe
31507,Q47469059,Francesco Dal Pozzo,re_italy,Italy,1490.0,philosopher,europe
31508,Q809500,Bartolomeo Facio,re_italy,Italy,1400.0,historian,europe
31515,Q61476357,Girolamo d'Este,re_italy,Italy,1450.0,historian,europe
31518,Q3760954,Gerardo Maurisio,re_italy,Italy,1173.0,historian,europe
31525,Q5290682,Dominic of Flanders,re_italy,Italy,1420.0,philosopher,europe
31533,Q2902973,Giovanni da Carignano,re_italy,Italy,1250.0,geographer,europe
31556,Q3766621,Giovanni Battista Cattaneo,re_italy,Italy,1488.0,theologian,europe
31564,Q3768923,Girolamo Fiocchi,re_italy,Italy,1348.0,historian,europe
31570,Q2166628,Thomas of Villanova,re_spain,Spain,1488.0,philosopher,europe
31584,Q20101075,Zulema the Astrologer,re_spain,Spain,1190.0,astronomer,europe
31593,Q2041910,Benedetto Bordone,re_italy,Italy,1450.0,geographer,europe
31594,Q573807,John of Jandun,re_italy,Italy,1280.0,theologian | philosopher,europe
31604,Q385456,Amatus of Montecassino,re_italy,Italy,1010.0,historian,europe
31605,Q978985,Leo of Ostia,re_italy,Italy,1046.0,historian,europe
31606,Q2777336,Rodrigo Sánchez de Arévalo,re_italy,Italy,1404.0,historian,europe
31607,Q77967427,Juan de Cazalla,re_spain,Spain,1500.0,theologian,europe
31632,Q229190,Catherine of Siena,re_italy,Italy,1347.0,philosopher,europe
31644,Q313460,Jacobus de Voragine,re_italy,Italy,1228.0,theologian,europe
31648,Q16550360,Domenico de Dominicis,re_italy,Italy,1416.0,theologian,europe
31652,Q3483539,Sigismondo Conti,re_italy,Italy,1432.0,historian,europe
31666,Q651013,Roberto Valturio,re_italy,Italy,1405.0,historian,europe
31675,Q18945091,Benedetto Scotto,re_italy,Italy,1500.0,geographer | mathematician,europe
31703,Q1772482,Miguel da Silva,re_italy,Italy,1480.0,mathematician,europe
31723,Q104183238,Bernardino Trebazio,re_italy,Italy,1480.0,philosopher,europe
31729,Q321563,Paolo dal Pozzo Toscanelli,re_italy,Italy,1397.0,geographer | astronomer | mathematician,europe
31731,Q3120458,William of Saliceto,re_italy,Italy,1210.0,anatomist,europe
31741,Q3615520,Andrea Bernardi,re_italy,Italy,1450.0,historian,europe
31754,Q23906881,Abraham Šalom,re_spain,Spain,1430.0,philosopher,europe
31756,Q524380,Andrés Laguna,re_spain,Spain,1499.0,botanist | linguist | philosopher,europe
31767,Q76191030,Domingo del Pico,re_spain,Spain,1500.0,theologian,europe
31774,Q21543076,Giovanni Battista Carafa,re_italy,Italy,1495.0,historian,europe
31795,Q2696078,Andreas of Bergamo,re_italy,Italy,801.0,historian,europe
31800,Q105044982,Giovanni Elisio,re_italy,Italy,1450.0,philosopher,europe
31812,Q204996,Bridget of Sweden,re_italy,Italy,1303.0,theologian | philosopher,europe
31822,Q41569664,Antonio Gallo,re_italy,Italy,1440.0,historian,europe
31831,Q3384811,Pierre Du Bois,re_italy,Italy,1430.0,historian,europe
31838,Q1698735,Giovanni di Casali,re_italy,Italy,1320.0,mathematician,europe
31843,Q5479210,Francesco Berlinghieri,re_italy,Italy,1440.0,geographer,europe
31853,Q3613818,Ambrogio Catarino Politi,re_italy,Italy,1487.0,theologian,europe
31858,Q711573,Niccolò Leoniceno,re_italy,Italy,1428.0,botanist | linguist,europe
31862,Q227483,Zuane Pizzigano,re_italy,Italy,1350.0,geographer,europe
31873,Q711964,Cristoforo Landino,re_italy,Italy,1424.0,philosopher,europe
31875,Q3776547,Gregory of Catino,re_italy,Italy,1062.0,historian,europe
31877,Q176391,Raymond of Barbastro,re_spain,Spain,1067.0,philosopher,europe
31879,Q7413013,Samuel ibn Seneh Zarza,re_spain,Spain,1360.0,philosopher,europe
31880,Q1623758,Pietro Vesconte,re_italy,Italy,1300.0,geographer,europe
31885,Q3893707,Álvaro of Córdoba,re_spain,Spain,800.0,historian,europe
31888,Q718567,Nicholas Eymerich,re_spain,Spain,1320.0,theologian,europe
31902,Q182046,Leon Battista Alberti,re_italy,Italy,1404.0,musicologist | philosopher | linguist | mathematician,europe
31906,Q55187125,Giovanni da Correggio,re_italy,Italy,1499.0,theologian,europe
31907,Q319902,Isaac Abrabanel,re_italy,Italy,1437.0,theologian | philosopher,europe
31925,Q5601620,Tommaso Campeggi,re_italy,Italy,1486.0,theologian,europe
31935,Q930159,Taddeo Taddei,re_italy,Italy,1470.0,philosopher,europe
31938,Q1338411,Giovanni Francesco Pico della Mirandola,re_italy,Italy,1469.0,philosopher,europe
31943,Q130351,Marcantonio Zimara,re_italy,Italy,1460.0,philosopher | mathematician,europe
31958,Q26263533,Lionello de' Vittori,re_italy,Italy,1450.0,philosopher,europe
31967,Q30234205,Mariano Vittori,re_italy,Italy,1485.0,theologian,europe
31971,Q332089,Bonaventura Badoardo de Peraga,re_italy,Italy,1332.0,theologian,europe
31983,Q5974642,Léon de Castro,re_spain,Spain,1500.0,theologian,europe
31991,Q2918665,Simeon ben Zemah Duran,re_spain,Spain,1361.0,philosopher,europe
32004,Q3768882,Girolamo Albertucci de' Borselli,re_italy,Italy,1432.0,historian,europe
32016,Q373581,Garcia de Resende,re_portugal,Portugal,1470.0,historian,europe
32017,Q5952374,Juan Rodríguez de Cuenca,re_spain,Spain,1400.0,historian,europe
32040,Q18945471,Girolamo Manfredi,re_italy,Italy,1430.0,astronomer | philosopher,europe
32043,Q3387720,Peter of Toledo,re_spain,Spain,1092.0,linguist,europe
32045,Q949162,Alessandro Achillini,re_italy,Italy,1463.0,philosopher | anatomist,europe
32054,Q969370,Domenico Maria Novara da Ferrara,re_italy,Italy,1454.0,astronomer | mathematician,europe
32059,Q493469,Andrea Bianco,re_italy,Italy,1500.0,geographer,europe
32063,Q356568,Arnaldus de Villa Nova,re_italy,Italy,1258.0,theologian | philosopher,europe
32069,Q104480950,Matteo Selvaggio,re_italy,Italy,1490.0,theologian,europe
32077,Q192374,Marsilio Ficino,re_italy,Italy,1433.0,philosopher,europe
32078,Q662424,Andreas Agnellus,re_italy,Italy,805.0,historian,europe
32090,Q822873,Bernardino Corio,re_italy,Italy,1459.0,historian,europe
32099,Q378148,Johannes Ciconia,re_italy,Italy,1370.0,musicologist,europe
32117,Q88948162,Marco Dandolo,re_italy,Italy,1458.0,philosopher,europe
32119,Q741149,Polydore Vergil,re_italy,Italy,1470.0,historian,europe
32137,Q41568536,Rafaino Caresini,re_italy,Italy,1314.0,historian,europe
32140,Q11940711,Pedro Fernández Pecha,re_spain,Spain,1326.0,philosopher,europe
32151,Q725843,Vittorino da Feltre,re_italy,Italy,1378.0,philosopher,europe
32161,Q1310633,Francesc Eiximenis,re_spain,Spain,1330.0,philosopher,europe
32185,Q2337208,Alfonso de Palencia,re_spain,Spain,1423.0,linguist | historian,europe
32202,Q21451684,Juan Martínez Población,re_spain,Spain,1500.0,astronomer | mathematician,europe
32203,Q286599,Palla Strozzi,re_italy,Italy,1372.0,linguist | philosopher,europe
32208,Q3766663,Giovanni Battista Folengo,re_italy,Italy,1490.0,theologian,europe
32210,Q2262015,Luca Gaurico,re_italy,Italy,1476.0,mathematician,europe
32213,Q3310841,Michele Savonarola,re_italy,Italy,1384.0,historian,europe
32219,Q2832753,Alessandro Benedetti,re_italy,Italy,1450.0,anatomist,europe
32241,Q1526267,Giovanni Mollio,re_italy,Italy,1500.0,theologian,europe
32258,Q4505019,David ben Yom Tov,re_spain,Spain,1305.0,astronomer,europe
32264,Q131548,Jordanes,re_italy,Italy,600.0,historian,europe
32266,Q3147472,Ibn Al-Thahabi,re_spain,Spain,901.0,chemist,europe
32268,Q4869938,Battistina Vernazza,re_italy,Italy,1497.0,theologian,europe
32278,Q734140,Walter of Winterburn,re_italy,Italy,1300.0,philosopher,europe
32285,Q105320235,Giovanni Ludovico Vivaldi,re_italy,Italy,1450.0,theologian,europe
32289,Q59531421,Ferrariensis Johannes,re_italy,Italy,1409.0,theologian,europe
32292,Q332651,Diego de Valera,re_spain,Spain,1412.0,historian,europe
32296,Q15428551,Biagio Buonaccorsi,re_italy,Italy,1472.0,historian,europe
32307,Q725872,Ruy Gonzáles de Clavijo,re_spain,Spain,1400.0,historian,europe
32308,Q3606836,Agostino da Scarperia,re_italy,Italy,1320.0,theologian,europe
32323,Q1385832,Alexander of Telese,re_italy,Italy,1100.0,historian,europe
32327,Q106830011,Giovanni Francesco Beati,re_italy,Italy,1475.0,philosopher,europe
32331,Q983064,Guido Faba,re_italy,Italy,1190.0,musicologist,europe
32337,Q2038305,Salvino D'Armate,re_italy,Italy,1258.0,physicist,europe
32344,Q2440883,Tommaso del Garbo,re_italy,Italy,1305.0,anatomist,europe
32348,Q8076663,Álvar García de Santa María,re_spain,Spain,1370.0,historian,europe
32356,Q322560,Abner of Burgos,re_spain,Spain,1270.0,philosopher,europe
32357,Q1378950,Giovanni Battista Ramusio,re_italy,Italy,1485.0,geographer | historian,europe
32384,Q809304,Bartholomew of Brescia,re_italy,Italy,1200.0,theologian,europe
32389,Q448548,Alvarus Thomaz,re_portugal,Portugal,1500.0,mathematician,europe
32393,Q331003,Giulio Camillo,re_italy,Italy,1480.0,philosopher,europe
32401,Q3767037,Giovanni Colonna,re_italy,Italy,1298.0,historian,europe
32407,Q3640397,Bisanzio Lupis,re_italy,Italy,1478.0,historian,europe
32420,Q477855,Angelino Dulcert,re_spain,Spain,1350.0,geographer,europe
32421,Q4755002,Andrea Cambini,re_italy,Italy,1445.0,historian,europe
32426,Q18945348,Giacomo Campora,re_italy,Italy,1401.0,theologian,europe
32427,Q5478415,Paolo Girardi,re_italy,Italy,1350.0,geologist,europe
32434,Q3638804,Bernardo Silvano,re_italy,Italy,1465.0,geographer,europe
32436,Q3606765,Agostino Giustiniani,re_italy,Italy,1470.0,geographer | linguist | historian,europe
32449,Q5392534,Ermolao Barbaro,re_italy,Italy,1410.0,linguist,europe
32450,Q395722,Agostino Steuco,re_italy,Italy,1497.0,philosopher,europe
32454,Q5585,Giovanni Giocondo,re_italy,Italy,1433.0,archeologist | philosopher,europe
32463,Q1752847,Marcantonio della Torre,re_italy,Italy,1481.0,anatomist,europe
32468,Q2329414,Guillaume Durand,re_italy,Italy,1230.0,theologian,europe
32471,Q16863435,Domingo Marcos Durán,re_spain,Spain,1465.0,musicologist,europe
32474,Q258369,Peter Damian,re_italy,Italy,1007.0,philosopher,europe
32481,Q3846186,Marco Guazzo,re_italy,Italy,1480.0,historian,europe
32484,Q3635438,Bartolomeo Zuccato,re_italy,Italy,1492.0,historian,europe
32494,Q28923839,Torello Saraina,re_italy,Italy,1475.0,historian,europe
32498,Q20003439,Joan Baptista Anyés,re_spain,Spain,1480.0,theologian,europe
32520,Q105950394,Juan de Espinosa,re_spain,Spain,1500.0,musicologist,europe
32542,Q108910979,Pace da Certaldo,re_italy,Italy,1273.0,historian,europe
32554,Q5670261,Alfonso de Alcalá,re_spain,Spain,1465.0,linguist,europe
32557,Q799960,Salimbene di Adam,re_italy,Italy,1221.0,historian,europe
32560,Q331154,Guillaume Fichet,re_italy,Italy,1433.0,theologian,europe
32566,Q186452,Menahem Recanati,re_italy,Italy,1250.0,philosopher,europe
32582,Q2338425,Stefano Infessura,re_italy,Italy,1436.0,historian,europe
32584,Q1290831,Solomon ibn Verga,re_spain,Spain,1460.0,historian,europe
32597,Q101866,Gregory VIII,re_italy,Italy,1100.0,philosopher,europe
32615,Q707723,Peter of Eboli,re_italy,Italy,1170.0,historian,europe
32623,Q3481742,Guido of Pisa,re_italy,Italy,1100.0,geographer | historian,europe
32636,Q977216,Giovanni da Ripa,re_italy,Italy,1325.0,theologian | philosopher,europe
32637,Q1376849,Jacob ben Asher,re_spain,Spain,1269.0,theologian,europe
32650,Q524048,Gentile da Foligno,re_italy,Italy,1290.0,philosopher,europe
32658,Q3708518,Dionigi di Borgo San Sepolcro,re_italy,Italy,1300.0,theologian,europe
32664,Q809513,Bartolomeo da Varignana,re_italy,Italy,1300.0,anatomist,europe
32668,Q3908459,Porchetus,re_italy,Italy,1250.0,theologian,europe
32680,Q328117,Girolamo Benivieni,re_italy,Italy,1453.0,philosopher,europe
32685,Q3852221,Matteo Spinelli da Giovinazzo,re_italy,Italy,1230.0,historian,europe
32688,Q777092,Matteo Villani,re_italy,Italy,1285.0,historian,europe
32699,Q21684217,Hieronymus Torrella,re_spain,Spain,1450.0,mathematician,europe
32729,Q4834287,B. de Canals,re_spain,Spain,1400.0,historian,europe
32752,Q16867479,Giovanni da Mantova,re_italy,Italy,1001.0,philosopher,europe
32771,Q3228790,Galvano Fiamma,re_italy,Italy,1283.0,historian,europe
32792,Q17300982,Bernat Oller,re_spain,Spain,1315.0,historian,europe
32800,Q110163624,Graziano da Brescia,re_italy,Italy,1450.0,theologian,europe
32820,Q2015448,Rui de Pina,re_portugal,Portugal,1440.0,historian,europe
32827,Q5613374,Gualberto Fabricio de Vagad,re_spain,Spain,1500.0,historian,europe
32843,Q182128,Giovanni Pico della Mirandola,re_italy,Italy,1463.0,philosopher,europe
32846,Q1267054,Ziryab,re_spain,Spain,789.0,geographer | astronomer | linguist,europe
32855,Q716994,Dino Compagni,re_italy,Italy,1255.0,historian,europe
32856,Q1399,Niccolò Machiavelli,re_italy,Italy,1469.0,philosopher | historian | historian,europe
32870,Q55835410,Bonifacio de Ceva,re_italy,Italy,1456.0,theologian,europe
32874,Q746300,Johannes Manardus,re_italy,Italy,1462.0,botanist,europe
32881,Q10295962,Lázaro Luís,re_portugal,Portugal,1500.0,geographer,europe
32884,Q11908609,Bartomeu Mates,re_spain,Spain,1500.0,linguist,europe
32894,Q572198,Guglielma de Bohême,re_italy,Italy,1210.0,theologian,europe
32906,Q173441,Muhammad al-Idrisi,re_italy,Italy,1101.0,botanist | historian | geographer,europe
32910,Q18945713,Paolo Attavanti,re_italy,Italy,1445.0,theologian,europe
32920,Q47595,Alfonso X of Castile and Leon,re_spain,Spain,1221.0,astronomer | historian,europe
32924,Q971757,Shabbethai Donnolo,re_italy,Italy,913.0,astronomer,europe
32928,Q199991,Joachim of Fiore,re_italy,Italy,1135.0,theologian,europe
32935,Q20202818,Bartolomeo Marliani,re_italy,Italy,1488.0,archeologist | geographer,europe
32943,Q15503281,Andrea da Schivenoglia,re_italy,Italy,1411.0,historian,europe
32962,Q6391090,Meir ben Ezekiel ibn Gabbai,re_spain,Spain,1480.0,theologian,europe
32964,Q17301900,Ramon of Tàrrega,re_spain,Spain,1310.0,theologian,europe
32974,Q3620384,Antonio degli Agli,re_italy,Italy,1400.0,theologian,europe
32980,Q953365,Luis de Ávila y Zuniga,re_spain,Spain,1500.0,historian,europe
32982,Q994018,Bruno,re_italy,Italy,1100.0,theologian,europe
32984,Q343358,Niccolò Massa,re_italy,Italy,1489.0,anatomist,europe
32995,Q599858,Antonio Beccadelli,re_italy,Italy,1394.0,historian,europe
32996,Q604460,Georgius Merula,re_italy,Italy,1430.0,philosopher | historian,europe
33006,Q1400251,Ibn Bassam,re_portugal,Portugal,1058.0,historian,europe
33008,Q763720,Andrea Benincasa,re_italy,Italy,1450.0,geographer,europe
33047,Q16826800,Isabella Losa,re_spain,Spain,1473.0,theologian,europe
33050,Q1525965,Giovanni Bianchini,re_italy,Italy,1410.0,astronomer,europe
33062,Q713344,Leandro Alberti,re_italy,Italy,1479.0,theologian | philosopher | historian,europe
33064,Q3633251,Baldassarre Bonaiuti,re_italy,Italy,1336.0,historian,europe
33066,Q11924936,Guillem de Peñacorada,re_spain,Spain,1101.0,philosopher,europe
33077,Q721971,Francisco Xerez,re_spain,Spain,1495.0,historian,europe
33078,Q354523,Thomas of Celano,re_italy,Italy,1190.0,historian,europe
33084,Q3767643,Giovanni Maria Angiolello,re_italy,Italy,1451.0,historian,europe
33093,Q154751,Nicholas of Cusa,re_italy,Italy,1401.0,theologian | astronomer | philosopher | mathematician,europe
33094,Q1364057,Giacomo Gastaldi,re_italy,Italy,1500.0,geographer,europe
33096,Q948104,Elipando,re_spain,Spain,717.0,theologian,europe
33114,Q293604,Al-Maqrizi,re_spain,Spain,1364.0,historian | economist,europe
33132,Q4718389,Alexander Bonini,re_italy,Italy,1268.0,theologian,europe
33134,Q1042297,Carlo Marsuppini,re_italy,Italy,1398.0,philosopher,europe
33136,Q1526138,Giovanni Garzoni,re_italy,Italy,1419.0,historian,europe
33137,Q716704,Ibn Malik,re_spain,Spain,600.0,linguist,europe
33143,Q3741685,Federico Crisogono,re_italy,Italy,1472.0,mathematician,europe
33145,Q107261,Alexander Scultetus,re_italy,Italy,1485.0,geographer | historian,europe
33149,Q1541662,Landolfus Sagax,re_italy,Italy,1010.0,historian,europe
33198,Q3768885,Girolamo Amadei,re_italy,Italy,1483.0,theologian,europe
33200,Q3620349,Antonio da Bitonto,re_italy,Italy,1385.0,theologian,europe
33202,Q96627040,Isidoro Isolani,re_italy,Italy,1480.0,theologian,europe
33226,Q2064265,Paul of Venice,re_italy,Italy,1369.0,theologian | philosopher,europe
33231,Q3071870,Filippo Beroaldo,re_italy,Italy,1453.0,philosopher,europe
33242,Q3119289,Guglielmo Ventura,re_italy,Italy,1250.0,historian,europe
33243,Q330740,Abraham Zacuto,re_spain,Spain,1450.0,astronomer | historian | mathematician,europe
33257,Q12261074,Juan Sada,re_spain,Spain,1500.0,mathematician,europe
33268,Q1247917,Mondino de Liuzzi,re_italy,Italy,1275.0,anatomist,europe
33276,Q10347594,Pedro Margalho,re_portugal,Portugal,1474.0,philosopher,europe
33290,Q2832837,Alessandro della Spina,re_italy,Italy,1201.0,physicist,europe
33307,Q364278,Bartolomeo Eustachi,re_italy,Italy,1500.0,anatomist,europe
33338,Q18945058,Apollinare Offredi,re_italy,Italy,1401.0,philosopher,europe
33346,Q1220565,Diogo Ribeiro,re_spain,Spain,1500.0,geographer,europe
33357,Q1440321,Fracanzano da Montalboddo,re_italy,Italy,1500.0,geographer,europe
33360,Q2080946,Peter of Capua,re_italy,Italy,1150.0,philosopher,europe
33361,Q673596,Hieronymus Balbus,re_italy,Italy,1460.0,philosopher,europe
33363,Q1107869,Celio Calcagnini,re_italy,Italy,1479.0,astronomer,europe
33372,Q1136840,Leonardo Dati,re_italy,Italy,1360.0,geographer,europe
33384,Q3187835,Juan de Ortega,re_spain,Spain,1480.0,mathematician,europe
33407,Q2528283,Amadeus of Portugal,re_italy,Italy,1420.0,theologian | philosopher,europe
33408,Q2312678,John of Genoa,re_italy,Italy,1233.0,theologian | linguist,europe
33410,Q18224490,Tiberio Russiliano,re_italy,Italy,1490.0,philosopher,europe
33423,Q3767677,Giovanni Maria Tolosani,re_italy,Italy,1471.0,theologian,europe
33434,Q3753207,Jaume Ferrer de Blanes,re_spain,Spain,1445.0,geographer,europe
33436,Q2033937,Sampiro,re_spain,Spain,956.0,historian,europe
33448,Q18379822,Galeazzo di Santa Sofia,re_italy,Italy,1352.0,anatomist,europe
33480,Q1397629,Martín Fernández de Enciso,re_spain,Spain,1469.0,geographer,europe
33487,Q1296705,Giovanni Dondi dell'Orologio,re_italy,Italy,1330.0,astronomer | mathematician,europe
33497,Q728592,Cecco d'Ascoli,re_italy,Italy,1269.0,astronomer,europe
33501,Q8763,Fibonacci,re_italy,Italy,1175.0,mathematician,europe
33510,Q87620,Luca Pacioli,re_italy,Italy,1440.0,economist | mathematician,europe
33545,Q207416,Bartolomé de Las Casas,re_spain,Spain,1484.0,theologian | historian | anthropologist,europe
33563,Q5274892,Diego Álvarez Chanca,re_spain,Spain,1500.0,historian,europe
33573,Q329975,Abraham ben Mordecai Farissol,re_italy,Italy,1451.0,geographer,europe
33579,Q723526,Solomon Molcho,re_italy,Italy,1500.0,philosopher,europe
33590,Q395689,Agostino Nifo,re_italy,Italy,1473.0,philosopher,europe
33594,Q101437,Pius II,re_italy,Italy,1405.0,geographer | historian,europe
33598,Q773822,Antoninus of Florence,re_italy,Italy,1389.0,theologian,europe
33613,Q3749516,Francesco Albertini,re_italy,Italy,1469.0,archeologist,europe
33617,Q6070472,Pedro de Escavias,re_spain,Spain,1500.0,historian,europe
33618,Q3638083,Benedetto Giovio,re_italy,Italy,1471.0,historian,europe
33630,Q1364372,Robert Kilwardby,re_italy,Italy,1215.0,theologian | philosopher,europe
33636,Q314488,Leonardo Bruni,re_italy,Italy,1370.0,philosopher | historian,europe
33654,Q3547624,Ubertino Pusculus,re_italy,Italy,1430.0,historian,europe
33661,Q3019027,David ben Shlomo ibn Yahya,re_portugal,Portugal,1455.0,philosopher,europe
33667,Q163381,Peter Martyr d'Anghiera,re_spain,Spain,1457.0,historian,europe
33686,Q25432405,Gonzalo Martínez de Bizcargui,re_spain,Spain,1460.0,musicologist,europe
33689,Q1898595,Marinus de Fregeno,re_italy,Italy,1500.0,theologian,europe
33692,Q15856825,Bartolomeo Zamberti,re_italy,Italy,1473.0,mathematician,europe
33709,Q18819259,Gerardo da Sabbioneta,re_italy,Italy,1200.0,astronomer,europe
33722,Q1140453,Cristoforo Buondelmonti,re_italy,Italy,1385.0,geographer | historian,europe
33726,Q47674,Amerigo Vespucci,re_spain,Spain,1454.0,geographer,europe
33729,Q53557376,Alberto Alfieri,re_italy,Italy,1400.0,historian,europe
33730,Q713482,Callistratus,re_italy,Italy,1000.0,philosopher,europe
33731,Q380804,Antonio de Nebrija,re_spain,Spain,1444.0,linguist,europe
33735,Q3455489,Reginald of Piperno,re_italy,Italy,1230.0,theologian,europe
33749,Q11924110,Gerland de Caltagirone,re_italy,Italy,1150.0,philosopher,europe
33751,Q3960051,Sicco Polenton,re_italy,Italy,1375.0,philosopher,europe
33766,Q3635366,Bartolomeo Fallamonica Gentile,re_italy,Italy,1450.0,philosopher,europe
33771,Q3934689,Riccobaldo of Ferrara,re_italy,Italy,1245.0,historian,europe
33776,Q107008683,Thomas of Pavia,re_italy,Italy,1212.0,historian,europe
33785,Q464471,Andrea Alciato,re_italy,Italy,1492.0,historian,europe
33793,Q3767067,Giovanni Crisostomo Javelli,re_italy,Italy,1470.0,theologian | philosopher,europe
33795,Q26262803,Girolamo Fantoni,re_italy,Italy,1462.0,theologian,europe
33799,Q21545952,Zomino da Pistoia,re_italy,Italy,1387.0,theologian,europe
33808,Q9655409,Bernardo Rodrigues,re_portugal,Portugal,1500.0,historian,europe
33810,Q331365,Diogo Ortiz de Villegas,re_portugal,Portugal,1457.0,theologian,europe
33811,Q1526100,Giovanni Filoteo Achillini,re_italy,Italy,1466.0,linguist | philosopher,europe
33818,Q64875933,Juan López de Salamanca,re_spain,Spain,1389.0,theologian,europe
33824,Q2886093,Bartolomeo Uliari,re_italy,Italy,1320.0,philosopher,europe
33825,Q389140,Luigi Cornaro,re_italy,Italy,1484.0,philosopher,europe
33831,Q5984502,Luis de Alcalá,re_spain,Spain,1490.0,economist,europe
33847,Q1237514,Domingo de Soto,re_spain,Spain,1494.0,physicist,europe
33848,Q542434,Boncompagno da Signa,re_italy,Italy,1170.0,philosopher | historian,europe
33855,Q550662,Johannes Magnus,re_italy,Italy,1488.0,theologian | historian,europe
33862,Q2877105,Pedro Carrillo de Huete,re_spain,Spain,1380.0,historian,europe
33870,Q93638835,Efrayim ben Yehoshua en Balsum,re_spain,Spain,1340.0,mathematician,europe
33873,Q6763694,Marinus Becichemus Scodrensis,re_italy,Italy,1468.0,philosopher,europe
33887,Q22327834,Giovanni da Bazzano,re_italy,Italy,1285.0,historian,europe
33891,Q5863242,Florián de Ocampo,re_spain,Spain,1495.0,historian,europe
33901,Q2761925,Pedro de Medina,re_spain,Spain,1493.0,geographer | astronomer | historian | mathematician,europe
33907,Q3080753,Rui Faleiro,re_spain,Spain,1500.0,geographer | astronomer,europe
33908,Q738554,Paulinus II of Aquileia,re_italy,Italy,740.0,linguist,europe
33940,Q264271,Pietro Ranzano,re_italy,Italy,1428.0,historian,europe
33944,Q1987549,Francesco Giorgi,re_italy,Italy,1466.0,theologian | philosopher,europe
33949,Q929681,Pedro de la Gasca,re_spain,Spain,1493.0,economist,europe
33952,Q3041516,Durand of Huesca,re_spain,Spain,1160.0,theologian,europe
33956,Q3749180,Fra' Domenico di Giovanni,re_italy,Italy,1404.0,theologian,europe
33958,Q168443,William of Apulia,re_italy,Italy,1100.0,historian,europe
33963,Q55228370,Pier Francesco Giustolo,re_italy,Italy,1440.0,historian,europe
33984,Q3328895,Peter of Aquila,re_italy,Italy,1300.0,theologian,europe
33986,Q384263,Barlaam of Seminara,re_italy,Italy,1290.0,philosopher | mathematician,europe
33987,Q3259291,Lope García de Salazar,re_spain,Spain,1399.0,historian,europe
33992,Q11927776,Joan Jubí,re_spain,Spain,1500.0,theologian,europe
34005,Q108314254,Pietro Rossi,re_italy,Italy,1403.0,philosopher,europe
34012,Q2815269,Roland of Cremona,re_italy,Italy,1178.0,theologian,europe
34034,Q3613817,Ambrogio Cavalli,re_italy,Italy,1500.0,theologian,europe
34036,Q20172498,Joseph ben David Ibn Yaḥya,re_italy,Italy,1495.0,philosopher,europe
34039,Q2521066,Visconte Maggiolo,re_italy,Italy,1478.0,geographer,europe
34042,Q313174,Pietro d'Abano,re_italy,Italy,1250.0,astronomer | philosopher,europe
34076,Q1933377,Pietro de' Crescenzi,re_italy,Italy,1233.0,botanist,europe
34082,Q3565998,Matteo Tafuri,re_italy,Italy,1492.0,philosopher,europe
34117,Q5860458,Fernandus Cordubensis,re_italy,Italy,1425.0,theologian | philosopher,europe
34119,Q3758075,Gandulf of Bologna,re_italy,Italy,1200.0,theologian,europe
34121,Q545716,Pere Miquel Carbonell,re_spain,Spain,1434.0,historian,europe
34143,Q437543,Paolo Giovio,re_italy,Italy,1483.0,historian,europe
34153,Q17064119,Juan Vespucio,re_spain,Spain,1486.0,geographer,europe
34155,Q112283632,Ambrogio Taegio,re_italy,Italy,1461.0,historian,europe
34164,Q855257,Blasius of Parma,re_italy,Italy,1355.0,philosopher | mathematician,europe
34167,Q5564782,Girolamo Priuli,re_italy,Italy,1476.0,historian,europe
34169,Q4792439,Arlotto of Prato,re_italy,Italy,1201.0,theologian,europe
34178,Q21208961,Onofrio Puglisi,re_italy,Italy,1500.0,mathematician,europe
34180,Q711910,Niccolò Barbaro,re_italy,Italy,1420.0,historian,europe
34183,Q458742,Ambrogio Calepino,re_italy,Italy,1436.0,linguist,europe
34186,Q89484095,Donato Bosso,re_italy,Italy,1436.0,historian,europe
34190,Q435853,Thomas Cajetan,re_italy,Italy,1469.0,theologian | philosopher,europe
34196,Q2857327,Antonio Loschi,re_italy,Italy,1368.0,philosopher | historian,europe
34203,Q3002469,Crescas Vidal,re_spain,Spain,1301.0,philosopher,europe
34216,Q24265739,Ambrogio Leone,re_italy,Italy,1459.0,philosopher | historian | mathematician,europe
34226,Q809391,Bartolomeo da Rinonico,re_italy,Italy,1338.0,historian,europe
34234,Q704179,Giovanni Villani,re_italy,Italy,1280.0,historian,europe
34250,Q1632875,Guitmund,re_italy,Italy,1100.0,theologian,europe
34253,Q1362183,Giovanni de' Marignolli,re_italy,Italy,1290.0,historian,europe
34267,Q89345685,Giovan Marco Burigozzo,re_italy,Italy,1472.0,historian,europe
34274,Q1679483,James of Venice,re_italy,Italy,1001.0,linguist,europe
34275,Q2292575,Petrus Gyllius,re_italy,Italy,1490.0,geographer | philosopher | botanist,europe
34278,Q4891971,Pere Antoni Beuter,re_spain,Spain,1500.0,historian,europe
34298,Q669640,Judah Messer Leon,re_italy,Italy,1422.0,philosopher,europe
34301,Q533514,George of Trebizond,re_italy,Italy,1395.0,philosopher,europe
34303,Q1442284,Francisco de Mello,re_portugal,Portugal,1490.0,physicist | mathematician,europe
34308,Q12223823,Abd al-Malik ibn Habīb,re_spain,Spain,790.0,historian,europe
34325,Q5274883,Diego del Puerto,re_spain,Spain,1500.0,musicologist,europe
34332,Q55228111,Gerardo da Siena,re_italy,Italy,1295.0,theologian,europe
34339,Q3768489,Giovanni di Pedrino,re_italy,Italy,1390.0,historian,europe
34343,Q439050,Bartolus de Saxoferrato,re_italy,Italy,1313.0,philosopher,europe
34350,Q558074,Ciriaco de' Pizzicolli,re_italy,Italy,1391.0,archeologist | historian | anthropologist,europe
34352,Q6216617,Johannes Crastonis,re_italy,Italy,1420.0,linguist,europe
34353,Q16187732,Gabriel Casafages,re_spain,Spain,1450.0,philosopher,europe
34359,Q16824678,Ugolino Brunforte,re_italy,Italy,1262.0,historian,europe
34364,Q3049421,Lopo Homem,re_portugal,Portugal,1497.0,geographer,europe
34367,Q1686582,Jehuda Cresques,re_spain,Spain,1350.0,geographer,europe
34369,Q33125618,Severo Minervio,re_italy,Italy,1470.0,historian,europe
34370,Q3607801,Alanus Anglicus,re_italy,Italy,1101.0,theologian,europe
34412,Q320546,Peter of Spain,re_spain,Spain,1300.0,philosopher,europe
34424,Q160424,Paul the Deacon,re_italy,Italy,720.0,historian,europe
34430,Q8964671,Gonzalo Chacón,re_spain,Spain,1429.0,historian,europe
34442,Q922068,Claudius of Turin,re_italy,Italy,750.0,theologian,europe
34445,Q523923,Julius Pomponius Laetus,re_italy,Italy,1428.0,philosopher,europe
34457,Q1389329,Odo of Châteauroux,re_italy,Italy,1190.0,philosopher,europe
34460,Q1397271,Fernão Lopes de Castanheda,re_portugal,Portugal,1500.0,historian,europe
34471,Q15679697,Leonardo Bufalini,re_italy,Italy,1500.0,geographer,europe
34496,Q969459,Jacobus de Cessolis,re_italy,Italy,1250.0,philosopher,europe
34499,Q3606787,Agostino Mainardi,re_italy,Italy,1482.0,theologian,europe
34504,Q6301292,Juan de Medina,re_spain,Spain,1490.0,theologian,europe
34507,Q5641363,Abraham Simuel,re_spain,Spain,1500.0,philosopher,europe
34530,Q366328,Brunetto Latini,re_italy,Italy,1220.0,philosopher,europe
34537,Q3104956,Yom Tob Atías,re_spain,Spain,1500.0,theologian,europe
34540,Q5895941,Hernando Alonso de Herrera,re_spain,Spain,1460.0,linguist,europe
34544,Q3766057,Giovan Battista Bracciolini,re_italy,Italy,1439.0,historian,europe
34553,Q3750270,Francesco Maturanzio,re_italy,Italy,1443.0,historian,europe
34563,Q55502132,Juan Martinez de Zaldibia,re_spain,Spain,1500.0,historian,europe
34564,Q110136409,Jacopo di Porcia,re_italy,Italy,1462.0,historian,europe
34566,Q153024,Tunometecabrasaramambiche,re_italy,Italy,1381.0,philosopher,europe
34571,Q3944190,Saba Malaspina,re_italy,Italy,1220.0,historian,europe
34609,Q555161,John of Biclaro,re_spain,Spain,540.0,historian,europe
34618,Q15138232,Ludovico Boccadiferro,re_italy,Italy,1482.0,philosopher,europe
34620,Q6119519,Jacob ben David ben Yom Tov,re_spain,Spain,1400.0,astronomer,europe
34640,Q1377941,Gomes Eanes de Zurara,re_portugal,Portugal,1410.0,historian,europe
34658,Q2036723,Francesco Capuano Di Manfredonia,re_italy,Italy,1450.0,astronomer,europe
34660,Q23710591,Giovanni Tarcagnota,re_italy,Italy,1490.0,historian,europe
34662,Q5822,Piero della Francesca,re_italy,Italy,1416.0,mathematician,europe
34664,Q63115893,Filippo de' Nerli,re_italy,Italy,1486.0,historian,europe
34666,Q960152,Fernán Pérez de Guzmán,re_spain,Spain,1376.0,historian,europe
34687,Q11921825,Fernando Yáñez de Figueroa,re_spain,Spain,1301.0,philosopher,europe
34689,Q1337870,Matthaeus Silvaticus,re_italy,Italy,1280.0,botanist,europe
34707,Q1317800,Francesco Vettori,re_italy,Italy,1474.0,historian,europe
34717,Q2632421,Bartolomé Ramos de Pareja,re_italy,Italy,1440.0,musicologist | mathematician,europe
34720,Q44838,Martin Behaim,re_portugal,Portugal,1459.0,geographer | astronomer | philosopher,europe
34721,Q201543,Niccolò Tartaglia,re_italy,Italy,1499.0,mathematician,europe
34727,Q15839162,Federico Delfino,re_italy,Italy,1477.0,astronomer | philosopher | mathematician,europe
34754,Q713206,Vannoccio Biringuccio,re_italy,Italy,1480.0,physicist,europe
34756,Q54888446,Bartolomeo Cerretani,re_italy,Italy,1475.0,historian,europe
34762,Q1406896,Hernando del Pulgar,re_spain,Spain,1436.0,historian,europe
34770,Q2263863,Benedetto Accolti the Elder,re_italy,Italy,1415.0,historian,europe
34774,Q1067,Dante Alighieri,re_italy,Italy,1265.0,philosopher,europe
34775,Q4755191,Andrea Mocenigo,re_italy,Italy,1473.0,historian,europe
34777,Q1798471,"Pedro Afonso, conde de Barcelos",re_portugal,Portugal,1288.0,historian,europe
34790,Q706495,Luis de Milán,re_spain,Spain,1500.0,musicologist,europe
34797,Q57078447,Stefano Vanneo,re_italy,Italy,1493.0,musicologist,europe
34814,Q3327093,Moses of Bergamo,re_italy,Italy,1150.0,linguist,europe
34822,Q3417362,Raffaello Maffei,re_italy,Italy,1451.0,historian,europe
34824,Q62008124,Simon de Biondo,re_italy,Italy,1350.0,theologian,europe
34832,Q18945289,Francesco Galigai,re_italy,Italy,1498.0,mathematician,europe
34873,Q5700294,Antonio Salamanca,re_italy,Italy,1478.0,geographer,europe
34874,Q809505,Bartolomeo Maranta,re_italy,Italy,1500.0,botanist,europe
34885,Q2580420,William Roy,re_portugal,Portugal,1500.0,theologian,europe
34890,Q88488273,Guglielmo Maramauro,re_italy,Italy,1317.0,theologian,europe
34902,Q1248865,Leontios Pilatus,re_italy,Italy,1310.0,philosopher,europe
34904,Q19985001,Giovanni Nesi,re_italy,Italy,1456.0,philosopher,europe
34905,Q26262807,Tommaso Elisio,re_italy,Italy,1487.0,theologian,europe
34957,Q106833324,Pietro d'Afeltro,re_italy,Italy,1463.0,philosopher,europe
34960,Q1243452,Burgundio of Pisa,re_italy,Italy,1110.0,philosopher,europe
34966,Q3903068,Pierleone Leoni,re_italy,Italy,1445.0,philosopher,europe
34969,Q3876500,Nicoletto Vernia,re_italy,Italy,1420.0,philosopher,europe
34975,Q1710486,Juan Gil de Zámora,re_spain,Spain,1241.0,musicologist | zoologist,europe
35016,Q48861610,Pietro Leoni,re_italy,Italy,1452.0,philosopher,europe
35018,Q17279924,Iacopo Bussolari,re_italy,Italy,1312.0,philosopher,europe
35026,Q3749759,Francesco Cattani da Diacceto,re_italy,Italy,1446.0,philosopher,europe
35035,Q1261459,Ubald,re_italy,Italy,1084.0,philosopher,europe
35049,Q146993,Zanobi Acciaioli,re_italy,Italy,1461.0,linguist,europe
35054,Q1703298,Mordecai Finzi,re_italy,Italy,1440.0,astronomer | mathematician,europe
35067,Q19290949,Francisco Tovar,re_spain,Spain,1500.0,musicologist,europe
35082,Q659093,Benedetto Dei,re_italy,Italy,1418.0,historian,europe
35086,Q2265181,Philippus de Caserta,re_italy,Italy,1350.0,musicologist,europe
35097,Q1236187,Gasparinus de Bergamo,re_italy,Italy,1360.0,linguist,europe
35112,Q11940054,Paul Giustiniani,re_italy,Italy,1476.0,theologian,europe
35114,Q1229872,Matteo Palmieri,re_italy,Italy,1406.0,historian,europe
35120,Q931898,William of Auxerre,re_italy,Italy,1145.0,theologian | philosopher,europe
35122,Q106463333,Gasparo Sardi,re_italy,Italy,1480.0,philosopher | historian,europe
35137,Q708493,Marcus Antonius Coccius Sabellicus,re_italy,Italy,1436.0,historian,europe
35139,Q55226816,Cristoforo da Padova,re_italy,Italy,1500.0,theologian,europe
35161,Q720129,Dunash ben Labrat,re_spain,Spain,920.0,linguist,europe
35169,Q2113216,Prosdocimus de Beldemandis,re_italy,Italy,1375.0,musicologist | astronomer | mathematician,europe
35182,Q3805875,Giacomo Filippo Foresti,re_italy,Italy,1434.0,theologian,europe
35194,Q2875927,Martín de Vargas,re_spain,Spain,1401.0,theologian,europe
35197,Q508702,Filippo Villani,re_italy,Italy,1325.0,historian,europe
35210,Q3410332,Bartholomew of Lucca,re_italy,Italy,1240.0,theologian | historian,europe
35225,Q4006391,Urbano Bolzanio,re_italy,Italy,1442.0,geologist,europe
35226,Q214115,Lorenzo Valla,re_italy,Italy,1407.0,philosopher,europe
35243,Q3805962,Jacopo da Forlì,re_italy,Italy,1364.0,philosopher,europe
35246,Q23618179,Francisco de Navarra y Hualde,re_spain,Spain,1498.0,archeologist | historian,europe
35253,Q6301222,Juan de Celaya,re_spain,Spain,1490.0,philosopher | physicist | mathematician,europe
35293,Q41569135,Quirico De Augustis,re_italy,Italy,1401.0,botanist,europe
35300,Q528415,Hasdai Crescas,re_spain,Spain,1340.0,theologian | philosopher,europe
35302,Q105015363,Girolamo Bagolino,re_italy,Italy,1450.0,philosopher,europe
35303,Q328150,John of Ravenna,re_italy,Italy,1343.0,philosopher | historian,europe
35320,Q2403628,Mariangelo Accorso,re_italy,Italy,1489.0,archeologist,europe
35323,Q170871,Innocent V,re_italy,Italy,1225.0,theologian | philosopher,europe
35324,Q16525098,Alessandro Cortese,re_italy,Italy,1460.0,historian,europe
35330,Q6070246,Pere Tomás,re_spain,Spain,1280.0,philosopher,europe
35344,Q367240,Gerard of Cremona,re_spain,Spain,1114.0,astronomer | linguist,europe
35353,Q1996629,Petrus Martinez de Osma,re_spain,Spain,1427.0,theologian | philosopher,europe
35365,Q3810738,Frei João Álvares,re_portugal,Portugal,1400.0,historian,europe
35368,Q59528959,Mattia Palmieri,re_italy,Italy,1423.0,historian,europe
35386,Q3065693,Lucas de Tuy,re_spain,Spain,1200.0,historian,europe
35392,Q670782,Jacopo Berengario da Carpi,re_italy,Italy,1460.0,anatomist,europe
35399,Q1401,Petrarch,re_italy,Italy,1304.0,philosopher,europe
35400,Q464230,Marinus Barletius,re_italy,Italy,1450.0,historian,europe
35414,Q17002216,Anselm of Besate,re_italy,Italy,1050.0,philosopher,europe
35428,Q5482931,Francis of Marchia,re_italy,Italy,1290.0,philosopher,europe
35439,Q23823709,Giacomo Marzari,re_italy,Italy,1500.0,historian,europe
35460,Q193660,Ramon Llull,re_spain,Spain,1232.0,theologian | philosopher,europe
35476,Q426862,Guido Bonatti,re_italy,Italy,1223.0,astronomer,europe
35484,Q1772311,Fortanerius Vassalli,re_italy,Italy,1295.0,theologian,europe
35490,Q18418005,Francesco da Nardò,re_italy,Italy,1410.0,theologian,europe
35501,Q18945688,Nicolò da Bracciano Nicolai,re_italy,Italy,1451.0,theologian,europe
35526,Q88878452,Tommaso Benci,re_italy,Italy,1427.0,philosopher,europe
35536,Q3190791,Jérôme Abarca-Bolea-y-Portugal,re_spain,Spain,1500.0,historian,europe
35556,Q44601,Francesco Guicciardini,re_italy,Italy,1483.0,philosopher | historian,europe
35557,Q703704,João de Barros,re_portugal,Portugal,1496.0,linguist | historian,europe
35565,Q21208943,Bassano Politi,re_italy,Italy,1500.0,mathematician,europe
35577,Q964903,Alberic of Monte Cassino,re_italy,Italy,1030.0,philosopher,europe
35592,Q2623376,Alfonso de Cartagena,re_spain,Spain,1384.0,historian,europe
35597,Q1388187,Juanelo Turriano,re_spain,Spain,1500.0,mathematician,europe
35605,Q26896768,Hugolinus de Urbe Vetere,re_italy,Italy,1350.0,theologian,europe
35612,Q352573,Marius Nizolius,re_italy,Italy,1488.0,linguist | philosopher,europe
35617,Q2251638,Cavalcante de' Cavalcanti,re_italy,Italy,1220.0,philosopher,europe
35624,Q19985300,Cristoforo Marcello,re_italy,Italy,1480.0,theologian,europe
35627,Q1369930,Juan Martínez Silíceo,re_spain,Spain,1486.0,philosopher | mathematician,europe
35637,Q64760900,Jaime Perez de Valencia,re_spain,Spain,1408.0,theologian,europe
35638,Q315804,Olaus Magnus,re_italy,Italy,1490.0,geographer | historian | anthropologist,europe
35639,Q20534949,Vasco da Ponte,re_spain,Spain,1470.0,historian,europe
35646,Q1485139,Goswin von Marienberg,re_italy,Italy,1320.0,historian,europe
35648,Q2898906,Bernardino Scardeone,re_italy,Italy,1478.0,historian,europe
35659,Q11927690,Joan Desgarrigues,re_spain,Spain,1400.0,philosopher,europe
35660,Q3099938,Gaëtan de Tiène,re_italy,Italy,1387.0,philosopher | physicist,europe
35663,Q2871655,Augustinus Triumphus,re_italy,Italy,1243.0,theologian,europe
35666,Q3073493,Flavius Mithridates,re_italy,Italy,1445.0,linguist,europe
35677,Q3561345,Vittore Trincavelli,re_italy,Italy,1496.0,philosopher,europe
35679,Q10290629,Gonçalo de Lagos,re_portugal,Portugal,1360.0,philosopher,europe
35680,Q24351937,Mateus de Aranda,re_portugal,Portugal,1495.0,musicologist,europe
35691,Q458842,Ambrose Traversari,re_italy,Italy,1386.0,theologian,europe
35694,Q93113,Coluccio Salutati,re_italy,Italy,1331.0,philosopher,europe
35700,Q19290948,Francesc Torner,re_spain,Spain,1500.0,linguist,europe
35702,Q41559766,Bernardo Basin,re_spain,Spain,1445.0,theologian,europe
35709,Q1371903,Yonah Gerondi,re_spain,Spain,1210.0,philosopher,europe
35716,Q101438918,Piero Parenti,re_italy,Italy,1450.0,historian,europe
35719,Q526613,Giovanni Fontana,re_italy,Italy,1395.0,physicist,europe
35726,Q468193,Jan of Jenštejn,re_italy,Italy,1351.0,philosopher,europe
35727,Q2919965,Alonso Fernández de Madrid,re_spain,Spain,1474.0,historian,europe
35728,Q2280386,Sicard of Cremona,re_italy,Italy,1155.0,historian,europe
35731,Q1365254,Hugh of Saint-Cher,re_italy,Italy,1200.0,theologian,europe
35735,Q1125443,George of Gallipoli,re_italy,Italy,1201.0,historian,europe
35741,Q560868,Campanus of Novara,re_italy,Italy,1220.0,astronomer | mathematician,europe
35758,Q16268626,Antonio Pelacani,re_italy,Italy,1275.0,philosopher,europe
35763,Q7029868,Nicolas d'Orbellis,re_italy,Italy,1500.0,theologian | philosopher,europe
35785,Q24262669,Girolamo Donati,re_italy,Italy,1454.0,theologian,europe
35810,Q3620412,Antonius Andreas,re_spain,Spain,1280.0,theologian | philosopher,europe
35817,Q722525,Asher ben Jehiel,re_spain,Spain,1250.0,theologian | philosopher,europe
35826,Q6164807,Jaume Safont,re_spain,Spain,1420.0,historian,europe
35840,Q76365,Regiomontanus,re_italy,Italy,1436.0,astronomer | mathematician,europe
35841,Q1527055,Girolamo Muzio,re_italy,Italy,1496.0,linguist,europe
35848,Q1236821,Ermolao Barbaro,re_italy,Italy,1453.0,philosopher | linguist | zoologist,europe
35850,Q2918778,Shams al-Din al-Ansari al-Dimashqi,re_spain,Spain,1256.0,geographer | historian,europe
35854,Q11940951,Pere Daguí,re_spain,Spain,1435.0,philosopher,europe
35861,Q581671,Annibale Annibaldi,re_italy,Italy,1220.0,theologian,europe
35865,Q23639057,Johannes Gallicus,re_italy,Italy,1415.0,musicologist,europe
35877,Q3133983,Theotonius,re_portugal,Portugal,1082.0,philosopher,europe
35880,Q24953770,Giovanni Rafanelli,re_italy,Italy,1443.0,theologian,europe
35896,Q93121627,Grazia Castellani,re_italy,Italy,1350.0,theologian | philosopher | mathematician,europe
35910,Q979294,Fabio Calvo,re_italy,Italy,1450.0,mathematician,europe
35913,Q749487,Erchempert,re_italy,Italy,900.0,historian,europe
35915,Q279030,Gómez Pereira,re_spain,Spain,1500.0,philosopher,europe
35929,Q527567,Pedro Jaime Esteve,re_spain,Spain,1500.0,botanist,europe
35938,Q1383390,Franco of Cologne,re_spain,Spain,1300.0,musicologist,europe
35962,Q3940255,Rolandino of Padua,re_italy,Italy,1200.0,historian,europe
35972,Q5698078,Antonio Coronel,re_spain,Spain,1500.0,philosopher,europe
35981,Q268083,André de Resende,re_portugal,Portugal,1500.0,theologian | archeologist | anthropologist,europe
35982,Q455140,Bartolomeo Platina,re_italy,Italy,1421.0,historian,europe
35991,Q65515924,Alemanio Fino,re_italy,Italy,1500.0,historian,europe
35992,Q350773,Baldo Angelo Abati,re_italy,Italy,1401.0,zoologist | physicist,europe
36014,Q653171,Pietro Aron,re_italy,Italy,1489.0,musicologist,europe
36033,Q332790,Leo Africanus,re_italy,Italy,1494.0,geographer,europe
36034,Q64017275,Michele Aiguani,re_italy,Italy,1320.0,theologian,europe
36035,Q3768899,Girolamo Borgia,re_italy,Italy,1475.0,historian,europe
36036,Q3992757,Tommaso Donato,re_italy,Italy,1434.0,theologian,europe
36039,Q318083,Scipione del Ferro,re_italy,Italy,1465.0,mathematician,europe
36043,Q1990693,Nicholas Leonicus Thomaeus,re_italy,Italy,1456.0,philosopher,europe
36051,Q203814,Lawrence Giustiniani,re_italy,Italy,1381.0,philosopher,europe
36052,Q30900642,Sante Ardoini,re_italy,Italy,1390.0,philosopher,europe
36053,Q3762141,Giacomo Bracelli,re_italy,Italy,1390.0,historian,europe
36062,Q7193021,Pietro Pitati,re_italy,Italy,1490.0,astronomer | mathematician,europe
36067,Q3642044,Bonaventura Fauni-Pio,re_italy,Italy,1496.0,theologian,europe
36069,Q81678,Pero López de Ayala,re_spain,Spain,1332.0,historian,europe
36070,Q919967,Gonzalo Fernández de Oviedo y Valdés,re_spain,Spain,1478.0,historian | anatomist,europe
36086,Q5439205,Fazio Cardano,re_italy,Italy,1444.0,mathematician,europe
36101,Q1129216,Léonard d'Udine,re_italy,Italy,1405.0,philosopher,europe
36102,Q21888126,Pedro Juan Oliver,re_spain,Spain,1498.0,theologian,europe
36105,Q59631355,Carlenis Antonius de,re_italy,Italy,1386.0,theologian,europe
36111,Q726787,Plato Tiburtinus,re_italy,Italy,1110.0,astronomer | mathematician,europe
36138,Q1526358,Joseph Vecinho,re_portugal,Portugal,1450.0,mathematician,europe
36147,Q105479964,Francesco Ricciardi,re_italy,Italy,1474.0,historian,europe
36170,Q88209118,Bartolomeo Alfei,re_italy,Italy,1460.0,historian,europe
36175,Q5812793,Paulus Barbus,re_italy,Italy,1401.0,theologian,europe
36180,Q2840364,Licinianus of Cartagena,re_spain,Spain,554.0,theologian,europe
36186,Q281456,Marcos Duarte,re_spain,Spain,1384.0,theologian,europe
36188,Q9065993,Ramon Despont,re_spain,Spain,1201.0,theologian,europe
36209,Q316295,Bernardino of Siena,re_italy,Italy,1380.0,theologian,europe
36211,Q1168587,Paolo Dagomari di Prato,re_italy,Italy,1281.0,astronomer | mathematician,europe
36229,Q299446,Basilios Bessarion,re_italy,Italy,1403.0,philosopher,europe
36241,Q714963,Pietro Candido Decembrio,re_italy,Italy,1399.0,historian,europe
36242,Q29289191,Gaudenzio Merula,re_italy,Italy,1500.0,historian,europe
36256,Q3903185,Piero Borgi,re_italy,Italy,1424.0,mathematician,europe
36271,Q23000129,Marco Antonio Altieri,re_italy,Italy,1450.0,historian,europe
36314,Q613632,Luca Ghini,re_italy,Italy,1490.0,botanist,europe
36322,Q166876,Isidore of Seville,re_spain,Spain,560.0,musicologist | philosopher | historian,europe
36323,Q4667550,Abiathar Crescas,re_spain,Spain,1500.0,philosopher,europe
36340,Q561667,Ubertino of Casale,re_italy,Italy,1259.0,theologian,europe
36344,Q2848882,Andrea da Segni,re_italy,Italy,1235.0,theologian,europe
36354,Q1208474,Euthymius of Athos,re_balkans,Balkans,955.0,philosopher,europe
36360,Q590829,Jan Seklucjan,re_slav_world,Slav world,1498.0,theologian | linguist,europe
36400,Q497524,Nicolaus Olahus,re_central_europe,Central Europe,1493.0,historian,europe
36405,Q97580,Bernhard Bogentanz,re_central_europe,Central Europe,1494.0,musicologist,europe
36413,Q539261,Marcin Bylica,re_central_europe,Central Europe,1433.0,astronomer,europe
36442,Q1772711,Paul vom Stein,re_slav_world,Slav world,1500.0,physicist,europe
36496,Q12792056,Janez Lezicij,re_central_europe,Central Europe,1242.0,astronomer,europe
36525,Q722544,Filippo Buonaccorsi,re_central_europe,Central Europe,1437.0,historian,europe
36578,Q1591666,Johannes Sylvius Egranus,re_central_europe,Central Europe,1480.0,theologian,europe
36613,Q707663,Isidore of Kiev,re_slav_world,Slav world,1385.0,theologian,europe
36640,Q737756,Pier Paolo Vergerio the Elder,re_central_europe,Central Europe,1370.0,philosopher | historian,europe
36681,Q86550,Conrad of Vechta,re_central_europe,Central Europe,1370.0,theologian,europe
36688,Q9359171,Tomasz Bedermann,re_central_europe,Central Europe,1450.0,theologian | philosopher,europe
36703,Q44668811,Lorenz Heidenreich,re_central_europe,Central Europe,1480.0,philosopher,europe
36718,Q713261,Petr Chelčický,re_central_europe,Central Europe,1390.0,theologian | philosopher,europe
36774,Q35564442,Mikołaj Wodka z Kwidzynia,re_central_europe,Central Europe,1442.0,astronomer,europe
36788,Q72542,Oliver von Paderborn,re_central_europe,Central Europe,1170.0,theologian | historian,europe
36819,Q302961,Aaron ben Joseph of Constantinople,re_slav_world,Slav world,1260.0,philosopher,europe
36823,Q1372399,Yuriy Drohobych,re_central_europe,Central Europe,1450.0,astronomer | philosopher,europe
36867,Q822770,Bernard Wapowski,re_central_europe,Central Europe,1450.0,geographer | astronomer | historian,europe
36875,Q832033,István Werbőczy,re_central_europe,Central Europe,1458.0,theologian,europe
36878,Q1231843,Roger of Howden,re_central_europe,Central Europe,1200.0,historian,europe
36896,Q96145569,Johannes von Lübeck,re_central_europe,Central Europe,1450.0,theologian,europe
36901,Q351518,Simplicius of Cilicia,re_balkans,Balkans,501.0,astronomer | philosopher | mathematician,europe
36960,Q5269571,Dhimitër Frëngu,re_balkans,Balkans,1443.0,historian,europe
36975,Q2081023,Peter Swawe,re_central_europe,Central Europe,1496.0,theologian,europe
37069,Q94915561,Johann Hasenberg,re_central_europe,Central Europe,1500.0,theologian,europe
37071,Q95728785,Georg Werner,re_central_europe,Central Europe,1497.0,geologist | historian,europe
37075,Q710858,Vitello,re_central_europe,Central Europe,1230.0,theologian | philosopher | physicist | mathematician,europe
37115,Q3259517,Lorenzo de Monacis,re_balkans,Balkans,1351.0,historian,europe
37130,Q2081048,Petr z Mladoňovic,re_central_europe,Central Europe,1390.0,theologian,europe
37133,Q1599675,Heinrich von Schüttenhofen,re_central_europe,Central Europe,1300.0,philosopher | zoologist,europe
37151,Q4938263,Bohuslav Bílejovský,re_central_europe,Central Europe,1480.0,historian,europe
37160,Q106339,Silvester Stodewescher,re_central_europe,Central Europe,1500.0,theologian,europe
37173,Q4345404,Jakub Parkoszowic,re_central_europe,Central Europe,1400.0,linguist,europe
37181,Q11767491,Marcin Biem,re_central_europe,Central Europe,1470.0,astronomer,europe
37231,Q1252620,Lea Ráskay,re_central_europe,Central Europe,1401.0,linguist,europe
37238,Q383003,Nikephoros Bryennios the Younger,re_balkans,Balkans,1062.0,historian,europe
37309,Q2142789,Wenceslaus Hajek,re_central_europe,Central Europe,1500.0,historian,europe
37344,Q690877,John of Rokycan,re_central_europe,Central Europe,1396.0,philosopher,europe
37383,Q945165,Coriolano Cippico,re_balkans,Balkans,1425.0,historian,europe
37411,Q101829,Johann Heß,re_central_europe,Central Europe,1490.0,theologian,europe
37415,Q103024,Jan Roh,re_central_europe,Central Europe,1490.0,theologian,europe
37608,Q220313,Gemistus Pletho,re_balkans,Balkans,1355.0,philosopher,europe
37615,Q463405,Elia del Medigo,re_balkans,Balkans,1460.0,philosopher,europe
37723,Q1991802,Nikolaus von Rakonitz,re_central_europe,Central Europe,1350.0,theologian,europe
37736,Q1466890,Ferenc Zay,re_central_europe,Central Europe,1498.0,historian,europe
37772,Q11714743,Izajasz Boner,re_central_europe,Central Europe,1400.0,theologian,europe
37790,Q4762991,Angelos Akotantos,re_balkans,Balkans,1400.0,historian,europe
37832,Q1384097,Gül Baba,re_central_europe,Central Europe,1500.0,philosopher,europe
37869,Q2112589,Prokop von Pilsen,re_central_europe,Central Europe,1400.0,theologian,europe
37876,Q786884,Stjepan Brodarić,re_central_europe,Central Europe,1480.0,historian,europe
37883,Q435320,Francysk Skaryna,re_central_europe,Central Europe,1486.0,philosopher,europe
37889,Q338487,Stanislovas Rapalionis,re_slav_world,Slav world,1485.0,theologian,europe
37907,Q1329371,Ēliyyāhû Qapsalî,re_balkans,Balkans,1490.0,historian,europe
37956,Q326797,Christian of Prachatice,re_central_europe,Central Europe,1368.0,theologian | astronomer | mathematician,europe
37980,Q1146725,Constantine of Preslav,re_balkans,Balkans,900.0,linguist | historian,europe
38004,Q3302595,Maximus III of Constantinople,re_balkans,Balkans,1450.0,historian,europe
38016,Q579504,John of Głogów,re_central_europe,Central Europe,1445.0,geographer | astronomer | philosopher | mathematician,europe
38035,Q91774,Andreas Fischer,re_central_europe,Central Europe,1480.0,theologian,europe
38036,Q1506709,Georg von Venediger,re_central_europe,Central Europe,1500.0,theologian,europe
38045,Q1697355,Johannes Cardinalis von Bergreichenstein,re_central_europe,Central Europe,1375.0,theologian,europe
38096,Q3094034,Gabriele Zerbi,re_balkans,Balkans,1445.0,philosopher | anatomist,europe
38097,Q12878447,Joseph Philagrios,re_balkans,Balkans,1335.0,theologian | philosopher,europe
38098,Q15118093,Hakob Krymetsi,re_slav_world,Slav world,1360.0,philosopher,europe
38109,Q1469478,Ákos,re_central_europe,Central Europe,1205.0,historian,europe
38138,Q453465,Eustathius of Thessalonica,re_balkans,Balkans,1101.0,historian,europe
38146,Q56255117,Jan Puszka,re_central_europe,Central Europe,1400.0,theologian,europe
38150,Q64344,Johann Cochlaeus,re_central_europe,Central Europe,1479.0,theologian | musicologist,europe
38177,Q1505735,Georg Rhete,re_central_europe,Central Europe,1500.0,theologian,europe
38221,Q121550,John Kaminiates,re_balkans,Balkans,900.0,historian,europe
38228,Q20525404,Francesco Bassegli,re_balkans,Balkans,1441.0,theologian,europe
38292,Q2283440,Zygfryd von Boock,re_central_europe,Central Europe,1400.0,theologian,europe
38331,Q37084,John VI Kantakouzenos,re_balkans,Balkans,1292.0,historian,europe
38351,Q324534,Laonikos Chalkokondyles,re_balkans,Balkans,1423.0,historian,europe
38360,Q1323315,Simon Grunau,re_central_europe,Central Europe,1470.0,historian,europe
38388,Q1782745,Constantine of Kostenets,re_balkans,Balkans,1380.0,philosopher | historian,europe
38390,Q725859,Herman of Carinthia,re_balkans,Balkans,1110.0,astronomer | philosopher | meteorologist | mathematician,europe
38467,Q266897,Adam of Łowicz,re_central_europe,Central Europe,1500.0,philosopher,europe
38475,Q2452397,Maciej Miechowita,re_central_europe,Central Europe,1457.0,geographer | historian,europe
38502,Q685774,Jan Šindel,re_central_europe,Central Europe,1375.0,astronomer | mathematician,europe
38538,Q1677512,Jacob Hegge,re_central_europe,Central Europe,1450.0,theologian,europe
38557,Q339351,Jan Łaski,re_central_europe,Central Europe,1499.0,theologian,europe
38596,Q1326883,Albert Brudzewski,re_central_europe,Central Europe,1445.0,astronomer | philosopher | mathematician,europe
38652,Q326493,Jan Długosz,re_central_europe,Central Europe,1415.0,geographer | historian,europe
38700,Q88618,Ambrosius Moibanus,re_central_europe,Central Europe,1494.0,theologian,europe
38748,Q1671964,Iohannes Sslechta,re_central_europe,Central Europe,1466.0,philosopher,europe
38753,Q9168731,Benedykt Hesse,re_central_europe,Central Europe,1389.0,philosopher,europe
38756,Q302718,Pelbartus Ladislaus of Temesvár,re_central_europe,Central Europe,1430.0,philosopher,europe
38769,Q5479481,Francesco Negri,re_central_europe,Central Europe,1500.0,theologian,europe
38811,Q326783,Jan z Příbrami,re_central_europe,Central Europe,1350.0,theologian,europe
38840,Q1745417,Nikolaus von Pelgrims,re_central_europe,Central Europe,1385.0,theologian,europe
38874,Q3278585,Wasyl Czartoryski,re_slav_world,Slav world,1375.0,historian,europe
38890,Q112347624,Ludmila Kubátová,re_central_europe,Central Europe,927.0,historian,europe
38899,Q12880654,Manouēl Malaxos,re_balkans,Balkans,1500.0,historian,europe
38922,Q567639,Bele Regis Notarius,re_central_europe,Central Europe,1200.0,historian,europe
38937,Q538267,William of Moerbeke,re_balkans,Balkans,1215.0,philosopher,europe
38954,Q98556548,Grgur Budislavic,re_balkans,Balkans,1485.0,theologian | philosopher,europe
38961,Q111582,Pankratius Klemme,re_central_europe,Central Europe,1475.0,theologian,europe
38995,Q1374251,Jan of Stobnica,re_central_europe,Central Europe,1470.0,geographer | astronomer | philosopher,europe
38998,Q1070134,Simon of Kéza,re_central_europe,Central Europe,1250.0,historian,europe
39017,Q11771481,Mateusz z Szamotuł,re_central_europe,Central Europe,1491.0,astronomer,europe
39030,Q605192,Biernat of Lublin,re_central_europe,Central Europe,1465.0,linguist,europe
39047,Q104914,Johannes Marienwerder,re_central_europe,Central Europe,1343.0,theologian,europe
39071,Q110255,Henning Iwen,re_central_europe,Central Europe,1350.0,theologian,europe
39081,Q104553593,Dujam Hranković,re_balkans,Balkans,1350.0,historian,europe
39115,Q1612059,Hermann Marsow,re_central_europe,Central Europe,1485.0,theologian,europe
39121,Q6836003,Michał Falkener,re_central_europe,Central Europe,1460.0,astronomer | philosopher | mathematician,europe
39158,Q709783,Luke of Prague,re_central_europe,Central Europe,1460.0,theologian,europe
39198,Q12720245,Alexander de Hungaria,re_central_europe,Central Europe,1260.0,theologian,europe
39244,Q516773,Marcin Bielski,re_central_europe,Central Europe,1495.0,historian,europe
39297,Q982860,Nilus of Sora,re_slav_world,Slav world,1433.0,philosopher,europe
39363,Q1894358,Marcus Schinnagel,re_central_europe,Central Europe,1450.0,astronomer,europe
39367,Q1362779,Michael Apostolius,re_balkans,Balkans,1420.0,philosopher,europe
39368,Q648868,Michael Critobulus,re_balkans,Balkans,1410.0,historian,europe
39372,Q706801,John of Viktring,re_slav_world,Slav world,1300.0,historian,europe
39454,Q17003247,Jan of Holešov,re_central_europe,Central Europe,1366.0,theologian | anthropologist,europe
39539,Q381211,Gennadius Scholarius,re_balkans,Balkans,1400.0,philosopher,europe
39542,Q11339498,Matěj Brikcí z Licka,re_central_europe,Central Europe,1488.0,philosopher | historian,europe
39609,Q6786791,Matthaios Kamariotis,re_balkans,Balkans,1401.0,philosopher,europe
39631,Q1280353,Thomas the Archdeacon,re_balkans,Balkans,1200.0,historian,europe
39714,Q1126408,John of Küküllő,re_central_europe,Central Europe,1320.0,historian,europe
39727,Q277766,Rogerius of Apulia,re_balkans,Balkans,1201.0,historian,europe
39739,Q11767658,Marcin Król z Żurawicy,re_central_europe,Central Europe,1422.0,astronomer | mathematician,europe
39744,Q1393020,Konstantin Mihailović,re_balkans,Balkans,1435.0,historian,europe
39746,Q2508355,Valentin Krautwald,re_central_europe,Central Europe,1490.0,theologian,europe
39752,Q744494,Peter Nigri,re_central_europe,Central Europe,1434.0,philosopher,europe
39779,Q24263095,Eliasz z Wąwolnicy,re_central_europe,Central Europe,1350.0,theologian,europe
39784,Q435547,Andreas Osiander,re_slav_world,Slav world,1499.0,theologian | mathematician,europe
39882,Q673421,Leonhard von Dobschütz,re_central_europe,Central Europe,1450.0,astronomer | mathematician,europe
40048,Q68275,Johannes Poliander,re_slav_world,Slav world,1487.0,theologian,europe
40070,Q530956,Gregory of Sanok,re_slav_world,Slav world,1406.0,philosopher,europe
40074,Q4115413,Matrakçı Nasuh,re_balkans,Balkans,1480.0,geographer | historian | mathematician,europe
40079,Q2344053,Stephan von Kolin,re_central_europe,Central Europe,1360.0,theologian,europe
40122,Q20674111,Johann III. Popel von Lobkowitz,re_central_europe,Central Europe,1490.0,historian,europe
40149,Q2063383,Paulus Rode,re_central_europe,Central Europe,1489.0,theologian,europe
40183,Q9263120,Franciszek z Brzegu,re_central_europe,Central Europe,1370.0,philosopher,europe
40189,Q106994,Johann Briesmann,re_slav_world,Slav world,1488.0,theologian,europe
40217,Q1928612,Michael Meurer,re_slav_world,Slav world,1475.0,theologian,europe
40225,Q266482,Antonio Bonfini,re_central_europe,Central Europe,1427.0,historian,europe
40335,Q328395,Adalbertus Ranconis de Ericinio,re_central_europe,Central Europe,1320.0,theologian | philosopher,europe
40344,Q63439460,Beneš Bavoryňský,re_central_europe,Central Europe,1500.0,theologian,europe
40346,Q4283092,Marcin of Urzędów,re_central_europe,Central Europe,1500.0,botanist,europe
40468,Q55127469,Franz Köckritz,re_central_europe,Central Europe,1497.0,historian,europe
40482,Q822924,Bernardino Ochino,re_central_europe,Central Europe,1487.0,theologian,europe
40588,Q243787,Gregory Palamas,re_balkans,Balkans,1296.0,philosopher,europe
40598,Q1383356,Joseph Volotsky,re_slav_world,Slav world,1440.0,philosopher,europe
40616,Q561934,Konstantinos Manasses,re_balkans,Balkans,1130.0,historian,europe
40647,Q969637,Georg von Reicherstorffer,re_central_europe,Central Europe,1495.0,geographer | historian,europe
40680,Q12037137,Mikuláš Šúd ze Semanína,re_central_europe,Central Europe,1490.0,astronomer,europe
40762,Q369562,Wincenty Kadłubek,re_central_europe,Central Europe,1150.0,historian,europe
40771,Q124645,Sylvester Tegetmeyer,re_central_europe,Central Europe,1450.0,theologian,europe
40825,Q1498465,Stanisław Kazimierczyk,re_central_europe,Central Europe,1433.0,philosopher,europe
40829,Q107928,Peter Becker,re_central_europe,Central Europe,1491.0,theologian,europe
40855,Q1698750,Johannes von Hohenmauth,re_central_europe,Central Europe,1400.0,theologian,europe
40907,Q1682302,Jan Táborský,re_central_europe,Central Europe,1500.0,astronomer,europe
41002,Q1986767,Nicolaus Biceps,re_central_europe,Central Europe,1400.0,theologian | philosopher,europe
41045,Q1698692,John Zygomalas,re_balkans,Balkans,1498.0,theologian,europe
41123,Q11765746,Maciej ze Saspowa,re_central_europe,Central Europe,1408.0,philosopher,europe
41128,Q95182,Andreas Knopken,re_central_europe,Central Europe,1468.0,theologian,europe
41141,Q1904489,Martin Lupáč,re_central_europe,Central Europe,1400.0,theologian,europe
41166,Q540950,Lazarus Secretarius,re_central_europe,Central Europe,1500.0,geographer,europe
41193,Q315149,Giovanni da Pian del Carpine,re_balkans,Balkans,1182.0,historian,europe
41206,Q780601,Michał Twaróg of Bystrzyków,re_central_europe,Central Europe,1450.0,philosopher,europe
41213,Q463808,Justus Ludwik Decjusz,re_central_europe,Central Europe,1485.0,historian,europe
41218,Q899649,Ludovik Crijević Tuberon,re_balkans,Balkans,1459.0,historian,europe
41223,Q784911,Jan Černý-Nigranus,re_central_europe,Central Europe,1500.0,historian,europe
41280,Q650558,John Exarch,re_balkans,Balkans,900.0,linguist,europe
41303,Q547873,Galeotto Marzio,re_central_europe,Central Europe,1424.0,astronomer | philosopher | historian,europe
41329,Q12360594,Christian Bomhower,re_central_europe,Central Europe,1449.0,theologian,europe
41425,Q338718,Lawrence of Březová,re_central_europe,Central Europe,1370.0,historian,europe
41429,Q12630940,Feliks Petančić,re_balkans,Balkans,1455.0,historian,europe
41541,Q317916,Cosmas of Prague,re_central_europe,Central Europe,1045.0,historian,europe
41548,Q56255147,Grzegorz ze Stawiszyna,re_central_europe,Central Europe,1481.0,philosopher,europe
41584,Q184500,Johannes Scotus Eriugena,re_central_europe,Central Europe,810.0,philosopher,europe
41650,Q1698599,Johannes Wenceslai von Prag,re_central_europe,Central Europe,1400.0,theologian | philosopher | mathematician,europe
41702,Q4202467,John Eugenikos,re_balkans,Balkans,1380.0,theologian,europe
41717,Q1030331,Gergely Gyöngyösi,re_central_europe,Central Europe,1472.0,historian,europe
41742,Q163833,Sebastian z Felsztyna,re_central_europe,Central Europe,1485.0,musicologist,europe
41797,Q55127332,Hieronymus Gürtler von Wildenberg,re_central_europe,Central Europe,1465.0,physicist,europe
41829,Q11717749,Jan Isner,re_central_europe,Central Europe,1345.0,theologian,europe
41853,Q1478049,Wawrzyniec z Raciborza,re_central_europe,Central Europe,1381.0,astronomer | mathematician,europe
41854,Q809577,Bartoš Písař,re_central_europe,Central Europe,1470.0,historian,europe
41862,Q3044483,Demetrios Chrysoloras,re_balkans,Balkans,1350.0,theologian | astronomer | philosopher,europe
41867,Q549965,János Vitéz,re_central_europe,Central Europe,1408.0,astronomer | mathematician,europe
41923,Q435083,Kirik the Novgorodian,re_slav_world,Slav world,1110.0,mathematician,europe
41966,Q320935,Nestor the Chronicler,re_slav_world,Slav world,1056.0,historian,europe
42023,Q1468644,Tobiah ben Eliezer,re_balkans,Balkans,1050.0,theologian,europe
42024,Q67531,Paul Speratus,re_central_europe,Central Europe,1484.0,theologian,europe
42029,Q2559749,Wenzel Faber,re_central_europe,Central Europe,1455.0,astronomer,europe
42064,Q321191,Přibík Pulkava,re_central_europe,Central Europe,1400.0,historian,europe
42065,Q275624,John Cantius,re_central_europe,Central Europe,1390.0,theologian | physicist,europe
42068,Q619,Nicolaus Copernicus,re_central_europe,Central Europe,1473.0,philosopher | physicist | astronomer | mathematician | economist,europe
42109,Q3138994,Stanisław Górski,re_central_europe,Central Europe,1497.0,historian,europe
42131,Q103794,Bartholomäus Suawe,re_central_europe,Central Europe,1494.0,theologian,europe
42168,Q1306652,Conradus Bitschin,re_central_europe,Central Europe,1400.0,theologian,europe
42174,Q1679103,Jakob Hogensee,re_central_europe,Central Europe,1495.0,theologian,europe
42176,Q983688,Dimitrios Kydones,re_balkans,Balkans,1324.0,theologian,europe
42217,Q912011,Jalal al-Din Khan ibn Tokhtamysh,re_slav_world,Slav world,1380.0,historian,europe
42233,Q7247406,Prochorus Cydones,re_balkans,Balkans,1330.0,theologian,europe
42252,Q326530,Peter of Zittau,re_central_europe,Central Europe,1275.0,historian,europe
42295,Q1313584,Tomáš Štítný ze Štítného,re_central_europe,Central Europe,1333.0,philosopher,europe
42374,Q531492,Gjon Gazulli,re_balkans,Balkans,1400.0,mathematician,europe
42383,Q3809351,John Hothby,re_central_europe,Central Europe,1410.0,musicologist,europe
42396,Q897182,Johannes de Thurocz,re_central_europe,Central Europe,1435.0,historian,europe
42439,Q11766601,Maximus Chrysoberges,re_balkans,Balkans,1400.0,theologian,europe
42456,Q2538817,Nikephoros Choumnos,re_balkans,Balkans,1250.0,philosopher,europe
42468,Q48840242,Andrzej Łaskarz,re_central_europe,Central Europe,1362.0,theologian,europe
42481,Q6302099,Judah Leon ben Moses Mosconi,re_balkans,Balkans,1328.0,historian,europe
42485,Q12278401,Dimitrije Kantakouzenos,re_balkans,Balkans,1500.0,historian,europe
42487,Q2548769,Gregory Akindynos,re_balkans,Balkans,1300.0,theologian,europe
0,Q316119,Gnaeus Pompeius Trogus,re_latin,Latin World,-100.0,historian,non_europe
1,Q782074,Claudianus Mamertus,re_latin,Latin World,420.0,theologian | philosopher,non_europe
2,Q182123,Irenaeus,re_latin,Latin World,130.0,theologian | philosopher,non_europe
3,Q44344,Hilary of Poitiers,re_latin,Latin World,315.0,theologian | philosopher,non_europe
4,Q1430,Marcus Aurelius,re_latin,Latin World,121.0,philosopher,non_europe
5,Q313795,John Cassian,re_latin,Latin World,360.0,theologian,non_europe
6,Q50082878,Jess Wade,re_latin,Latin World,2.0,physicist,non_europe
7,Q723645,Victorius of Aquitaine,re_latin,Latin World,450.0,astronomer | mathematician,non_europe
8,Q209102,Lactantius,re_latin,Latin World,250.0,philosopher | historian,non_europe
9,Q2891791,Latinius Pacatus Drepanius,re_latin,Latin World,400.0,historian,non_europe
10,Q2161,Tacitus,re_latin,Latin World,54.0,philosopher | historian,non_europe
11,Q885870,Victorinus Junior,re_latin,Latin World,300.0,historian,non_europe
12,Q239448,Pompeia Plotina,re_latin,Latin World,70.0,philosopher,non_europe
13,Q532684,Salvian,re_latin,Latin World,400.0,theologian | historian,non_europe
14,Q336704,Sulpicius Severus,re_latin,Latin World,360.0,historian,non_europe
15,Q297515,Pomponius Mela,re_latin,Latin World,15.0,geographer | historian,non_europe
16,Q188646,Lucan,re_latin,Latin World,39.0,historian,non_europe
17,Q535060,Terentianus,re_latin,Latin World,150.0,linguist,non_europe
18,Q10133,Suetonius,re_latin,Latin World,70.0,historian,non_europe
19,Q109998607,Tommaso Massarini,re_latin,Latin World,18.0,historian,non_europe
20,Q656891,Arulenus Rusticus,re_latin,Latin World,35.0,philosopher,non_europe
21,Q207113,Hippolytus,re_latin,Latin World,170.0,theologian,non_europe
22,Q755297,Athenaeus Mechanicus,re_latin,Latin World,-199.0,philosopher | mathematician,non_europe
23,Q74243,Marcus Cluvius Rufus,re_latin,Latin World,50.0,historian,non_europe
24,Q506540,Didymus Chalcenterus,re_latin,Latin World,-62.0,linguist,non_europe
25,Q248733,Eusebius of Myndus,re_latin,Latin World,300.0,philosopher,non_europe
26,Q311835,Pittacus of Mytilene,re_greek_world,Greek World,-650.0,philosopher,non_europe
27,Q708247,Gaius Marius Victorinus,re_latin,Latin World,290.0,theologian | philosopher,non_europe
28,Q134189,Plotinus,re_latin,Latin World,205.0,philosopher,non_europe
29,Q594441,Publius Clodius Thrasea Paetus,re_latin,Latin World,100.0,philosopher,non_europe
30,Q706319,Marinus of Tyre,re_latin,Latin World,100.0,geographer | mathematician,non_europe
31,Q82778,Pliny the Elder,re_latin,Latin World,20.0,philosopher | historian | anatomist,non_europe
32,Q298376,Gaius Julius Hyginus,re_latin,Latin World,-63.0,astronomer,non_europe
33,Q447741,Lucius Calbenus Taurus,re_latin,Latin World,150.0,philosopher,non_europe
34,Q758060,Atticus,re_latin,Latin World,150.0,philosopher,non_europe
35,Q670317,Gaius Oppius,re_latin,Latin World,-100.0,historian,non_europe
36,Q248969,Sopater of Apamea,re_latin,Latin World,242.0,philosopher,non_europe
37,Q1164993,Marcus Junius Congus Gracchanus,re_latin,Latin World,-200.0,historian,non_europe
38,Q1385296,Quintus Sextius,re_latin,Latin World,-50.0,philosopher,non_europe
39,Q365835,Tyrannius Rufinus,re_latin,Latin World,345.0,theologian,non_europe
40,Q3624758,Marcus Actorius Naso,re_latin,Latin World,-100.0,historian,non_europe
41,Q1376509,Sulpicius Alexander,re_latin,Latin World,400.0,historian,non_europe
42,Q174929,Tertullian,re_latin,Latin World,160.0,theologian | philosopher,non_europe
43,Q210853,Justin,re_latin,Latin World,101.0,historian,non_europe
44,Q1390986,Helvidius Priscus,re_latin,Latin World,50.0,philosopher,non_europe
45,Q311733,Titus Pomponius Atticus,re_latin,Latin World,-109.0,philosopher,non_europe
46,Q2312613,Flavius Lucius Dexter,re_latin,Latin World,400.0,historian,non_europe
47,Q782401,Sallustius,re_latin,Latin World,400.0,philosopher,non_europe
48,Q443278,Antonia Gordiana,re_latin,Latin World,201.0,historian,non_europe
49,Q294800,Aulus Gellius,re_latin,Latin World,130.0,philosopher,non_europe
50,Q44170,Ignatius of Antioch,re_latin,Latin World,35.0,theologian,non_europe
51,Q2054,Seneca,re_latin,Latin World,-4.0,philosopher,non_europe
52,Q1237555,Aulus Egnatius Priscillianus,re_latin,Latin World,135.0,philosopher,non_europe
53,Q273671,Seneca the Elder,re_latin,Latin World,-53.0,philosopher | historian,non_europe
54,Q947576,Valerius Antias,re_latin,Latin World,-200.0,historian,non_europe
55,Q11923560,Gaius Fannius,re_latin,Latin World,100.0,historian,non_europe
56,Q26204,Dionysius of Halicarnassus,re_latin,Latin World,-59.0,historian,non_europe
57,Q741160,Lucius Ampelius,re_latin,Latin World,150.0,historian,non_europe
58,Q290471,Moderatus of Gades,re_latin,Latin World,50.0,philosopher,non_europe
59,Q223615,Flavius Caper,re_latin,Latin World,150.0,linguist,non_europe
60,Q727792,Lucius Arruntius the Elder,re_latin,Latin World,-100.0,historian,non_europe
61,Q106026,Arius,re_latin,Latin World,250.0,theologian,non_europe
62,Q319273,Gaius Asinius Pollio,re_latin,Latin World,-74.0,historian,non_europe
63,Q759760,Aufidius Bassus,re_latin,Latin World,-50.0,historian,non_europe
64,Q966315,Virius Nicomachus Flavianus,re_latin,Latin World,400.0,historian,non_europe
65,Q682860,Julius Obsequens,re_latin,Latin World,400.0,historian,non_europe
66,Q669971,Trebellius Pollio,re_latin,Latin World,250.0,historian,non_europe
67,Q252841,Seleucus,re_latin,Latin World,200.0,historian,non_europe
68,Q1391069,Rabbi Ishmael,re_latin,Latin World,70.0,philosopher,non_europe
69,Q897734,Lucius Lucceius,re_latin,Latin World,-105.0,historian,non_europe
70,Q190240,Cyprian,re_latin,Latin World,200.0,philosopher,non_europe
71,Q313782,Aelian,re_latin,Latin World,200.0,zoologist | historian,non_europe
72,Q1271013,Adrian of Tyre,re_latin,Latin World,113.0,philosopher,non_europe
73,Q1084333,Flavius Sallustius,re_latin,Latin World,350.0,philosopher,non_europe
74,Q313924,Nicolaus of Damascus,re_latin,Latin World,-63.0,philosopher | historian,non_europe
75,Q563283,Gaius Asinius Quadratus,re_latin,Latin World,200.0,historian,non_europe
76,Q1541,Cicero,re_latin,Latin World,-106.0,philosopher,non_europe
77,Q192931,Pausanias,re_latin,Latin World,115.0,geographer | historian,non_europe
78,Q175042,Nigidius Figulus,re_latin,Latin World,-97.0,philosopher,non_europe
79,Q335309,Aulus Claudius Charax,re_latin,Latin World,150.0,historian,non_europe
80,Q12285191,Lucius Aemilius Juncus,re_latin,Latin World,100.0,philosopher,non_europe
81,Q1025379,Caelestius,re_latin,Latin World,380.0,theologian,non_europe
82,Q2335606,Pierius,re_latin,Latin World,201.0,philosopher,non_europe
83,Q772773,Antonius Musa,re_latin,Latin World,-62.0,botanist,non_europe
84,Q255448,Porcia,re_latin,Latin World,-100.0,philosopher,non_europe
85,Q316098,Marcus Velleius Paterculus,re_latin,Latin World,-18.0,historian,non_europe
86,Q451550,Philodemus,re_latin,Latin World,-109.0,philosopher,non_europe
87,Q171241,Diodorus Siculus,re_latin,Latin World,-89.0,geographer | historian,non_europe
88,Q1159625,Lucius Voltacilius Pitholaus,re_latin,Latin World,-100.0,historian,non_europe
89,Q26825,Herodotos,re_greek_world,Greek World,-483.0,historian,non_europe
90,Q444285,Asconius Pedianus,re_latin,Latin World,-8.0,historian,non_europe
91,Q274091,Dionysius Exiguus,re_latin,Latin World,475.0,mathematician,non_europe
92,Q222890,Novatian,re_latin,Latin World,220.0,theologian,non_europe
93,Q391514,Julius Capitolinus,re_latin,Latin World,250.0,historian,non_europe
94,Q15429187,Eumachus of Neapolis,re_latin,Latin World,-200.0,historian,non_europe
95,Q450708,Gaius Asinius Gallus,re_latin,Latin World,-39.0,historian,non_europe
96,Q934244,Pomponius Porphyrion,re_latin,Latin World,201.0,linguist,non_europe
97,Q12093928,Gaius Clodius Licinus,re_latin,Latin World,-50.0,historian,non_europe
98,Q47154,Lucretius,re_latin,Latin World,-93.0,philosopher,non_europe
99,Q2036794,Timagenes,re_latin,Latin World,-100.0,historian,non_europe
100,Q2857528,Antonius Castor,re_latin,Latin World,50.0,botanist,non_europe
101,Q248624,Amelius,re_latin,Latin World,200.0,philosopher,non_europe
102,Q441590,Eustathius of Cappadocia,re_latin,Latin World,300.0,philosopher,non_europe
103,Q248578,Chrysanthius,re_latin,Latin World,310.0,philosopher,non_europe
104,Q772677,Aulus Cremutius Cordus,re_latin,Latin World,-50.0,historian,non_europe
105,Q185117,Justin Martyr,re_latin,Latin World,100.0,theologian | philosopher,non_europe
106,Q11925501,Hermogenes of Carthago,re_latin,Latin World,150.0,theologian,non_europe
107,Q561367,Lucius Aelius Stilo Praeconinus,re_latin,Latin World,-153.0,philosopher,non_europe
108,Q354431,Aelius Aristides,re_latin,Latin World,117.0,philosopher,non_europe
109,Q673402,Gaius Sulpicius Gallus,re_latin,Latin World,-208.0,astronomer,non_europe
110,Q927711,Messius Phoebus Severus,re_latin,Latin World,450.0,philosopher,non_europe
111,Q451572,Menelaus of Alexandria,re_latin,Latin World,70.0,astronomer | mathematician,non_europe
112,Q192365,Cassiodorus,re_latin,Latin World,487.0,musicologist | philosopher | historian,non_europe
113,Q134461,Josephus,re_latin,Latin World,37.0,historian,non_europe
114,Q537755,Polyaenus,re_latin,Latin World,101.0,historian,non_europe
115,Q316123,Silius Italicus,re_latin,Latin World,26.0,historian,non_europe
116,Q1121669,Ticonius,re_latin,Latin World,370.0,theologian,non_europe
117,Q515249,Caecilius of Calacte,re_latin,Latin World,-50.0,historian,non_europe
118,Q554387,Favorinus,re_latin,Latin World,85.0,philosopher,non_europe
119,Q1164905,Marius Plotius Sacerdos,re_latin,Latin World,200.0,linguist,non_europe
120,Q735515,Aspasius,re_latin,Latin World,80.0,philosopher,non_europe
121,Q765147,Januarius Nepotianus,re_latin,Latin World,300.0,historian,non_europe
122,Q313056,Herodian,re_latin,Latin World,170.0,historian,non_europe
123,Q349959,Quintus Dellius,re_latin,Latin World,-100.0,historian,non_europe
124,Q1474972,Furius Dionysius Filocalus,re_latin,Latin World,400.0,historian,non_europe
125,Q221465,Hydatius,re_latin,Latin World,400.0,historian,non_europe
126,Q507036,Lucius Annaeus Cornutus,re_latin,Latin World,20.0,philosopher,non_europe
127,Q833663,Herennius Senecio,re_latin,Latin World,50.0,philosopher | historian,non_europe
128,Q109594,Cornelius Nepos,re_latin,Latin World,-99.0,historian,non_europe
129,Q201346,Marcion of Sinope,re_latin,Latin World,85.0,theologian | philosopher,non_europe
130,Q172198,Ammianus Marcellinus,re_latin,Latin World,330.0,historian,non_europe
131,Q441138,Alexandros Polyhistor,re_latin,Latin World,-99.0,geographer,non_europe
132,Q1242065,Quintus Baebius Macer,re_latin,Latin World,50.0,historian,non_europe
133,Q446155,Cronius the Pythagorean,re_latin,Latin World,200.0,philosopher,non_europe
134,Q748621,Victor of Vita,re_latin,Latin World,430.0,historian,non_europe
135,Q546375,Publius Egnatius Celer,re_latin,Latin World,100.0,philosopher,non_europe
136,Q18999,Junius Rusticus,re_latin,Latin World,100.0,philosopher,non_europe
137,Q729244,Calcidius,re_latin,Latin World,350.0,philosopher,non_europe
138,Q2868804,Lucius Ateius Praetextatus,re_latin,Latin World,-104.0,linguist,non_europe
139,Q718213,Auxentius of Milan,re_latin,Latin World,301.0,theologian,non_europe
140,Q1232970,Marcus Servilius Nonianus,re_latin,Latin World,-50.0,historian,non_europe
141,Q1243321,Vulcacius Gallicanus,re_latin,Latin World,250.0,historian,non_europe
142,Q16932930,Saint Sylvia of Aquitaine,re_latin,Latin World,330.0,historian,non_europe
143,Q367422,Julius Firmicus Maternus,re_latin,Latin World,400.0,astronomer,non_europe
144,Q365110,Philo of Larissa,re_latin,Latin World,-144.0,philosopher,non_europe
145,Q6197,Horace,re_latin,Latin World,-64.0,philosopher,non_europe
146,Q1965137,Marcus Favonius,re_latin,Latin World,-89.0,philosopher,non_europe
147,Q180081,Cato the Elder,re_latin,Latin World,-233.0,economist,non_europe
148,Q833542,Aelius Lampridius,re_latin,Latin World,400.0,historian,non_europe
149,Q4807731,Aspasius of Ravenna,re_latin,Latin World,200.0,philosopher,non_europe
150,Q1098323,Claudius Maximus,re_latin,Latin World,200.0,philosopher,non_europe
151,Q2039,Titus Livius,re_latin,Latin World,-58.0,historian,non_europe
152,Q379991,Valerius Maximus,re_latin,Latin World,-100.0,historian,non_europe
153,Q3189849,Julius Exsuperantius,re_latin,Latin World,350.0,historian,non_europe
154,Q975318,Granius Licinianus,re_latin,Latin World,101.0,historian,non_europe
155,Q102851,Boethius,re_latin,Latin World,480.0,musicologist | philosopher | mathematician,non_europe
156,Q3838837,Lucius Crassicius Pansa,re_latin,Latin World,-50.0,philosopher,non_europe
157,Q185770,Posidonius,re_latin,Latin World,-134.0,philosopher | physicist | astronomer | mathematician | geographer | historian,non_europe
158,Q1225062,Siro the Epicurean,re_latin,Latin World,-100.0,philosopher,non_europe
159,Q965333,Theodorus of Asine,re_latin,Latin World,275.0,philosopher,non_europe
160,Q995441,Fabius Rusticus,re_latin,Latin World,100.0,historian,non_europe
161,Q454652,Prosper of Aquitaine,re_latin,Latin World,390.0,theologian | historian,non_europe
162,Q11035375,Quintus Aelius Tubero,re_latin,Latin World,-162.0,philosopher,non_europe
163,Q535137,Marius Maximus,re_latin,Latin World,165.0,historian,non_europe
164,Q8778,Galen,re_latin,Latin World,200.0,anatomist,non_europe
165,Q1114706,Romulus of Genoa,re_latin,Latin World,301.0,theologian,non_europe
166,Q1232604,Julius Valerius Alexander Polemius,re_latin,Latin World,250.0,historian,non_europe
167,Q6033021,Palladius of Ratiaria,re_latin,Latin World,301.0,theologian,non_europe
168,Q315370,Celsus,re_latin,Latin World,200.0,philosopher,non_europe
169,Q317055,Marcus Cornelius Fronto,re_latin,Latin World,100.0,philosopher,non_europe
170,Q381874,Gaius Musonius Rufus,re_latin,Latin World,25.0,philosopher,non_europe
171,Q1223467,Quintus Lucilius Balbus,re_latin,Latin World,0.0,philosopher,non_europe
172,Q312410,Epicharmus of Kos,re_greek_world,Greek World,-523.0,philosopher | mathematician,non_europe
173,Q1349817,Castor of Rhodes,re_latin,Latin World,100.0,historian,non_europe
174,Q59138,Diogenes Laërtius,re_latin,Latin World,180.0,philosopher | historian,non_europe
175,Q1411,Claudius,re_latin,Latin World,-9.0,historian,non_europe
176,Q332785,Persius,re_latin,Latin World,34.0,philosopher,non_europe
177,Q190368,Appian,re_latin,Latin World,95.0,historian,non_europe
178,Q707449,Censorinus,re_latin,Latin World,250.0,musicologist,non_europe
179,Q316483,Lucius Annaeus Florus,re_latin,Latin World,70.0,historian,non_europe
180,Q1159576,Lucius Aelius Tubero,re_latin,Latin World,-150.0,philosopher | historian,non_europe
181,Q1376539,Renatus Profuturus Frigeridus,re_latin,Latin World,400.0,historian,non_europe
182,Q138724,Lucius Tarutius Firmanus,re_latin,Latin World,-100.0,astronomer | philosopher | mathematician,non_europe
183,Q2994436,Consentius,re_latin,Latin World,400.0,linguist,non_europe
184,Q2248247,Quintus Terentius Scaurus,re_latin,Latin World,201.0,linguist,non_europe
185,Q10261,Pythagoras,re_greek_world,Greek World,-582.0,musicologist | philosopher | mathematician,non_europe
186,Q311456,Orosius,re_latin,Latin World,385.0,theologian | historian,non_europe
187,Q1133857,Cornelius Labeo,re_latin,Latin World,250.0,philosopher,non_europe
188,Q772775,Polemon of Laodicea,re_latin,Latin World,90.0,philosopher,non_europe
189,Q521520,Gaius Licinius Mucianus,re_latin,Latin World,100.0,historian,non_europe
190,Q1237504,Plotius Crispinus,re_latin,Latin World,-50.0,philosopher,non_europe
191,Q662582,Fenestella,re_latin,Latin World,-35.0,historian,non_europe
192,Q206119,Marcus Terentius Varro,re_latin,Latin World,-115.0,musicologist | philosopher,non_europe
193,Q532315,Athenodoros Cordylion,re_latin,Latin World,-50.0,philosopher,non_europe
194,Q950770,Quintus Aelius Tubero,re_latin,Latin World,-73.0,historian,non_europe
195,Q4298,Publius Flavius Vegetius Renatus,re_latin,Latin World,400.0,historian,non_europe
196,Q1227766,Paeanius,re_latin,Latin World,400.0,historian,non_europe
197,Q9200,Paul the Apostle,re_latin,Latin World,5.0,theologian,non_europe
198,Q2123334,Quintus Aelius Tubero,re_latin,Latin World,-75.0,historian,non_europe
199,Q761346,Servius Fabius Pictor,re_latin,Latin World,-189.0,historian,non_europe
200,Q272087,Tatian,re_latin,Latin World,120.0,theologian | philosopher,non_europe
201,Q1662957,Julian of Eclanum,re_latin,Latin World,386.0,philosopher,non_europe
202,Q859652,Cerdo,re_latin,Latin World,200.0,theologian,non_europe
203,Q11906126,Publius Anteius Antiochus,re_latin,Latin World,150.0,philosopher,non_europe
204,Q47180,Petronius,re_latin,Latin World,27.0,philosopher,non_europe
205,Q794615,Aetius,re_latin,Latin World,200.0,astronomer | philosopher,non_europe
206,Q520487,Gaius Julius Solinus,re_latin,Latin World,400.0,geographer | historian,non_europe
207,Q1230624,Aelius Spartianus,re_latin,Latin World,301.0,historian,non_europe
208,Q43689,Ambrose,re_latin,Latin World,339.0,theologian | philosopher,non_europe
209,Q905137,Didymus the Musician,re_latin,Latin World,-100.0,musicologist,non_europe
210,Q203445,Porphyry,re_latin,Latin World,233.0,musicologist | philosopher | historian,non_europe
211,Q8747,Euclid,re_greek_world,Greek World,-322.0,mathematician,non_europe
212,Q1150145,Polemon of Athens,re_greek_world,Greek World,200.0,geographer | philosopher | historian,non_europe
213,Q660170,Isidore of Alexandria,re_greek_world,Greek World,450.0,philosopher,non_europe
214,Q248287,Peregrinus Proteus,re_greek_world,Greek World,95.0,philosopher,non_europe
215,Q2369009,Apollodorus the Epicurean,re_greek_world,Greek World,-150.0,philosopher,non_europe
216,Q185206,Priscian of Lydia,re_greek_world,Greek World,500.0,philosopher,non_europe
217,Q1377100,Calippus of Syracuse,re_greek_world,Greek World,-350.0,philosopher,non_europe
218,Q297420,Panaetius,re_greek_world,Greek World,-184.0,philosopher,non_europe
219,Q1465879,Xeniades,re_greek_world,Greek World,-500.0,philosopher,non_europe
220,Q359231,Bion of Borysthenes,re_greek_world,Greek World,-324.0,philosopher,non_europe
221,Q228564,Aspasia,re_greek_world,Greek World,-469.0,philosopher,non_europe
222,Q580565,Palaephatus,re_greek_world,Greek World,-400.0,historian,non_europe
223,Q297402,Prodicus,re_greek_world,Greek World,-459.0,philosopher,non_europe
224,Q179149,Antisthenes,re_greek_world,Greek World,-443.0,philosopher,non_europe
225,Q555818,Philippus of Opus,re_greek_world,Greek World,-400.0,astronomer | philosopher | mathematician,non_europe
226,Q2482150,Cleidemus,re_greek_world,Greek World,-350.0,historian,non_europe
227,Q183144,Epictetus,re_greek_world,Greek World,50.0,philosopher,non_europe
228,Q913,Socrates,re_greek_world,Greek World,-468.0,philosopher,non_europe
229,Q5382897,Epigenes,re_greek_world,Greek World,-450.0,philosopher,non_europe
230,Q928470,Simmias of Thebes,re_greek_world,Greek World,-500.0,philosopher | mathematician,non_europe
231,Q108577191,Archilochus,re_greek_world,Greek World,-271.0,historian,non_europe
232,Q983755,Praxagoras of Athens,re_greek_world,Greek World,400.0,historian,non_europe
233,Q288467,Lastheneia of Mantinea,re_greek_world,Greek World,-350.0,philosopher,non_europe
234,Q349916,Aristidis of Athens,re_greek_world,Greek World,150.0,philosopher,non_europe
235,Q962486,Echecrates of Phlius,re_greek_world,Greek World,-499.0,philosopher,non_europe
236,Q169243,Protagoras,re_greek_world,Greek World,-489.0,philosopher,non_europe
237,Q366031,Anaxarchus,re_greek_world,Greek World,-379.0,philosopher,non_europe
238,Q1236440,Bion of Abdera,re_greek_world,Greek World,-429.0,astronomer | mathematician,non_europe
239,Q1230889,Mnaseas,re_greek_world,Greek World,-300.0,historian,non_europe
240,Q221623,Heliodorus of Athens,re_greek_world,Greek World,-150.0,historian,non_europe
241,Q662932,Persaeus,re_greek_world,Greek World,-305.0,philosopher,non_europe
242,Q1047995,Antipater of Tyre,re_greek_world,Greek World,-50.0,philosopher,non_europe
243,Q162163,Ion of Chios,re_greek_world,Greek World,-489.0,philosopher | historian | mathematician,non_europe
244,Q177847,Lucian of Samosata,re_greek_world,Greek World,120.0,philosopher,non_europe
245,Q271809,Proclus,re_greek_world,Greek World,412.0,philosopher | mathematician,non_europe
246,Q363468,Dexippus,re_greek_world,Greek World,210.0,historian,non_europe
247,Q548104,Julius Pollux,re_greek_world,Greek World,200.0,philosopher,non_europe
248,Q514262,Androtion,re_greek_world,Greek World,-500.0,historian,non_europe
249,Q1185510,Demetrius of Callatis,re_greek_world,Greek World,-299.0,historian,non_europe
250,Q554535,Phaedrus,re_greek_world,Greek World,-443.0,philosopher,non_europe
251,Q965086,Sotades,re_greek_world,Greek World,-400.0,philosopher,non_europe
252,Q172248,Marcus Junius Brutus,re_greek_world,Greek World,-84.0,philosopher,non_europe
253,Q667385,Aristos of Ascalon,re_greek_world,Greek World,-50.0,philosopher,non_europe
254,Q462582,Pythias,re_greek_world,Greek World,-361.0,zoologist,non_europe
255,Q859,Plato,re_greek_world,Greek World,-426.0,philosopher,non_europe
256,Q41523,Plutarch,re_greek_world,Greek World,40.0,philosopher | historian,non_europe
257,Q609147,Phylarchus,re_greek_world,Greek World,-254.0,historian,non_europe
258,Q444595,Perictione,re_greek_world,Greek World,-500.0,philosopher,non_europe
259,Q235494,Hipparchia of Maroneia,re_greek_world,Greek World,-349.0,philosopher,non_europe
260,Q284994,Carneades,re_greek_world,Greek World,-212.0,philosopher,non_europe
261,Q4355017,Diyllus,re_greek_world,Greek World,-300.0,historian,non_europe
262,Q221497,Xenophilus,re_greek_world,Greek World,-400.0,musicologist | philosopher,non_europe
263,Q41683,Thucydides,re_greek_world,Greek World,-460.0,historian,non_europe
264,Q5264,Hippocrates,re_greek_world,Greek World,-459.0,philosopher,non_europe
265,Q317331,Aratus of Sicyon,re_greek_world,Greek World,-270.0,historian,non_europe
266,Q309772,Athenagoras of Athens,re_greek_world,Greek World,133.0,theologian | philosopher,non_europe
267,Q3012616,Damastes of Sigeum,re_greek_world,Greek World,-500.0,geographer | historian,non_europe
268,Q312682,Euclid of Megara,re_greek_world,Greek World,-436.0,philosopher,non_europe
269,Q2661420,Dardanus of Athens,re_greek_world,Greek World,-159.0,philosopher,non_europe
270,Q3060400,Euphantus,re_greek_world,Greek World,-320.0,philosopher | historian,non_europe
271,Q1186462,Demon of Athens,re_greek_world,Greek World,-400.0,historian,non_europe
272,Q920912,Theaetetus,re_greek_world,Greek World,-416.0,philosopher | mathematician,non_europe
273,Q316353,Strato of Lampsacus,re_greek_world,Greek World,-334.0,philosopher | physicist,non_europe
274,Q319406,Epimenides of Crete,re_greek_world,Greek World,-700.0,philosopher,non_europe
275,Q712755,Crates of Athens,re_greek_world,Greek World,-400.0,philosopher,non_europe
276,Q325955,Speusippus,re_greek_world,Greek World,-406.0,philosopher | mathematician,non_europe
277,Q205704,Apollodorus of Athens,re_greek_world,Greek World,-179.0,historian,non_europe
278,Q12960188,Theodotus,re_greek_world,Greek World,150.0,theologian,non_europe
279,Q553856,Polemon,re_greek_world,Greek World,-400.0,philosopher,non_europe
280,Q160362,Theophrastus,re_greek_world,Greek World,-370.0,botanist | philosopher | physicist,non_europe
281,Q868,Aristotle,re_greek_world,Greek World,-383.0,philosopher,non_europe
282,Q542808,Hermarchus,re_greek_world,Greek World,-324.0,philosopher,non_europe
283,Q1287486,Metrocles,re_greek_world,Greek World,-400.0,philosopher,non_europe
284,Q633023,Archiadas,re_greek_world,Greek World,500.0,philosopher,non_europe
285,Q73527,Arcesilaus,re_greek_world,Greek World,-314.0,philosopher,non_europe
286,Q42887,Clement I,re_greek_world,Greek World,100.0,theologian,non_europe
287,Q343607,Archelaus,re_greek_world,Greek World,-500.0,philosopher,non_europe
288,Q4791018,Aristodemus of Cydathenaeum,re_greek_world,Greek World,-450.0,philosopher,non_europe
289,Q2346245,Stesimbrotos of Thasos,re_greek_world,Greek World,-469.0,historian,non_europe
290,Q1057347,Hegesander,re_greek_world,Greek World,-150.0,historian,non_europe
291,Q433852,Ephippus of Olynthus,re_greek_world,Greek World,-400.0,historian,non_europe
292,Q316334,Heraclides Ponticus,re_greek_world,Greek World,-384.0,astronomer | philosopher,non_europe
293,Q2927235,Bryson of Achaea,re_greek_world,Greek World,-450.0,philosopher,non_europe
294,Q434021,Timycha,re_greek_world,Greek World,-400.0,philosopher,non_europe
295,Q1747004,Timon of Athens,re_greek_world,Greek World,-500.0,philosopher,non_europe
296,Q294092,Critias,re_greek_world,Greek World,-459.0,philosopher,non_europe
297,Q1586059,Harpocration of Argos,re_greek_world,Greek World,200.0,philosopher,non_europe
298,Q317947,Crates of Thebes,re_greek_world,Greek World,-364.0,philosopher,non_europe
299,Q2367894,Teles of Megara,re_greek_world,Greek World,-250.0,philosopher,non_europe
300,Q744125,Chaerephon,re_greek_world,Greek World,-401.0,philosopher,non_europe
301,Q4721014,Alexandrides of Delphi,re_greek_world,Greek World,-300.0,historian,non_europe
302,Q409647,Aeschines of Sphettus,re_greek_world,Greek World,-429.0,philosopher,non_europe
303,Q2217419,Nicomachus,re_greek_world,Greek World,-301.0,philosopher,non_europe
304,Q218451,Zoilus,re_greek_world,Greek World,-399.0,philosopher | historian,non_europe
305,Q320132,Nearchus,re_greek_world,Greek World,-355.0,historian,non_europe
306,Q129772,Xenophon,re_greek_world,Greek World,-429.0,philosopher | historian,non_europe
307,Q965144,Cebes,re_greek_world,Greek World,-500.0,philosopher | mathematician,non_europe
308,Q504744,Hellanicus of Mytilene,re_greek_world,Greek World,-489.0,historian,non_europe
309,Q544987,Aristobulus of Cassandreia,re_greek_world,Greek World,-374.0,historian,non_europe
310,Q223383,Mnesarchus of Athens,re_greek_world,Greek World,-159.0,philosopher,non_europe
311,Q452077,Menippus,re_greek_world,Greek World,-299.0,philosopher,non_europe
312,Q328793,Periander,re_greek_world,Greek World,-700.0,philosopher,non_europe
313,Q34601,Chilon of Sparta,re_greek_world,Greek World,-599.0,philosopher,non_europe
314,Q1128200,Lasus of Hermione,re_greek_world,Greek World,-548.0,musicologist,non_europe
315,Q210573,Hippias,re_greek_world,Greek World,-442.0,astronomer | philosopher | mathematician,non_europe
316,Q15091905,Deceneo,re_greek_world,Greek World,-100.0,astronomer | philosopher,non_europe
317,Q381048,Stilpo,re_greek_world,Greek World,-358.0,philosopher,non_europe
318,Q31845,Arrian,re_greek_world,Greek World,95.0,philosopher | historian,non_europe
319,Q473381,Ammonius of Athens,re_greek_world,Greek World,50.0,philosopher,non_europe
320,Q133337,Solon,re_greek_world,Greek World,-637.0,philosopher,non_europe
321,Q311879,Herodes Atticus,re_greek_world,Greek World,102.0,philosopher,non_europe
322,Q171303,Zeno of Citium,re_greek_world,Greek World,-333.0,philosopher,non_europe
323,Q380190,Phaedo of Elis,re_greek_world,Greek World,-401.0,philosopher,non_europe
324,Q191964,Diogenes of Apollonia,re_greek_world,Greek World,-459.0,philosopher,non_europe
325,Q964738,Peter the Patrician,re_greek_world,Greek World,500.0,historian,non_europe
326,Q266299,Philochorus,re_greek_world,Greek World,-339.0,historian,non_europe
327,Q435274,Hieronymus of Cardia,re_greek_world,Greek World,-353.0,historian,non_europe
328,Q41980,Democritus,re_greek_world,Greek World,-460.0,philosopher | mathematician,non_europe
329,Q949530,Demonax,re_greek_world,Greek World,200.0,philosopher,non_europe
330,Q537304,Ploutarchos of Athens,re_greek_world,Greek World,350.0,philosopher,non_europe
331,Q1336424,Hermogenes,re_greek_world,Greek World,-500.0,philosopher,non_europe
332,Q192313,Pyrrho,re_greek_world,Greek World,-360.0,philosopher,non_europe
333,Q82793,Callisthenes,re_greek_world,Greek World,-359.0,historian,non_europe
334,Q469199,Victorinus of Pettau,re_latin,Latin World,250.0,theologian | philosopher,non_europe
335,Q1367611,Socrates the Younger,re_greek_world,Greek World,-420.0,philosopher,non_europe
336,Q353580,Adeimantus of Collytus,re_greek_world,Greek World,-431.0,philosopher,non_europe
337,Q11916247,Ctesibius of Chalcis,re_greek_world,Greek World,-400.0,philosopher,non_europe
338,Q43216,Epicurus,re_greek_world,Greek World,-341.0,philosopher,non_europe
339,Q978418,Marsyas of Pella,re_greek_world,Greek World,-400.0,historian,non_europe
340,Q353264,Diagoras of Melos,re_greek_world,Greek World,-450.0,philosopher,non_europe
341,Q2274948,Philostratus,re_greek_world,Greek World,170.0,philosopher,non_europe
342,Q1227107,Diotima of Mantinea,re_greek_world,Greek World,-450.0,philosopher,non_europe
343,Q43423,Aesop,re_greek_world,Greek World,-619.0,philosopher,non_europe
344,Q211411,Chrysippus of Soli,re_greek_world,Greek World,-280.0,philosopher | mathematician,non_europe
345,Q586050,Asclepigenia,re_greek_world,Greek World,400.0,philosopher,non_europe
346,Q646951,Ariston of Chios,re_greek_world,Greek World,-299.0,philosopher,non_europe
347,Q668009,Aristotelis the Dialectician,re_greek_world,Greek World,-300.0,philosopher,non_europe
348,Q214121,Xenocrates,re_greek_world,Greek World,-395.0,philosopher | mathematician,non_europe
349,Q1279413,Cercidas,re_greek_world,Greek World,-300.0,philosopher,non_europe
350,Q1364945,Glaucon,re_greek_world,Greek World,-444.0,philosopher,non_europe
351,Q189759,Zeno of Sidon,re_greek_world,Greek World,-149.0,philosopher | mathematician,non_europe
352,Q280872,Timon of Phlius,re_greek_world,Greek World,-319.0,philosopher,non_europe
353,Q905827,Diodorus of Tyre,re_greek_world,Greek World,-150.0,philosopher,non_europe
354,Q1372239,Eudemus of Cyprus,re_greek_world,Greek World,-400.0,philosopher,non_europe
355,Q2861408,Aristion,re_greek_world,Greek World,-150.0,philosopher,non_europe
356,Q3630471,Autocrates,re_greek_world,Greek World,-250.0,historian,non_europe
357,Q1073837,Critolaus,re_greek_world,Greek World,-199.0,philosopher,non_europe
358,Q15078686,Antiphon,re_greek_world,Greek World,-500.0,philosopher | mathematician,non_europe
359,Q466951,Clitomachus,re_greek_world,Greek World,-186.0,philosopher,non_europe
360,Q261909,Meton of Athens,re_greek_world,Greek World,-500.0,astronomer | mathematician,non_europe
361,Q310149,Cleanthes,re_greek_world,Greek World,-329.0,philosopher,non_europe
362,Q125247,Cratylus,re_greek_world,Greek World,-500.0,philosopher,non_europe
363,Q2346819,Damon of Athens,re_greek_world,Greek World,-450.0,musicologist | philosopher,non_europe
364,Q934471,Criton,re_greek_world,Greek World,-468.0,philosopher,non_europe
365,Q1763617,Nicarete of Megara,re_greek_world,Greek World,-400.0,philosopher,non_europe
366,Q4780369,Apollodorus of Phaleron,re_greek_world,Greek World,-420.0,philosopher,non_europe
367,Q131169,Polybius,re_greek_world,Greek World,-199.0,historian,non_europe
368,Q780234,Priscus of Epirus,re_greek_world,Greek World,305.0,philosopher,non_europe
369,Q2759424,Anticlides,re_greek_world,Greek World,-300.0,historian,non_europe
370,Q59180,Diogenes of Sinope,re_greek_world,Greek World,-399.0,philosopher,non_europe
371,Q2087377,Asclepiades of Phlius,re_greek_world,Greek World,-349.0,philosopher,non_europe
372,Q298071,Hippodamus of Miletus,re_greek_world,Greek World,-497.0,mathematician,non_europe
373,Q18819268,Mnesarchus of Croton,re_greek_world,Greek World,-450.0,philosopher,non_europe
374,Q298860,Hippasus,re_greek_world,Greek World,-600.0,musicologist | philosopher | mathematician,non_europe
375,Q716416,Hippon,re_greek_world,Greek World,-500.0,philosopher,non_europe
376,Q162593,Pelagius,re_greek_world,Greek World,360.0,theologian | philosopher,non_europe
377,Q11920485,Escílax d'Halicarnàs,re_greek_world,Greek World,-150.0,astronomer,non_europe
378,Q928092,Peter the Iberian,re_greek_world,Greek World,411.0,philosopher,non_europe
379,Q4684706,Adrastus of Cyzicus,re_greek_world,Greek World,-500.0,astronomer,non_europe
380,Q581732,Antipater of Tarsus,re_greek_world,Greek World,-300.0,philosopher,non_europe
381,Q291952,Sosipatra,re_greek_world,Greek World,400.0,philosopher,non_europe
382,Q314467,Aenesidemus,re_greek_world,Greek World,-79.0,philosopher,non_europe
383,Q200608,Ephrem the Syrian,re_greek_world,Greek World,306.0,theologian,non_europe
384,Q31278,Cleomedes,re_greek_world,Greek World,1.0,astronomer | mathematician,non_europe
385,Q486945,Sotion,re_greek_world,Greek World,-100.0,philosopher,non_europe
386,Q16658175,Zosimus of Ascalona,re_greek_world,Greek World,450.0,historian,non_europe
387,Q472620,Artemidorus of Ephesus,re_greek_world,Greek World,-150.0,geographer,non_europe
388,Q510719,Eutocius of Ascalon,re_greek_world,Greek World,480.0,philosopher | mathematician,non_europe
389,Q352621,Dicaearchus,re_greek_world,Greek World,-349.0,geographer | philosopher | historian | mathematician,non_europe
390,Q168261,Ptolemy I Soter,re_greek_world,Greek World,-365.0,historian,non_europe
391,Q2470320,Apollonius of Ephesus,re_greek_world,Greek World,201.0,theologian,non_europe
392,Q921532,Dorotheus of Sidon,re_greek_world,Greek World,50.0,astronomer,non_europe
393,Q437869,Evagrius Ponticus,re_greek_world,Greek World,345.0,theologian,non_europe
394,Q178217,Diofantos,re_greek_world,Greek World,201.0,mathematician,non_europe
395,Q24068760,Aristobulus of Paneas,re_greek_world,Greek World,-150.0,philosopher,non_europe
396,Q451566,Menaechmus,re_greek_world,Greek World,-379.0,astronomer | mathematician,non_europe
397,Q18626710,Julian,re_greek_world,Greek World,400.0,theologian,non_europe
398,Q211783,Pappus of Alexandria,re_greek_world,Greek World,290.0,astronomer | mathematician,non_europe
399,Q712572,Philistus,re_greek_world,Greek World,-424.0,historian,non_europe
400,Q2285961,Silenus Calatinus,re_greek_world,Greek World,-300.0,historian,non_europe
401,Q310028,Isidore of Miletus,re_greek_world,Greek World,442.0,physicist | mathematician,non_europe
402,Q242270,Hecataeus of Miletus,re_greek_world,Greek World,-600.0,geographer | historian,non_europe
403,Q3991387,Timagoras of Gela,re_greek_world,Greek World,-350.0,philosopher,non_europe
404,Q580661,Antiochus of Syracuse,re_greek_world,Greek World,-450.0,historian,non_europe
405,Q434773,Crantor,re_greek_world,Greek World,-343.0,philosopher,non_europe
406,Q80612,Anaximenes of Miletus,re_greek_world,Greek World,-584.0,astronomer | philosopher | mathematician,non_europe
407,Q433919,Phintys,re_greek_world,Greek World,-400.0,philosopher,non_europe
408,Q581833,Marinus of Neapolis,re_greek_world,Greek World,440.0,astronomer | philosopher,non_europe
409,Q313018,Aristophanes of Byzantium,re_greek_world,Greek World,-256.0,linguist,non_europe
410,Q1354573,Lycus of Rhegium,re_greek_world,Greek World,-350.0,historian,non_europe
411,Q355664,Theodore of Mopsuestia,re_greek_world,Greek World,350.0,theologian,non_europe
412,Q311731,Priscus,re_greek_world,Greek World,410.0,philosopher | historian,non_europe
413,Q310916,Iamblichus,re_greek_world,Greek World,245.0,philosopher,non_europe
414,Q59137,Diogenes of Oenoanda,re_greek_world,Greek World,200.0,philosopher,non_europe
415,Q714841,Eustathius of Epiphania,re_greek_world,Greek World,401.0,historian,non_europe
416,Q721022,Malchus,re_greek_world,Greek World,450.0,historian,non_europe
417,Q44011,Gregory of Nazianzus,re_greek_world,Greek World,330.0,theologian | philosopher,non_europe
418,Q372798,Polus,re_greek_world,Greek World,-500.0,philosopher,non_europe
419,Q297040,Apollonius of Tyana,re_greek_world,Greek World,15.0,philosopher | mathematician,non_europe
420,Q391202,Agathangelos,re_greek_world,Greek World,500.0,historian,non_europe
421,Q317029,Theodoret,re_greek_world,Greek World,393.0,historian,non_europe
422,Q4024777,Zopyrus of Tarentum,re_greek_world,Greek World,-350.0,philosopher,non_europe
423,Q43182,Eratosthenes,re_greek_world,Greek World,-275.0,musicologist | astronomer | mathematician | geographer | historian,non_europe
424,Q645774,Bolus of Mendes,re_greek_world,Greek World,-300.0,botanist | philosopher,non_europe
425,Q2637222,Aesara,re_greek_world,Greek World,-400.0,philosopher,non_europe
426,Q3731014,Heracleides of Magnesia,re_greek_world,Greek World,-50.0,historian,non_europe
427,Q3620711,Apollonides of Smyrna,re_greek_world,Greek World,-150.0,philosopher,non_europe
428,Q356433,Priscian,re_greek_world,Greek World,500.0,philosopher,non_europe
429,Q1389145,John the Lydian,re_greek_world,Greek World,490.0,historian,non_europe
430,Q2705204,Evander,re_greek_world,Greek World,-201.0,philosopher,non_europe
431,Q235426,Theano,re_greek_world,Greek World,-600.0,astronomer | philosopher | mathematician,non_europe
432,Q354342,Bardaisan,re_greek_world,Greek World,154.0,philosopher,non_europe
433,Q1270333,Praxeas,re_greek_world,Greek World,200.0,theologian,non_europe
434,Q463564,Xenophon of Ephesus,re_greek_world,Greek World,101.0,philosopher,non_europe
435,Q192371,Polycarp,re_greek_world,Greek World,69.0,theologian,non_europe
436,Q1295215,Satyrus the Peripatetic,re_greek_world,Greek World,-300.0,philosopher | historian,non_europe
437,Q1616998,Neanthes of Cyzicus,re_greek_world,Greek World,-250.0,historian,non_europe
438,Q1148501,Diophanes of Nicaea,re_greek_world,Greek World,-100.0,botanist,non_europe
439,Q180671,Aratus,re_greek_world,Greek World,-314.0,astronomer,non_europe
440,Q1189157,Nausiphanes,re_greek_world,Greek World,-400.0,philosopher,non_europe
441,Q1496242,Callinicus,re_greek_world,Greek World,300.0,historian,non_europe
442,Q180109,Apollonius of Perga,re_greek_world,Greek World,-261.0,astronomer | mathematician,non_europe
443,Q335156,Aristoxenus,re_greek_world,Greek World,-359.0,musicologist | philosopher | mathematician,non_europe
444,Q1047689,Menodotus of Nicomedia,re_greek_world,Greek World,100.0,philosopher,non_europe
445,Q3381179,Philon of Gadara,re_greek_world,Greek World,100.0,mathematician,non_europe
446,Q287423,Epigenes of Byzantium,re_greek_world,Greek World,-150.0,astronomer | mathematician,non_europe
447,Q317146,Alexandros of Aphrodisias,re_greek_world,Greek World,200.0,philosopher,non_europe
448,Q275606,Aurelius Victor,re_greek_world,Greek World,320.0,historian,non_europe
449,Q451390,Autolycus of Pitane,re_greek_world,Greek World,-359.0,astronomer | mathematician,non_europe
450,Q83375,Empedocles,re_greek_world,Greek World,-489.0,philosopher,non_europe
451,Q441448,Carpocrates,re_greek_world,Greek World,100.0,philosopher,non_europe
452,Q312491,John Malalas,re_greek_world,Greek World,491.0,historian,non_europe
453,Q248793,Maximus of Ephesus,re_greek_world,Greek World,310.0,philosopher,non_europe
454,Q404023,Aedesius,re_greek_world,Greek World,280.0,philosopher,non_europe
455,Q316867,Sosigenes of Alexandria,re_greek_world,Greek World,-100.0,astronomer | philosopher | mathematician,non_europe
456,Q506553,Olympiodorus of Thebes,re_greek_world,Greek World,380.0,philosopher | historian,non_europe
457,Q550477,Timocharis,re_greek_world,Greek World,-319.0,astronomer,non_europe
458,Q346567,Callixenus of Rhodes,re_greek_world,Greek World,-199.0,historian,non_europe
459,Q385213,Prohaeresius,re_greek_world,Greek World,276.0,philosopher,non_europe
460,Q2047944,Palladius of Galatia,re_greek_world,Greek World,363.0,historian,non_europe
461,Q334457,Dio Chrysostom,re_greek_world,Greek World,40.0,philosopher,non_europe
462,Q51885,Thecla,re_greek_world,Greek World,100.0,theologian,non_europe
463,Q3044500,Demetrius of Scepsis,re_greek_world,Greek World,-204.0,philosopher | historian,non_europe
464,Q363818,Nicander,re_greek_world,Greek World,-249.0,historian,non_europe
465,Q2524557,Anatolius of Laodicea,re_greek_world,Greek World,250.0,philosopher | mathematician,non_europe
466,Q1373037,Syrianus,re_greek_world,Greek World,500.0,philosopher,non_europe
467,Q3347025,Neleus of Scepsis,re_greek_world,Greek World,-350.0,philosopher,non_europe
468,Q459774,Ambrose of Alexandria,re_greek_world,Greek World,200.0,theologian,non_europe
469,Q1747749,Tiberius Claudius Aristocles,re_greek_world,Greek World,100.0,philosopher,non_europe
470,Q201867,Cleitarchus,re_greek_world,Greek World,-400.0,historian,non_europe
471,Q125551,Parmenides,re_greek_world,Greek World,-514.0,philosopher,non_europe
472,Q3624868,Asclepiades,re_greek_world,Greek World,-150.0,historian,non_europe
473,Q444459,Alcidamas,re_greek_world,Greek World,-450.0,philosopher,non_europe
474,Q4441106,Aphthonius of Antioch,re_greek_world,Greek World,300.0,philosopher,non_europe
475,Q44024,Athanasios of Alexandria,re_greek_world,Greek World,296.0,theologian,non_europe
476,Q3413787,Archelaus,re_greek_world,Greek World,300.0,theologian,non_europe
477,Q705950,Theon of Smyrna,re_greek_world,Greek World,70.0,philosopher | musicologist | astronomer | mathematician,non_europe
478,Q380089,Fulgentius of Ruspe,re_greek_world,Greek World,468.0,theologian,non_europe
479,Q2861395,Aristodemus of Nysa,re_greek_world,Greek World,-200.0,philosopher | historian,non_europe
480,Q447451,Sabellius,re_greek_world,Greek World,200.0,theologian,non_europe
481,Q973954,Philoxenus of Mabbug,re_greek_world,Greek World,440.0,theologian,non_europe
482,Q433332,Mara Bar-Serapion,re_greek_world,Greek World,50.0,philosopher,non_europe
483,Q1613489,Hermias,re_greek_world,Greek World,401.0,philosopher,non_europe
484,Q186153,Procopius,re_greek_world,Greek World,500.0,historian,non_europe
485,Q188232,Didymus the Blind,re_greek_world,Greek World,313.0,theologian,non_europe
486,Q1266186,Theodosius of Bithynia,re_greek_world,Greek World,-159.0,astronomer | mathematician,non_europe
487,Q2696027,Alexander of Damascus,re_greek_world,Greek World,200.0,philosopher,non_europe
488,Q3714438,Dositheus,re_greek_world,Greek World,-250.0,astronomer | mathematician,non_europe
489,Q18639389,Abrotelia,re_greek_world,Greek World,-500.0,philosopher,non_europe
490,Q1531412,Harkhebi,re_greek_world,Greek World,-301.0,astronomer,non_europe
491,Q185223,Cassius Dio,re_greek_world,Greek World,150.0,historian,non_europe
492,Q2695834,Agathobulus,re_greek_world,Greek World,100.0,philosopher,non_europe
493,Q16529474,Astone,re_greek_world,Greek World,-550.0,philosopher,non_europe
494,Q503075,Crates of Mallus,re_greek_world,Greek World,-200.0,philosopher,non_europe
495,Q8739,Archimedes,re_greek_world,Greek World,-286.0,astronomer | philosopher | physicist | mathematician,non_europe
496,Q63456919,Pandrosion,re_greek_world,Greek World,400.0,mathematician,non_europe
497,Q317014,Sextus Julius Africanus,re_greek_world,Greek World,160.0,philosopher | historian,non_europe
498,Q170472,Origen,re_greek_world,Greek World,185.0,theologian | philosopher,non_europe
499,Q1051470,Vettius Valens,re_greek_world,Greek World,120.0,astronomer,non_europe
500,Q515542,Agathemerus,re_greek_world,Greek World,250.0,geographer,non_europe
501,Q504771,Philo of Byblos,re_greek_world,Greek World,50.0,historian,non_europe
502,Q1226993,Dionysius Periegetes,re_greek_world,Greek World,100.0,historian,non_europe
503,Q312500,Herophilos,re_greek_world,Greek World,-334.0,anatomist,non_europe
504,Q297390,Craterus,re_greek_world,Greek World,-369.0,historian,non_europe
505,Q707344,Numenius of Apamea,re_greek_world,Greek World,200.0,philosopher,non_europe
506,Q42458,Anaximander,re_greek_world,Greek World,-609.0,philosopher | physicist | astronomer | mathematician | geographer,non_europe
507,Q229246,Julia Domna,re_greek_world,Greek World,165.0,philosopher,non_europe
508,Q298654,Cyril of Jerusalem,re_greek_world,Greek World,313.0,theologian,non_europe
509,Q363375,Publilius Syrus,re_greek_world,Greek World,-100.0,philosopher,non_europe
510,Q391216,Agatharchides,re_greek_world,Greek World,-207.0,geographer | philosopher | historian | anatomist,non_europe
511,Q2531620,Pamprepius,re_greek_world,Greek World,440.0,philosopher,non_europe
512,Q4191445,Zenob Glak,re_greek_world,Greek World,300.0,historian,non_europe
513,Q165589,Leucippus,re_greek_world,Greek World,-500.0,philosopher | physicist,non_europe
514,Q451719,Damo,re_greek_world,Greek World,-600.0,philosopher | mathematician,non_europe
515,Q365977,Bias of Priene,re_greek_world,Greek World,-599.0,philosopher,non_europe
516,Q1378597,Eurytus,re_greek_world,Greek World,-500.0,philosopher | mathematician,non_europe
517,Q189767,Zeno of Tarsus,re_greek_world,Greek World,-250.0,philosopher,non_europe
518,Q139567,Zacharias Rhetor,re_greek_world,Greek World,465.0,philosopher | historian,non_europe
519,Q83041,Anaxagoras,re_greek_world,Greek World,-499.0,astronomer | philosopher | physicist | mathematician,non_europe
520,Q1400157,Cleinias of Tarentum,re_greek_world,Greek World,-500.0,philosopher,non_europe
521,Q313791,Ephorus,re_greek_world,Greek World,-399.0,historian,non_europe
522,Q260951,Dinon,re_greek_world,Greek World,-399.0,historian,non_europe
523,Q534163,Xanthos,re_greek_world,Greek World,-500.0,historian,non_europe
524,Q142999,Eusebius of Caesarea,re_greek_world,Greek World,275.0,theologian | historian,non_europe
525,Q317942,Euhemerus,re_greek_world,Greek World,-400.0,philosopher | historian | anthropologist,non_europe
526,Q31271346,Dion von Neapel,re_greek_world,Greek World,-500.0,mathematician,non_europe
527,Q354377,Conon of Samos,re_greek_world,Greek World,-279.0,astronomer | mathematician,non_europe
528,Q44015,John the Apostle,re_greek_world,Greek World,6.0,theologian,non_europe
529,Q378236,Aristides Quintilianus,re_greek_world,Greek World,150.0,musicologist,non_europe
530,Q1226828,Diogenes of Tarsus,re_greek_world,Greek World,-200.0,philosopher,non_europe
531,Q298226,Anthemius of Tralles,re_greek_world,Greek World,474.0,physicist | mathematician,non_europe
532,Q1226996,Dionysius of Miletus,re_greek_world,Greek World,-600.0,historian,non_europe
533,Q313934,Macrobius,re_greek_world,Greek World,370.0,musicologist | philosopher,non_europe
534,Q1419147,Firmilian,re_greek_world,Greek World,200.0,philosopher,non_europe
535,Q725225,Thrasyllus of Mendes,re_greek_world,Greek World,-100.0,musicologist | philosopher,non_europe
536,Q132157,Zeno of Elea,re_greek_world,Greek World,-489.0,philosopher | mathematician,non_europe
537,Q521203,Duris of Samos,re_greek_world,Greek World,-339.0,historian,non_europe
538,Q343018,Eunapius,re_greek_world,Greek World,349.0,philosopher | historian,non_europe
539,Q168707,Pliny the Younger,re_greek_world,Greek World,61.0,historian,non_europe
540,Q928551,Origen the Pagan,re_greek_world,Greek World,200.0,philosopher,non_europe
541,Q2749849,Athenodorus of Soli,re_greek_world,Greek World,-300.0,philosopher,non_europe
542,Q931271,Tisias,re_greek_world,Greek World,-499.0,philosopher,non_europe
543,Q189597,Philo of Alexandria,re_greek_world,Greek World,-14.0,philosopher | historian,non_europe
544,Q731906,Asclepiodotus of Alexandria,re_greek_world,Greek World,500.0,philosopher,non_europe
545,Q315360,Damascius,re_greek_world,Greek World,450.0,philosopher,non_europe
546,Q510737,Lucian of Antioch,re_greek_world,Greek World,240.0,theologian,non_europe
547,Q2902906,Rabbi Nehemiah,re_greek_world,Greek World,101.0,mathematician,non_europe
548,Q43706,John Chrysostom,re_greek_world,Greek World,349.0,theologian,non_europe
549,Q354384,Theon of Alexandria,re_greek_world,Greek World,335.0,astronomer | mathematician,non_europe
550,Q11903,Hypatia,re_greek_world,Greek World,360.0,astronomer | philosopher | mathematician,non_europe
551,Q443510,Hesychius of Alexandria,re_greek_world,Greek World,450.0,linguist,non_europe
552,Q3826494,Lamiscus,re_greek_world,Greek World,-400.0,philosopher | mathematician,non_europe
553,Q717647,Gnaeus Claudius Severus Arabianus,re_greek_world,Greek World,113.0,philosopher,non_europe
554,Q140188,Aristarchus of Samos,re_greek_world,Greek World,-309.0,astronomer,non_europe
555,Q456560,Myia,re_greek_world,Greek World,-600.0,philosopher | mathematician,non_europe
556,Q33941,Julian,re_greek_world,Greek World,331.0,philosopher,non_europe
557,Q317632,John Philoponus,re_greek_world,Greek World,490.0,philosopher | physicist | astronomer | mathematician | theologian,non_europe
558,Q1722472,Callias of Syracuse,re_greek_world,Greek World,-400.0,historian,non_europe
559,Q3432037,Aristaeus of Croton,re_greek_world,Greek World,-450.0,philosopher | mathematician,non_europe
560,Q897689,Chaeremon of Alexandria,re_greek_world,Greek World,10.0,philosopher | historian,non_europe
561,Q84027027,Didymus of Alexandria,re_greek_world,Greek World,-50.0,mathematician,non_europe
562,Q942439,Monimus,re_greek_world,Greek World,-400.0,philosopher,non_europe
563,Q310821,Akiva ben Joseph,re_greek_world,Greek World,15.0,theologian,non_europe
564,Q280432,Athenodoros Cananites,re_greek_world,Greek World,-100.0,philosopher | historian,non_europe
565,Q313286,Demetrius of Phalerum,re_greek_world,Greek World,-349.0,philosopher,non_europe
566,Q123147,Ammonius Hermiae,re_greek_world,Greek World,435.0,astronomer | philosopher,non_europe
567,Q2570422,Sotion,re_greek_world,Greek World,-250.0,philosopher | historian,non_europe
568,Q2657803,Asterius the Sophist,re_greek_world,Greek World,300.0,theologian,non_europe
569,Q1749928,Phaleas of Chalcedon,re_greek_world,Greek World,-400.0,philosopher,non_europe
570,Q280934,Alexander Lychnus,re_greek_world,Greek World,-50.0,historian,non_europe
571,Q11925495,Hermodorus,re_greek_world,Greek World,-399.0,philosopher,non_europe
572,Q15975321,Flavius Boethus,re_greek_world,Greek World,150.0,philosopher,non_europe
573,Q191734,Gregory of Nyssa,re_greek_world,Greek World,400.0,theologian,non_europe
574,Q1297839,Serenus of Antinouplis,re_greek_world,Greek World,300.0,mathematician,non_europe
575,Q1383547,Ulpianus,re_greek_world,Greek World,300.0,philosopher,non_europe
576,Q138531,Phlegon of Tralles,re_greek_world,Greek World,200.0,historian,non_europe
577,Q929311,Hegesias of Magnesia,re_greek_world,Greek World,-200.0,historian,non_europe
578,Q948620,Hermias of Atarneus,re_greek_world,Greek World,-350.0,philosopher,non_europe
579,Q365183,Themistius,re_greek_world,Greek World,317.0,philosopher,non_europe
580,Q754890,Athanis,re_greek_world,Greek World,-400.0,historian,non_europe
581,Q176287,Timaeus of Locri,re_greek_world,Greek World,-500.0,astronomer | philosopher | mathematician,non_europe
582,Q188883,Clement of Alexandria,re_greek_world,Greek World,150.0,theologian | philosopher,non_europe
583,Q3556912,Theognostus of Alexandria,re_greek_world,Greek World,210.0,theologian,non_europe
584,Q5063276,Cephalion,re_greek_world,Greek World,100.0,historian,non_europe
585,Q1241343,Justus of Tiberias,re_greek_world,Greek World,35.0,historian,non_europe
586,Q7155483,Pausanias of Damascus,re_greek_world,Greek World,-150.0,geographer,non_europe
587,Q1185502,Demetrius Lacon,re_greek_world,Greek World,-150.0,philosopher,non_europe
588,Q360366,Nicomachus,re_greek_world,Greek World,60.0,musicologist | philosopher | mathematician,non_europe
589,Q3636221,Baton of Sinope,re_greek_world,Greek World,-199.0,historian,non_europe
590,Q41766,Ctesibius,re_greek_world,Greek World,-283.0,mathematician,non_europe
591,Q729105,Severus of Antioch,re_greek_world,Greek World,465.0,theologian,non_europe
592,Q641051,Arius Didymus,re_greek_world,Greek World,-83.0,philosopher,non_europe
593,Q388333,Cadmus of Miletus,re_greek_world,Greek World,-500.0,historian,non_europe
594,Q44258,Basil of Caesarea,re_greek_world,Greek World,329.0,theologian | philosopher,non_europe
595,Q534986,Flavius Vopiscus,re_greek_world,Greek World,201.0,historian,non_europe
596,Q41155,Heraclitus,re_greek_world,Greek World,-534.0,philosopher,non_europe
597,Q36303,Thales,re_greek_world,Greek World,-624.0,astronomer | philosopher | physicist | mathematician,non_europe
598,Q974775,Olympiodorus the Younger,re_greek_world,Greek World,495.0,philosopher,non_europe
599,Q2763097,Abba Saul,re_greek_world,Greek World,101.0,theologian,non_europe
600,Q202001,Archytas,re_greek_world,Greek World,-427.0,philosopher | musicologist | astronomer | mathematician,non_europe
601,Q2312602,Montanus of Phrygia,re_greek_world,Greek World,150.0,theologian,non_europe
602,Q19715972,Nicostratus of Trebizond,re_greek_world,Greek World,300.0,historian,non_europe
603,Q44248,Jerome,re_greek_world,Greek World,345.0,theologian | historian,non_europe
604,Q857017,Gaius Blossius,re_greek_world,Greek World,-150.0,philosopher,non_europe
605,Q3371179,Polemarchus,re_greek_world,Greek World,-500.0,philosopher,non_europe
606,Q345277,Basilides,re_greek_world,Greek World,117.0,theologian,non_europe
607,Q3271431,Leon of Byzantium,re_greek_world,Greek World,-400.0,philosopher,non_europe
608,Q212338,Philolaus,re_greek_world,Greek World,-469.0,philosopher | musicologist | astronomer | mathematician,non_europe
609,Q2706119,Telecles,re_greek_world,Greek World,-201.0,philosopher,non_europe
610,Q11906871,Ascletarió,re_greek_world,Greek World,100.0,mathematician,non_europe
611,Q2832178,Alcimus,re_greek_world,Greek World,-350.0,historian,non_europe
612,Q2695686,Abba Hilkiah,re_greek_world,Greek World,1.0,theologian,non_europe
613,Q359945,Melito of Sardis,re_greek_world,Greek World,100.0,philosopher,non_europe
614,Q226868,Zosimos of Panopolis,re_greek_world,Greek World,250.0,philosopher,non_europe
615,Q738605,Boethus of Sidon,re_greek_world,Greek World,-199.0,philosopher,non_europe
616,Q461067,Pantaenus,re_greek_world,Greek World,200.0,theologian | philosopher,non_europe
617,Q7807000,Timosthenes,re_greek_world,Greek World,-301.0,geographer,non_europe
618,Q23061186,Nicolaus Sophista,re_greek_world,Greek World,400.0,philosopher,non_europe
619,Q161853,Hero of Alexandria,re_greek_world,Greek World,10.0,physicist | mathematician,non_europe
620,Q1175868,Menander of Ephesus,re_greek_world,Greek World,-299.0,historian,non_europe
621,Q159905,Hipparchus,re_greek_world,Greek World,-189.0,geographer | astronomer | mathematician,non_europe
622,Q2601910,Aristo of Pella,re_greek_world,Greek World,100.0,historian,non_europe
623,Q131671,Xenophanes,re_greek_world,Greek World,-569.0,philosopher,non_europe
624,Q1113270,Archedemus of Tarsus,re_greek_world,Greek World,-300.0,philosopher,non_europe
625,Q236594,Sextus Empiricus,re_greek_world,Greek World,200.0,philosopher,non_europe
626,Q471218,Callippus of Cyzicus,re_greek_world,Greek World,-369.0,astronomer | mathematician,non_europe
627,Q2639498,Boethus of Sidon,re_greek_world,Greek World,-74.0,philosopher,non_europe
628,Q320042,Antiochus of Ascalon,re_greek_world,Greek World,-123.0,philosopher,non_europe
629,Q461007,Eubulides,re_greek_world,Greek World,-500.0,philosopher,non_europe
630,Q436634,Cassius Longinus,re_greek_world,Greek World,213.0,philosopher,non_europe
631,Q1383804,Heracleides of Cyme,re_greek_world,Greek World,-399.0,historian,non_europe
632,Q248975,Herillus,re_greek_world,Greek World,-279.0,philosopher,non_europe
633,Q447428,Cerinthus,re_greek_world,Greek World,100.0,theologian | philosopher,non_europe
634,Q297776,Pedanius Dioscorides,re_greek_world,Greek World,40.0,botanist | pharmacologist,non_europe
635,Q657941,Albinus,re_greek_world,Greek World,100.0,philosopher,non_europe
636,Q973972,Sporus of Nicaea,re_greek_world,Greek World,240.0,astronomer | mathematician,non_europe
637,Q370123,Apollodorus of Artemita,re_greek_world,Greek World,-129.0,historian,non_europe
638,Q312548,Megasthenes,re_greek_world,Greek World,-350.0,historian | anthropologist,non_europe
639,Q950303,Cratippus of Pergamon,re_greek_world,Greek World,-100.0,philosopher,non_europe
640,Q450311,Alypius,re_greek_world,Greek World,350.0,musicologist,non_europe
641,Q2695791,Abtolemus,re_greek_world,Greek World,101.0,theologian,non_europe
642,Q3502838,Thallus,re_greek_world,Greek World,100.0,historian,non_europe
643,Q1290567,Maximus I of Constantinople,re_greek_world,Greek World,350.0,philosopher,non_europe
644,Q2696474,Apollinaris,re_greek_world,Greek World,400.0,philosopher,non_europe
645,Q365017,Agathocles of Cyzicus,re_greek_world,Greek World,-299.0,historian,non_europe
646,Q429744,Philinus of Agrigentum,re_greek_world,Greek World,-300.0,historian,non_europe
647,Q34943,Ptolemy,re_greek_world,Greek World,100.0,philosopher | musicologist | astronomer | mathematician | geographer,non_europe
648,Q310173,Ammonius Saccas,re_greek_world,Greek World,175.0,philosopher,non_europe
649,Q2319055,Rhianus,re_greek_world,Greek World,-274.0,historian,non_europe
650,Q718003,Possidius of Calama,re_latin,Latin World,370.0,historian,non_europe
651,Q8018,Augustine of Hippo,re_latin,Latin World,354.0,theologian | musicologist | philosopher | historian,non_europe
652,Q342416,Arnobius,re_latin,Latin World,255.0,philosopher,non_europe
653,Q348408,Martianus Capella,re_latin,Latin World,360.0,musicologist | philosopher,non_europe
654,Q261992,Optatus,re_latin,Latin World,400.0,theologian,non_europe
655,Q315670,Juba II,re_latin,Latin World,-47.0,historian,non_europe
656,Q170512,Apuleius,re_latin,Latin World,125.0,philosopher,non_europe
658,Q722705,Aşıkpaşazade,re_ottoman_turkey,Ottoman Turkey,1400.0,historian,non_europe
659,Q1984103,Neşri,re_ottoman_turkey,Ottoman Turkey,1450.0,historian,non_europe
662,Q991343,Oruç,re_ottoman_turkey,Ottoman Turkey,1500.0,historian,non_europe
666,Q343494,Idris Bitlisi,re_ottoman_turkey,Ottoman Turkey,1457.0,historian,non_europe
667,Q317973,Abdüssamed bin-Seyyidî Alî Diyarbekrî,re_ottoman_turkey,Ottoman Turkey,1500.0,historian,non_europe
668,Q2843525,Amirdovlat of Amasia,re_ottoman_turkey,Ottoman Turkey,1420.0,botanist,non_europe
670,Q12810590,Latîfî,re_ottoman_turkey,Ottoman Turkey,1491.0,historian,non_europe
674,Q449254,Ibn Kemal,re_ottoman_turkey,Ottoman Turkey,1469.0,historian,non_europe
675,Q15137609,Abraham Ankyuratsi,re_ottoman_turkey,Ottoman Turkey,1405.0,historian,non_europe
680,Q353068,Akşemseddin,re_ottoman_turkey,Ottoman Turkey,1389.0,botanist | historian,non_europe
691,Q21541505,Dede Cöngi,re_ottoman_turkey,Ottoman Turkey,1495.0,philosopher,non_europe
697,Q3561173,George Amiroutzes,re_ottoman_turkey,Ottoman Turkey,1400.0,philosopher,non_europe
700,Q5360885,Elijah Bashyazi,re_ottoman_turkey,Ottoman Turkey,1420.0,philosopher,non_europe
703,Q16854270,Şükrullah,re_ottoman_turkey,Ottoman Turkey,1388.0,historian,non_europe
704,Q25452040,Hızır Bey,re_ottoman_turkey,Ottoman Turkey,1407.0,theologian | philosopher | logician,non_europe
706,Q4452,Thomas of Metsoph,re_ottoman_turkey,Ottoman Turkey,1378.0,historian,non_europe
709,Q428705,Mustafa Sheykhoghlu,re_ottoman_turkey,Ottoman Turkey,1341.0,linguist,non_europe
710,Q12251667,Yahya al-Yazidi,re_persian_world,Persian world,755.0,linguist,non_europe
712,Q12178019,Abu Sa'd 'Abd al-Karim al-Samani,re_persian_world,Persian world,1113.0,historian,non_europe
714,Q729591,Ata-Malik Juvayni,re_persian_world,Persian world,1226.0,historian,non_europe
715,Q2822174,Abu Nu`aym,re_persian_world,Persian world,948.0,historian,non_europe
716,Q2228574,Zahir al-Din Marashi,re_persian_world,Persian world,1413.0,historian,non_europe
717,Q3456753,Abd al-Qahir al-Jurjani,re_persian_world,Persian world,1001.0,linguist,non_europe
718,Q6419062,Aḥmad Ibn-Fāris,re_persian_world,Persian world,1000.0,historian,non_europe
719,Q11075,Abd al-Rahman al-Sufi,re_persian_world,Persian world,903.0,astronomer | mathematician,non_europe
720,Q293520,Abū Ḥanīfa Dīnawarī,re_persian_world,Persian world,828.0,botanist | astronomer | mathematician | geographer | historian,non_europe
721,Q94875087,ʿAlī Ibn-ʿUbaidallāh Ibn-Bābūya al-Qummī,re_persian_world,Persian world,1100.0,theologian,non_europe
724,Q426523,Kamāl al-Dīn al-Fārisī,re_persian_world,Persian world,1265.0,mathematician,non_europe
725,Q234908,Nezami Ganjavi,re_persian_world,Persian world,1141.0,philosopher,non_europe
726,Q61669,Ibn Bibi,re_persian_world,Persian world,1250.0,historian,non_europe
727,Q4060358,Mu'ayyad al-Din al-'Urdi,re_persian_world,Persian world,1200.0,astronomer,non_europe
728,Q3458926,Ruzbihan Baqli,re_persian_world,Persian world,1128.0,philosopher,non_europe
729,Q115466,Jamshīd al-Kāshī,re_persian_world,Persian world,1380.0,astronomer | mathematician,non_europe
730,Q287573,Baidawi,re_persian_world,Persian world,1201.0,theologian | philosopher,non_europe
732,Q8011,Avicenna,re_persian_world,Persian world,980.0,philosopher | physicist | musicologist | astronomer | mathematician | chemist,non_europe
733,Q140540,Zahed Gilani,re_persian_world,Persian world,1216.0,theologian,non_europe
734,Q6351410,Ibn Manda,re_persian_world,Persian world,922.0,theologian,non_europe
735,Q2031579,Shams al-Dīn al-Samarqandī,re_persian_world,Persian world,1250.0,astronomer | mathematician,non_europe
736,Q335313,Abu Sahl al-Quhi,re_persian_world,Persian world,940.0,astronomer | physicist | mathematician,non_europe
737,Q1152795,Nizami Aruzi,re_persian_world,Persian world,1110.0,philosopher,non_europe
738,Q1048593,Amr ibn Ubayd,re_persian_world,Persian world,699.0,theologian,non_europe
739,Q2024702,Seyid Yahya Bakuvi,re_persian_world,Persian world,1410.0,philosopher,non_europe
740,Q32075,Baha' al-Din Naqshband,re_persian_world,Persian world,1327.0,theologian,non_europe
741,Q558205,Khwaja Abdullah Ansari,re_persian_world,Persian world,1006.0,theologian,non_europe
742,Q5875064,Aziz ad-Din Nasafi,re_persian_world,Persian world,1200.0,philosopher,non_europe
744,Q4060354,Al-Qaffāl al-Shāshī,re_persian_world,Persian world,904.0,linguist,non_europe
745,Q25451998,Abu al-Yusr al-Bazdawi,re_persian_world,Persian world,1030.0,theologian,non_europe
746,Q2986906,Abd al-Qadir Maraghi,re_persian_world,Persian world,1353.0,musicologist,non_europe
748,Q5636823,Habiballah Esmaili,re_persian_world,Persian world,1344.0,historian,non_europe
750,Q657968,Minhaj-i-Siraj,re_persian_world,Persian world,1193.0,historian,non_europe
752,Q4814466,Roxana Moslehi,re_persian_world,Persian world,1348.0,epidemiologist | botanist,non_europe
756,Q2474377,Muhyi al-Dīn al-Maghribī,re_persian_world,Persian world,1220.0,astronomer | mathematician,non_europe
757,Q12177831,Manṣūr ibn Muḥammad Samʻānī,re_persian_world,Persian world,1035.0,theologian,non_europe
758,Q328782,Rashid-al-Din Hamadani,re_persian_world,Persian world,1247.0,historian,non_europe
759,Q312458,Jami,re_persian_world,Persian world,1414.0,musicologist | philosopher,non_europe
760,Q1377629,Mīr-Khvānd,re_persian_world,Persian world,1433.0,historian,non_europe
761,Q6537635,Abu Nasr Ali ibn Hebatallah ibn Djafar ibn Makula,re_persian_world,Persian world,1030.0,historian,non_europe
762,Q2822092,Abu Sahl 'Isa ibn Yahya al-Masihi,re_persian_world,Persian world,970.0,astronomer | philosopher,non_europe
763,Q4794354,Ibn Hibban,re_persian_world,Persian world,883.0,historian,non_europe
764,Q4561714,Ahmad ibn Muhammad,re_persian_world,Persian world,906.0,philosopher,non_europe
765,Q1093121,Hakim al-Nishaburi,re_persian_world,Persian world,933.0,historian,non_europe
768,Q4090633,Bolad,re_persian_world,Persian world,1240.0,historian,non_europe
769,Q2822093,Abu Said Gorgani,re_persian_world,Persian world,850.0,astronomer | mathematician,non_europe
770,Q482451,Al-Zamakhshari,re_persian_world,Persian world,1075.0,theologian | linguist | philosopher,non_europe
773,Q1113860,Rashid al-Din Vatvat,re_persian_world,Persian world,1088.0,linguist,non_europe
775,Q764947,Taftazani,re_persian_world,Persian world,1322.0,theologian | philosopher | mathematician,non_europe
777,Q2743660,Shaykh Saduq,re_persian_world,Persian world,918.0,theologian,non_europe
778,Q254739,Fazlallah Astarabadi,re_persian_world,Persian world,1340.0,philosopher,non_europe
779,Q12227985,Wāḥidī Nīsābūrī,re_persian_world,Persian world,1010.0,theologian | linguist | historian,non_europe
781,Q3814358,Ibn Khuzaymah,re_persian_world,Persian world,838.0,theologian,non_europe
782,Q287479,Estakhri,re_persian_world,Persian world,850.0,geographer,non_europe
783,Q929260,Calanus,re_persian_world,Persian world,-397.0,philosopher,non_europe
784,Q169234,Abu Bakr al-Razi,re_persian_world,Persian world,865.0,philosopher | chemist | mathematician,non_europe
785,Q2511004,Abd al-Razzaq Samarqandi,re_persian_world,Persian world,1413.0,historian,non_europe
787,Q12578225,Abu-l-Qasim al-Farabi,re_persian_world,Persian world,1130.0,geographer,non_europe
788,Q2991836,Al-Khazini,re_persian_world,Persian world,1077.0,astronomer | philosopher | physicist | mathematician,non_europe
789,Q62630871,Abu Ishaq al-Saffar al-Bukhari,re_persian_world,Persian world,1067.0,theologian,non_europe
792,Q330893,Abraham the Great of Kashkar,re_persian_world,Persian world,503.0,theologian,non_europe
793,Q938348,Abou al-Layth As Samarqandî,re_persian_world,Persian world,944.0,theologian,non_europe
796,Q3109034,Khwaju Kermani,re_persian_world,Persian world,1280.0,mathematician,non_europe
797,Q2383120,Abu Nasr Mansur,re_persian_world,Persian world,970.0,astronomer | mathematician,non_europe
799,Q557366,Ibn Tahir al-Baghdadi,re_persian_world,Persian world,980.0,mathematician,non_europe
802,Q11862838,Muhammad Ibn Masud al-Ayyashi,re_persian_world,Persian world,900.0,theologian,non_europe
803,Q1151481,Bahmanyār,re_persian_world,Persian world,993.0,philosopher | mathematician,non_europe
805,Q27825516,Sayyid Ali Akbar,re_persian_world,Persian world,869.0,theologian,non_europe
806,Q12177809,Imam Ar-Rafi'i,re_persian_world,Persian world,1160.0,theologian | historian,non_europe
807,Q353889,Sahl ibn Bishr,re_persian_world,Persian world,786.0,astronomer | mathematician,non_europe
809,Q4164865,Al-Tughrai,re_persian_world,Persian world,1061.0,linguist,non_europe
810,Q5960565,Mir Shamsuddin Adib-Soltani,re_persian_world,Persian world,1310.0,philosopher,non_europe
812,Q5724876,Fazl b. Ruzbihan Khunji,re_persian_world,Persian world,1457.0,historian,non_europe
813,Q983510,Jahm bin Safwan,re_persian_world,Persian world,696.0,theologian,non_europe
814,Q4502475,Ḥusain Wāʿiẓ Kāšifī,re_persian_world,Persian world,1461.0,astronomer | mathematician,non_europe
815,Q2620460,Abul-Fazl Bayhaqi,re_persian_world,Persian world,996.0,historian,non_europe
816,Q796587,Shams Tabrizi,re_persian_world,Persian world,1185.0,philosopher,non_europe
818,Q6417154,Baba Kuhi of Shiraz,re_persian_world,Persian world,948.0,philosopher,non_europe
820,Q11906149,Anushirvan ibn Khalid,re_persian_world,Persian world,1060.0,historian,non_europe
821,Q203922,Mani,re_persian_world,Persian world,216.0,theologian | philosopher,non_europe
822,Q983355,Sibawayh,re_persian_world,Persian world,760.0,linguist,non_europe
823,Q2594199,Al-Mahani,re_persian_world,Persian world,820.0,astronomer | mathematician,non_europe
825,Q445398,Fātima bint Mūsā,re_persian_world,Persian world,790.0,theologian,non_europe
828,Q2915197,Wassaf,re_persian_world,Persian world,1265.0,historian,non_europe
829,Q3773706,Abd al-Jabbar ibn Ahmad,re_persian_world,Persian world,935.0,theologian | philosopher,non_europe
830,Q16367981,Fatullah Sirvani,re_persian_world,Persian world,1417.0,mathematician,non_europe
831,Q333703,Fakhr al-Din al-Razi,re_persian_world,Persian world,1150.0,astronomer | philosopher | mathematician,non_europe
832,Q6820795,Abu Mansur al-Azhari,re_persian_world,Persian world,895.0,linguist,non_europe
833,Q5946533,Bi Bi Monajemeh Nishaburi,re_persian_world,Persian world,1203.0,astronomer | mathematician,non_europe
835,Q4115259,Abd al-Karīm ibn Hawāzin Qushayri,re_persian_world,Persian world,986.0,philosopher,non_europe
836,Q7489382,Sharaf al-Zaman al-Marwazi,re_persian_world,Persian world,1057.0,zoologist,non_europe
837,Q1231017,Tha'ālibī,re_persian_world,Persian world,961.0,linguist,non_europe
838,Q5964599,Rasul Jafarian,re_persian_world,Persian world,1343.0,historian,non_europe
840,Q25453527,Abu Sahl al-Sa'luki,re_persian_world,Persian world,908.0,theologian,non_europe
841,Q5668442,Naubakht,re_persian_world,Persian world,750.0,astronomer,non_europe
842,Q461062,Al-Karaji,re_persian_world,Persian world,953.0,mathematician,non_europe
844,Q106916684,Arshit Dana,re_persian_world,Persian world,-475.0,philosopher,non_europe
846,Q423644,Ali Qushji,re_persian_world,Persian world,1403.0,astronomer | linguist | physicist | mathematician,non_europe
847,Q729903,Qutb al-Din al-Shirazi,re_persian_world,Persian world,1236.0,philosopher | physicist | musicologist | astronomer | mathematician,non_europe
848,Q12223113,ʻAbd al-Ghāfir ibn Ismāʻīl Fārisī,re_persian_world,Persian world,1059.0,historian,non_europe
849,Q16519243,Abu Abdallah al-Jayhani,re_persian_world,Persian world,801.0,geographer,non_europe
850,Q328796,Nasir Khusraw,re_persian_world,Persian world,1004.0,philosopher,non_europe
851,Q3660690,Iranshahri,re_persian_world,Persian world,900.0,astronomer | philosopher | mathematician,non_europe
852,Q643786,Athīr al-Dīn al-Abharī,re_persian_world,Persian world,1200.0,astronomer | mathematician,non_europe
853,Q1088315,Al Khakim At Termizi,re_persian_world,Persian world,820.0,theologian,non_europe
855,Q17303834,Ibn al-Khammar,re_persian_world,Persian world,942.0,philosopher,non_europe
856,Q9546,Al-Ghazali,re_persian_world,Persian world,1058.0,theologian | philosopher,non_europe
858,Q292178,Al-Fadl ibn Sahl,re_persian_world,Persian world,770.0,astronomer,non_europe
859,Q3827234,Ibn Isfandiyar,re_persian_world,Persian world,1210.0,historian,non_europe
861,Q738649,Hamdallah Mustawfi,re_persian_world,Persian world,1281.0,geographer | historian,non_europe
862,Q335516,Abu Zayd al-Balkhi,re_persian_world,Persian world,850.0,geographer | physicist | mathematician,non_europe
863,Q2626083,Kirakos of Gandzak,re_persian_world,Persian world,1200.0,historian,non_europe
865,Q12177901,Ibn Furak,re_persian_world,Persian world,941.0,theologian,non_europe
867,Q2908840,Zayn al-Din Gorgani,re_persian_world,Persian world,1040.0,philosopher,non_europe
868,Q320324,Ahmad Ghazali,re_persian_world,Persian world,1100.0,theologian,non_europe
869,Q4846224,Abu l-Futuh al-Razi,re_persian_world,Persian world,1087.0,theologian,non_europe
870,Q1821848,Al-Samawal al-Maghribi,re_persian_world,Persian world,1130.0,astronomer | mathematician,non_europe
872,Q52742567,Siraj ud-Din Muhammad ibn Abd ur-Rashid Sajawandi,re_persian_world,Persian world,1200.0,linguist | mathematician,non_europe
873,Q16050084,Ghiyāth al-Dīn Manṣūr Dashtakī Shīrāzī,re_persian_world,Persian world,1462.0,philosopher,non_europe
874,Q66999200,Ibn Abi al-Faraj al-Kinani,re_persian_world,Persian world,1036.0,linguist,non_europe
875,Q11937789,Muhammad ibn Ali Rawandi,re_persian_world,Persian world,1202.0,historian,non_europe
876,Q4115024,Ayn al-Quzat Hamadani,re_persian_world,Persian world,1098.0,philosopher | mathematician,non_europe
877,Q2988556,Al-Nayrizi,re_persian_world,Persian world,865.0,astronomer | mathematician,non_europe
878,Q12194385,An-Nadhar bin Syamil,re_persian_world,Persian world,740.0,astronomer | philosopher | linguist,non_europe
879,Q11826,Al-Biruni,re_persian_world,Persian world,973.0,philosopher | physicist | botanist | astronomer | linguist | mathematician | chemist | anthropologist | geographer | historian,non_europe
880,Q25451679,Abu Al - Moin Al - Nasafi,re_persian_world,Persian world,1046.0,theologian,non_europe
881,Q241026,Muḥammad ibn Ismā‘īl al-Bukhārī,re_persian_world,Persian world,810.0,theologian | historian,non_europe
882,Q20706345,Faṣīḥ al-Dīn Aḥmad Faṣīḥ Khvāfī,re_persian_world,Persian world,1375.0,historian,non_europe
884,Q1050887,Al-Shahrastani,re_persian_world,Persian world,1086.0,philosopher | historian,non_europe
885,Q18325461,Salih ibn Ahmad ibn Hanbal,re_persian_world,Persian world,818.0,theologian,non_europe
886,Q4670206,Abu Hatim Ahmad ibn Hamdan al-Razi,re_persian_world,Persian world,801.0,theologian | philosopher,non_europe
887,Q2663540,Muhammad Bal'ami,re_persian_world,Persian world,1000.0,historian,non_europe
888,Q57633062,Muhammad ibn Hussein al-Zaghuli,re_persian_world,Persian world,1080.0,linguist,non_europe
890,Q2669359,Najm al-Dīn al-Qazwīnī al-Kātibī,re_persian_world,Persian world,1203.0,astronomer | philosopher | mathematician,non_europe
892,Q5956631,Afdhal al-Din abu Hamid Kermani,re_persian_world,Persian world,1136.0,philosopher | historian,non_europe
894,Q5787478,Hamza al-Isbahani,re_persian_world,Persian world,893.0,historian,non_europe
895,Q1148049,Sanai,re_persian_world,Persian world,1080.0,philosopher,non_europe
897,Q1386256,Qāḍī Zāda al-Rūmī,re_persian_world,Persian world,1364.0,astronomer | mathematician,non_europe
899,Q3327524,Muhammad ibn Ahmad al-Khwarizmi,re_persian_world,Persian world,899.0,historian,non_europe
900,Q6932870,Muhammad ibn Falah,re_persian_world,Persian world,1400.0,theologian,non_europe
901,Q334857,Abu Bakr al-Kalabadhi,re_persian_world,Persian world,950.0,philosopher,non_europe
902,Q2472579,ʿUbaidallāh Ibn-Maḥmūd Aḥrār,re_persian_world,Persian world,1404.0,theologian,non_europe
903,Q35900,Omar Khayyám,re_persian_world,Persian world,1048.0,astronomer | philosopher | physicist | mathematician,non_europe
904,Q12223449,ʿAbdallāh Ibn-Aḥmad Nasafī,re_persian_world,Persian world,1240.0,theologian,non_europe
905,Q3242122,Hasan ibn Zayd,re_persian_world,Persian world,750.0,theologian,non_europe
906,Q4116938,Jalaladdin Davani,re_persian_world,Persian world,1426.0,philosopher,non_europe
907,Q12827721,Abu Mansur al-Maturidi,re_persian_world,Persian world,852.0,philosopher,non_europe
908,Q6417943,Elahi Ardabili,re_persian_world,Persian world,870.0,mathematician,non_europe
909,Q3296224,Muhammad ibn Mahmud Amuli,re_persian_world,Persian world,1300.0,mathematician,non_europe
911,Q563574,Abu Saʿīd Gardēzī,re_persian_world,Persian world,1100.0,geographer | historian,non_europe
912,Q486088,Ulugh Beg,re_persian_world,Persian world,1394.0,astronomer | mathematician,non_europe
916,Q631972,Safi-ad-din Ardabili,re_persian_world,Persian world,1252.0,theologian,non_europe
922,Q5701959,Abu Hafs Omar al-Nasafi,re_persian_world,Persian world,1067.0,theologian | historian,non_europe
923,Q2991000,Abū Ja'far al-Khāzin,re_persian_world,Persian world,900.0,astronomer | mathematician,non_europe
924,Q194091,Attar of Nishapur,re_persian_world,Persian world,1145.0,philosopher,non_europe
926,Q1963396,Najm al-Din Razi,re_persian_world,Persian world,1177.0,philosopher,non_europe
927,Q315881,Hassan-i Sabbah,re_persian_world,Persian world,1050.0,theologian | astronomer | philosopher,non_europe
928,Q403498,Ismail ibn Hammad al-Jawhari,re_persian_world,Persian world,940.0,linguist,non_europe
929,Q481384,Ebn Meskavayh,re_persian_world,Persian world,932.0,philosopher | historian,non_europe
931,Q4118843,Ibn Khalawayh,re_persian_world,Persian world,950.0,theologian,non_europe
932,Q90863901,Ibn al-Malāḥimī,re_persian_world,Persian world,1050.0,theologian,non_europe
933,Q305325,Al-Isfahani,re_persian_world,Persian world,1000.0,mathematician,non_europe
934,Q2584074,Al-Juwayni,re_persian_world,Persian world,1028.0,theologian,non_europe
935,Q335282,Abū-Sa'īd Abul-Khayr,re_persian_world,Persian world,967.0,theologian,non_europe
936,Q8190792,Jamal ad-Din,re_persian_world,Persian world,1300.0,astronomer,non_europe
937,Q3063378,Ali ibn Mohammed al-Jurjani,re_persian_world,Persian world,1340.0,philosopher,non_europe
938,Q1797377,Najmuddin Kubra,re_persian_world,Persian world,1145.0,philosopher,non_europe
941,Q4025793,Ibn Funduq,re_persian_world,Persian world,1106.0,mathematician,non_europe
942,Q282231,Benjamin Nahawandi,re_persian_world,Persian world,750.0,philosopher,non_europe
944,Q293651,Muḥammad Ibn-al-Ḥusain as-Sulamī,re_persian_world,Persian world,937.0,theologian,non_europe
945,Q3110028,Ibn Shahriyar,re_persian_world,Persian world,900.0,geographer,non_europe
954,Q683792,Kitabatake Chikafusa,re_japan,Japan,1293.0,historian,non_europe
957,Q311478,Nichiren,re_japan,Japan,1222.0,philosopher,non_europe
972,Q2399435,Miyoshi Kiyotsura,re_japan,Japan,847.0,philosopher,non_europe
973,Q4385767,Bassui Tokushō,re_japan,Japan,1327.0,philosopher,non_europe
1004,Q1150151,Abe no Seimei,re_japan,Japan,921.0,astronomer,non_europe
1015,Q715993,Jien,re_japan,Japan,1155.0,historian,non_europe
1026,Q449943,Saichō,re_japan,Japan,767.0,philosopher,non_europe
1031,Q1136664,Gyōki,re_japan,Japan,668.0,geographer,non_europe
1040,Q378425,Fujiwara no Teika,re_japan,Japan,1162.0,linguist,non_europe
1048,Q1063276,Kibi no Makibi,re_japan,Japan,695.0,philosopher,non_europe
1092,Q169352,Zeami Motokiyo,re_japan,Japan,1363.0,philosopher,non_europe
1093,Q231603,Sei Shōnagon,re_japan,Japan,966.0,historian,non_europe
1110,Q384703,Musō Soseki,re_japan,Japan,1275.0,philosopher,non_europe
1125,Q1362200,Toneri-shinnō,re_japan,Japan,676.0,historian,non_europe
1135,Q318064,Dōgen,re_japan,Japan,1200.0,philosopher,non_europe
1159,Q222227,Kūkai,re_japan,Japan,774.0,linguist | philosopher,non_europe
1200,Q11564289,Minamoto no Yoshiari,re_japan,Japan,845.0,historian,non_europe
1203,Q1559382,Minamoto no Shitagō,re_japan,Japan,911.0,linguist,non_europe
1209,Q11583182,Zhen Dexiu,re_chinese_world,Chinese world,1178.0,philosopher,non_europe
1210,Q2912463,Zhao Mengjian,re_chinese_world,Chinese world,1199.0,historian,non_europe
1213,Q712287,Jizang,re_chinese_world,Chinese world,549.0,philosopher,non_europe
1214,Q15912473,Fan Zuyu,re_chinese_world,Chinese world,1041.0,historian,non_europe
1217,Q197958,Zhou Daguan,re_chinese_world,Chinese world,1266.0,geographer,non_europe
1218,Q558380,Cheng Yi,re_chinese_world,Chinese world,1033.0,philosopher,non_europe
1219,Q1206650,Ma Duanlin,re_chinese_world,Chinese world,1245.0,historian,non_europe
1220,Q713013,Song Lian,re_chinese_world,Chinese world,1310.0,historian,non_europe
1221,Q4272132,Lü Zuqian,re_chinese_world,Chinese world,1137.0,historian,non_europe
1222,Q319329,Wang Chong,re_chinese_world,Chinese world,27.0,astronomer | philosopher | meteorologist | mathematician,non_europe
1223,Q699266,Zheng Qiao,re_chinese_world,Chinese world,1104.0,astronomer | historian,non_europe
1225,Q36020,Su Shi,re_chinese_world,Chinese world,1037.0,historian,non_europe
1227,Q8011232,Wang Gen,re_chinese_world,Chinese world,1483.0,philosopher,non_europe
1228,Q319618,Wang Anshi,re_chinese_world,Chinese world,1021.0,economist,non_europe
1231,Q981888,Tao Hongjing,re_chinese_world,Chinese world,456.0,philosopher,non_europe
1233,Q197206,Zhang Heng,re_chinese_world,Chinese world,78.0,philosopher | astronomer | mathematician | anthropologist | geographer,non_europe
1234,Q697553,Ye Shi,re_chinese_world,Chinese world,1150.0,philosopher,non_europe
1235,Q10425950,Tian Xi,re_chinese_world,Chinese world,940.0,historian,non_europe
1236,Q187172,Bodhidharma,re_chinese_world,Chinese world,483.0,philosopher,non_europe
1237,Q1914745,Mazu Daoyi,re_chinese_world,Chinese world,709.0,philosopher,non_europe
1240,Q1070259,Qiao Zhou,re_chinese_world,Chinese world,199.0,astronomer,non_europe
1241,Q9397,Zhu Xi,re_chinese_world,Chinese world,1130.0,philosopher | historian,non_europe
1243,Q699485,Liu Ji,re_chinese_world,Chinese world,1311.0,astronomer | philosopher | historian,non_europe
1245,Q197172,Zhang Daoling,re_chinese_world,Chinese world,34.0,philosopher,non_europe
1247,Q15927765,Fan Zhen,re_chinese_world,Chinese world,1007.0,historian,non_europe
1248,Q45378990,Fei Shiyin,re_chinese_world,Chinese world,1160.0,historian,non_europe
1253,Q712125,Yin Mo,re_chinese_world,Chinese world,101.0,philosopher,non_europe
1255,Q1156713,He Yan,re_chinese_world,Chinese world,195.0,philosopher,non_europe
1256,Q979653,Paramartha,re_chinese_world,Chinese world,499.0,philosopher,non_europe
1258,Q21814440,Gu Yingxiang,re_chinese_world,Chinese world,1483.0,historian,non_europe
1260,Q553678,Ge Hong,re_chinese_world,Chinese world,284.0,philosopher,non_europe
1261,Q11147294,Hong Mai,re_chinese_world,Chinese world,1123.0,historian,non_europe
1262,Q227444,Zu Chongzhi,re_chinese_world,Chinese world,429.0,astronomer | mathematician,non_europe
1263,Q378462,Wang Yangming,re_chinese_world,Chinese world,1472.0,philosopher,non_europe
1264,Q698817,Zhao Rukuo,re_chinese_world,Chinese world,1170.0,geographer | historian,non_europe
1265,Q3274593,Wang Fan,re_chinese_world,Chinese world,228.0,astronomer | mathematician,non_europe
1268,Q345012,Huineng,re_chinese_world,Chinese world,638.0,philosopher,non_europe
1269,Q17040371,Zhao Youqin,re_chinese_world,Chinese world,1279.0,astronomer | mathematician,non_europe
1270,Q3573233,Yungton Dorje Pel,re_chinese_world,Chinese world,1284.0,philosopher,non_europe
1275,Q565225,Qin Jiushao,re_chinese_world,Chinese world,1208.0,meteorologist | mathematician,non_europe
1278,Q10330338,Zhu Bian,re_chinese_world,Chinese world,1085.0,historian,non_europe
1280,Q707875,Fang Xiaoru,re_chinese_world,Chinese world,1357.0,historian,non_europe
1282,Q270085,Shen Kuo,re_chinese_world,Chinese world,1031.0,zoologist | physicist | philosopher | botanist | astronomer | meteorologist | mathematician | geologist | anthropologist | geographer | economist,non_europe
1283,Q334323,Ouyang Xiu,re_chinese_world,Chinese world,1007.0,philosopher | historian,non_europe
1285,Q11646955,Jin Lvxiang,re_chinese_world,Chinese world,1232.0,historian,non_europe
1286,Q574521,Yang Hui,re_chinese_world,Chinese world,1238.0,mathematician,non_europe
1287,Q626019,Araniko,re_chinese_world,Chinese world,1244.0,astronomer,non_europe
1288,Q11097372,Li Tao,re_chinese_world,Chinese world,1115.0,historian,non_europe
1289,Q553520,Yang Xiong,re_chinese_world,Chinese world,-52.0,linguist | philosopher,non_europe
1290,Q5071661,Chang Qu,re_chinese_world,Chinese world,291.0,historian,non_europe
1291,Q561165,Shen Yue,re_chinese_world,Chinese world,441.0,historian,non_europe
1292,Q2466384,Lu Jiuyuan,re_chinese_world,Chinese world,1139.0,philosopher,non_europe
1294,Q3051507,Hua He,re_chinese_world,Chinese world,219.0,historian,non_europe
1298,Q1292321,Zhang Sixun,re_chinese_world,Chinese world,1050.0,astronomer,non_europe
1301,Q11089447,Yan Shu,re_chinese_world,Chinese world,991.0,historian,non_europe
1302,Q457972,Guan Zhong,re_chinese_world,Chinese world,-719.0,philosopher,non_europe
1305,Q1088063,Hua Sui,re_chinese_world,Chinese world,1439.0,historian,non_europe
1306,Q7267602,Qian Dehong,re_chinese_world,Chinese world,1496.0,philosopher,non_europe
1307,Q5950484,Xu Ai,re_chinese_world,Chinese world,1487.0,philosopher,non_europe
1310,Q10543449,Lu Zhen,re_chinese_world,Chinese world,957.0,historian,non_europe
1312,Q626733,Fan Chengda,re_chinese_world,Chinese world,1126.0,geographer,non_europe
1314,Q706837,Liu Yuxi,re_chinese_world,Chinese world,772.0,philosopher,non_europe
1317,Q16076318,Xu Dong,re_chinese_world,Chinese world,976.0,historian,non_europe
1320,Q30949294,Ouyang De,re_chinese_world,Chinese world,1496.0,philosopher,non_europe
1321,Q558192,Cheng Hao,re_chinese_world,Chinese world,1032.0,philosopher,non_europe
1326,Q197778,Zhiyi,re_chinese_world,Chinese world,538.0,philosopher,non_europe
1327,Q1288620,Wen Tong,re_chinese_world,Chinese world,1018.0,historian,non_europe
1328,Q4501983,Hu Hong,re_chinese_world,Chinese world,1105.0,philosopher,non_europe
1332,Q703776,Du Qiong,re_chinese_world,Chinese world,101.0,astronomer,non_europe
1334,Q15941622,Chen Ji,re_chinese_world,Chinese world,1363.0,historian,non_europe
1335,Q716389,Li Gonglin,re_chinese_world,Chinese world,1049.0,archeologist | anthropologist,non_europe
1336,Q379577,Marpa Chokyi Lodro,re_chinese_world,Chinese world,1012.0,philosopher,non_europe
1338,Q12159927,Tao Zongyi,re_chinese_world,Chinese world,1329.0,historian,non_europe
1339,Q1265657,Su Song,re_chinese_world,Chinese world,1020.0,zoologist | philosopher | botanist | astronomer | mathematician | geographer,non_europe
1342,Q1268609,Wu Zixu,re_chinese_world,Chinese world,-525.0,philosopher,non_europe
1344,Q31765,Fan Zhen,re_chinese_world,Chinese world,450.0,philosopher,non_europe
1347,Q947874,Gö Lotsawa Zhönnu-pel,re_chinese_world,Chinese world,1392.0,historian,non_europe
1352,Q1275360,Zeng Gong,re_chinese_world,Chinese world,1019.0,historian,non_europe
1353,Q4501976,Anguo Hu,re_chinese_world,Chinese world,1074.0,philosopher,non_europe
1354,Q1155951,Su Zhe,re_chinese_world,Chinese world,1039.0,philosopher | historian,non_europe
1358,Q698543,Chen Baisha,re_chinese_world,Chinese world,1428.0,philosopher,non_europe
1359,Q13553235,Zhan Ruoshui,re_chinese_world,Chinese world,1466.0,philosopher,non_europe
1360,Q6728564,Chu Jen,re_chinese_world,Chinese world,1361.0,historian,non_europe
1362,Q10897757,Liu Hong,re_chinese_world,Chinese world,130.0,astronomer | mathematician,non_europe
1364,Q985731,Xu Jingzong,re_chinese_world,Chinese world,592.0,geographer,non_europe
1365,Q1207661,Shan Tao,re_chinese_world,Chinese world,205.0,philosopher,non_europe
1366,Q37151,Sun Tzu,re_chinese_world,Chinese world,-543.0,philosopher,non_europe
1367,Q16076832,Ma Xu,re_chinese_world,Chinese world,70.0,historian,non_europe
1369,Q15917614,Wei Liaoweng,re_chinese_world,Chinese world,1178.0,philosopher,non_europe
1373,Q12159141,Xu Yue,re_chinese_world,Chinese world,160.0,astronomer | philosopher | mathematician,non_europe
1379,Q42063,Xuanzang,re_chinese_world,Chinese world,602.0,philosopher,non_europe
1380,Q7967473,Wang Jia,re_chinese_world,Chinese world,400.0,historian,non_europe
1381,Q8070452,Zhang Zhu,re_chinese_world,Chinese world,1287.0,historian,non_europe
1382,Q2638471,Wei Shou,re_chinese_world,Chinese world,506.0,historian,non_europe
1384,Q6042323,Yi Kaizhan,re_chinese_world,Chinese world,1400.0,mathematician,non_europe
1389,Q713247,Yishiha,re_chinese_world,Chinese world,1409.0,geographer,non_europe
1390,Q28414458,Yang Huan,re_chinese_world,Chinese world,1234.0,linguist,non_europe
1392,Q1872767,Lu Zhonglian,re_chinese_world,Chinese world,-304.0,philosopher,non_europe
1393,Q710705,Yi Xing,re_chinese_world,Chinese world,683.0,astronomer | mathematician,non_europe
1394,Q1260120,Dromton Gyelwa Jungne,re_chinese_world,Chinese world,1008.0,theologian,non_europe
1395,Q563564,Mahmud al-Kashgari,re_chinese_world,Chinese world,1029.0,geographer | linguist,non_europe
1400,Q840344,He Chengtian,re_chinese_world,Chinese world,370.0,mathematician,non_europe
1403,Q11053630,Shi Cui,re_chinese_world,Chinese world,103.0,botanist,non_europe
1404,Q16260015,Ma Duo,re_chinese_world,Chinese world,1366.0,historian,non_europe
1405,Q47739,Zhuangzi,re_chinese_world,Chinese world,-368.0,philosopher,non_europe
1406,Q13634415,Fan Zhi,re_chinese_world,Chinese world,911.0,historian,non_europe
1407,Q711413,Pei Ju,re_chinese_world,Chinese world,547.0,geographer,non_europe
1410,Q10417558,Wang Yi,re_chinese_world,Chinese world,1433.0,historian,non_europe
1415,Q716190,Li Kui,re_chinese_world,Chinese world,-500.0,philosopher,non_europe
1416,Q5372193,Xie Cheng,re_chinese_world,Chinese world,182.0,historian,non_europe
1417,Q1292375,Zu Gengzhi,re_chinese_world,Chinese world,480.0,mathematician,non_europe
1418,Q1194206,Huiyuan,re_chinese_world,Chinese world,334.0,philosopher,non_europe
1423,Q15903781,Huo Tao,re_chinese_world,Chinese world,1487.0,historian,non_europe
1424,Q580624,Cao Chong,re_chinese_world,Chinese world,196.0,physicist,non_europe
1425,Q33566,Sima Guang,re_chinese_world,Chinese world,1019.0,historian,non_europe
1427,Q16259917,Xun Can,re_chinese_world,Chinese world,201.0,philosopher,non_europe
1428,Q45572545,Wang Kai,re_chinese_world,Chinese world,1317.0,historian,non_europe
1429,Q45645724,Zheng Gao,re_chinese_world,Chinese world,1486.0,historian,non_europe
1431,Q277386,Wang Xuance,re_chinese_world,Chinese world,700.0,historian,non_europe
1434,Q366120,Lü Buwei,re_chinese_world,Chinese world,-290.0,philosopher,non_europe
1437,Q45559414,Chen Lian,re_chinese_world,Chinese world,1370.0,historian,non_europe
1441,Q28959,Han Fei Zi,re_chinese_world,Chinese world,-279.0,philosopher,non_europe
1442,Q2898749,Su Shunqin,re_chinese_world,Chinese world,1008.0,historian,non_europe
1443,Q713554,Wang Su,re_chinese_world,Chinese world,195.0,philosopher,non_europe
1445,Q736629,Guo Huai,re_chinese_world,Chinese world,187.0,historian,non_europe
1447,Q10542488,Zhao Fang,re_chinese_world,Chinese world,1319.0,historian,non_europe
1449,Q1291953,Guo Xiang,re_chinese_world,Chinese world,252.0,philosopher,non_europe
1450,Q864708,Gan Bao,re_chinese_world,Chinese world,201.0,historian,non_europe
1452,Q5192697,Cui Renshi,re_chinese_world,Chinese world,580.0,historian,non_europe
1453,Q1291946,Zhi Dun,re_chinese_world,Chinese world,314.0,philosopher,non_europe
1454,Q657368,Ma Rong,re_chinese_world,Chinese world,79.0,philosopher,non_europe
1458,Q312978,Faxian,re_chinese_world,Chinese world,340.0,historian,non_europe
1463,Q17164322,Chen Jian,re_chinese_world,Chinese world,1497.0,historian,non_europe
1466,Q843276,Ying Shao,re_chinese_world,Chinese world,140.0,linguist,non_europe
1472,Q986624,Jiao Yu,re_chinese_world,Chinese world,1350.0,philosopher,non_europe
1473,Q5433784,Fang Hui,re_chinese_world,Chinese world,1227.0,historian,non_europe
1476,Q380598,Sun Ce,re_chinese_world,Chinese world,175.0,philosopher,non_europe
1477,Q1632823,Huangbo Xiyun,re_chinese_world,Chinese world,800.0,philosopher,non_europe
1478,Q765572,Guo Pu,re_chinese_world,Chinese world,276.0,historian,non_europe
1479,Q716876,Chen Tuan,re_chinese_world,Chinese world,871.0,philosopher,non_europe
1481,Q45469545,Ma Gui,re_chinese_world,Chinese world,1394.0,historian,non_europe
1482,Q216072,Xunzi,re_chinese_world,Chinese world,-312.0,philosopher,non_europe
1484,Q5369940,Kong Yingda,re_chinese_world,Chinese world,574.0,philosopher,non_europe
1490,Q468712,Ji Kang,re_chinese_world,Chinese world,223.0,philosopher,non_europe
1491,Q16138226,Bei Qiong,re_chinese_world,Chinese world,1314.0,historian,non_europe
1493,Q316304,Liu Hui,re_chinese_world,Chinese world,225.0,mathematician,non_europe
1494,Q11054345,"Chi, Chün-tao",re_chinese_world,Chinese world,263.0,botanist,non_europe
1495,Q10910502,Wei Su,re_chinese_world,Chinese world,1303.0,historian,non_europe
1498,Q559731,Xu Shen,re_chinese_world,Chinese world,58.0,linguist,non_europe
1499,Q10788251,Liu Xu,re_chinese_world,Chinese world,888.0,historian,non_europe
1500,Q197813,Zhong Hui,re_chinese_world,Chinese world,225.0,philosopher,non_europe
1502,Q10944085,Bu Shang,re_chinese_world,Chinese world,-506.0,philosopher,non_europe
1503,Q15934970,Wang Wei,re_chinese_world,Chinese world,1322.0,historian,non_europe
1504,Q1185798,Chao Cuo,re_chinese_world,Chinese world,-199.0,philosopher,non_europe
1506,Q378356,Wei Zheng,re_chinese_world,Chinese world,580.0,philosopher | historian,non_europe
1507,Q45613140,Yang Lian,re_chinese_world,Chinese world,1452.0,astronomer | mathematician,non_europe
1513,Q152919,Li Si,re_chinese_world,Chinese world,-279.0,philosopher,non_europe
1515,Q197338,Zhang Zai,re_chinese_world,Chinese world,1020.0,philosopher,non_europe
1517,Q11067613,Zhang Cang,re_chinese_world,Chinese world,-252.0,mathematician,non_europe
1519,Q736647,Fang Xuanling,re_chinese_world,Chinese world,578.0,historian,non_europe
1520,Q45414781,Feng Zizhen,re_chinese_world,Chinese world,1257.0,historian,non_europe
1524,Q733082,Guo Shoujing,re_chinese_world,Chinese world,1231.0,astronomer | mathematician,non_europe
1525,Q724293,Sengzhao,re_chinese_world,Chinese world,384.0,philosopher,non_europe
1526,Q45648447,Zheng Qi,re_chinese_world,Chinese world,1428.0,historian,non_europe
1527,Q9372,Sima Qian,re_chinese_world,Chinese world,-144.0,astronomer | philosopher | historian | mathematician,non_europe
1530,Q1147782,Xiang Xiu,re_chinese_world,Chinese world,250.0,philosopher,non_europe
1534,Q45602254,Tang Su,re_chinese_world,Chinese world,1331.0,historian,non_europe
1535,Q4604,Confucius,re_chinese_world,Chinese world,-550.0,philosopher,non_europe
1537,Q45369541,Bo Ting,re_chinese_world,Chinese world,1248.0,historian,non_europe
1538,Q4385580,Pei Wei (Jin dynasty),re_chinese_world,Chinese world,267.0,philosopher,non_europe
1541,Q218900,Shi Shen,re_chinese_world,Chinese world,-400.0,astronomer,non_europe
1542,Q2401828,Sima Tan,re_chinese_world,Chinese world,-164.0,historian,non_europe
1544,Q15912341,Wang Dan,re_chinese_world,Chinese world,957.0,historian,non_europe
1547,Q8059959,Yu Qin,re_chinese_world,Chinese world,1284.0,geographer,non_europe
1548,Q2856647,Fu Sheng,re_chinese_world,Chinese world,-267.0,philosopher,non_europe
1550,Q559421,Shen Buhai,re_chinese_world,Chinese world,-384.0,philosopher,non_europe
1553,Q4515473,Zhao Mingcheng,re_chinese_world,Chinese world,1081.0,historian,non_europe
1554,Q712581,Li Chunfeng,re_chinese_world,Chinese world,602.0,astronomer | historian | mathematician,non_europe
1555,Q704525,Liu An,re_chinese_world,Chinese world,-178.0,geographer,non_europe
1557,Q15932258,Wu Chen,re_chinese_world,Chinese world,1323.0,historian,non_europe
1562,Q453449,Liu Xin,re_chinese_world,Chinese world,-49.0,astronomer | philosopher | historian | mathematician,non_europe
1563,Q2655284,Toqto'a,re_chinese_world,Chinese world,1314.0,historian,non_europe
1565,Q551391,Zhu Siben,re_chinese_world,Chinese world,1273.0,geographer,non_europe
1567,Q301650,Jia Yi,re_chinese_world,Chinese world,-199.0,philosopher,non_europe
1569,Q11093738,Zhu Shan,re_chinese_world,Chinese world,1340.0,historian,non_europe
1570,Q445626,Dong Zhongshu,re_chinese_world,Chinese world,-178.0,philosopher,non_europe
1571,Q721420,Hu Sansheng,re_chinese_world,Chinese world,1230.0,historian,non_europe
1574,Q3256864,Liu Yiqing,re_chinese_world,Chinese world,403.0,historian,non_europe
1579,Q736726,Emperor Wu of Liang,re_chinese_world,Chinese world,464.0,philosopher,non_europe
1580,Q9333,Laozi,re_chinese_world,Chinese world,-579.0,philosopher,non_europe
1581,Q981193,Sun Simiao,re_chinese_world,Chinese world,581.0,philosopher,non_europe
1585,Q716369,Jia Dan,re_chinese_world,Chinese world,730.0,geographer,non_europe
1589,Q537727,Ban Biao,re_chinese_world,Chinese world,3.0,historian,non_europe
1590,Q253490,Li Fang,re_chinese_world,Chinese world,925.0,historian,non_europe
1591,Q24837460,Wang Xing,re_chinese_world,Chinese world,1331.0,historian,non_europe
1592,Q845669,Xu Heng,re_chinese_world,Chinese world,1209.0,philosopher,non_europe
1593,Q5945163,Zhao Buzhi,re_chinese_world,Chinese world,1053.0,philosopher,non_europe
1595,Q8044361,Xie Daoyun,re_chinese_world,Chinese world,349.0,philosopher,non_europe
1596,Q197962,Zhou Dunyi,re_chinese_world,Chinese world,1017.0,philosopher,non_europe
1598,Q45488589,Hu Shen,re_chinese_world,Chinese world,1315.0,historian,non_europe
1600,Q710078,Pei Songzhi,re_chinese_world,Chinese world,372.0,historian,non_europe
1604,Q1349949,Fazang,re_chinese_world,Chinese world,643.0,philosopher,non_europe
1605,Q45665755,Liu Heng,re_chinese_world,Chinese world,1358.0,historian,non_europe
1606,Q10514369,Yu Xi,re_chinese_world,Chinese world,281.0,astronomer,non_europe
1608,Q9452128,Chenweng Liu,re_chinese_world,Chinese world,1232.0,historian,non_europe
1610,Q594971,Yuan Hong,re_chinese_world,Chinese world,328.0,historian,non_europe
1611,Q323439,Tsongkhapa Lobzang Drakpa,re_chinese_world,Chinese world,1357.0,philosopher,non_europe
1613,Q177081,Ban Zhao,re_chinese_world,Chinese world,45.0,philosopher | historian,non_europe
1615,Q722288,Shao Yong,re_chinese_world,Chinese world,1012.0,philosopher | historian,non_europe
1616,Q11066587,Zhang Yanghao,re_chinese_world,Chinese world,1270.0,philosopher,non_europe
1618,Q403757,Gan De,re_chinese_world,Chinese world,-400.0,astronomer,non_europe
1621,Q45427495,Zheng Wenkang,re_chinese_world,Chinese world,1413.0,historian,non_europe
1623,Q985861,Wu Cheng,re_chinese_world,Chinese world,1249.0,philosopher,non_europe
1632,Q1275708,Xue Juzheng,re_chinese_world,Chinese world,912.0,historian,non_europe
1635,Q1131375,Huan Tan,re_chinese_world,Chinese world,-39.0,philosopher,non_europe
1636,Q459865,Wang Bi,re_chinese_world,Chinese world,226.0,philosopher,non_europe
1639,Q439681,Ban Gu,re_chinese_world,Chinese world,32.0,historian,non_europe
1640,Q8666,Toghon Temür,re_chinese_world,Chinese world,1320.0,astronomer,non_europe
1645,Q11136454,Kekuan Wang,re_chinese_world,Chinese world,1301.0,historian,non_europe
1646,Q2949846,Wang Chen,re_chinese_world,Chinese world,250.0,historian,non_europe
1648,Q351345,Shang Yang,re_chinese_world,Chinese world,-389.0,philosopher,non_europe
1651,Q45536040,Shang Wen,re_chinese_world,Chinese world,1236.0,historian,non_europe
1652,Q9621698,Wu Yubi,re_chinese_world,Chinese world,1391.0,philosopher,non_europe
1656,Q1822759,Daosheng,re_chinese_world,Chinese world,355.0,philosopher,non_europe
1662,Q714270,Zhang Yanyuan,re_chinese_world,Chinese world,815.0,historian,non_europe
1663,Q700284,Li Ao,re_chinese_world,Chinese world,772.0,philosopher,non_europe
1668,Q1066734,Li Yiji,re_chinese_world,Chinese world,-267.0,philosopher,non_europe
1669,Q706832,Liu Ling,re_chinese_world,Chinese world,221.0,philosopher,non_europe
1672,Q290825,Wang Fu,re_chinese_world,Chinese world,78.0,philosopher,non_europe
1673,Q1069914,Lu You,re_chinese_world,Chinese world,1125.0,historian,non_europe
1674,Q37733946,Liu Hong,re_chinese_world,Chinese world,129.0,astronomer,non_europe
1675,Q197649,Zheng Xuan,re_chinese_world,Chinese world,127.0,philosopher,non_europe
1676,Q465282,Liu Xiang,re_chinese_world,Chinese world,-76.0,astronomer | philosopher | historian,non_europe
1677,Q318998,Han Yu,re_chinese_world,Chinese world,768.0,philosopher | historian,non_europe
1678,Q45567964,Fu Guan,re_chinese_world,Chinese world,1443.0,astronomer | historian,non_europe
1679,Q45592248,Hu Lian,re_chinese_world,Chinese world,1327.0,historian,non_europe
1680,Q10864302,Ding Xian,re_chinese_world,Chinese world,1358.0,historian,non_europe
1682,Q45563612,Chen Guan,re_chinese_world,Chinese world,1367.0,historian,non_europe
1684,Q45412996,Zhang Shu,re_chinese_world,Chinese world,1292.0,historian,non_europe
1685,Q1852031,Cui Hong,re_chinese_world,Chinese world,470.0,historian,non_europe
1686,Q11618050,Xun Yue,re_chinese_world,Chinese world,148.0,philosopher,non_europe
1689,Q142683,Ruan Ji,re_chinese_world,Chinese world,210.0,philosopher,non_europe
1691,Q707702,Cai Yong,re_chinese_world,Chinese world,133.0,astronomer | historian,non_europe
1692,Q2984064,Lie Yukou,re_chinese_world,Chinese world,-449.0,philosopher,non_europe
1693,Q45414461,Ma Zhongxin,re_chinese_world,Chinese world,1260.0,historian,non_europe
1695,Q15931995,Han Bangqi,re_chinese_world,Chinese world,1479.0,astronomer | historian,non_europe
1696,Q197286,Zhang Sanfeng,re_chinese_world,Chinese world,1200.0,philosopher,non_europe
1699,Q11138243,Shen Tu,re_chinese_world,Chinese world,1357.0,historian,non_europe
1701,Q740373,Fan Ye,re_chinese_world,Chinese world,398.0,historian,non_europe
1703,Q31758,Han Huang,re_chinese_world,Chinese world,723.0,economist,non_europe
1704,Q61466099,Chun Chen,re_chinese_world,Chinese world,1159.0,philosopher,non_europe
1708,Q334090,Sun Bin,re_chinese_world,Chinese world,-400.0,philosopher,non_europe
1712,Q706887,Pei Xiu,re_chinese_world,Chinese world,224.0,geographer,non_europe
1713,Q6538730,Li Daoyuan,re_chinese_world,Chinese world,401.0,geographer,non_europe
1714,Q6650143,Li Ze,re_chinese_world,Chinese world,1260.0,historian,non_europe
1715,Q716964,Li Ye,re_chinese_world,Chinese world,1192.0,mathematician,non_europe
1718,Q715480,Jing Fang,re_chinese_world,Chinese world,-77.0,musicologist | astronomer | mathematician,non_europe
1719,Q15912883,Luo Furen,re_chinese_world,Chinese world,1298.0,astronomer,non_europe
1721,Q198126,Zhu Shijie,re_chinese_world,Chinese world,1249.0,mathematician,non_europe
1722,Q468890,Chen Shou,re_chinese_world,Chinese world,233.0,historian,non_europe
1724,Q45593337,Wang Da,re_chinese_world,Chinese world,1333.0,historian,non_europe
1736,Q713224,Trần Thái Tông,re_south_east_asia,South East Asia,1218.0,philosopher,non_europe
1759,Q6951228,Mạc Đĩnh Chi,re_south_east_asia,South East Asia,1272.0,philosopher,non_europe
1770,Q1155893,Chu Văn An,re_south_east_asia,South East Asia,1292.0,philosopher,non_europe
1771,Q1111882,Le Van Huu,re_south_east_asia,South East Asia,1230.0,historian,non_europe
1777,Q3210967,Phan Phu Tiên,re_south_east_asia,South East Asia,1370.0,historian,non_europe
1785,Q557726,Chu Suiliang,re_south_east_asia,South East Asia,597.0,historian,non_europe
1789,Q3210944,Vũ Quỳnh,re_south_east_asia,South East Asia,1452.0,historian,non_europe
1811,Q1347181,Nguyen Trai,re_south_east_asia,South East Asia,1380.0,philosopher,non_europe
1817,Q716585,Ngô Sĩ Liên,re_south_east_asia,South East Asia,1400.0,historian,non_europe
1833,Q320619,Abhinavagupta,re_indian_world,Indian world,950.0,philosopher,non_europe
1834,Q320142,Śāriputra,re_indian_world,Indian world,-567.0,philosopher,non_europe
1835,Q2733487,Ali Hujwiri,re_indian_world,Indian world,1009.0,theologian,non_europe
1837,Q3964661,Somananda,re_indian_world,Indian world,875.0,philosopher,non_europe
1839,Q27263305,Muḥammad ibn Abī Bakr Damāmīnī,re_indian_world,Indian world,1362.0,linguist,non_europe
1842,Q316343,Vasubandhu,re_indian_world,Indian world,300.0,philosopher,non_europe
1843,Q774847,Kumārila Bhaṭṭa,re_indian_world,Indian world,700.0,linguist | philosopher,non_europe
1844,Q2723463,Hemachandra,re_indian_world,Indian world,1089.0,philosopher | historian | mathematician,non_europe
1848,Q202943,Brahmagupta,re_indian_world,Indian world,590.0,astronomer | mathematician,non_europe
1856,Q11359,Aryabhata,re_indian_world,Indian world,476.0,astronomer | mathematician,non_europe
1864,Q3080648,Mirza Muhammad Haidar Dughlat,re_indian_world,Indian world,1499.0,historian,non_europe
1874,Q665235,Gaspar Correia,re_indian_world,Indian world,1496.0,historian,non_europe
1876,Q2484904,Utpaladeva,re_indian_world,Indian world,900.0,philosopher,non_europe
1880,Q31829842,Hazrat Shah Makhdum,re_indian_world,Indian world,1216.0,theologian,non_europe
1884,Q335247,Buddhaghosa,re_indian_world,Indian world,401.0,philosopher,non_europe
1888,Q2672093,Ramananda,re_indian_world,Indian world,1400.0,philosopher,non_europe
1895,Q2478699,Sanatana Goswami,re_indian_world,Indian world,1488.0,theologian,non_europe
1901,Q207817,Amir Khosrow,re_indian_world,Indian world,1253.0,philosopher,non_europe
1915,Q3160832,Guru Jambheshwar,re_indian_world,Indian world,1451.0,philosopher,non_europe
1916,Q231680,Patanjali,re_indian_world,Indian world,-199.0,linguist | philosopher | mathematician,non_europe
1917,Q2269861,Mahāvīra,re_indian_world,Indian world,900.0,mathematician,non_europe
1918,Q3200157,Kshemaraja,re_indian_world,Indian world,975.0,philosopher,non_europe
1920,Q2977486,Muhammad Khwandamir,re_indian_world,Indian world,1475.0,historian,non_europe
1925,Q379905,Asanga,re_indian_world,Indian world,300.0,philosopher,non_europe
1934,Q312551,Kabir,re_indian_world,Indian world,1440.0,philosopher,non_europe
1935,Q189725,Panini,re_indian_world,Indian world,-500.0,linguist,non_europe
1950,Q16209128,Makhdoom Bilawal,re_indian_world,Indian world,1451.0,philosopher,non_europe
1954,Q26223000,Makhdoom Sharfuddin Ahmed Yahya Maneri,re_indian_world,Indian world,1263.0,philosopher,non_europe
1956,Q9045,Chanakya,re_indian_world,Indian world,-374.0,philosopher | economist,non_europe
1957,Q4387084,Raghunatha Siromani,re_indian_world,Indian world,1477.0,philosopher,non_europe
1958,Q858348,Varāhamihira,re_indian_world,Indian world,505.0,astronomer | mathematician,non_europe
1966,Q2066944,Svātmārāma,re_indian_world,Indian world,1400.0,philosopher,non_europe
1976,Q2511208,Vasugupta,re_indian_world,Indian world,860.0,philosopher,non_europe
1977,Q15131538,Maheśvarānanda,re_indian_world,Indian world,1201.0,philosopher,non_europe
1978,Q2639769,Shri Guru Ravidass,re_indian_world,Indian world,1450.0,philosopher,non_europe
1980,Q140584,Muhammad Aufi,re_indian_world,Indian world,1171.0,historian,non_europe
1981,Q553722,Śāntarakṣita,re_indian_world,Indian world,725.0,philosopher,non_europe
1982,Q9422,Mahavira,re_indian_world,Indian world,-539.0,philosopher,non_europe
1988,Q2551244,Anandavardhana,re_indian_world,Indian world,820.0,philosopher,non_europe
1989,Q115590,Madhava of Sangamagrama,re_indian_world,Indian world,1350.0,astronomer | mathematician,non_europe
1990,Q2357643,Brahmadeva,re_indian_world,Indian world,1060.0,astronomer | mathematician,non_europe
1991,Q2548030,Nilakantha Somayaji,re_indian_world,Indian world,1444.0,astronomer | mathematician,non_europe
1992,Q3524867,Bhadrabahu,re_indian_world,Indian world,-366.0,philosopher,non_europe
1994,Q3595700,Vararuchi,re_indian_world,Indian world,-250.0,linguist | mathematician,non_europe
1995,Q153187,Ajita Kesakambali,re_indian_world,Indian world,-500.0,philosopher,non_europe
1997,Q335371,Madhvacharya,re_indian_world,Indian world,1238.0,philosopher,non_europe
2007,Q2350157,Purandara Dasa,re_indian_world,Indian world,1484.0,philosopher,non_europe
2009,Q1033695,Dnyaneshwar,re_indian_world,Indian world,1275.0,philosopher,non_europe
2013,Q13111845,Govinda Bhattathiri,re_indian_world,Indian world,1237.0,astronomer,non_europe
2015,Q2075639,Yamunacharya,re_indian_world,Indian world,950.0,philosopher,non_europe
2017,Q3595755,Jyeṣṭhadeva,re_indian_world,Indian world,1500.0,astronomer | mathematician,non_europe
2020,Q891045,Parameshvara,re_indian_world,Indian world,1370.0,astronomer | mathematician,non_europe
2024,Q171195,Nāgārjuna,re_indian_world,Indian world,150.0,philosopher,non_europe
2025,Q558272,Dignāga,re_indian_world,Indian world,480.0,philosopher,non_europe
2026,Q1741798,Ramanuja,re_indian_world,Indian world,1017.0,theologian | philosopher,non_europe
2029,Q3530291,Vedanta Desika,re_indian_world,Indian world,1269.0,philosopher,non_europe
2030,Q2343604,Vallabha,re_indian_world,Indian world,1479.0,philosopher,non_europe
2031,Q2989506,Rupa Goswami,re_indian_world,Indian world,1489.0,philosopher,non_europe
2033,Q5657354,Haridatta,re_indian_world,Indian world,700.0,astronomer | mathematician,non_europe
2035,Q527384,Pingala,re_indian_world,Indian world,-149.0,linguist | mathematician,non_europe
2039,Q7194114,Pillai Lokacharya,re_indian_world,Indian world,1205.0,philosopher,non_europe
2043,Q558275,the one eyed,re_indian_world,Indian world,200.0,philosopher,non_europe
2044,Q93267410,Raghunatha Tirtha,re_indian_world,Indian world,1405.0,philosopher,non_europe
2045,Q1423663,Yajnavalkya,re_indian_world,Indian world,-800.0,astronomer | philosopher,non_europe
2048,Q180967,Adi Shankara,re_indian_world,Indian world,788.0,philosopher,non_europe
2054,Q771686,Basava,re_indian_world,Indian world,1134.0,philosopher,non_europe
2055,Q48730567,Akshobhya Tirtha,re_indian_world,Indian world,1282.0,theologian | philosopher,non_europe
2056,Q445460,Shantideva,re_indian_world,Indian world,685.0,philosopher,non_europe
2063,Q6167696,Jayatirtha,re_indian_world,Indian world,1345.0,philosopher,non_europe
2064,Q15725063,Jasobanta Dasa,re_indian_world,Indian world,1487.0,philosopher,non_europe
2066,Q5589914,Govindasvāmi,re_indian_world,Indian world,800.0,astronomer | mathematician,non_europe
2067,Q213385,Bhāskara II,re_indian_world,Indian world,1114.0,astronomer | mathematician,non_europe
2068,Q6747104,Manavala Mamunigal,re_indian_world,Indian world,1370.0,philosopher,non_europe
2072,Q456963,candra ki+rti,re_indian_world,Indian world,600.0,philosopher,non_europe
2073,Q993504,Yāska,re_indian_world,Indian world,-500.0,linguist,non_europe
2075,Q15724123,Jagannatha Dasa,re_indian_world,Indian world,1491.0,philosopher,non_europe
2080,Q7451459,Seo Gyeong-deok,re_korea,Korea,1489.0,philosopher,non_europe
2081,Q487042,Choe Chiwon,re_korea,Korea,857.0,philosopher,non_europe
2082,Q494615,Jang Yeong-sil,re_korea,Korea,1400.0,astronomer,non_europe
2084,Q6450511,Kwon Geun,re_korea,Korea,1352.0,philosopher,non_europe
2086,Q484795,Hong Yun-sung,re_korea,Korea,1425.0,philosopher,non_europe
2087,Q493702,Seongjong,re_korea,Korea,960.0,philosopher,non_europe
2092,Q469423,Jeong Mong-ju,re_korea,Korea,1337.0,philosopher,non_europe
2098,Q497108,Lim Sa-hong,re_korea,Korea,1445.0,philosopher,non_europe
2100,Q484286,Il-yeon,re_korea,Korea,1206.0,historian,non_europe
2101,Q705838,Choe Bu,re_korea,Korea,1454.0,historian,non_europe
2104,Q704894,Jinul,re_korea,Korea,1158.0,philosopher,non_europe
2105,Q486298,Han Myeong-hoe,re_korea,Korea,1415.0,philosopher,non_europe
2106,Q486283,Jo Gwang-jo,re_korea,Korea,1482.0,philosopher,non_europe
2107,Q486278,Kim Jong-jik,re_korea,Korea,1431.0,philosopher,non_europe
2110,Q12602156,Seong Hyeon,re_korea,Korea,1439.0,musicologist,non_europe
2112,Q624894,Yi Eonjeok,re_korea,Korea,1491.0,philosopher,non_europe
2114,Q485131,Queen Seondeok of Silla,re_korea,Korea,606.0,astronomer,non_europe
2121,Q496753,Ha Ryun,re_korea,Korea,1347.0,philosopher,non_europe
2122,Q497120,Yi Je-hyun,re_korea,Korea,1287.0,philosopher,non_europe
2134,Q469396,Jeong Do-jeon,re_korea,Korea,1342.0,philosopher,non_europe
2136,Q486251,Yangnyeong,re_korea,Korea,1394.0,philosopher,non_europe
2137,Q626748,Jeong Chang-son,re_korea,Korea,1402.0,philosopher,non_europe
2138,Q8053468,Yi Saek,re_korea,Korea,1328.0,philosopher,non_europe
2139,Q495636,Kim Bu-sik,re_korea,Korea,1075.0,historian,non_europe
2140,Q7451572,Seong Hui-ahn,re_korea,Korea,1461.0,philosopher,non_europe
2143,Q483026,Kwon Ram,re_korea,Korea,1416.0,philosopher,non_europe
2144,Q495964,An Hyang,re_korea,Korea,1243.0,philosopher,non_europe
2145,Q486311,Yi Su-hyung,re_korea,Korea,1435.0,philosopher,non_europe
2146,Q98742917,Yuk Yi,re_korea,Korea,1438.0,philosopher,non_europe
2151,Q287222,Yu Gam-dong,re_korea,Korea,1401.0,philosopher,non_europe
2154,Q7125373,Pak Paengnyeon,re_korea,Korea,1417.0,linguist,non_europe
2155,Q470122,Shin Suk-ju,re_korea,Korea,1417.0,philosopher,non_europe
2156,Q11287139,Hong Dal-son,re_korea,Korea,1415.0,philosopher,non_europe
2157,Q623973,Choe Sejin,re_korea,Korea,1473.0,linguist,non_europe
2158,Q37682,Sejong the Great,re_korea,Korea,1397.0,linguist,non_europe
2159,Q5103799,Choe Chung,re_korea,Korea,984.0,philosopher,non_europe
2160,Q483255,Prince Hyoryeong,re_korea,Korea,1396.0,philosopher,non_europe
2161,Q6408542,Kim Dam,re_korea,Korea,1416.0,astronomer,non_europe
2165,Q16181541,prince HwaYi,re_korea,Korea,1425.0,linguist,non_europe
2166,Q483908,Gil Jae,re_korea,Korea,1353.0,philosopher,non_europe
2167,Q11095247,Yi Ji-bang,re_korea,Korea,1466.0,geographer,non_europe
2169,Q490448,Seol Chong,re_korea,Korea,655.0,philosopher,non_europe
2170,Q12610537,Yun Hoe,re_korea,Korea,1380.0,linguist,non_europe
2171,Q625715,Moon Ik-chum,re_korea,Korea,1329.0,philosopher,non_europe
2172,Q491828,Sin Yong-gae,re_korea,Korea,1463.0,philosopher,non_europe
2173,Q485278,Ryu Sun-jeong,re_korea,Korea,1459.0,philosopher,non_europe
2176,Q5360433,Jeong Hyun-jo,re_korea,Korea,1440.0,philosopher,non_europe
2177,Q498626,Nam Gon,re_korea,Korea,1471.0,philosopher,non_europe
2178,Q3055709,Uhwudong,re_korea,Korea,1430.0,philosopher,non_europe
2180,Q22974749,Yi Jun-gyeong,re_korea,Korea,1499.0,philosopher,non_europe
2182,Q483049,Uisang,re_korea,Korea,625.0,philosopher,non_europe
2183,Q12606285,Yang Sŏng-ji,re_korea,Korea,1415.0,historian,non_europe
2187,Q484792,Han Hwak,re_korea,Korea,1400.0,philosopher,non_europe
2191,Q16174098,Seong Un,re_korea,Korea,1497.0,philosopher,non_europe
2193,Q497153,Yi Gwang-sik,re_korea,Korea,1493.0,historian,non_europe
2194,Q8053448,Yi Gae,re_korea,Korea,1417.0,linguist,non_europe
2195,Q624466,Uicheon,re_korea,Korea,1055.0,philosopher,non_europe
2197,Q1237726,Dominicus Gundissalinus,re_arabic_world,Arabic world,1115.0,linguist | philosopher,non_europe
2198,Q7413013,Samuel ibn Seneh Zarza,re_arabic_world,Arabic world,1360.0,philosopher,non_europe
2207,Q67657447,Hamzah ibn ʻAbd Allah Nashiri,re_arabic_world,Arabic world,1430.0,botanist | historian,non_europe
2214,Q2745413,Al-Hadi ila'l-Haqq Yahya,re_arabic_world,Arabic world,859.0,theologian,non_europe
2215,Q6533520,ʻAbd al-Raḥmān ibn ʻAlī Ibn al-Daybaʻ,re_arabic_world,Arabic world,1461.0,historian,non_europe
2220,Q68167891,Badr al-Din al-Husayn ibn al-Siddiq Ahdal,re_arabic_world,Arabic world,1402.0,historian,non_europe
2243,Q16123878,Al-Ashraf Umar II,re_arabic_world,Arabic world,1242.0,astronomer,non_europe
2270,Q439374,Wahb ibn Munabbih,re_arabic_world,Arabic world,655.0,historian,non_europe
2277,Q3503419,Sulaiman Al Mahri,re_arabic_world,Arabic world,1480.0,geographer,non_europe
2298,Q970628,Abū Muhammad al-Hasan al-Hamdānī,re_arabic_world,Arabic world,893.0,geographer | astronomer | physicist | chemist,non_europe
2350,Q56506397,Ali ibn Muhammad ibn al-Walid,re_arabic_world,Arabic world,1128.0,philosopher,non_europe
2358,Q4115262,Fairuzabadi,re_arabic_world,Arabic world,1329.0,linguist,non_europe
2378,Q3785847,Hisham ibn Urwah,re_arabic_world,Arabic world,680.0,theologian,non_europe
2379,Q51884,John of Damascus,re_arabic_world,Arabic world,675.0,theologian | astronomer | philosopher,non_europe
2380,Q958986,Ishtori Haparchi,re_arabic_world,Arabic world,1280.0,geographer,non_europe
2382,Q2804843,'Abdu Llâh Ibn Muhammad Al Ma'âfirî,re_arabic_world,Arabic world,1050.0,theologian,non_europe
2383,Q337029,Abu al-Aswad al-Du'ali,re_arabic_world,Arabic world,603.0,linguist,non_europe
2384,Q2916804,Mujir al-Din,re_arabic_world,Arabic world,1456.0,historian,non_europe
2386,Q4267,Adémar de Chabannes,re_arabic_world,Arabic world,988.0,historian,non_europe
2390,Q4165518,Khalid ibn Yazid,re_arabic_world,Arabic world,655.0,chemist,non_europe
2392,Q12218718,Shuraih Al-Qadhi,re_arabic_world,Arabic world,593.0,historian,non_europe
2393,Q12183510,Sulaimān Ibn-Mihrān Al-A’mash,re_arabic_world,Arabic world,680.0,theologian,non_europe
2395,Q112128,Husayn ibn Ali,re_arabic_world,Arabic world,626.0,theologian,non_europe
2399,Q6957308,Ibrahim al-Nakhai,re_arabic_world,Arabic world,670.0,theologian,non_europe
2400,Q56250455,Ahmad Ibn-Muhammad Ibn-al-Haʾim,re_arabic_world,Arabic world,1352.0,mathematician,non_europe
2401,Q2275364,Severus Sebokht,re_arabic_world,Arabic world,575.0,astronomer | philosopher,non_europe
2402,Q4116087,Ka'ab al-Ahbar,re_arabic_world,Arabic world,600.0,theologian,non_europe
2403,Q4670027,Abu 'Amr ibn al-'Ala',re_arabic_world,Arabic world,689.0,linguist,non_europe
2406,Q12222362,Amir al-Sha'bi,re_arabic_world,Arabic world,641.0,historian,non_europe
2407,Q1567837,Ibn Abi Ishaq,re_arabic_world,Arabic world,650.0,linguist,non_europe
2408,Q1881341,Sinan ibn Thabit,re_arabic_world,Arabic world,880.0,astronomer | mathematician,non_europe
2409,Q11944385,Radegunda de Treviño,re_arabic_world,Arabic world,1119.0,philosopher,non_europe
2410,Q1655912,Aḥmad Ibn-ʿAlī Ibn-Zunbul,re_arabic_world,Arabic world,1500.0,historian,non_europe
2411,Q12202948,Taqi al-Din al-Subki,re_arabic_world,Arabic world,1284.0,theologian,non_europe
2412,Q423210,Banū Mūsā,re_arabic_world,Arabic world,900.0,astronomer | mathematician,non_europe
2413,Q12182782,Ibn Muti al-Zawawi,re_arabic_world,Arabic world,1168.0,linguist,non_europe
2414,Q503130,Hunayn ibn Ishaq,re_arabic_world,Arabic world,808.0,philosopher,non_europe
2415,Q11917497,Al-Ja'd ibn Dirham,re_arabic_world,Arabic world,700.0,theologian | philosopher,non_europe
2416,Q12227970,Ibn Yunus Nabati,re_arabic_world,Arabic world,1389.0,philosopher,non_europe
2417,Q335966,Jonah ibn Janah,re_arabic_world,Arabic world,990.0,linguist,non_europe
2418,Q335145,Ibn al-Baitar,re_arabic_world,Arabic world,1197.0,botanist | pharmacologist,non_europe
2419,Q12198436,Bischr ibn al-Muʿtamir,re_arabic_world,Arabic world,800.0,theologian,non_europe
2420,Q4703386,Al-Zuhri,re_arabic_world,Arabic world,1130.0,geographer,non_europe
2421,Q21208389,Ibn al-A'lam,re_arabic_world,Arabic world,901.0,astronomer,non_europe
2422,Q510650,Hilal al-Sabi',re_arabic_world,Arabic world,969.0,historian,non_europe
2423,Q19288802,Ibn al-Samh,re_arabic_world,Arabic world,979.0,astronomer | mathematician,non_europe
2424,Q5984319,Ibn al-Wardi,re_arabic_world,Arabic world,1290.0,botanist | zoologist | historian | geographer,non_europe
2425,Q508501,Ibn Idhari,re_arabic_world,Arabic world,1300.0,historian,non_europe
2426,Q1959585,Ibn al-Tiqtaqa,re_arabic_world,Arabic world,1262.0,linguist | historian,non_europe
2427,Q4115511,Abu al-Hassan al-Amiri,re_arabic_world,Arabic world,913.0,philosopher,non_europe
2428,Q451427,Usama ibn Munqidh,re_arabic_world,Arabic world,1095.0,historian,non_europe
2429,Q67092995,Ismail al-Hadhiri,re_arabic_world,Arabic world,1137.0,linguist,non_europe
2430,Q7507290,Sibt al-Maridini,re_arabic_world,Arabic world,1423.0,astronomer,non_europe
2432,Q328748,Saadia Gaon,re_arabic_world,Arabic world,882.0,philosopher,non_europe
2433,Q12252153,Yousef ibn Mohamed ibn Masoud al-Sarmari,re_arabic_world,Arabic world,1296.0,linguist,non_europe
2434,Q1356575,Ibn al-Qalanisi,re_arabic_world,Arabic world,1071.0,historian,non_europe
2435,Q425501,Al-Azraqi,re_arabic_world,Arabic world,800.0,historian,non_europe
2436,Q5984286,Ibn abd al-Malik al-Marrakushi,re_arabic_world,Arabic world,1237.0,historian,non_europe
2437,Q648487,Al-Mada'ini,re_arabic_world,Arabic world,753.0,historian,non_europe
2438,Q400919,Ahmad al-Qalqashandi,re_arabic_world,Arabic world,1355.0,mathematician,non_europe
2439,Q15431116,Al-Quda'i,re_arabic_world,Arabic world,950.0,historian,non_europe
2440,Q3571329,Yahya Ibn Khaldun,re_arabic_world,Arabic world,1332.0,historian,non_europe
2441,Q287492,Ali ibn Ridwan,re_arabic_world,Arabic world,988.0,astronomer,non_europe
2442,Q3460213,Ibn Juljul,re_arabic_world,Arabic world,943.0,pharmacologist,non_europe
2443,Q5984161,Ibn Abi Tahir Tayfur,re_arabic_world,Arabic world,819.0,geographer | linguist | historian,non_europe
2444,Q6122255,Sayf ibn Umar,re_arabic_world,Arabic world,750.0,historian,non_europe
2445,Q1186444,Abu al-Salt,re_arabic_world,Arabic world,1068.0,astronomer | philosopher,non_europe
2446,Q2995629,Mohammed ibn Adjurrum,re_arabic_world,Arabic world,1273.0,linguist,non_europe
2447,Q2637918,Abu'l-Barakāt al-Baghdādī,re_arabic_world,Arabic world,1080.0,philosopher,non_europe
2448,Q1393417,Ali ibn Sahl Rabban al-Tabari,re_arabic_world,Arabic world,838.0,philosopher,non_europe
2449,Q3478584,Senoussi,re_arabic_world,Arabic world,1426.0,theologian,non_europe
2450,Q46420,Ibn Arabi,re_arabic_world,Arabic world,1165.0,philosopher,non_europe
2451,Q3478100,Wasil ibn Ata,re_arabic_world,Arabic world,700.0,theologian,non_europe
2452,Q314978,Ali ibn al-Husayn Zayn al-'Abidin,re_arabic_world,Arabic world,659.0,theologian,non_europe
2453,Q5847266,Ibn Duqmaq,re_arabic_world,Arabic world,1349.0,historian,non_europe
2454,Q536837,Isaac Israeli ben Solomon,re_arabic_world,Arabic world,832.0,philosopher,non_europe
2455,Q3772847,Ibn Amira,re_arabic_world,Arabic world,1186.0,historian,non_europe
2456,Q203142,Ibn al-Farid,re_arabic_world,Arabic world,1181.0,philosopher,non_europe
2457,Q57419639,Aladdin al-Shirazi,re_arabic_world,Arabic world,1386.0,logician,non_europe
2458,Q316364,Yaqut al-Hamawi,re_arabic_world,Arabic world,1178.0,geographer | historian,non_europe
2459,Q4702931,Al-Mufaddal ibn Abi al-Fada'il,re_arabic_world,Arabic world,1201.0,historian,non_europe
2460,Q311462,Abulfeda,re_arabic_world,Arabic world,1273.0,geographer | astronomer | historian,non_europe
2461,Q228203,Zufar ibn al-Hudhail,re_arabic_world,Arabic world,728.0,theologian,non_europe
2462,Q4702369,Al-Fakihi,re_arabic_world,Arabic world,839.0,historian,non_europe
2463,Q6533412,Ibn al-Ḥājib,re_arabic_world,Arabic world,1175.0,historian,non_europe
2464,Q3292293,Abu Mansur Mauhub al-Jawaliqi,re_arabic_world,Arabic world,1074.0,linguist,non_europe
2465,Q315377,Ali al-Hadi,re_arabic_world,Arabic world,829.0,theologian,non_europe
2466,Q12223451,Abdullah bin Asaad Al-Yafi'i,re_arabic_world,Arabic world,1298.0,historian,non_europe
2467,Q108733998,Abu al-Faraj al-Armanazi,re_arabic_world,Arabic world,1051.0,historian,non_europe
2468,Q42298432,Nasrallah al-Baghdadi,re_arabic_world,Arabic world,1332.0,linguist,non_europe
2469,Q4670097,Abu Bakr Ibn Mujāhid,re_arabic_world,Arabic world,900.0,theologian,non_europe
2470,Q467161,Samuel ibn Naghrillah,re_arabic_world,Arabic world,993.0,linguist | philosopher,non_europe
2471,Q3603848,Abū Isḥāq al-Shīrāzī,re_arabic_world,Arabic world,1003.0,theologian,non_europe
2472,Q12220160,"Ṣafadī, Khalīl ibn Aybak",re_arabic_world,Arabic world,1296.0,historian,non_europe
2475,Q12198099,Ibrāhīm ibn ʻUmar Biqāʻī,re_arabic_world,Arabic world,1407.0,historian,non_europe
2476,Q584679,Muḥammad ibn Ibrāhīm al-Fazārī,re_arabic_world,Arabic world,746.0,astronomer | mathematician,non_europe
2477,Q14095767,Muqātil ibn Sulaymān,re_arabic_world,Arabic world,701.0,theologian,non_europe
2478,Q12182523,al-Qāsim ibn Fīrruh Shāṭibī,re_arabic_world,Arabic world,1144.0,theologian,non_europe
2479,Q4115307,Al-Jubba'i,re_arabic_world,Arabic world,849.0,theologian | philosopher,non_europe
2480,Q6536134,Ibn Sallâm al-Jumahî,re_arabic_world,Arabic world,756.0,linguist,non_europe
2481,Q945425,Mashallah ibn Athari,re_arabic_world,Arabic world,740.0,astronomer | mathematician,non_europe
2482,Q42298972,Ibn Habib al-Halabi,re_arabic_world,Arabic world,1310.0,historian,non_europe
2483,Q7395439,Sa'id ibn Aws al-Ansari,re_arabic_world,Arabic world,743.0,linguist,non_europe
2484,Q307665,Abd Allah ibn al-Zubayr,re_arabic_world,Arabic world,624.0,theologian,non_europe
2485,Q1151805,Al-Qurtubi,re_arabic_world,Arabic world,1214.0,theologian,non_europe
2486,Q4120128,Al-Sakhawi,re_arabic_world,Arabic world,1428.0,historian,non_europe
2487,Q4322459,Zarkashi,re_arabic_world,Arabic world,1344.0,historian,non_europe
2488,Q3535817,ʿAbd Allāh ibn al-Ḥusayn al- ʿUkbarī,re_arabic_world,Arabic world,1143.0,mathematician,non_europe
2489,Q39837,Averroes,re_arabic_world,Arabic world,1126.0,astronomer | philosopher,non_europe
2490,Q67654781,Ibn al-Kharrat al-Dawalibi,re_arabic_world,Arabic world,1240.0,linguist,non_europe
2491,Q144639,Zakariya al-Qazwini,re_arabic_world,Arabic world,1203.0,geographer | zoologist | historian | mathematician,non_europe
2492,Q179759,Al-Kindi,re_arabic_world,Arabic world,801.0,philosopher | musicologist | astronomer | mathematician,non_europe
2493,Q22908812,Abul Hasan Hankari,re_arabic_world,Arabic world,1018.0,theologian,non_europe
2494,Q1061624,Chananel ben Chushiel,re_arabic_world,Arabic world,990.0,theologian,non_europe
2495,Q980179,Safi al-Din al-Urmawi,re_arabic_world,Arabic world,1216.0,musicologist,non_europe
2496,Q302956,Aaron ben Elijah,re_arabic_world,Arabic world,1328.0,theologian,non_europe
2497,Q3069371,Ibn al‐Ha'im al‐Ishbili,re_arabic_world,Arabic world,1213.0,astronomer | philosopher | mathematician,non_europe
2498,Q11079,Muḥammad ibn Jābir al-Ḥarrānī al-Battānī,re_arabic_world,Arabic world,858.0,astronomer | mathematician,non_europe
2499,Q15603559,Abū Bakr al-Darbandī,re_arabic_world,Arabic world,1068.0,theologian,non_europe
2500,Q4540405,'Abd al-'Aziz al-Wafa'i,re_arabic_world,Arabic world,1408.0,astronomer,non_europe
2501,Q4116044,Harith al-Muhasibi,re_arabic_world,Arabic world,781.0,theologian,non_europe
2502,Q6532914,Ibn Abī Shaiba,re_arabic_world,Arabic world,776.0,historian,non_europe
2503,Q251259,Ibn Tufayl,re_arabic_world,Arabic world,1110.0,philosopher,non_europe
2504,Q557361,Yahya of Antioch,re_arabic_world,Arabic world,980.0,historian,non_europe
2505,Q307250,'Abd al-Hamīd ibn Turk,re_arabic_world,Arabic world,800.0,mathematician,non_europe
2506,Q57259185,Ibn al-Ayni,re_arabic_world,Arabic world,1433.0,linguist,non_europe
2507,Q340519,Ahimaaz ben Paltiel,re_arabic_world,Arabic world,1017.0,historian,non_europe
2508,Q2719051,Ibn Sab'in,re_arabic_world,Arabic world,1217.0,philosopher,non_europe
2509,Q6532706,Ibn Abi al-Dunya,re_arabic_world,Arabic world,823.0,historian,non_europe
2510,Q316349,Abu al-Hasan al-Ash'ari,re_arabic_world,Arabic world,873.0,theologian | philosopher,non_europe
2511,Q16126606,al-Qāsim ibn ʻAbd Allāh Ibn Quṭlūbughā,re_arabic_world,Arabic world,1399.0,theologian | historian,non_europe
2512,Q4670034,Abu 'Ubaida,re_arabic_world,Arabic world,728.0,historian,non_europe
2513,Q1378989,Eutychius of Alexandria,re_arabic_world,Arabic world,877.0,historian,non_europe
2514,Q367319,Ibn Jubayr,re_arabic_world,Arabic world,1145.0,geographer,non_europe
2515,Q4063579,Altaïr Ibn-La'Ahad,re_arabic_world,Arabic world,1165.0,philosopher | historian,non_europe
2516,Q9294,Ibn Khaldun,re_arabic_world,Arabic world,1332.0,philosopher | sociologist | economist | anthropologist | historian,non_europe
2517,Q293608,Ibn al-Banna' al-Marrakushi,re_arabic_world,Arabic world,1256.0,astronomer | mathematician,non_europe
2518,Q330821,Abraham ibn Daud,re_arabic_world,Arabic world,1110.0,philosopher | historian,non_europe
2519,Q20003180,Ibn al-Dubaythi,re_arabic_world,Arabic world,1163.0,historian,non_europe
2520,Q4695507,Ahmad al-Buni,re_arabic_world,Arabic world,1200.0,mathematician,non_europe
2521,Q12178189,Ibn ʿAqil,re_arabic_world,Arabic world,1298.0,linguist,non_europe
2522,Q2478044,Alī ibn Ahmad al-Nasawī,re_arabic_world,Arabic world,1010.0,astronomer | mathematician,non_europe
2523,Q2820894,Abu l-Faraj at-Tayyib,re_arabic_world,Arabic world,980.0,philosopher,non_europe
2524,Q107345083,Abdullah ibn al-Hasan al-Qurtubi,re_arabic_world,Arabic world,1161.0,linguist,non_europe
2525,Q28714887,Muhammad ibn Saʿdān al-Ḍarīr,re_arabic_world,Arabic world,778.0,linguist,non_europe
2527,Q846536,Ibn al-Adim,re_arabic_world,Arabic world,1192.0,historian,non_europe
2529,Q20383681,Abu al-Qassim al-Amidi,re_arabic_world,Arabic world,905.0,linguist,non_europe
2530,Q239355,Solomon ibn Gabirol,re_arabic_world,Arabic world,1021.0,philosopher,non_europe
2531,Q52200506,Ibn Naja al-Erbili,re_arabic_world,Arabic world,1190.0,linguist | philosopher,non_europe
2532,Q557961,Al-Khatib al-Baghdadi,re_arabic_world,Arabic world,1002.0,historian,non_europe
2533,Q119679,Ibn Qayyim Al-Jawziy,re_arabic_world,Arabic world,1292.0,theologian,non_europe
2534,Q481455,Abu-Shama al-Maqdissí,re_arabic_world,Arabic world,1203.0,historian,non_europe
2535,Q107344255,Abu al-Hajjaj al-Balawi,re_arabic_world,Arabic world,1132.0,linguist,non_europe
2536,Q11937838,Izz al-Din ibn Shaddad,re_arabic_world,Arabic world,1217.0,historian,non_europe
2537,Q4121967,Ibn al-Majdi,re_arabic_world,Arabic world,1359.0,astronomer | mathematician,non_europe
2538,Q3303997,Abu Sulayman Sijistani,re_arabic_world,Arabic world,932.0,philosopher,non_europe
2539,Q732363,Ibn 'Abd al-Barr,re_arabic_world,Arabic world,978.0,historian,non_europe
2540,Q846343,Sibt ibn al-Jawzi,re_arabic_world,Arabic world,1186.0,historian,non_europe
2541,Q55997606,Ibn al-Uqlishi,re_arabic_world,Arabic world,1097.0,linguist,non_europe
2542,Q2922506,Busiri,re_arabic_world,Arabic world,1213.0,mathematician,non_europe
2543,Q5963182,Abū al-Ṣalāḥ al-Ḥalabī,re_arabic_world,Arabic world,984.0,theologian,non_europe
2544,Q285255,Al-Waqidi,re_arabic_world,Arabic world,747.0,historian,non_europe
2545,Q2481432,Ibn al-Qifti,re_arabic_world,Arabic world,1172.0,historian,non_europe
2546,Q2665215,Ibrahim ibn Adham,re_arabic_world,Arabic world,718.0,theologian,non_europe
2547,Q20422810,Muḥammad ibn ʻAbd al-Malik Hamadhānī,re_arabic_world,Arabic world,1071.0,historian,non_europe
2548,Q11133,Abū Ishāq Ibrāhīm al-Zarqālī,re_arabic_world,Arabic world,1027.0,astronomer,non_europe
2549,Q3147440,Ibn Xabbat,re_arabic_world,Arabic world,1221.0,historian,non_europe
2550,Q6820252,Al-Jaṣṣās,re_arabic_world,Arabic world,918.0,theologian,non_europe
2551,Q423600,`Abdullah ibn `Abbas,re_arabic_world,Arabic world,619.0,historian,non_europe
2552,Q3321466,Ibn al-Abbar,re_arabic_world,Arabic world,1199.0,historian,non_europe
2553,Q2822098,Abul Barakat al-Balafiki,re_arabic_world,Arabic world,1264.0,historian,non_europe
2554,Q3751049,Al-Udri,re_arabic_world,Arabic world,1003.0,historian,non_europe
2555,Q6538102,Ibn Hisham Al-Ansari,re_arabic_world,Arabic world,1309.0,linguist,non_europe
2556,Q367330,Ibn Hawqal,re_arabic_world,Arabic world,943.0,geographer,non_europe
2558,Q298439,Abu al-Wafa Buzjani,re_arabic_world,Arabic world,940.0,astronomer | mathematician,non_europe
2559,Q107355618,Abd al-Malik ibn al-Siraj,re_arabic_world,Arabic world,1009.0,linguist,non_europe
2561,Q3317409,Mkhitar of Ani,re_arabic_world,Arabic world,1200.0,historian,non_europe
2562,Q2898339,Judah ibn Kuraish,re_arabic_world,Arabic world,850.0,linguist,non_europe
2563,Q2745220,Ibn Hayyan,re_arabic_world,Arabic world,987.0,historian,non_europe
2564,Q5907908,Ibn Bassal,re_arabic_world,Arabic world,1050.0,botanist,non_europe
2565,Q9593473,al-Musabbihi,re_arabic_world,Arabic world,977.0,historian,non_europe
2566,Q1299570,Ibn Zafar,re_arabic_world,Arabic world,1104.0,philosopher | political scientist,non_europe
2567,Q3875793,Husam al-Din Chalabi,re_arabic_world,Arabic world,1225.0,theologian,non_europe
2568,Q19629001,Sidi Boushaki,re_arabic_world,Arabic world,1394.0,theologian,non_europe
2569,Q12183231,Abu Bakr al-Ajurri,re_arabic_world,Arabic world,893.0,theologian,non_europe
2570,Q315920,Hasan al-Askari,re_arabic_world,Arabic world,846.0,theologian,non_europe
2571,Q6056774,İbni Arapşah,re_arabic_world,Arabic world,1389.0,philosopher,non_europe
2572,Q401463,Ahmed ar-Rifa'i,re_arabic_world,Arabic world,1118.0,theologian,non_europe
2573,Q2846653,Ibn Faradi,re_arabic_world,Arabic world,962.0,historian,non_europe
2574,Q130169,Sharif al-Murtadha,re_arabic_world,Arabic world,966.0,theologian,non_europe
2575,Q2821719,Abu Raita al-Takriti,re_arabic_world,Arabic world,775.0,theologian,non_europe
2576,Q2462319,Abū al-Ḥasan ibn ʿAlī al-Qalaṣādī,re_arabic_world,Arabic world,1412.0,mathematician,non_europe
2577,Q6533916,Ibn al-Sha'ar,re_arabic_world,Arabic world,1197.0,historian,non_europe
2578,Q31439,Abraham bar Hiyya,re_arabic_world,Arabic world,1070.0,geographer | astronomer | philosopher | mathematician,non_europe
2579,Q21208801,Muhammad al-Baghdadi,re_arabic_world,Arabic world,980.0,mathematician,non_europe
2580,Q982406,Sheikh Adi ibn Musafir,re_arabic_world,Arabic world,1073.0,theologian,non_europe
2582,Q81627,al-Jazari,re_arabic_world,Arabic world,1136.0,astronomer | mathematician,non_europe
2583,Q20384863,Muhammad ibn al-Hasan Saʼigh,re_arabic_world,Arabic world,1247.0,linguist,non_europe
2584,Q3043486,Sultan Walad,re_arabic_world,Arabic world,1226.0,philosopher,non_europe
2585,Q1399609,Ibn al-Rawandi,re_arabic_world,Arabic world,827.0,philosopher | historian,non_europe
2586,Q2231534,Yusuf al-Mu'taman ibn Hud,re_arabic_world,Arabic world,1001.0,mathematician,non_europe
2587,Q3154800,Isaac ibn Saul,re_arabic_world,Arabic world,950.0,linguist,non_europe
2588,Q168705,Al-Masudi,re_arabic_world,Arabic world,896.0,geographer | historian,non_europe
2589,Q12178782,Abu al-'Abbas Tha'lab,re_arabic_world,Arabic world,815.0,linguist,non_europe
2590,Q1370661,Menahem ben Saruq,re_arabic_world,Arabic world,920.0,philosopher,non_europe
2591,Q11104,Ibn al-Haytham,re_arabic_world,Arabic world,965.0,astronomer | philosopher | physicist | mathematician,non_europe
2592,Q55835386,Abū-Saʻīd Faraǧ Ibn-Qāsim Ibn-Lubb,re_arabic_world,Arabic world,1301.0,linguist,non_europe
2593,Q19291166,Ishaq ben Reuben,re_arabic_world,Arabic world,1073.0,philosopher,non_europe
2594,Q299200,Judah Halevi,re_arabic_world,Arabic world,1075.0,theologian | philosopher,non_europe
2595,Q16693597,Saad bin Ibrahim al-Zuhri,re_arabic_world,Arabic world,700.0,theologian,non_europe
2596,Q732429,Muhammad ibn Sa'd ibn Mani' al-Baghdadi,re_arabic_world,Arabic world,784.0,historian,non_europe
2597,Q2975510,Ibrahim ibn Sinan,re_arabic_world,Arabic world,908.0,astronomer | mathematician,non_europe
2598,Q7684920,Taqi al-Din Muhammad ibn Ahmad al-Fasi,re_arabic_world,Arabic world,1373.0,historian,non_europe
2599,Q334854,Ali ibn al-Athir,re_arabic_world,Arabic world,1160.0,theologian | historian,non_europe
2600,Q292484,Sayf al-Din al-Amidi,re_arabic_world,Arabic world,1156.0,philosopher,non_europe
2601,Q762229,Bahya ibn Paquda,re_arabic_world,Arabic world,1050.0,theologian | philosopher,non_europe
2602,Q192124,Muhammad ibn Jarir al-Tabari,re_arabic_world,Arabic world,839.0,philosopher | historian,non_europe
2603,Q2277088,Niftawayh,re_arabic_world,Arabic world,858.0,linguist | historian,non_europe
2604,Q5675767,"Kāzarūnī, ʻAlī ibn Muḥammad",re_arabic_world,Arabic world,1217.0,historian,non_europe
2605,Q716228,Hisham Ibn Al-Kalbi,re_arabic_world,Arabic world,737.0,historian,non_europe
2606,Q481499,Ibn Taghribirdi,re_arabic_world,Arabic world,1410.0,historian,non_europe
2607,Q1238067,Muhammad ibn Yūsuf al-Warrāq,re_arabic_world,Arabic world,904.0,geographer | historian,non_europe
2608,Q20388315,Afdal al-Din al-Khunaji,re_arabic_world,Arabic world,1194.0,philosopher,non_europe
2609,Q12251200,Wakee ibn al-Jarrah,re_arabic_world,Arabic world,746.0,theologian,non_europe
2610,Q66587206,Ibn al-Fahham,re_arabic_world,Arabic world,1031.0,linguist,non_europe
2611,Q7331,Ibn Battuta,re_arabic_world,Arabic world,1304.0,geographer,non_europe
2612,Q770298,Sadr al-Din al-Qunawi,re_arabic_world,Arabic world,1209.0,philosopher,non_europe
2613,Q16169783,Arib ibn Sa'd al-Katib al-Qurtubi,re_arabic_world,Arabic world,979.0,historian,non_europe
2614,Q12177924,Ahmad ibn Muhammad abu Yafar al-Gafiqi,re_arabic_world,Arabic world,1100.0,botanist | historian,non_europe
2615,Q317787,Ibn Hazm,re_arabic_world,Arabic world,994.0,geographer | philosopher,non_europe
2616,Q2390573,Al-ʾAṣmaʿiyy,re_arabic_world,Arabic world,740.0,botanist,non_europe
2617,Q16118116,Yaḥyā Ibn-Ziyād Farrāʾ,re_arabic_world,Arabic world,761.0,astronomer | linguist,non_europe
2618,Q12233266,Mūsá ibn Muḥammad Yūnīnī,re_arabic_world,Arabic world,1242.0,historian,non_europe
2619,Q4666111,Abdullah ibn Mubarak,re_arabic_world,Arabic world,736.0,historian,non_europe
2620,Q26215542,Kamal al-Din bin Younis,re_arabic_world,Arabic world,1156.0,astronomer | chemist | mathematician,non_europe
2621,Q984663,Ibn Qutaybah,re_arabic_world,Arabic world,828.0,theologian | historian,non_europe
2622,Q482353,al-Qadi al-Nuʿman,re_arabic_world,Arabic world,903.0,theologian | historian,non_europe
2623,Q12178297,Abū ʿAlī al-Fārisī,re_arabic_world,Arabic world,901.0,linguist,non_europe
2624,Q5984300,Ibn al-Furat,re_arabic_world,Arabic world,1336.0,historian,non_europe
2625,Q112465,Nafi' al-Madani,re_arabic_world,Arabic world,689.0,theologian,non_europe
2626,Q5410881,Muḥammad Ibn-Ibrāhīm Ibn-Ǧamāʿa,re_arabic_world,Arabic world,1241.0,theologian,non_europe
2627,Q514144,Guillaume de Sonnac,re_arabic_world,Arabic world,1200.0,historian,non_europe
2628,Q11373,Abu Ma'shar al-Balkhi,re_arabic_world,Arabic world,787.0,astronomer | philosopher | mathematician,non_europe
2629,Q22933487,Ibn al-Sa'i,re_arabic_world,Arabic world,1196.0,historian,non_europe
2630,Q369690,Ibn Kathir,re_arabic_world,Arabic world,1301.0,historian,non_europe
2631,Q293669,Abd al-Rahman al-Awza'i,re_arabic_world,Arabic world,707.0,theologian | philosopher,non_europe
2632,Q174325,Ibn Wasil,re_arabic_world,Arabic world,1208.0,philosopher | historian | mathematician,non_europe
2633,Q731866,Abu'l-Faraj ibn al-Jawzi,re_arabic_world,Arabic world,1116.0,philosopher | historian,non_europe
2634,Q12201802,ʿAbd-al-Wahhāb Ibn-ʿAlī Tāǧ-ad-Dīn as-Subkī,re_arabic_world,Arabic world,1327.0,theologian,non_europe
2635,Q319146,Ibn al-Nafis,re_arabic_world,Arabic world,1210.0,philosopher,non_europe
2636,Q334847,Ibn Ishaq,re_arabic_world,Arabic world,704.0,historian,non_europe
2638,Q1153185,Sahl al-Tustari,re_arabic_world,Arabic world,818.0,theologian,non_europe
2639,Q57693362,Muhammad ibn Abd al-Wahid Mallahi,re_arabic_world,Arabic world,1154.0,historian,non_europe
2640,Q12243677,Muadh al-Harra,re_arabic_world,Arabic world,800.0,linguist,non_europe
2641,Q3308706,Ibn al-Wafid,re_arabic_world,Arabic world,997.0,botanist,non_europe
2642,Q6533428,Ibn al-Kashshab,re_arabic_world,Arabic world,1098.0,linguist,non_europe
2643,Q6407970,ʻAbd Allah ibn Muhammad al-Husayni Nuqrahkar,re_arabic_world,Arabic world,1307.0,linguist,non_europe
2644,Q12205849,Muhammad ibn Ibrahim ibn Yahya Watwat,re_arabic_world,Arabic world,1235.0,botanist | linguist | zoologist | chemist,non_europe
2645,Q6535133,Ibn Jinni,re_arabic_world,Arabic world,941.0,linguist,non_europe
2646,Q2477222,Abdullah ibn Saba',re_arabic_world,Arabic world,600.0,theologian,non_europe
2647,Q335635,Al-Mawardi,re_arabic_world,Arabic world,974.0,political scientist | sociologist,non_europe
2648,Q200947,Ahmad ibn Fadlan,re_arabic_world,Arabic world,879.0,geographer,non_europe
2649,Q4118605,Muhammad al-Maghili,re_arabic_world,Arabic world,1440.0,theologian,non_europe
2650,Q12187054,Jalal al-Din al-Qazwini,re_arabic_world,Arabic world,1268.0,linguist,non_europe
2651,Q2081331,Haly Abenragel,re_arabic_world,Arabic world,901.0,astronomer,non_europe
2652,Q2918077,Said al-Andalusi,re_arabic_world,Arabic world,1029.0,astronomer | historian,non_europe
2653,Q8192126,Ahmad ibn Muhammad al-Razi,re_arabic_world,Arabic world,887.0,historian,non_europe
2654,Q3637065,Baybars al-Mansûrî,re_arabic_world,Arabic world,1247.0,historian,non_europe
2655,Q467148,Joseph ben Ephraim Karo,re_arabic_world,Arabic world,1488.0,philosopher,non_europe
2656,Q6536330,Muhammad ibn Shakir al-Kutubi,re_arabic_world,Arabic world,1287.0,historian,non_europe
2657,Q12178232,Abu Hashim al-Jubba'i,re_arabic_world,Arabic world,888.0,theologian,non_europe
2658,Q12181671,Ibrahim al-Riyadi al-Shaybani,re_arabic_world,Arabic world,838.0,linguist,non_europe
2659,Q288111,Jabir ibn Aflah,re_arabic_world,Arabic world,1100.0,astronomer | mathematician,non_europe
2661,Q4664586,Abd al-Rahman al-Jadiri,re_arabic_world,Arabic world,1375.0,astronomer,non_europe
2662,Q307686,Abdullah ibn Salam,re_arabic_world,Arabic world,550.0,theologian,non_europe
2663,Q2342579,Sharaf al-Dīn al-Ṭūsī,re_arabic_world,Arabic world,1135.0,astronomer | mathematician,non_europe
2664,Q3772449,Ibn al-Saffar,re_arabic_world,Arabic world,950.0,astronomer,non_europe
2665,Q7902047,Usman Harooni,re_arabic_world,Arabic world,1107.0,philosopher,non_europe
2666,Q20384774,Muḥammad ibn ʻAbd al-Wāḥid Ibn al-Humām,re_arabic_world,Arabic world,1388.0,theologian,non_europe
2668,Q1235399,Ibn al-'Awwam,re_arabic_world,Arabic world,1150.0,botanist,non_europe
2669,Q330776,Abraham ben Solomon,re_arabic_world,Arabic world,1482.0,historian,non_europe
2670,Q3147451,Ibn Qurqūl,re_arabic_world,Arabic world,1111.0,theologian,non_europe
2671,Q639821,Ibn Kammuna,re_arabic_world,Arabic world,1215.0,theologian | philosopher,non_europe
2672,Q918471,Abu Bakr ibn al-Arabi,re_arabic_world,Arabic world,1076.0,historian,non_europe
2673,Q4670442,Abu al-Hasan Ali al-Jaznai,re_arabic_world,Arabic world,1300.0,historian,non_europe
2674,Q56063581,Judah ben Solomon ha-Kohen,re_arabic_world,Arabic world,1215.0,astronomer,non_europe
2676,Q13176625,Aḥmad ibn Yūsuf ibn ʻAlī Ibn al-Azraq al-Fāriqī,re_arabic_world,Arabic world,1116.0,historian,non_europe
2678,Q57420531,Ibn Khatib al-Nasiriya,re_arabic_world,Arabic world,1372.0,historian,non_europe
2679,Q4116640,Muhammad ibn Aslam Al-Ghafiqi,re_arabic_world,Arabic world,1100.0,botanist,non_europe
2680,Q106595657,Al-Ṭignarī,re_arabic_world,Arabic world,1100.0,botanist,non_europe
2681,Q3147455,Ibn Masarra,re_arabic_world,Arabic world,883.0,philosopher,non_europe
2682,Q565665,Ibn 'Asakir,re_arabic_world,Arabic world,1105.0,theologian | historian,non_europe
2683,Q380295,Bar Hebraeus,re_arabic_world,Arabic world,1226.0,historian,non_europe
2684,Q2608002,Al-Baqillani,re_arabic_world,Arabic world,950.0,theologian,non_europe
2685,Q28714944,Al-Rummani,re_arabic_world,Arabic world,909.0,linguist | logician,non_europe
2687,Q5949576,Bondari Esfahani,re_arabic_world,Arabic world,1190.0,historian,non_europe
2688,Q57316754,Ibn Hasnun,re_arabic_world,Arabic world,908.0,linguist,non_europe
2689,Q527284,Yaʿqūb ibn Ṭāriq,re_arabic_world,Arabic world,800.0,astronomer | mathematician,non_europe
2690,Q3483161,Sidi Abderrahmane ath-Thaalibi,re_arabic_world,Arabic world,1384.0,theologian,non_europe
2692,Q404554,William of Tripoli,re_arabic_world,Arabic world,1250.0,anthropologist,non_europe
2693,Q2474911,Al-Abbās ibn Said al-Jawharī,re_arabic_world,Arabic world,800.0,astronomer | mathematician,non_europe
2694,Q253568,Baha ad-Din ibn Shaddad,re_arabic_world,Arabic world,1145.0,theologian | historian,non_europe
2696,Q3607440,Al-Harran,re_arabic_world,Arabic world,1030.0,theologian | astronomer | philosopher,non_europe
2697,Q11904608,Al-Birzali,re_arabic_world,Arabic world,1267.0,historian,non_europe
2698,Q3180928,Abu Hafs Umar al-Suhrawardi,re_arabic_world,Arabic world,1145.0,theologian | philosopher,non_europe
2699,Q4164868,Al-Jaldaki,re_arabic_world,Arabic world,1300.0,chemist,non_europe
2700,Q4116117,Ibrahim El-Desouki,re_arabic_world,Arabic world,1255.0,theologian,non_europe
2701,Q225496,Abu Bakr bin Yahya al-Suli,re_arabic_world,Arabic world,880.0,historian,non_europe
2702,Q2829269,Al-Qatrawani,re_arabic_world,Arabic world,1450.0,mathematician,non_europe
2703,Q335103,Abū Kāmil Shujāʿ ibn Aslam,re_arabic_world,Arabic world,850.0,mathematician,non_europe
2704,Q5657658,Muhammad al-Khushani,re_arabic_world,Arabic world,901.0,historian,non_europe
2705,Q19715092,Ibn Muyassar,re_arabic_world,Arabic world,1231.0,historian,non_europe
2706,Q2822074,Abu Chama Chihab al-Din Abu al-Qasim abd al-Rahman,re_arabic_world,Arabic world,1203.0,historian,non_europe
2707,Q71394,Ibn Khallikan,re_arabic_world,Arabic world,1211.0,historian,non_europe
2708,Q459921,Ibn Yunus,re_arabic_world,Arabic world,950.0,astronomer | philosopher | mathematician,non_europe
2709,Q42332045,Ibn al-Dhibithi,re_arabic_world,Arabic world,1163.0,historian,non_europe
2710,Q4165460,Aban bin Uthman bin Affan,re_arabic_world,Arabic world,641.0,historian,non_europe
2711,Q11926333,Ibn Abi l-Dam,re_arabic_world,Arabic world,1187.0,historian,non_europe
2712,Q94875106,ʿAlī Ibn-al-Mufaḍḍal al- Maqdisī,re_arabic_world,Arabic world,1150.0,theologian,non_europe
2713,Q5602779,Al-Marzubānī,re_arabic_world,Arabic world,909.0,historian,non_europe
2714,Q16148550,Abu'l Hasan ibn Arfa Ra'a,re_arabic_world,Arabic world,1121.0,chemist,non_europe
2715,Q2837555,Abu Bakr Muhammad al-Turtushi,re_arabic_world,Arabic world,1059.0,political scientist,non_europe
2716,Q51454069,Ibn al-Haitham,re_arabic_world,Arabic world,850.0,historian,non_europe
2717,Q20003172,Ibn Abī Ṭayyiʼ,re_arabic_world,Arabic world,1180.0,historian,non_europe
2719,Q12228305,Umara bin Abi al-Hasan al-Hakami,re_arabic_world,Arabic world,1121.0,historian,non_europe
2720,Q590185,Abu Madyan,re_arabic_world,Arabic world,1126.0,theologian,non_europe
2721,Q6834951,Muḥammad Ibn-al-Huḏail Abu-'l-Huḏail al-ʿAllāf,re_arabic_world,Arabic world,752.0,theologian,non_europe
2722,Q2474018,Kushyar Gilani,re_arabic_world,Arabic world,971.0,geographer | astronomer | mathematician,non_europe
2723,Q3773066,Ibn Juzayy,re_arabic_world,Arabic world,1321.0,historian,non_europe
2724,Q99975913,Ahmad ibn Arabxah,re_arabic_world,Arabic world,1389.0,historian,non_europe
2725,Q12193844,Mundhirī,re_arabic_world,Arabic world,1185.0,historian,non_europe
2726,Q6288216,Joseph ibn Shem-Tov,re_arabic_world,Arabic world,1400.0,philosopher,non_europe
2727,Q4115862,Abu al-Abbas al-Nabati,re_arabic_world,Arabic world,1166.0,theologian | botanist,non_europe
2728,Q293497,Al-Jahiz,re_arabic_world,Arabic world,775.0,zoologist | historian,non_europe
2729,Q783253,Maslamah ibn Aḥmad Majrīṭī,re_arabic_world,Arabic world,950.0,astronomer | chemist | mathematician,non_europe
2730,Q12180143,Akmal al-Din al-Babarti,re_arabic_world,Arabic world,1314.0,theologian | linguist,non_europe
2731,Q5984216,Ibn Jurayj,re_arabic_world,Arabic world,699.0,theologian,non_europe
2732,Q60832196,Ibn Fallus,re_arabic_world,Arabic world,1194.0,mathematician,non_europe
2733,Q3101035,Qadi Ayyad,re_arabic_world,Arabic world,1084.0,historian,non_europe
2734,Q3561501,Ishaq ibn Hunayn,re_arabic_world,Arabic world,830.0,mathematician,non_europe
2735,Q6532961,Ibn Abī Yaʿlā,re_arabic_world,Arabic world,1059.0,historian,non_europe
2736,Q318820,Benjamin of Tudela,re_arabic_world,Arabic world,1130.0,historian,non_europe
2737,Q11904655,Al-Mubashshir ibn Fātik,re_arabic_world,Arabic world,1019.0,philosopher | mathematician,non_europe
2738,Q3791575,Ibn Shihab al-Zuhri,re_arabic_world,Arabic world,678.0,theologian | historian,non_europe
2739,Q12177686,Ibn al-Sarī al-Zajjāj,re_arabic_world,Arabic world,857.0,linguist,non_europe
2740,Q250568,Thābit ibn Qurra,re_arabic_world,Arabic world,836.0,astronomer | mathematician,non_europe
2741,Q423774,Urwah ibn Zubayr,re_arabic_world,Arabic world,644.0,historian,non_europe
2742,Q3594808,Abd Al-Wahhab bin Ahmad Al-Misri Al-Sharani,re_arabic_world,Arabic world,1491.0,philosopher | historian,non_europe
2743,Q6718226,Jaʻfar ibn Thaʻlab Udfuwi,re_arabic_world,Arabic world,1286.0,linguist | historian,non_europe
2744,Q3607422,Al-Abiwardi,re_arabic_world,Arabic world,1064.0,historian,non_europe
2745,Q217915,Piri Reis,re_arabic_world,Arabic world,1470.0,geographer,non_europe
2746,Q3675585,Ibn al-Mustawfī,re_arabic_world,Arabic world,1170.0,linguist | historian,non_europe
2747,Q5984236,Ibn Maḍāʾ,re_arabic_world,Arabic world,1116.0,mathematician,non_europe
2748,Q54861334,Ahmad ibn Muhammad Fayyumi,re_arabic_world,Arabic world,1291.0,linguist,non_europe
2749,Q61056,al-Maʾmun,re_arabic_world,Arabic world,786.0,geographer,non_europe
2750,Q718169,Ibn al-Shatir,re_arabic_world,Arabic world,1304.0,astronomer | mathematician,non_europe
2751,Q5655018,Abenalsid,re_arabic_world,Arabic world,1052.0,philosopher,non_europe
2752,Q2462345,Al-Shaykh Al-Mufid,re_arabic_world,Arabic world,948.0,theologian,non_europe
2753,Q42298572,Taj al-Din al-Sinjari,re_arabic_world,Arabic world,1322.0,linguist,non_europe
2754,Q3603852,Ibn Kabar,re_arabic_world,Arabic world,1201.0,historian,non_europe
2755,Q22684344,Ismail bin Muhammad al-Saffar,re_arabic_world,Arabic world,861.0,linguist,non_europe
2756,Q3353450,Fakhr-al-Din Iraqi,re_arabic_world,Arabic world,1213.0,philosopher,non_europe
2757,Q160460,Al-Farabi,re_arabic_world,Arabic world,870.0,musicologist | philosopher | physicist,non_europe
2758,Q57477040,Qutb al-Din al-Safawi,re_arabic_world,Arabic world,1495.0,logician,non_europe
2759,Q363852,Moses Bar-Kepha,re_arabic_world,Arabic world,813.0,theologian,non_europe
2760,Q4119124,Ibn Hamza al-Maghribi,re_arabic_world,Arabic world,1500.0,mathematician,non_europe
2761,Q270670,Abraham ibn Ezra,re_arabic_world,Arabic world,1092.0,astronomer | philosopher,non_europe
2762,Q170046,Ja'far al-Sadiq,re_arabic_world,Arabic world,702.0,theologian,non_europe
2763,Q735601,Junayd of Baghdad,re_arabic_world,Arabic world,830.0,philosopher,non_europe
2764,Q981803,Dhul-Nun al-Misri,re_arabic_world,Arabic world,796.0,theologian | archeologist | historian,non_europe
2765,Q11482162,Ibn al-Haddad,re_arabic_world,Arabic world,1030.0,mathematician,non_europe
2766,Q3157606,Jacob ben Nissim,re_arabic_world,Arabic world,950.0,philosopher,non_europe
2767,Q6118970,Jacob Mantino ben Samuel,re_arabic_world,Arabic world,1490.0,philosopher,non_europe
2768,Q1397028,Ibn Manzur,re_arabic_world,Arabic world,1233.0,historian,non_europe
2769,Q2822099,Abu al-Abbas as-Sabti,re_arabic_world,Arabic world,1129.0,philosopher,non_europe
2770,Q18204876,Hisham ibn Hakam,re_arabic_world,Arabic world,750.0,philosopher,non_europe
2771,Q25088,Muhammad al-Jawad,re_arabic_world,Arabic world,811.0,theologian,non_europe
2772,Q10394588,Yaʿīsh ibn Ibrāhīm al-Umawī,re_arabic_world,Arabic world,1400.0,mathematician,non_europe
2773,Q12178132,Muḥammad ibn Yūsuf al-Kindi,re_arabic_world,Arabic world,897.0,historian,non_europe
2774,Q302835,Nasir al-Din al-Tusi,re_arabic_world,Arabic world,1201.0,theologian | astronomer | philosopher | mathematician,non_europe
2775,Q4695524,Ahmad ibn Munim al-Abdari,re_arabic_world,Arabic world,1150.0,mathematician,non_europe
2776,Q12198431,Bishr ibn Ghayāth Marīsī,re_arabic_world,Arabic world,800.0,theologian,non_europe
2777,Q9038,Al-Khwarizmi,re_arabic_world,Arabic world,780.0,philosopher | astronomer | mathematician | geographer | historian,non_europe
2778,Q97144071,Daoud bin Haytham al-Tanukhi,re_arabic_world,Arabic world,843.0,linguist,non_europe
2779,Q468432,Jalal al-Din al-Suyuti,re_arabic_world,Arabic world,1445.0,geographer | historian,non_europe
2780,Q12183326,Al-Akhfash al-Asghar,re_arabic_world,Arabic world,849.0,linguist,non_europe
2781,Q288067,Al-Nuwayri,re_arabic_world,Arabic world,1278.0,historian,non_europe
2782,Q557882,Azriel,re_arabic_world,Arabic world,1160.0,philosopher,non_europe
2783,Q4117458,Zakariyya al-Ansari,re_arabic_world,Arabic world,1420.0,linguist | historian,non_europe
2784,Q5984322,Ibn al-Yasamin,re_arabic_world,Arabic world,1100.0,mathematician,non_europe
2785,Q287501,Ibrahim an-Nazzam,re_arabic_world,Arabic world,775.0,theologian,non_europe
2786,Q61065695,Muḥibb al-Dīn Ibn al-Najjār,re_arabic_world,Arabic world,1183.0,historian,non_europe
2788,Q1655886,Ḫalaf Ibn-ʿAbd-al-Malik Ibn-Baškuwāl,re_arabic_world,Arabic world,1101.0,historian,non_europe
2789,Q3147671,"Yashūʻadnāḥ, Bishop of Basra",re_arabic_world,Arabic world,801.0,theologian,non_europe
2790,Q25489664,Isaac Albalia,re_arabic_world,Arabic world,1035.0,astronomer,non_europe
2791,Q4076086,Abd al-Rashid al-Bakuwi,re_arabic_world,Arabic world,1400.0,geographer,non_europe
2792,Q519405,Khalifa ibn Khayyat,re_arabic_world,Arabic world,777.0,historian,non_europe
2793,Q144287,Zayd ibn Ali,re_arabic_world,Arabic world,695.0,theologian,non_europe
2794,Q290506,Al-Hilli,re_arabic_world,Arabic world,1250.0,theologian,non_europe
2795,Q2475262,Habash al-Hasib al-Marwazi,re_arabic_world,Arabic world,766.0,astronomer | mathematician,non_europe
2796,Q461096,Ibn Hišām,re_arabic_world,Arabic world,701.0,historian,non_europe
2797,Q2829271,Al-Qastallani,re_arabic_world,Arabic world,1448.0,historian,non_europe
2798,Q4195341,Ibrahim ibn Muhàmmad ibn Ibrahim al-Halabí,re_arabic_world,Arabic world,1460.0,historian,non_europe
2799,Q293528,Al-Baladhuri,re_arabic_world,Arabic world,820.0,geographer | historian,non_europe
2800,Q16117724,Ahmad al-Wansharisi,re_arabic_world,Arabic world,1431.0,theologian,non_europe
2801,Q1032839,Khalaf al-Ahmar,re_arabic_world,Arabic world,733.0,linguist,non_europe
2802,Q6534226,Abu Ya'la,re_arabic_world,Arabic world,990.0,theologian,non_europe
2803,Q3128063,Hasan al-Rammah,re_arabic_world,Arabic world,1200.0,chemist,non_europe
2804,Q1383938,Shem-Tov ibn Falaquera,re_arabic_world,Arabic world,1225.0,philosopher,non_europe
2805,Q6533780,Ibn al-Sikkit,re_arabic_world,Arabic world,802.0,linguist,non_europe
2806,Q982170,Shlomo ben Aderet,re_arabic_world,Arabic world,1235.0,philosopher,non_europe
2807,Q2829242,Al-Mubarrad,re_arabic_world,Arabic world,826.0,linguist,non_europe
2808,Q23951994,Ibrahim ibn Said al-Sahli,re_arabic_world,Arabic world,1001.0,astronomer | mathematician,non_europe
2809,Q471116,Ibn Hajar al-Asqalani,re_arabic_world,Arabic world,1372.0,historian,non_europe
2810,Q357940,Dunash ibn Tamim,re_arabic_world,Arabic world,890.0,astronomer,non_europe
2811,Q4670236,Abu Jafar ibn Harun al-Turjali,re_arabic_world,Arabic world,1180.0,philosopher,non_europe
2812,Q75007,Muhammad ibn Iyas,re_arabic_world,Arabic world,1448.0,historian,non_europe
2813,Q57749726,Ibn al-Qawba',re_arabic_world,Arabic world,1266.0,linguist,non_europe
2814,Q12191204,Aḥmad Ibn-Muḥammad al- Qudūrī,re_arabic_world,Arabic world,973.0,theologian,non_europe
2815,Q3045396,Ibn Said al-Maghribi,re_arabic_world,Arabic world,1213.0,geographer,non_europe
2816,Q840652,Omar Tiberiades,re_arabic_world,Arabic world,762.0,astronomer | philosopher | linguist,non_europe
2817,Q107341628,Ibn Sa'd al-Khayr of Valencia,re_arabic_world,Arabic world,1116.0,linguist,non_europe
2818,Q3777146,Izz al-Din ibn Hibatullah ibn Abi l-Hadid,re_arabic_world,Arabic world,1191.0,theologian | historian,non_europe
2819,Q11728390,Ibn Aqil,re_arabic_world,Arabic world,1040.0,theologian,non_europe
2820,Q2987645,Ibn Muʿādh al-Jayyānī,re_arabic_world,Arabic world,989.0,mathematician,non_europe
2821,Q3571334,Yahya ibn Adi,re_arabic_world,Arabic world,893.0,philosopher,non_europe
2822,Q4664888,Abdelwahid al-Marrakushi,re_arabic_world,Arabic world,1185.0,historian,non_europe
2823,Q67201430,Ibn al-Qabisi,re_arabic_world,Arabic world,1163.0,linguist,non_europe
2824,Q3046604,Ibn Abi Zar,re_arabic_world,Arabic world,1250.0,historian,non_europe
2825,Q127398,Moshe ben Maimon,re_arabic_world,Arabic world,1138.0,astronomer | philosopher,non_europe
2826,Q6758211,Jalaluddin al-Mahalli,re_arabic_world,Arabic world,1389.0,theologian,non_europe
2827,Q1640082,Abu Hayyan al-Gharnati,re_arabic_world,Arabic world,1256.0,theologian,non_europe
2828,Q308115,Abd as-Salam ibn Mashish al-Alami,re_arabic_world,Arabic world,1165.0,theologian,non_europe
2829,Q256506,Rabia of Basri,re_arabic_world,Arabic world,710.0,philosopher,non_europe
2830,Q307277,Abd al-Latif al-Baghdadi,re_arabic_world,Arabic world,1162.0,archeologist | historian,non_europe
2831,Q27546923,Al-Haytham ibn 'Adi,re_arabic_world,Arabic world,748.0,linguist | historian,non_europe
2832,Q330616,Al-Damiri,re_arabic_world,Arabic world,1341.0,philosopher | zoologist,non_europe
2834,Q742319,Imad ad-Din al-Isfahani,re_arabic_world,Arabic world,1125.0,historian,non_europe
2835,Q12242407,Al-ʻIjliyyah,re_arabic_world,Arabic world,950.0,astronomer,non_europe
2836,Q3147431,Ibn Abd al-Zahir,re_arabic_world,Arabic world,1223.0,historian,non_europe
2837,Q220697,Abu Yusuf,re_arabic_world,Arabic world,731.0,philosopher,non_europe
2838,Q958426,Joseph ibn Tzaddik,re_arabic_world,Arabic world,1075.0,philosopher,non_europe
2839,Q6930533,Mu'ayyad fi'l-Din al-Shirazi,re_arabic_world,Arabic world,1000.0,philosopher,non_europe
2840,Q5907931,Ibn Tumlus,re_arabic_world,Arabic world,1164.0,philosopher,non_europe
2841,Q355455,Nahmanides,re_arabic_world,Arabic world,1194.0,philosopher,non_europe
2842,Q16159801,Abu-Bayhas,re_arabic_world,Arabic world,700.0,theologian,non_europe
2843,Q712890,Mujahid ibn Jabr,re_arabic_world,Arabic world,642.0,theologian,non_europe
2844,Q6533039,Ibn Abi al-Khisal,re_arabic_world,Arabic world,1073.0,historian,non_europe
2845,Q1919866,Ahmad ibn Mājid,re_arabic_world,Arabic world,1432.0,geographer,non_europe
2846,Q2829407,Abu al-Abbas al-Sharishi,re_arabic_world,Arabic world,1162.0,linguist,non_europe
2847,Q335599,Abu al-Faraj al-Isfahani,re_arabic_world,Arabic world,897.0,historian,non_europe
2848,Q97143599,Abu al-'Ala al-Majashi'i,re_arabic_world,Arabic world,1066.0,linguist,non_europe
2849,Q3607504,al-Himyari,re_arabic_world,Arabic world,1401.0,geographer,non_europe
2850,Q3778265,Ibn Sidah,re_arabic_world,Arabic world,1007.0,linguist | philosopher | logician,non_europe
2851,Q2479109,Abul Abbas al-Mursi,re_arabic_world,Arabic world,1219.0,theologian,non_europe
2852,Q11926367,Ibn al-Mudjawir,re_arabic_world,Arabic world,1204.0,geographer,non_europe
2853,Q3607662,Alam al-Din al-Hanafi,re_arabic_world,Arabic world,1178.0,astronomer | mathematician,non_europe
2854,Q293554,Al-Dhahabi,re_arabic_world,Arabic world,1274.0,historian,non_europe
2855,Q400930,Ahmad ibn Arabshah,re_arabic_world,Arabic world,1389.0,historian,non_europe
2856,Q4703267,Al-Suhayli,re_arabic_world,Arabic world,1114.0,theologian,non_europe
2857,Q3128841,Sayyid Haydar Amuli,re_arabic_world,Arabic world,1319.0,philosopher,non_europe
2858,Q1673518,Isaac ibn Latif,re_arabic_world,Arabic world,1210.0,philosopher,non_europe
2859,Q12177855,Al-Bazzar,re_arabic_world,Arabic world,820.0,theologian,non_europe
2860,Q527954,Asad ibn al-Furat,re_arabic_world,Arabic world,759.0,theologian,non_europe
2861,Q20810372,Abu Saeed Mubarak Makhzoomi,re_arabic_world,Arabic world,1013.0,theologian,non_europe
2862,Q2198528,Ahmad ibn Yusuf,re_arabic_world,Arabic world,835.0,astronomer | mathematician,non_europe
2863,Q1395668,Ibn Abi Usaibia,re_arabic_world,Arabic world,1203.0,historian,non_europe
2864,Q63487755,Shaydhalah,re_arabic_world,Arabic world,1001.0,theologian,non_europe
2865,Q22690798,Yahya al-Obaidaly,re_arabic_world,Arabic world,829.0,historian,non_europe
2866,Q305975,Abbas Ibn Firnas,re_arabic_world,Arabic world,810.0,astronomer | chemist,non_europe
2867,Q294116,Al-Muqaddasi,re_arabic_world,Arabic world,945.0,geographer,non_europe
2868,Q6536228,Fatḥ al-Din Ibn Sayyid al-Nās,re_arabic_world,Arabic world,1272.0,historian,non_europe
2869,Q8061995,Yusuf bin Ahmad al-Kawneyn,re_arabic_world,Arabic world,1150.0,philosopher,non_europe
2870,Q315031,Musa al-Kadhim,re_arabic_world,Arabic world,745.0,theologian,non_europe
2871,Q48703,Al-Muzani,re_arabic_world,Arabic world,791.0,theologian,non_europe
2872,Q107356660,Ibrahim ibn Abi Bakr al-Ansari,re_arabic_world,Arabic world,1212.0,linguist,non_europe
2873,Q337126,Al-Bakri,re_arabic_world,Arabic world,1014.0,botanist | historian | geographer,non_europe
2874,Q3719891,Al-Hasan ibn 'Ali al-Barbahari,re_arabic_world,Arabic world,867.0,theologian,non_europe
2875,Q293689,al-Yaʿqubi,re_arabic_world,Arabic world,801.0,geographer | historian | mathematician,non_europe
2877,Q1706130,Joseph ben Judah ibn Aknin,re_arabic_world,Arabic world,1150.0,philosopher,non_europe
2878,Q3389798,Martin of Leon,re_arabic_world,Arabic world,1130.0,philosopher,non_europe
2879,Q615555,Hamza ibn Ali ibn Ahmad,re_arabic_world,Arabic world,985.0,theologian,non_europe
2881,Q470795,Nur ad-Din al-Bitruji,re_arabic_world,Arabic world,1200.0,astronomer,non_europe
2882,Q337009,Abu Mikhnaf,re_arabic_world,Arabic world,709.0,historian,non_europe
2883,Q4170178,Ibn al-Qaisarani,re_arabic_world,Arabic world,1056.0,historian,non_europe
2884,Q19999496,Ezra ben Salomon de Gérone,re_arabic_world,Arabic world,1150.0,theologian,non_europe
2885,Q5984303,Ibn al-Fuwati,re_arabic_world,Arabic world,1244.0,astronomer | historian,non_europe
2886,Q85962479,Abdullah ibn Ahmad al-Fakihi,re_arabic_world,Arabic world,1493.0,linguist,non_europe
2887,Q31003843,'Ala' al-Din al-Bukhari,re_arabic_world,Arabic world,1377.0,theologian | logician,non_europe
2888,Q2695766,Abū Hayyān al-Tawhīdī,re_arabic_world,Arabic world,923.0,philosopher,non_europe
2889,Q12220518,Ḍirār ibn ʻAmr al-Ghaṭafānī,re_arabic_world,Arabic world,728.0,theologian,non_europe
2890,Q3147466,Ibn Zura,re_arabic_world,Arabic world,943.0,philosopher,non_europe
2891,Q706588,Khashkhash Ibn Saeed Ibn Aswad,re_arabic_world,Arabic world,801.0,geographer,non_europe
2892,Q311495,Abu al-Qasim al-Zahrawi,re_arabic_world,Arabic world,936.0,philosopher | anatomist,non_europe
2893,Q282883,Shahab al-Din Suhrawardi,re_arabic_world,Arabic world,1155.0,philosopher,non_europe
2894,Q25468769,Majd ad-Dīn Ibn Athir,re_arabic_world,Arabic world,1150.0,linguist | historian,non_europe
2895,Q2737184,Ibn al-Khatib,re_arabic_world,Arabic world,1313.0,philosopher | historian,non_europe
2896,Q3603837,Abu 'Ali al-Khaiyat,re_arabic_world,Arabic world,770.0,astronomer,non_europe
2897,Q10299689,Ibn Ghazi al-Miknasi,re_arabic_world,Arabic world,1437.0,linguist | historian | mathematician,non_europe
2898,Q2658869,Chihab al-Umari,re_arabic_world,Arabic world,1301.0,historian,non_europe
2899,Q6532342,Ibrahim ibn Ishaq al-Harbi,re_arabic_world,Arabic world,813.0,linguist,non_europe
2900,Q97143762,Al-Khidr bin Tharwan,re_arabic_world,Arabic world,1111.0,linguist,non_europe
2901,Q1384613,Ibn al-Nadim,re_arabic_world,Arabic world,1000.0,historian,non_europe
2902,Q10296786,Sayyed Ibn Tawus,re_arabic_world,Arabic world,1193.0,historian,non_europe
2903,Q11908846,Bayan ibn Saman al-Tamimi,re_arabic_world,Arabic world,700.0,theologian,non_europe
2904,Q4670019,Abu'l Husayn al-Basri,re_arabic_world,Arabic world,980.0,theologian,non_europe
2905,Q1168219,Josef ben Meir ibn Zabara,re_arabic_world,Arabic world,1140.0,physicist,non_europe
2906,Q12190429,ʻAlī ibn Muḥammad Sakhāwī,re_arabic_world,Arabic world,1163.0,linguist,non_europe
2907,Q167852,Jabir ibn Hayyan,re_arabic_world,Arabic world,721.0,astronomer | philosopher | mathematician,non_europe
2908,Q40379014,Ibn Khatib Daraya,re_arabic_world,Arabic world,1344.0,linguist,non_europe
2909,Q5661709,Al-Ruayni,re_arabic_world,Arabic world,950.0,philosopher,non_europe
2910,Q2637658,Sawirus ibn al-Muqaffaʿ,re_arabic_world,Arabic world,1000.0,historian,non_europe
2911,Q178638,Nasreddin,re_arabic_world,Arabic world,1200.0,philosopher,non_europe
2912,Q57252424,Ahmad ibn Khalil al-Khoei,re_arabic_world,Arabic world,1187.0,theologian,non_europe
2913,Q11362,Avempace,re_arabic_world,Arabic world,1080.0,botanist | astronomer | philosopher | mathematician,non_europe
2914,Q1243803,George Elmacin,re_arabic_world,Arabic world,1223.0,historian,non_europe
2915,Q18397639,Mūsá ibn ʻUqbah,re_arabic_world,Arabic world,674.0,historian,non_europe
