,wikidata_id,individual_name,region_code,region_name,birthyear,meta_occupation,meta_region,region
0,Q316119,Gnaeus Pompeius Trogus,re_latin,Latin World,-100.0,historian,antiquity,re_latin
1,Q782074,Claudianus Mamertus,re_latin,Latin World,420.0,theologian | philosopher,antiquity,re_latin
2,Q182123,Irenaeus,re_latin,Latin World,130.0,theologian | philosopher,antiquity,re_latin
3,Q44344,Hilary of Poitiers,re_latin,Latin World,315.0,theologian | philosopher,antiquity,re_latin
4,Q1430,Marcus Aurelius,re_latin,Latin World,121.0,philosopher,antiquity,re_latin
5,Q313795,John Cassian,re_latin,Latin World,360.0,theologian,antiquity,re_latin
6,Q50082878,Jess Wade,re_latin,Latin World,2.0,physicist,antiquity,re_latin
7,Q723645,Victorius of Aquitaine,re_latin,Latin World,450.0,astronomer | mathematician,antiquity,re_latin
8,Q209102,Lactantius,re_latin,Latin World,250.0,philosopher | historian,antiquity,re_latin
9,Q2891791,Latinius Pacatus Drepanius,re_latin,Latin World,400.0,historian,antiquity,re_latin
10,Q2161,Tacitus,re_latin,Latin World,54.0,philosopher | historian,antiquity,re_latin
11,Q885870,Victorinus Junior,re_latin,Latin World,300.0,historian,antiquity,re_latin
12,Q239448,Pompeia Plotina,re_latin,Latin World,70.0,philosopher,antiquity,re_latin
13,Q532684,Salvian,re_latin,Latin World,400.0,theologian | historian,antiquity,re_latin
14,Q336704,Sulpicius Severus,re_latin,Latin World,360.0,historian,antiquity,re_latin
15,Q297515,Pomponius Mela,re_latin,Latin World,15.0,geographer | historian,antiquity,re_latin
16,Q188646,Lucan,re_latin,Latin World,39.0,historian,antiquity,re_latin
17,Q535060,Terentianus,re_latin,Latin World,150.0,linguist,antiquity,re_latin
18,Q10133,Suetonius,re_latin,Latin World,70.0,historian,antiquity,re_latin
19,Q109998607,Tommaso Massarini,re_latin,Latin World,18.0,historian,antiquity,re_latin
20,Q656891,Arulenus Rusticus,re_latin,Latin World,35.0,philosopher,antiquity,re_latin
21,Q207113,Hippolytus,re_latin,Latin World,170.0,theologian,antiquity,re_latin
22,Q755297,Athenaeus Mechanicus,re_latin,Latin World,-199.0,philosopher | mathematician,antiquity,re_latin
23,Q74243,Marcus Cluvius Rufus,re_latin,Latin World,50.0,historian,antiquity,re_latin
24,Q506540,Didymus Chalcenterus,re_latin,Latin World,-62.0,linguist,antiquity,re_latin
25,Q248733,Eusebius of Myndus,re_latin,Latin World,300.0,philosopher,antiquity,re_latin
26,Q311835,Pittacus of Mytilene,re_greek_world,Greek World,-650.0,philosopher,antiquity,re_greek_world
27,Q708247,Gaius Marius Victorinus,re_latin,Latin World,290.0,theologian | philosopher,antiquity,re_latin
28,Q134189,Plotinus,re_latin,Latin World,205.0,philosopher,antiquity,re_latin
29,Q594441,Publius Clodius Thrasea Paetus,re_latin,Latin World,100.0,philosopher,antiquity,re_latin
30,Q706319,Marinus of Tyre,re_latin,Latin World,100.0,geographer | mathematician,antiquity,re_latin
31,Q82778,Pliny the Elder,re_latin,Latin World,20.0,philosopher | historian | anatomist,antiquity,re_latin
32,Q298376,Gaius Julius Hyginus,re_latin,Latin World,-63.0,astronomer,antiquity,re_latin
33,Q447741,Lucius Calbenus Taurus,re_latin,Latin World,150.0,philosopher,antiquity,re_latin
34,Q758060,Atticus,re_latin,Latin World,150.0,philosopher,antiquity,re_latin
35,Q670317,Gaius Oppius,re_latin,Latin World,-100.0,historian,antiquity,re_latin
36,Q248969,Sopater of Apamea,re_latin,Latin World,242.0,philosopher,antiquity,re_latin
37,Q1164993,Marcus Junius Congus Gracchanus,re_latin,Latin World,-200.0,historian,antiquity,re_latin
38,Q1385296,Quintus Sextius,re_latin,Latin World,-50.0,philosopher,antiquity,re_latin
39,Q365835,Tyrannius Rufinus,re_latin,Latin World,345.0,theologian,antiquity,re_latin
40,Q3624758,Marcus Actorius Naso,re_latin,Latin World,-100.0,historian,antiquity,re_latin
41,Q1376509,Sulpicius Alexander,re_latin,Latin World,400.0,historian,antiquity,re_latin
42,Q174929,Tertullian,re_latin,Latin World,160.0,theologian | philosopher,antiquity,re_latin
43,Q210853,Justin,re_latin,Latin World,101.0,historian,antiquity,re_latin
44,Q1390986,Helvidius Priscus,re_latin,Latin World,50.0,philosopher,antiquity,re_latin
45,Q311733,Titus Pomponius Atticus,re_latin,Latin World,-109.0,philosopher,antiquity,re_latin
46,Q2312613,Flavius Lucius Dexter,re_latin,Latin World,400.0,historian,antiquity,re_latin
47,Q782401,Sallustius,re_latin,Latin World,400.0,philosopher,antiquity,re_latin
48,Q443278,Antonia Gordiana,re_latin,Latin World,201.0,historian,antiquity,re_latin
49,Q294800,Aulus Gellius,re_latin,Latin World,130.0,philosopher,antiquity,re_latin
50,Q44170,Ignatius of Antioch,re_latin,Latin World,35.0,theologian,antiquity,re_latin
51,Q2054,Seneca,re_latin,Latin World,-4.0,philosopher,antiquity,re_latin
52,Q1237555,Aulus Egnatius Priscillianus,re_latin,Latin World,135.0,philosopher,antiquity,re_latin
53,Q273671,Seneca the Elder,re_latin,Latin World,-53.0,philosopher | historian,antiquity,re_latin
54,Q947576,Valerius Antias,re_latin,Latin World,-200.0,historian,antiquity,re_latin
55,Q11923560,Gaius Fannius,re_latin,Latin World,100.0,historian,antiquity,re_latin
56,Q26204,Dionysius of Halicarnassus,re_latin,Latin World,-59.0,historian,antiquity,re_latin
57,Q741160,Lucius Ampelius,re_latin,Latin World,150.0,historian,antiquity,re_latin
58,Q290471,Moderatus of Gades,re_latin,Latin World,50.0,philosopher,antiquity,re_latin
59,Q223615,Flavius Caper,re_latin,Latin World,150.0,linguist,antiquity,re_latin
60,Q727792,Lucius Arruntius the Elder,re_latin,Latin World,-100.0,historian,antiquity,re_latin
61,Q106026,Arius,re_latin,Latin World,250.0,theologian,antiquity,re_latin
62,Q319273,Gaius Asinius Pollio,re_latin,Latin World,-74.0,historian,antiquity,re_latin
63,Q759760,Aufidius Bassus,re_latin,Latin World,-50.0,historian,antiquity,re_latin
64,Q966315,Virius Nicomachus Flavianus,re_latin,Latin World,400.0,historian,antiquity,re_latin
65,Q682860,Julius Obsequens,re_latin,Latin World,400.0,historian,antiquity,re_latin
66,Q669971,Trebellius Pollio,re_latin,Latin World,250.0,historian,antiquity,re_latin
67,Q252841,Seleucus,re_latin,Latin World,200.0,historian,antiquity,re_latin
68,Q1391069,Rabbi Ishmael,re_latin,Latin World,70.0,philosopher,antiquity,re_latin
69,Q897734,Lucius Lucceius,re_latin,Latin World,-105.0,historian,antiquity,re_latin
70,Q190240,Cyprian,re_latin,Latin World,200.0,philosopher,antiquity,re_latin
71,Q313782,Aelian,re_latin,Latin World,200.0,zoologist | historian,antiquity,re_latin
72,Q1271013,Adrian of Tyre,re_latin,Latin World,113.0,philosopher,antiquity,re_latin
73,Q1084333,Flavius Sallustius,re_latin,Latin World,350.0,philosopher,antiquity,re_latin
74,Q313924,Nicolaus of Damascus,re_latin,Latin World,-63.0,philosopher | historian,antiquity,re_latin
75,Q563283,Gaius Asinius Quadratus,re_latin,Latin World,200.0,historian,antiquity,re_latin
76,Q1541,Cicero,re_latin,Latin World,-106.0,philosopher,antiquity,re_latin
77,Q192931,Pausanias,re_latin,Latin World,115.0,geographer | historian,antiquity,re_latin
78,Q175042,Nigidius Figulus,re_latin,Latin World,-97.0,philosopher,antiquity,re_latin
79,Q335309,Aulus Claudius Charax,re_latin,Latin World,150.0,historian,antiquity,re_latin
80,Q12285191,Lucius Aemilius Juncus,re_latin,Latin World,100.0,philosopher,antiquity,re_latin
81,Q1025379,Caelestius,re_latin,Latin World,380.0,theologian,antiquity,re_latin
82,Q2335606,Pierius,re_latin,Latin World,201.0,philosopher,antiquity,re_latin
83,Q772773,Antonius Musa,re_latin,Latin World,-62.0,botanist,antiquity,re_latin
84,Q255448,Porcia,re_latin,Latin World,-100.0,philosopher,antiquity,re_latin
85,Q316098,Marcus Velleius Paterculus,re_latin,Latin World,-18.0,historian,antiquity,re_latin
86,Q451550,Philodemus,re_latin,Latin World,-109.0,philosopher,antiquity,re_latin
87,Q171241,Diodorus Siculus,re_latin,Latin World,-89.0,geographer | historian,antiquity,re_latin
88,Q1159625,Lucius Voltacilius Pitholaus,re_latin,Latin World,-100.0,historian,antiquity,re_latin
89,Q26825,Herodotos,re_greek_world,Greek World,-483.0,historian,antiquity,re_greek_world
90,Q444285,Asconius Pedianus,re_latin,Latin World,-8.0,historian,antiquity,re_latin
91,Q274091,Dionysius Exiguus,re_latin,Latin World,475.0,mathematician,antiquity,re_latin
92,Q222890,Novatian,re_latin,Latin World,220.0,theologian,antiquity,re_latin
93,Q391514,Julius Capitolinus,re_latin,Latin World,250.0,historian,antiquity,re_latin
94,Q15429187,Eumachus of Neapolis,re_latin,Latin World,-200.0,historian,antiquity,re_latin
95,Q450708,Gaius Asinius Gallus,re_latin,Latin World,-39.0,historian,antiquity,re_latin
96,Q934244,Pomponius Porphyrion,re_latin,Latin World,201.0,linguist,antiquity,re_latin
97,Q12093928,Gaius Clodius Licinus,re_latin,Latin World,-50.0,historian,antiquity,re_latin
98,Q47154,Lucretius,re_latin,Latin World,-93.0,philosopher,antiquity,re_latin
99,Q2036794,Timagenes,re_latin,Latin World,-100.0,historian,antiquity,re_latin
100,Q2857528,Antonius Castor,re_latin,Latin World,50.0,botanist,antiquity,re_latin
101,Q248624,Amelius,re_latin,Latin World,200.0,philosopher,antiquity,re_latin
102,Q441590,Eustathius of Cappadocia,re_latin,Latin World,300.0,philosopher,antiquity,re_latin
103,Q248578,Chrysanthius,re_latin,Latin World,310.0,philosopher,antiquity,re_latin
104,Q772677,Aulus Cremutius Cordus,re_latin,Latin World,-50.0,historian,antiquity,re_latin
105,Q185117,Justin Martyr,re_latin,Latin World,100.0,theologian | philosopher,antiquity,re_latin
106,Q11925501,Hermogenes of Carthago,re_latin,Latin World,150.0,theologian,antiquity,re_latin
107,Q561367,Lucius Aelius Stilo Praeconinus,re_latin,Latin World,-153.0,philosopher,antiquity,re_latin
108,Q354431,Aelius Aristides,re_latin,Latin World,117.0,philosopher,antiquity,re_latin
109,Q673402,Gaius Sulpicius Gallus,re_latin,Latin World,-208.0,astronomer,antiquity,re_latin
110,Q927711,Messius Phoebus Severus,re_latin,Latin World,450.0,philosopher,antiquity,re_latin
111,Q451572,Menelaus of Alexandria,re_latin,Latin World,70.0,astronomer | mathematician,antiquity,re_latin
112,Q192365,Cassiodorus,re_latin,Latin World,487.0,musicologist | philosopher | historian,antiquity,re_latin
113,Q134461,Josephus,re_latin,Latin World,37.0,historian,antiquity,re_latin
114,Q537755,Polyaenus,re_latin,Latin World,101.0,historian,antiquity,re_latin
115,Q316123,Silius Italicus,re_latin,Latin World,26.0,historian,antiquity,re_latin
116,Q1121669,Ticonius,re_latin,Latin World,370.0,theologian,antiquity,re_latin
117,Q515249,Caecilius of Calacte,re_latin,Latin World,-50.0,historian,antiquity,re_latin
118,Q554387,Favorinus,re_latin,Latin World,85.0,philosopher,antiquity,re_latin
119,Q1164905,Marius Plotius Sacerdos,re_latin,Latin World,200.0,linguist,antiquity,re_latin
120,Q735515,Aspasius,re_latin,Latin World,80.0,philosopher,antiquity,re_latin
121,Q765147,Januarius Nepotianus,re_latin,Latin World,300.0,historian,antiquity,re_latin
122,Q313056,Herodian,re_latin,Latin World,170.0,historian,antiquity,re_latin
123,Q349959,Quintus Dellius,re_latin,Latin World,-100.0,historian,antiquity,re_latin
124,Q1474972,Furius Dionysius Filocalus,re_latin,Latin World,400.0,historian,antiquity,re_latin
125,Q221465,Hydatius,re_latin,Latin World,400.0,historian,antiquity,re_latin
126,Q507036,Lucius Annaeus Cornutus,re_latin,Latin World,20.0,philosopher,antiquity,re_latin
127,Q833663,Herennius Senecio,re_latin,Latin World,50.0,philosopher | historian,antiquity,re_latin
128,Q109594,Cornelius Nepos,re_latin,Latin World,-99.0,historian,antiquity,re_latin
129,Q201346,Marcion of Sinope,re_latin,Latin World,85.0,theologian | philosopher,antiquity,re_latin
130,Q172198,Ammianus Marcellinus,re_latin,Latin World,330.0,historian,antiquity,re_latin
131,Q441138,Alexandros Polyhistor,re_latin,Latin World,-99.0,geographer,antiquity,re_latin
132,Q1242065,Quintus Baebius Macer,re_latin,Latin World,50.0,historian,antiquity,re_latin
133,Q446155,Cronius the Pythagorean,re_latin,Latin World,200.0,philosopher,antiquity,re_latin
134,Q748621,Victor of Vita,re_latin,Latin World,430.0,historian,antiquity,re_latin
135,Q546375,Publius Egnatius Celer,re_latin,Latin World,100.0,philosopher,antiquity,re_latin
136,Q18999,Junius Rusticus,re_latin,Latin World,100.0,philosopher,antiquity,re_latin
137,Q729244,Calcidius,re_latin,Latin World,350.0,philosopher,antiquity,re_latin
138,Q2868804,Lucius Ateius Praetextatus,re_latin,Latin World,-104.0,linguist,antiquity,re_latin
139,Q718213,Auxentius of Milan,re_latin,Latin World,301.0,theologian,antiquity,re_latin
140,Q1232970,Marcus Servilius Nonianus,re_latin,Latin World,-50.0,historian,antiquity,re_latin
141,Q1243321,Vulcacius Gallicanus,re_latin,Latin World,250.0,historian,antiquity,re_latin
142,Q16932930,Saint Sylvia of Aquitaine,re_latin,Latin World,330.0,historian,antiquity,re_latin
143,Q367422,Julius Firmicus Maternus,re_latin,Latin World,400.0,astronomer,antiquity,re_latin
144,Q365110,Philo of Larissa,re_latin,Latin World,-144.0,philosopher,antiquity,re_latin
145,Q6197,Horace,re_latin,Latin World,-64.0,philosopher,antiquity,re_latin
146,Q1965137,Marcus Favonius,re_latin,Latin World,-89.0,philosopher,antiquity,re_latin
147,Q180081,Cato the Elder,re_latin,Latin World,-233.0,economist,antiquity,re_latin
148,Q833542,Aelius Lampridius,re_latin,Latin World,400.0,historian,antiquity,re_latin
149,Q4807731,Aspasius of Ravenna,re_latin,Latin World,200.0,philosopher,antiquity,re_latin
150,Q1098323,Claudius Maximus,re_latin,Latin World,200.0,philosopher,antiquity,re_latin
151,Q2039,Titus Livius,re_latin,Latin World,-58.0,historian,antiquity,re_latin
152,Q379991,Valerius Maximus,re_latin,Latin World,-100.0,historian,antiquity,re_latin
153,Q3189849,Julius Exsuperantius,re_latin,Latin World,350.0,historian,antiquity,re_latin
154,Q975318,Granius Licinianus,re_latin,Latin World,101.0,historian,antiquity,re_latin
155,Q102851,Boethius,re_latin,Latin World,480.0,musicologist | philosopher | mathematician,antiquity,re_latin
156,Q3838837,Lucius Crassicius Pansa,re_latin,Latin World,-50.0,philosopher,antiquity,re_latin
157,Q185770,Posidonius,re_latin,Latin World,-134.0,philosopher | physicist | astronomer | mathematician | geographer | historian,antiquity,re_latin
158,Q1225062,Siro the Epicurean,re_latin,Latin World,-100.0,philosopher,antiquity,re_latin
159,Q965333,Theodorus of Asine,re_latin,Latin World,275.0,philosopher,antiquity,re_latin
160,Q995441,Fabius Rusticus,re_latin,Latin World,100.0,historian,antiquity,re_latin
161,Q454652,Prosper of Aquitaine,re_latin,Latin World,390.0,theologian | historian,antiquity,re_latin
162,Q11035375,Quintus Aelius Tubero,re_latin,Latin World,-162.0,philosopher,antiquity,re_latin
163,Q535137,Marius Maximus,re_latin,Latin World,165.0,historian,antiquity,re_latin
164,Q8778,Galen,re_latin,Latin World,200.0,anatomist,antiquity,re_latin
165,Q1114706,Romulus of Genoa,re_latin,Latin World,301.0,theologian,antiquity,re_latin
166,Q1232604,Julius Valerius Alexander Polemius,re_latin,Latin World,250.0,historian,antiquity,re_latin
167,Q6033021,Palladius of Ratiaria,re_latin,Latin World,301.0,theologian,antiquity,re_latin
168,Q315370,Celsus,re_latin,Latin World,200.0,philosopher,antiquity,re_latin
169,Q317055,Marcus Cornelius Fronto,re_latin,Latin World,100.0,philosopher,antiquity,re_latin
170,Q381874,Gaius Musonius Rufus,re_latin,Latin World,25.0,philosopher,antiquity,re_latin
171,Q1223467,Quintus Lucilius Balbus,re_latin,Latin World,0.0,philosopher,antiquity,re_latin
172,Q312410,Epicharmus of Kos,re_greek_world,Greek World,-523.0,philosopher | mathematician,antiquity,re_greek_world
173,Q1349817,Castor of Rhodes,re_latin,Latin World,100.0,historian,antiquity,re_latin
174,Q59138,Diogenes Laërtius,re_latin,Latin World,180.0,philosopher | historian,antiquity,re_latin
175,Q1411,Claudius,re_latin,Latin World,-9.0,historian,antiquity,re_latin
176,Q332785,Persius,re_latin,Latin World,34.0,philosopher,antiquity,re_latin
177,Q190368,Appian,re_latin,Latin World,95.0,historian,antiquity,re_latin
178,Q707449,Censorinus,re_latin,Latin World,250.0,musicologist,antiquity,re_latin
179,Q316483,Lucius Annaeus Florus,re_latin,Latin World,70.0,historian,antiquity,re_latin
180,Q1159576,Lucius Aelius Tubero,re_latin,Latin World,-150.0,philosopher | historian,antiquity,re_latin
181,Q1376539,Renatus Profuturus Frigeridus,re_latin,Latin World,400.0,historian,antiquity,re_latin
182,Q138724,Lucius Tarutius Firmanus,re_latin,Latin World,-100.0,astronomer | philosopher | mathematician,antiquity,re_latin
183,Q2994436,Consentius,re_latin,Latin World,400.0,linguist,antiquity,re_latin
184,Q2248247,Quintus Terentius Scaurus,re_latin,Latin World,201.0,linguist,antiquity,re_latin
185,Q10261,Pythagoras,re_greek_world,Greek World,-582.0,musicologist | philosopher | mathematician,antiquity,re_greek_world
186,Q311456,Orosius,re_latin,Latin World,385.0,theologian | historian,antiquity,re_latin
187,Q1133857,Cornelius Labeo,re_latin,Latin World,250.0,philosopher,antiquity,re_latin
188,Q772775,Polemon of Laodicea,re_latin,Latin World,90.0,philosopher,antiquity,re_latin
189,Q521520,Gaius Licinius Mucianus,re_latin,Latin World,100.0,historian,antiquity,re_latin
190,Q1237504,Plotius Crispinus,re_latin,Latin World,-50.0,philosopher,antiquity,re_latin
191,Q662582,Fenestella,re_latin,Latin World,-35.0,historian,antiquity,re_latin
192,Q206119,Marcus Terentius Varro,re_latin,Latin World,-115.0,musicologist | philosopher,antiquity,re_latin
193,Q532315,Athenodoros Cordylion,re_latin,Latin World,-50.0,philosopher,antiquity,re_latin
194,Q950770,Quintus Aelius Tubero,re_latin,Latin World,-73.0,historian,antiquity,re_latin
195,Q4298,Publius Flavius Vegetius Renatus,re_latin,Latin World,400.0,historian,antiquity,re_latin
196,Q1227766,Paeanius,re_latin,Latin World,400.0,historian,antiquity,re_latin
197,Q9200,Paul the Apostle,re_latin,Latin World,5.0,theologian,antiquity,re_latin
198,Q2123334,Quintus Aelius Tubero,re_latin,Latin World,-75.0,historian,antiquity,re_latin
199,Q761346,Servius Fabius Pictor,re_latin,Latin World,-189.0,historian,antiquity,re_latin
200,Q272087,Tatian,re_latin,Latin World,120.0,theologian | philosopher,antiquity,re_latin
201,Q1662957,Julian of Eclanum,re_latin,Latin World,386.0,philosopher,antiquity,re_latin
202,Q859652,Cerdo,re_latin,Latin World,200.0,theologian,antiquity,re_latin
203,Q11906126,Publius Anteius Antiochus,re_latin,Latin World,150.0,philosopher,antiquity,re_latin
204,Q47180,Petronius,re_latin,Latin World,27.0,philosopher,antiquity,re_latin
205,Q794615,Aetius,re_latin,Latin World,200.0,astronomer | philosopher,antiquity,re_latin
206,Q520487,Gaius Julius Solinus,re_latin,Latin World,400.0,geographer | historian,antiquity,re_latin
207,Q1230624,Aelius Spartianus,re_latin,Latin World,301.0,historian,antiquity,re_latin
208,Q43689,Ambrose,re_latin,Latin World,339.0,theologian | philosopher,antiquity,re_latin
209,Q905137,Didymus the Musician,re_latin,Latin World,-100.0,musicologist,antiquity,re_latin
210,Q203445,Porphyry,re_latin,Latin World,233.0,musicologist | philosopher | historian,antiquity,re_latin
211,Q8747,Euclid,re_greek_world,Greek World,-322.0,mathematician,antiquity,re_greek_world
212,Q1150145,Polemon of Athens,re_greek_world,Greek World,200.0,geographer | philosopher | historian,antiquity,re_greek_world
213,Q660170,Isidore of Alexandria,re_greek_world,Greek World,450.0,philosopher,antiquity,re_greek_world
214,Q248287,Peregrinus Proteus,re_greek_world,Greek World,95.0,philosopher,antiquity,re_greek_world
215,Q2369009,Apollodorus the Epicurean,re_greek_world,Greek World,-150.0,philosopher,antiquity,re_greek_world
216,Q185206,Priscian of Lydia,re_greek_world,Greek World,500.0,philosopher,antiquity,re_greek_world
217,Q1377100,Calippus of Syracuse,re_greek_world,Greek World,-350.0,philosopher,antiquity,re_greek_world
218,Q297420,Panaetius,re_greek_world,Greek World,-184.0,philosopher,antiquity,re_greek_world
219,Q1465879,Xeniades,re_greek_world,Greek World,-500.0,philosopher,antiquity,re_greek_world
220,Q359231,Bion of Borysthenes,re_greek_world,Greek World,-324.0,philosopher,antiquity,re_greek_world
221,Q228564,Aspasia,re_greek_world,Greek World,-469.0,philosopher,antiquity,re_greek_world
222,Q580565,Palaephatus,re_greek_world,Greek World,-400.0,historian,antiquity,re_greek_world
223,Q297402,Prodicus,re_greek_world,Greek World,-459.0,philosopher,antiquity,re_greek_world
224,Q179149,Antisthenes,re_greek_world,Greek World,-443.0,philosopher,antiquity,re_greek_world
225,Q555818,Philippus of Opus,re_greek_world,Greek World,-400.0,astronomer | philosopher | mathematician,antiquity,re_greek_world
226,Q2482150,Cleidemus,re_greek_world,Greek World,-350.0,historian,antiquity,re_greek_world
227,Q183144,Epictetus,re_greek_world,Greek World,50.0,philosopher,antiquity,re_greek_world
228,Q913,Socrates,re_greek_world,Greek World,-468.0,philosopher,antiquity,re_greek_world
229,Q5382897,Epigenes,re_greek_world,Greek World,-450.0,philosopher,antiquity,re_greek_world
230,Q928470,Simmias of Thebes,re_greek_world,Greek World,-500.0,philosopher | mathematician,antiquity,re_greek_world
231,Q108577191,Archilochus,re_greek_world,Greek World,-271.0,historian,antiquity,re_greek_world
232,Q983755,Praxagoras of Athens,re_greek_world,Greek World,400.0,historian,antiquity,re_greek_world
233,Q288467,Lastheneia of Mantinea,re_greek_world,Greek World,-350.0,philosopher,antiquity,re_greek_world
234,Q349916,Aristidis of Athens,re_greek_world,Greek World,150.0,philosopher,antiquity,re_greek_world
235,Q962486,Echecrates of Phlius,re_greek_world,Greek World,-499.0,philosopher,antiquity,re_greek_world
236,Q169243,Protagoras,re_greek_world,Greek World,-489.0,philosopher,antiquity,re_greek_world
237,Q366031,Anaxarchus,re_greek_world,Greek World,-379.0,philosopher,antiquity,re_greek_world
238,Q1236440,Bion of Abdera,re_greek_world,Greek World,-429.0,astronomer | mathematician,antiquity,re_greek_world
239,Q1230889,Mnaseas,re_greek_world,Greek World,-300.0,historian,antiquity,re_greek_world
240,Q221623,Heliodorus of Athens,re_greek_world,Greek World,-150.0,historian,antiquity,re_greek_world
241,Q662932,Persaeus,re_greek_world,Greek World,-305.0,philosopher,antiquity,re_greek_world
242,Q1047995,Antipater of Tyre,re_greek_world,Greek World,-50.0,philosopher,antiquity,re_greek_world
243,Q162163,Ion of Chios,re_greek_world,Greek World,-489.0,philosopher | historian | mathematician,antiquity,re_greek_world
244,Q177847,Lucian of Samosata,re_greek_world,Greek World,120.0,philosopher,antiquity,re_greek_world
245,Q271809,Proclus,re_greek_world,Greek World,412.0,philosopher | mathematician,antiquity,re_greek_world
246,Q363468,Dexippus,re_greek_world,Greek World,210.0,historian,antiquity,re_greek_world
247,Q548104,Julius Pollux,re_greek_world,Greek World,200.0,philosopher,antiquity,re_greek_world
248,Q514262,Androtion,re_greek_world,Greek World,-500.0,historian,antiquity,re_greek_world
249,Q1185510,Demetrius of Callatis,re_greek_world,Greek World,-299.0,historian,antiquity,re_greek_world
250,Q554535,Phaedrus,re_greek_world,Greek World,-443.0,philosopher,antiquity,re_greek_world
251,Q965086,Sotades,re_greek_world,Greek World,-400.0,philosopher,antiquity,re_greek_world
252,Q172248,Marcus Junius Brutus,re_greek_world,Greek World,-84.0,philosopher,antiquity,re_greek_world
253,Q667385,Aristos of Ascalon,re_greek_world,Greek World,-50.0,philosopher,antiquity,re_greek_world
254,Q462582,Pythias,re_greek_world,Greek World,-361.0,zoologist,antiquity,re_greek_world
255,Q859,Plato,re_greek_world,Greek World,-426.0,philosopher,antiquity,re_greek_world
256,Q41523,Plutarch,re_greek_world,Greek World,40.0,philosopher | historian,antiquity,re_greek_world
257,Q609147,Phylarchus,re_greek_world,Greek World,-254.0,historian,antiquity,re_greek_world
258,Q444595,Perictione,re_greek_world,Greek World,-500.0,philosopher,antiquity,re_greek_world
259,Q235494,Hipparchia of Maroneia,re_greek_world,Greek World,-349.0,philosopher,antiquity,re_greek_world
260,Q284994,Carneades,re_greek_world,Greek World,-212.0,philosopher,antiquity,re_greek_world
261,Q4355017,Diyllus,re_greek_world,Greek World,-300.0,historian,antiquity,re_greek_world
262,Q221497,Xenophilus,re_greek_world,Greek World,-400.0,musicologist | philosopher,antiquity,re_greek_world
263,Q41683,Thucydides,re_greek_world,Greek World,-460.0,historian,antiquity,re_greek_world
264,Q5264,Hippocrates,re_greek_world,Greek World,-459.0,philosopher,antiquity,re_greek_world
265,Q317331,Aratus of Sicyon,re_greek_world,Greek World,-270.0,historian,antiquity,re_greek_world
266,Q309772,Athenagoras of Athens,re_greek_world,Greek World,133.0,theologian | philosopher,antiquity,re_greek_world
267,Q3012616,Damastes of Sigeum,re_greek_world,Greek World,-500.0,geographer | historian,antiquity,re_greek_world
268,Q312682,Euclid of Megara,re_greek_world,Greek World,-436.0,philosopher,antiquity,re_greek_world
269,Q2661420,Dardanus of Athens,re_greek_world,Greek World,-159.0,philosopher,antiquity,re_greek_world
270,Q3060400,Euphantus,re_greek_world,Greek World,-320.0,philosopher | historian,antiquity,re_greek_world
271,Q1186462,Demon of Athens,re_greek_world,Greek World,-400.0,historian,antiquity,re_greek_world
272,Q920912,Theaetetus,re_greek_world,Greek World,-416.0,philosopher | mathematician,antiquity,re_greek_world
273,Q316353,Strato of Lampsacus,re_greek_world,Greek World,-334.0,philosopher | physicist,antiquity,re_greek_world
274,Q319406,Epimenides of Crete,re_greek_world,Greek World,-700.0,philosopher,antiquity,re_greek_world
275,Q712755,Crates of Athens,re_greek_world,Greek World,-400.0,philosopher,antiquity,re_greek_world
276,Q325955,Speusippus,re_greek_world,Greek World,-406.0,philosopher | mathematician,antiquity,re_greek_world
277,Q205704,Apollodorus of Athens,re_greek_world,Greek World,-179.0,historian,antiquity,re_greek_world
278,Q12960188,Theodotus,re_greek_world,Greek World,150.0,theologian,antiquity,re_greek_world
279,Q553856,Polemon,re_greek_world,Greek World,-400.0,philosopher,antiquity,re_greek_world
280,Q160362,Theophrastus,re_greek_world,Greek World,-370.0,botanist | philosopher | physicist,antiquity,re_greek_world
281,Q868,Aristotle,re_greek_world,Greek World,-383.0,philosopher,antiquity,re_greek_world
282,Q542808,Hermarchus,re_greek_world,Greek World,-324.0,philosopher,antiquity,re_greek_world
283,Q1287486,Metrocles,re_greek_world,Greek World,-400.0,philosopher,antiquity,re_greek_world
284,Q633023,Archiadas,re_greek_world,Greek World,500.0,philosopher,antiquity,re_greek_world
285,Q73527,Arcesilaus,re_greek_world,Greek World,-314.0,philosopher,antiquity,re_greek_world
286,Q42887,Clement I,re_greek_world,Greek World,100.0,theologian,antiquity,re_greek_world
287,Q343607,Archelaus,re_greek_world,Greek World,-500.0,philosopher,antiquity,re_greek_world
288,Q4791018,Aristodemus of Cydathenaeum,re_greek_world,Greek World,-450.0,philosopher,antiquity,re_greek_world
289,Q2346245,Stesimbrotos of Thasos,re_greek_world,Greek World,-469.0,historian,antiquity,re_greek_world
290,Q1057347,Hegesander,re_greek_world,Greek World,-150.0,historian,antiquity,re_greek_world
291,Q433852,Ephippus of Olynthus,re_greek_world,Greek World,-400.0,historian,antiquity,re_greek_world
292,Q316334,Heraclides Ponticus,re_greek_world,Greek World,-384.0,astronomer | philosopher,antiquity,re_greek_world
293,Q2927235,Bryson of Achaea,re_greek_world,Greek World,-450.0,philosopher,antiquity,re_greek_world
294,Q434021,Timycha,re_greek_world,Greek World,-400.0,philosopher,antiquity,re_greek_world
295,Q1747004,Timon of Athens,re_greek_world,Greek World,-500.0,philosopher,antiquity,re_greek_world
296,Q294092,Critias,re_greek_world,Greek World,-459.0,philosopher,antiquity,re_greek_world
297,Q1586059,Harpocration of Argos,re_greek_world,Greek World,200.0,philosopher,antiquity,re_greek_world
298,Q317947,Crates of Thebes,re_greek_world,Greek World,-364.0,philosopher,antiquity,re_greek_world
299,Q2367894,Teles of Megara,re_greek_world,Greek World,-250.0,philosopher,antiquity,re_greek_world
300,Q744125,Chaerephon,re_greek_world,Greek World,-401.0,philosopher,antiquity,re_greek_world
301,Q4721014,Alexandrides of Delphi,re_greek_world,Greek World,-300.0,historian,antiquity,re_greek_world
302,Q409647,Aeschines of Sphettus,re_greek_world,Greek World,-429.0,philosopher,antiquity,re_greek_world
303,Q2217419,Nicomachus,re_greek_world,Greek World,-301.0,philosopher,antiquity,re_greek_world
304,Q218451,Zoilus,re_greek_world,Greek World,-399.0,philosopher | historian,antiquity,re_greek_world
305,Q320132,Nearchus,re_greek_world,Greek World,-355.0,historian,antiquity,re_greek_world
306,Q129772,Xenophon,re_greek_world,Greek World,-429.0,philosopher | historian,antiquity,re_greek_world
307,Q965144,Cebes,re_greek_world,Greek World,-500.0,philosopher | mathematician,antiquity,re_greek_world
308,Q504744,Hellanicus of Mytilene,re_greek_world,Greek World,-489.0,historian,antiquity,re_greek_world
309,Q544987,Aristobulus of Cassandreia,re_greek_world,Greek World,-374.0,historian,antiquity,re_greek_world
310,Q223383,Mnesarchus of Athens,re_greek_world,Greek World,-159.0,philosopher,antiquity,re_greek_world
311,Q452077,Menippus,re_greek_world,Greek World,-299.0,philosopher,antiquity,re_greek_world
312,Q328793,Periander,re_greek_world,Greek World,-700.0,philosopher,antiquity,re_greek_world
313,Q34601,Chilon of Sparta,re_greek_world,Greek World,-599.0,philosopher,antiquity,re_greek_world
314,Q1128200,Lasus of Hermione,re_greek_world,Greek World,-548.0,musicologist,antiquity,re_greek_world
315,Q210573,Hippias,re_greek_world,Greek World,-442.0,astronomer | philosopher | mathematician,antiquity,re_greek_world
316,Q15091905,Deceneo,re_greek_world,Greek World,-100.0,astronomer | philosopher,antiquity,re_greek_world
317,Q381048,Stilpo,re_greek_world,Greek World,-358.0,philosopher,antiquity,re_greek_world
318,Q31845,Arrian,re_greek_world,Greek World,95.0,philosopher | historian,antiquity,re_greek_world
319,Q473381,Ammonius of Athens,re_greek_world,Greek World,50.0,philosopher,antiquity,re_greek_world
320,Q133337,Solon,re_greek_world,Greek World,-637.0,philosopher,antiquity,re_greek_world
321,Q311879,Herodes Atticus,re_greek_world,Greek World,102.0,philosopher,antiquity,re_greek_world
322,Q171303,Zeno of Citium,re_greek_world,Greek World,-333.0,philosopher,antiquity,re_greek_world
323,Q380190,Phaedo of Elis,re_greek_world,Greek World,-401.0,philosopher,antiquity,re_greek_world
324,Q191964,Diogenes of Apollonia,re_greek_world,Greek World,-459.0,philosopher,antiquity,re_greek_world
325,Q964738,Peter the Patrician,re_greek_world,Greek World,500.0,historian,antiquity,re_greek_world
326,Q266299,Philochorus,re_greek_world,Greek World,-339.0,historian,antiquity,re_greek_world
327,Q435274,Hieronymus of Cardia,re_greek_world,Greek World,-353.0,historian,antiquity,re_greek_world
328,Q41980,Democritus,re_greek_world,Greek World,-460.0,philosopher | mathematician,antiquity,re_greek_world
329,Q949530,Demonax,re_greek_world,Greek World,200.0,philosopher,antiquity,re_greek_world
330,Q537304,Ploutarchos of Athens,re_greek_world,Greek World,350.0,philosopher,antiquity,re_greek_world
331,Q1336424,Hermogenes,re_greek_world,Greek World,-500.0,philosopher,antiquity,re_greek_world
332,Q192313,Pyrrho,re_greek_world,Greek World,-360.0,philosopher,antiquity,re_greek_world
333,Q82793,Callisthenes,re_greek_world,Greek World,-359.0,historian,antiquity,re_greek_world
334,Q469199,Victorinus of Pettau,re_latin,Latin World,250.0,theologian | philosopher,antiquity,re_latin
335,Q1367611,Socrates the Younger,re_greek_world,Greek World,-420.0,philosopher,antiquity,re_greek_world
336,Q353580,Adeimantus of Collytus,re_greek_world,Greek World,-431.0,philosopher,antiquity,re_greek_world
337,Q11916247,Ctesibius of Chalcis,re_greek_world,Greek World,-400.0,philosopher,antiquity,re_greek_world
338,Q43216,Epicurus,re_greek_world,Greek World,-341.0,philosopher,antiquity,re_greek_world
339,Q978418,Marsyas of Pella,re_greek_world,Greek World,-400.0,historian,antiquity,re_greek_world
340,Q353264,Diagoras of Melos,re_greek_world,Greek World,-450.0,philosopher,antiquity,re_greek_world
341,Q2274948,Philostratus,re_greek_world,Greek World,170.0,philosopher,antiquity,re_greek_world
342,Q1227107,Diotima of Mantinea,re_greek_world,Greek World,-450.0,philosopher,antiquity,re_greek_world
343,Q43423,Aesop,re_greek_world,Greek World,-619.0,philosopher,antiquity,re_greek_world
344,Q211411,Chrysippus of Soli,re_greek_world,Greek World,-280.0,philosopher | mathematician,antiquity,re_greek_world
345,Q586050,Asclepigenia,re_greek_world,Greek World,400.0,philosopher,antiquity,re_greek_world
346,Q646951,Ariston of Chios,re_greek_world,Greek World,-299.0,philosopher,antiquity,re_greek_world
347,Q668009,Aristotelis the Dialectician,re_greek_world,Greek World,-300.0,philosopher,antiquity,re_greek_world
348,Q214121,Xenocrates,re_greek_world,Greek World,-395.0,philosopher | mathematician,antiquity,re_greek_world
349,Q1279413,Cercidas,re_greek_world,Greek World,-300.0,philosopher,antiquity,re_greek_world
350,Q1364945,Glaucon,re_greek_world,Greek World,-444.0,philosopher,antiquity,re_greek_world
351,Q189759,Zeno of Sidon,re_greek_world,Greek World,-149.0,philosopher | mathematician,antiquity,re_greek_world
352,Q280872,Timon of Phlius,re_greek_world,Greek World,-319.0,philosopher,antiquity,re_greek_world
353,Q905827,Diodorus of Tyre,re_greek_world,Greek World,-150.0,philosopher,antiquity,re_greek_world
354,Q1372239,Eudemus of Cyprus,re_greek_world,Greek World,-400.0,philosopher,antiquity,re_greek_world
355,Q2861408,Aristion,re_greek_world,Greek World,-150.0,philosopher,antiquity,re_greek_world
356,Q3630471,Autocrates,re_greek_world,Greek World,-250.0,historian,antiquity,re_greek_world
357,Q1073837,Critolaus,re_greek_world,Greek World,-199.0,philosopher,antiquity,re_greek_world
358,Q15078686,Antiphon,re_greek_world,Greek World,-500.0,philosopher | mathematician,antiquity,re_greek_world
359,Q466951,Clitomachus,re_greek_world,Greek World,-186.0,philosopher,antiquity,re_greek_world
360,Q261909,Meton of Athens,re_greek_world,Greek World,-500.0,astronomer | mathematician,antiquity,re_greek_world
361,Q310149,Cleanthes,re_greek_world,Greek World,-329.0,philosopher,antiquity,re_greek_world
362,Q125247,Cratylus,re_greek_world,Greek World,-500.0,philosopher,antiquity,re_greek_world
363,Q2346819,Damon of Athens,re_greek_world,Greek World,-450.0,musicologist | philosopher,antiquity,re_greek_world
364,Q934471,Criton,re_greek_world,Greek World,-468.0,philosopher,antiquity,re_greek_world
365,Q1763617,Nicarete of Megara,re_greek_world,Greek World,-400.0,philosopher,antiquity,re_greek_world
366,Q4780369,Apollodorus of Phaleron,re_greek_world,Greek World,-420.0,philosopher,antiquity,re_greek_world
367,Q131169,Polybius,re_greek_world,Greek World,-199.0,historian,antiquity,re_greek_world
368,Q780234,Priscus of Epirus,re_greek_world,Greek World,305.0,philosopher,antiquity,re_greek_world
369,Q2759424,Anticlides,re_greek_world,Greek World,-300.0,historian,antiquity,re_greek_world
370,Q59180,Diogenes of Sinope,re_greek_world,Greek World,-399.0,philosopher,antiquity,re_greek_world
371,Q2087377,Asclepiades of Phlius,re_greek_world,Greek World,-349.0,philosopher,antiquity,re_greek_world
372,Q298071,Hippodamus of Miletus,re_greek_world,Greek World,-497.0,mathematician,antiquity,re_greek_world
373,Q18819268,Mnesarchus of Croton,re_greek_world,Greek World,-450.0,philosopher,antiquity,re_greek_world
374,Q298860,Hippasus,re_greek_world,Greek World,-600.0,musicologist | philosopher | mathematician,antiquity,re_greek_world
375,Q716416,Hippon,re_greek_world,Greek World,-500.0,philosopher,antiquity,re_greek_world
376,Q162593,Pelagius,re_greek_world,Greek World,360.0,theologian | philosopher,antiquity,re_greek_world
377,Q11920485,Escílax d'Halicarnàs,re_greek_world,Greek World,-150.0,astronomer,antiquity,re_greek_world
378,Q928092,Peter the Iberian,re_greek_world,Greek World,411.0,philosopher,antiquity,re_greek_world
379,Q4684706,Adrastus of Cyzicus,re_greek_world,Greek World,-500.0,astronomer,antiquity,re_greek_world
380,Q581732,Antipater of Tarsus,re_greek_world,Greek World,-300.0,philosopher,antiquity,re_greek_world
381,Q291952,Sosipatra,re_greek_world,Greek World,400.0,philosopher,antiquity,re_greek_world
382,Q314467,Aenesidemus,re_greek_world,Greek World,-79.0,philosopher,antiquity,re_greek_world
383,Q200608,Ephrem the Syrian,re_greek_world,Greek World,306.0,theologian,antiquity,re_greek_world
384,Q31278,Cleomedes,re_greek_world,Greek World,1.0,astronomer | mathematician,antiquity,re_greek_world
385,Q486945,Sotion,re_greek_world,Greek World,-100.0,philosopher,antiquity,re_greek_world
386,Q16658175,Zosimus of Ascalona,re_greek_world,Greek World,450.0,historian,antiquity,re_greek_world
387,Q472620,Artemidorus of Ephesus,re_greek_world,Greek World,-150.0,geographer,antiquity,re_greek_world
388,Q510719,Eutocius of Ascalon,re_greek_world,Greek World,480.0,philosopher | mathematician,antiquity,re_greek_world
389,Q352621,Dicaearchus,re_greek_world,Greek World,-349.0,geographer | philosopher | historian | mathematician,antiquity,re_greek_world
390,Q168261,Ptolemy I Soter,re_greek_world,Greek World,-365.0,historian,antiquity,re_greek_world
391,Q2470320,Apollonius of Ephesus,re_greek_world,Greek World,201.0,theologian,antiquity,re_greek_world
392,Q921532,Dorotheus of Sidon,re_greek_world,Greek World,50.0,astronomer,antiquity,re_greek_world
393,Q437869,Evagrius Ponticus,re_greek_world,Greek World,345.0,theologian,antiquity,re_greek_world
394,Q178217,Diofantos,re_greek_world,Greek World,201.0,mathematician,antiquity,re_greek_world
395,Q24068760,Aristobulus of Paneas,re_greek_world,Greek World,-150.0,philosopher,antiquity,re_greek_world
396,Q451566,Menaechmus,re_greek_world,Greek World,-379.0,astronomer | mathematician,antiquity,re_greek_world
397,Q18626710,Julian,re_greek_world,Greek World,400.0,theologian,antiquity,re_greek_world
398,Q211783,Pappus of Alexandria,re_greek_world,Greek World,290.0,astronomer | mathematician,antiquity,re_greek_world
399,Q712572,Philistus,re_greek_world,Greek World,-424.0,historian,antiquity,re_greek_world
400,Q2285961,Silenus Calatinus,re_greek_world,Greek World,-300.0,historian,antiquity,re_greek_world
401,Q310028,Isidore of Miletus,re_greek_world,Greek World,442.0,physicist | mathematician,antiquity,re_greek_world
402,Q242270,Hecataeus of Miletus,re_greek_world,Greek World,-600.0,geographer | historian,antiquity,re_greek_world
403,Q3991387,Timagoras of Gela,re_greek_world,Greek World,-350.0,philosopher,antiquity,re_greek_world
404,Q580661,Antiochus of Syracuse,re_greek_world,Greek World,-450.0,historian,antiquity,re_greek_world
405,Q434773,Crantor,re_greek_world,Greek World,-343.0,philosopher,antiquity,re_greek_world
406,Q80612,Anaximenes of Miletus,re_greek_world,Greek World,-584.0,astronomer | philosopher | mathematician,antiquity,re_greek_world
407,Q433919,Phintys,re_greek_world,Greek World,-400.0,philosopher,antiquity,re_greek_world
408,Q581833,Marinus of Neapolis,re_greek_world,Greek World,440.0,astronomer | philosopher,antiquity,re_greek_world
409,Q313018,Aristophanes of Byzantium,re_greek_world,Greek World,-256.0,linguist,antiquity,re_greek_world
410,Q1354573,Lycus of Rhegium,re_greek_world,Greek World,-350.0,historian,antiquity,re_greek_world
411,Q355664,Theodore of Mopsuestia,re_greek_world,Greek World,350.0,theologian,antiquity,re_greek_world
412,Q311731,Priscus,re_greek_world,Greek World,410.0,philosopher | historian,antiquity,re_greek_world
413,Q310916,Iamblichus,re_greek_world,Greek World,245.0,philosopher,antiquity,re_greek_world
414,Q59137,Diogenes of Oenoanda,re_greek_world,Greek World,200.0,philosopher,antiquity,re_greek_world
415,Q714841,Eustathius of Epiphania,re_greek_world,Greek World,401.0,historian,antiquity,re_greek_world
416,Q721022,Malchus,re_greek_world,Greek World,450.0,historian,antiquity,re_greek_world
417,Q44011,Gregory of Nazianzus,re_greek_world,Greek World,330.0,theologian | philosopher,antiquity,re_greek_world
418,Q372798,Polus,re_greek_world,Greek World,-500.0,philosopher,antiquity,re_greek_world
419,Q297040,Apollonius of Tyana,re_greek_world,Greek World,15.0,philosopher | mathematician,antiquity,re_greek_world
420,Q391202,Agathangelos,re_greek_world,Greek World,500.0,historian,antiquity,re_greek_world
421,Q317029,Theodoret,re_greek_world,Greek World,393.0,historian,antiquity,re_greek_world
422,Q4024777,Zopyrus of Tarentum,re_greek_world,Greek World,-350.0,philosopher,antiquity,re_greek_world
423,Q43182,Eratosthenes,re_greek_world,Greek World,-275.0,musicologist | astronomer | mathematician | geographer | historian,antiquity,re_greek_world
424,Q645774,Bolus of Mendes,re_greek_world,Greek World,-300.0,botanist | philosopher,antiquity,re_greek_world
425,Q2637222,Aesara,re_greek_world,Greek World,-400.0,philosopher,antiquity,re_greek_world
426,Q3731014,Heracleides of Magnesia,re_greek_world,Greek World,-50.0,historian,antiquity,re_greek_world
427,Q3620711,Apollonides of Smyrna,re_greek_world,Greek World,-150.0,philosopher,antiquity,re_greek_world
428,Q356433,Priscian,re_greek_world,Greek World,500.0,philosopher,antiquity,re_greek_world
429,Q1389145,John the Lydian,re_greek_world,Greek World,490.0,historian,antiquity,re_greek_world
430,Q2705204,Evander,re_greek_world,Greek World,-201.0,philosopher,antiquity,re_greek_world
431,Q235426,Theano,re_greek_world,Greek World,-600.0,astronomer | philosopher | mathematician,antiquity,re_greek_world
432,Q354342,Bardaisan,re_greek_world,Greek World,154.0,philosopher,antiquity,re_greek_world
433,Q1270333,Praxeas,re_greek_world,Greek World,200.0,theologian,antiquity,re_greek_world
434,Q463564,Xenophon of Ephesus,re_greek_world,Greek World,101.0,philosopher,antiquity,re_greek_world
435,Q192371,Polycarp,re_greek_world,Greek World,69.0,theologian,antiquity,re_greek_world
436,Q1295215,Satyrus the Peripatetic,re_greek_world,Greek World,-300.0,philosopher | historian,antiquity,re_greek_world
437,Q1616998,Neanthes of Cyzicus,re_greek_world,Greek World,-250.0,historian,antiquity,re_greek_world
438,Q1148501,Diophanes of Nicaea,re_greek_world,Greek World,-100.0,botanist,antiquity,re_greek_world
439,Q180671,Aratus,re_greek_world,Greek World,-314.0,astronomer,antiquity,re_greek_world
440,Q1189157,Nausiphanes,re_greek_world,Greek World,-400.0,philosopher,antiquity,re_greek_world
441,Q1496242,Callinicus,re_greek_world,Greek World,300.0,historian,antiquity,re_greek_world
442,Q180109,Apollonius of Perga,re_greek_world,Greek World,-261.0,astronomer | mathematician,antiquity,re_greek_world
443,Q335156,Aristoxenus,re_greek_world,Greek World,-359.0,musicologist | philosopher | mathematician,antiquity,re_greek_world
444,Q1047689,Menodotus of Nicomedia,re_greek_world,Greek World,100.0,philosopher,antiquity,re_greek_world
445,Q3381179,Philon of Gadara,re_greek_world,Greek World,100.0,mathematician,antiquity,re_greek_world
446,Q287423,Epigenes of Byzantium,re_greek_world,Greek World,-150.0,astronomer | mathematician,antiquity,re_greek_world
447,Q317146,Alexandros of Aphrodisias,re_greek_world,Greek World,200.0,philosopher,antiquity,re_greek_world
448,Q275606,Aurelius Victor,re_greek_world,Greek World,320.0,historian,antiquity,re_greek_world
449,Q451390,Autolycus of Pitane,re_greek_world,Greek World,-359.0,astronomer | mathematician,antiquity,re_greek_world
450,Q83375,Empedocles,re_greek_world,Greek World,-489.0,philosopher,antiquity,re_greek_world
451,Q441448,Carpocrates,re_greek_world,Greek World,100.0,philosopher,antiquity,re_greek_world
452,Q312491,John Malalas,re_greek_world,Greek World,491.0,historian,antiquity,re_greek_world
453,Q248793,Maximus of Ephesus,re_greek_world,Greek World,310.0,philosopher,antiquity,re_greek_world
454,Q404023,Aedesius,re_greek_world,Greek World,280.0,philosopher,antiquity,re_greek_world
455,Q316867,Sosigenes of Alexandria,re_greek_world,Greek World,-100.0,astronomer | philosopher | mathematician,antiquity,re_greek_world
456,Q506553,Olympiodorus of Thebes,re_greek_world,Greek World,380.0,philosopher | historian,antiquity,re_greek_world
457,Q550477,Timocharis,re_greek_world,Greek World,-319.0,astronomer,antiquity,re_greek_world
458,Q346567,Callixenus of Rhodes,re_greek_world,Greek World,-199.0,historian,antiquity,re_greek_world
459,Q385213,Prohaeresius,re_greek_world,Greek World,276.0,philosopher,antiquity,re_greek_world
460,Q2047944,Palladius of Galatia,re_greek_world,Greek World,363.0,historian,antiquity,re_greek_world
461,Q334457,Dio Chrysostom,re_greek_world,Greek World,40.0,philosopher,antiquity,re_greek_world
462,Q51885,Thecla,re_greek_world,Greek World,100.0,theologian,antiquity,re_greek_world
463,Q3044500,Demetrius of Scepsis,re_greek_world,Greek World,-204.0,philosopher | historian,antiquity,re_greek_world
464,Q363818,Nicander,re_greek_world,Greek World,-249.0,historian,antiquity,re_greek_world
465,Q2524557,Anatolius of Laodicea,re_greek_world,Greek World,250.0,philosopher | mathematician,antiquity,re_greek_world
466,Q1373037,Syrianus,re_greek_world,Greek World,500.0,philosopher,antiquity,re_greek_world
467,Q3347025,Neleus of Scepsis,re_greek_world,Greek World,-350.0,philosopher,antiquity,re_greek_world
468,Q459774,Ambrose of Alexandria,re_greek_world,Greek World,200.0,theologian,antiquity,re_greek_world
469,Q1747749,Tiberius Claudius Aristocles,re_greek_world,Greek World,100.0,philosopher,antiquity,re_greek_world
470,Q201867,Cleitarchus,re_greek_world,Greek World,-400.0,historian,antiquity,re_greek_world
471,Q125551,Parmenides,re_greek_world,Greek World,-514.0,philosopher,antiquity,re_greek_world
472,Q3624868,Asclepiades,re_greek_world,Greek World,-150.0,historian,antiquity,re_greek_world
473,Q444459,Alcidamas,re_greek_world,Greek World,-450.0,philosopher,antiquity,re_greek_world
474,Q4441106,Aphthonius of Antioch,re_greek_world,Greek World,300.0,philosopher,antiquity,re_greek_world
475,Q44024,Athanasios of Alexandria,re_greek_world,Greek World,296.0,theologian,antiquity,re_greek_world
476,Q3413787,Archelaus,re_greek_world,Greek World,300.0,theologian,antiquity,re_greek_world
477,Q705950,Theon of Smyrna,re_greek_world,Greek World,70.0,philosopher | musicologist | astronomer | mathematician,antiquity,re_greek_world
478,Q380089,Fulgentius of Ruspe,re_greek_world,Greek World,468.0,theologian,antiquity,re_greek_world
479,Q2861395,Aristodemus of Nysa,re_greek_world,Greek World,-200.0,philosopher | historian,antiquity,re_greek_world
480,Q447451,Sabellius,re_greek_world,Greek World,200.0,theologian,antiquity,re_greek_world
481,Q973954,Philoxenus of Mabbug,re_greek_world,Greek World,440.0,theologian,antiquity,re_greek_world
482,Q433332,Mara Bar-Serapion,re_greek_world,Greek World,50.0,philosopher,antiquity,re_greek_world
483,Q1613489,Hermias,re_greek_world,Greek World,401.0,philosopher,antiquity,re_greek_world
484,Q186153,Procopius,re_greek_world,Greek World,500.0,historian,antiquity,re_greek_world
485,Q188232,Didymus the Blind,re_greek_world,Greek World,313.0,theologian,antiquity,re_greek_world
486,Q1266186,Theodosius of Bithynia,re_greek_world,Greek World,-159.0,astronomer | mathematician,antiquity,re_greek_world
487,Q2696027,Alexander of Damascus,re_greek_world,Greek World,200.0,philosopher,antiquity,re_greek_world
488,Q3714438,Dositheus,re_greek_world,Greek World,-250.0,astronomer | mathematician,antiquity,re_greek_world
489,Q18639389,Abrotelia,re_greek_world,Greek World,-500.0,philosopher,antiquity,re_greek_world
490,Q1531412,Harkhebi,re_greek_world,Greek World,-301.0,astronomer,antiquity,re_greek_world
491,Q185223,Cassius Dio,re_greek_world,Greek World,150.0,historian,antiquity,re_greek_world
492,Q2695834,Agathobulus,re_greek_world,Greek World,100.0,philosopher,antiquity,re_greek_world
493,Q16529474,Astone,re_greek_world,Greek World,-550.0,philosopher,antiquity,re_greek_world
494,Q503075,Crates of Mallus,re_greek_world,Greek World,-200.0,philosopher,antiquity,re_greek_world
495,Q8739,Archimedes,re_greek_world,Greek World,-286.0,astronomer | philosopher | physicist | mathematician,antiquity,re_greek_world
496,Q63456919,Pandrosion,re_greek_world,Greek World,400.0,mathematician,antiquity,re_greek_world
497,Q317014,Sextus Julius Africanus,re_greek_world,Greek World,160.0,philosopher | historian,antiquity,re_greek_world
498,Q170472,Origen,re_greek_world,Greek World,185.0,theologian | philosopher,antiquity,re_greek_world
499,Q1051470,Vettius Valens,re_greek_world,Greek World,120.0,astronomer,antiquity,re_greek_world
500,Q515542,Agathemerus,re_greek_world,Greek World,250.0,geographer,antiquity,re_greek_world
501,Q504771,Philo of Byblos,re_greek_world,Greek World,50.0,historian,antiquity,re_greek_world
502,Q1226993,Dionysius Periegetes,re_greek_world,Greek World,100.0,historian,antiquity,re_greek_world
503,Q312500,Herophilos,re_greek_world,Greek World,-334.0,anatomist,antiquity,re_greek_world
504,Q297390,Craterus,re_greek_world,Greek World,-369.0,historian,antiquity,re_greek_world
505,Q707344,Numenius of Apamea,re_greek_world,Greek World,200.0,philosopher,antiquity,re_greek_world
506,Q42458,Anaximander,re_greek_world,Greek World,-609.0,philosopher | physicist | astronomer | mathematician | geographer,antiquity,re_greek_world
507,Q229246,Julia Domna,re_greek_world,Greek World,165.0,philosopher,antiquity,re_greek_world
508,Q298654,Cyril of Jerusalem,re_greek_world,Greek World,313.0,theologian,antiquity,re_greek_world
509,Q363375,Publilius Syrus,re_greek_world,Greek World,-100.0,philosopher,antiquity,re_greek_world
510,Q391216,Agatharchides,re_greek_world,Greek World,-207.0,geographer | philosopher | historian | anatomist,antiquity,re_greek_world
511,Q2531620,Pamprepius,re_greek_world,Greek World,440.0,philosopher,antiquity,re_greek_world
512,Q4191445,Zenob Glak,re_greek_world,Greek World,300.0,historian,antiquity,re_greek_world
513,Q165589,Leucippus,re_greek_world,Greek World,-500.0,philosopher | physicist,antiquity,re_greek_world
514,Q451719,Damo,re_greek_world,Greek World,-600.0,philosopher | mathematician,antiquity,re_greek_world
515,Q365977,Bias of Priene,re_greek_world,Greek World,-599.0,philosopher,antiquity,re_greek_world
516,Q1378597,Eurytus,re_greek_world,Greek World,-500.0,philosopher | mathematician,antiquity,re_greek_world
517,Q189767,Zeno of Tarsus,re_greek_world,Greek World,-250.0,philosopher,antiquity,re_greek_world
518,Q139567,Zacharias Rhetor,re_greek_world,Greek World,465.0,philosopher | historian,antiquity,re_greek_world
519,Q83041,Anaxagoras,re_greek_world,Greek World,-499.0,astronomer | philosopher | physicist | mathematician,antiquity,re_greek_world
520,Q1400157,Cleinias of Tarentum,re_greek_world,Greek World,-500.0,philosopher,antiquity,re_greek_world
521,Q313791,Ephorus,re_greek_world,Greek World,-399.0,historian,antiquity,re_greek_world
522,Q260951,Dinon,re_greek_world,Greek World,-399.0,historian,antiquity,re_greek_world
523,Q534163,Xanthos,re_greek_world,Greek World,-500.0,historian,antiquity,re_greek_world
524,Q142999,Eusebius of Caesarea,re_greek_world,Greek World,275.0,theologian | historian,antiquity,re_greek_world
525,Q317942,Euhemerus,re_greek_world,Greek World,-400.0,philosopher | historian | anthropologist,antiquity,re_greek_world
526,Q31271346,Dion von Neapel,re_greek_world,Greek World,-500.0,mathematician,antiquity,re_greek_world
527,Q354377,Conon of Samos,re_greek_world,Greek World,-279.0,astronomer | mathematician,antiquity,re_greek_world
528,Q44015,John the Apostle,re_greek_world,Greek World,6.0,theologian,antiquity,re_greek_world
529,Q378236,Aristides Quintilianus,re_greek_world,Greek World,150.0,musicologist,antiquity,re_greek_world
530,Q1226828,Diogenes of Tarsus,re_greek_world,Greek World,-200.0,philosopher,antiquity,re_greek_world
531,Q298226,Anthemius of Tralles,re_greek_world,Greek World,474.0,physicist | mathematician,antiquity,re_greek_world
532,Q1226996,Dionysius of Miletus,re_greek_world,Greek World,-600.0,historian,antiquity,re_greek_world
533,Q313934,Macrobius,re_greek_world,Greek World,370.0,musicologist | philosopher,antiquity,re_greek_world
534,Q1419147,Firmilian,re_greek_world,Greek World,200.0,philosopher,antiquity,re_greek_world
535,Q725225,Thrasyllus of Mendes,re_greek_world,Greek World,-100.0,musicologist | philosopher,antiquity,re_greek_world
536,Q132157,Zeno of Elea,re_greek_world,Greek World,-489.0,philosopher | mathematician,antiquity,re_greek_world
537,Q521203,Duris of Samos,re_greek_world,Greek World,-339.0,historian,antiquity,re_greek_world
538,Q343018,Eunapius,re_greek_world,Greek World,349.0,philosopher | historian,antiquity,re_greek_world
539,Q168707,Pliny the Younger,re_greek_world,Greek World,61.0,historian,antiquity,re_greek_world
540,Q928551,Origen the Pagan,re_greek_world,Greek World,200.0,philosopher,antiquity,re_greek_world
541,Q2749849,Athenodorus of Soli,re_greek_world,Greek World,-300.0,philosopher,antiquity,re_greek_world
542,Q931271,Tisias,re_greek_world,Greek World,-499.0,philosopher,antiquity,re_greek_world
543,Q189597,Philo of Alexandria,re_greek_world,Greek World,-14.0,philosopher | historian,antiquity,re_greek_world
544,Q731906,Asclepiodotus of Alexandria,re_greek_world,Greek World,500.0,philosopher,antiquity,re_greek_world
545,Q315360,Damascius,re_greek_world,Greek World,450.0,philosopher,antiquity,re_greek_world
546,Q510737,Lucian of Antioch,re_greek_world,Greek World,240.0,theologian,antiquity,re_greek_world
547,Q2902906,Rabbi Nehemiah,re_greek_world,Greek World,101.0,mathematician,antiquity,re_greek_world
548,Q43706,John Chrysostom,re_greek_world,Greek World,349.0,theologian,antiquity,re_greek_world
549,Q354384,Theon of Alexandria,re_greek_world,Greek World,335.0,astronomer | mathematician,antiquity,re_greek_world
550,Q11903,Hypatia,re_greek_world,Greek World,360.0,astronomer | philosopher | mathematician,antiquity,re_greek_world
551,Q443510,Hesychius of Alexandria,re_greek_world,Greek World,450.0,linguist,antiquity,re_greek_world
552,Q3826494,Lamiscus,re_greek_world,Greek World,-400.0,philosopher | mathematician,antiquity,re_greek_world
553,Q717647,Gnaeus Claudius Severus Arabianus,re_greek_world,Greek World,113.0,philosopher,antiquity,re_greek_world
554,Q140188,Aristarchus of Samos,re_greek_world,Greek World,-309.0,astronomer,antiquity,re_greek_world
555,Q456560,Myia,re_greek_world,Greek World,-600.0,philosopher | mathematician,antiquity,re_greek_world
556,Q33941,Julian,re_greek_world,Greek World,331.0,philosopher,antiquity,re_greek_world
557,Q317632,John Philoponus,re_greek_world,Greek World,490.0,philosopher | physicist | astronomer | mathematician | theologian,antiquity,re_greek_world
558,Q1722472,Callias of Syracuse,re_greek_world,Greek World,-400.0,historian,antiquity,re_greek_world
559,Q3432037,Aristaeus of Croton,re_greek_world,Greek World,-450.0,philosopher | mathematician,antiquity,re_greek_world
560,Q897689,Chaeremon of Alexandria,re_greek_world,Greek World,10.0,philosopher | historian,antiquity,re_greek_world
561,Q84027027,Didymus of Alexandria,re_greek_world,Greek World,-50.0,mathematician,antiquity,re_greek_world
562,Q942439,Monimus,re_greek_world,Greek World,-400.0,philosopher,antiquity,re_greek_world
563,Q310821,Akiva ben Joseph,re_greek_world,Greek World,15.0,theologian,antiquity,re_greek_world
564,Q280432,Athenodoros Cananites,re_greek_world,Greek World,-100.0,philosopher | historian,antiquity,re_greek_world
565,Q313286,Demetrius of Phalerum,re_greek_world,Greek World,-349.0,philosopher,antiquity,re_greek_world
566,Q123147,Ammonius Hermiae,re_greek_world,Greek World,435.0,astronomer | philosopher,antiquity,re_greek_world
567,Q2570422,Sotion,re_greek_world,Greek World,-250.0,philosopher | historian,antiquity,re_greek_world
568,Q2657803,Asterius the Sophist,re_greek_world,Greek World,300.0,theologian,antiquity,re_greek_world
569,Q1749928,Phaleas of Chalcedon,re_greek_world,Greek World,-400.0,philosopher,antiquity,re_greek_world
570,Q280934,Alexander Lychnus,re_greek_world,Greek World,-50.0,historian,antiquity,re_greek_world
571,Q11925495,Hermodorus,re_greek_world,Greek World,-399.0,philosopher,antiquity,re_greek_world
572,Q15975321,Flavius Boethus,re_greek_world,Greek World,150.0,philosopher,antiquity,re_greek_world
573,Q191734,Gregory of Nyssa,re_greek_world,Greek World,400.0,theologian,antiquity,re_greek_world
574,Q1297839,Serenus of Antinouplis,re_greek_world,Greek World,300.0,mathematician,antiquity,re_greek_world
575,Q1383547,Ulpianus,re_greek_world,Greek World,300.0,philosopher,antiquity,re_greek_world
576,Q138531,Phlegon of Tralles,re_greek_world,Greek World,200.0,historian,antiquity,re_greek_world
577,Q929311,Hegesias of Magnesia,re_greek_world,Greek World,-200.0,historian,antiquity,re_greek_world
578,Q948620,Hermias of Atarneus,re_greek_world,Greek World,-350.0,philosopher,antiquity,re_greek_world
579,Q365183,Themistius,re_greek_world,Greek World,317.0,philosopher,antiquity,re_greek_world
580,Q754890,Athanis,re_greek_world,Greek World,-400.0,historian,antiquity,re_greek_world
581,Q176287,Timaeus of Locri,re_greek_world,Greek World,-500.0,astronomer | philosopher | mathematician,antiquity,re_greek_world
582,Q188883,Clement of Alexandria,re_greek_world,Greek World,150.0,theologian | philosopher,antiquity,re_greek_world
583,Q3556912,Theognostus of Alexandria,re_greek_world,Greek World,210.0,theologian,antiquity,re_greek_world
584,Q5063276,Cephalion,re_greek_world,Greek World,100.0,historian,antiquity,re_greek_world
585,Q1241343,Justus of Tiberias,re_greek_world,Greek World,35.0,historian,antiquity,re_greek_world
586,Q7155483,Pausanias of Damascus,re_greek_world,Greek World,-150.0,geographer,antiquity,re_greek_world
587,Q1185502,Demetrius Lacon,re_greek_world,Greek World,-150.0,philosopher,antiquity,re_greek_world
588,Q360366,Nicomachus,re_greek_world,Greek World,60.0,musicologist | philosopher | mathematician,antiquity,re_greek_world
589,Q3636221,Baton of Sinope,re_greek_world,Greek World,-199.0,historian,antiquity,re_greek_world
590,Q41766,Ctesibius,re_greek_world,Greek World,-283.0,mathematician,antiquity,re_greek_world
591,Q729105,Severus of Antioch,re_greek_world,Greek World,465.0,theologian,antiquity,re_greek_world
592,Q641051,Arius Didymus,re_greek_world,Greek World,-83.0,philosopher,antiquity,re_greek_world
593,Q388333,Cadmus of Miletus,re_greek_world,Greek World,-500.0,historian,antiquity,re_greek_world
594,Q44258,Basil of Caesarea,re_greek_world,Greek World,329.0,theologian | philosopher,antiquity,re_greek_world
595,Q534986,Flavius Vopiscus,re_greek_world,Greek World,201.0,historian,antiquity,re_greek_world
596,Q41155,Heraclitus,re_greek_world,Greek World,-534.0,philosopher,antiquity,re_greek_world
597,Q36303,Thales,re_greek_world,Greek World,-624.0,astronomer | philosopher | physicist | mathematician,antiquity,re_greek_world
598,Q974775,Olympiodorus the Younger,re_greek_world,Greek World,495.0,philosopher,antiquity,re_greek_world
599,Q2763097,Abba Saul,re_greek_world,Greek World,101.0,theologian,antiquity,re_greek_world
600,Q202001,Archytas,re_greek_world,Greek World,-427.0,philosopher | musicologist | astronomer | mathematician,antiquity,re_greek_world
601,Q2312602,Montanus of Phrygia,re_greek_world,Greek World,150.0,theologian,antiquity,re_greek_world
602,Q19715972,Nicostratus of Trebizond,re_greek_world,Greek World,300.0,historian,antiquity,re_greek_world
603,Q44248,Jerome,re_greek_world,Greek World,345.0,theologian | historian,antiquity,re_greek_world
604,Q857017,Gaius Blossius,re_greek_world,Greek World,-150.0,philosopher,antiquity,re_greek_world
605,Q3371179,Polemarchus,re_greek_world,Greek World,-500.0,philosopher,antiquity,re_greek_world
606,Q345277,Basilides,re_greek_world,Greek World,117.0,theologian,antiquity,re_greek_world
607,Q3271431,Leon of Byzantium,re_greek_world,Greek World,-400.0,philosopher,antiquity,re_greek_world
608,Q212338,Philolaus,re_greek_world,Greek World,-469.0,philosopher | musicologist | astronomer | mathematician,antiquity,re_greek_world
609,Q2706119,Telecles,re_greek_world,Greek World,-201.0,philosopher,antiquity,re_greek_world
610,Q11906871,Ascletarió,re_greek_world,Greek World,100.0,mathematician,antiquity,re_greek_world
611,Q2832178,Alcimus,re_greek_world,Greek World,-350.0,historian,antiquity,re_greek_world
612,Q2695686,Abba Hilkiah,re_greek_world,Greek World,1.0,theologian,antiquity,re_greek_world
613,Q359945,Melito of Sardis,re_greek_world,Greek World,100.0,philosopher,antiquity,re_greek_world
614,Q226868,Zosimos of Panopolis,re_greek_world,Greek World,250.0,philosopher,antiquity,re_greek_world
615,Q738605,Boethus of Sidon,re_greek_world,Greek World,-199.0,philosopher,antiquity,re_greek_world
616,Q461067,Pantaenus,re_greek_world,Greek World,200.0,theologian | philosopher,antiquity,re_greek_world
617,Q7807000,Timosthenes,re_greek_world,Greek World,-301.0,geographer,antiquity,re_greek_world
618,Q23061186,Nicolaus Sophista,re_greek_world,Greek World,400.0,philosopher,antiquity,re_greek_world
619,Q161853,Hero of Alexandria,re_greek_world,Greek World,10.0,physicist | mathematician,antiquity,re_greek_world
620,Q1175868,Menander of Ephesus,re_greek_world,Greek World,-299.0,historian,antiquity,re_greek_world
621,Q159905,Hipparchus,re_greek_world,Greek World,-189.0,geographer | astronomer | mathematician,antiquity,re_greek_world
622,Q2601910,Aristo of Pella,re_greek_world,Greek World,100.0,historian,antiquity,re_greek_world
623,Q131671,Xenophanes,re_greek_world,Greek World,-569.0,philosopher,antiquity,re_greek_world
624,Q1113270,Archedemus of Tarsus,re_greek_world,Greek World,-300.0,philosopher,antiquity,re_greek_world
625,Q236594,Sextus Empiricus,re_greek_world,Greek World,200.0,philosopher,antiquity,re_greek_world
626,Q471218,Callippus of Cyzicus,re_greek_world,Greek World,-369.0,astronomer | mathematician,antiquity,re_greek_world
627,Q2639498,Boethus of Sidon,re_greek_world,Greek World,-74.0,philosopher,antiquity,re_greek_world
628,Q320042,Antiochus of Ascalon,re_greek_world,Greek World,-123.0,philosopher,antiquity,re_greek_world
629,Q461007,Eubulides,re_greek_world,Greek World,-500.0,philosopher,antiquity,re_greek_world
630,Q436634,Cassius Longinus,re_greek_world,Greek World,213.0,philosopher,antiquity,re_greek_world
631,Q1383804,Heracleides of Cyme,re_greek_world,Greek World,-399.0,historian,antiquity,re_greek_world
632,Q248975,Herillus,re_greek_world,Greek World,-279.0,philosopher,antiquity,re_greek_world
633,Q447428,Cerinthus,re_greek_world,Greek World,100.0,theologian | philosopher,antiquity,re_greek_world
634,Q297776,Pedanius Dioscorides,re_greek_world,Greek World,40.0,botanist | pharmacologist,antiquity,re_greek_world
635,Q657941,Albinus,re_greek_world,Greek World,100.0,philosopher,antiquity,re_greek_world
636,Q973972,Sporus of Nicaea,re_greek_world,Greek World,240.0,astronomer | mathematician,antiquity,re_greek_world
637,Q370123,Apollodorus of Artemita,re_greek_world,Greek World,-129.0,historian,antiquity,re_greek_world
638,Q312548,Megasthenes,re_greek_world,Greek World,-350.0,historian | anthropologist,antiquity,re_greek_world
639,Q950303,Cratippus of Pergamon,re_greek_world,Greek World,-100.0,philosopher,antiquity,re_greek_world
640,Q450311,Alypius,re_greek_world,Greek World,350.0,musicologist,antiquity,re_greek_world
641,Q2695791,Abtolemus,re_greek_world,Greek World,101.0,theologian,antiquity,re_greek_world
642,Q3502838,Thallus,re_greek_world,Greek World,100.0,historian,antiquity,re_greek_world
643,Q1290567,Maximus I of Constantinople,re_greek_world,Greek World,350.0,philosopher,antiquity,re_greek_world
644,Q2696474,Apollinaris,re_greek_world,Greek World,400.0,philosopher,antiquity,re_greek_world
645,Q365017,Agathocles of Cyzicus,re_greek_world,Greek World,-299.0,historian,antiquity,re_greek_world
646,Q429744,Philinus of Agrigentum,re_greek_world,Greek World,-300.0,historian,antiquity,re_greek_world
647,Q34943,Ptolemy,re_greek_world,Greek World,100.0,philosopher | musicologist | astronomer | mathematician | geographer,antiquity,re_greek_world
648,Q310173,Ammonius Saccas,re_greek_world,Greek World,175.0,philosopher,antiquity,re_greek_world
649,Q2319055,Rhianus,re_greek_world,Greek World,-274.0,historian,antiquity,re_greek_world
650,Q718003,Possidius of Calama,re_latin,Latin World,370.0,historian,antiquity,re_latin
651,Q8018,Augustine of Hippo,re_latin,Latin World,354.0,theologian | musicologist | philosopher | historian,antiquity,re_latin
652,Q342416,Arnobius,re_latin,Latin World,255.0,philosopher,antiquity,re_latin
653,Q348408,Martianus Capella,re_latin,Latin World,360.0,musicologist | philosopher,antiquity,re_latin
654,Q261992,Optatus,re_latin,Latin World,400.0,theologian,antiquity,re_latin
655,Q315670,Juba II,re_latin,Latin World,-47.0,historian,antiquity,re_latin
656,Q170512,Apuleius,re_latin,Latin World,125.0,philosopher,antiquity,re_latin
0,Q2822993,Achard of Saint-Victor,re_british_islands,British Islands,1100.0,theologian,europe,re_europe
2,Q742311,Chad of Mercia,re_british_islands,British Islands,634.0,theologian,europe,re_europe
23,Q4057349,Clement Adams,re_british_islands,British Islands,1519.0,geographer,europe,re_europe
40,Q579194,John Major,re_british_islands,British Islands,1469.0,theologian | philosopher | historian,europe,re_europe
45,Q13129536,Lewis Caerleon,re_british_islands,British Islands,1500.0,theologian | astronomer | mathematician,europe,re_europe
57,Q1711520,Richard Percivale,re_british_islands,British Islands,1558.0,linguist,europe,re_europe
65,Q280766,Alexander Whitaker,re_british_islands,British Islands,1585.0,theologian,europe,re_europe
84,Q1347196,Thomas Helwys,re_british_islands,British Islands,1550.0,theologian,europe,re_europe
87,Q559548,Michael Scot,re_british_islands,British Islands,1175.0,philosopher | mathematician,europe,re_europe
95,Q15984704,John Speidell,re_british_islands,British Islands,1600.0,mathematician,europe,re_europe
98,Q6250616,John Norden,re_british_islands,British Islands,1548.0,geographer,europe,re_europe
108,Q7791987,Thomas Lydiat,re_british_islands,British Islands,1572.0,mathematician,europe,re_europe
121,Q342720,George Chapman,re_british_islands,British Islands,1559.0,linguist,europe,re_europe
122,Q1245769,Jacob Acontius,re_british_islands,British Islands,1600.0,theologian | philosopher,europe,re_europe
140,Q8004902,William Backhouse,re_british_islands,British Islands,1593.0,philosopher,europe,re_europe
162,Q18672990,William Whitelocke,re_british_islands,British Islands,1520.0,historian,europe,re_europe
170,Q7177420,Peter Turner,re_british_islands,British Islands,1586.0,mathematician,europe,re_europe
174,Q5482342,Francis Rous,re_british_islands,British Islands,1581.0,theologian,europe,re_europe
179,Q7793764,Thomas Sampson,re_british_islands,British Islands,1517.0,theologian,europe,re_europe
201,Q1700348,John Hales,re_british_islands,British Islands,1584.0,theologian,europe,re_europe
218,Q1294162,Edward Wright,re_british_islands,British Islands,1561.0,geographer | mathematician,europe,re_europe
230,Q2609522,Sedulius Scottus,re_british_islands,British Islands,850.0,philosopher,europe,re_europe
234,Q369366,Matthew Paris,re_british_islands,British Islands,1200.0,geographer,europe,re_europe
267,Q6242070,John Jones,re_british_islands,British Islands,1578.0,linguist,europe,re_europe
298,Q4678615,Adam Abell,re_british_islands,British Islands,1480.0,historian,europe,re_europe
299,Q6146090,Thomas Milles,re_british_islands,British Islands,1550.0,economist,europe,re_europe
310,Q5344893,Edward Powell,re_british_islands,British Islands,1478.0,theologian,europe,re_europe
316,Q1808208,Lawrence of Durham,re_british_islands,British Islands,1110.0,historian,europe,re_europe
341,Q5941507,Humphrey Llwyd,re_british_islands,British Islands,1527.0,geographer,europe,re_europe
355,Q3568771,William Lambarde,re_british_islands,British Islands,1536.0,archeologist,europe,re_europe
369,Q599071,Johannes Cotto,re_british_islands,British Islands,1100.0,musicologist,europe,re_europe
370,Q318622,Martin Bucer,re_british_islands,British Islands,1491.0,theologian,europe,re_europe
382,Q4723684,Alfred of Beverley,re_british_islands,British Islands,1050.0,historian,europe,re_europe
389,Q18526298,Adam Burley,re_british_islands,British Islands,1300.0,philosopher,europe,re_europe
394,Q154938,Bede,re_british_islands,British Islands,672.0,theologian | historian,europe,re_europe
402,Q27231029,Samuel Presbiter,re_british_islands,British Islands,1200.0,theologian,europe,re_europe
411,Q3319086,William Alabaster,re_british_islands,British Islands,1567.0,theologian,europe,re_europe
413,Q18530618,Peter Partridge,re_british_islands,British Islands,1385.0,theologian,europe,re_europe
419,Q18530778,Richard Chefer,re_british_islands,British Islands,1354.0,theologian,europe,re_europe
424,Q503126,Raphael Holinshed,re_british_islands,British Islands,1529.0,historian,europe,re_europe
429,Q357824,Gerald of Wales,re_british_islands,British Islands,1146.0,geographer | historian,europe,re_europe
433,Q159592,John Napier,re_british_islands,British Islands,1550.0,theologian | astronomer | physicist | mathematician,europe,re_europe
438,Q5717157,Henry Airay,re_british_islands,British Islands,1560.0,theologian,europe,re_europe
442,Q7518615,Simon Digby,re_british_islands,British Islands,1401.0,historian,europe,re_europe
475,Q256541,Robert Grosseteste,re_british_islands,British Islands,1175.0,philosopher | physicist | astronomer | mathematician | theologian | botanist,europe,re_europe
476,Q7795347,Thomas Wykes,re_british_islands,British Islands,1222.0,historian,europe,re_europe
490,Q505697,Thomas Mun,re_british_islands,British Islands,1571.0,economist,europe,re_europe
493,Q609201,Dungal of Bobbio,re_british_islands,British Islands,850.0,astronomer,europe,re_europe
516,Q7350421,Robert Tofte,re_british_islands,British Islands,1562.0,linguist,europe,re_europe
525,Q18672656,Thomas Savile,re_british_islands,British Islands,1560.0,astronomer | mathematician,europe,re_europe
537,Q2048314,Richard Eden,re_british_islands,British Islands,1520.0,historian,europe,re_europe
550,Q773982,Florence of Worcester,re_british_islands,British Islands,1100.0,historian,europe,re_europe
562,Q1974885,Alexander Neckam,re_british_islands,British Islands,1157.0,theologian | philosopher,europe,re_europe
563,Q5342005,Edward Brerewood,re_british_islands,British Islands,1565.0,mathematician,europe,re_europe
577,Q325408,William Laud,re_british_islands,British Islands,1573.0,theologian,europe,re_europe
579,Q5930147,Hugh Broughton,re_british_islands,British Islands,1549.0,theologian,europe,re_europe
581,Q8016738,William Pemble,re_british_islands,British Islands,1592.0,theologian,europe,re_europe
596,Q544953,William Drummond of Hawthornden,re_british_islands,British Islands,1585.0,historian,europe,re_europe
597,Q2538072,Andrew of Wyntoun,re_british_islands,British Islands,1350.0,historian,europe,re_europe
626,Q2838721,Roger Marston,re_british_islands,British Islands,1201.0,theologian | philosopher,europe,re_europe
639,Q318192,Robert Recorde,re_british_islands,British Islands,1512.0,philosopher | mathematician,europe,re_europe
643,Q311491,William Oughtred,re_british_islands,British Islands,1574.0,astronomer | mathematician,europe,re_europe
644,Q7519929,Simon Tunsted,re_british_islands,British Islands,1350.0,theologian | philosopher,europe,re_europe
650,Q1234687,William of Newburgh,re_british_islands,British Islands,1130.0,historian,europe,re_europe
678,Q3048505,Edward Wotton,re_british_islands,British Islands,1492.0,zoologist,europe,re_europe
693,Q4745835,Amerus,re_british_islands,British Islands,1201.0,musicologist,europe,re_europe
696,Q2033352,Robert Browne,re_british_islands,British Islands,1550.0,theologian,europe,re_europe
704,Q380845,Aelred of Rievaulx,re_british_islands,British Islands,1110.0,historian,europe,re_europe
714,Q272297,Æthelweard,re_british_islands,British Islands,975.0,historian,europe,re_europe
717,Q358235,Walter Odington,re_british_islands,British Islands,1300.0,musicologist | astronomer,europe,re_europe
725,Q1333338,John Gerard,re_british_islands,British Islands,1545.0,botanist,europe,re_europe
737,Q476238,Robert Abbot,re_british_islands,British Islands,1560.0,theologian,europe,re_europe
742,Q762279,William Pynchon,re_british_islands,British Islands,1590.0,theologian,europe,re_europe
759,Q2606307,Adam Marsh,re_british_islands,British Islands,1200.0,theologian,europe,re_europe
761,Q188344,Geoffrey of Monmouth,re_british_islands,British Islands,1100.0,historian,europe,re_europe
762,Q982707,John Florio,re_british_islands,British Islands,1553.0,linguist,europe,re_europe
811,Q940417,Symeon of Durham,re_british_islands,British Islands,1060.0,historian,europe,re_europe
826,Q18672760,William Gregory,re_british_islands,British Islands,1400.0,historian,europe,re_europe
845,Q5217112,Daniel Featley,re_british_islands,British Islands,1582.0,theologian,europe,re_europe
861,Q2824030,Adam of Bockenfield,re_british_islands,British Islands,1220.0,philosopher,europe,re_europe
868,Q5930259,Hugh Candidus,re_british_islands,British Islands,1095.0,historian,europe,re_europe
882,Q349778,Nicholas Sanders,re_british_islands,British Islands,1530.0,theologian | historian,europe,re_europe
891,Q7789628,Thomas Fitzherbert,re_british_islands,British Islands,1552.0,theologian,europe,re_europe
906,Q715419,Robert of Chester,re_british_islands,British Islands,1200.0,astronomer | mathematician,europe,re_europe
936,Q706830,Henry Gellibrand,re_british_islands,British Islands,1597.0,geologist | astronomer | mathematician,europe,re_europe
948,Q7789506,Thomas Fale,re_british_islands,British Islands,1561.0,mathematician,europe,re_europe
955,Q350427,John Jewel,re_british_islands,British Islands,1522.0,theologian,europe,re_europe
980,Q8020909,William of Ware,re_british_islands,British Islands,1260.0,theologian,europe,re_europe
981,Q5311866,Dudley Fenner,re_british_islands,British Islands,1558.0,theologian,europe,re_europe
995,Q6220219,John Baconthorpe,re_british_islands,British Islands,1290.0,theologian,europe,re_europe
1002,Q192236,Thomas Becket,re_british_islands,British Islands,1119.0,theologian,europe,re_europe
1006,Q18527266,Conall Mageoghegan,re_british_islands,British Islands,1596.0,historian,europe,re_europe
1009,Q2253307,Robert of Gloucester,re_british_islands,British Islands,1260.0,historian,europe,re_europe
1021,Q473302,John Whitgift,re_british_islands,British Islands,1530.0,theologian,europe,re_europe
1026,Q18671948,John Kynton,re_british_islands,British Islands,1455.0,theologian,europe,re_europe
1034,Q711589,Sir Henry Savile,re_british_islands,British Islands,1549.0,mathematician,europe,re_europe
1043,Q7520146,Simon of Faversham,re_british_islands,British Islands,1260.0,philosopher,europe,re_europe
1050,Q6220536,John Banister,re_british_islands,British Islands,1533.0,anatomist,europe,re_europe
1062,Q18674308,Paul Sherlock,re_british_islands,British Islands,1595.0,theologian,europe,re_europe
1068,Q91791410,Benjamin Wright,re_british_islands,British Islands,1575.0,geographer,europe,re_europe
1087,Q3431390,Richard FitzNeal,re_british_islands,British Islands,1130.0,economist,europe,re_europe
1094,Q71033,Samuel Hartlib,re_british_islands,British Islands,1600.0,botanist,europe,re_europe
1099,Q1285550,Richard Maitland,re_british_islands,British Islands,1496.0,historian,europe,re_europe
1115,Q1375506,John Tradescant the elder,re_british_islands,British Islands,1570.0,botanist,europe,re_europe
1118,Q1507083,George Carew,re_british_islands,British Islands,1556.0,historian,europe,re_europe
1121,Q455618,Thomas Campion,re_british_islands,British Islands,1567.0,musicologist,europe,re_europe
1129,Q15512079,William Rishanger,re_british_islands,British Islands,1250.0,historian,europe,re_europe
1132,Q7789338,Thomas Elmham,re_british_islands,British Islands,1364.0,historian,europe,re_europe
1142,Q6255771,John Rous,re_british_islands,British Islands,1411.0,historian,europe,re_europe
1160,Q1397946,Lewis Bayly,re_british_islands,British Islands,1565.0,theologian | philosopher,europe,re_europe
1163,Q18527537,Roger Collingwood,re_british_islands,British Islands,1495.0,mathematician,europe,re_europe
1174,Q518918,Thomas May,re_british_islands,British Islands,1595.0,historian,europe,re_europe
1181,Q18811413,William Sanderson,re_british_islands,British Islands,1586.0,historian,europe,re_europe
1183,Q957527,John Colet,re_british_islands,British Islands,1467.0,theologian,europe,re_europe
1185,Q42544,Thomas More,re_british_islands,British Islands,1478.0,theologian | philosopher | historian,europe,re_europe
1186,Q7342197,Robert Bolton,re_british_islands,British Islands,1572.0,theologian,europe,re_europe
1189,Q468950,Richard Kilvington,re_british_islands,British Islands,1305.0,theologian | philosopher,europe,re_europe
1207,Q7790680,Thomas Hill,re_british_islands,British Islands,1528.0,historian | mathematician,europe,re_europe
1237,Q5480227,Francis Bigod,re_british_islands,British Islands,1507.0,linguist,europe,re_europe
1245,Q6238044,John Hart,re_british_islands,British Islands,1501.0,linguist,europe,re_europe
1276,Q18534240,Nicholas Hunt,re_british_islands,British Islands,1596.0,mathematician,europe,re_europe
1279,Q3185355,Joseph Mede,re_british_islands,British Islands,1586.0,theologian,europe,re_europe
1288,Q3525108,Thomas Farnaby,re_british_islands,British Islands,1575.0,linguist,europe,re_europe
1290,Q5541813,George Lokert,re_british_islands,British Islands,1485.0,theologian | philosopher,europe,re_europe
1343,Q7341323,Robert Abbot,re_british_islands,British Islands,1588.0,theologian,europe,re_europe
1344,Q18671441,Henry Lord,re_british_islands,British Islands,1563.0,anthropologist,europe,re_europe
1351,Q967274,John Dumbleton,re_british_islands,British Islands,1310.0,mathematician,europe,re_europe
1354,Q173893,John Wycliffe,re_british_islands,British Islands,1320.0,theologian | philosopher,europe,re_europe
1359,Q8016642,William Patten,re_british_islands,British Islands,1548.0,historian,europe,re_europe
1379,Q3068356,Leonard Digges,re_british_islands,British Islands,1515.0,mathematician,europe,re_europe
1387,Q4778581,Hugh Ward,re_british_islands,British Islands,1592.0,anthropologist | geographer | historian | archeologist,europe,re_europe
1390,Q333481,James Ussher,re_british_islands,British Islands,1581.0,theologian | philosopher | historian,europe,re_europe
1391,Q6225424,John Case,re_british_islands,British Islands,1546.0,philosopher,europe,re_europe
1406,Q3525268,Thomas Johnson,re_british_islands,British Islands,1600.0,botanist,europe,re_europe
1412,Q7787517,Thomas Beckington,re_british_islands,British Islands,1390.0,theologian,europe,re_europe
1434,Q5728139,Henry Scrimgeour,re_british_islands,British Islands,1505.0,philosopher,europe,re_europe
1446,Q7359222,Roger of Hereford,re_british_islands,British Islands,1170.0,astronomer,europe,re_europe
1450,Q707787,Robert Filmer,re_british_islands,British Islands,1588.0,philosopher,europe,re_europe
1456,Q3182736,John White,re_british_islands,British Islands,1540.0,geographer,europe,re_europe
1463,Q3435427,Robert Hues,re_british_islands,British Islands,1553.0,geographer | mathematician,europe,re_europe
1464,Q5232088,David Calderwood,re_british_islands,British Islands,1575.0,theologian | historian,europe,re_europe
1469,Q37621,Thomas Hobbes,re_british_islands,British Islands,1588.0,philosopher | political scientist | mathematician | economist | historian,europe,re_europe
1470,Q331855,"Elizabeth Cary, Lady Falkland",re_british_islands,British Islands,1585.0,historian,europe,re_europe
1473,Q6259369,John Strang,re_british_islands,British Islands,1584.0,theologian,europe,re_europe
1476,Q61809158,Luis Soares,re_british_islands,British Islands,1547.0,theologian,europe,re_europe
1481,Q7789713,Thomas Ford,re_british_islands,British Islands,1598.0,theologian,europe,re_europe
1501,Q199894,Thomas Cranmer,re_british_islands,British Islands,1489.0,theologian,europe,re_europe
1513,Q2138715,John Forbes,re_british_islands,British Islands,1593.0,theologian,europe,re_europe
1531,Q345524,William of Malmesbury,re_british_islands,British Islands,1080.0,historian,europe,re_europe
1559,Q6136324,James Howell,re_british_islands,British Islands,1594.0,historian,europe,re_europe
1578,Q2866292,Thomas Goodwin,re_british_islands,British Islands,1600.0,theologian,europe,re_europe
1635,Q1367426,George Wishart,re_british_islands,British Islands,1513.0,theologian,europe,re_europe
1675,Q7349562,Robert Sanderson,re_british_islands,British Islands,1587.0,theologian,europe,re_europe
1697,Q921942,Samuel Purchas,re_british_islands,British Islands,1577.0,theologian,europe,re_europe
1702,Q2097515,Samuel Rutherford,re_british_islands,British Islands,1600.0,theologian,europe,re_europe
1709,Q913203,Brian Walton,re_british_islands,British Islands,1600.0,theologian,europe,re_europe
1712,Q1432211,Robert Norman,re_british_islands,British Islands,1560.0,geologist,europe,re_europe
1746,Q1645230,Johann Schöner,re_british_islands,British Islands,1597.0,mathematician,europe,re_europe
1748,Q18917758,William Wilkinson,re_british_islands,British Islands,1551.0,theologian,europe,re_europe
1750,Q315402,Thomas Harriot,re_british_islands,British Islands,1560.0,geographer | astronomer | linguist | mathematician,europe,re_europe
1757,Q317098,Lanfranc,re_british_islands,British Islands,1005.0,theologian | philosopher,europe,re_europe
1758,Q6076012,Isaac Bargrave,re_british_islands,British Islands,1586.0,theologian,europe,re_europe
1775,Q189937,John Knox,re_british_islands,British Islands,1514.0,theologian,europe,re_europe
1779,Q2978360,Claudius Hollyband,re_british_islands,British Islands,1534.0,linguist,europe,re_europe
1783,Q652097,Hector Boece,re_british_islands,British Islands,1465.0,philosopher | historian,europe,re_europe
1784,Q5343717,Edward James,re_british_islands,British Islands,1569.0,linguist,europe,re_europe
1789,Q6251426,John Overall,re_british_islands,British Islands,1560.0,theologian,europe,re_europe
1790,Q15984834,William Buckley,re_british_islands,British Islands,1519.0,mathematician,europe,re_europe
1799,Q3014885,Daniel of Morley,re_british_islands,British Islands,1140.0,philosopher,europe,re_europe
1804,Q302402,Ralph de Diceto,re_british_islands,British Islands,1200.0,historian,europe,re_europe
1821,Q4251069,Thomas Colepeper,re_british_islands,British Islands,1578.0,economist,europe,re_europe
1829,Q6290712,Josias Shute,re_british_islands,British Islands,1588.0,theologian,europe,re_europe
1845,Q3568664,William Gouge,re_british_islands,British Islands,1578.0,theologian,europe,re_europe
1847,Q762659,Patrick Adamson,re_british_islands,British Islands,1537.0,theologian,europe,re_europe
1853,Q236699,Julian of Norwich,re_british_islands,British Islands,1343.0,theologian,europe,re_europe
1858,Q3181469,John Falconer,re_british_islands,British Islands,1450.0,botanist,europe,re_europe
1880,Q647081,John Bainbridge,re_british_islands,British Islands,1582.0,astronomer,europe,re_europe
1947,Q1501553,Thomas Cartwright,re_british_islands,British Islands,1535.0,theologian,europe,re_europe
1954,Q240336,Emanuel van Meteren,re_british_islands,British Islands,1535.0,historian,europe,re_europe
1958,Q453697,Robert Fludd,re_british_islands,British Islands,1574.0,musicologist | philosopher | physicist | mathematician,europe,re_europe
1961,Q212127,William Perkins,re_british_islands,British Islands,1558.0,theologian,europe,re_europe
1971,Q7342272,Robert Boyd,re_british_islands,British Islands,1578.0,theologian,europe,re_europe
1978,Q332130,Dunstan,re_british_islands,British Islands,909.0,theologian,europe,re_europe
1980,Q1357237,John Capgrave,re_british_islands,British Islands,1393.0,historian,europe,re_europe
1995,Q2368376,Richard of Devizes,re_british_islands,British Islands,1150.0,historian,europe,re_europe
2003,Q1335413,John of Fordun,re_british_islands,British Islands,1301.0,historian,europe,re_europe
2054,Q8020569,William Worcester,re_british_islands,British Islands,1415.0,historian,europe,re_europe
2055,Q6228395,John Dakyn,re_british_islands,British Islands,1497.0,historian,europe,re_europe
2058,Q2613779,Adam of Dryburgh,re_british_islands,British Islands,1140.0,theologian,europe,re_europe
2082,Q1227536,John Caius,re_british_islands,British Islands,1510.0,physicist,europe,re_europe
2101,Q730540,Thomas Linacre,re_british_islands,British Islands,1460.0,mathematician,europe,re_europe
2118,Q348340,Sebastian Cabot,re_british_islands,British Islands,1476.0,geographer,europe,re_europe
2123,Q1380695,William Whitaker,re_british_islands,British Islands,1548.0,theologian,europe,re_europe
2129,Q7788555,Thomas Comber,re_british_islands,British Islands,1575.0,linguist,europe,re_europe
2134,Q1751724,Nicholas Trivet,re_british_islands,British Islands,1257.0,historian,europe,re_europe
2136,Q2506658,Jacques le Moyne,re_british_islands,British Islands,1533.0,geographer,europe,re_europe
2158,Q352584,John Spottiswoode,re_british_islands,British Islands,1565.0,historian,europe,re_europe
2167,Q364239,William Camden,re_british_islands,British Islands,1551.0,historian,europe,re_europe
2185,Q18671808,John Higgins,re_british_islands,British Islands,1545.0,linguist,europe,re_europe
2189,Q431324,Walter Map,re_british_islands,British Islands,1140.0,historian,europe,re_europe
2203,Q438141,Thomas Morley,re_british_islands,British Islands,1559.0,musicologist,europe,re_europe
2219,Q7786944,Thomas Adams,re_british_islands,British Islands,1583.0,theologian,europe,re_europe
2262,Q1239514,John Bois,re_british_islands,British Islands,1561.0,historian,europe,re_europe
2265,Q37388,Francis Bacon,re_british_islands,British Islands,1561.0,philosopher,europe,re_europe
2303,Q2624753,William Morgan,re_british_islands,British Islands,1547.0,linguist,europe,re_europe
2306,Q365463,Cornelis Drebbel,re_british_islands,British Islands,1572.0,physicist | chemist,europe,re_europe
2311,Q266609,Robert Copland,re_british_islands,British Islands,1515.0,linguist,europe,re_europe
2318,Q6818932,Meredith Hanmer,re_british_islands,British Islands,1543.0,historian,europe,re_europe
2321,Q1237075,Robert Barnes,re_british_islands,British Islands,1495.0,theologian,europe,re_europe
2343,Q18535021,William de Montibus,re_british_islands,British Islands,1140.0,theologian,europe,re_europe
2358,Q370537,Edmund Bolton,re_british_islands,British Islands,1574.0,historian,europe,re_europe
2365,Q2580220,William Penbygull,re_british_islands,British Islands,1400.0,philosopher,europe,re_europe
2405,Q670599,John Lambert,re_british_islands,British Islands,1500.0,theologian,europe,re_europe
2409,Q18821944,William Smith,re_british_islands,British Islands,1550.0,geographer,europe,re_europe
2410,Q1234985,John Bale,re_british_islands,British Islands,1495.0,theologian | historian,europe,re_europe
2413,Q7326498,Richard Holdsworth,re_british_islands,British Islands,1590.0,theologian,europe,re_europe
2421,Q676541,John Cooper,re_british_islands,British Islands,1570.0,musicologist,europe,re_europe
2436,Q14945632,William Reade,re_british_islands,British Islands,1283.0,mathematician,europe,re_europe
2444,Q3181255,John Colgan,re_british_islands,British Islands,1592.0,historian,europe,re_europe
2447,Q514000,Jan Utenhove,re_british_islands,British Islands,1516.0,theologian,europe,re_europe
2458,Q647264,John Hooper,re_british_islands,British Islands,1495.0,theologian,europe,re_europe
2470,Q668763,Thomas Muffet,re_british_islands,British Islands,1553.0,zoologist,europe,re_europe
2484,Q18674117,Malachy Hartry,re_british_islands,British Islands,1580.0,historian,europe,re_europe
2486,Q283244,John Downes,re_british_islands,British Islands,1600.0,historian,europe,re_europe
2492,Q5543081,George Owen,re_british_islands,British Islands,1552.0,geologist | geographer | anatomist,europe,re_europe
2520,Q465329,Stephen Langton,re_british_islands,British Islands,1150.0,theologian,europe,re_europe
2534,Q3525718,Thomas of Sutton,re_british_islands,British Islands,1230.0,theologian,europe,re_europe
2541,Q201484,John Dee,re_british_islands,British Islands,1527.0,geographer | astronomer | philosopher | mathematician,europe,re_europe
2543,Q3569049,William of Macclesfield,re_british_islands,British Islands,1250.0,theologian,europe,re_europe
2555,Q18529292,Thomas Leintwardine,re_british_islands,British Islands,1363.0,theologian,europe,re_europe
2565,Q6223079,John Brereton,re_british_islands,British Islands,1572.0,historian,europe,re_europe
2573,Q743506,Edmund Bonner,re_british_islands,British Islands,1500.0,theologian,europe,re_europe
2600,Q7411150,Samuel Collins,re_british_islands,British Islands,1576.0,theologian,europe,re_europe
2611,Q20751801,Edward Evans,re_british_islands,British Islands,1582.0,theologian,europe,re_europe
2618,Q5339760,Edmund Prys,re_british_islands,British Islands,1544.0,linguist,europe,re_europe
2648,Q721636,Ralph of Coggeshall,re_british_islands,British Islands,1101.0,historian,europe,re_europe
2649,Q256288,John Parkinson,re_british_islands,British Islands,1567.0,botanist,europe,re_europe
2650,Q1263002,Dubhaltach Mac Fhirbhisigh,re_british_islands,British Islands,1585.0,archeologist | linguist | historian,europe,re_europe
2655,Q3595369,Arthur Agarde,re_british_islands,British Islands,1536.0,archeologist | historian,europe,re_europe
2656,Q3431263,Richard Taverner,re_british_islands,British Islands,1505.0,linguist,europe,re_europe
2669,Q359143,"Henry Percy, 9th Earl of Northumberland",re_british_islands,British Islands,1564.0,geographer | astronomer | mathematician,europe,re_europe
2678,Q7788603,Thomas Cooper,re_british_islands,British Islands,1517.0,linguist,europe,re_europe
2679,Q93128,William Harvey,re_british_islands,British Islands,1578.0,anatomist,europe,re_europe
2688,Q743303,John Goodyer,re_british_islands,British Islands,1592.0,botanist,europe,re_europe
2731,Q5079008,Charles Herle,re_british_islands,British Islands,1598.0,theologian,europe,re_europe
2737,Q43939,Anselm of Canterbury,re_british_islands,British Islands,1033.0,theologian | philosopher,europe,re_europe
2746,Q6525197,Leonard Cox,re_british_islands,British Islands,1495.0,linguist,europe,re_europe
2757,Q1225374,Richard Mulcaster,re_british_islands,British Islands,1530.0,linguist,europe,re_europe
2772,Q1319217,Méric Casaubon,re_british_islands,British Islands,1599.0,philosopher,europe,re_europe
2804,Q1335364,John of Worcester,re_british_islands,British Islands,1100.0,historian,europe,re_europe
2822,Q3048512,Edward Fairfax,re_british_islands,British Islands,1580.0,linguist,europe,re_europe
2825,Q7327123,Richard Knolles,re_british_islands,British Islands,1545.0,historian,europe,re_europe
2828,Q2821826,Abraham Fleming,re_british_islands,British Islands,1552.0,linguist,europe,re_europe
2833,Q954735,Samuel Daniel,re_british_islands,British Islands,1563.0,historian,europe,re_europe
2834,Q389096,Gavin Douglas,re_british_islands,British Islands,1474.0,linguist,europe,re_europe
2851,Q18576953,Roger Dymoke,re_british_islands,British Islands,1350.0,theologian,europe,re_europe
2854,Q8018052,William Salesbury,re_british_islands,British Islands,1520.0,linguist,europe,re_europe
2865,Q18945764,Richard White,re_british_islands,British Islands,1590.0,physicist | mathematician,europe,re_europe
2882,Q18576207,Geoffrey Hardeby,re_british_islands,British Islands,1320.0,theologian,europe,re_europe
2890,Q5339928,Edmund Wingate,re_british_islands,British Islands,1596.0,mathematician,europe,re_europe
2907,Q1245028,John Speed,re_british_islands,British Islands,1552.0,geographer | historian,europe,re_europe
2922,Q18734029,Philip Norris,re_british_islands,British Islands,1400.0,theologian,europe,re_europe
2948,Q18559881,Thomas Danett,re_british_islands,British Islands,1543.0,historian,europe,re_europe
2983,Q3018107,David Hume of Godscroft,re_british_islands,British Islands,1558.0,historian,europe,re_europe
3001,Q3568450,William Bourne,re_british_islands,British Islands,1535.0,mathematician,europe,re_europe
3002,Q5545814,George Walker,re_british_islands,British Islands,1581.0,theologian,europe,re_europe
3015,Q18672337,Simon of Hinton,re_british_islands,British Islands,1248.0,theologian,europe,re_europe
3027,Q1083058,Théodore de Mayerne,re_british_islands,British Islands,1573.0,chemist,europe,re_europe
3030,Q70119,Paul Fagius,re_british_islands,British Islands,1504.0,theologian,europe,re_europe
3033,Q7793185,Thomas Playfere,re_british_islands,British Islands,1562.0,theologian,europe,re_europe
3036,Q7342145,Robert Blair,re_british_islands,British Islands,1593.0,theologian,europe,re_europe
3053,Q2126785,Ralph Niger,re_british_islands,British Islands,1140.0,historian,europe,re_europe
3071,Q7789958,Thomas Gataker,re_british_islands,British Islands,1574.0,theologian,europe,re_europe
3092,Q2659512,Bernard Gilpin,re_british_islands,British Islands,1517.0,theologian,europe,re_europe
3107,Q6248957,John Minsheu,re_british_islands,British Islands,1560.0,linguist,europe,re_europe
3108,Q321390,Adam of Balsham,re_british_islands,British Islands,1105.0,philosopher | mathematician,europe,re_europe
3111,Q429749,John Bramhall,re_british_islands,British Islands,1594.0,theologian,europe,re_europe
3116,Q335086,Henry Briggs,re_british_islands,British Islands,1561.0,mathematician,europe,re_europe
3126,Q3431220,Richard Sibbes,re_british_islands,British Islands,1577.0,theologian,europe,re_europe
3129,Q318673,Thomas Gresham,re_british_islands,British Islands,1519.0,economist,europe,re_europe
3149,Q3748862,Fortunio Affaitati,re_british_islands,British Islands,1510.0,philosopher,europe,re_europe
3167,Q7324632,Richard Carpenter,re_british_islands,British Islands,1575.0,theologian,europe,re_europe
3188,Q7341485,Robert Alyngton,re_british_islands,British Islands,1355.0,philosopher,europe,re_europe
3193,Q5602097,William Capon,re_british_islands,British Islands,1480.0,theologian,europe,re_europe
3196,Q7878018,Uthred of Boldon,re_british_islands,British Islands,1320.0,theologian,europe,re_europe
3199,Q608093,Anthony Jenkinson,re_british_islands,British Islands,1529.0,historian,europe,re_europe
3204,Q1788686,Edward Lee,re_british_islands,British Islands,1482.0,theologian,europe,re_europe
3212,Q2141696,William Turner,re_british_islands,British Islands,1510.0,botanist | zoologist,europe,re_europe
3213,Q18732394,John Nicholls,re_british_islands,British Islands,1555.0,theologian,europe,re_europe
3215,Q3180358,Jofroi of Waterford,re_british_islands,British Islands,1250.0,linguist,europe,re_europe
3218,Q3530145,Tobias Matthew,re_british_islands,British Islands,1546.0,theologian,europe,re_europe
3236,Q7795379,Thomas Young,re_british_islands,British Islands,1587.0,theologian,europe,re_europe
3255,Q15486039,James Ware,re_british_islands,British Islands,1594.0,historian,europe,re_europe
3275,Q7789052,Thomas Drant,re_british_islands,British Islands,1540.0,theologian,europe,re_europe
3278,Q55807,William Baffin,re_british_islands,British Islands,1584.0,geographer,europe,re_europe
3284,Q3182765,John Williams,re_british_islands,British Islands,1582.0,theologian,europe,re_europe
3288,Q1052577,Cedd,re_british_islands,British Islands,620.0,theologian,europe,re_europe
3296,Q3710116,John Blagrave,re_british_islands,British Islands,1561.0,mathematician,europe,re_europe
3317,Q504016,Thomas Elyot,re_british_islands,British Islands,1490.0,linguist | philosopher,europe,re_europe
3331,Q1398356,John Leland,re_british_islands,British Islands,1502.0,archeologist | historian,europe,re_europe
3338,Q5342438,Edward Cradock,re_british_islands,British Islands,1552.0,theologian,europe,re_europe
3343,Q2725471,Charles Butler,re_british_islands,British Islands,1560.0,musicologist | zoologist,europe,re_europe
3363,Q1524158,Gilbert Crispin,re_british_islands,British Islands,1046.0,theologian,europe,re_europe
3369,Q18819536,John Speed,re_british_islands,British Islands,1595.0,anatomist,europe,re_europe
3376,Q7330201,Richard de Morins,re_british_islands,British Islands,1161.0,historian,europe,re_europe
3395,Q7346912,Robert Lindsay of Pitscottie,re_british_islands,British Islands,1532.0,historian,europe,re_europe
3417,Q715169,George Buchanan,re_british_islands,British Islands,1506.0,linguist | philosopher | historian,europe,re_europe
3425,Q4718953,Alexander Gill,re_british_islands,British Islands,1565.0,linguist,europe,re_europe
3445,Q312372,Adelard of Bath,re_british_islands,British Islands,1075.0,astronomer | philosopher | mathematician,europe,re_europe
3478,Q7325668,Richard Field,re_british_islands,British Islands,1561.0,theologian,europe,re_europe
3504,Q3418819,Randle Cotgrave,re_british_islands,British Islands,1600.0,linguist,europe,re_europe
3519,Q713004,"Edward Herbert, 1st Baron Herbert of Cherbury",re_british_islands,British Islands,1583.0,philosopher | historian,europe,re_europe
3520,Q718564,William de la Mare,re_british_islands,British Islands,1300.0,philosopher,europe,re_europe
3541,Q18529169,Francis Bunny,re_british_islands,British Islands,1543.0,theologian,europe,re_europe
3549,Q733922,Geoffrey Keating,re_british_islands,British Islands,1569.0,historian,europe,re_europe
3556,Q3809561,John Preston,re_british_islands,British Islands,1587.0,theologian,europe,re_europe
3585,Q3524856,Thomas Allen,re_british_islands,British Islands,1542.0,mathematician,europe,re_europe
3589,Q5341979,Edward Boys,re_british_islands,British Islands,1599.0,theologian,europe,re_europe
3609,Q427129,John Frith,re_british_islands,British Islands,1503.0,theologian,europe,re_europe
3613,Q18576912,Robert Handlo,re_british_islands,British Islands,1350.0,musicologist,europe,re_europe
3628,Q1799812,Laurence Nowell,re_british_islands,British Islands,1530.0,geographer | linguist,europe,re_europe
3632,Q4865290,Bartholomew Young,re_british_islands,British Islands,1560.0,linguist,europe,re_europe
3665,Q3021251,Degory Wheare,re_british_islands,British Islands,1573.0,historian,europe,re_europe
3668,Q1389271,John Ogilby,re_british_islands,British Islands,1600.0,geographer | linguist,europe,re_europe
3674,Q710046,Hugh Latimer,re_british_islands,British Islands,1485.0,theologian,europe,re_europe
3686,Q2345308,Richard Rolle,re_british_islands,British Islands,1300.0,theologian,europe,re_europe
3687,Q3809487,John Merbecke,re_british_islands,British Islands,1505.0,theologian,europe,re_europe
3711,Q10307857,John Joscelyn,re_british_islands,British Islands,1529.0,historian,europe,re_europe
3732,Q6235719,John Goodwin,re_british_islands,British Islands,1594.0,theologian,europe,re_europe
3735,Q2578020,William Bellenden,re_british_islands,British Islands,1550.0,historian,europe,re_europe
3740,Q2032430,Walter Bower,re_british_islands,British Islands,1385.0,historian,europe,re_europe
3742,Q3710165,Walcher of Malvern,re_british_islands,British Islands,1001.0,astronomer | mathematician,europe,re_europe
3746,Q349235,John Rogers,re_british_islands,British Islands,1500.0,theologian,europe,re_europe
3750,Q171677,Roger Bacon,re_british_islands,British Islands,1220.0,philosopher | physicist | musicologist | mathematician | theologian,europe,re_europe
3754,Q5683,Geoffrey Chaucer,re_british_islands,British Islands,1343.0,linguist | philosopher,europe,re_europe
3766,Q5112533,Christopher Heydon,re_british_islands,British Islands,1561.0,astronomer,europe,re_europe
3776,Q4719745,Alexander Neville,re_british_islands,British Islands,1544.0,historian,europe,re_europe
3787,Q7287149,Ralph Agas,re_british_islands,British Islands,1540.0,geographer,europe,re_europe
3799,Q18857066,Thomas Wintour,re_british_islands,British Islands,1571.0,linguist,europe,re_europe
3803,Q185510,Richard Hakluyt,re_british_islands,British Islands,1552.0,geographer | historian,europe,re_europe
3814,Q7811617,Tobias Crisp,re_british_islands,British Islands,1600.0,theologian,europe,re_europe
3817,Q3568640,William Fulke,re_british_islands,British Islands,1538.0,theologian,europe,re_europe
3830,Q5722337,Henry Guthry,re_british_islands,British Islands,1600.0,historian,europe,re_europe
3834,Q2958696,Charles Cavendish,re_british_islands,British Islands,1591.0,mathematician,europe,re_europe
3847,Q5539728,George Gilpin,re_british_islands,British Islands,1514.0,linguist,europe,re_europe
3855,Q1801816,Lancelot Andrewes,re_british_islands,British Islands,1555.0,theologian,europe,re_europe
3869,Q3376642,Peter Heylin,re_british_islands,British Islands,1599.0,theologian | historian,europe,re_europe
3903,Q1860320,Matthias de l'Obel,re_british_islands,British Islands,1538.0,botanist,europe,re_europe
3912,Q8005722,William Borough,re_british_islands,British Islands,1536.0,geographer,europe,re_europe
3914,Q6130874,James Calfhill,re_british_islands,British Islands,1530.0,theologian,europe,re_europe
3915,Q3387604,Peter Langtoft,re_british_islands,British Islands,1201.0,historian,europe,re_europe
3922,Q3299494,Andronicus Callistus,re_british_islands,British Islands,1400.0,philosopher,europe,re_europe
3924,Q5540147,George Hakewill,re_british_islands,British Islands,1578.0,theologian,europe,re_europe
3928,Q1271395,Gilbert of Sempringham,re_british_islands,British Islands,1083.0,philosopher,europe,re_europe
3931,Q1673525,Isaac of Stella,re_british_islands,British Islands,1110.0,philosopher,europe,re_europe
3945,Q18917337,Richard Willes,re_british_islands,British Islands,1546.0,geographer,europe,re_europe
3964,Q1035378,Henry Spelman,re_british_islands,British Islands,1564.0,historian,europe,re_europe
3967,Q443783,Richard Hooker,re_british_islands,British Islands,1554.0,theologian,europe,re_europe
3971,Q726699,Edmund Gunter,re_british_islands,British Islands,1581.0,astronomer | mathematician,europe,re_europe
3983,Q94608,William Caxton,re_british_islands,British Islands,1422.0,linguist,europe,re_europe
3994,Q28761,Alfred of Sareshel,re_british_islands,British Islands,1101.0,philosopher,europe,re_europe
4007,Q585089,Simon Bredon,re_british_islands,British Islands,1300.0,astronomer,europe,re_europe
4008,Q1441514,Francis Glisson,re_british_islands,British Islands,1597.0,anatomist,europe,re_europe
4012,Q5584377,William Bradshaw,re_british_islands,British Islands,1571.0,theologian,europe,re_europe
4027,Q18577246,William Woodford,re_british_islands,British Islands,1330.0,theologian,europe,re_europe
4030,Q4800711,Arthur Wilson,re_british_islands,British Islands,1595.0,historian,europe,re_europe
4038,Q1387711,Francis Godwin,re_british_islands,British Islands,1562.0,historian,europe,re_europe
4064,Q725614,Eadmer,re_british_islands,British Islands,1060.0,historian,europe,re_europe
4113,Q18577133,Walter Diss,re_british_islands,British Islands,1330.0,theologian,europe,re_europe
4114,Q268107,John of Cornwall,re_british_islands,British Islands,1127.0,theologian,europe,re_europe
4122,Q5416903,Everard Digby,re_british_islands,British Islands,1550.0,philosopher,europe,re_europe
4124,Q59892,Nicholas Kratzer,re_british_islands,British Islands,1487.0,astronomer | mathematician,europe,re_europe
4126,Q6265189,John Young,re_british_islands,British Islands,1514.0,theologian,europe,re_europe
4133,Q7794692,Thomas Vicars,re_british_islands,British Islands,1589.0,theologian,europe,re_europe
4145,Q3434493,Robert Balfour,re_british_islands,British Islands,1553.0,linguist | philosopher,europe,re_europe
4163,Q6263470,John Welsh,re_british_islands,British Islands,1569.0,theologian,europe,re_europe
4170,Q947245,Ingulf,re_british_islands,British Islands,1030.0,historian,europe,re_europe
4176,Q1322939,John Peckham,re_british_islands,British Islands,1227.0,theologian | philosopher,europe,re_europe
4182,Q4020174,William Twisse,re_british_islands,British Islands,1578.0,theologian,europe,re_europe
4203,Q21192310,John Bryan,re_british_islands,British Islands,1493.0,logician,europe,re_europe
4209,Q5727508,Henry Rice,re_british_islands,British Islands,1590.0,historian,europe,re_europe
4219,Q18880379,William Sudbury,re_british_islands,British Islands,1351.0,theologian,europe,re_europe
4225,Q3104436,Gervase of Canterbury,re_british_islands,British Islands,1141.0,historian,europe,re_europe
4231,Q3565913,Walter Warner,re_british_islands,British Islands,1563.0,mathematician,europe,re_europe
4234,Q7527375,"Sir James Balfour, 1st Baronet",re_british_islands,British Islands,1600.0,historian,europe,re_europe
4238,Q3247050,Alexander Ross,re_british_islands,British Islands,1591.0,theologian,europe,re_europe
4254,Q3336771,Nathaniel Torporley,re_british_islands,British Islands,1564.0,astronomer | mathematician,europe,re_europe
4260,Q428905,Asser,re_british_islands,British Islands,900.0,historian,europe,re_europe
4278,Q18527191,Clement of Llanthony,re_british_islands,British Islands,1100.0,theologian,europe,re_europe
4299,Q18530809,Robert Sayer,re_british_islands,British Islands,1560.0,theologian,europe,re_europe
4311,Q3048705,Edward Topsell,re_british_islands,British Islands,1572.0,zoologist,europe,re_europe
4312,Q1932211,Arthur Golding,re_british_islands,British Islands,1536.0,linguist,europe,re_europe
4315,Q734076,Barnabe Googe,re_british_islands,British Islands,1540.0,linguist,europe,re_europe
4332,Q18528869,Thomas Bungay,re_british_islands,British Islands,1214.0,theologian,europe,re_europe
4340,Q6536139,Lewes Roberts,re_british_islands,British Islands,1596.0,economist,europe,re_europe
4343,Q741030,Nicholas Ridley,re_british_islands,British Islands,1500.0,theologian,europe,re_europe
4365,Q708980,Patrick Hamilton,re_british_islands,British Islands,1504.0,theologian,europe,re_europe
4403,Q3525652,Thomas Walsingham,re_british_islands,British Islands,1340.0,historian,europe,re_europe
4404,Q1229700,John of Garland,re_british_islands,British Islands,1195.0,linguist | historian,europe,re_europe
4416,Q16968579,Richard Methley,re_british_islands,British Islands,1451.0,theologian,europe,re_europe
4419,Q7324618,Richard Carew,re_british_islands,British Islands,1555.0,zoologist,europe,re_europe
4420,Q7787522,Thomas Bedford,re_british_islands,British Islands,1588.0,theologian,europe,re_europe
4433,Q376164,Hadrian à Saravia,re_british_islands,British Islands,1532.0,theologian,europe,re_europe
4444,Q2581060,William Whittingham,re_british_islands,British Islands,1524.0,theologian,europe,re_europe
4445,Q2066873,Richard of Wallingford,re_british_islands,British Islands,1292.0,astronomer | mathematician,europe,re_europe
4475,Q683717,William Latimer,re_british_islands,British Islands,1467.0,theologian | linguist,europe,re_europe
4476,Q3430490,Richard Baker,re_british_islands,British Islands,1568.0,theologian | historian,europe,re_europe
4501,Q2848877,Andrew of Saint Victor,re_british_islands,British Islands,1110.0,theologian,europe,re_europe
4504,Q18530742,Richard Billingham,re_british_islands,British Islands,1300.0,theologian | logician,europe,re_europe
4515,Q1230454,John Stow,re_british_islands,British Islands,1525.0,historian,europe,re_europe
4523,Q665453,Abraham Wheelocke,re_british_islands,British Islands,1593.0,linguist,europe,re_europe
4526,Q7350584,Robert Vaughan,re_british_islands,British Islands,1592.0,historian,europe,re_europe
4527,Q1216487,Geoffrey le Baker,re_british_islands,British Islands,1301.0,historian,europe,re_europe
4542,Q5608910,Griffith Powell,re_british_islands,British Islands,1561.0,philosopher,europe,re_europe
4552,Q18530596,Peter Carter,re_british_islands,British Islands,1530.0,logician,europe,re_europe
4560,Q19325785,John Walker,re_british_islands,British Islands,1577.0,geographer,europe,re_europe
4570,Q5537393,George Buck,re_british_islands,British Islands,1560.0,historian,europe,re_europe
4576,Q7357881,Roger Bolingbroke,re_british_islands,British Islands,1380.0,astronomer,europe,re_europe
4611,Q1685825,Thomas Abel,re_british_islands,British Islands,1497.0,theologian,europe,re_europe
4614,Q5076206,Charles Chauncy,re_british_islands,British Islands,1592.0,theologian,europe,re_europe
4621,Q634595,Thomas Ravenscroft,re_british_islands,British Islands,1588.0,musicologist,europe,re_europe
4633,Q18671963,John Lathbury,re_british_islands,British Islands,1300.0,theologian,europe,re_europe
4642,Q3525471,Thomas Penny,re_british_islands,British Islands,1532.0,zoologist,europe,re_europe
4678,Q1359257,John Theyer,re_british_islands,British Islands,1597.0,archeologist,europe,re_europe
4689,Q661947,John Davies,re_british_islands,British Islands,1567.0,linguist,europe,re_europe
4696,Q4157022,Richard Delamaine,re_british_islands,British Islands,1600.0,mathematician,europe,re_europe
4697,Q640051,Bathsua Makin,re_british_islands,British Islands,1600.0,linguist,europe,re_europe
4700,Q713043,Edward Hall,re_british_islands,British Islands,1497.0,historian,europe,re_europe
4702,Q7787637,Thomas Bilson,re_british_islands,British Islands,1547.0,theologian,europe,re_europe
4715,Q770348,Ranulf Higden,re_british_islands,British Islands,1299.0,historian,europe,re_europe
4719,Q3175686,Jean de Saint Albans,re_british_islands,British Islands,1170.0,theologian,europe,re_europe
4739,Q3568802,William Lower,re_british_islands,British Islands,1570.0,astronomer,europe,re_europe
4746,Q1862572,Walter Burley,re_british_islands,British Islands,1275.0,theologian | philosopher | historian | logician,europe,re_europe
4758,Q1985049,Nicholas of Lynn,re_british_islands,British Islands,1330.0,astronomer,europe,re_europe
4763,Q15442873,Thomas Case,re_british_islands,British Islands,1598.0,theologian,europe,re_europe
4769,Q12729940,Henry Billingsley,re_british_islands,British Islands,1550.0,linguist | mathematician,europe,re_europe
4770,Q461116,Thomas Bradwardine,re_british_islands,British Islands,1300.0,theologian | philosopher | physicist | mathematician,europe,re_europe
4776,Q15994350,John Chamber,re_british_islands,British Islands,1546.0,astronomer,europe,re_europe
4779,Q3436698,Robert of Melun,re_british_islands,British Islands,1100.0,philosopher,europe,re_europe
4792,Q380961,John Foxe,re_british_islands,British Islands,1516.0,theologian | philosopher | historian,europe,re_europe
4798,Q192706,William Gilbert,re_british_islands,British Islands,1544.0,astronomer | philosopher | physicist,europe,re_europe
4799,Q531345,Thomas Digges,re_british_islands,British Islands,1546.0,astronomer | mathematician,europe,re_europe
4803,Q18671696,John Bury,re_british_islands,British Islands,1400.0,theologian,europe,re_europe
4811,Q7324346,Richard Bristow,re_british_islands,British Islands,1538.0,theologian,europe,re_europe
4814,Q6232936,John Fenn,re_british_islands,British Islands,1535.0,historian,europe,re_europe
4817,Q1856133,William of Heytesbury,re_british_islands,British Islands,1313.0,philosopher | mathematician,europe,re_europe
4818,Q7610838,Stephen White,re_british_islands,British Islands,1574.0,theologian | linguist | historian,europe,re_europe
4838,Q22691480,Johannes Michael Budorensis,re_german_world,German world,1550.0,astronomer,europe,re_europe
4840,Q38541085,Bésian Arroy,re_france,France,1589.0,theologian,europe,re_europe
4862,Q15454557,Matthias Flacius the Younger,re_german_world,German world,1547.0,philosopher,europe,re_europe
4865,Q51934258,Jan Janszoon Orlers,re_low_countries,Low countries,1570.0,historian,europe,re_europe
4869,Q2699503,Jacob Metius,re_low_countries,Low countries,1580.0,astronomer,europe,re_europe
4888,Q3171140,Jean Carré,re_france,France,1582.0,theologian,europe,re_europe
4890,Q895373,Bovo II.,re_german_world,German world,900.0,theologian,europe,re_europe
4926,Q55125823,Martin Plantsch,re_german_world,German world,1460.0,theologian,europe,re_europe
4933,Q1302953,Simon Sten,re_german_world,German world,1540.0,historian,europe,re_europe
4936,Q14761011,Petrus Divaeus,re_low_countries,Low countries,1535.0,historian,europe,re_europe
4937,Q1262526,Johannes Ligarius,re_german_world,German world,1529.0,theologian,europe,re_europe
4945,Q111682,Martin Eisengrein,re_german_world,German world,1535.0,theologian,europe,re_europe
4959,Q122572,Benedictus Aretius,re_german_world,German world,1522.0,theologian | botanist,europe,re_europe
4963,Q3292880,Marie de Brimeu,re_low_countries,Low countries,1550.0,botanist,europe,re_europe
4993,Q1611029,Hermann Fabronius,re_german_world,German world,1570.0,theologian,europe,re_europe
4996,Q1697425,Johann Dreier,re_german_world,German world,1500.0,theologian,europe,re_europe
5001,Q55125161,Peter Lindeberg,re_german_world,German world,1562.0,historian,europe,re_europe
5006,Q15456273,Helias Putschen,re_german_world,German world,1580.0,historian,europe,re_europe
5014,Q499690,Andreas Möller,re_german_world,German world,1598.0,historian,europe,re_europe
5021,Q94871288,Thomas Fuchs,re_german_world,German world,1530.0,theologian,europe,re_europe
5025,Q3340887,Nicolas Ysambert,re_france,France,1560.0,theologian,europe,re_europe
5032,Q1672415,Pierre de Jarric,re_france,France,1566.0,theologian | philosopher | historian,europe,re_europe
5035,Q55122937,Johann Ludwig Hauenreuter,re_france,France,1548.0,philosopher,europe,re_europe
5040,Q15821250,Johannes Georg Hungerlin,re_german_world,German world,1551.0,theologian,europe,re_europe
5064,Q315000,Jean Froissart,re_low_countries,Low countries,1337.0,historian,europe,re_europe
5071,Q2578435,William Davidson,re_france,France,1593.0,botanist | chemist,europe,re_europe
5091,Q24956394,Joannes Minnegod,re_france,France,1502.0,theologian,europe,re_europe
5100,Q279495,Michael Eytzinger,re_german_world,German world,1530.0,historian,europe,re_europe
5103,Q1986818,Nikolaus Hardkopf,re_german_world,German world,1582.0,theologian,europe,re_europe
5105,Q66836,Johannes Nider,re_german_world,German world,1380.0,theologian,europe,re_europe
5113,Q2058977,Denis of the Nativity,re_france,France,1600.0,geographer,europe,re_europe
5116,Q3185888,Joseph Duchesne,re_france,France,1544.0,chemist,europe,re_europe
5118,Q767777,Augustin Gschmus,re_france,France,1490.0,theologian,europe,re_europe
5123,Q1159923,Daniel Angelocrator,re_german_world,German world,1569.0,theologian | geographer,europe,re_europe
5128,Q1697316,Johann Brüning,re_german_world,German world,1590.0,theologian,europe,re_europe
5133,Q500077,Andreas Pouchenius,re_german_world,German world,1526.0,theologian,europe,re_europe
5135,Q1539547,Geoffrey of Auxerre,re_france,France,1115.0,theologian,europe,re_europe
5164,Q139528,Zacharias Schilter,re_german_world,German world,1541.0,theologian,europe,re_europe
5170,Q1281304,Peter Bestenbostel,re_german_world,German world,1572.0,linguist,europe,re_europe
5188,Q1986849,Nicolaus Marschalk,re_german_world,German world,1470.0,archeologist | historian,europe,re_europe
5190,Q1771569,Wolfgang Heider,re_german_world,German world,1558.0,political scientist | anthropologist,europe,re_europe
5210,Q428694,Boetius of Dacia,re_nordic_countries,Nordic countries,1240.0,philosopher,europe,re_europe
5225,Q6217083,Johannes Wolleb,re_german_world,German world,1589.0,theologian,europe,re_europe
5234,Q456569,Walafrid Strabo,re_german_world,German world,808.0,botanist | historian,europe,re_europe
5236,Q675928,Lupus Servatus,re_france,France,805.0,theologian | philosopher,europe,re_europe
5238,Q67397,Wessel Gansfort,re_low_countries,Low countries,1419.0,theologian,europe,re_europe
5239,Q695156,Arnold Fitz Thedmar,re_german_world,German world,1201.0,historian,europe,re_europe
5241,Q1991467,Nikolaus Gompe,re_german_world,German world,1524.0,theologian,europe,re_europe
5243,Q8963,Johannes Kepler,re_german_world,German world,1572.0,philosopher | physicist | musicologist | astronomer | mathematician | theologian | anatomist,europe,re_europe
5244,Q2664265,Arnoldus Arlenius,re_low_countries,Low countries,1510.0,philosopher,europe,re_europe
5245,Q108434822,Ludolf Walther,re_german_world,German world,1595.0,theologian,europe,re_europe
5251,Q1666446,Vitus Auslasser,re_german_world,German world,1479.0,botanist,europe,re_europe
5254,Q30988466,Mathieu de Morgues,re_france,France,1582.0,theologian,europe,re_europe
5266,Q20252278,Johannes Clementis Mentzius,re_nordic_countries,Nordic countries,1550.0,philosopher,europe,re_europe
5268,Q3083977,Joannes de Laet,re_low_countries,Low countries,1581.0,geographer,europe,re_europe
5275,Q177074,Daniel Chamier,re_france,France,1565.0,theologian,europe,re_europe
5276,Q966044,Hayton of Corycus,re_france,France,1235.0,historian,europe,re_europe
5282,Q1698241,Johannes Rhenanus,re_german_world,German world,1528.0,theologian,europe,re_europe
5284,Q317979,Alexander Ales,re_german_world,German world,1500.0,theologian,europe,re_europe
5316,Q983347,Gisbertus Voetius,re_low_countries,Low countries,1589.0,theologian,europe,re_europe
5321,Q94872676,Jakob Ulrich,re_german_world,German world,1538.0,theologian,europe,re_europe
5322,Q1451251,François de La Mothe Le Vayer,re_france,France,1588.0,philosopher,europe,re_europe
5329,Q119930,Polykarp Leyser II,re_german_world,German world,1586.0,theologian,europe,re_europe
5344,Q264593,Caspar Bartholin the Elder,re_nordic_countries,Nordic countries,1585.0,theologian | philosopher | anatomist,europe,re_europe
5347,Q7183989,Philip Lonicer,re_german_world,German world,1543.0,theologian | historian,europe,re_europe
5351,Q1779541,Jens Nilssøn,re_nordic_countries,Nordic countries,1538.0,theologian,europe,re_europe
5353,Q3175448,Jean de Haynin,re_low_countries,Low countries,1423.0,historian,europe,re_europe
5385,Q1162406,Daniel Rump,re_german_world,German world,1549.0,theologian,europe,re_europe
5387,Q94870119,Johann Hitzler,re_german_world,German world,1541.0,theologian,europe,re_europe
5395,Q107349457,Gilles Boileau de Bouillon,re_france,France,1525.0,geographer,europe,re_europe
5401,Q315357,Marsilius of Padua,re_german_world,German world,1275.0,philosopher,europe,re_europe
5409,Q3165889,Jean-François Senault,re_low_countries,Low countries,1599.0,philosopher,europe,re_europe
5418,Q522719,César-Egasse du Boulay,re_france,France,1600.0,historian,europe,re_europe
5429,Q15855383,Zacharias Schäffer,re_german_world,German world,1572.0,historian,europe,re_europe
5443,Q19955976,François Ganneron,re_france,France,1590.0,historian,europe,re_europe
5447,Q19935841,Bernard Pergerl,re_german_world,German world,1440.0,astronomer | linguist | mathematician,europe,re_europe
5449,Q1351994,Johannes Messenius,re_nordic_countries,Nordic countries,1579.0,historian,europe,re_europe
5452,Q55193373,Paul Stein,re_german_world,German world,1585.0,theologian,europe,re_europe
5458,Q323341,Immanuel Tremellius,re_france,France,1510.0,theologian,europe,re_europe
5462,Q88999,Johann Albrecht Widmannstetter,re_german_world,German world,1506.0,theologian,europe,re_europe
5472,Q2977341,Claude Duret,re_france,France,1570.0,botanist | linguist,europe,re_europe
5491,Q3105742,Gilbert Génébrard,re_france,France,1535.0,theologian,europe,re_europe
5497,Q110569003,Sebastian Schmid,re_german_world,German world,1533.0,geographer,europe,re_europe
5510,Q548981,Alberic of Trois-Fontaines,re_france,France,1201.0,historian,europe,re_europe
5517,Q2722500,Bertrand of Comminges,re_france,France,1050.0,philosopher,europe,re_europe
5520,Q94869570,Joannes Hallius,re_low_countries,Low countries,1549.0,theologian,europe,re_europe
5527,Q1684943,Jean-Joseph Surin,re_france,France,1600.0,philosopher,europe,re_europe
5528,Q2708668,Theodorus Velius,re_low_countries,Low countries,1572.0,historian,europe,re_europe
5531,Q55675817,Johann Homborg,re_german_world,German world,1600.0,physicist,europe,re_europe
5555,Q66631,Konrad of Megenberg,re_german_world,German world,1309.0,zoologist | meteorologist,europe,re_europe
5561,Q2757322,Bertrand d'Argentré,re_france,France,1519.0,historian,europe,re_europe
5567,Q3837634,Louis de Sainte-Marthe,re_france,France,1571.0,historian,europe,re_europe
5582,Q18093225,Cornelius Kempius,re_low_countries,Low countries,1520.0,historian,europe,re_europe
5584,Q1716847,Siegfried Sack,re_german_world,German world,1527.0,theologian,europe,re_europe
5588,Q3777109,Martinus de Dacia,re_nordic_countries,Nordic countries,1220.0,theologian | philosopher,europe,re_europe
5601,Q944668,Robert de Clari,re_france,France,1170.0,historian,europe,re_europe
5602,Q455162,Vincent of Beauvais,re_france,France,1190.0,philosopher | zoologist,europe,re_europe
5615,Q99740,Johann Sylvan,re_german_world,German world,1600.0,theologian,europe,re_europe
5618,Q75657,Georg Tannstetter,re_german_world,German world,1482.0,geographer | astronomer | mathematician,europe,re_europe
5621,Q3190708,Jérémie Ferrier,re_france,France,1576.0,theologian,europe,re_europe
5624,Q1597613,Heinrich Himmel,re_german_world,German world,1486.0,theologian,europe,re_europe
5633,Q3555111,Vautrin Lud,re_france,France,1448.0,geographer,europe,re_europe
5634,Q94868808,Suitbertus Purmerend,re_low_countries,Low countries,1587.0,theologian,europe,re_europe
5661,Q1085394,Christoph Lasius,re_german_world,German world,1504.0,theologian,europe,re_europe
5665,Q66382,Johannes Sturm,re_france,France,1507.0,theologian,europe,re_europe
5666,Q109076,Andreas Osiander,re_german_world,German world,1562.0,theologian,europe,re_europe
5671,Q1677768,Magdalius Jacobus,re_german_world,German world,1470.0,theologian,europe,re_europe
5676,Q3434764,Robert Céneau,re_france,France,1483.0,theologian | historian,europe,re_europe
5678,Q1419526,Ludwig Baer,re_german_world,German world,1479.0,theologian,europe,re_europe
5683,Q1679186,Jakob Köbel,re_german_world,German world,1462.0,mathematician,europe,re_europe
5684,Q3437477,Roch Le Baillif,re_france,France,1540.0,chemist,europe,re_europe
5704,Q1648217,Jean Le Fevre de Saint-Remy,re_low_countries,Low countries,1395.0,historian,europe,re_europe
5710,Q1514827,Ludwig Agricola,re_german_world,German world,1508.0,theologian,europe,re_europe
5714,Q7150179,Paul Dax,re_german_world,German world,1503.0,geographer,europe,re_europe
5727,Q67126,Caspar Aquila,re_german_world,German world,1488.0,theologian,europe,re_europe
5734,Q55874492,Jonas Höcker,re_german_world,German world,1581.0,theologian,europe,re_europe
5735,Q106042171,Leonhard Jacobi,re_german_world,German world,1515.0,theologian,europe,re_europe
5738,Q94661479,Willem Verheiden,re_low_countries,Low countries,1568.0,historian,europe,re_europe
5751,Q6265864,John of la Rochelle,re_france,France,1190.0,theologian | philosopher,europe,re_europe
5755,Q60959,Jacob Sprenger,re_france,France,1438.0,theologian,europe,re_europe
5761,Q2475597,Ulrich Bolt,re_german_world,German world,1500.0,theologian,europe,re_europe
5774,Q14933262,Johann Peter Lotichius,re_german_world,German world,1598.0,historian,europe,re_europe
5776,Q1240171,Eberhard Bidenbach,re_german_world,German world,1528.0,theologian,europe,re_europe
5785,Q2412465,Jean de Coras,re_france,France,1515.0,philosopher,europe,re_europe
5796,Q94755046,Georg Widman,re_german_world,German world,1486.0,historian,europe,re_europe
5798,Q18398264,Valerand de la Varanne,re_france,France,1450.0,theologian,europe,re_europe
5806,Q3387540,Pierre de Fécamp,re_france,France,1150.0,historian,europe,re_europe
5814,Q816933,Benedikt Burgauer,re_german_world,German world,1494.0,theologian,europe,re_europe
5817,Q3592307,Étienne Noël,re_france,France,1581.0,theologian,europe,re_europe
5821,Q3124462,Géraud de Frachet,re_france,France,1205.0,historian,europe,re_europe
5841,Q91389,Markus Welser,re_german_world,German world,1558.0,astronomer,europe,re_europe
5847,Q102183661,Helmold Glaedenstedt,re_german_world,German world,1371.0,philosopher,europe,re_europe
5850,Q935691,Laurentius Petri Gothus,re_nordic_countries,Nordic countries,1529.0,theologian,europe,re_europe
5853,Q673977,Notker Labeo,re_german_world,German world,950.0,theologian,europe,re_europe
5854,Q1986854,Nicolaus Matz,re_german_world,German world,1443.0,theologian,europe,re_europe
5857,Q2189891,Sweder Schele,re_german_world,German world,1569.0,historian,europe,re_europe
5867,Q72880,Julius Schiller,re_german_world,German world,1580.0,astronomer,europe,re_europe
5871,Q121856,Nicolaus Hunnius,re_german_world,German world,1585.0,theologian,europe,re_europe
5886,Q19986310,Laure Hillerin,re_france,France,949.0,historian,europe,re_europe
5893,Q6688435,Louis de Dieu,re_low_countries,Low countries,1590.0,linguist,europe,re_europe
5914,Q3157628,Jacobus Pontanus,re_german_world,German world,1542.0,historian,europe,re_europe
5917,Q60589,Andreas Karlstadt,re_german_world,German world,1486.0,theologian,europe,re_europe
5930,Q101089,Gerhard Westerburg,re_german_world,German world,1486.0,theologian,europe,re_europe
5931,Q751273,Johannes Sibertus Kuffler,re_german_world,German world,1595.0,chemist,europe,re_europe
5932,Q3181172,John Cameron,re_france,France,1579.0,theologian,europe,re_europe
5937,Q1300702,Jacob Stolterfoht,re_german_world,German world,1600.0,theologian,europe,re_europe
5945,Q1697689,Johann Hiltalinger,re_german_world,German world,1315.0,theologian,europe,re_europe
5956,Q17327704,Hendrik van Bommel,re_low_countries,Low countries,1500.0,theologian,europe,re_europe
5970,Q28833104,"Georg, I Rieder",re_german_world,German world,1510.0,geographer,europe,re_europe
5975,Q63170,Sebastian Franck,re_german_world,German world,1499.0,theologian,europe,re_europe
5977,Q102458,Kaspar Ursinus Velius,re_german_world,German world,1493.0,historian,europe,re_europe
5978,Q1697538,Johannes Gallus,re_german_world,German world,1525.0,theologian,europe,re_europe
5994,Q1047932,Caspar IV. Lerch,re_german_world,German world,1575.0,historian,europe,re_europe
6011,Q347893,Uriel da Costa,re_low_countries,Low countries,1585.0,philosopher,europe,re_europe
6014,Q2521133,Vespasien Robin,re_france,France,1579.0,botanist,europe,re_europe
6023,Q741439,Richerus,re_france,France,941.0,historian,europe,re_europe
6024,Q125039,Johannes Timann,re_german_world,German world,1499.0,theologian,europe,re_europe
6026,Q1693960,Johann Georg Sigwart,re_german_world,German world,1554.0,theologian,europe,re_europe
6030,Q1506270,Symphorian Pollio,re_france,France,1475.0,theologian,europe,re_europe
6031,Q23900521,Petrus Conradi,re_german_world,German world,1478.0,theologian,europe,re_europe
6038,Q1697149,Johannes Adorf,re_german_world,German world,1500.0,theologian,europe,re_europe
6044,Q688647,Johannes Cuspinian,re_german_world,German world,1473.0,historian,europe,re_europe
6048,Q553947,Sturla Þórðarson,re_nordic_countries,Nordic countries,1214.0,historian,europe,re_europe
6063,Q119454,Lucas Maius,re_german_world,German world,1522.0,theologian,europe,re_europe
6083,Q1435586,Franz Daniel Bergius,re_german_world,German world,1599.0,theologian,europe,re_europe
6099,Q825189,Bernhard Hederich,re_german_world,German world,1533.0,historian,europe,re_europe
6103,Q78427,Johann Bayer,re_german_world,German world,1572.0,astronomer,europe,re_europe
6106,Q21543802,Bernard Martini,re_france,France,1574.0,historian,europe,re_europe
6108,Q1596495,Heinrich Abermann,re_german_world,German world,1583.0,historian,europe,re_europe
6109,Q116695,Jan Milíč,re_france,France,1325.0,theologian,europe,re_europe
6111,Q1133878,Cornelius Martini,re_german_world,German world,1568.0,theologian,europe,re_europe
6116,Q5171260,Cornelis de Hooghe,re_low_countries,Low countries,1541.0,geographer,europe,re_europe
6120,Q52154023,Tobias Magirus,re_german_world,German world,1586.0,philosopher,europe,re_europe
6123,Q94784565,Eusebius Menius,re_german_world,German world,1527.0,philosopher | mathematician,europe,re_europe
6146,Q3807695,Jean Mestrezat,re_france,France,1592.0,theologian,europe,re_europe
6149,Q55131016,Adrian van Haemstede,re_low_countries,Low countries,1525.0,theologian,europe,re_europe
6151,Q109328,Urban Pierius,re_german_world,German world,1546.0,theologian,europe,re_europe
6160,Q28926256,Georg Rieder III,re_german_world,German world,1540.0,geographer,europe,re_europe
6170,Q3158334,Jacques Bouchart,re_france,France,1450.0,historian,europe,re_europe
6174,Q56556949,Andreas Wurm,re_german_world,German world,1455.0,theologian,europe,re_europe
6180,Q1392240,Kaspar Brusch,re_german_world,German world,1518.0,theologian | historian,europe,re_europe
6182,Q119313,Conrad Justinger,re_german_world,German world,1400.0,historian,europe,re_europe
6185,Q500172,Andreas Reinhard,re_german_world,German world,1571.0,mathematician,europe,re_europe
6191,Q5760765,Rasmus Glad,re_nordic_countries,Nordic countries,1526.0,theologian,europe,re_europe
6194,Q1494931,Kaspar Löner,re_german_world,German world,1493.0,theologian,europe,re_europe
6198,Q92213,Martin Schalling the Younger,re_german_world,German world,1532.0,theologian,europe,re_europe
6207,Q1698218,Johannes Rauw,re_german_world,German world,1600.0,geographer,europe,re_europe
6208,Q1677427,Jacob Bacmeister,re_german_world,German world,1562.0,theologian,europe,re_europe
6211,Q1177245,David Wolleber,re_german_world,German world,1600.0,historian,europe,re_europe
6230,Q23957762,Thomas Le Myesier,re_france,France,1300.0,theologian,europe,re_europe
6233,Q1307847,Wilhelm Leyser,re_german_world,German world,1592.0,theologian,europe,re_europe
6245,Q122047,Durich Chiampell,re_german_world,German world,1510.0,theologian | historian,europe,re_europe
6250,Q3568238,Wilhelm Klebitz,re_france,France,1533.0,mathematician,europe,re_europe
6270,Q1679388,Jakob Unrest,re_german_world,German world,1430.0,historian,europe,re_europe
6293,Q3386359,Pierre Motin,re_france,France,1566.0,linguist,europe,re_europe
6303,Q1696211,Johann Sebastian Pfauser,re_german_world,German world,1520.0,theologian,europe,re_europe
6314,Q255334,Georg Henisch,re_german_world,German world,1549.0,historian,europe,re_europe
6326,Q1510122,Gerard Bontius,re_low_countries,Low countries,1536.0,botanist | astronomer | mathematician,europe,re_europe
6328,Q55126603,Christoph Schleupner,re_german_world,German world,1566.0,theologian,europe,re_europe
6334,Q4981388,Kristina Svantesdotter Sture,re_nordic_countries,Nordic countries,1559.0,historian,europe,re_europe
6336,Q68523,Philipp Apian,re_german_world,German world,1531.0,geographer | mathematician,europe,re_europe
6346,Q21403220,Benjamin Ursinus,re_german_world,German world,1587.0,astronomer | mathematician,europe,re_europe
6350,Q1019467,Bénédict Turrettini,re_france,France,1588.0,theologian,europe,re_europe
6353,Q65553613,Steven van Broeckhuysen,re_low_countries,Low countries,1600.0,geographer,europe,re_europe
6356,Q3287967,Mark Duncan,re_france,France,1581.0,theologian | philosopher,europe,re_europe
6371,Q1679314,Jakob Rosius,re_german_world,German world,1598.0,theologian | astronomer | mathematician,europe,re_europe
6376,Q5565299,Thomas Bang,re_nordic_countries,Nordic countries,1600.0,theologian,europe,re_europe
6392,Q94764290,Daniel Rixinger,re_france,France,1561.0,philosopher,europe,re_europe
6397,Q4340,Andreas Capellanus,re_france,France,1150.0,philosopher,europe,re_europe
6415,Q1698516,Johannes Tröster,re_german_world,German world,1500.0,theologian,europe,re_europe
6443,Q3364447,Jørgen Thygesen Brahe,re_nordic_countries,Nordic countries,1515.0,astronomer,europe,re_europe
6448,Q96008,Cornelius Loos,re_low_countries,Low countries,1546.0,theologian,europe,re_europe
6454,Q69818,Lucas Osiander the Elder,re_german_world,German world,1534.0,theologian,europe,re_europe
6455,Q426294,André du Laurens,re_france,France,1558.0,anatomist,europe,re_europe
6465,Q94908417,Franz Rhode,re_german_world,German world,1569.0,theologian,europe,re_europe
6473,Q1078925,Christian Becmann,re_german_world,German world,1580.0,theologian,europe,re_europe
6476,Q62532,Balthasar Hubmaier,re_german_world,German world,1485.0,theologian,europe,re_europe
6477,Q635048,Peter Fourier,re_france,France,1565.0,theologian,europe,re_europe
6481,Q75164,Daniel Sennert,re_german_world,German world,1572.0,chemist,europe,re_europe
6496,Q3175482,Jean de La Gessée,re_france,France,1550.0,historian,europe,re_europe
6500,Q3171523,Jean Daillé,re_france,France,1594.0,theologian,europe,re_europe
6501,Q543586,Honorius Augustodunensis,re_german_world,German world,1080.0,theologian | geographer | philosopher,europe,re_europe
6516,Q94857789,Tobias Braun,re_german_world,German world,1548.0,theologian,europe,re_europe
6530,Q73654,Ludwig Jungermann,re_german_world,German world,1572.0,botanist | anatomist,europe,re_europe
6544,Q1484842,Sebastian Hornmold,re_german_world,German world,1562.0,historian,europe,re_europe
6561,Q4452865,Sybrant Hanssen,re_low_countries,Low countries,1578.0,mathematician,europe,re_europe
6598,Q3014162,Daniel Hay du Chastelet de Chambon,re_france,France,1596.0,mathematician,europe,re_europe
6618,Q17625960,Durand d'Auvergne,re_france,France,1250.0,philosopher,europe,re_europe
6619,Q696040,"William IV, Landgrave of Hesse-Kassel",re_german_world,German world,1532.0,astronomer,europe,re_europe
6625,Q15434424,Hermann von Hamme,re_german_world,German world,1400.0,theologian,europe,re_europe
6632,Q65192,Adam Lonicer,re_german_world,German world,1528.0,botanist | mathematician,europe,re_europe
6636,Q2559852,Wenzeslaus Warich,re_german_world,German world,1564.0,theologian,europe,re_europe
6637,Q77397,Valentin Weigel,re_german_world,German world,1533.0,theologian | philosopher,europe,re_europe
6644,Q3903484,Pierre de la Poterie,re_france,France,1581.0,chemist,europe,re_europe
6646,Q1291374,Johan Franck,re_nordic_countries,Nordic countries,1590.0,botanist,europe,re_europe
6661,Q1598178,Heinrich Leuchter,re_german_world,German world,1558.0,theologian,europe,re_europe
6675,Q1530587,Alexander Anderson,re_france,France,1582.0,mathematician,europe,re_europe
6680,Q177578,Lelio Sozzini,re_german_world,German world,1525.0,theologian,europe,re_europe
6683,Q3709787,Jehan Adam,re_france,France,1500.0,mathematician,europe,re_europe
6692,Q98384,Matthäus Aurogallus,re_german_world,German world,1490.0,theologian | linguist | historian,europe,re_europe
6698,Q55193383,Abraham Suarinus,re_german_world,German world,1563.0,theologian,europe,re_europe
6703,Q785241,Gaunilo of Marmoutiers,re_france,France,994.0,theologian | philosopher,europe,re_europe
6704,Q1910510,Matthaeus Dresser,re_german_world,German world,1536.0,historian,europe,re_europe
6706,Q1503614,Georg Barth,re_german_world,German world,1600.0,theologian,europe,re_europe
6713,Q43482928,Gregorius Richter,re_german_world,German world,1560.0,theologian,europe,re_europe
6739,Q19965571,Johannes Zeisold,re_german_world,German world,1599.0,physicist | zoologist,europe,re_europe
6741,Q92268,Ernst Soner,re_german_world,German world,1572.0,philosopher,europe,re_europe
6743,Q160374,Norbert of Xanten,re_german_world,German world,1080.0,philosopher,europe,re_europe
6769,Q1694368,Johann Heinrich Cherler,re_german_world,German world,1570.0,botanist,europe,re_europe
6777,Q1344544,Mento Gogreve,re_german_world,German world,1541.0,theologian,europe,re_europe
6780,Q104144,Johann Marbach,re_france,France,1521.0,theologian,europe,re_europe
6789,Q55849126,Johann Peter Dauber,re_german_world,German world,1598.0,historian,europe,re_europe
6793,Q913511,Brictius thon Norde,re_german_world,German world,1490.0,theologian,europe,re_europe
6810,Q500541,Andreas Schoppe,re_german_world,German world,1538.0,theologian,europe,re_europe
6814,Q5412700,Johannes Raumannus,re_nordic_countries,Nordic countries,1570.0,theologian,europe,re_europe
6827,Q725709,John Lesley,re_low_countries,Low countries,1527.0,historian,europe,re_europe
6828,Q1545075,Gregor Francke,re_german_world,German world,1585.0,theologian,europe,re_europe
6829,Q1698456,Johannes Stricker,re_german_world,German world,1540.0,theologian,europe,re_europe
6833,Q1266754,Durandus of Saint-Pourçain,re_france,France,1272.0,theologian | philosopher,europe,re_europe
6834,Q1505573,Georg Pasor,re_low_countries,Low countries,1570.0,theologian,europe,re_europe
6862,Q47317954,Jean Guérard,re_france,France,1550.0,geographer,europe,re_europe
6867,Q99274,Erhard Etzlaub,re_german_world,German world,1462.0,geographer | astronomer,europe,re_europe
6884,Q15972064,Ghislain Bulteel,re_low_countries,Low countries,1591.0,theologian,europe,re_europe
6887,Q3382541,Simon of Tournai,re_low_countries,Low countries,1130.0,philosopher,europe,re_europe
6892,Q1613727,Nikolaus Boie,re_german_world,German world,1501.0,theologian,europe,re_europe
6899,Q25434178,Andreu Bosch,re_france,France,1570.0,historian,europe,re_europe
6908,Q446656,Richard of Middleton,re_france,France,1249.0,theologian | philosopher,europe,re_europe
6912,Q122171,Basilius Amerbach,re_german_world,German world,1533.0,historian,europe,re_europe
6918,Q2018021,Ocko Scharlensis,re_low_countries,Low countries,950.0,historian,europe,re_europe
6923,Q571155,Nikolaus Ager,re_france,France,1568.0,botanist,europe,re_europe
6986,Q13134784,Bernardus Furmerius,re_low_countries,Low countries,1542.0,historian,europe,re_europe
6991,Q15429467,Henricus Stero,re_german_world,German world,1300.0,historian,europe,re_europe
7000,Q459721,Ambrosius Pape,re_german_world,German world,1553.0,theologian,europe,re_europe
7002,Q1394460,Nikolaus Burgmann,re_german_world,German world,1374.0,historian,europe,re_europe
7011,Q15810647,Friedrich Pensold,re_german_world,German world,1533.0,physicist,europe,re_europe
7012,Q19502411,Gerhard Lorich,re_german_world,German world,1485.0,theologian,europe,re_europe
7015,Q1903721,Martin Hermann Faber,re_german_world,German world,1587.0,geographer,europe,re_europe
7047,Q3175712,Jean de Serres,re_france,France,1540.0,theologian | historian,europe,re_europe
7056,Q98904791,Jean Columbi,re_france,France,1592.0,theologian | philosopher | historian,europe,re_europe
7076,Q640361,Hieronymus Cock,re_low_countries,Low countries,1518.0,geographer,europe,re_europe
7104,Q94910317,Joseph Grabe,re_german_world,German world,1541.0,theologian,europe,re_europe
7111,Q2267684,Lambertus Hortensius,re_low_countries,Low countries,1500.0,theologian | historian,europe,re_europe
7125,Q124070,Heinrich Glarean,re_german_world,German world,1488.0,philosopher | musicologist | mathematician | geographer | historian,europe,re_europe
7127,Q2243667,Johannes van den Driesche,re_low_countries,Low countries,1550.0,theologian | historian,europe,re_europe
7129,Q113390,Johann Lange,re_german_world,German world,1487.0,theologian,europe,re_europe
7136,Q1379123,James Wedderburn,re_france,France,1495.0,theologian,europe,re_europe
7143,Q12302584,Axel Jørgensen Urne,re_nordic_countries,Nordic countries,1598.0,mathematician,europe,re_europe
7149,Q3085984,François Vautier,re_france,France,1589.0,botanist,europe,re_europe
7150,Q94871974,Martin Faber,re_german_world,German world,1536.0,theologian,europe,re_europe
7152,Q1303050,Johann Salmuth,re_german_world,German world,1552.0,theologian,europe,re_europe
7154,Q88191779,Nikolaus Fabri von Carbach,re_german_world,German world,1485.0,historian,europe,re_europe
7155,Q109071,Michael Beuther,re_france,France,1522.0,historian,europe,re_europe
7156,Q658109,Thierry of Chartres,re_france,France,1100.0,theologian | philosopher,europe,re_europe
7166,Q1556204,Hermann Nicephorus,re_german_world,German world,1555.0,philosopher,europe,re_europe
7193,Q1597912,Heinrich Julius Scheurl,re_german_world,German world,1600.0,philosopher,europe,re_europe
7194,Q717871,John of Segovia,re_france,France,1395.0,theologian,europe,re_europe
7198,Q55679965,Rudolphus Petri,re_low_countries,Low countries,1586.0,theologian,europe,re_europe
7199,Q122656,Johann Stössel,re_german_world,German world,1524.0,theologian,europe,re_europe
7201,Q3383867,Pierre Bardin,re_france,France,1595.0,philosopher | mathematician,europe,re_europe
7214,Q1515907,Gervasius Schuler,re_german_world,German world,1495.0,theologian,europe,re_europe
7219,Q87080,Bernhard Rothmann,re_german_world,German world,1495.0,theologian,europe,re_europe
7221,Q16408226,Johannes Raicus,re_german_world,German world,1580.0,anatomist,europe,re_europe
7236,Q3603769,Abraham Angermannus,re_nordic_countries,Nordic countries,1540.0,theologian,europe,re_europe
7238,Q4148122,Ortwin,re_german_world,German world,1480.0,theologian,europe,re_europe
7239,Q4775562,Antoine de Gaudier,re_france,France,1572.0,theologian,europe,re_europe
7241,Q901303,Michael Maier,re_german_world,German world,1568.0,philosopher,europe,re_europe
7243,Q440183,Nicolas-Claude Fabri de Peiresc,re_france,France,1580.0,botanist | astronomer | philosopher | archeologist,europe,re_europe
7253,Q2146487,Godefridus Cornelisz Udemans,re_low_countries,Low countries,1581.0,theologian,europe,re_europe
7254,Q3385139,Pierre Garcie-Ferrande,re_france,France,1430.0,geographer,europe,re_europe
7258,Q3761313,Gerson ben Solomon Catalan,re_france,France,1288.0,theologian,europe,re_europe
7277,Q1647912,Johannes Ferinarius,re_german_world,German world,1534.0,theologian,europe,re_europe
7292,Q103194,Johann Osiander,re_german_world,German world,1564.0,theologian,europe,re_europe
7293,Q3749528,Francesco Amico,re_german_world,German world,1578.0,theologian,europe,re_europe
7311,Q896449,Hieronymus Megiser,re_german_world,German world,1553.0,linguist | historian,europe,re_europe
7312,Q73203,Leonhard Hutter,re_german_world,German world,1563.0,theologian,europe,re_europe
7314,Q88089,Paul Wittich,re_german_world,German world,1546.0,astronomer | mathematician,europe,re_europe
7333,Q1567581,Hadrianus Junius,re_low_countries,Low countries,1511.0,botanist | zoologist,europe,re_europe
7334,Q121884,Dietrich von Bülow,re_german_world,German world,1460.0,theologian,europe,re_europe
7353,Q1047893,Caspar Güthel,re_german_world,German world,1471.0,theologian,europe,re_europe
7355,Q1707753,Joseph Osiander,re_german_world,German world,1589.0,theologian,europe,re_europe
7361,Q1697524,Johannes Fritzhans,re_german_world,German world,1480.0,theologian,europe,re_europe
7388,Q94892658,Peter Philips,re_german_world,German world,1598.0,theologian,europe,re_europe
7395,Q110601,Caspar Schatzgeyer,re_german_world,German world,1463.0,theologian,europe,re_europe
7398,Q15455928,David Meyer,re_german_world,German world,1572.0,theologian | historian,europe,re_europe
7425,Q947994,Raymond of Sabunde,re_france,France,1385.0,philosopher,europe,re_europe
7432,Q117830,Thomas Platter,re_german_world,German world,1499.0,theologian,europe,re_europe
7440,Q1969164,Nicholas of Lyra,re_france,France,1270.0,theologian | philosopher,europe,re_europe
7449,Q959748,Frans Hogenberg,re_german_world,German world,1535.0,geographer,europe,re_europe
7450,Q1459248,Friedrich Gerschow,re_german_world,German world,1568.0,historian,europe,re_europe
7454,Q61073,Sebastian Münster,re_german_world,German world,1488.0,theologian | geographer | mathematician,europe,re_europe
7458,Q1277022,Henry of Oyta,re_german_world,German world,1330.0,theologian,europe,re_europe
7475,Q15407306,Denis Joncquet,re_france,France,1600.0,botanist,europe,re_europe
7477,Q1697598,Johann Guler von Weineck,re_german_world,German world,1562.0,historian,europe,re_europe
7490,Q1307287,Pierre Busée,re_german_world,German world,1540.0,theologian,europe,re_europe
7493,Q432077,François Douaren,re_france,France,1509.0,philosopher,europe,re_europe
7496,Q2280913,Sibrandus Lubbertus,re_low_countries,Low countries,1556.0,theologian,europe,re_europe
7511,Q3120782,Joan Francés Fulcònis,re_france,France,1520.0,mathematician,europe,re_europe
7515,Q1698073,Johann Müller,re_german_world,German world,1598.0,theologian,europe,re_europe
7522,Q62754,Jakob Andreae,re_german_world,German world,1528.0,theologian,europe,re_europe
7551,Q1579553,Hans Frese,re_german_world,German world,1600.0,geographer,europe,re_europe
7564,Q326307,Peter Olivi,re_france,France,1248.0,theologian | philosopher,europe,re_europe
7569,Q3026776,Henricus Munting,re_low_countries,Low countries,1583.0,botanist,europe,re_europe
7580,Q1124636,Thomas Stapleton,re_low_countries,Low countries,1535.0,theologian,europe,re_europe
7588,Q121850,Laurentius Surius,re_german_world,German world,1522.0,philosopher | historian,europe,re_europe
7594,Q2840001,Alphonse I d'Elbène,re_france,France,1538.0,historian,europe,re_europe
7597,Q3827926,Laurentius Paulinus Gothus,re_nordic_countries,Nordic countries,1565.0,astronomer,europe,re_europe
7615,Q91741,Eckebert,re_german_world,German world,1200.0,theologian,europe,re_europe
7616,Q13137319,Oepke fan Burmania,re_low_countries,Low countries,1501.0,historian,europe,re_europe
7628,Q91368,Johann Forster,re_german_world,German world,1496.0,theologian,europe,re_europe
7629,Q94872482,Esaias Du Pre,re_low_countries,Low countries,1580.0,theologian,europe,re_europe
7632,Q1697827,Johannes Kentmann,re_german_world,German world,1518.0,zoologist,europe,re_europe
7633,Q3103562,Georges Tronchay,re_france,France,1540.0,archeologist,europe,re_europe
7637,Q94868543,Wolfgang Engelschalck,re_german_world,German world,1500.0,theologian,europe,re_europe
7647,Q1986557,Nicolas Chuquet,re_france,France,1445.0,mathematician,europe,re_europe
7652,Q94886926,Bernhard Bernhardi,re_german_world,German world,1528.0,theologian,europe,re_europe
7662,Q1703023,Jonas Staude,re_german_world,German world,1527.0,theologian,europe,re_europe
7668,Q1663709,Johannes Rudbeckius,re_nordic_countries,Nordic countries,1581.0,theologian,europe,re_europe
7671,Q108373,Heyno Gottschalk,re_german_world,German world,1500.0,theologian,europe,re_europe
7673,Q3022925,Denis Sauvage,re_france,France,1520.0,linguist | historian,europe,re_europe
7692,Q2049833,Pantaleon Candidus,re_german_world,German world,1540.0,theologian | historian,europe,re_europe
7694,Q2063138,Petrus Scriverius,re_low_countries,Low countries,1576.0,historian,europe,re_europe
7699,Q16269751,Niklaus von Flüe,re_german_world,German world,1598.0,theologian,europe,re_europe
7700,Q71997,Henry of Langenstein,re_german_world,German world,1325.0,astronomer,europe,re_europe
7704,Q1696828,Johann von Mutterstadt,re_german_world,German world,1400.0,historian,europe,re_europe
7709,Q3186122,Josué de la Place,re_france,France,1596.0,theologian,europe,re_europe
7713,Q1111214,Johannes Ruysch,re_german_world,German world,1460.0,geographer | astronomer,europe,re_europe
7720,Q3161164,James Hume,re_france,France,1584.0,mathematician,europe,re_europe
7726,Q1264440,Laurentius Albertus,re_german_world,German world,1540.0,linguist | historian,europe,re_europe
7730,Q21877750,Zacharias Starck,re_german_world,German world,1535.0,historian,europe,re_europe
7733,Q100210,Magnus Hundt,re_german_world,German world,1449.0,philosopher | anthropologist,europe,re_europe
7737,Q76548,Meister Eckhart,re_france,France,1260.0,theologian | philosopher,europe,re_europe
7741,Q1903775,Martin Frecht,re_german_world,German world,1494.0,theologian,europe,re_europe
7745,Q1696324,Johann Stoltz,re_german_world,German world,1514.0,theologian,europe,re_europe
7747,Q825520,Bernhard Latomus,re_german_world,German world,1560.0,historian,europe,re_europe
7750,Q42573449,John of Baarle,re_low_countries,Low countries,1500.0,theologian,europe,re_europe
7756,Q66424797,Franz Agricola,re_german_world,German world,1545.0,theologian,europe,re_europe
7765,Q5948068,Benedictus Petri Leuchovius,re_nordic_countries,Nordic countries,1585.0,theologian,europe,re_europe
7766,Q2575630,Wilhelm Werner von Zimmern,re_german_world,German world,1485.0,historian,europe,re_europe
7782,Q1048045,Kaspar Thierfelder,re_german_world,German world,1525.0,mathematician,europe,re_europe
7793,Q102738,Andreas Keller,re_german_world,German world,1503.0,theologian,europe,re_europe
7795,Q5128784,Claude D'Espence,re_france,France,1511.0,theologian,europe,re_europe
7800,Q498747,Andreas Kesler,re_german_world,German world,1595.0,theologian,europe,re_europe
7841,Q6257298,Olof Örnehufvud,re_nordic_countries,Nordic countries,1600.0,geographer,europe,re_europe
7854,Q91827,Johannes Draconites,re_german_world,German world,1494.0,theologian | philosopher,europe,re_europe
7863,Q1903797,Martin Fuhrmann,re_german_world,German world,1450.0,theologian,europe,re_europe
7870,Q1597652,Heinrich Hoppenstedt,re_german_world,German world,1600.0,theologian,europe,re_europe
7876,Q583077,Walter of Mortagne,re_france,France,1100.0,theologian,europe,re_europe
7890,Q437423,Philippe de Commines,re_france,France,1447.0,historian,europe,re_europe
7892,Q1668137,Samuel Fischer,re_german_world,German world,1547.0,theologian,europe,re_europe
7895,Q1229238,Valentin Thau,re_german_world,German world,1531.0,astronomer | mathematician,europe,re_europe
7907,Q1695612,Johann Moritz Bidembach,re_german_world,German world,1565.0,theologian,europe,re_europe
7908,Q110999,Bernhard Adelmann von Adelmannsfelden,re_german_world,German world,1459.0,theologian,europe,re_europe
7916,Q1697280,Johannes Bockenrod,re_german_world,German world,1488.0,theologian,europe,re_europe
7922,Q2414592,Pierre Aleaume,re_france,France,1505.0,mathematician,europe,re_europe
7925,Q805638,Balthasar Raida,re_german_world,German world,1495.0,theologian,europe,re_europe
7927,Q575772,Bernhard von Konstanz,re_german_world,German world,1050.0,historian,europe,re_europe
7933,Q3608657,Alberto da Padova,re_france,France,1269.0,theologian,europe,re_europe
7942,Q94861283,Wolfgang Geuß,re_german_world,German world,1519.0,astronomer,europe,re_europe
7944,Q735826,Gilles Li Muisis,re_low_countries,Low countries,1272.0,historian,europe,re_europe
7968,Q1585978,Joachim Windhag,re_german_world,German world,1600.0,philosopher,europe,re_europe
8006,Q692115,Giovanni Diodati,re_france,France,1576.0,theologian,europe,re_europe
8018,Q154332,Alcuin,re_france,France,735.0,theologian | philosopher,europe,re_europe
8020,Q1566638,Johannes Gelenius,re_german_world,German world,1585.0,historian,europe,re_europe
8032,Q58768,Hartmann Schedel,re_german_world,German world,1440.0,geographer | historian,europe,re_europe
8046,Q1243948,Pierre de Bérulle,re_france,France,1575.0,theologian,europe,re_europe
8047,Q3119685,Guillaume Bigot,re_france,France,1502.0,philosopher,europe,re_europe
8048,Q2966719,Ludwig Friedrich Gifftheil,re_low_countries,Low countries,1595.0,theologian,europe,re_europe
8049,Q1413855,Johannes Andreae,re_german_world,German world,1554.0,theologian,europe,re_europe
8065,Q55835522,Andreas Papius,re_low_countries,Low countries,1542.0,musicologist,europe,re_europe
8089,Q94778920,Bernhard Albrecht,re_german_world,German world,1569.0,theologian,europe,re_europe
8094,Q944098,Philippe de Mornay,re_france,France,1549.0,theologian | philosopher,europe,re_europe
8097,Q3175845,Jean Parmentier,re_france,France,1494.0,geographer,europe,re_europe
8106,Q3093668,Gabriel Chappuys,re_france,France,1546.0,historian,europe,re_europe
8120,Q95297823,Johann Baptist Meckhardt,re_german_world,German world,1537.0,theologian,europe,re_europe
8132,Q18223441,Johann Pfeffer,re_german_world,German world,1415.0,theologian,europe,re_europe
8147,Q16010771,Barthélemy Arnoldi,re_german_world,German world,1465.0,philosopher,europe,re_europe
8150,Q48893964,Frans van der Hulst,re_low_countries,Low countries,1465.0,theologian,europe,re_europe
8164,Q861443,Christophe Butkens,re_low_countries,Low countries,1590.0,historian,europe,re_europe
8167,Q5730729,Henry de Beaume,re_france,France,1367.0,theologian,europe,re_europe
8170,Q94930895,Georg Wolf,re_german_world,German world,1575.0,theologian,europe,re_europe
8174,Q97033011,Corneille Dielman,re_low_countries,Low countries,1586.0,theologian | philosopher,europe,re_europe
8178,Q56433063,Anselme Rolle,re_france,France,1583.0,theologian,europe,re_europe
8181,Q94760708,Valentin Engelhard,re_german_world,German world,1516.0,astronomer | mathematician,europe,re_europe
8196,Q5109610,Christian Francken,re_german_world,German world,1549.0,theologian,europe,re_europe
8198,Q1248100,Étienne Dolet,re_france,France,1509.0,linguist,europe,re_europe
8203,Q959910,Jedaiah ben Abraham Bedersi,re_france,France,1270.0,philosopher,europe,re_europe
8223,Q1483437,Kaspar Goldwurm,re_german_world,German world,1524.0,theologian,europe,re_europe
8232,Q2341193,François Richardot,re_france,France,1507.0,theologian,europe,re_europe
8240,Q710665,John Dury,re_german_world,German world,1596.0,theologian | philosopher,europe,re_europe
8242,Q1974177,Simon Pelgrom,re_low_countries,Low countries,1507.0,historian,europe,re_europe
8248,Q60204,David Fabricius,re_german_world,German world,1564.0,theologian | geographer | astronomer,europe,re_europe
8257,Q2933641,Calbus Fribergius,re_german_world,German world,1470.0,geologist,europe,re_europe
8268,Q154526,Einhard,re_german_world,German world,770.0,historian,europe,re_europe
8281,Q94911799,Heinrich Lamparter,re_german_world,German world,1592.0,theologian,europe,re_europe
8284,Q528246,Walther Hermann Ryff,re_german_world,German world,1500.0,botanist | mathematician,europe,re_europe
8294,Q103812,Johann Boldewan,re_german_world,German world,1485.0,theologian,europe,re_europe
8302,Q810167,Basilius Sattler,re_german_world,German world,1549.0,theologian,europe,re_europe
8304,Q3293114,Marin Bourgeois,re_france,France,1560.0,geographer,europe,re_europe
8306,Q18816660,Claude Gouyne,re_france,France,1540.0,theologian,europe,re_europe
8307,Q1458439,Friedrich Beurhaus,re_german_world,German world,1536.0,philosopher,europe,re_europe
8316,Q61140,Johannes Aventinus,re_german_world,German world,1477.0,historian,europe,re_europe
8323,Q58662,Petrus Apianus,re_german_world,German world,1495.0,geographer | astronomer | mathematician,europe,re_europe
8334,Q2589657,Paulus Juusten,re_nordic_countries,Nordic countries,1516.0,historian,europe,re_europe
8337,Q1168956,Jodocus Trutfetter,re_german_world,German world,1460.0,theologian | philosopher,europe,re_europe
8343,Q20431472,Sebastian Kurtz,re_german_world,German world,1576.0,mathematician,europe,re_europe
8346,Q459735,Ambrosius Rhode,re_german_world,German world,1577.0,astronomer | mathematician,europe,re_europe
8350,Q98400393,Jean Dadré,re_france,France,1550.0,theologian,europe,re_europe
8352,Q2059224,Paul Crell,re_german_world,German world,1531.0,theologian,europe,re_europe
8359,Q1553868,Guillaume Feugueray,re_france,France,1535.0,theologian,europe,re_europe
8381,Q1695979,Johann Riebling,re_german_world,German world,1494.0,theologian,europe,re_europe
8386,Q1526665,Johannes Langer,re_german_world,German world,1485.0,theologian,europe,re_europe
8398,Q1697531,Johann Förster,re_german_world,German world,1576.0,theologian,europe,re_europe
8403,Q21546637,Cornelis Cooltuyn,re_german_world,German world,1526.0,theologian,europe,re_europe
8408,Q1871941,Louis Richeome,re_france,France,1544.0,theologian | philosopher,europe,re_europe
8414,Q19280008,Friedrich von Helbach,re_german_world,German world,1568.0,theologian,europe,re_europe
8417,Q19955588,Acher ben David,re_france,France,1150.0,theologian,europe,re_europe
8419,Q817424,Benjamin Bramer,re_german_world,German world,1588.0,mathematician,europe,re_europe
8422,Q949492,Jan Janssonius,re_low_countries,Low countries,1588.0,geographer,europe,re_europe
8424,Q959392,Joseph Caspi,re_france,France,1280.0,philosopher,europe,re_europe
8435,Q322480,Thangmar,re_german_world,German world,945.0,historian,europe,re_europe
8440,Q185914,Michael Servetus,re_france,France,1511.0,theologian | geographer | physicist,europe,re_europe
8443,Q269687,Mechthild of Magdeburg,re_german_world,German world,1207.0,philosopher,europe,re_europe
8446,Q809305,Bartholomaeus Rieseberg,re_german_world,German world,1492.0,theologian,europe,re_europe
8448,Q1450407,Franz Joe͏̈l,re_german_world,German world,1508.0,pharmacologist,europe,re_europe
8462,Q67506,Joachim Westphal,re_german_world,German world,1510.0,theologian,europe,re_europe
8468,Q3386220,Pierre Matthieu,re_france,France,1563.0,historian,europe,re_europe
8471,Q15450123,Johann Wilhelm Mannagetta,re_german_world,German world,1588.0,historian | mathematician,europe,re_europe
8501,Q94930189,Johann Frey,re_german_world,German world,1527.0,theologian,europe,re_europe
8502,Q981558,Pieter Pourbus,re_low_countries,Low countries,1524.0,geographer,europe,re_europe
8504,Q759414,Samuel Ampzing,re_low_countries,Low countries,1590.0,historian,europe,re_europe
8511,Q1501346,Heinrich Eckhard,re_german_world,German world,1580.0,theologian,europe,re_europe
8523,Q1873032,Lucas Bacmeister,re_german_world,German world,1570.0,theologian,europe,re_europe
8525,Q262254,Hendrik Laurenszoon Spiegel,re_low_countries,Low countries,1549.0,linguist,europe,re_europe
8527,Q1281873,Heiric of Auxerre,re_france,France,841.0,theologian | philosopher,europe,re_europe
8528,Q1094674,Claes Janszoon Visscher II,re_low_countries,Low countries,1587.0,geographer,europe,re_europe
8529,Q1763464,Christian Kruik van Adrichem,re_german_world,German world,1533.0,theologian | historian,europe,re_europe
8566,Q60169361,Ulrik Steidler,re_german_world,German world,1500.0,philosopher,europe,re_europe
8569,Q72693,Hans Denck,re_german_world,German world,1495.0,theologian,europe,re_europe
8575,Q194691,Friedrich Spanheim,re_low_countries,Low countries,1600.0,theologian | historian,europe,re_europe
8583,Q712257,Hincmar,re_france,France,806.0,theologian | philosopher | historian,europe,re_europe
8593,Q95628875,Simon Heuchelin,re_german_world,German world,1577.0,theologian,europe,re_europe
8595,Q983261,Henricus Hondius II,re_low_countries,Low countries,1597.0,geographer,europe,re_europe
8636,Q68091,Erasmus Alberus,re_german_world,German world,1500.0,theologian,europe,re_europe
8637,Q1697903,Johannes Kymeus,re_german_world,German world,1498.0,theologian,europe,re_europe
8639,Q15428702,Andreas Planer,re_german_world,German world,1546.0,philosopher,europe,re_europe
8645,Q1698432,Johannes Spreter,re_german_world,German world,1500.0,theologian,europe,re_europe
8646,Q1443178,Heinrich Velsten,re_german_world,German world,1580.0,philosopher,europe,re_europe
8662,Q2270219,"Francisco de Moncada, 3rd Marquis of Aitona",re_german_world,German world,1586.0,historian,europe,re_europe
8669,Q21033210,Philipp Simonis,re_german_world,German world,1532.0,historian,europe,re_europe
8670,Q466886,Jakob Ebert,re_german_world,German world,1549.0,theologian,europe,re_europe
8674,Q105199,Johann Matthäus Meyfart,re_german_world,German world,1590.0,theologian,europe,re_europe
8676,Q1782346,Conrad Treger,re_german_world,German world,1480.0,theologian,europe,re_europe
8677,Q551799,Jean du Vergier de Hauranne,re_france,France,1581.0,theologian,europe,re_europe
8678,Q312386,Widukind of Corvey,re_german_world,German world,925.0,historian,europe,re_europe
8710,Q94864856,Franciscus Mayvart,re_german_world,German world,1585.0,philosopher,europe,re_europe
8750,Q17418280,Johann Tarnow,re_german_world,German world,1586.0,theologian,europe,re_europe
8751,Q94887370,Philipp Wagner,re_german_world,German world,1526.0,theologian,europe,re_europe
8780,Q276480,Ambroise Paré,re_france,France,1510.0,anatomist,europe,re_europe
8810,Q3349361,Odorannus,re_france,France,985.0,musicologist,europe,re_europe
8811,Q109134,Nikolaus Krage,re_german_world,German world,1500.0,theologian,europe,re_europe
8813,Q705660,Ulrich of Strasburg,re_france,France,1220.0,theologian | philosopher,europe,re_europe
8821,Q3186092,Josse van Clichtove,re_france,France,1472.0,theologian,europe,re_europe
8823,Q2422583,Elias Herckmans,re_low_countries,Low countries,1596.0,geographer,europe,re_europe
8832,Q104888,Adam Krafft,re_german_world,German world,1493.0,theologian,europe,re_europe
8841,Q944308,Johannes Maccovius,re_low_countries,Low countries,1588.0,theologian,europe,re_europe
8846,Q3074346,Florus of Lyon,re_france,France,800.0,theologian,europe,re_europe
8851,Q3298664,Mathieu Blouin,re_france,France,1554.0,historian,europe,re_europe
8853,Q91661,Johannes Praetorius,re_german_world,German world,1537.0,astronomer | physicist | mathematician,europe,re_europe
8858,Q24201029,Jean de Chokier de Surlet,re_low_countries,Low countries,1571.0,historian,europe,re_europe
8867,Q3106368,Gilles Macé,re_france,France,1586.0,astronomer | mathematician,europe,re_europe
8874,Q1693271,Johann Dölsch,re_german_world,German world,1486.0,theologian,europe,re_europe
8885,Q55122477,Heizo Buscher,re_german_world,German world,1564.0,philosopher | mathematician,europe,re_europe
8890,Q5785780,Cornelius Hamsfort the Younger,re_nordic_countries,Nordic countries,1546.0,historian,europe,re_europe
8894,Q94869254,Jakob Pflaum,re_german_world,German world,1569.0,theologian,europe,re_europe
8909,Q1394819,Grégoire de Saint-Vincent,re_low_countries,Low countries,1584.0,mathematician,europe,re_europe
8936,Q91647,Valentinus Otho,re_german_world,German world,1550.0,astronomer | mathematician,europe,re_europe
8945,Q37475153,Johann Jacob Hainlin,re_german_world,German world,1588.0,mathematician,europe,re_europe
8946,Q15793704,Caspar Bucher,re_german_world,German world,1554.0,philosopher,europe,re_europe
8950,Q606936,Petrus de Licht,re_low_countries,Low countries,1548.0,historian,europe,re_europe
8954,Q3762631,Gian Francesco Biondi,re_german_world,German world,1572.0,historian,europe,re_europe
8963,Q2841293,Sébastien Basson,re_france,France,1573.0,philosopher | chemist,europe,re_europe
8983,Q853034,Johannes Banfi Hunyades,re_low_countries,Low countries,1576.0,philosopher | chemist,europe,re_europe
8987,Q94876229,Johann Molitor,re_german_world,German world,1576.0,theologian,europe,re_europe
8991,Q805593,Balthasar Düring,re_german_world,German world,1466.0,theologian,europe,re_europe
8993,Q43902940,Johann Wenth,re_german_world,German world,1450.0,theologian,europe,re_europe
8996,Q3174290,Jean Rey,re_france,France,1583.0,chemist,europe,re_europe
9005,Q252930,Aegidius Hunnius,re_german_world,German world,1594.0,theologian,europe,re_europe
9006,Q3894002,Paolo Emili,re_france,France,1460.0,historian,europe,re_europe
9007,Q19917564,Guillaume Paradin,re_france,France,1510.0,historian,europe,re_europe
9021,Q5741104,Hermann of Altach,re_german_world,German world,1250.0,historian,europe,re_europe
9024,Q95700,Johannes Lippius,re_german_world,German world,1585.0,theologian | musicologist | philosopher,europe,re_europe
9066,Q1462074,Friedrich Scultetus,re_german_world,German world,1598.0,theologian,europe,re_europe
9079,Q17747715,Paul Jenisch,re_german_world,German world,1558.0,theologian,europe,re_europe
9096,Q15457679,Severin Binius,re_german_world,German world,1573.0,historian,europe,re_europe
9104,Q3574012,Yves d'Évreux,re_france,France,1577.0,zoologist | historian,europe,re_europe
9111,Q94874548,Georg Demminger,re_german_world,German world,1545.0,theologian,europe,re_europe
9112,Q1226865,Jean de Silhon,re_france,France,1596.0,philosopher,europe,re_europe
9113,Q1460906,Johannes von Dorsten,re_german_world,German world,1420.0,theologian,europe,re_europe
9114,Q121400,Petermann Etterlin,re_german_world,German world,1430.0,historian,europe,re_europe
9115,Q1174620,Pierre Caroli,re_france,France,1480.0,theologian,europe,re_europe
9118,Q2848635,Andreas Schott,re_low_countries,Low countries,1552.0,linguist,europe,re_europe
9145,Q1044631,Carolus de Maets,re_low_countries,Low countries,1597.0,theologian,europe,re_europe
9161,Q60150112,Janez Taufferer,re_france,France,1584.0,theologian,europe,re_europe
9180,Q55123438,Jakob Bornitz,re_german_world,German world,1565.0,economist,europe,re_europe
9199,Q1449722,Hubert Languet,re_low_countries,Low countries,1518.0,theologian,europe,re_europe
9211,Q1503697,Georg Besserer,re_german_world,German world,1544.0,theologian,europe,re_europe
9216,Q983400,Johannes de Muris,re_france,France,1290.0,philosopher | musicologist | astronomer | mathematician,europe,re_europe
9217,Q1697559,Johannes Geuß,re_german_world,German world,1370.0,theologian | philosopher,europe,re_europe
9220,Q2218380,Samuel Huber,re_german_world,German world,1547.0,theologian,europe,re_europe
9231,Q21209105,Jean Trenchant,re_france,France,1450.0,mathematician,europe,re_europe
9234,Q2417087,Theobald Nigrinus,re_france,France,1485.0,theologian,europe,re_europe
9254,Q76873,Johann Tetzel,re_german_world,German world,1460.0,theologian,europe,re_europe
9261,Q1442647,Franco Burgersdijk,re_low_countries,Low countries,1590.0,theologian | philosopher,europe,re_europe
9278,Q2829603,Alain Bouchart,re_france,France,1440.0,historian,europe,re_europe
9281,Q1752369,Ulrich von Dinstedt,re_german_world,German world,1460.0,theologian,europe,re_europe
9288,Q777988,Gilles-André de La Rocque,re_france,France,1598.0,historian,europe,re_europe
9290,Q4219116,Jacob Keller,re_german_world,German world,1568.0,philosopher,europe,re_europe
9305,Q733619,David Kimhi,re_france,France,1160.0,philosopher,europe,re_europe
9318,Q18945546,Jean du Fay,re_france,France,1397.0,mathematician,europe,re_europe
9331,Q809338,Bartholomäus Anhorn der Ältere,re_german_world,German world,1566.0,historian,europe,re_europe
9352,Q3109725,Godefroy de Haestrecht,re_low_countries,Low countries,1593.0,mathematician,europe,re_europe
9356,Q94934890,Johann Meckhardt,re_german_world,German world,1507.0,theologian,europe,re_europe
9358,Q351125,Adam Weiß,re_german_world,German world,1490.0,theologian,europe,re_europe
9360,Q2060997,Paul Lindenau,re_german_world,German world,1489.0,theologian,europe,re_europe
9361,Q714562,Octavien de Saint-Gelais,re_france,France,1468.0,theologian,europe,re_europe
9401,Q95721,David Pareus,re_german_world,German world,1549.0,theologian,europe,re_europe
9404,Q27514768,Étienne de Clave,re_france,France,1587.0,physicist | chemist,europe,re_europe
9415,Q187910,Veit Arnpeck,re_german_world,German world,1440.0,historian,europe,re_europe
9419,Q21741422,Egidio Riccardi,re_low_countries,Low countries,1550.0,theologian,europe,re_europe
9422,Q2081039,Peter of Auvergne,re_france,France,1240.0,theologian,europe,re_europe
9428,Q20012572,Jacobus Philippi,re_german_world,German world,1435.0,theologian,europe,re_europe
9429,Q2477693,Gerard Pietersz. Schaep,re_low_countries,Low countries,1599.0,historian,europe,re_europe
9431,Q62534,Johannes Fabricius,re_german_world,German world,1587.0,astronomer,europe,re_europe
9436,Q2059347,Paul Dummerich,re_german_world,German world,1527.0,mathematician,europe,re_europe
9455,Q55122814,Melchior Ambach,re_german_world,German world,1490.0,theologian,europe,re_europe
9467,Q251030,Michel Le Nobletz,re_france,France,1577.0,theologian,europe,re_europe
9490,Q95994,Ulrich Rülein von Calw,re_german_world,German world,1467.0,mathematician,europe,re_europe
9494,Q892507,Bonifacius Wolfhart,re_german_world,German world,1490.0,theologian,europe,re_europe
9507,Q60351,Sebastian Brant,re_france,France,1458.0,philosopher,europe,re_europe
9511,Q76363,Adam Olearius,re_german_world,German world,1599.0,geographer | linguist | historian | mathematician,europe,re_europe
9512,Q1545057,Gregor Breitkopf,re_german_world,German world,1472.0,theologian,europe,re_europe
9521,Q123717,Wiguleus Hund,re_german_world,German world,1514.0,historian,europe,re_europe
9526,Q20942033,Heinrich Schweickher,re_german_world,German world,1526.0,geographer,europe,re_europe
9531,Q87636,Simon Grynaeus,re_german_world,German world,1493.0,theologian,europe,re_europe
9540,Q60845268,Johannes Sigfridus,re_german_world,German world,1556.0,botanist | anatomist,europe,re_europe
9542,Q1395113,Moritz Burchard,re_german_world,German world,1586.0,theologian,europe,re_europe
9544,Q2424380,Thomas Grynaeus,re_german_world,German world,1512.0,theologian,europe,re_europe
9546,Q55842716,Johannes Delphius,re_france,France,1524.0,theologian,europe,re_europe
9548,Q1504445,Georg Gienger von Rotteneck,re_german_world,German world,1500.0,theologian,europe,re_europe
9557,Q1463951,Friedrich von Regensburg,re_german_world,German world,1250.0,philosopher,europe,re_europe
9564,Q38294,Justus Jonas,re_german_world,German world,1493.0,theologian | historian,europe,re_europe
9580,Q15808323,Erhard Cellius,re_german_world,German world,1546.0,historian,europe,re_europe
9609,Q111425,Caspar Cruciger the Younger,re_german_world,German world,1525.0,theologian,europe,re_europe
9614,Q661867,Michael Baius,re_low_countries,Low countries,1513.0,theologian,europe,re_europe
9621,Q19402352,Bartholomeus Mercator,re_low_countries,Low countries,1540.0,geographer,europe,re_europe
9625,Q16680027,Théophile Brachet de La Milletière,re_france,France,1596.0,theologian,europe,re_europe
9642,Q1423645,Joseph Grünpeck,re_german_world,German world,1473.0,historian,europe,re_europe
9658,Q950529,César Oudin,re_france,France,1560.0,linguist,europe,re_europe
9685,Q6122291,Saúl Levi Morteira,re_low_countries,Low countries,1596.0,philosopher,europe,re_europe
9688,Q2058217,Patroklus Römeling,re_german_world,German world,1481.0,theologian,europe,re_europe
9700,Q101989,Kaspar Ulenberg,re_german_world,German world,1550.0,theologian,europe,re_europe
9711,Q67082,Melchior Adam,re_german_world,German world,1575.0,historian,europe,re_europe
9715,Q62770,Johannes Schöner,re_german_world,German world,1477.0,geographer | astronomer | mathematician,europe,re_europe
9730,Q454663,Eggerik Beninga,re_german_world,German world,1490.0,historian,europe,re_europe
9731,Q182430,Louis Maigret,re_france,France,1500.0,linguist,europe,re_europe
9735,Q3784902,Henry Ainsworth,re_low_countries,Low countries,1571.0,theologian,europe,re_europe
9741,Q18275306,Georg Hauer,re_german_world,German world,1484.0,theologian,europe,re_europe
9769,Q1697508,Johannes Franke,re_german_world,German world,1545.0,botanist,europe,re_europe
9771,Q33308799,Peter Boye,re_german_world,German world,1450.0,theologian,europe,re_europe
9784,Q7966528,Walter of Bruges,re_france,France,1227.0,theologian,europe,re_europe
9788,Q6791542,Matthias Döring,re_german_world,German world,1390.0,theologian | historian,europe,re_europe
9790,Q3172602,Jean Héroard,re_france,France,1551.0,zoologist | anatomist,europe,re_europe
9795,Q16650078,Laurentius Olai Gestricius,re_nordic_countries,Nordic countries,1530.0,theologian,europe,re_europe
9798,Q963437,Jesper Brochmand,re_nordic_countries,Nordic countries,1585.0,theologian,europe,re_europe
9815,Q23891009,Jan Jansz. Potter,re_low_countries,Low countries,1530.0,geographer,europe,re_europe
9821,Q98742,Jacob Heerbrand,re_german_world,German world,1521.0,theologian,europe,re_europe
9830,Q2559639,Wenrich von Trier,re_german_world,German world,1100.0,theologian | philosopher,europe,re_europe
9843,Q1644220,Thomas Wyttenbach,re_german_world,German world,1472.0,theologian,europe,re_europe
9846,Q2343177,Stephan Broelmann,re_german_world,German world,1551.0,historian,europe,re_europe
9848,Q108910,Erasmus von Limburg,re_france,France,1507.0,theologian,europe,re_europe
9852,Q1677473,Jakob Fabricius,re_german_world,German world,1560.0,theologian,europe,re_europe
9857,Q1369358,Heinrich Rehbein,re_german_world,German world,1600.0,historian,europe,re_europe
9859,Q19501927,Ambrosius Reuden,re_german_world,German world,1543.0,theologian,europe,re_europe
9860,Q1557932,Johannes Lonicer,re_german_world,German world,1497.0,theologian,europe,re_europe
9866,Q354517,Immanuel Bonfils,re_france,France,1300.0,astronomer | mathematician,europe,re_europe
9871,Q3385970,Pierre Lizet,re_france,France,1482.0,theologian,europe,re_europe
9872,Q1577075,Owen Günther,re_german_world,German world,1532.0,philosopher | physicist,europe,re_europe
9890,Q5586602,Israel Bringius,re_nordic_countries,Nordic countries,1587.0,philosopher | political scientist,europe,re_europe
9893,Q104708,Bartholomäus Bernhardi of Feldkirchen,re_german_world,German world,1487.0,theologian,europe,re_europe
9902,Q1223067,Geoffrey of Vendôme,re_france,France,1093.0,theologian,europe,re_europe
9905,Q1919178,Melchior Stubendorff,re_german_world,German world,1539.0,theologian,europe,re_europe
9911,Q1085217,Christoph Irenäus,re_german_world,German world,1522.0,theologian,europe,re_europe
9912,Q266447,Ralph of Caen,re_france,France,1085.0,historian,europe,re_europe
9917,Q94938498,Johann Wider,re_german_world,German world,1583.0,historian,europe,re_europe
9927,Q1383306,Remigius of Auxerre,re_france,France,841.0,theologian | philosopher,europe,re_europe
9932,Q20180389,Albert Hunger,re_german_world,German world,1545.0,theologian,europe,re_europe
9935,Q1557835,Sebastian Fröschel,re_german_world,German world,1497.0,theologian,europe,re_europe
9938,Q20033227,Christiern Morsing,re_nordic_countries,Nordic countries,1485.0,mathematician,europe,re_europe
9964,Q186820,Martin Becanus,re_german_world,German world,1563.0,theologian,europe,re_europe
9966,Q99747,Peter Agricola,re_german_world,German world,1525.0,theologian,europe,re_europe
9992,Q101736,Johann Winter von Andernach,re_france,France,1505.0,anatomist,europe,re_europe
10003,Q6097639,Ivan Tomko Mrnavić,re_german_world,German world,1580.0,historian,europe,re_europe
10004,Q110954420,Mr. Salomon Davidssoon van Dulmanhorst,re_low_countries,Low countries,1555.0,geographer,europe,re_europe
10014,Q3014743,Daniel Tilenus,re_france,France,1563.0,theologian,europe,re_europe
10022,Q310777,Nicole Oresme,re_france,France,1323.0,philosopher | physicist | astronomer | musicologist | mathematician | theologian | economist,europe,re_europe
10023,Q27070471,Antoine de La Faye,re_france,France,1540.0,theologian,europe,re_europe
10025,Q55876001,Liévin van Brecht,re_low_countries,Low countries,1515.0,theologian,europe,re_europe
10026,Q109244,Adam of Bremen,re_german_world,German world,1100.0,theologian | geographer | historian,europe,re_europe
10027,Q108278,Michael Praetorius,re_german_world,German world,1571.0,musicologist,europe,re_europe
10040,Q6353,Gerardus Mercator,re_german_world,German world,1512.0,theologian | geographer | philosopher | mathematician,europe,re_europe
10043,Q380647,Giles of Rome,re_france,France,1243.0,philosopher,europe,re_europe
10051,Q3875830,Niccolò Balbani,re_france,France,1522.0,theologian,europe,re_europe
10053,Q55857462,Abraham Musculus,re_german_world,German world,1534.0,theologian,europe,re_europe
10057,Q497554,Christoph Demantius,re_german_world,German world,1567.0,musicologist,europe,re_europe
10080,Q3383965,Pierre Bertrand,re_france,France,1280.0,theologian,europe,re_europe
10081,Q1429323,Paul Crusius,re_german_world,German world,1525.0,theologian | astronomer | historian | mathematician,europe,re_europe
10088,Q55674069,Simon Illingius,re_german_world,German world,1577.0,theologian,europe,re_europe
10094,Q5564030,Giovanni de Galliano Pieroni,re_german_world,German world,1586.0,astronomer | mathematician,europe,re_europe
10096,Q1309947,Paul Mathesius,re_german_world,German world,1548.0,theologian,europe,re_europe
10097,Q76182,Kaspar von Barth,re_german_world,German world,1587.0,linguist,europe,re_europe
10112,Q1224097,Dietrich Westhof,re_german_world,German world,1509.0,historian,europe,re_europe
10116,Q522982,Guðbrandur Þorláksson,re_nordic_countries,Nordic countries,1542.0,mathematician,europe,re_europe
10120,Q19958969,Heinrich von Berching,re_german_world,German world,1355.0,theologian,europe,re_europe
10124,Q1526408,Johann Böschenstein,re_german_world,German world,1472.0,mathematician,europe,re_europe
10126,Q654858,Paschasius Radbertus,re_france,France,792.0,theologian,europe,re_europe
10131,Q2010807,Balthasar de Ayala,re_low_countries,Low countries,1548.0,philosopher,europe,re_europe
10133,Q120648,Joachim Slüter,re_german_world,German world,1490.0,theologian,europe,re_europe
10134,Q2067100,Adrianus Barlandus,re_low_countries,Low countries,1486.0,philosopher | historian,europe,re_europe
10140,Q68490,Hermann of Reichenau,re_german_world,German world,1013.0,musicologist | astronomer | historian | mathematician,europe,re_europe
10141,Q71606,Georg Fabricius,re_german_world,German world,1516.0,archeologist | historian,europe,re_europe
10148,Q1696422,Johann Ulrich Pregizer I,re_german_world,German world,1577.0,theologian,europe,re_europe
10166,Q3553591,Valentin Mennher,re_low_countries,Low countries,1520.0,mathematician,europe,re_europe
10168,Q118632,Johann Jakob Wick,re_german_world,German world,1522.0,theologian,europe,re_europe
10171,Q180026,Petrus de Cruce,re_france,France,1300.0,musicologist,europe,re_europe
10181,Q77394,Adalbert,re_german_world,German world,910.0,historian,europe,re_europe
10187,Q116363,Oswald Myconius,re_german_world,German world,1488.0,theologian,europe,re_europe
10200,Q1539583,Gottfried Raesfeld,re_german_world,German world,1522.0,theologian,europe,re_europe
10206,Q1259554,Johannes Meilof,re_german_world,German world,1435.0,theologian,europe,re_europe
10210,Q21043151,Juan de Alcega,re_france,France,1550.0,mathematician,europe,re_europe
10218,Q108839194,Johannes Dyrkinus,re_low_countries,Low countries,1530.0,theologian,europe,re_europe
10233,Q94869792,Ulrich Nicolaus Schramm,re_german_world,German world,1562.0,theologian,europe,re_europe
10235,Q50187108,Jacob Reinecke,re_german_world,German world,1572.0,theologian,europe,re_europe
10238,Q3384637,Petrus Dasypodius,re_france,France,1495.0,linguist,europe,re_europe
10254,Q84289,Georg von Peuerbach,re_german_world,German world,1423.0,astronomer | mathematician,europe,re_europe
10274,Q19286900,Johannes Bisterfeld,re_low_countries,Low countries,1568.0,philosopher,europe,re_europe
10275,Q1510217,Gerard Zerbolt of Zutphen,re_low_countries,Low countries,1367.0,theologian,europe,re_europe
10276,Q716415,Jan Standonck,re_france,France,1453.0,theologian | philosopher,europe,re_europe
10278,Q5971475,Mogens Madsen,re_nordic_countries,Nordic countries,1527.0,historian,europe,re_europe
10281,Q2050711,Marteen van Dorp,re_low_countries,Low countries,1485.0,theologian,europe,re_europe
10283,Q3080974,Francesco Giuntini,re_france,France,1523.0,theologian | astronomer,europe,re_europe
10296,Q676768,Cornelis de Jode,re_low_countries,Low countries,1568.0,geographer,europe,re_europe
10304,Q37494995,Pierre de Paschal,re_france,France,1522.0,historian,europe,re_europe
10324,Q56243212,Gaspard de Seguiran,re_france,France,1569.0,theologian,europe,re_europe
10342,Q1819195,Leonhard Brunner,re_german_world,German world,1500.0,theologian,europe,re_europe
10344,Q111464,Johannes Bünderlin,re_german_world,German world,1499.0,theologian,europe,re_europe
10346,Q2843916,Amos Barbot de Buzay,re_france,France,1566.0,historian,europe,re_europe
10352,Q630646,Nicolaes Tulp,re_low_countries,Low countries,1593.0,anatomist,europe,re_europe
10357,Q1525183,Johann Lachmann,re_german_world,German world,1491.0,theologian,europe,re_europe
10359,Q1560202,Wilhelm Hüls,re_german_world,German world,1598.0,theologian,europe,re_europe
10360,Q78323,Martin Rinkart,re_german_world,German world,1586.0,theologian,europe,re_europe
10369,Q55374922,Ulrich Cubicularius,re_german_world,German world,1600.0,theologian,europe,re_europe
10372,Q5557702,Johannes Olai Anthelius,re_nordic_countries,Nordic countries,1575.0,theologian | astronomer,europe,re_europe
10376,Q349771,Andrew Melville,re_france,France,1545.0,theologian | linguist,europe,re_europe
10377,Q1696354,Johann Soetefleisch,re_german_world,German world,1552.0,theologian,europe,re_europe
10389,Q33802236,Jean Tarin,re_france,France,1590.0,historian,europe,re_europe
10396,Q574405,Johannes Stabius,re_german_world,German world,1460.0,geographer | anatomist,europe,re_europe
10408,Q22570,Christoph Lehmann,re_german_world,German world,1568.0,historian,europe,re_europe
10409,Q2386193,Nicolas Denisot,re_france,France,1515.0,geographer,europe,re_europe
10428,Q980754,Johann Himmel,re_german_world,German world,1581.0,theologian,europe,re_europe
10451,Q76568,Heinrich Cornelius Agrippa,re_france,France,1486.0,theologian | astronomer | philosopher,europe,re_europe
10457,Q15454587,Martin Brasch,re_german_world,German world,1565.0,philosopher,europe,re_europe
10463,Q1694062,Johann Glandorp,re_german_world,German world,1501.0,theologian,europe,re_europe
10467,Q264028,John of Salisbury,re_france,France,1110.0,theologian | philosopher | historian | political scientist,europe,re_europe
10478,Q770506,Christian Sgrooten,re_german_world,German world,1525.0,geographer,europe,re_europe
10479,Q2141275,Reinher von Paderborn,re_german_world,German world,1140.0,mathematician,europe,re_europe
10497,Q1389095,Jakob Mennel,re_german_world,German world,1460.0,historian,europe,re_europe
10504,Q959953,Philippe van Lansberge,re_low_countries,Low countries,1561.0,astronomer,europe,re_europe
10509,Q60769,Hieronymus Bock,re_german_world,German world,1498.0,botanist | zoologist,europe,re_europe
10515,Q2433248,Tilemann von Hussen,re_german_world,German world,1497.0,theologian,europe,re_europe
10518,Q598060,Peter Martyr Vermigli,re_german_world,German world,1499.0,theologian,europe,re_europe
10521,Q27666710,Oswald Schlee,re_german_world,German world,1553.0,theologian,europe,re_europe
10530,Q4678889,Adam Contzen,re_german_world,German world,1571.0,economist,europe,re_europe
10581,Q1375332,Lieuwe van Aitzema,re_low_countries,Low countries,1600.0,historian,europe,re_europe
10587,Q21104968,Lubbert Gerritsz.,re_low_countries,Low countries,1534.0,theologian,europe,re_europe
10588,Q91136,John of Hildesheim,re_german_world,German world,1315.0,theologian | historian,europe,re_europe
10607,Q4893800,Bernard of Trilia,re_france,France,1240.0,theologian,europe,re_europe
10620,Q55122745,Sebastian Beck,re_german_world,German world,1583.0,theologian,europe,re_europe
10621,Q1697195,Johann Bader,re_german_world,German world,1487.0,theologian,europe,re_europe
10625,Q76588,Martin Agricola,re_german_world,German world,1486.0,musicologist,europe,re_europe
10632,Q29513373,Valentin Steinmetz,re_german_world,German world,1547.0,astronomer,europe,re_europe
10634,Q5487543,Henricus Martini Fattbur,re_nordic_countries,Nordic countries,1590.0,theologian,europe,re_europe
10638,Q1218411,Jean de Nostredame,re_france,France,1522.0,historian,europe,re_europe
10660,Q103335,Fritsche Closener,re_france,France,1315.0,historian,europe,re_europe
10664,Q1085914,Christoph Mass,re_german_world,German world,1508.0,astronomer,europe,re_europe
10668,Q20747317,David Lobeck,re_german_world,German world,1560.0,theologian,europe,re_europe
10669,Q1176994,David Voit,re_german_world,German world,1529.0,theologian,europe,re_europe
10679,Q805661,Balthasar Zimmermann,re_german_world,German world,1570.0,geographer,europe,re_europe
10680,Q2572734,Wilhelm Friedrich Lutz,re_german_world,German world,1551.0,theologian,europe,re_europe
10703,Q95871,Berchtold von Kremsmünster,re_german_world,German world,1270.0,historian,europe,re_europe
10710,Q315163,Joseph Justus Scaliger,re_low_countries,Low countries,1540.0,archeologist | historian,europe,re_europe
10728,Q3171640,Jean Delespine,re_france,France,1506.0,theologian,europe,re_europe
10729,Q95638,Georg Rhau,re_german_world,German world,1488.0,musicologist,europe,re_europe
10730,Q17414317,Johann Wilhelm Stuck,re_german_world,German world,1542.0,theologian,europe,re_europe
10754,Q12320272,Jon Jakobsen Venusinus,re_nordic_countries,Nordic countries,1563.0,theologian | historian,europe,re_europe
10757,Q2120010,Franciscus Haraeus,re_low_countries,Low countries,1555.0,geographer | historian,europe,re_europe
10761,Q2204098,Johan Isaksson Pontanus,re_low_countries,Low countries,1571.0,historian,europe,re_europe
10775,Q8078451,Étienne Bauny,re_france,France,1564.0,theologian,europe,re_europe
10778,Q27337,Christoph Rudolff,re_german_world,German world,1499.0,mathematician,europe,re_europe
10779,Q22969219,Abraham Hölzel,re_german_world,German world,1577.0,geographer,europe,re_europe
10792,Q123660,Johann Bauhin,re_german_world,German world,1541.0,botanist,europe,re_europe
10794,Q43903557,Eberhard Weidensee,re_german_world,German world,1486.0,theologian,europe,re_europe
10796,Q88681144,Jacob Cellarius,re_german_world,German world,1542.0,philosopher,europe,re_europe
10802,Q1004128,Frutolf of Michelsberg,re_german_world,German world,1038.0,musicologist | historian,europe,re_europe
10804,Q98522572,Liévin Algoet,re_german_world,German world,1500.0,historian | physicist,europe,re_europe
10815,Q653165,Nicolaus Mulerius,re_low_countries,Low countries,1564.0,astronomer | mathematician,europe,re_europe
10835,Q121102,Lucas Lossius,re_german_world,German world,1508.0,theologian | musicologist,europe,re_europe
10841,Q1303886,Eilard von der Hude,re_german_world,German world,1541.0,theologian,europe,re_europe
10843,Q85810,Matthäus Zell,re_france,France,1477.0,theologian,europe,re_europe
10861,Q39072817,Carolus Scribani,re_low_countries,Low countries,1561.0,philosopher,europe,re_europe
10869,Q275500,Jean Buridan,re_france,France,1300.0,theologian | philosopher | logician,europe,re_europe
10877,Q15728096,Kilian Leib,re_german_world,German world,1471.0,historian,europe,re_europe
10881,Q1506024,Georg Simler,re_german_world,German world,1477.0,theologian,europe,re_europe
10882,Q80955828,Johann Zanger der Ältere,re_german_world,German world,1517.0,musicologist,europe,re_europe
10886,Q62471146,Conrad Spangenberg,re_german_world,German world,1525.0,theologian,europe,re_europe
10887,Q2550000,Jan van Naaldwijk,re_low_countries,Low countries,1450.0,historian,europe,re_europe
10925,Q2424349,Thomas Grote,re_german_world,German world,1425.0,theologian,europe,re_europe
10930,Q3017762,David Derodon,re_france,France,1600.0,theologian | philosopher,europe,re_europe
10937,Q1343514,Martin Delrio,re_low_countries,Low countries,1551.0,theologian,europe,re_europe
10938,Q3386816,Pierre Robert,re_france,France,1589.0,historian,europe,re_europe
10950,Q3352462,Dirck Outgaertsz. Cluyt,re_low_countries,Low countries,1546.0,botanist,europe,re_europe
10956,Q3340170,Nicolas Caignet de Fréauville,re_france,France,1250.0,theologian,europe,re_europe
10959,Q95327806,Joachim Erndlin,re_german_world,German world,1588.0,theologian | philosopher,europe,re_europe
10971,Q24365,Paul Phrygio,re_german_world,German world,1483.0,theologian,europe,re_europe
10973,Q58317802,Otto Werdmüller,re_german_world,German world,1513.0,theologian,europe,re_europe
10975,Q102338,Johann Major,re_german_world,German world,1533.0,theologian,europe,re_europe
10976,Q469087,Marie de Gournay,re_france,France,1565.0,philosopher,europe,re_europe
10994,Q805626,Balthasar Meisner,re_german_world,German world,1587.0,theologian,europe,re_europe
10995,Q3263488,Louis de La Blachière,re_france,France,1530.0,theologian,europe,re_europe
11017,Q1533913,Werner Teschenmacher,re_german_world,German world,1590.0,theologian,europe,re_europe
11020,Q76554,Johannes Agricola,re_german_world,German world,1494.0,theologian | philosopher,europe,re_europe
11024,Q453365,Amalric of Bena,re_france,France,1150.0,theologian | philosopher,europe,re_europe
11025,Q1598562,Lorenz Rhodomann,re_german_world,German world,1546.0,theologian | historian,europe,re_europe
11028,Q3122009,Guy Michel Lejay,re_france,France,1588.0,theologian,europe,re_europe
11032,Q94887404,Philipp Glaser,re_france,France,1554.0,historian,europe,re_europe
11036,Q5493220,François Connan,re_france,France,1508.0,philosopher,europe,re_europe
11040,Q3341053,Nicole Gilles,re_france,France,1420.0,historian,europe,re_europe
11048,Q12795200,Lovrenc Čadež,re_german_world,German world,1550.0,theologian,europe,re_europe
11052,Q94874018,Johannes Müller,re_german_world,German world,1445.0,theologian,europe,re_europe
11054,Q17301786,Cosme Damià Hortolà,re_france,France,1493.0,philosopher,europe,re_europe
11056,Q56029,Sophia Brahe,re_nordic_countries,Nordic countries,1559.0,astronomer | historian,europe,re_europe
11061,Q27130924,Nicolaus Granius,re_german_world,German world,1569.0,mathematician,europe,re_europe
11062,Q192315,Pierre Gassendi,re_france,France,1592.0,philosopher | physicist | astronomer | mathematician | theologian | zoologist,europe,re_europe
11064,Q2624676,Gaspard van der Heyden,re_low_countries,Low countries,1496.0,geographer,europe,re_europe
11066,Q1635599,Hugh Ripelin of Strasburg,re_france,France,1210.0,theologian,europe,re_europe
11073,Q62535,Melchior Hoffman,re_france,France,1490.0,theologian,europe,re_europe
11077,Q3140184,Honorat de Meynier,re_france,France,1570.0,mathematician,europe,re_europe
11078,Q1991772,Nikolaus von Butrinto,re_france,France,1300.0,historian,europe,re_europe
11083,Q1910371,Matthias Waibel,re_german_world,German world,1500.0,theologian,europe,re_europe
11084,Q3080641,Mathieu d'Escouchy,re_france,France,1420.0,historian,europe,re_europe
11086,Q1646176,Johann Wilhelm Neumayr von Ramsla,re_german_world,German world,1572.0,economist,europe,re_europe
11120,Q960658,Guillaume Rondelet,re_france,France,1507.0,botanist | zoologist | anatomist,europe,re_europe
11131,Q956260,Pierre Vernier,re_france,France,1584.0,mathematician,europe,re_europe
11135,Q23617041,Adriaan van Meerbeeck,re_low_countries,Low countries,1563.0,historian,europe,re_europe
11142,Q22054839,Adrien du Hecquet,re_france,France,1510.0,theologian,europe,re_europe
11151,Q76161,Johannes Werner,re_german_world,German world,1468.0,geographer | astronomer | mathematician,europe,re_europe
11154,Q56599708,Pierre Blanchot,re_france,France,1589.0,theologian,europe,re_europe
11157,Q1233049,Leonhard Kaiser,re_german_world,German world,1480.0,theologian,europe,re_europe
11160,Q1991572,Nicolaus Leutinger,re_german_world,German world,1554.0,historian,europe,re_europe
11166,Q6024308,Ericus Olai,re_nordic_countries,Nordic countries,1401.0,theologian | historian,europe,re_europe
11167,Q95297951,Sebastian Schröder,re_german_world,German world,1599.0,chemist,europe,re_europe
11174,Q433841,Johannes de Sacrobosco,re_france,France,1195.0,astronomer | mathematician,europe,re_europe
11175,Q1700274,Paul Röber,re_german_world,German world,1587.0,theologian,europe,re_europe
11176,Q62668,Burchard of Worms,re_german_world,German world,965.0,theologian,europe,re_europe
11180,Q1539137,Gottfried Cundisius,re_german_world,German world,1599.0,theologian,europe,re_europe
11206,Q1462810,Friedrich Widebrand,re_german_world,German world,1532.0,theologian,europe,re_europe
11219,Q60958,Konrad Peutinger,re_german_world,German world,1465.0,archeologist | historian,europe,re_europe
11225,Q123337,Pierre Viret,re_france,France,1511.0,theologian,europe,re_europe
11228,Q3386576,Pierre Petit,re_france,France,1594.0,astronomer | physicist | mathematician,europe,re_europe
11234,Q13137020,Martinus Hamconius,re_low_countries,Low countries,1550.0,historian,europe,re_europe
11240,Q3173201,Jean Leurechon,re_france,France,1591.0,mathematician,europe,re_europe
11241,Q86327,Franz Christoph von Khevenhüller-Frankenburg,re_german_world,German world,1588.0,historian,europe,re_europe
11242,Q115402,Rudolph Goclenius the Younger,re_german_world,German world,1572.0,astronomer | physicist | mathematician,europe,re_europe
11246,Q1679272,Jacob Otther,re_german_world,German world,1485.0,theologian,europe,re_europe
11249,Q191850,Tommaso Campanella,re_france,France,1568.0,theologian | philosopher,europe,re_europe
11261,Q1690116,Joachim Greff,re_german_world,German world,1510.0,theologian,europe,re_europe
11265,Q86960,Konrad Cordatus,re_german_world,German world,1480.0,theologian,europe,re_europe
11266,Q91232076,Thomas Le Blanc,re_france,France,1599.0,theologian,europe,re_europe
11275,Q253997,Hucbald,re_france,France,850.0,theologian | musicologist,europe,re_europe
11284,Q63072,Johan Abeling,re_german_world,German world,1600.0,theologian | historian,europe,re_europe
11294,Q55847174,Heinrich Wiedeburg,re_german_world,German world,1587.0,mathematician,europe,re_europe
11298,Q76008,Johannes Nauclerus,re_german_world,German world,1430.0,theologian | historian,europe,re_europe
11304,Q3174344,Jean Riolan,re_france,France,1539.0,anatomist,europe,re_europe
11309,Q17175099,Jean de Bouffard-Madiane,re_france,France,1597.0,historian,europe,re_europe
11310,Q94893948,Pierre Moreau,re_low_countries,Low countries,1555.0,theologian,europe,re_europe
11311,Q1711362,Konrad III. von Soltau,re_german_world,German world,1350.0,theologian,europe,re_europe
11331,Q704472,Marsilius of Inghen,re_german_world,German world,1335.0,philosopher,europe,re_europe
11338,Q2650086,Pierre Coudenberg,re_low_countries,Low countries,1517.0,botanist,europe,re_europe
11362,Q639331,Heribert Rosweyde,re_low_countries,Low countries,1569.0,historian,europe,re_europe
11365,Q1698386,Johann Schwertfeger,re_german_world,German world,1488.0,theologian,europe,re_europe
11376,Q94942667,Johann Künne,re_german_world,German world,1564.0,theologian,europe,re_europe
11377,Q77260,Johannes Bugenhagen,re_german_world,German world,1485.0,theologian,europe,re_europe
11382,Q29348286,Nicolaus Knutzen Teting,re_german_world,German world,1593.0,theologian,europe,re_europe
11395,Q486426,Anarg von Wildenfels,re_german_world,German world,1490.0,theologian,europe,re_europe
11396,Q2078919,Peter Weidenhammer,re_german_world,German world,1500.0,chemist,europe,re_europe
11401,Q15429688,Johannes Crucius,re_low_countries,Low countries,1560.0,theologian,europe,re_europe
11421,Q314981,Theodore Beza,re_france,France,1519.0,theologian,europe,re_europe
11422,Q137934,Abbot Suger,re_france,France,1080.0,historian,europe,re_europe
11445,Q317554,Hugh of Saint Victor,re_france,France,1096.0,theologian | philosopher,europe,re_europe
11451,Q676267,Henry Bate of Malines,re_low_countries,Low countries,1246.0,theologian | astronomer | philosopher,europe,re_europe
11455,Q283943,Sæmundr fróði,re_nordic_countries,Nordic countries,1056.0,historian,europe,re_europe
11480,Q84770,Paolo Riccio,re_german_world,German world,1480.0,theologian | philosopher | mathematician,europe,re_europe
11483,Q3140182,Honorat Rambaud,re_france,France,1516.0,linguist,europe,re_europe
11491,Q2433234,Tilemann Olearius,re_german_world,German world,1600.0,theologian,europe,re_europe
11492,Q17414320,Wolfgang Crell,re_german_world,German world,1593.0,theologian,europe,re_europe
11503,Q1443060,Michael Walther,re_german_world,German world,1593.0,theologian,europe,re_europe
11505,Q1238914,Peter of Corbeil,re_france,France,1101.0,theologian,europe,re_europe
11511,Q892506,Bonifatius von Roda,re_german_world,German world,1480.0,theologian | mathematician,europe,re_europe
11512,Q1782304,Conrad Schlüsselburg,re_german_world,German world,1543.0,theologian,europe,re_europe
11518,Q94869953,Georg Müller,re_german_world,German world,1557.0,theologian,europe,re_europe
11519,Q15638612,Jacob Müller,re_german_world,German world,1594.0,mathematician,europe,re_europe
11558,Q103073,Heinrich von Herford,re_german_world,German world,1326.0,historian,europe,re_europe
11564,Q3340256,Nicolas Desliens,re_france,France,1541.0,geographer,europe,re_europe
11574,Q112133331,David de Meyne,re_low_countries,Low countries,1569.0,geographer,europe,re_europe
11575,Q3093610,Gabriel Barthélemy de Gramond,re_france,France,1590.0,historian,europe,re_europe
11581,Q106866845,Jerôme de Hangest,re_france,France,1480.0,theologian,europe,re_europe
11585,Q3610401,Alexander of San Elpidio,re_france,France,1269.0,theologian,europe,re_europe
11586,Q99021,Hendrik van Zutphen,re_german_world,German world,1488.0,theologian,europe,re_europe
11588,Q4137508,Hessel Gerritsz,re_low_countries,Low countries,1581.0,geographer,europe,re_europe
11598,Q91005,Bartholomäus Scultetus,re_german_world,German world,1540.0,geographer | astronomer | mathematician,europe,re_europe
11604,Q170389,Benedict XII,re_france,France,1280.0,theologian,europe,re_europe
11610,Q28739891,Jean-Baptiste Souchet,re_france,France,1589.0,historian,europe,re_europe
11620,Q1696289,Johannes Meynertzhagen,re_german_world,German world,1519.0,theologian,europe,re_europe
11621,Q553218,Matthew of Kraków,re_german_world,German world,1355.0,philosopher,europe,re_europe
11626,Q18945563,Johann Lantz,re_german_world,German world,1564.0,mathematician,europe,re_europe
11638,Q77813,Paul Eber,re_german_world,German world,1511.0,theologian,europe,re_europe
11646,Q96461,Johannes Aurifaber,re_german_world,German world,1519.0,theologian,europe,re_europe
11658,Q1685972,Jean d'Outremeuse,re_low_countries,Low countries,1338.0,historian,europe,re_europe
11671,Q521064,Guillebert de Metz,re_low_countries,Low countries,1391.0,historian,europe,re_europe
11677,Q71026,Joachim Jungius,re_german_world,German world,1587.0,philosopher | physicist | mathematician | anatomist,europe,re_europe
11678,Q59531737,Amable Bonnefons,re_france,France,1600.0,theologian,europe,re_europe
11685,Q3119734,Guillaume Catel,re_france,France,1560.0,historian,europe,re_europe
11686,Q960296,Willem Hessels van Est,re_france,France,1542.0,theologian,europe,re_europe
11696,Q2863280,Arnauld de Oihenart,re_france,France,1592.0,historian,europe,re_europe
11702,Q94916923,Johann Müller,re_german_world,German world,1586.0,philosopher,europe,re_europe
11703,Q2427211,Thomas Schöpf,re_german_world,German world,1520.0,geographer,europe,re_europe
11704,Q6265828,John of Reading,re_france,France,1250.0,philosopher,europe,re_europe
11722,Q1278889,Eberhard Brisger,re_german_world,German world,1490.0,theologian,europe,re_europe
11771,Q982932,Gerrit de Veer,re_low_countries,Low countries,1570.0,zoologist,europe,re_europe
11772,Q1254839,Johann Michael Gigas,re_german_world,German world,1582.0,astronomer | mathematician,europe,re_europe
11781,Q1572814,Johannes Saubert,re_german_world,German world,1592.0,theologian,europe,re_europe
11793,Q2199696,Eduard Poppius,re_low_countries,Low countries,1576.0,theologian,europe,re_europe
11797,Q281966,Robert of Torigni,re_france,France,1100.0,historian,europe,re_europe
11798,Q2086625,Philipp Caesar,re_german_world,German world,1580.0,theologian,europe,re_europe
11802,Q649722,Caesar of Heisterbach,re_german_world,German world,1180.0,theologian,europe,re_europe
11806,Q6176494,Johannes Simonius,re_nordic_countries,Nordic countries,1566.0,philosopher,europe,re_europe
11811,Q1986888,Nikolaus Serarius,re_german_world,German world,1555.0,historian,europe,re_europe
11813,Q94936456,Wolfgang Stolberg,re_german_world,German world,1549.0,theologian,europe,re_europe
11815,Q1424657,Johann Georg Volckmar,re_german_world,German world,1567.0,theologian,europe,re_europe
11816,Q53507896,Jacques de Vaulx,re_france,France,1557.0,geographer,europe,re_europe
11827,Q94890332,Johann Mayr,re_german_world,German world,1550.0,historian,europe,re_europe
11840,Q23770610,Hans Regkmann,re_german_world,German world,1494.0,historian,europe,re_europe
11843,Q63188,Nicolaus von Amsdorf,re_german_world,German world,1483.0,theologian,europe,re_europe
11851,Q1353095,Michael van Langren,re_low_countries,Low countries,1598.0,geographer | astronomer | mathematician,europe,re_europe
11853,Q1696883,Johann von der Berswordt,re_german_world,German world,1574.0,historian,europe,re_europe
11858,Q55123665,Rudolf von Bellinckhausen,re_german_world,German world,1567.0,theologian,europe,re_europe
11867,Q103484421,Ben Calonymos Calonymos,re_france,France,1286.0,philosopher,europe,re_europe
11878,Q1694848,Johann Jakob Breitinger,re_german_world,German world,1575.0,theologian,europe,re_europe
11880,Q15984836,Johann Hartmann Beyer,re_german_world,German world,1563.0,mathematician,europe,re_europe
11887,Q459612,Ambrosius Berndt,re_german_world,German world,1500.0,theologian,europe,re_europe
11889,Q1550576,Laurens Laurensen,re_german_world,German world,1495.0,theologian,europe,re_europe
11890,Q3101533,George Dousa,re_low_countries,Low countries,1574.0,historian,europe,re_europe
11891,Q72649,Johann Crotus,re_german_world,German world,1480.0,theologian,europe,re_europe
11895,Q1084620,Christoph Brandis,re_german_world,German world,1600.0,historian,europe,re_europe
11896,Q104613202,Theodoricus Langius,re_low_countries,Low countries,1600.0,linguist,europe,re_europe
11899,Q43977,Jan Hus,re_german_world,German world,1371.0,theologian | linguist | philosopher,europe,re_europe
11911,Q95863,Lorenz Fries,re_german_world,German world,1489.0,historian,europe,re_europe
11917,Q6170396,Jean Chapeauville,re_low_countries,Low countries,1551.0,historian,europe,re_europe
11921,Q1910501,Matthäus Blochinger,re_german_world,German world,1520.0,theologian | mathematician,europe,re_europe
11925,Q29016660,Floris van der Haer,re_france,France,1547.0,theologian | historian,europe,re_europe
11937,Q5955279,Erpold Lindenbrog,re_german_world,German world,1540.0,historian,europe,re_europe
11938,Q3158103,Jacques Aleaume,re_france,France,1562.0,mathematician,europe,re_europe
11945,Q2749300,Egbert Haubois,re_low_countries,Low countries,1600.0,geographer,europe,re_europe
11951,Q237871,Catherine of Vadstena,re_nordic_countries,Nordic countries,1331.0,philosopher,europe,re_europe
11958,Q1447238,Franz Hildesheim,re_german_world,German world,1551.0,historian,europe,re_europe
11962,Q463846,Pierre Charron,re_france,France,1541.0,theologian | philosopher,europe,re_europe
11969,Q765465,Dirck Volckertszoon Coornhert,re_low_countries,Low countries,1522.0,theologian | philosopher,europe,re_europe
11976,Q499677,Andreas Mylius,re_german_world,German world,1527.0,historian,europe,re_europe
11979,Q3084427,François Derand,re_france,France,1588.0,mathematician,europe,re_europe
11981,Q21283143,Pieter Wils,re_low_countries,Low countries,1600.0,geographer | mathematician,europe,re_europe
11989,Q231256,Francis de Sales,re_france,France,1567.0,theologian,europe,re_europe
11990,Q1986576,Nicolas Guibert,re_france,France,1547.0,zoologist,europe,re_europe
11992,Q1909855,Matthias Erb,re_france,France,1494.0,theologian,europe,re_europe
11994,Q275425,Thietmar of Merseburg,re_german_world,German world,975.0,historian,europe,re_europe
11999,Q1599530,Henry of Gorkum,re_german_world,German world,1378.0,theologian | philosopher,europe,re_europe
12004,Q705309,Louis Cappel,re_france,France,1585.0,theologian,europe,re_europe
12006,Q2978303,Claude d'Abbeville,re_france,France,1590.0,zoologist,europe,re_europe
12011,Q1505499,Gregor Nymann,re_german_world,German world,1594.0,anatomist,europe,re_europe
12014,Q736207,Louis Le Nain,re_france,France,1593.0,anthropologist,europe,re_europe
12021,Q21544072,Johann Altenstaig,re_german_world,German world,1480.0,theologian,europe,re_europe
12025,Q18587227,Joannes Raphael Cobenzl,re_german_world,German world,1571.0,theologian | philosopher,europe,re_europe
12026,Q2575744,Wilhelm Zepper,re_german_world,German world,1550.0,theologian,europe,re_europe
12027,Q19502606,Hermann Kirchner,re_german_world,German world,1562.0,historian,europe,re_europe
12034,Q546961,Johannes Galliculus,re_german_world,German world,1490.0,musicologist,europe,re_europe
12035,Q5482555,Francis Sylvius,re_france,France,1581.0,theologian,europe,re_europe
12037,Q3174158,Jean Péna,re_france,France,1528.0,mathematician,europe,re_europe
12039,Q15428720,Reinhard Gaißlin,re_german_world,German world,1480.0,theologian,europe,re_europe
12046,Q5652,Hélinand of Froidmont,re_france,France,1160.0,historian,europe,re_europe
12047,Q55676044,Paul Petrejus,re_german_world,German world,1562.0,theologian,europe,re_europe
12056,Q3340217,Nicolas Cornet,re_france,France,1572.0,theologian,europe,re_europe
12059,Q123604,Johann Eck,re_german_world,German world,1494.0,theologian,europe,re_europe
12061,Q21451940,Cornelis Claesz Anslo,re_low_countries,Low countries,1592.0,theologian,europe,re_europe
12075,Q2078659,Peter Thomäus,re_german_world,German world,1500.0,philosopher,europe,re_europe
12076,Q42906852,Julien Tabouet,re_france,France,1500.0,historian,europe,re_europe
12077,Q534814,Theodulf of Orléans,re_france,France,750.0,theologian,europe,re_europe
12083,Q2048008,Pallas Spangel,re_german_world,German world,1445.0,theologian,europe,re_europe
12097,Q108217919,Hieronymus Vogellius,re_low_countries,Low countries,1579.0,theologian,europe,re_europe
12101,Q1695262,Johann Lauterbach,re_german_world,German world,1531.0,historian,europe,re_europe
12118,Q45367560,Johannes Bronkhorst,re_german_world,German world,1494.0,mathematician,europe,re_europe
12124,Q1445174,Gunnlaugr Leifsson,re_nordic_countries,Nordic countries,1150.0,historian,europe,re_europe
12125,Q2576015,Wilhelm von Reichenau,re_german_world,German world,1426.0,theologian,europe,re_europe
12129,Q1663489,Martin Cleß,re_german_world,German world,1491.0,theologian,europe,re_europe
12131,Q501468,Andreas von Regensburg,re_german_world,German world,1380.0,historian,europe,re_europe
12137,Q19288533,Jodok Mörlin,re_german_world,German world,1490.0,philosopher,europe,re_europe
12143,Q123612,Gaspard Bauhin,re_german_world,German world,1560.0,botanist,europe,re_europe
12149,Q102640,Georg Hartmann,re_german_world,German world,1489.0,geologist | astronomer | mathematician,europe,re_europe
12154,Q1805791,Valentin Wudrian,re_german_world,German world,1584.0,theologian,europe,re_europe
12156,Q1338046,Johannes de Grocheio,re_france,France,1255.0,musicologist,europe,re_europe
12159,Q19631486,Johannes Rosa,re_german_world,German world,1532.0,historian,europe,re_europe
12162,Q107720,Andreas Poach,re_german_world,German world,1516.0,theologian,europe,re_europe
12179,Q159632,Caspar Peucer,re_german_world,German world,1525.0,theologian | historian | mathematician | zoologist,europe,re_europe
12181,Q100330715,Helena Magenbuch,re_german_world,German world,1523.0,pharmacologist | chemist,europe,re_europe
12209,Q16269222,Philipp Neunheller,re_german_world,German world,1500.0,theologian,europe,re_europe
12216,Q70897,Wilhelm Fabry,re_german_world,German world,1560.0,anatomist,europe,re_europe
12218,Q94866605,Andreas Kirchberger,re_german_world,German world,1555.0,theologian,europe,re_europe
12221,Q118639,Valentin Schindler,re_german_world,German world,1543.0,linguist,europe,re_europe
12228,Q2135577,Willem Teellinck,re_low_countries,Low countries,1579.0,theologian,europe,re_europe
12238,Q56787378,Pierre Lepoivre,re_low_countries,Low countries,1546.0,geographer,europe,re_europe
12253,Q66192,Matthias Ringmann,re_france,France,1482.0,geographer,europe,re_europe
12255,Q695823,Arnold Möller,re_german_world,German world,1581.0,mathematician,europe,re_europe
12257,Q3377679,Petrus Astronomus,re_nordic_countries,Nordic countries,1450.0,astronomer,europe,re_europe
12266,Q1437025,Jacobus Polius,re_german_world,German world,1588.0,historian,europe,re_europe
12269,Q21545363,Gottschalk Stewech,re_german_world,German world,1551.0,historian,europe,re_europe
12290,Q2361614,Dirc van Delf,re_low_countries,Low countries,1365.0,theologian,europe,re_europe
12291,Q1693127,Johann Conrad Hochstetter,re_german_world,German world,1583.0,theologian,europe,re_europe
12316,Q1126870,Conrad Lautenbach,re_german_world,German world,1534.0,theologian | philosopher,europe,re_europe
12321,Q89381,Molanus,re_low_countries,Low countries,1533.0,theologian,europe,re_europe
12326,Q3189522,Julien Hayneufve,re_france,France,1588.0,theologian,europe,re_europe
12335,Q1503494,Georg Aemilius,re_german_world,German world,1517.0,theologian | botanist,europe,re_europe
12345,Q3501189,Joannes Sturmius Mechlinianus,re_low_countries,Low countries,1559.0,mathematician,europe,re_europe
12355,Q660644,Cornelius Gemma,re_low_countries,Low countries,1535.0,astronomer,europe,re_europe
12364,Q1697574,Johann Gottsleben,re_german_world,German world,1559.0,theologian,europe,re_europe
12368,Q1695411,John Macalpine,re_nordic_countries,Nordic countries,1450.0,theologian,europe,re_europe
12374,Q1088890,Crisóstomo Henríquez,re_low_countries,Low countries,1594.0,historian,europe,re_europe
12375,Q647633,Ogier Ghiselin de Busbecq,re_france,France,1522.0,botanist,europe,re_europe
12391,Q587273,Antoine de Montchrestien,re_france,France,1575.0,historian | economist,europe,re_europe
12394,Q741189,Jean Fernel,re_france,France,1506.0,astronomer | mathematician | anatomist,europe,re_europe
12396,Q281179,Jean Gerson,re_france,France,1369.0,theologian | philosopher,europe,re_europe
12399,Q1772423,Georges d'Armagnac,re_france,France,1501.0,philosopher,europe,re_europe
12400,Q1697945,Johannes Lening,re_german_world,German world,1491.0,theologian,europe,re_europe
12406,Q2080922,Peter Bokelmann,re_german_world,German world,1505.0,theologian,europe,re_europe
12408,Q1126866,Conrad Klingenbeck,re_german_world,German world,1526.0,theologian,europe,re_europe
12414,Q16669968,Pierre Desrey,re_france,France,1450.0,historian,europe,re_europe
12418,Q112553,Jacob Fabricius,re_nordic_countries,Nordic countries,1576.0,astronomer,europe,re_europe
12421,Q90297,Jakob Christmann,re_german_world,German world,1554.0,astronomer,europe,re_europe
12431,Q2217059,Johannes Jacob Wecker,re_france,France,1528.0,chemist,europe,re_europe
12433,Q1086255,Christoph von Utenheim,re_german_world,German world,1450.0,theologian,europe,re_europe
12434,Q948156,Guillaume Postel,re_france,France,1510.0,geographer | linguist | mathematician,europe,re_europe
12438,Q55891357,Heinrich Dreckmeier,re_german_world,German world,1550.0,theologian,europe,re_europe
12444,Q1986039,Nicodemus Lappe,re_german_world,German world,1582.0,theologian,europe,re_europe
12449,Q1695531,Johann Michael Beuther,re_france,France,1566.0,historian,europe,re_europe
12452,Q88204310,Gerhard Grave,re_german_world,German world,1598.0,theologian,europe,re_europe
12467,Q1710269,Simon Leupold,re_german_world,German world,1517.0,theologian,europe,re_europe
12477,Q93279515,Toussaint Bridoul,re_france,France,1595.0,theologian,europe,re_europe
12483,Q94935116,Andreas Francke,re_german_world,German world,1496.0,theologian,europe,re_europe
12489,Q57403,Wilhelm Schickard,re_german_world,German world,1592.0,theologian | astronomer | mathematician,europe,re_europe
12501,Q3120156,Guillaume Rivet,re_france,France,1581.0,theologian,europe,re_europe
12508,Q164470,Guillaume Caoursin,re_france,France,1430.0,historian,europe,re_europe
12513,Q52149153,Jacob Reihing,re_german_world,German world,1579.0,theologian,europe,re_europe
12517,Q3164224,Jean-Baptiste Legrain,re_france,France,1565.0,historian,europe,re_europe
12521,Q55809439,Nicolas Vedel,re_low_countries,Low countries,1596.0,theologian | philosopher,europe,re_europe
12522,Q733716,Casiodoro de Reina,re_german_world,German world,1520.0,theologian,europe,re_europe
12525,Q71276,Bernhard Walther,re_german_world,German world,1430.0,astronomer,europe,re_europe
12529,Q4202497,Johannes ab Indagine,re_german_world,German world,1415.0,theologian,europe,re_europe
12532,Q1387082,Jean Errard,re_france,France,1554.0,mathematician,europe,re_europe
12536,Q14785676,Johann Flugi von Aspermont,re_german_world,German world,1595.0,theologian,europe,re_europe
12546,Q16838887,Gervase of Melkley,re_france,France,1185.0,linguist,europe,re_europe
12561,Q3026998,Didier Dounot,re_france,France,1574.0,mathematician,europe,re_europe
12564,Q1664649,Johannes Criginger,re_german_world,German world,1521.0,theologian | geographer,europe,re_europe
12571,Q94763594,Andreas Rosa,re_german_world,German world,1530.0,astronomer,europe,re_europe
12577,Q61177,Helmold,re_german_world,German world,1120.0,historian,europe,re_europe
12588,Q665031,Niels Hemmingsen,re_nordic_countries,Nordic countries,1513.0,theologian,europe,re_europe
12592,Q65187,Bartholomaeus Pitiscus,re_german_world,German world,1561.0,theologian | astronomer | mathematician,europe,re_europe
12651,Q895587,Gerard Geldenhouwer,re_german_world,German world,1482.0,theologian | historian,europe,re_europe
12653,Q1782192,Konrad Limmer,re_german_world,German world,1522.0,theologian,europe,re_europe
12654,Q1279596,Eberhard von Holle,re_german_world,German world,1532.0,theologian,europe,re_europe
12656,Q2590582,Wolfgang Meurer,re_german_world,German world,1513.0,meteorologist,europe,re_europe
12659,Q1617553,Hieronymus Haubold,re_german_world,German world,1535.0,theologian,europe,re_europe
12663,Q572799,Thomas of Cantimpré,re_low_countries,Low countries,1201.0,philosopher,europe,re_europe
12673,Q12310395,Erik Nielsen Rosenkrantz,re_nordic_countries,Nordic countries,1447.0,theologian,europe,re_europe
12687,Q47163029,Ambrosius Lacher,re_german_world,German world,1470.0,mathematician,europe,re_europe
12717,Q123608,Thomas of Erfurt,re_german_world,German world,1300.0,philosopher,europe,re_europe
12721,Q1505815,Georg Saluz,re_german_world,German world,1571.0,theologian,europe,re_europe
12724,Q2854140,Antoine Le Métel d'Ouville,re_france,France,1590.0,geographer,europe,re_europe
12727,Q41616317,Fabianus Hippius,re_german_world,German world,1564.0,philosopher,europe,re_europe
12735,Q3174194,Jean Rabec,re_france,France,1505.0,theologian,europe,re_europe
12736,Q29053734,Justus Zinzerling,re_german_world,German world,1580.0,geographer,europe,re_europe
12740,Q1426409,Johann Kröner,re_german_world,German world,1460.0,theologian,europe,re_europe
12751,Q3379583,Philippe Chifflet,re_france,France,1597.0,theologian,europe,re_europe
12757,Q55018249,Samuel Bocchart,re_france,France,1599.0,theologian | linguist | zoologist,europe,re_europe
12761,Q359951,Ado of Vienne,re_france,France,800.0,historian,europe,re_europe
12770,Q8317735,Jean L'Hoste,re_france,France,1586.0,mathematician,europe,re_europe
12773,Q71437,John Brugman,re_low_countries,Low countries,1400.0,theologian,europe,re_europe
12794,Q105388,Johannes Engel,re_german_world,German world,1463.0,astronomer,europe,re_europe
12808,Q113633,Friedrich Reiser,re_france,France,1401.0,theologian,europe,re_europe
12816,Q1177212,David Wilmann,re_german_world,German world,1550.0,theologian,europe,re_europe
12822,Q75954,Tilemann Heshusius,re_german_world,German world,1527.0,theologian,europe,re_europe
12826,Q435006,Berengar of Tours,re_france,France,990.0,theologian | philosopher,europe,re_europe
12831,Q1460592,Moritz Heling,re_german_world,German world,1522.0,theologian,europe,re_europe
12838,Q21543223,Jan Bernaerts,re_low_countries,Low countries,1568.0,historian,europe,re_europe
12843,Q59680004,Jakob Amport,re_german_world,German world,1580.0,theologian,europe,re_europe
12845,Q585052,Volcher Coiter,re_france,France,1534.0,zoologist | anatomist,europe,re_europe
12846,Q1698430,Johannes Spittelmaier,re_german_world,German world,1500.0,theologian,europe,re_europe
12848,Q695775,Arnold Mengering,re_german_world,German world,1596.0,theologian,europe,re_europe
12852,Q334978,Jean Chapelain,re_france,France,1595.0,philosopher,europe,re_europe
12860,Q1308979,Georgius Koppehele,re_german_world,German world,1538.0,theologian,europe,re_europe
12864,Q75373,Johannes de Cuba,re_german_world,German world,1430.0,botanist | pharmacologist,europe,re_europe
12867,Q17414316,Georg Horn,re_german_world,German world,1542.0,theologian | historian,europe,re_europe
12878,Q19665247,Michael ab Isselt,re_german_world,German world,1530.0,historian,europe,re_europe
12893,Q2734710,Peter of Bruys,re_france,France,1095.0,theologian,europe,re_europe
12895,Q60298,Johann Eck,re_german_world,German world,1486.0,theologian,europe,re_europe
12899,Q1187608,Denis Pétau,re_france,France,1583.0,historian | philosopher | physicist | theologian,europe,re_europe
12905,Q1146360,Johannes Matthaeus,re_german_world,German world,1526.0,theologian,europe,re_europe
12910,Q1698442,Johannes Steuber,re_german_world,German world,1590.0,theologian,europe,re_europe
12914,Q717037,John of Paris,re_france,France,1255.0,theologian | philosopher,europe,re_europe
12915,Q5940195,Olaus Laurelius,re_nordic_countries,Nordic countries,1585.0,theologian,europe,re_europe
12922,Q3101111,Geoffroi Linocier,re_france,France,1505.0,botanist,europe,re_europe
12923,Q5535673,Georg Cruciger,re_german_world,German world,1575.0,theologian,europe,re_europe
12934,Q247826,Abraham Heidanus,re_low_countries,Low countries,1597.0,theologian,europe,re_europe
12937,Q1690983,Justus Reuber,re_german_world,German world,1542.0,historian,europe,re_europe
12939,Q6125327,Jakob Middendorp,re_german_world,German world,1537.0,historian,europe,re_europe
12946,Q64236,Berthold Schwarz,re_german_world,German world,1318.0,chemist,europe,re_europe
12955,Q63393,Konrad von Marburg,re_german_world,German world,1180.0,theologian,europe,re_europe
12958,Q19958916,Nikolaus Basellius,re_german_world,German world,1470.0,historian,europe,re_europe
12974,Q17310171,Albert Katschen,re_german_world,German world,1400.0,theologian,europe,re_europe
12992,Q7799872,Théodore Tronchin,re_france,France,1582.0,theologian,europe,re_europe
12997,Q43936,William of Ockham,re_german_world,German world,1285.0,theologian | philosopher | physicist | logician,europe,re_europe
13000,Q88079,Johannes Hartlieb,re_german_world,German world,1410.0,linguist,europe,re_europe
13005,Q18626315,Johann Conrad Musculus,re_german_world,German world,1587.0,mathematician,europe,re_europe
13015,Q77239,Katharina von Bora,re_german_world,German world,1499.0,theologian,europe,re_europe
13016,Q75214,Johann Eberlin von Günzburg,re_german_world,German world,1465.0,theologian,europe,re_europe
13024,Q90333,Josua Stegmann,re_german_world,German world,1588.0,theologian,europe,re_europe
13029,Q15434438,Heinrich Bekelin,re_german_world,German world,1400.0,theologian,europe,re_europe
13030,Q3275822,Madelon Jarry,re_france,France,1533.0,historian,europe,re_europe
13040,Q55850713,Johann Rudolf von Grafenried,re_german_world,German world,1584.0,mathematician,europe,re_europe
13044,Q878349,Francis Lambert,re_german_world,German world,1486.0,theologian,europe,re_europe
13046,Q111042,Ludwig Rabus,re_german_world,German world,1523.0,theologian,europe,re_europe
13047,Q3377691,Petrus Serrarius,re_low_countries,Low countries,1600.0,theologian,europe,re_europe
13066,Q1782307,Konrad Schmid,re_german_world,German world,1476.0,theologian,europe,re_europe
13089,Q353058,Adalbold II of Utrecht,re_low_countries,Low countries,970.0,mathematician,europe,re_europe
13092,Q22264387,Anonimo francofortese,re_german_world,German world,1380.0,philosopher,europe,re_europe
13099,Q1696120,Johann Schlaginhaufen,re_german_world,German world,1498.0,theologian,europe,re_europe
13100,Q2712188,Hans Schriber,re_german_world,German world,1500.0,historian,europe,re_europe
13104,Q1697921,Johannes Lamside,re_german_world,German world,1400.0,theologian,europe,re_europe
13107,Q1767425,Girolamo Vittori,re_france,France,1549.0,linguist,europe,re_europe
13110,Q52713004,Bernardus Ancumanus,re_german_world,German world,1590.0,theologian,europe,re_europe
13112,Q347726,Hans Tausen,re_nordic_countries,Nordic countries,1494.0,theologian | linguist,europe,re_europe
13113,Q1910439,Matthias of Neuenburg,re_german_world,German world,1327.0,historian,europe,re_europe
13114,Q1431552,Jakob Crusius,re_german_world,German world,1600.0,theologian,europe,re_europe
13115,Q46916830,Johann Nathin,re_german_world,German world,1450.0,theologian,europe,re_europe
13121,Q89472103,Simon Vigor,re_france,France,1556.0,theologian | historian,europe,re_europe
13134,Q94885876,Elias Schad,re_france,France,1541.0,theologian,europe,re_europe
13144,Q2866364,Ascelin,re_france,France,1250.0,historian,europe,re_europe
13154,Q1461809,Friedrich Runge,re_german_world,German world,1559.0,theologian,europe,re_europe
13179,Q6000244,Johan Månsson,re_nordic_countries,Nordic countries,1590.0,geographer,europe,re_europe
13199,Q3173225,Jean Liebault,re_france,France,1535.0,botanist,europe,re_europe
13208,Q28004827,Nikolaus Apel,re_german_world,German world,1475.0,theologian,europe,re_europe
13227,Q64128,Johannes Brenz,re_german_world,German world,1499.0,theologian,europe,re_europe
13234,Q66673,Ekkehard of Aura,re_german_world,German world,1080.0,historian,europe,re_europe
13239,Q101509,Johannes Letzner,re_german_world,German world,1531.0,historian,europe,re_europe
13252,Q3345814,Noël Duret,re_france,France,1590.0,astronomer | mathematician,europe,re_europe
13255,Q445560,Pierre Belon,re_france,France,1517.0,botanist | zoologist,europe,re_europe
13259,Q826272,Bernard of Chartres,re_france,France,1080.0,theologian | philosopher,europe,re_europe
13264,Q2361645,Jacques De Bay,re_low_countries,Low countries,1531.0,theologian,europe,re_europe
13265,Q110285,Johann Affelmann,re_german_world,German world,1588.0,theologian,europe,re_europe
13268,Q561050,Laurentius Petri,re_nordic_countries,Nordic countries,1499.0,theologian,europe,re_europe
13275,Q1698182,Johannes Posselius,re_german_world,German world,1565.0,theologian,europe,re_europe
13287,Q1698171,Johannes Pollius,re_german_world,German world,1490.0,theologian,europe,re_europe
13291,Q17326030,Samuel Meiger,re_german_world,German world,1532.0,theologian,europe,re_europe
13300,Q1617229,Alfonso de Valdés,re_german_world,German world,1490.0,theologian | philosopher,europe,re_europe
13306,Q107996,Johannes Knipstro,re_german_world,German world,1497.0,theologian,europe,re_europe
13317,Q41493652,Pierre le Bibliothécaire,re_france,France,850.0,historian,europe,re_europe
13336,Q2791618,Erycius Puteanus,re_low_countries,Low countries,1574.0,linguist,europe,re_europe
13338,Q3171320,Jean Cinqarbres,re_france,France,1514.0,linguist,europe,re_europe
13352,Q3103284,Georges Pacard,re_france,France,1505.0,theologian,europe,re_europe
13356,Q2433244,Tilemann Schnabel,re_german_world,German world,1475.0,theologian,europe,re_europe
13358,Q5594681,Martin Aschaneus,re_nordic_countries,Nordic countries,1575.0,archeologist,europe,re_europe
13361,Q110847,Clemens Timpler,re_german_world,German world,1563.0,theologian | philosopher | physicist,europe,re_europe
13376,Q13554539,Guillaume Pelhisson,re_france,France,1300.0,historian,europe,re_europe
13378,Q2430532,Théodore Godefroy,re_german_world,German world,1580.0,historian,europe,re_europe
13386,Q1048065,Caspar Vopel,re_german_world,German world,1511.0,geographer | astronomer | mathematician,europe,re_europe
13391,Q6244465,Pier Winsemius,re_low_countries,Low countries,1586.0,historian,europe,re_europe
13395,Q297501,Léonin,re_france,France,1135.0,musicologist,europe,re_europe
13407,Q1503977,Georg Coelestin,re_german_world,German world,1525.0,theologian,europe,re_europe
13410,Q1505428,Georg Mylius,re_german_world,German world,1548.0,theologian,europe,re_europe
13433,Q75308992,Johann Criginger,re_german_world,German world,1564.0,theologian,europe,re_europe
13436,Q22570380,Theodorus Peltanus,re_german_world,German world,1511.0,theologian | philosopher,europe,re_europe
13437,Q1598155,Heinrich Lautensack,re_german_world,German world,1522.0,astronomer | mathematician,europe,re_europe
13438,Q66627,George Cassander,re_german_world,German world,1513.0,theologian,europe,re_europe
13468,Q6170158,Jean Bagot,re_france,France,1591.0,theologian,europe,re_europe
13477,Q726257,Guy de La Brosse,re_france,France,1586.0,botanist,europe,re_europe
13482,Q1695422,Johann Mantel,re_german_world,German world,1495.0,theologian,europe,re_europe
13487,Q499438,Andreas Martini,re_german_world,German world,1520.0,theologian,europe,re_europe
13489,Q473493,Conrad of Gelnhausen,re_german_world,German world,1325.0,theologian,europe,re_europe
13491,Q52476396,Cornelis Eversdijk,re_low_countries,Low countries,1586.0,mathematician,europe,re_europe
13498,Q1698641,Johannes Winckelmann,re_german_world,German world,1551.0,theologian,europe,re_europe
13509,Q3189610,Julien Peleus,re_france,France,1550.0,historian,europe,re_europe
13512,Q90845,Johannes Ferrarius,re_german_world,German world,1485.0,theologian | philosopher,europe,re_europe
13524,Q55585527,Johannes Brenz,re_german_world,German world,1539.0,theologian,europe,re_europe
13528,Q2302035,Pierre de Marca,re_france,France,1594.0,historian,europe,re_europe
13529,Q2458567,François Bonivard,re_france,France,1493.0,historian,europe,re_europe
13534,Q1692279,Johann Adolf Tassius,re_german_world,German world,1585.0,mathematician,europe,re_europe
13543,Q3664314,Celso Martinengo,re_france,France,1515.0,theologian,europe,re_europe
13544,Q447170,Marie Dentière,re_france,France,1495.0,theologian,europe,re_europe
13564,Q17352841,Jakob Honold,re_german_world,German world,1599.0,theologian,europe,re_europe
13583,Q5371,Theobald of Étampes,re_france,France,1080.0,theologian | philosopher,europe,re_europe
13587,Q3154744,"Isaac Habert, bishop of Vabres",re_france,France,1600.0,theologian,europe,re_europe
13589,Q5382,Wace,re_france,France,1100.0,historian,europe,re_europe
13593,Q22696177,Jean Castel,re_france,France,1425.0,historian,europe,re_europe
13601,Q1697979,Johannes Magirus,re_german_world,German world,1537.0,theologian,europe,re_europe
13610,Q458981,Berno of Reichenau,re_german_world,German world,978.0,musicologist,europe,re_europe
13626,Q17310325,Anton Otto,re_german_world,German world,1505.0,theologian,europe,re_europe
13627,Q5598401,Gregorius Borastus,re_nordic_countries,Nordic countries,1585.0,historian,europe,re_europe
13628,Q72975,Philipp Nicodemus Frischlin,re_german_world,German world,1547.0,astronomer | linguist | mathematician,europe,re_europe
13632,Q18816409,Jacob Lemp,re_german_world,German world,1460.0,theologian,europe,re_europe
13635,Q87662,Victorinus Strigel,re_german_world,German world,1524.0,theologian,europe,re_europe
13643,Q249386,Pierre Richer de Belleval,re_france,France,1558.0,botanist,europe,re_europe
13652,Q77017,Jakob Böhme,re_german_world,German world,1575.0,theologian | philosopher,europe,re_europe
13660,Q2656472,Augustin Schurff,re_german_world,German world,1495.0,physicist,europe,re_europe
13663,Q77354,Johannes Widmann,re_german_world,German world,1461.0,economist | mathematician,europe,re_europe
13669,Q19723639,Johann Bökel,re_low_countries,Low countries,1535.0,zoologist,europe,re_europe
13674,Q3047983,Edmond Richer,re_france,France,1559.0,theologian,europe,re_europe
13675,Q5607546,Johannes Chesnecopherus,re_nordic_countries,Nordic countries,1581.0,botanist,europe,re_europe
13677,Q1859294,Herman Herbers,re_low_countries,Low countries,1540.0,theologian,europe,re_europe
13681,Q2660190,Passchier de Fijne,re_low_countries,Low countries,1588.0,theologian,europe,re_europe
13682,Q1919117,Melchior Cornaeus,re_german_world,German world,1598.0,philosopher,europe,re_europe
13686,Q118351,Constantine L'Empereur van Oppyck,re_low_countries,Low countries,1591.0,theologian,europe,re_europe
13692,Q83428,Paracelsus,re_german_world,German world,1493.0,astronomer | philosopher | chemist | anatomist,europe,re_europe
13716,Q1695636,Johannes Narhamer,re_german_world,German world,1549.0,theologian,europe,re_europe
13717,Q64159,Johann Faber,re_german_world,German world,1478.0,theologian,europe,re_europe
13729,Q4313,Alain de Lille,re_france,France,1117.0,theologian | philosopher,europe,re_europe
13738,Q381305,Jean de Beaugrand,re_france,France,1584.0,mathematician,europe,re_europe
13740,Q11905518,Andreu Montserrat,re_france,France,1600.0,musicologist,europe,re_europe
13765,Q3340193,Nicolas Chesneau,re_france,France,1521.0,theologian | historian,europe,re_europe
13771,Q110708,Thomas Naogeorgus,re_german_world,German world,1508.0,theologian,europe,re_europe
13780,Q3340095,Nicolas Bergier,re_france,France,1567.0,archeologist,europe,re_europe
13785,Q1085760,Christoph Scheibler,re_german_world,German world,1589.0,theologian | philosopher,europe,re_europe
13791,Q1592626,Jean Ruel,re_france,France,1474.0,botanist,europe,re_europe
13800,Q86832,Paul Luther,re_german_world,German world,1533.0,chemist,europe,re_europe
13802,Q16006907,Adolf Arbogast,re_german_world,German world,1500.0,theologian,europe,re_europe
13806,Q1347644,Laurentius Andreae,re_nordic_countries,Nordic countries,1470.0,theologian,europe,re_europe
13807,Q104179,Jacob Kautz,re_german_world,German world,1500.0,theologian,europe,re_europe
13819,Q3119870,Guillaume Gosselin,re_france,France,1501.0,mathematician,europe,re_europe
13828,Q1901484,Marcus Friedrich Wendelin,re_german_world,German world,1584.0,theologian,europe,re_europe
13840,Q3262462,Louis Le Caron,re_france,France,1536.0,philosopher,europe,re_europe
13871,Q649025,Wandelbert,re_german_world,German world,813.0,theologian,europe,re_europe
13874,Q126738,Pierre Toussain,re_german_world,German world,1499.0,theologian,europe,re_europe
13875,Q1227013,Dionysius Melander,re_german_world,German world,1486.0,theologian,europe,re_europe
13897,Q1991458,Nikolaus Glasberger,re_german_world,German world,1500.0,historian,europe,re_europe
13932,Q15452360,Hubert Sturm,re_german_world,German world,1547.0,theologian,europe,re_europe
13939,Q1804434,Wolfgang Franz,re_german_world,German world,1564.0,theologian | historian,europe,re_europe
13948,Q110577129,Ignazio Balsamo,re_france,France,1543.0,theologian,europe,re_europe
13964,Q1346405,Heinrich Eckstorm,re_german_world,German world,1557.0,theologian,europe,re_europe
13965,Q5656,Héloïse d’Argenteuil,re_france,France,1101.0,philosopher,europe,re_europe
13980,Q863687,Albert Suho,re_german_world,German world,1394.0,theologian,europe,re_europe
13982,Q55194450,Wolfgang Weyssenburger,re_german_world,German world,1496.0,theologian | geographer | mathematician,europe,re_europe
13989,Q1383191,Petrus Aureolus,re_france,France,1280.0,theologian | philosopher,europe,re_europe
13992,Q1503121,Hans Iversen Wandal,re_nordic_countries,Nordic countries,1579.0,theologian,europe,re_europe
13994,Q55903915,Heinrich von Hövel,re_german_world,German world,1550.0,historian,europe,re_europe
14000,Q15451037,Michel Varro,re_france,France,1542.0,physicist,europe,re_europe
14001,Q116017,Conrad Dasypodius,re_france,France,1532.0,astronomer | mathematician,europe,re_europe
14007,Q60116,Conrad Gessner,re_german_world,German world,1516.0,botanist | zoologist | linguist,europe,re_europe
14018,Q1683081,Albrecht von Bonstetten,re_german_world,German world,1443.0,historian,europe,re_europe
14022,Q3175677,Jean de Rély,re_france,France,1430.0,theologian,europe,re_europe
14024,Q18093440,Johan van den Sande,re_low_countries,Low countries,1568.0,historian,europe,re_europe
14028,Q983588,Gissur Einarsson,re_nordic_countries,Nordic countries,1512.0,theologian,europe,re_europe
14032,Q98207,Johannes Grau,re_german_world,German world,1483.0,theologian,europe,re_europe
14033,Q2425712,Thomas Lansius,re_german_world,German world,1577.0,historian,europe,re_europe
14045,Q244152,Willebrord Snellius,re_low_countries,Low countries,1580.0,astronomer | physicist | mathematician,europe,re_europe
14048,Q677639,Jérôme-Hermès Bolsec,re_france,France,1501.0,theologian,europe,re_europe
14051,Q1696797,Johannes von Goch,re_low_countries,Low countries,1410.0,theologian,europe,re_europe
14054,Q54881227,Ernst Brotuff,re_german_world,German world,1497.0,historian,europe,re_europe
14076,Q16645535,Jean Mansel,re_france,France,1400.0,historian,europe,re_europe
14083,Q103192,Georg Lysthenius,re_german_world,German world,1532.0,theologian,europe,re_europe
14092,Q3311733,Anders Sørensen Vedel,re_nordic_countries,Nordic countries,1542.0,historian,europe,re_europe
14118,Q6190332,Johan Stiernhöök,re_nordic_countries,Nordic countries,1596.0,political scientist,europe,re_europe
14123,Q348832,Adam Bohorič,re_france,France,1520.0,linguist,europe,re_europe
14128,Q90848,Aegidius Hunnius,re_german_world,German world,1550.0,theologian,europe,re_europe
14132,Q1601406,Johannes Zuidlareus,re_low_countries,Low countries,1545.0,theologian,europe,re_europe
14146,Q1346861,Robert of Arbrissel,re_france,France,1047.0,theologian,europe,re_europe
14155,Q21884037,Mathias de Saint-Jean,re_france,France,1599.0,historian,europe,re_europe
14162,Q457968,Alexander of Hales,re_france,France,1185.0,theologian | philosopher,europe,re_europe
14163,Q1676401,Jacob Ludwig Beuther,re_france,France,1573.0,historian,europe,re_europe
14171,Q7026283,Nicholas Tacitus Zegers,re_low_countries,Low countries,1495.0,theologian,europe,re_europe
14173,Q91326,Georg Witzel,re_german_world,German world,1501.0,theologian,europe,re_europe
14178,Q94886138,Johann Kramer,re_german_world,German world,1530.0,anatomist,europe,re_europe
14179,Q955752,Barnabé Brisson,re_france,France,1531.0,philosopher,europe,re_europe
14194,Q3655969,Anders Bure,re_nordic_countries,Nordic countries,1571.0,geographer,europe,re_europe
14203,Q825234,Bernhard Hertzog,re_german_world,German world,1537.0,historian,europe,re_europe
14213,Q3377683,Pietro Cirneo,re_france,France,1447.0,historian,europe,re_europe
14220,Q29169588,Johannes Petreus,re_german_world,German world,1540.0,historian,europe,re_europe
14221,Q87484193,Matthieu Herbelin,re_france,France,1524.0,historian,europe,re_europe
14235,Q2854149,Antoine Legendre,re_france,France,1590.0,botanist,europe,re_europe
14239,Q1617592,Hieronymus Opitz,re_german_world,German world,1519.0,theologian,europe,re_europe
14240,Q66486,Johannes Pfefferkorn,re_german_world,German world,1469.0,theologian,europe,re_europe
14246,Q70026,Albert Krantz,re_german_world,German world,1448.0,historian,europe,re_europe
14252,Q567594,Johannes Bogerman,re_low_countries,Low countries,1576.0,theologian,europe,re_europe
14260,Q16638328,Gabriel Hummelberger,re_german_world,German world,1487.0,botanist,europe,re_europe
14267,Q931871,Franciscus Gomarus,re_low_countries,Low countries,1563.0,theologian,europe,re_europe
14273,Q17380746,Marcus Henrici Helsingius,re_nordic_countries,Nordic countries,1565.0,philosopher,europe,re_europe
14288,Q914447,Hermann Bonnus,re_german_world,German world,1504.0,theologian,europe,re_europe
14294,Q1279222,Eberhard Mesomylius,re_german_world,German world,1570.0,theologian,europe,re_europe
14295,Q1047954,Caspar Landsidelius,re_german_world,German world,1514.0,philosopher,europe,re_europe
14300,Q61631,Hieronymus Wolf,re_german_world,German world,1516.0,historian,europe,re_europe
14318,Q1334797,Emanuel Sweert,re_low_countries,Low countries,1552.0,botanist,europe,re_europe
14319,Q1161858,Daniel Mönchmeier,re_german_world,German world,1582.0,theologian,europe,re_europe
14322,Q290040,Étienne Pasquier,re_france,France,1529.0,historian,europe,re_europe
14325,Q1348062,Erasmus Ritter,re_german_world,German world,1481.0,theologian,europe,re_europe
14337,Q12735,John Amos Comenius,re_low_countries,Low countries,1592.0,theologian | linguist | philosopher,europe,re_europe
14343,Q91018,Magnus Agricola,re_german_world,German world,1556.0,theologian,europe,re_europe
14353,Q2270811,Antoine Rossignol,re_france,France,1600.0,mathematician,europe,re_europe
14355,Q554434,Jean Bolland,re_low_countries,Low countries,1596.0,theologian | historian,europe,re_europe
14361,Q3173719,Jean Nicolaï,re_france,France,1594.0,theologian,europe,re_europe
14415,Q24085,Petrus Cunaeus,re_low_countries,Low countries,1586.0,theologian | philosopher | historian,europe,re_europe
14417,Q94892259,Tobias Halaicher,re_german_world,German world,1564.0,theologian,europe,re_europe
14427,Q41556865,Johann Adolf Cypraeus,re_low_countries,Low countries,1592.0,theologian,europe,re_europe
14440,Q3020109,Anselm of Liège,re_low_countries,Low countries,1008.0,historian,europe,re_europe
14442,Q2418762,Theodoricus Block,re_german_world,German world,1460.0,theologian,europe,re_europe
14451,Q11716660,Jacobus de Clusa,re_german_world,German world,1381.0,theologian,europe,re_europe
14452,Q3171264,Jean Chartier,re_france,France,1390.0,historian,europe,re_europe
14460,Q376156,Adrianus Petit Coclico,re_nordic_countries,Nordic countries,1499.0,musicologist,europe,re_europe
14464,Q1695190,Johann Conrad Ulmer,re_german_world,German world,1519.0,theologian,europe,re_europe
14466,Q94797012,Philipp Agricola,re_german_world,German world,1527.0,theologian,europe,re_europe
14478,Q3179683,Joannes Bunderius,re_low_countries,Low countries,1482.0,theologian,europe,re_europe
14479,Q1697157,Johannes Amandus,re_german_world,German world,1470.0,theologian,europe,re_europe
14485,Q119974,Hans Conrad Gyger,re_german_world,German world,1599.0,geographer,europe,re_europe
14489,Q55225289,Redento Baranzano,re_france,France,1590.0,astronomer,europe,re_europe
14509,Q331604,Nicolas Cop,re_france,France,1501.0,theologian,europe,re_europe
14539,Q639344,Viglius,re_low_countries,Low countries,1507.0,historian,europe,re_europe
14545,Q107718310,Jacob Roecx,re_low_countries,Low countries,1480.0,theologian,europe,re_europe
14549,Q5617668,Gulielmus Bucanus,re_german_world,German world,1505.0,theologian,europe,re_europe
14560,Q531883,Gervase of Tilbury,re_france,France,1160.0,historian,europe,re_europe
14566,Q20172435,Philipp Horst,re_german_world,German world,1584.0,philosopher,europe,re_europe
14571,Q331322,Nicholas of Autrecourt,re_france,France,1299.0,theologian | philosopher,europe,re_europe
14575,Q94851998,Anton Engelbrecht,re_france,France,1485.0,theologian,europe,re_europe
14579,Q1692309,Johann Emmerich Aicholz,re_german_world,German world,1520.0,botanist,europe,re_europe
14580,Q9012115,Joanes Etxeberri,re_france,France,1580.0,theologian,europe,re_europe
14583,Q1782487,Konrad Öttinger,re_german_world,German world,1500.0,theologian,europe,re_europe
14584,Q122291,Christian Wurstisen,re_german_world,German world,1544.0,theologian | astronomer | historian | mathematician,europe,re_europe
14595,Q23565042,Andreas Ornithoparchus,re_german_world,German world,1490.0,musicologist,europe,re_europe
14599,Q809346,Bartholomaeus Elsner,re_german_world,German world,1596.0,theologian,europe,re_europe
14603,Q26254944,Wolfgang Bachmeyer,re_german_world,German world,1597.0,mathematician,europe,re_europe
14618,Q6278875,Joris Carolus,re_low_countries,Low countries,1566.0,geographer,europe,re_europe
14622,Q370512,Johannes Tinctoris,re_low_countries,Low countries,1435.0,musicologist | mathematician,europe,re_europe
14627,Q7025167,Nicholas Camusat,re_france,France,1575.0,historian,europe,re_europe
14646,Q99451,Paul Jenisch,re_german_world,German world,1551.0,theologian,europe,re_europe
14653,Q12784547,Andrej Cergol,re_german_world,German world,1595.0,philosopher | mathematician,europe,re_europe
14659,Q297435,Roscellinus,re_france,France,1050.0,theologian | philosopher,europe,re_europe
14665,Q1245193,Franciscus Sonnius,re_low_countries,Low countries,1506.0,theologian,europe,re_europe
14671,Q93538,Paul Guldin,re_german_world,German world,1577.0,astronomer | physicist | mathematician,europe,re_europe
14676,Q15840176,Peter Wertheim,re_low_countries,Low countries,1505.0,theologian,europe,re_europe
14685,Q508679,Robert de Sorbon,re_france,France,1201.0,theologian,europe,re_europe
14689,Q1956257,Bertin,re_france,France,615.0,historian,europe,re_europe
14696,Q5968944,Claus Christoffersen Lyschander,re_nordic_countries,Nordic countries,1558.0,historian,europe,re_europe
14716,Q1613275,Hermann von Neuenar,re_german_world,German world,1492.0,botanist | historian,europe,re_europe
14720,Q109365,Henning Arnisaeus,re_nordic_countries,Nordic countries,1570.0,philosopher,europe,re_europe
14723,Q4328,Alberich of Reims,re_france,France,1085.0,theologian,europe,re_europe
14724,Q1677693,Jacob van Deventer,re_german_world,German world,1505.0,geographer,europe,re_europe
14725,Q1611387,Hermann Hamelmann,re_german_world,German world,1526.0,theologian | historian,europe,re_europe
14729,Q1085045,Christoph Gundermann,re_german_world,German world,1549.0,theologian,europe,re_europe
14745,Q356572,François Vatable,re_france,France,1495.0,theologian | philosopher,europe,re_europe
14746,Q27074260,Wolfgang Meyer,re_german_world,German world,1577.0,theologian,europe,re_europe
14747,Q94916334,Nikolaus Apel,re_german_world,German world,1482.0,philosopher,europe,re_europe
14760,Q1352704,Michael of Cesena,re_german_world,German world,1270.0,theologian | philosopher,europe,re_europe
14765,Q1973226,Cornelis Grapheus,re_low_countries,Low countries,1482.0,theologian,europe,re_europe
14782,Q15437504,Nicolaus Pentz,re_german_world,German world,1450.0,theologian,europe,re_europe
14783,Q5590632,Joachim Burser,re_nordic_countries,Nordic countries,1583.0,botanist,europe,re_europe
14788,Q96643,Euricius Cordus,re_german_world,German world,1486.0,botanist,europe,re_europe
14791,Q381010,Olaus Petri,re_nordic_countries,Nordic countries,1493.0,theologian | historian,europe,re_europe
14794,Q455406,Gemma Frisius,re_low_countries,Low countries,1508.0,philosopher | physicist | astronomer | mathematician | geographer,europe,re_europe
14799,Q2569735,Wigand Gerstenberg,re_german_world,German world,1457.0,historian,europe,re_europe
14805,Q1469379,Johann Fortmann,re_german_world,German world,1576.0,theologian,europe,re_europe
14817,Q265633,Bartolomeu Velho,re_france,France,1501.0,geographer | mathematician,europe,re_europe
14829,Q10914484,Pieter Corneliszoon Hooft,re_low_countries,Low countries,1581.0,historian,europe,re_europe
14838,Q22054804,Johannes van Paesschen,re_low_countries,Low countries,1450.0,theologian,europe,re_europe
14839,Q4873446,Baudouin of Ninove,re_low_countries,Low countries,1254.0,historian,europe,re_europe
14845,Q108804,Nicolaus Listenius,re_german_world,German world,1510.0,musicologist,europe,re_europe
14851,Q639247,Rudolf of Fulda,re_german_world,German world,800.0,theologian | historian,europe,re_europe
14857,Q153981,Thomas Müntzer,re_german_world,German world,1489.0,theologian,europe,re_europe
14865,Q1991795,Nikolaus von Paris,re_france,France,1200.0,philosopher,europe,re_europe
14867,Q1345250,Petrus Kenicius,re_nordic_countries,Nordic countries,1555.0,theologian,europe,re_europe
14869,Q94926063,Andreas Weissenstein,re_german_world,German world,1565.0,theologian,europe,re_europe
14876,Q108762441,Jean François le Petit,re_france,France,1546.0,historian,europe,re_europe
14884,Q55125730,Johannes Müllner,re_german_world,German world,1565.0,historian,europe,re_europe
14895,Q94935845,Paul Sartorius,re_german_world,German world,1561.0,theologian,europe,re_europe
14897,Q6017294,Andreas Petri Normolander,re_nordic_countries,Nordic countries,1599.0,theologian,europe,re_europe
14898,Q109604,Joachim I. von Alvensleben,re_german_world,German world,1514.0,theologian,europe,re_europe
14903,Q695779,Arnold Mercator,re_german_world,German world,1537.0,geographer,europe,re_europe
14908,Q75930,Nicholas Storch,re_german_world,German world,1500.0,theologian,europe,re_europe
14912,Q1697143,Johannes Adam,re_german_world,German world,1600.0,theologian,europe,re_europe
14919,Q90416,Georg Scherer,re_german_world,German world,1539.0,theologian,europe,re_europe
14931,Q2263173,Sebastian Theodoricus,re_german_world,German world,1521.0,mathematician,europe,re_europe
14933,Q112024,John of Winterthur,re_german_world,German world,1300.0,historian,europe,re_europe
14962,Q1645992,Josua Opitz,re_german_world,German world,1542.0,theologian,europe,re_europe
14968,Q99068,Heinrich Decimator,re_german_world,German world,1555.0,theologian | astronomer | linguist,europe,re_europe
14976,Q333534,Petrus Plancius,re_low_countries,Low countries,1552.0,theologian | geographer | astronomer,europe,re_europe
14979,Q3185000,Joseph Gaultier de la Vallette,re_france,France,1564.0,astronomer,europe,re_europe
14987,Q3014490,Daniel Mögling,re_german_world,German world,1596.0,mathematician,europe,re_europe
14994,Q120198,Gerold Edlibach,re_german_world,German world,1454.0,historian,europe,re_europe
14996,Q495966,Andreas Bauer,re_german_world,German world,1590.0,theologian,europe,re_europe
14999,Q1175294,David Lipach,re_german_world,German world,1580.0,theologian,europe,re_europe
15005,Q1697320,Johann Buchstab,re_german_world,German world,1500.0,theologian,europe,re_europe
15016,Q1991806,Nikolaus von Siegen,re_german_world,German world,1450.0,historian,europe,re_europe
15039,Q67477,Johann Gerhard,re_german_world,German world,1582.0,theologian,europe,re_europe
15041,Q86981741,Antoine Parran,re_france,France,1587.0,musicologist,europe,re_europe
15046,Q187429,Claude Dupuy,re_france,France,1545.0,philosopher | historian,europe,re_europe
15058,Q1505497,Georg Nößler,re_german_world,German world,1591.0,philosopher,europe,re_europe
15061,Q1698310,Johannes Schallermann,re_german_world,German world,1373.0,theologian,europe,re_europe
15089,Q17493470,Georg Marius,re_german_world,German world,1533.0,zoologist,europe,re_europe
15094,Q267285,Berthold of Reichenau,re_german_world,German world,1030.0,historian,europe,re_europe
15102,Q94875148,Daniel Schelling,re_german_world,German world,1595.0,theologian,europe,re_europe
15109,Q16645440,Jean Chastelier,re_france,France,1552.0,theologian,europe,re_europe
15110,Q3496110,Cyprián Karásek Lvovický,re_german_world,German world,1524.0,astronomer | mathematician,europe,re_europe
15139,Q1922212,Jean-Baptiste Gramaye,re_german_world,German world,1579.0,historian,europe,re_europe
15151,Q104546,Christoph von Stadion,re_german_world,German world,1478.0,theologian,europe,re_europe
15152,Q591431,Anton Lauterbach,re_german_world,German world,1502.0,theologian,europe,re_europe
15156,Q190089,Duns Scotus,re_german_world,German world,1266.0,theologian | philosopher,europe,re_europe
15158,Q121435,Michael Vehe,re_german_world,German world,1485.0,theologian,europe,re_europe
15165,Q24067164,Michel Hospein,re_german_world,German world,1565.0,geographer,europe,re_europe
15185,Q930971,Dirk Philips,re_german_world,German world,1504.0,theologian,europe,re_europe
15188,Q4289,Guibert of Nogent,re_france,France,1055.0,theologian | historian,europe,re_europe
15189,Q99435,Bernhard Textor,re_german_world,German world,1560.0,theologian,europe,re_europe
15191,Q3120126,Guillaume Plançon,re_france,France,1505.0,theologian,europe,re_europe
15203,Q1664515,Nikolaus Elgard,re_german_world,German world,1547.0,theologian,europe,re_europe
15209,Q20242663,Zacharias Brendel der Jüngere,re_german_world,German world,1592.0,chemist,europe,re_europe
15224,Q2433241,Tilemann Platner,re_german_world,German world,1490.0,theologian,europe,re_europe
15233,Q1735051,Kaspar Gräter,re_german_world,German world,1501.0,theologian,europe,re_europe
15244,Q1894207,Marcus Jordanus,re_german_world,German world,1531.0,mathematician,europe,re_europe
15247,Q94924540,Georg Liebler,re_german_world,German world,1560.0,theologian,europe,re_europe
15250,Q330769,Abraham ben David of Posquières,re_france,France,1120.0,philosopher,europe,re_europe
15252,Q20087100,Johannes Huswirt,re_german_world,German world,1401.0,mathematician,europe,re_europe
15260,Q2902778,Guillaume du Bellay,re_france,France,1491.0,historian,europe,re_europe
15262,Q471392,Albert of Stade,re_german_world,German world,1200.0,historian,europe,re_europe
15274,Q2756217,Vital du Four,re_france,France,1260.0,philosopher,europe,re_europe
15275,Q27768244,Adriaan van Schrieck,re_low_countries,Low countries,1561.0,historian,europe,re_europe
15282,Q19610321,Adam Tratziger,re_german_world,German world,1523.0,historian,europe,re_europe
15285,Q531788,Pieter Pauw,re_low_countries,Low countries,1564.0,botanist | anatomist,europe,re_europe
15297,Q646092,Beatus Rhenanus,re_france,France,1485.0,philosopher | historian,europe,re_europe
15310,Q87504,Henricus Martellus Germanus,re_german_world,German world,1401.0,geographer,europe,re_europe
15317,Q3768321,Giovanni Valentino Gentile,re_german_world,German world,1515.0,theologian,europe,re_europe
15325,Q4926258,Frowin of Engleberg,re_german_world,German world,1150.0,historian,europe,re_europe
15331,Q993382,Gottfried de Hegghe,re_german_world,German world,1400.0,theologian,europe,re_europe
15342,Q59532492,Hieronymus Oertel,re_german_world,German world,1544.0,historian,europe,re_europe
15351,Q1709082,Reiner Bontius,re_low_countries,Low countries,1576.0,astronomer | philosopher,europe,re_europe
15353,Q17485301,Barthélémy Cabrol,re_france,France,1529.0,anatomist,europe,re_europe
15363,Q107613,Hieronymus Dungersheim,re_german_world,German world,1465.0,theologian,europe,re_europe
15369,Q7173221,Peter Ceffons,re_france,France,1320.0,theologian,europe,re_europe
15378,Q20607326,Johannes Mellinger,re_german_world,German world,1540.0,geographer,europe,re_europe
15381,Q94865603,Bartholomaeus Battus,re_german_world,German world,1515.0,philosopher,europe,re_europe
15415,Q1531576,Vincentius Schmuck,re_german_world,German world,1565.0,theologian,europe,re_europe
15417,Q785250,Petrus Comestor,re_france,France,1100.0,theologian | historian,europe,re_europe
15419,Q3086343,François de la Fare,re_france,France,1584.0,theologian,europe,re_europe
15420,Q39978,Nostradamus,re_france,France,1503.0,mathematician,europe,re_europe
15421,Q3384878,Pierre Dupuy,re_france,France,1582.0,historian,europe,re_europe
15422,Q2292954,Christian Otter,re_low_countries,Low countries,1598.0,mathematician,europe,re_europe
15433,Q1010311,Burchardus Harbart,re_german_world,German world,1546.0,theologian,europe,re_europe
15434,Q55844402,Nikolas von Burgund,re_low_countries,Low countries,1586.0,historian,europe,re_europe
15442,Q1692640,Johann Baumgart,re_german_world,German world,1514.0,theologian,europe,re_europe
15448,Q87483698,Konrad Heinfogel,re_german_world,German world,1450.0,geographer | astronomer | mathematician,europe,re_europe
15456,Q1677782,Jacques Dubois,re_france,France,1478.0,anatomist,europe,re_europe
15463,Q1596838,Heinrich Brennwald,re_german_world,German world,1478.0,historian,europe,re_europe
15467,Q1530277,Heinrich Knaust,re_german_world,German world,1520.0,theologian,europe,re_europe
15469,Q1266629,Johann Magdeburg,re_german_world,German world,1535.0,theologian,europe,re_europe
15471,Q735121,Jean Alfonse,re_france,France,1484.0,geographer,europe,re_europe
15474,Q1781921,Konrad Becker,re_german_world,German world,1505.0,theologian,europe,re_europe
15482,Q768555,Philip the Chancellor,re_france,France,1165.0,theologian | philosopher,europe,re_europe
15501,Q642571,Henri Arnaut de Zwolle,re_france,France,1400.0,astronomer | musicologist,europe,re_europe
15502,Q1696786,Johann von Fuchte,re_german_world,German world,1568.0,theologian,europe,re_europe
15525,Q106837,Saxo Grammaticus,re_nordic_countries,Nordic countries,1150.0,historian,europe,re_europe
15541,Q29438,Hervaeus Natalis,re_france,France,1260.0,theologian | philosopher,europe,re_europe
15551,Q1504231,Matthias Anomaeus,re_german_world,German world,1550.0,mathematician,europe,re_europe
15553,Q97596,Johann Lauremberg,re_nordic_countries,Nordic countries,1590.0,mathematician,europe,re_europe
15558,Q524252,Bernard Palissy,re_france,France,1510.0,geologist | physicist | chemist | geographer,europe,re_europe
15562,Q61740,Adam Ries,re_german_world,German world,1492.0,mathematician,europe,re_europe
15563,Q1307497,Heinrich Banzcow,re_german_world,German world,1480.0,theologian,europe,re_europe
15566,Q5607070,Gregory Martin,re_france,France,1540.0,linguist,europe,re_europe
15596,Q9191,René Descartes,re_nordic_countries,Nordic countries,1596.0,philosopher | physicist | musicologist | astronomer | mathematician,europe,re_europe
15608,Q267825,William of Champeaux,re_france,France,1070.0,theologian | philosopher,europe,re_europe
15610,Q97575951,Pierre Morestel,re_france,France,1575.0,philosopher,europe,re_europe
15613,Q728668,Stephen Harding,re_france,France,1059.0,theologian,europe,re_europe
15614,Q15456688,Petrus Saxonius,re_german_world,German world,1591.0,astronomer | mathematician,europe,re_europe
15616,Q50826757,Antoine Garissoles,re_france,France,1587.0,theologian,europe,re_europe
15620,Q2226120,Óláfr Þórðarson,re_nordic_countries,Nordic countries,1210.0,historian,europe,re_europe
15622,Q3263208,Louis Tralcat,re_france,France,1542.0,theologian,europe,re_europe
15632,Q94936888,Daniel Thalius,re_german_world,German world,1544.0,mathematician,europe,re_europe
15637,Q353633,Gersonides,re_france,France,1288.0,theologian | astronomer | philosopher | mathematician,europe,re_europe
15642,Q55134276,Quirinus Reuter,re_german_world,German world,1558.0,theologian,europe,re_europe
15644,Q93262324,Hubert Phalèse,re_low_countries,Low countries,1585.0,theologian,europe,re_europe
15645,Q5626,Odo of Deuil,re_france,France,1110.0,historian,europe,re_europe
15647,Q1583520,Hans Rüte,re_german_world,German world,1500.0,historian,europe,re_europe
15666,Q2324856,Lodewijk Heyligen,re_france,France,1304.0,musicologist,europe,re_europe
15675,Q1593139,Hector Mithob,re_german_world,German world,1600.0,theologian,europe,re_europe
15689,Q348393,Jacques Perret,re_france,France,1540.0,mathematician,europe,re_europe
15697,Q106336,Eleazar of Worms,re_german_world,German world,1160.0,theologian,europe,re_europe
15700,Q109213,Kaspar Eberhard,re_german_world,German world,1523.0,theologian,europe,re_europe
15701,Q100718,Nathanael Chytraeus,re_german_world,German world,1543.0,theologian | historian,europe,re_europe
15709,Q15434161,Heinrich Dittlinger,re_german_world,German world,1440.0,historian,europe,re_europe
15716,Q3010514,César de Notre-Dame,re_france,France,1553.0,historian,europe,re_europe
15728,Q703858,Ratramnus,re_france,France,800.0,theologian | philosopher,europe,re_europe
15732,Q19823053,Augustinus Hunnaeus,re_low_countries,Low countries,1521.0,theologian,europe,re_europe
15783,Q372888,Clarembald of Arras,re_france,France,1110.0,theologian | philosopher,europe,re_europe
15812,Q1679389,Jacob Varmeier,re_german_world,German world,1600.0,astronomer,europe,re_europe
15824,Q3340249,Nicolas des Gallars,re_france,France,1520.0,theologian,europe,re_europe
15825,Q63206,Otto Brunfels,re_german_world,German world,1488.0,theologian | botanist | zoologist,europe,re_europe
15845,Q1424744,Juan Díaz,re_german_world,German world,1510.0,theologian,europe,re_europe
15850,Q18129846,Joannes van Doetecum I,re_low_countries,Low countries,1530.0,geographer,europe,re_europe
15861,Q1066616,Karel de Visch,re_low_countries,Low countries,1596.0,historian,europe,re_europe
15873,Q360685,Johannes Stadius,re_france,France,1527.0,astronomer | mathematician,europe,re_europe
15885,Q20653374,Thomas Giese,re_german_world,German world,1488.0,theologian,europe,re_europe
15906,Q1086041,Christoph Vogel,re_german_world,German world,1554.0,geographer,europe,re_europe
15913,Q70053,Konrad Mutian,re_german_world,German world,1470.0,philosopher,europe,re_europe
15941,Q1695160,Johann Klopriß,re_german_world,German world,1500.0,theologian,europe,re_europe
15953,Q2141110,Reinhard Wolf,re_german_world,German world,1590.0,theologian,europe,re_europe
15957,Q77296,Paul Scriptoris,re_france,France,1462.0,theologian | mathematician,europe,re_europe
15982,Q77417,Lazarus Spengler,re_german_world,German world,1479.0,theologian,europe,re_europe
15989,Q4522009,Jacques du Chevreuil,re_france,France,1595.0,astronomer,europe,re_europe
15994,Q1697981,Johannes Major,re_german_world,German world,1564.0,theologian,europe,re_europe
15999,Q330515,Hugh of Fleury,re_france,France,1100.0,historian,europe,re_europe
16004,Q1517082,John Sarrazin,re_france,France,1200.0,theologian,europe,re_europe
16009,Q15054957,Johannes Tolhopff,re_german_world,German world,1445.0,astronomer,europe,re_europe
16025,Q1694512,Johann Heinrich Tonsor,re_german_world,German world,1595.0,theologian,europe,re_europe
16032,Q55126883,Nicolaus Tinctor,re_german_world,German world,1450.0,philosopher | logician,europe,re_europe
16040,Q122848,Theodor Zwinger the Younger,re_german_world,German world,1597.0,theologian,europe,re_europe
16044,Q3385354,Pierre Grégoire,re_france,France,1540.0,philosopher,europe,re_europe
16054,Q327583,Isaac Commelin,re_low_countries,Low countries,1598.0,historian,europe,re_europe
16059,Q1510221,Gerard de Malynes,re_low_countries,Low countries,1586.0,economist,europe,re_europe
16060,Q1677433,Jakob Beurlin,re_france,France,1520.0,theologian,europe,re_europe
16070,Q19826529,Wendelinus Steinbach,re_german_world,German world,1454.0,theologian,europe,re_europe
16071,Q1153757,Mícheál Ó Cléirigh,re_low_countries,Low countries,1590.0,historian,europe,re_europe
16080,Q928195,John Smyth,re_low_countries,Low countries,1570.0,theologian,europe,re_europe
16087,Q94836479,Petrus Zweidler,re_german_world,German world,1570.0,geographer,europe,re_europe
16090,Q1000507,Hugh of Flavigny,re_france,France,1065.0,historian,europe,re_europe
16105,Q1047984,Caspar Müller,re_german_world,German world,1504.0,historian,europe,re_europe
16109,Q1081865,Christian Schütz,re_german_world,German world,1526.0,theologian,europe,re_europe
16112,Q1428253,Johann Weiß,re_german_world,German world,1498.0,theologian,europe,re_europe
16118,Q111382,Christoph Vischer,re_german_world,German world,1518.0,theologian,europe,re_europe
16136,Q1148492,Cyriacus Gericke,re_german_world,German world,1500.0,theologian,europe,re_europe
16159,Q3340515,Nicolas Lefèvre,re_france,France,1588.0,theologian,europe,re_europe
16160,Q1518911,Peter Schott der Jüngere,re_france,France,1460.0,theologian,europe,re_europe
16163,Q77509,Daniel Schwenter,re_german_world,German world,1585.0,linguist | mathematician,europe,re_europe
16170,Q3340115,Nicolas Bonet,re_france,France,1280.0,theologian,europe,re_europe
16186,Q529302,Fulbert of Chartres,re_france,France,960.0,theologian | philosopher,europe,re_europe
16196,Q505004,Rudolph Snellius,re_low_countries,Low countries,1546.0,theologian | linguist | mathematician,europe,re_europe
16209,Q21545939,Gaspar Gevaerts,re_low_countries,Low countries,1593.0,historian,europe,re_europe
16219,Q3124396,Gerard of Abbeville,re_france,France,1225.0,theologian,europe,re_europe
16237,Q3340931,Nicholas of Gorran,re_france,France,1232.0,theologian,europe,re_europe
16243,Q1910537,Matthäus Luidke,re_german_world,German world,1517.0,theologian,europe,re_europe
16247,Q118267,Lucas Osiander the Younger,re_german_world,German world,1571.0,theologian,europe,re_europe
16251,Q999983,Gui de Melun,re_france,France,1300.0,historian,europe,re_europe
16253,Q3387491,Pierre de Cazeneuve,re_france,France,1591.0,historian,europe,re_europe
16261,Q1510759,Gerd Rinesberch,re_german_world,German world,1315.0,historian,europe,re_europe
16263,Q338876,Matthias Qualle,re_german_world,German world,1470.0,philosopher,europe,re_europe
16266,Q2874928,Aymar du Rivail,re_france,France,1491.0,historian,europe,re_europe
16268,Q471069,Bernold of Constance,re_german_world,German world,1054.0,historian,europe,re_europe
16275,Q269181,Jean d'Auton,re_france,France,1466.0,historian,europe,re_europe
16277,Q4405549,Henrik Harpestræng,re_nordic_countries,Nordic countries,1164.0,botanist,europe,re_europe
16279,Q3119815,Guillaume Du Val,re_france,France,1572.0,philosopher,europe,re_europe
16297,Q2415586,Andreas Cassius,re_german_world,German world,1600.0,chemist,europe,re_europe
16299,Q94872492,Johann Dürr,re_german_world,German world,1564.0,theologian,europe,re_europe
16303,Q770810,Valerius Andreas,re_low_countries,Low countries,1588.0,historian,europe,re_europe
16307,Q1333835,Vincenz Paravicini,re_german_world,German world,1595.0,theologian,europe,re_europe
16312,Q76095,Petrus Mosellanus,re_german_world,German world,1493.0,theologian,europe,re_europe
16322,Q77820,Ambrosius Blarer,re_german_world,German world,1492.0,theologian | philosopher,europe,re_europe
16323,Q71067,Sebald Heyden,re_german_world,German world,1499.0,musicologist,europe,re_europe
16324,Q23062492,Gerhard Winter,re_german_world,German world,1589.0,theologian,europe,re_europe
16325,Q3300480,Maurice Bressieu,re_france,France,1546.0,mathematician,europe,re_europe
16326,Q1344154,Michael Hummelberger,re_german_world,German world,1487.0,theologian,europe,re_europe
16327,Q6118628,Jacob Floris van Langren,re_low_countries,Low countries,1525.0,geographer,europe,re_europe
16332,Q110294,Jan Pieterszoon Sweelinck,re_low_countries,Low countries,1562.0,musicologist,europe,re_europe
16346,Q102597,Albert Curtz,re_german_world,German world,1600.0,astronomer,europe,re_europe
16348,Q55193152,Stephan Isaak,re_german_world,German world,1542.0,theologian,europe,re_europe
16353,Q2064215,Paul Götze,re_german_world,German world,1570.0,historian,europe,re_europe
16357,Q2262948,Sebastian Meyer,re_france,France,1465.0,theologian,europe,re_europe
16363,Q6318594,Justus Velsius,re_low_countries,Low countries,1510.0,theologian | mathematician,europe,re_europe
16364,Q1597403,Heinrich Grimm,re_german_world,German world,1593.0,musicologist,europe,re_europe
16366,Q453933,Angelo Sala,re_german_world,German world,1576.0,chemist,europe,re_europe
16370,Q15783328,Andreas Magerius,re_france,France,1500.0,theologian,europe,re_europe
16371,Q1697476,Johannes Fabricius Montanus,re_german_world,German world,1527.0,theologian,europe,re_europe
16383,Q2438035,Tobias Volkmer,re_german_world,German world,1586.0,mathematician,europe,re_europe
16384,Q3219128,Laurent Chiflet,re_low_countries,Low countries,1598.0,theologian,europe,re_europe
16389,Q15430818,Reinhold Franckenberger,re_german_world,German world,1585.0,historian,europe,re_europe
16420,Q15457901,Jean Sarrasin,re_france,France,1300.0,historian,europe,re_europe
16421,Q3340517,Nicolas Lefèvre,re_france,France,1544.0,historian,europe,re_europe
16442,Q66853,Manegold of Lautenbach,re_german_world,German world,1030.0,theologian | philosopher,europe,re_europe
16444,Q1386187,Jean Lemaire de Belges,re_france,France,1473.0,historian,europe,re_europe
16450,Q926814,Hendrik Hondius I,re_low_countries,Low countries,1573.0,geographer,europe,re_europe
16464,Q498778,Andreas Kinderling,re_german_world,German world,1593.0,physicist,europe,re_europe
16479,Q1693531,Johann Friedrich Coelestin,re_german_world,German world,1535.0,theologian,europe,re_europe
16480,Q1598462,Heinrich Papenburger,re_german_world,German world,1558.0,theologian,europe,re_europe
16484,Q60625,Conrad Celtes,re_german_world,German world,1459.0,philosopher | historian | mathematician,europe,re_europe
16487,Q3107394,Thomas Sébillet,re_france,France,1512.0,linguist,europe,re_europe
16488,Q127000,Theodosius Fabricius,re_german_world,German world,1560.0,theologian,europe,re_europe
16493,Q526145,Pierre Victor Palma Cayet,re_france,France,1525.0,theologian | historian,europe,re_europe
16503,Q3132335,Henri de Monantheuil,re_france,France,1536.0,mathematician,europe,re_europe
16507,Q315437,Antonius Corvinus,re_german_world,German world,1501.0,theologian,europe,re_europe
16508,Q94882062,Theophilus Golius,re_france,France,1561.0,philosopher,europe,re_europe
16512,Q23656544,Antoine Sirmond,re_france,France,1591.0,theologian,europe,re_europe
16514,Q1694790,Johannes Isenmann,re_german_world,German world,1495.0,theologian,europe,re_europe
16517,Q122114,Stefan Gabriel,re_german_world,German world,1570.0,theologian,europe,re_europe
16523,Q5461814,Florimond de Raemond,re_france,France,1540.0,historian,europe,re_europe
16531,Q331216,Stephanus Pighius,re_german_world,German world,1520.0,historian,europe,re_europe
16533,Q94910370,Jakob Merstetter,re_german_world,German world,1460.0,theologian,europe,re_europe
16545,Q18616687,Bernhard Werenberg,re_german_world,German world,1577.0,philosopher,europe,re_europe
16548,Q252918,Aegidius Faber,re_german_world,German world,1490.0,theologian,europe,re_europe
16551,Q354813,Notker the Stammerer,re_german_world,German world,840.0,musicologist | historian,europe,re_europe
16554,Q2572272,Coddaeus,re_low_countries,Low countries,1575.0,theologian,europe,re_europe
16559,Q6170357,Jean Capréolus,re_france,France,1380.0,theologian,europe,re_europe
16567,Q72906,Martin Crusius,re_german_world,German world,1526.0,historian,europe,re_europe
16571,Q19514114,Pierre Eskrich,re_france,France,1530.0,geographer,europe,re_europe
16572,Q107474,Timotheus Kirchner,re_german_world,German world,1533.0,theologian,europe,re_europe
16573,Q18644595,Matija Klimka,re_german_world,German world,1594.0,theologian,europe,re_europe
16574,Q37577,John Calvin,re_france,France,1509.0,theologian,europe,re_europe
16586,Q23771109,Jacques Bouton,re_france,France,1592.0,philosopher,europe,re_europe
16600,Q15991980,Johannes Mahusius,re_low_countries,Low countries,1507.0,theologian,europe,re_europe
16605,Q473002,Hendrik Herp,re_low_countries,Low countries,1400.0,theologian,europe,re_europe
16606,Q2942125,Catherine de Parthenay,re_france,France,1554.0,mathematician,europe,re_europe
16617,Q3175804,Jean de Chastelet,re_france,France,1578.0,geologist,europe,re_europe
16619,Q605328,Claudius Salmasius,re_low_countries,Low countries,1588.0,theologian,europe,re_europe
16621,Q3807718,Jean de Hesdin,re_france,France,1320.0,theologian,europe,re_europe
16627,Q2977973,Claude Pithoys,re_france,France,1587.0,philosopher,europe,re_europe
16630,Q324696,Gallus Dressler,re_german_world,German world,1533.0,musicologist,europe,re_europe
16632,Q1782286,Konrad Sam,re_german_world,German world,1483.0,theologian,europe,re_europe
16647,Q24718493,Andreas Albrecht,re_german_world,German world,1586.0,mathematician,europe,re_europe
16666,Q2002765,Meinardus Schotanus,re_low_countries,Low countries,1593.0,theologian,europe,re_europe
16686,Q1696138,Johann Schnabel,re_german_world,German world,1500.0,theologian,europe,re_europe
16697,Q16526941,André de Meester,re_low_countries,Low countries,1505.0,theologian | historian,europe,re_europe
16699,Q16513462,Samuel Heiland,re_german_world,German world,1533.0,theologian,europe,re_europe
16700,Q776954,Christophe Richer,re_france,France,1513.0,historian,europe,re_europe
16703,Q3340849,Nicolas Vignier,re_france,France,1530.0,theologian | historian,europe,re_europe
16706,Q55127594,Sebastian Haydlauf,re_german_world,German world,1539.0,theologian,europe,re_europe
16707,Q553128,Giulio Cesare Vanini,re_france,France,1585.0,philosopher | anatomist,europe,re_europe
16708,Q96244489,Hieronymus Brillinger,re_german_world,German world,1469.0,theologian,europe,re_europe
16711,Q872290,Engelbert of Admont,re_german_world,German world,1250.0,musicologist,europe,re_europe
16723,Q62752,Georg Calixtus,re_german_world,German world,1586.0,theologian,europe,re_europe
16738,Q2183113,Johann Moriaen,re_low_countries,Low countries,1591.0,chemist,europe,re_europe
16756,Q1690602,Joachim Zehner,re_german_world,German world,1566.0,theologian | philosopher,europe,re_europe
16764,Q61481173,Bartholomaeus Peeters,re_france,France,1546.0,theologian,europe,re_europe
16766,Q14632953,Johannes Smetius,re_low_countries,Low countries,1590.0,theologian | archeologist | historian,europe,re_europe
16769,Q1698569,Johannes Wanckel,re_german_world,German world,1554.0,historian,europe,re_europe
16770,Q106186,Hermann von Kerssenbroch,re_german_world,German world,1519.0,historian,europe,re_europe
16771,Q75975,Achilles Gasser,re_german_world,German world,1505.0,historian,europe,re_europe
16772,Q1611259,Johannes Salat,re_german_world,German world,1498.0,historian,europe,re_europe
16780,Q25267466,Lubert Hautscilt,re_low_countries,Low countries,1347.0,mathematician,europe,re_europe
16782,Q7090119,Omer Talon,re_france,France,1510.0,philosopher,europe,re_europe
16785,Q23815214,Joseph Gibalin,re_france,France,1592.0,theologian,europe,re_europe
16791,Q1991551,Nicolaus Kempf,re_german_world,German world,1415.0,theologian,europe,re_europe
16796,Q93394,Isaac Massa,re_low_countries,Low countries,1586.0,geographer | historian,europe,re_europe
16800,Q1047897,Caspar Hackrodt,re_german_world,German world,1600.0,theologian,europe,re_europe
16809,Q95281,Gregor Brück,re_german_world,German world,1485.0,theologian,europe,re_europe
16811,Q1223914,Dietrich Loher,re_german_world,German world,1495.0,theologian,europe,re_europe
16814,Q1441170,Francesco Pellos,re_france,France,1450.0,mathematician,europe,re_europe
16817,Q2262616,Sebastian Boetius,re_german_world,German world,1515.0,theologian,europe,re_europe
16818,Q1371865,Conrad Summenhart,re_german_world,German world,1455.0,theologian,europe,re_europe
16822,Q15444401,Daniel Stahl,re_german_world,German world,1589.0,philosopher,europe,re_europe
16826,Q15438269,Johann Cellarius,re_german_world,German world,1496.0,theologian,europe,re_europe
16827,Q9012406,"John Bourchier, 2nd Baron Berners",re_france,France,1467.0,linguist,europe,re_europe
16831,Q356298,Orderic Vitalis,re_france,France,1075.0,historian,europe,re_europe
16834,Q219010,Christiern Pedersen,re_nordic_countries,Nordic countries,1480.0,theologian,europe,re_europe
16854,Q109090,Heinrich Brucæus,re_german_world,German world,1530.0,astronomer | philosopher | mathematician,europe,re_europe
16857,Q67958,Peter Binsfeld,re_german_world,German world,1545.0,theologian,europe,re_europe
16859,Q6321467,Jørgen Dybvad,re_nordic_countries,Nordic countries,1545.0,theologian | mathematician,europe,re_europe
16864,Q6069342,Everhard van Reyd,re_low_countries,Low countries,1550.0,historian,europe,re_europe
16870,Q819901,Ebbo,re_german_world,German world,778.0,theologian,europe,re_europe
16896,Q64141364,Luis de la Cadena,re_france,France,1500.0,theologian,europe,re_europe
16901,Q116008,Josias Simmler,re_german_world,German world,1530.0,theologian | historian,europe,re_europe
16904,Q2004448,Simon Episcopius,re_low_countries,Low countries,1583.0,theologian,europe,re_europe
16905,Q378025,Blaise de Montluc,re_france,France,1502.0,historian,europe,re_europe
16906,Q71592,Joseph Furttenbach,re_german_world,German world,1591.0,mathematician,europe,re_europe
16911,Q1598684,Heinrich Salmuth,re_german_world,German world,1522.0,theologian,europe,re_europe
16921,Q745030,Peter of Vaux de Cernay,re_france,France,1182.0,historian,europe,re_europe
16928,Q497713,Claude Goudimel,re_france,France,1505.0,musicologist,europe,re_europe
16930,Q1231596,Peter Cantor,re_france,France,1101.0,theologian,europe,re_europe
16934,Q3050941,Elias de l'Estrange,re_france,France,1350.0,theologian,europe,re_europe
16940,Q1348087,Erasmus Stella,re_german_world,German world,1460.0,historian,europe,re_europe
16941,Q134009,Franciscus Titelmans,re_low_countries,Low countries,1502.0,theologian | philosopher,europe,re_europe
16949,Q110908,Johann Heinrich Meibom,re_german_world,German world,1590.0,historian,europe,re_europe
16951,Q1271577,Jakob Bergemann,re_german_world,German world,1527.0,philosopher | mathematician,europe,re_europe
16958,Q85193423,Agnus-Bénigne Sanrey,re_france,France,1589.0,theologian,europe,re_europe
16977,Q1872061,Louis de Berquin,re_france,France,1490.0,theologian | linguist,europe,re_europe
16984,Q12025732,Joachim Mencelius,re_german_world,German world,1586.0,theologian,europe,re_europe
16988,Q20980023,Ordo Stenmel,re_german_world,German world,1470.0,theologian,europe,re_europe
16989,Q617670,Jacques Almain,re_france,France,1480.0,theologian,europe,re_europe
16997,Q2542932,Johannes Wtenbogaert,re_low_countries,Low countries,1557.0,theologian,europe,re_europe
16998,Q1695950,Johann Rasch,re_german_world,German world,1540.0,historian,europe,re_europe
17005,Q26838306,Egloff Etterlin,re_german_world,German world,1401.0,economist,europe,re_europe
17011,Q65356,Sethus Calvisius,re_german_world,German world,1556.0,musicologist | astronomer | mathematician,europe,re_europe
17016,Q1222132,Radulphus Brito,re_france,France,1270.0,philosopher,europe,re_europe
17019,Q1527009,Albert von Bardewik,re_german_world,German world,1300.0,historian,europe,re_europe
17038,Q496393,Andreas Brunner,re_german_world,German world,1589.0,historian,europe,re_europe
17049,Q318580,Pierre d'Ailly,re_france,France,1350.0,theologian | geographer | astronomer | philosopher,europe,re_europe
17058,Q55127714,Wolfgang Seidl,re_german_world,German world,1491.0,theologian,europe,re_europe
17066,Q23926448,Louis Chardon,re_france,France,1595.0,theologian,europe,re_europe
17071,Q1224020,Dietrich Schnepff,re_german_world,German world,1525.0,theologian,europe,re_europe
17074,Q58317058,Wolfgang Jobst,re_german_world,German world,1521.0,historian | physicist,europe,re_europe
17077,Q983291,Oronce Finé,re_france,France,1494.0,geographer | astronomer | mathematician,europe,re_europe
17083,Q6170838,Jean Hessels,re_low_countries,Low countries,1522.0,theologian,europe,re_europe
17087,Q722999,Erhard Reuwich,re_german_world,German world,1445.0,geographer,europe,re_europe
17089,Q477281,Amplonius Ratinck de Berka,re_german_world,German world,1363.0,theologian,europe,re_europe
17092,Q2162075,Pierre Hérigone,re_france,France,1580.0,astronomer | mathematician,europe,re_europe
17104,Q3340131,Nicolas Bousmard,re_france,France,1512.0,theologian,europe,re_europe
17114,Q731365,Valerianus Magnus,re_german_world,German world,1586.0,philosopher,europe,re_europe
17115,Q1697302,Johannes Bremer,re_german_world,German world,1400.0,theologian,europe,re_europe
17144,Q3384616,Pierre Daniel,re_france,France,1531.0,linguist,europe,re_europe
17157,Q3101332,Georg Stengel,re_german_world,German world,1584.0,theologian | philosopher,europe,re_europe
17163,Q67132,Caspar Creuziger,re_german_world,German world,1504.0,theologian | linguist,europe,re_europe
17180,Q1272611,Hermann von Hagen,re_german_world,German world,1600.0,theologian,europe,re_europe
17185,Q63859268,Jakob Beyrlin,re_german_world,German world,1576.0,historian,europe,re_europe
17197,Q4212474,Angelo Canini,re_france,France,1521.0,linguist,europe,re_europe
17209,Q40653172,Leonhard Schwartzenbach,re_german_world,German world,1500.0,historian,europe,re_europe
17215,Q94877876,Ulrich Koch,re_german_world,German world,1525.0,theologian,europe,re_europe
17216,Q576234,Gilbert Cousin,re_france,France,1506.0,theologian,europe,re_europe
17219,Q1307898,Matthias Oeder,re_german_world,German world,1600.0,geographer,europe,re_europe
17225,Q1433369,Johannes Garcaeus,re_german_world,German world,1530.0,theologian,europe,re_europe
17233,Q55126824,Johann Rudolf Stucki,re_german_world,German world,1596.0,theologian,europe,re_europe
17251,Q1312882,Paul von Eitzen,re_german_world,German world,1521.0,theologian,europe,re_europe
17262,Q2748358,Achille Harlay de Sancy,re_france,France,1581.0,linguist,europe,re_europe
17264,Q44053,Pierre Desceliers,re_france,France,1487.0,geographer,europe,re_europe
17274,Q112076807,Christian Wolmann,re_german_world,German world,1500.0,theologian,europe,re_europe
17275,Q122079,Johannes Comander,re_german_world,German world,1484.0,theologian,europe,re_europe
17310,Q139478,Zacharias Gartz,re_german_world,German world,1544.0,historian,europe,re_europe
17312,Q1079822,Christian Gerson,re_german_world,German world,1567.0,theologian,europe,re_europe
17318,Q1160358,Daniel Colonius,re_low_countries,Low countries,1566.0,theologian,europe,re_europe
17324,Q934879,Hermann Busenbaum,re_german_world,German world,1600.0,theologian,europe,re_europe
17327,Q22248281,Paul Contant,re_france,France,1562.0,botanist,europe,re_europe
17352,Q77962,Jacob Milich,re_german_world,German world,1501.0,astronomer | mathematician,europe,re_europe
17358,Q25070,Henry of Latvia,re_german_world,German world,1187.0,philosopher | historian,europe,re_europe
17366,Q931359,Jean-Baptiste Morin,re_france,France,1583.0,astronomer | mathematician,europe,re_europe
17369,Q2300631,Adriaen Anthonisz,re_low_countries,Low countries,1541.0,mathematician,europe,re_europe
17375,Q62511230,Ferdinand Arsenius,re_low_countries,Low countries,1550.0,geographer,europe,re_europe
17379,Q51780260,Gielis de Leeuw,re_low_countries,Low countries,1475.0,theologian,europe,re_europe
17381,Q2387904,Jelle Hotses,re_low_countries,Low countries,1525.0,theologian,europe,re_europe
17394,Q20817372,Heino Lambeck,re_german_world,German world,1586.0,mathematician,europe,re_europe
17395,Q14906405,Eberhard Berckhusen,re_german_world,German world,1525.0,historian,europe,re_europe
17434,Q220976,Thomas à Kempis,re_low_countries,Low countries,1380.0,theologian | philosopher,europe,re_europe
17447,Q3524892,Thomas Basin,re_low_countries,Low countries,1412.0,historian,europe,re_europe
17448,Q5746904,Jørgen Fuiren,re_nordic_countries,Nordic countries,1581.0,botanist,europe,re_europe
17465,Q3481799,Holger Rosenkrantz,re_nordic_countries,Nordic countries,1574.0,theologian,europe,re_europe
17468,Q55891447,Christoph Luthard,re_german_world,German world,1590.0,theologian,europe,re_europe
17476,Q111210803,Noël de Fribois,re_france,France,1400.0,historian,europe,re_europe
17477,Q21553459,Pontus Payen,re_france,France,1550.0,historian,europe,re_europe
17491,Q1692305,Johann Agricola,re_german_world,German world,1530.0,theologian,europe,re_europe
17502,Q561251,Vergilius of Salzburg,re_german_world,German world,700.0,astronomer | mathematician,europe,re_europe
17522,Q22987843,Arnold Florent Van Langren,re_low_countries,Low countries,1580.0,geographer,europe,re_europe
17526,Q15803788,Conrad Cellarius,re_german_world,German world,1574.0,theologian,europe,re_europe
17529,Q998390,Erasmus Neustetter,re_german_world,German world,1523.0,theologian,europe,re_europe
17541,Q1442324,Franciscus Omichius,re_german_world,German world,1530.0,theologian,europe,re_europe
17543,Q116098,Joachim Vadian,re_german_world,German world,1484.0,theologian | historian,europe,re_europe
17550,Q18236983,Aarhusius,re_nordic_countries,Nordic countries,1532.0,theologian,europe,re_europe
17570,Q1661383,Martin Schalling the Elder,re_france,France,1490.0,theologian,europe,re_europe
17571,Q611673,Peder Claussøn Friis,re_nordic_countries,Nordic countries,1545.0,historian,europe,re_europe
17579,Q1447018,Franz Guillimann,re_german_world,German world,1570.0,historian,europe,re_europe
17581,Q105748,Theodor Fabricius,re_german_world,German world,1501.0,theologian,europe,re_europe
17586,Q20666492,Cornelius De Corte,re_low_countries,Low countries,1590.0,historian,europe,re_europe
17592,Q181181,Pieter Bast,re_low_countries,Low countries,1550.0,geographer,europe,re_europe
17597,Q1506630,Georg von Mascow,re_german_world,German world,1584.0,theologian,europe,re_europe
17609,Q330591,Abraham Scultetus,re_german_world,German world,1566.0,theologian,europe,re_europe
17615,Q4356643,Jacob Lorhard,re_german_world,German world,1561.0,philosopher,europe,re_europe
17617,Q92171,Johannes Lecküchner,re_german_world,German world,1400.0,theologian,europe,re_europe
17621,Q55876113,Nicolas Du Sault,re_france,France,1600.0,philosopher,europe,re_europe
17632,Q67841,Gregory of Tours,re_france,France,538.0,historian,europe,re_europe
17633,Q107482752,Matthaeus Galenus,re_france,France,1528.0,theologian,europe,re_europe
17639,Q1581921,Hans Rebmann,re_german_world,German world,1499.0,theologian,europe,re_europe
17641,Q3939980,Rodolfo Ospiniano,re_german_world,German world,1547.0,theologian,europe,re_europe
17643,Q3167922,Jean-Maximilien de Langle,re_france,France,1590.0,theologian,europe,re_europe
17644,Q3084614,François Feuardent,re_france,France,1539.0,theologian,europe,re_europe
17646,Q481456,Heinrich Faber,re_german_world,German world,1490.0,musicologist,europe,re_europe
17654,Q70830,Friedrich Dedekind,re_german_world,German world,1525.0,theologian,europe,re_europe
17659,Q730427,Marin Cureau de la Chambre,re_france,France,1594.0,philosopher,europe,re_europe
17666,Q3484471,Simon Vigor,re_france,France,1515.0,theologian,europe,re_europe
17667,Q61659167,Claude-Étienne Nouvellet,re_france,France,1545.0,theologian,europe,re_europe
17670,Q2848543,André Rivet,re_low_countries,Low countries,1572.0,theologian,europe,re_europe
17681,Q1693392,Johann Esich,re_german_world,German world,1557.0,theologian,europe,re_europe
17687,Q311528,Adam of Fulda,re_german_world,German world,1445.0,musicologist,europe,re_europe
17690,Q1613148,Hermann Zoestius,re_german_world,German world,1350.0,mathematician,europe,re_europe
17693,Q17322595,Johannes Clüver,re_german_world,German world,1593.0,theologian,europe,re_europe
17703,Q328747,Jean de Joinville,re_france,France,1224.0,historian,europe,re_europe
17704,Q3086033,François Véron,re_france,France,1575.0,theologian,europe,re_europe
17741,Q20031282,Statius Buscher,re_german_world,German world,1584.0,theologian,europe,re_europe
17746,Q434356,Manuel Chrysoloras,re_german_world,German world,1355.0,philosopher,europe,re_europe
17761,Q75188931,Georg Reeb,re_german_world,German world,1594.0,theologian | philosopher,europe,re_europe
17766,Q26978757,Johann Buslidius,re_german_world,German world,1554.0,philosopher,europe,re_europe
17785,Q206275,Pérotin,re_france,France,1160.0,musicologist,europe,re_europe
17789,Q1919161,Melchior Miritz,re_german_world,German world,1500.0,theologian,europe,re_europe
17808,Q90081,Christoph Brouwer,re_german_world,German world,1559.0,historian,europe,re_europe
17810,Q2059497,Paulus Fabricius,re_german_world,German world,1529.0,geographer | astronomer | mathematician,europe,re_europe
17813,Q7342931,Robert Ciboule,re_france,France,1403.0,theologian,europe,re_europe
17838,Q1285841,Guillaume Le Vasseur de Beauplan,re_france,France,1595.0,geographer,europe,re_europe
17844,Q1504689,Georg Helwich,re_german_world,German world,1588.0,historian,europe,re_europe
17857,Q51076470,Jodocus Eichmann,re_german_world,German world,1420.0,theologian,europe,re_europe
17871,Q96476,Andreas Stöberl,re_german_world,German world,1465.0,astronomer | mathematician,europe,re_europe
17887,Q3311138,Michel d'Arande,re_low_countries,Low countries,1450.0,theologian,europe,re_europe
17889,Q44624,Peter Canisius,re_german_world,German world,1521.0,theologian,europe,re_europe
17897,Q735426,Godefroy Wendelin,re_low_countries,Low countries,1580.0,astronomer,europe,re_europe
17908,Q96077,Leunclavius,re_german_world,German world,1533.0,historian,europe,re_europe
17921,Q994404,Johann Trygophorus,re_german_world,German world,1580.0,historian,europe,re_europe
17930,Q1986640,Nicolas Marchant,re_france,France,1600.0,botanist,europe,re_europe
17934,Q1735053,Caspar Heiderich,re_german_world,German world,1510.0,theologian,europe,re_europe
17946,Q1472257,Martin Merz,re_german_world,German world,1425.0,mathematician,europe,re_europe
17960,Q1331502,Ernestus Hettenbach,re_german_world,German world,1552.0,physicist,europe,re_europe
17976,Q65468,David Chytraeus,re_german_world,German world,1531.0,theologian | historian,europe,re_europe
17980,Q3086024,François Vinchant,re_low_countries,Low countries,1580.0,historian,europe,re_europe
17981,Q152817,Gérard Desargues,re_france,France,1591.0,mathematician,europe,re_europe
17984,Q88181733,Johann Stier,re_german_world,German world,1599.0,theologian,europe,re_europe
17985,Q111912,Salomon Schweigger,re_german_world,German world,1551.0,theologian,europe,re_europe
17990,Q2061272,Paulus Merula,re_german_world,German world,1558.0,geographer | historian,europe,re_europe
18010,Q3170686,Jean Belmain,re_france,France,1546.0,theologian,europe,re_europe
18031,Q63121893,Michael Gothard Christalnick,re_german_world,German world,1530.0,historian,europe,re_europe
18035,Q71431,Johan Picardt,re_low_countries,Low countries,1600.0,archeologist | historian,europe,re_europe
18042,Q2041970,Outgert Cluyt,re_low_countries,Low countries,1578.0,botanist | zoologist,europe,re_europe
18052,Q71261,Joachim Camerarius the Younger,re_german_world,German world,1534.0,botanist | zoologist,europe,re_europe
18061,Q741596,Jean Le Bel,re_low_countries,Low countries,1290.0,historian,europe,re_europe
18065,Q68441,Rumold Mercator,re_german_world,German world,1545.0,geographer,europe,re_europe
18066,Q593930,Anton Schultze,re_german_world,German world,1560.0,mathematician,europe,re_europe
18076,Q68675,Martin Zeiler,re_german_world,German world,1589.0,geographer,europe,re_europe
18084,Q722296,William of Jumièges,re_france,France,1000.0,historian,europe,re_europe
18109,Q2087735,Philippe Sergeant,re_france,France,1600.0,botanist,europe,re_europe
18110,Q1617588,Hieronymus Nopp,re_german_world,German world,1450.0,theologian,europe,re_europe
18125,Q1605482,Henning Hagen,re_german_world,German world,1440.0,historian,europe,re_europe
18128,Q2078748,Peter Ulner,re_german_world,German world,1523.0,theologian,europe,re_europe
18131,Q367638,Metius,re_low_countries,Low countries,1571.0,astronomer | mathematician,europe,re_europe
18136,Q707637,Henry of Ghent,re_low_countries,Low countries,1217.0,philosopher,europe,re_europe
18139,Q94918736,Martin Wagner,re_german_world,German world,1589.0,theologian,europe,re_europe
18140,Q1544379,Peter Tuckermann,re_german_world,German world,1580.0,theologian,europe,re_europe
18142,Q72369,Johann Faulhaber,re_german_world,German world,1580.0,mathematician,europe,re_europe
18165,Q3587776,Élie Vinet,re_france,France,1509.0,archeologist | philosopher | historian,europe,re_europe
18179,Q76325,Philipp Melanchthon,re_german_world,German world,1497.0,theologian | astronomer | philosopher,europe,re_europe
18183,Q92448,Martin Rutilius,re_german_world,German world,1550.0,theologian,europe,re_europe
18192,Q3295688,Martin de Barcos,re_france,France,1600.0,theologian,europe,re_europe
18194,Q501214,Andreas Wesling,re_german_world,German world,1500.0,theologian,europe,re_europe
18196,Q97120023,Marc Mastelyn,re_low_countries,Low countries,1599.0,theologian,europe,re_europe
18197,Q502162,Nicolas Sanson,re_france,France,1600.0,geographer | historian,europe,re_europe
18200,Q2459003,Cornelis Pijnacker,re_low_countries,Low countries,1570.0,geographer,europe,re_europe
18204,Q966829,Charles de Sainte-Marthe,re_france,France,1512.0,theologian | philosopher,europe,re_europe
18209,Q58435905,Nicolaus Roding,re_german_world,German world,1519.0,theologian,europe,re_europe
18210,Q1697833,Johannes Keuchenthal,re_german_world,German world,1522.0,theologian,europe,re_europe
18221,Q15821313,Johann Ketzmann,re_german_world,German world,1487.0,theologian,europe,re_europe
18230,Q359148,Joachim Burmeister,re_german_world,German world,1564.0,musicologist,europe,re_europe
18235,Q549426,Libert Froidmont,re_low_countries,Low countries,1587.0,theologian | astronomer | philosopher | mathematician,europe,re_europe
18240,Q123450,Johannes Oecolampadius,re_german_world,German world,1482.0,theologian,europe,re_europe
18251,Q2841391,Amaury Bouchard,re_france,France,1490.0,philosopher,europe,re_europe
18259,Q3170906,Jean Boulenger,re_france,France,1550.0,mathematician,europe,re_europe
18286,Q1296826,Jacob Loss,re_german_world,German world,1596.0,theologian,europe,re_europe
18296,Q2476881,Ulrich Wagner,re_german_world,German world,1500.0,mathematician,europe,re_europe
18297,Q1350166,Jakob Funckelin,re_german_world,German world,1520.0,theologian,europe,re_europe
18302,Q10349015,Petrus Mulerius,re_low_countries,Low countries,1599.0,botanist | physicist,europe,re_europe
18307,Q5241449,David ben Abraham ha-Laban,re_france,France,1201.0,philosopher,europe,re_europe
18308,Q94850984,Melchior Cramer,re_german_world,German world,1599.0,theologian,europe,re_europe
18310,Q94888432,Wilhelm Zimmermann,re_german_world,German world,1542.0,theologian,europe,re_europe
18327,Q1368349,Johann Vogel,re_german_world,German world,1589.0,theologian,europe,re_europe
18334,Q2064229,Paulus Klautendorffer,re_german_world,German world,1600.0,theologian,europe,re_europe
18335,Q981494,John of Wales,re_france,France,1300.0,theologian | philosopher,europe,re_europe
18342,Q3179513,Joachim de Coignac,re_france,France,1520.0,theologian,europe,re_europe
18343,Q21544065,Christoph Coler,re_german_world,German world,1570.0,historian,europe,re_europe
18355,Q3174233,Jean Raulin,re_france,France,1443.0,theologian,europe,re_europe
18368,Q1368362,Wolfgang Capito,re_france,France,1478.0,theologian,europe,re_europe
18369,Q207717,Guillaume Dufay,re_france,France,1397.0,musicologist,europe,re_europe
18373,Q13103316,Johannes Enen,re_german_world,German world,1483.0,historian,europe,re_europe
18378,Q3351002,Olivier Enguerrand,re_france,France,1505.0,theologian,europe,re_europe
18379,Q1991797,Nikolaus von Prüm,re_german_world,German world,1395.0,theologian,europe,re_europe
18387,Q104633,Johann Thal,re_german_world,German world,1542.0,botanist,europe,re_europe
18394,Q98048,Ulrich Krafft,re_german_world,German world,1455.0,theologian,europe,re_europe
18397,Q15433745,Stephan Roth,re_german_world,German world,1492.0,theologian,europe,re_europe
18405,Q93844540,Christoph Meurer,re_german_world,German world,1558.0,mathematician,europe,re_europe
18421,Q562428,Rodrigo Jiménez de Rada,re_france,France,1170.0,historian,europe,re_europe
18428,Q27877140,Arnoldus Vesaliensis,re_german_world,German world,1484.0,theologian,europe,re_europe
18431,Q95557,Johann Pistorius the Elder,re_german_world,German world,1504.0,theologian,europe,re_europe
18434,Q58461372,Johannes Kreutzer,re_german_world,German world,1424.0,theologian,europe,re_europe
18435,Q56025778,Winandus de Stega,re_german_world,German world,1371.0,theologian,europe,re_europe
18443,Q5198,Walter of Châtillon,re_france,France,1135.0,theologian,europe,re_europe
18450,Q454603,Jodocus Hondius,re_low_countries,Low countries,1563.0,geographer | astronomer,europe,re_europe
18456,Q2567495,Wichmann Kruse,re_german_world,German world,1464.0,theologian,europe,re_europe
18457,Q65334,Nicholas Remy,re_france,France,1530.0,historian,europe,re_europe
18458,Q706203,Philipp Nicolai,re_german_world,German world,1556.0,theologian,europe,re_europe
18460,Q712537,Gunther of Pairis,re_german_world,German world,1150.0,historian,europe,re_europe
18463,Q3876422,Nicolas Colladon,re_german_world,German world,1530.0,theologian,europe,re_europe
18466,Q6588365,Hans Stephensen,re_nordic_countries,Nordic countries,1561.0,historian,europe,re_europe
18473,Q2695864,Almannus of Hautvillers,re_france,France,830.0,theologian,europe,re_europe
18478,Q16663523,Martial Mazurier,re_france,France,1505.0,theologian,europe,re_europe
18479,Q2131492,Anton Sander,re_low_countries,Low countries,1586.0,historian,europe,re_europe
18481,Q20002684,Johannes Bonadies,re_german_world,German world,1500.0,musicologist,europe,re_europe
18488,Q75973,Friedrich Myconius,re_german_world,German world,1491.0,theologian,europe,re_europe
18489,Q19601601,Kaspar Sturm,re_german_world,German world,1550.0,theologian,europe,re_europe
18498,Q493670,Henri Spondanus,re_france,France,1568.0,historian,europe,re_europe
18499,Q96832,Andreas Althamer,re_german_world,German world,1500.0,theologian,europe,re_europe
18500,Q18759283,Giovanni Ferrerio,re_france,France,1502.0,philosopher | historian,europe,re_europe
18502,Q1478500,Johannes Ralla,re_german_world,German world,1509.0,pharmacologist,europe,re_europe
18504,Q1347826,William of Auvergne,re_france,France,1180.0,theologian | philosopher,europe,re_europe
18507,Q701605,"Philips of Marnix, Lord of Saint-Aldegonde",re_low_countries,Low countries,1540.0,theologian | geographer,europe,re_europe
18521,Q3611413,Alfredo Gontier,re_france,France,1301.0,philosopher,europe,re_europe
18525,Q569607,Anselm of Laon,re_france,France,1050.0,theologian | philosopher,europe,re_europe
18528,Q1447856,Franz Kolb,re_german_world,German world,1465.0,theologian,europe,re_europe
18534,Q1248124,Jean-Louis Guez de Balzac,re_france,France,1597.0,historian,europe,re_europe
18535,Q3261417,Louis Cappel de Montgemberg,re_france,France,1534.0,theologian,europe,re_europe
18536,Q3014582,Daniel Rabel,re_france,France,1578.0,botanist,europe,re_europe
18537,Q188663,Marin Mersenne,re_france,France,1588.0,philosopher | physicist | musicologist | astronomer | mathematician | theologian,europe,re_europe
18557,Q1697597,Johannes Gunckel,re_german_world,German world,1486.0,physicist,europe,re_europe
18563,Q366020,Adolphus Vorstius,re_low_countries,Low countries,1597.0,botanist,europe,re_europe
18566,Q101169,Nicolaus Gallus,re_german_world,German world,1516.0,theologian,europe,re_europe
18567,Q94876594,Sebastian Bader,re_german_world,German world,1523.0,theologian,europe,re_europe
18568,Q120972,Sebastian Hofmeister,re_german_world,German world,1476.0,theologian,europe,re_europe
18573,Q1697377,Johann Combach,re_german_world,German world,1585.0,theologian,europe,re_europe
18575,Q94792204,Simon Grynäus,re_german_world,German world,1539.0,philosopher | mathematician,europe,re_europe
18580,Q2300479,Emery Molyneux,re_low_countries,Low countries,1600.0,geographer | mathematician,europe,re_europe
18595,Q3120406,Guillaume de Nautonier de Castelfranc,re_france,France,1560.0,geographer | astronomer,europe,re_europe
18596,Q5353,Gilles de Corbeil,re_france,France,1140.0,anatomist,europe,re_europe
18604,Q19963080,Wilhelm Holder,re_german_world,German world,1542.0,theologian,europe,re_europe
18611,Q1692680,Johann Bernhard,re_german_world,German world,1500.0,theologian,europe,re_europe
18625,Q3159091,Jacques Hennequin,re_france,France,1575.0,theologian,europe,re_europe
18629,Q3526686,Théophile Raynaud,re_france,France,1583.0,theologian,europe,re_europe
18633,Q1312086,Jacques Auguste de Thou,re_france,France,1553.0,historian,europe,re_europe
18637,Q14395605,Josuah Sylvester,re_low_countries,Low countries,1563.0,linguist,europe,re_europe
18641,Q3778928,Guglielmo Grataroli,re_german_world,German world,1516.0,philosopher,europe,re_europe
18644,Q2870904,Auger de Moléon de Granier,re_france,France,1600.0,historian,europe,re_europe
18645,Q3384303,Pierre Carré,re_france,France,1500.0,theologian,europe,re_europe
18649,Q8078496,Étienne de Courcelles,re_low_countries,Low countries,1586.0,theologian,europe,re_europe
18650,Q1696465,Johann Valentin Furtmüller,re_german_world,German world,1497.0,theologian,europe,re_europe
18652,Q3119724,Guillaume Brouscon,re_france,France,1501.0,geographer,europe,re_europe
18657,Q21259693,Frans van Schooten,re_low_countries,Low countries,1581.0,geographer | mathematician,europe,re_europe
18663,Q984123,Johannes Buteo,re_france,France,1492.0,mathematician,europe,re_europe
18667,Q3216957,Lancelot Voisin de La Popelinière,re_france,France,1541.0,historian,europe,re_europe
18672,Q43499,Erasmus,re_german_world,German world,1466.0,theologian | philosopher,europe,re_europe
18676,Q538586,Charles Estienne,re_france,France,1504.0,botanist | linguist | anatomist,europe,re_europe
18677,Q34673547,Pierre Padet,re_france,France,1582.0,philosopher,europe,re_europe
18690,Q70147,Felix Fabri,re_german_world,German world,1441.0,theologian | historian,europe,re_europe
18696,Q3173610,Jean Morin,re_france,France,1591.0,theologian,europe,re_europe
18714,Q523583,Geoffrey of Paris,re_france,France,1300.0,historian,europe,re_europe
18724,Q1259164,Rudolf Collinus,re_german_world,German world,1499.0,theologian,europe,re_europe
18726,Q30144964,Balthasar Lydius,re_low_countries,Low countries,1576.0,theologian,europe,re_europe
18728,Q95008696,Petrus Patiens,re_german_world,German world,1530.0,theologian,europe,re_europe
18729,Q3160246,Jacques de Billy,re_france,France,1535.0,theologian,europe,re_europe
18732,Q716427,Jean Juvénal des Ursins,re_france,France,1388.0,philosopher | historian,europe,re_europe
18741,Q3172093,Jean François,re_france,France,1586.0,mathematician,europe,re_europe
18747,Q3176749,Jean Bagnyon,re_german_world,German world,1412.0,historian,europe,re_europe
18753,Q78261,Salomon Gesner,re_german_world,German world,1559.0,theologian,europe,re_europe
18760,Q220421,Johannes Acronius Frisius,re_german_world,German world,1520.0,astronomer | mathematician,europe,re_europe
18762,Q116577,Thomas Platter the Younger,re_german_world,German world,1574.0,botanist,europe,re_europe
18769,Q1504119,Georg Elner,re_german_world,German world,1450.0,theologian,europe,re_europe
18777,Q113745,Franz von Retz,re_german_world,German world,1343.0,theologian,europe,re_europe
18779,Q21884123,Jean Aggerman,re_low_countries,Low countries,1438.0,theologian,europe,re_europe
18781,Q15428282,Bernhard Ziegler,re_german_world,German world,1496.0,theologian,europe,re_europe
18790,Q347852,Adalbert of Hamburg,re_german_world,German world,1000.0,theologian,europe,re_europe
18795,Q111385670,Johannes Crusius,re_low_countries,Low countries,1599.0,philosopher,europe,re_europe
18803,Q1379233,Wolfgang Amling,re_german_world,German world,1542.0,theologian,europe,re_europe
18808,Q95336882,Claudius Textor,re_france,France,1538.0,philosopher | mathematician,europe,re_europe
18820,Q110714068,Peter Meyer,re_german_world,German world,1475.0,theologian,europe,re_europe
18861,Q5550917,Gerlac Peterson,re_german_world,German world,1378.0,theologian,europe,re_europe
18866,Q72304,Erhard Schnepf,re_german_world,German world,1495.0,theologian,europe,re_europe
18869,Q94936593,Jan Banning Wuytiers,re_low_countries,Low countries,1591.0,theologian,europe,re_europe
18878,Q102724,Theodor Dorsten,re_german_world,German world,1492.0,botanist,europe,re_europe
18896,Q1058040,Philip of Harveng,re_low_countries,Low countries,1100.0,theologian,europe,re_europe
18900,Q5580,Albrecht Dürer,re_german_world,German world,1471.0,art theorist | mathematician,europe,re_europe
18905,Q1224163,Theodoric of Freiberg,re_german_world,German world,1250.0,theologian | philosopher | physicist,europe,re_europe
18908,Q3022732,Denis Henrion,re_france,France,1501.0,mathematician,europe,re_europe
18927,Q729315,Christen Sørensen Longomontanus,re_nordic_countries,Nordic countries,1562.0,astronomer | mathematician,europe,re_europe
18929,Q3170679,Jean Beleth,re_france,France,1101.0,theologian,europe,re_europe
18931,Q1230960,Jacques Daléchamps,re_france,France,1513.0,botanist,europe,re_europe
18932,Q11908879,Beat Guillem de Tolosa,re_france,France,1297.0,philosopher,europe,re_europe
18933,Q319802,Albert Hardenberg,re_german_world,German world,1510.0,theologian,europe,re_europe
18965,Q70310,Johannes Sleidanus,re_france,France,1506.0,historian,europe,re_europe
18966,Q97447,Ottmar Luscinius,re_german_world,German world,1487.0,musicologist,europe,re_europe
18967,Q63179,Johann von Staupitz,re_german_world,German world,1465.0,theologian,europe,re_europe
18968,Q7329940,Richard White,re_france,France,1539.0,historian,europe,re_europe
18981,Q2554001,Wedigo Gans Putlitz,re_german_world,German world,1438.0,theologian,europe,re_europe
18992,Q1219274,Jean Sirmond,re_france,France,1589.0,historian,europe,re_europe
18994,Q1677576,Jacob Madsen Vejle,re_nordic_countries,Nordic countries,1538.0,theologian,europe,re_europe
18997,Q1697252,Johannes Velcurio,re_german_world,German world,1490.0,physicist,europe,re_europe
19011,Q40746628,Martin Meurisse,re_france,France,1584.0,physicist,europe,re_europe
19024,Q15078947,Léon Trippault,re_france,France,1538.0,historian,europe,re_europe
19027,Q8962871,Frobert of Troyes,re_france,France,595.0,theologian,europe,re_europe
19032,Q1697566,Johannes Glotter,re_german_world,German world,1500.0,theologian,europe,re_europe
19033,Q2589841,Wolfgang Harder,re_german_world,German world,1522.0,theologian,europe,re_europe
19041,Q49715,Adam Neuser,re_german_world,German world,1530.0,theologian,europe,re_europe
19043,Q1240533,Thomas Mauer,re_german_world,German world,1536.0,theologian,europe,re_europe
19045,Q94935772,Ulrich Scheurer,re_german_world,German world,1523.0,theologian,europe,re_europe
19048,Q2576059,William of Saint-Amour,re_france,France,1202.0,theologian,europe,re_europe
19058,Q1735066,Kaspar Kantz,re_german_world,German world,1483.0,theologian,europe,re_europe
19103,Q18399996,Adrian Beier,re_german_world,German world,1600.0,historian,europe,re_europe
19109,Q73208,Karl von Miltitz,re_german_world,German world,1490.0,theologian,europe,re_europe
19111,Q115863,Diebold Schilling the Elder,re_german_world,German world,1445.0,historian,europe,re_europe
19121,Q631337,Alanus de Rupe,re_low_countries,Low countries,1428.0,theologian,europe,re_europe
19144,Q1287339,Edo Hildericus,re_german_world,German world,1533.0,theologian | astronomer | historian | mathematician,europe,re_europe
19150,Q517177,Fridugisus,re_france,France,800.0,philosopher,europe,re_europe
19161,Q325618,Matthias Quad,re_german_world,German world,1557.0,geographer,europe,re_europe
19165,Q367752,Adriaen Coenen,re_low_countries,Low countries,1514.0,zoologist,europe,re_europe
19169,Q1124621,Matthias Gundramus,re_german_world,German world,1529.0,theologian,europe,re_europe
19186,Q2093849,Pierre Pithou,re_france,France,1539.0,historian,europe,re_europe
19195,Q94907406,Johannes Zinck,re_german_world,German world,1504.0,philosopher,europe,re_europe
19222,Q115941,Johannes Oporinus,re_german_world,German world,1507.0,linguist,europe,re_europe
19229,Q497618,Andreas Groshenning,re_german_world,German world,1590.0,theologian,europe,re_europe
19239,Q76684,Simon Marius,re_german_world,German world,1573.0,astronomer | mathematician,europe,re_europe
19251,Q6851589,Miles of Marseilles,re_france,France,1294.0,philosopher,europe,re_europe
19252,Q61741561,Magi Sevilla,re_france,France,1597.0,theologian | historian,europe,re_europe
19257,Q2620215,Cornelius Aurelius,re_low_countries,Low countries,1460.0,historian,europe,re_europe
19258,Q2075274,Peter Gropper,re_german_world,German world,1554.0,theologian,europe,re_europe
19259,Q1677770,Jacobus Probst,re_german_world,German world,1486.0,theologian,europe,re_europe
19262,Q2438022,Tobias Tilemann,re_german_world,German world,1584.0,mathematician,europe,re_europe
19264,Q18511662,Floris Balthasarsz. van Berckenrode,re_low_countries,Low countries,1562.0,geographer,europe,re_europe
19276,Q1066534,Charles de Bovelles,re_france,France,1479.0,theologian | philosopher | mathematician,europe,re_europe
19280,Q559443,Johan Sems,re_low_countries,Low countries,1572.0,geographer,europe,re_europe
19295,Q2821490,Abel Brunier,re_france,France,1573.0,botanist,europe,re_europe
19305,Q94935218,Christoph Siegfried,re_german_world,German world,1590.0,theologian,europe,re_europe
19313,Q1991521,Nikolaus Jagenteufel,re_german_world,German world,1526.0,theologian,europe,re_europe
19316,Q76918,Johann Georg Faust,re_german_world,German world,1480.0,astronomer,europe,re_europe
19320,Q518403,André Duchesne,re_france,France,1584.0,geographer | historian,europe,re_europe
19321,Q94910533,Heinrich Gebhard,re_german_world,German world,1578.0,theologian,europe,re_europe
19322,Q378549,Adso of Montier-en-Der,re_france,France,910.0,theologian,europe,re_europe
19330,Q704851,Wolfgang Musculus,re_german_world,German world,1497.0,theologian,europe,re_europe
19333,Q71457,Kaspar Olevianus,re_german_world,German world,1536.0,theologian,europe,re_europe
19340,Q98514,Christoph Helvig,re_german_world,German world,1581.0,historian,europe,re_europe
19342,Q1681885,Johann Dilliger,re_german_world,German world,1593.0,theologian,europe,re_europe
19346,Q11933552,Llucià Colomines,re_france,France,1500.0,linguist,europe,re_europe
19355,Q892057,Bonagratia of Bergamo,re_german_world,German world,1265.0,philosopher,europe,re_europe
19382,Q76468,Hans Lippershay,re_low_countries,Low countries,1572.0,astronomer | physicist,europe,re_europe
19400,Q689903,Marius Aventicensis,re_german_world,German world,532.0,historian,europe,re_europe
19415,Q2080983,Peter Ketzmann,re_german_world,German world,1521.0,theologian,europe,re_europe
19417,Q312939,Peter Waldo,re_france,France,1140.0,theologian,europe,re_europe
19418,Q4085162,Gilles Le Bouvier,re_france,France,1386.0,historian,europe,re_europe
19427,Q3340963,Nicolas de Nicolay,re_france,France,1517.0,geographer,europe,re_europe
19441,Q94766559,Johannes Deuschlin,re_german_world,German world,1480.0,theologian,europe,re_europe
19477,Q376124,Petrus Ramus,re_france,France,1515.0,theologian | philosopher | mathematician | logician,europe,re_europe
19494,Q5348276,Eguinaire Baron,re_france,France,1495.0,philosopher,europe,re_europe
19497,Q15638555,Nicolaus Braun,re_german_world,German world,1558.0,physicist,europe,re_europe
19508,Q12899320,Christian Herlin,re_france,France,1550.0,mathematician,europe,re_europe
19514,Q363934,Pieter van den Keere,re_low_countries,Low countries,1571.0,geographer,europe,re_europe
19517,Q94924463,Christian Pistorius,re_german_world,German world,1510.0,theologian,europe,re_europe
19524,Q77107,Ulrich von Hutten,re_german_world,German world,1488.0,philosopher,europe,re_europe
19527,Q6171180,Jean Mercier,re_france,France,1510.0,linguist,europe,re_europe
19542,Q94934264,Caspar Junius,re_german_world,German world,1574.0,theologian,europe,re_europe
19554,Q28771624,Conrad Dieterich,re_german_world,German world,1575.0,theologian,europe,re_europe
19562,Q70991,Hildegard of Bingen,re_german_world,German world,1098.0,theologian | philosopher | anatomist,europe,re_europe
19568,Q315521,Caspar Othmayr,re_german_world,German world,1515.0,theologian,europe,re_europe
19571,Q123034,Huldrych Zwingli,re_german_world,German world,1484.0,theologian,europe,re_europe
19580,Q94827496,Martin Stephani,re_german_world,German world,1576.0,theologian,europe,re_europe
19594,Q5986776,Niels Mikkelsen Aalborg,re_nordic_countries,Nordic countries,1562.0,zoologist,europe,re_europe
19596,Q154959,Hugo Grotius,re_german_world,German world,1583.0,theologian | philosopher | historian,europe,re_europe
19597,Q3140209,Honoré Bouche,re_france,France,1599.0,historian,europe,re_europe
19603,Q3086198,Francis of Foix-Candale,re_france,France,1512.0,mathematician,europe,re_europe
19617,Q71349,Veit Amerbach,re_german_world,German world,1503.0,theologian,europe,re_europe
19626,Q96686,Cyriacus Spangenberg,re_france,France,1528.0,theologian | historian,europe,re_europe
19639,Q4078259,Heinrich Baryphonus,re_german_world,German world,1581.0,musicologist,europe,re_europe
19641,Q1250101,Johannes Olearius,re_german_world,German world,1546.0,theologian,europe,re_europe
19647,Q94306065,Caspar Schwartz,re_german_world,German world,1595.0,theologian | mathematician,europe,re_europe
19649,Q33106124,Joannes Westenberg,re_german_world,German world,1595.0,geographer | mathematician,europe,re_europe
19652,Q639832,Lars Stigzelius,re_nordic_countries,Nordic countries,1598.0,theologian,europe,re_europe
19654,Q1079135,Christian Kalen,re_german_world,German world,1529.0,historian,europe,re_europe
19656,Q1989021,Niels Palladius,re_nordic_countries,Nordic countries,1510.0,theologian,europe,re_europe
19665,Q1257487,Gísli Oddsson,re_nordic_countries,Nordic countries,1593.0,theologian,europe,re_europe
19669,Q3170220,Jean-Édouard Du Monin,re_france,France,1559.0,mathematician,europe,re_europe
19670,Q110063,Erasmus Oswald Schreckenfuchs,re_german_world,German world,1511.0,astronomer,europe,re_europe
19700,Q1378981,Nicolaus Zapf,re_german_world,German world,1600.0,theologian,europe,re_europe
19710,Q1511922,Gerhard Kleinsorgen,re_german_world,German world,1530.0,historian,europe,re_europe
19722,Q5615634,Guiu de Terrena,re_france,France,1270.0,philosopher,europe,re_europe
19723,Q7237544,Praepositinus,re_france,France,1150.0,theologian | philosopher,europe,re_europe
19731,Q4755589,Andreas Perlach,re_german_world,German world,1490.0,astronomer | mathematician,europe,re_europe
19734,Q10358845,Regnerus Praedinius,re_low_countries,Low countries,1510.0,theologian,europe,re_europe
19738,Q2538668,David van Goorle,re_low_countries,Low countries,1591.0,theologian | philosopher | chemist,europe,re_europe
19739,Q4295,Peter Abelard,re_france,France,1079.0,theologian | linguist | philosopher | logician,europe,re_europe
19758,Q3174431,Jean Rotz,re_france,France,1505.0,geographer,europe,re_europe
19762,Q7177320,Peter Thyraeus,re_german_world,German world,1546.0,theologian,europe,re_europe
19765,Q107865,Eberhard Billick,re_german_world,German world,1499.0,theologian,europe,re_europe
19767,Q1226841,Gérard Roussel,re_france,France,1500.0,theologian | philosopher,europe,re_europe
19768,Q1781911,Conrad Bachmann,re_german_world,German world,1572.0,historian,europe,re_europe
19769,Q1698312,Johann Scharf,re_german_world,German world,1595.0,theologian,europe,re_europe
19775,Q1495199,Michael Eiselin,re_german_world,German world,1558.0,theologian,europe,re_europe
19779,Q1231161,Theobald Crasschel,re_german_world,German world,1511.0,theologian,europe,re_europe
19790,Q1862248,Johannes Goropius Becanus,re_low_countries,Low countries,1519.0,linguist,europe,re_europe
19792,Q1190113,Deodat del Monte,re_low_countries,Low countries,1582.0,astronomer,europe,re_europe
19800,Q1949867,Petrus Thaborita,re_low_countries,Low countries,1450.0,historian,europe,re_europe
19804,Q96322436,Jean de La Barde,re_german_world,German world,1600.0,historian,europe,re_europe
19812,Q1695296,Johann Lindemann,re_german_world,German world,1488.0,theologian,europe,re_europe
19813,Q1382991,Ewaldus Schrevelius,re_low_countries,Low countries,1575.0,botanist,europe,re_europe
19815,Q1148596,Erhard Lauterbach,re_german_world,German world,1570.0,theologian,europe,re_europe
19823,Q1525677,Samuel Maresius,re_low_countries,Low countries,1599.0,theologian,europe,re_europe
19829,Q15428241,Theodor Thumm,re_german_world,German world,1586.0,theologian,europe,re_europe
19832,Q3261976,Samuel Marolois,re_low_countries,Low countries,1572.0,mathematician,europe,re_europe
19849,Q2831326,Albert Le Grand,re_france,France,1599.0,historian,europe,re_europe
19867,Q372699,Adrian Buxschott,re_german_world,German world,1493.0,theologian,europe,re_europe
19888,Q17310899,Hendrik Swalmius,re_low_countries,Low countries,1577.0,theologian,europe,re_europe
19893,Q643487,Peter the Venerable,re_france,France,1092.0,theologian,europe,re_europe
19895,Q23835799,Pieter van Opmeer,re_low_countries,Low countries,1526.0,theologian,europe,re_europe
19903,Q591991,Anton Musa,re_german_world,German world,1485.0,theologian,europe,re_europe
19905,Q18649307,Philibert Bretin,re_france,France,1550.0,mathematician,europe,re_europe
19910,Q633302,"Charles Sorel, sieur de Souvigny",re_france,France,1600.0,historian,europe,re_europe
19913,Q459749,Ambrosius Wilfflingseder,re_german_world,German world,1500.0,theologian,europe,re_europe
19921,Q1313654,Johannes Lycaula,re_german_world,German world,1500.0,theologian,europe,re_europe
19927,Q688678,Johann Stumpf,re_german_world,German world,1500.0,theologian | historian,europe,re_europe
19931,Q1905267,Martin Willich,re_german_world,German world,1583.0,theologian,europe,re_europe
19941,Q17540868,Franz Baring,re_german_world,German world,1522.0,theologian,europe,re_europe
19954,Q1991578,Nikolaus Lilienfeld,re_german_world,German world,1400.0,astronomer,europe,re_europe
19956,Q55843458,Hieronymus Besler,re_german_world,German world,1566.0,botanist,europe,re_europe
19958,Q869836,Galeazzo Caracciolo,re_france,France,1517.0,theologian,europe,re_europe
19965,Q29261688,Johannes Horrion,re_german_world,German world,1575.0,theologian | philosopher,europe,re_europe
19966,Q122432,Simon Sulzer,re_german_world,German world,1508.0,theologian,europe,re_europe
19967,Q380644,Aegidius Strauch,re_german_world,German world,1583.0,theologian,europe,re_europe
19979,Q100685,Gregorius Horstius,re_german_world,German world,1578.0,anatomist,europe,re_europe
19986,Q118048,Melchior Russ,re_german_world,German world,1450.0,historian,europe,re_europe
19988,Q5979754,Johannes Matthiae Gothus,re_nordic_countries,Nordic countries,1592.0,theologian,europe,re_europe
19993,Q2559850,Wenzeslaus Linck,re_german_world,German world,1483.0,theologian,europe,re_europe
19994,Q6215732,Johann Cloppenburg,re_low_countries,Low countries,1592.0,theologian,europe,re_europe
20011,Q122657,Benedictus Ducis,re_german_world,German world,1490.0,theologian,europe,re_europe
20014,Q1919124,Melchior Fendt,re_german_world,German world,1486.0,physicist,europe,re_europe
20020,Q94865815,Gebhard von Marenholtz,re_german_world,German world,1591.0,theologian,europe,re_europe
20023,Q1698739,Johannes von Dinkelsbühl,re_german_world,German world,1370.0,physicist,europe,re_europe
20050,Q19999615,Pierre Maillart,re_low_countries,Low countries,1550.0,musicologist,europe,re_europe
20055,Q109064,Michael Helding,re_german_world,German world,1506.0,theologian,europe,re_europe
20061,Q110357,Kaspar Bienemann,re_german_world,German world,1540.0,theologian,europe,re_europe
20069,Q110036,Person Gobelinus,re_german_world,German world,1358.0,historian,europe,re_europe
20092,Q60843354,Johann Meckart,re_german_world,German world,1507.0,theologian,europe,re_europe
20114,Q597422,Olivier de Serres,re_france,France,1539.0,botanist,europe,re_europe
20120,Q21545921,Janus Gebhard,re_low_countries,Low countries,1592.0,historian,europe,re_europe
20121,Q71815,Justus Menius,re_german_world,German world,1499.0,theologian,europe,re_europe
20129,Q77395,Hans Buchner,re_german_world,German world,1483.0,musicologist,europe,re_europe
20136,Q1678133,Jacques de Hemricourt,re_low_countries,Low countries,1333.0,historian,europe,re_europe
20150,Q117240,Josua Maaler,re_german_world,German world,1529.0,theologian,europe,re_europe
20151,Q16117292,Pavel Skála ze Zhoře,re_german_world,German world,1583.0,historian,europe,re_europe
20154,Q1007175,Gabriel Bucelin,re_german_world,German world,1599.0,geographer,europe,re_europe
20156,Q43746,Bonaventure,re_france,France,1221.0,theologian | philosopher,europe,re_europe
20159,Q2848707,André Tiraqueau,re_france,France,1488.0,philosopher,europe,re_europe
20162,Q2361366,Albert Pighius,re_low_countries,Low countries,1490.0,theologian | astronomer | mathematician,europe,re_europe
20163,Q1696878,Johann Ruchrat von Wesel,re_german_world,German world,1425.0,theologian,europe,re_europe
20164,Q3081557,Francis Line,re_low_countries,Low countries,1595.0,physicist | mathematician,europe,re_europe
20180,Q1452066,Cunmann Flinspach,re_german_world,German world,1527.0,theologian,europe,re_europe
20188,Q19285484,Hermann Ravensberger,re_low_countries,Low countries,1586.0,theologian,europe,re_europe
20191,Q2476003,Ulrich Hugwald,re_german_world,German world,1496.0,historian,europe,re_europe
20200,Q2106015,Nicolaes van Geelkercken,re_low_countries,Low countries,1585.0,geographer,europe,re_europe
20201,Q1599329,Heinrich Winckel,re_german_world,German world,1493.0,theologian,europe,re_europe
20206,Q2870578,Aubert Miraeus,re_low_countries,Low countries,1573.0,theologian | historian,europe,re_europe
20219,Q447318,Jacob Ziegler,re_german_world,German world,1470.0,theologian | geographer | astronomer | mathematician,europe,re_europe
20237,Q94929964,Joachim Westphal,re_german_world,German world,1551.0,theologian,europe,re_europe
20238,Q1669758,Ludolph Naaman,re_german_world,German world,1497.0,theologian,europe,re_europe
20240,Q1619056,Johann Rurer,re_german_world,German world,1480.0,theologian,europe,re_europe
20242,Q61052450,Hortensia del Prado,re_low_countries,Low countries,1575.0,botanist,europe,re_europe
20254,Q3876450,Nicolas de Gonesse,re_france,France,1364.0,theologian,europe,re_europe
20255,Q106678,Rupertus Meldenius,re_german_world,German world,1582.0,theologian,europe,re_europe
20256,Q5757435,Martinus Gestrinius,re_nordic_countries,Nordic countries,1594.0,mathematician,europe,re_europe
20259,Q55079018,Johann Mannich,re_german_world,German world,1579.0,theologian,europe,re_europe
20273,Q5582103,Gonsalvus of Spain,re_france,France,1255.0,philosopher,europe,re_europe
20278,Q15729620,Conrad Goclenius,re_low_countries,Low countries,1499.0,philosopher,europe,re_europe
20280,Q23939695,Jacques Grandami,re_france,France,1588.0,astronomer,europe,re_europe
20282,Q1461472,Friedrich Petri,re_german_world,German world,1549.0,theologian,europe,re_europe
20287,Q1698099,Johannes Nuhn,re_german_world,German world,1442.0,historian,europe,re_europe
20288,Q20806861,Jean Tarde,re_france,France,1561.0,historian,europe,re_europe
20293,Q21207730,Jean-François du Soleil,re_france,France,1490.0,astronomer | mathematician,europe,re_europe
20317,Q94868387,Philippe de Gamaches,re_france,France,1568.0,theologian,europe,re_europe
20329,Q369025,Jacques Besson,re_france,France,1540.0,mathematician,europe,re_europe
20339,Q104183543,Jean Du Buisson,re_france,France,1525.0,theologian | philosopher,europe,re_europe
20340,Q1678968,Jakob Curio,re_german_world,German world,1497.0,mathematician,europe,re_europe
20354,Q1116427,Fortunat Sprecher,re_german_world,German world,1585.0,historian,europe,re_europe
20360,Q55134225,Johannes Pincier,re_german_world,German world,1556.0,anatomist,europe,re_europe
20364,Q707101,Augustin Hirschvogel,re_german_world,German world,1503.0,geographer | mathematician,europe,re_europe
20380,Q111411584,Hans Larsson Rizanesander,re_nordic_countries,Nordic countries,1500.0,mathematician,europe,re_europe
20389,Q77520,Thomas Fincke,re_nordic_countries,Nordic countries,1561.0,physicist | mathematician,europe,re_europe
20390,Q713096,Franciscus Junius,re_low_countries,Low countries,1545.0,theologian,europe,re_europe
20395,Q71569,Hieronymus Münzer,re_german_world,German world,1437.0,geographer,europe,re_europe
20398,Q94907865,Sebald Ludwig,re_german_world,German world,1548.0,theologian,europe,re_europe
20404,Q3120419,Guillaume de Pierrefleur,re_german_world,German world,1510.0,historian,europe,re_europe
20406,Q673168,Michel de Marolles,re_france,France,1600.0,linguist,europe,re_europe
20427,Q55904820,Christoph Sturtz,re_german_world,German world,1557.0,historian,europe,re_europe
20428,Q941383,Jan Huyghen van Linschoten,re_low_countries,Low countries,1563.0,geographer | historian,europe,re_europe
20433,Q1236643,Petrus Cimdars,re_german_world,German world,1524.0,theologian,europe,re_europe
20447,Q1399361,Nikolaus von Klemptzen,re_german_world,German world,1504.0,historian,europe,re_europe
20459,Q323906,Heymeric de Campo,re_low_countries,Low countries,1395.0,theologian,europe,re_europe
20462,Q1870054,Lorenz Dürnhofer,re_german_world,German world,1532.0,theologian,europe,re_europe
20477,Q73366,Heinrich Khunrath,re_german_world,German world,1560.0,philosopher,europe,re_europe
20501,Q754793,Athanasios Rhetor,re_france,France,1571.0,philosopher,europe,re_europe
20512,Q1789901,Thomas Gassner,re_german_world,German world,1500.0,theologian,europe,re_europe
20513,Q75631,Werner Rolevinck,re_german_world,German world,1425.0,historian,europe,re_europe
20545,Q2048595,Marcus Laurinus jr.,re_low_countries,Low countries,1530.0,historian,europe,re_europe
20547,Q3120120,Guillaume Philandrier,re_france,France,1505.0,philosopher,europe,re_europe
20548,Q1696061,Johannes Schütz,re_german_world,German world,1531.0,theologian,europe,re_europe
20549,Q55876369,Baptista Duetecum,re_low_countries,Low countries,1588.0,geographer,europe,re_europe
20553,Q71071,David of Augsburg,re_german_world,German world,1200.0,theologian,europe,re_europe
20554,Q31209946,Abraham Goos,re_low_countries,Low countries,1589.0,geographer,europe,re_europe
20565,Q23061525,Wilhelm Eisengrein,re_german_world,German world,1543.0,historian,europe,re_europe
20572,Q18003187,Jean Gosselin,re_france,France,1510.0,astronomer | mathematician,europe,re_europe
20578,Q23721072,George de Esclavonie,re_france,France,1360.0,theologian,europe,re_europe
20580,Q21545776,Hieronymus Gemusaeus,re_german_world,German world,1505.0,physicist,europe,re_europe
20581,Q467772,"Philip III, Landgrave of Hesse-Butzbach",re_german_world,German world,1581.0,mathematician,europe,re_europe
20598,Q606748,Antonius Thysius,re_low_countries,Low countries,1565.0,theologian,europe,re_europe
20621,Q5557860,Jacopo Brocardo,re_german_world,German world,1518.0,theologian,europe,re_europe
20646,Q3385021,Pierre Forcadel,re_france,France,1500.0,mathematician,europe,re_europe
20651,Q514617,William of Nangis,re_france,France,1300.0,historian,europe,re_europe
20658,Q1388231,Marianus Scotus,re_german_world,German world,1028.0,historian,europe,re_europe
20661,Q4894140,Juliana Morell,re_france,France,1594.0,philosopher,europe,re_europe
20664,Q498971,Anders Krag,re_nordic_countries,Nordic countries,1553.0,philosopher | physicist | mathematician,europe,re_europe
20677,Q7179222,Petrus Ryff,re_german_world,German world,1552.0,astronomer | historian | mathematician,europe,re_europe
20694,Q1912407,Willem Bartjens,re_low_countries,Low countries,1569.0,mathematician,europe,re_europe
20696,Q322838,Adam Gumpeltzhaimer,re_german_world,German world,1559.0,musicologist,europe,re_europe
20708,Q9554,Martin Luther,re_german_world,German world,1483.0,theologian | philosopher,europe,re_europe
20717,Q973196,Francisco Sanches,re_france,France,1550.0,philosopher | mathematician,europe,re_europe
20720,Q15445547,Johannes Seld,re_german_world,German world,1383.0,theologian,europe,re_europe
20731,Q78955,Johannes von Gmunden,re_german_world,German world,1380.0,astronomer | philosopher | mathematician,europe,re_europe
20733,Q5539762,George Gobat,re_german_world,German world,1600.0,theologian,europe,re_europe
20755,Q1692728,Johann Botsack,re_german_world,German world,1600.0,theologian,europe,re_europe
20756,Q3983861,Teodorico di Freiberg,re_german_world,German world,1250.0,philosopher,europe,re_europe
20762,Q72192,Gregor Reisch,re_german_world,German world,1467.0,theologian,europe,re_europe
20770,Q168158,Jacobus Trigland,re_low_countries,Low countries,1583.0,theologian,europe,re_europe
20777,Q826082,Bernhard Vaget,re_german_world,German world,1548.0,theologian,europe,re_europe
20788,Q13693413,Johannes Scholvin,re_german_world,German world,1590.0,theologian,europe,re_europe
20791,Q2978359,Claude de Sainctes,re_france,France,1525.0,theologian,europe,re_europe
20800,Q120784,Ludwig Lavater,re_german_world,German world,1527.0,theologian,europe,re_europe
20803,Q64272,Rudolph Goclenius,re_german_world,German world,1547.0,linguist | philosopher,europe,re_europe
20804,Q497313,Andreas Freyhub,re_german_world,German world,1526.0,theologian,europe,re_europe
20805,Q523054,André Thévet,re_france,France,1516.0,geographer | historian,europe,re_europe
20815,Q380814,Aelius Everardus Vorstius,re_low_countries,Low countries,1565.0,botanist | anatomist,europe,re_europe
20818,Q18945529,Jacob Lansbergen,re_low_countries,Low countries,1590.0,philosopher | mathematician,europe,re_europe
20832,Q647384,Pierre Pena,re_france,France,1535.0,botanist,europe,re_europe
20838,Q982050,Gershom ben Judah,re_german_world,German world,960.0,philosopher,europe,re_europe
20841,Q1391474,Judah ben Samuel of Regensburg,re_german_world,German world,1140.0,philosopher,europe,re_europe
20853,Q48115,"Fulk IV, Count of Anjou",re_france,France,1043.0,historian,europe,re_europe
20868,Q379677,Joan Blaeu,re_low_countries,Low countries,1599.0,geographer,europe,re_europe
20871,Q55875988,Isak Grønbæk,re_nordic_countries,Nordic countries,1564.0,theologian,europe,re_europe
20876,Q56031764,Abraham van den Corput,re_low_countries,Low countries,1599.0,historian,europe,re_europe
20894,Q21544013,Johannes Thomas Freig,re_german_world,German world,1543.0,philosopher,europe,re_europe
20912,Q1528692,Laurentius Bosshart,re_german_world,German world,1490.0,historian,europe,re_europe
20932,Q188411,Bernard of Clairvaux,re_france,France,1091.0,theologian | philosopher,europe,re_europe
20935,Q55126780,Peter Streithagen,re_german_world,German world,1592.0,theologian,europe,re_europe
20938,Q551795,Jacques Pelletier du Mans,re_france,France,1517.0,philosopher | mathematician,europe,re_europe
20942,Q3894175,Paolo Lazise,re_france,France,1508.0,theologian,europe,re_europe
20950,Q4026168,Herman Lethmaet,re_low_countries,Low countries,1492.0,theologian,europe,re_europe
20982,Q668134,Pier Paolo Vergerio,re_german_world,German world,1498.0,theologian,europe,re_europe
20984,Q383193,Oddur Einarsson,re_nordic_countries,Nordic countries,1559.0,theologian,europe,re_europe
20995,Q23696,Simon Stevin,re_low_countries,Low countries,1548.0,astronomer | physicist | mathematician,europe,re_europe
20998,Q1524086,Gilbert Winram,re_german_world,German world,1500.0,theologian,europe,re_europe
21013,Q1505508,Georg Obrecht,re_france,France,1547.0,economist,europe,re_europe
21014,Q1693478,Johann Freiberger,re_german_world,German world,1470.0,historian,europe,re_europe
21024,Q75797,Michael Maestlin,re_german_world,German world,1550.0,astronomer | mathematician,europe,re_europe
21065,Q318943,Cornelius Jansen,re_low_countries,Low countries,1585.0,theologian,europe,re_europe
21088,Q1452141,Simon Musaeus,re_german_world,German world,1529.0,theologian,europe,re_europe
21091,Q348377,Jean de Léry,re_german_world,German world,1536.0,theologian,europe,re_europe
21092,Q91214,Helisaeus Roeslin,re_france,France,1545.0,astronomer,europe,re_europe
21097,Q1690934,Job Hartmann Enenkel,re_german_world,German world,1576.0,historian,europe,re_europe
21104,Q28869628,Martin Nößler,re_german_world,German world,1554.0,theologian,europe,re_europe
21106,Q2081055,Petrus de Scotia,re_nordic_countries,Nordic countries,1450.0,theologian,europe,re_europe
21127,Q84981,Andreas Hyperius,re_german_world,German world,1511.0,theologian,europe,re_europe
21130,Q3386708,Pierre Pyrard,re_france,France,1581.0,theologian | philosopher,europe,re_europe
21138,Q172308,Andrea Navagero,re_france,France,1483.0,botanist,europe,re_europe
21141,Q18132160,Christian Kuchimeister,re_german_world,German world,1260.0,historian,europe,re_europe
21144,Q308164,Abdias Trew,re_german_world,German world,1597.0,astronomer | mathematician,europe,re_europe
21145,Q94940401,Anton Berger,re_german_world,German world,1587.0,theologian,europe,re_europe
21171,Q15549989,Georg Liebler,re_german_world,German world,1524.0,philosopher | physicist,europe,re_europe
21173,Q62075378,Werner Geise,re_german_world,German world,1600.0,philosopher,europe,re_europe
21180,Q94933958,Johann Döling,re_german_world,German world,1593.0,astronomer,europe,re_europe
21181,Q430347,François de Beaucaire de Péguillon,re_france,France,1514.0,historian,europe,re_europe
21186,Q1522260,Raymond Bonal,re_france,France,1600.0,theologian,europe,re_europe
21198,Q51044096,Jacob Rolandus,re_low_countries,Low countries,1562.0,theologian,europe,re_europe
21199,Q321881,Jean de Wavrin,re_france,France,1394.0,historian,europe,re_europe
21207,Q572593,Anthonie Duyck,re_low_countries,Low countries,1560.0,geographer,europe,re_europe
21211,Q1727292,Nicolaus Rebhan,re_german_world,German world,1571.0,theologian,europe,re_europe
21213,Q1910558,Matthäus Vogel,re_german_world,German world,1519.0,theologian,europe,re_europe
21220,Q15090859,Hugh of Balma,re_france,France,1289.0,theologian,europe,re_europe
21226,Q18169772,Jakob Schrenck von Notzing,re_german_world,German world,1539.0,historian,europe,re_europe
21228,Q1579772,Nicholas Abram,re_france,France,1589.0,theologian | historian,europe,re_europe
21230,Q125329,Matthias Garbitius,re_german_world,German world,1505.0,theologian,europe,re_europe
21233,Q15450561,Georgius Acacius Ennenckel,re_german_world,German world,1573.0,historian,europe,re_europe
21234,Q84599,Ludwig Helmbold,re_german_world,German world,1532.0,philosopher,europe,re_europe
21235,Q1685450,Jean Courtecuisse,re_france,France,1350.0,theologian,europe,re_europe
21237,Q15450515,Simon Gedik,re_german_world,German world,1551.0,theologian,europe,re_europe
21238,Q97697,Heinrich Paxmann,re_german_world,German world,1531.0,philosopher,europe,re_europe
21247,Q88865197,Claude de Rubys,re_france,France,1533.0,historian,europe,re_europe
21250,Q1959852,Ioannes Servilius,re_low_countries,Low countries,1536.0,linguist,europe,re_europe
21251,Q20797667,Michael Wolf,re_german_world,German world,1584.0,philosopher | physicist | mathematician,europe,re_europe
21256,Q1697525,Johannes Frosch,re_german_world,German world,1485.0,theologian,europe,re_europe
21260,Q55125193,Martin Lydius,re_german_world,German world,1539.0,theologian,europe,re_europe
21267,Q1506348,Georg Weinrich,re_german_world,German world,1554.0,theologian,europe,re_europe
21271,Q2287738,Simon Pauli,re_german_world,German world,1534.0,theologian,europe,re_europe
21287,Q55123264,Mathias Agricius,re_german_world,German world,1545.0,historian,europe,re_europe
21292,Q20180473,Georg Limnäus,re_german_world,German world,1554.0,astronomer | mathematician,europe,re_europe
21315,Q3345779,Noël Béda,re_france,France,1470.0,theologian,europe,re_europe
21324,Q1368345,Jacobus Golius,re_low_countries,Low countries,1596.0,mathematician,europe,re_europe
21343,Q2094016,Pierre Fénin,re_france,France,1500.0,historian,europe,re_europe
21349,Q122661,Johann Kessler,re_german_world,German world,1502.0,theologian,europe,re_europe
21355,Q782556,Nicolaus Olai Bothniensis,re_nordic_countries,Nordic countries,1550.0,theologian,europe,re_europe
21369,Q59348306,Heinrich Lavater,re_german_world,German world,1560.0,physicist | mathematician,europe,re_europe
21372,Q57197,Martin Waldseemüller,re_france,France,1470.0,theologian | geographer,europe,re_europe
21373,Q18132145,Raphael Eglin,re_german_world,German world,1559.0,theologian,europe,re_europe
21376,Q3720414,Egidius de Francia,re_france,France,1400.0,musicologist,europe,re_europe
21381,Q71848,Jakob Wimpfeling,re_france,France,1450.0,theologian | historian,europe,re_europe
21383,Q370777,Andreas Ryff,re_german_world,German world,1550.0,historian,europe,re_europe
21387,Q1115079,Hendrik van Geldorp,re_low_countries,Low countries,1522.0,theologian,europe,re_europe
21393,Q569959,Robert III de La Marck,re_france,France,1491.0,historian,europe,re_europe
21395,Q385092,Salomon de Caus,re_france,France,1576.0,musicologist | physicist,europe,re_europe
21396,Q2826340,Agazio Guidacerio,re_france,France,1477.0,linguist,europe,re_europe
21405,Q1696111,Johann Schelhammer,re_german_world,German world,1540.0,theologian,europe,re_europe
21419,Q2109747,Primat de Saint-Denis,re_france,France,1300.0,historian,europe,re_europe
21424,Q60169467,Jean Baptiste Guesnay,re_france,France,1585.0,historian,europe,re_europe
21425,Q87646,Salomo Glassius,re_german_world,German world,1593.0,theologian,europe,re_europe
21435,Q1599456,Heinrich von Antwerpen,re_german_world,German world,1150.0,historian,europe,re_europe
21451,Q1417722,Joachim Bering,re_german_world,German world,1574.0,theologian,europe,re_europe
21453,Q110146729,Cosme Gil Morelles,re_low_countries,Low countries,1557.0,theologian,europe,re_europe
21461,Q87525,Gabriel Zwilling,re_german_world,German world,1487.0,theologian,europe,re_europe
21466,Q2386042,Antoine d'Arenberg,re_low_countries,Low countries,1593.0,astronomer,europe,re_europe
21467,Q1818116,Anselmus de Boodt,re_low_countries,Low countries,1550.0,geologist | chemist | zoologist,europe,re_europe
21475,Q1283684,Johannes Oldekop,re_german_world,German world,1493.0,theologian,europe,re_europe
21476,Q1782485,Conrad Vorstius,re_german_world,German world,1569.0,theologian,europe,re_europe
21481,Q94890717,Bartholomäus Hubner,re_german_world,German world,1544.0,mathematician,europe,re_europe
21491,Q2847276,Reinier Snoy,re_low_countries,Low countries,1477.0,historian,europe,re_europe
21494,Q3126999,Hans Sapidus,re_france,France,1490.0,theologian,europe,re_europe
21496,Q3768498,John of Saxony,re_german_world,German world,1323.0,astronomer,europe,re_europe
21498,Q1695042,Josua Loner,re_german_world,German world,1535.0,theologian,europe,re_europe
21499,Q3288216,Marc Lescarbot,re_france,France,1570.0,historian,europe,re_europe
21501,Q1359348,Heriger of Lobbes,re_low_countries,Low countries,925.0,historian,europe,re_europe
21512,Q3172160,Jean Fusoris,re_france,France,1365.0,mathematician,europe,re_europe
21513,Q3295517,Martin Lhermite,re_france,France,1596.0,historian,europe,re_europe
21546,Q1690298,Joachim Magdeburg,re_german_world,German world,1525.0,theologian,europe,re_europe
21557,Q78068565,Daniel-David Piaget,re_german_world,German world,1580.0,theologian,europe,re_europe
21558,Q330538,David Blondel,re_low_countries,Low countries,1590.0,theologian | historian,europe,re_europe
21559,Q57180004,Antoine Noguier,re_france,France,1600.0,historian,europe,re_europe
21571,Q2427830,Thomas Venatorius,re_german_world,German world,1488.0,theologian,europe,re_europe
21572,Q1991517,Nikolaus II. Sachau,re_german_world,German world,1385.0,theologian,europe,re_europe
21574,Q3318312,Honius,re_low_countries,Low countries,1440.0,theologian,europe,re_europe
21597,Q94840675,Melchior Schaerer,re_german_world,German world,1563.0,astronomer | mathematician,europe,re_europe
21610,Q4775565,Antoine de Mouchy,re_france,France,1494.0,theologian,europe,re_europe
21611,Q101424545,Pierre Louvet,re_france,France,1570.0,historian,europe,re_europe
21618,Q2196249,Robbert Robbertsz. le Canu,re_low_countries,Low countries,1563.0,astronomer,europe,re_europe
21619,Q7377212,Rudolf Hospinian,re_german_world,German world,1547.0,theologian,europe,re_europe
21650,Q1246726,Jakob Runge,re_german_world,German world,1527.0,theologian,europe,re_europe
21657,Q17493497,Victorinus Schönfeldt,re_german_world,German world,1525.0,mathematician,europe,re_europe
21664,Q93491052,Michel Coyssard,re_france,France,1547.0,theologian,europe,re_europe
21673,Q1366667,Esaias Stiefel,re_german_world,German world,1561.0,theologian,europe,re_europe
21674,Q94781057,Kaspar von Moos,re_german_world,German world,1582.0,theologian,europe,re_europe
21685,Q3135751,Hincmar of Laon,re_france,France,830.0,theologian,europe,re_europe
21711,Q1909750,Matthias Brassanus,re_german_world,German world,1600.0,theologian,europe,re_europe
21746,Q809352,Bartholomäus Gesius,re_german_world,German world,1562.0,theologian,europe,re_europe
21753,Q1340036,Heinrich Oraeus,re_german_world,German world,1584.0,theologian,europe,re_europe
21765,Q2886004,Barthélemy Laffemas,re_france,France,1545.0,economist,europe,re_europe
21770,Q545343,Florens Radewyns,re_low_countries,Low countries,1350.0,theologian,europe,re_europe
21775,Q90836,Johann Habermann,re_german_world,German world,1516.0,theologian,europe,re_europe
21776,Q123839,Heinrich Bullinger,re_german_world,German world,1504.0,theologian,europe,re_europe
21783,Q1677587,Jakob Montanus,re_german_world,German world,1486.0,theologian,europe,re_europe
21790,Q2958610,Charles Bouvard,re_france,France,1572.0,chemist,europe,re_europe
21801,Q86358,Martin Cellarius,re_german_world,German world,1499.0,theologian,europe,re_europe
21804,Q3151393,Innocent Gentillet,re_france,France,1532.0,theologian,europe,re_europe
21807,Q1698296,Johannes Seliger,re_german_world,German world,1500.0,theologian,europe,re_europe
21810,Q1292813,Johannes Assuerus Ampzing,re_german_world,German world,1558.0,theologian,europe,re_europe
21817,Q94869580,Adriaen van Oorschot,re_low_countries,Low countries,1542.0,theologian,europe,re_europe
21818,Q94276,Martianus Hiberniensis,re_france,France,819.0,historian,europe,re_europe
21819,Q55193035,Christoph Binder,re_german_world,German world,1520.0,theologian,europe,re_europe
21827,Q1971867,Johann Heinrich Alting,re_low_countries,Low countries,1583.0,theologian,europe,re_europe
21838,Q20164863,Kaspar Arnurus,re_german_world,German world,1520.0,philosopher,europe,re_europe
21853,Q95748,Johann Pistorius the Younger,re_german_world,German world,1546.0,theologian | historian,europe,re_europe
21862,Q70968,Adam Reusner,re_german_world,German world,1500.0,theologian,europe,re_europe
21866,Q111755,Friedrich Staphylus,re_german_world,German world,1512.0,theologian,europe,re_europe
21868,Q1493297,Johann Wezel,re_german_world,German world,1570.0,theologian,europe,re_europe
21870,Q16859702,Johannes Gysius,re_low_countries,Low countries,1583.0,historian,europe,re_europe
21880,Q1563721,Ladislaus Sunthaym,re_german_world,German world,1440.0,geographer | historian,europe,re_europe
21883,Q20171118,Benoît Baudouin,re_france,France,1505.0,theologian,europe,re_europe
21891,Q3903448,Pierre Gilles,re_german_world,German world,1571.0,historian,europe,re_europe
21896,Q1693448,Johannes Fistenport,re_german_world,German world,1400.0,historian,europe,re_europe
21897,Q6225724,Oluf Vind,re_nordic_countries,Nordic countries,1590.0,theologian,europe,re_europe
21903,Q97456144,Johann Georg Gross,re_german_world,German world,1581.0,theologian,europe,re_europe
21917,Q15867936,Vitus Müller,re_german_world,German world,1561.0,theologian,europe,re_europe
21921,Q120603,Johannes Frisius,re_german_world,German world,1505.0,theologian,europe,re_europe
21922,Q3387694,Pierre de Saint-Julien de Balleure,re_france,France,1519.0,historian,europe,re_europe
21923,Q430754,Peder Soerensen,re_nordic_countries,Nordic countries,1542.0,chemist,europe,re_europe
21927,Q56605582,Guillaume Du Peyrat,re_france,France,1563.0,theologian | historian,europe,re_europe
21928,Q1366660,Esaias Krüger,re_german_world,German world,1544.0,theologian,europe,re_europe
21939,Q78090,Johann Hommel,re_german_world,German world,1518.0,theologian | astronomer | mathematician,europe,re_europe
21949,Q55193584,Johann Wirtz,re_german_world,German world,1591.0,theologian,europe,re_europe
21960,Q1762461,Tobias Olfen,re_german_world,German world,1597.0,historian,europe,re_europe
21978,Q690346,Denis the Carthusian,re_low_countries,Low countries,1402.0,theologian | philosopher,europe,re_europe
21980,Q1420015,Johann Quistorp,re_german_world,German world,1584.0,theologian,europe,re_europe
21987,Q3023423,Denys de Salvaing de Boissieu,re_france,France,1600.0,historian,europe,re_europe
21995,Q56023320,Hieronymus Praetorius,re_german_world,German world,1595.0,physicist,europe,re_europe
22001,Q1421765,Tilemann Stella,re_german_world,German world,1525.0,geographer | astronomer | mathematician,europe,re_europe
22007,Q7983549,Wernher Steiner,re_german_world,German world,1492.0,historian,europe,re_europe
22008,Q106142,Johannes Angelus,re_german_world,German world,1542.0,theologian,europe,re_europe
22017,Q15876895,Jan Pieterszoon Dou,re_low_countries,Low countries,1573.0,geographer | mathematician,europe,re_europe
22026,Q98433,Johannes Bonemilch,re_german_world,German world,1434.0,theologian,europe,re_europe
22041,Q8020857,William of Alnwick,re_france,France,1275.0,theologian,europe,re_europe
22046,Q1239942,Theobald Billicanus,re_german_world,German world,1490.0,theologian,europe,re_europe
22049,Q50234384,Johannes Malsius,re_german_world,German world,1505.0,theologian,europe,re_europe
22068,Q85894,Henry of Kalkar,re_german_world,German world,1328.0,theologian,europe,re_europe
22070,Q1679216,Jakob Martini,re_german_world,German world,1570.0,theologian,europe,re_europe
22071,Q21135783,Philipp Marbach,re_france,France,1550.0,theologian,europe,re_europe
22089,Q1348064,Erasmus Sarcerius,re_german_world,German world,1501.0,theologian,europe,re_europe
22090,Q544169,Erasmus Reinhold,re_german_world,German world,1511.0,astronomer | mathematician,europe,re_europe
22129,Q89466,Johannes Scheubel,re_german_world,German world,1494.0,astronomer | mathematician,europe,re_europe
22140,Q6481240,Lambert Daneau,re_france,France,1535.0,theologian,europe,re_europe
22141,Q1696350,Johann Sutel,re_german_world,German world,1504.0,theologian,europe,re_europe
22157,Q262880,Blaise de Vigenère,re_france,France,1523.0,mathematician,europe,re_europe
22159,Q1332201,Nicolaus Maurus,re_german_world,German world,1483.0,theologian,europe,re_europe
22169,Q1403350,Felix Bidembach,re_german_world,German world,1564.0,theologian,europe,re_europe
22175,Q55679952,Johann Kreiselmann,re_german_world,German world,1574.0,theologian,europe,re_europe
22183,Q1241409,Guillaume du Vair,re_france,France,1556.0,philosopher,europe,re_europe
22187,Q15428098,Paul Floren,re_german_world,German world,1550.0,theologian,europe,re_europe
22189,Q1986859,Nicolaus Petraeus,re_german_world,German world,1569.0,theologian,europe,re_europe
22191,Q15380260,Michel Riccio,re_france,France,1445.0,historian,europe,re_europe
22206,Q1368501,Esrom Ruedinger,re_german_world,German world,1523.0,historian | physicist,europe,re_europe
22209,Q71599,Johannes Buxtorf,re_german_world,German world,1565.0,theologian,europe,re_europe
22213,Q97984,Matthias Gretz,re_german_world,German world,1480.0,theologian | philosopher,europe,re_europe
22224,Q15839732,Paul Lang,re_german_world,German world,1460.0,historian,europe,re_europe
22227,Q6223171,John Bridgewater,re_france,France,1532.0,historian,europe,re_europe
22235,Q1698293,Johann Remmelin,re_german_world,German world,1583.0,physicist | mathematician,europe,re_europe
22249,Q108611141,Gabriel de Collange,re_france,France,1524.0,mathematician,europe,re_europe
22255,Q458885,Ambroise,re_france,France,1200.0,historian,europe,re_europe
22260,Q1696266,Johann Spangenberg,re_german_world,German world,1484.0,theologian,europe,re_europe
22261,Q1698262,Johannes Rivius,re_german_world,German world,1500.0,theologian,europe,re_europe
22262,Q12318967,Jakob Madsen Aarhus,re_nordic_countries,Nordic countries,1538.0,theologian | linguist,europe,re_europe
22263,Q88263,Petrus Kirstenius,re_nordic_countries,Nordic countries,1578.0,linguist,europe,re_europe
22269,Q2786274,Nicholas Goudanus,re_low_countries,Low countries,1517.0,theologian,europe,re_europe
22276,Q110614,Christoph Pezel,re_german_world,German world,1539.0,theologian,europe,re_europe
22285,Q1393426,Jacques Davy Duperron,re_france,France,1556.0,theologian,europe,re_europe
22291,Q72662,Urbanus Rhegius,re_german_world,German world,1489.0,theologian,europe,re_europe
22293,Q1619898,Hiob Magdeburg,re_german_world,German world,1518.0,theologian,europe,re_europe
22310,Q6215730,Johann Chrysostom Magnenus,re_france,France,1590.0,philosopher,europe,re_europe
22330,Q1085149,Christoph Herdesianus,re_german_world,German world,1523.0,theologian,europe,re_europe
22342,Q94866445,Georg Krieger,re_german_world,German world,1554.0,theologian,europe,re_europe
22355,Q23015642,Hubert Thomas,re_low_countries,Low countries,1495.0,historian,europe,re_europe
22363,Q116548,Konrad Pellikan,re_german_world,German world,1478.0,theologian,europe,re_europe
22371,Q1370726,Pierre Bersuire,re_france,France,1290.0,historian,europe,re_europe
22373,Q303435,Henry Suso,re_german_world,German world,1295.0,theologian | linguist | philosopher,europe,re_europe
22381,Q1471772,Georg Hänlin,re_france,France,1556.0,theologian,europe,re_europe
22385,Q65966193,Heinrich Kellner,re_german_world,German world,1536.0,historian,europe,re_europe
22395,Q3175129,Jean Yeuwain,re_low_countries,Low countries,1566.0,linguist,europe,re_europe
22399,Q437466,Rembert Dodoens,re_low_countries,Low countries,1517.0,botanist | physicist,europe,re_europe
22420,Q90922,Matthias Hafenreffer,re_german_world,German world,1561.0,theologian | mathematician,europe,re_europe
22431,Q14623201,Konrad von Zabern,re_german_world,German world,1500.0,musicologist,europe,re_europe
22444,Q27429939,Christoph Neander,re_german_world,German world,1566.0,philosopher,europe,re_europe
22454,Q74709,Christoph Rothmann,re_german_world,German world,1560.0,astronomer | mathematician,europe,re_europe
22463,Q5111653,Christoffer Dybvad,re_nordic_countries,Nordic countries,1578.0,mathematician,europe,re_europe
22476,Q667732,Felix Platter,re_german_world,German world,1536.0,botanist | anatomist,europe,re_europe
22479,Q1598339,Heinrich Moller,re_german_world,German world,1530.0,theologian,europe,re_europe
22490,Q1078915,Christian Baum,re_german_world,German world,1580.0,theologian,europe,re_europe
22505,Q560443,John of Leiden,re_german_world,German world,1509.0,theologian,europe,re_europe
22510,Q1505379,Georg Melhorn,re_german_world,German world,1513.0,theologian,europe,re_europe
22529,Q107696064,Andreas Hoius,re_france,France,1551.0,historian,europe,re_europe
22590,Q12796521,Mihael Poldt,re_german_world,German world,1548.0,theologian,europe,re_europe
22611,Q938869,Lucas Janszoon Waghenaer,re_low_countries,Low countries,1534.0,geographer,europe,re_europe
22635,Q2438005,Tobias Tandler,re_german_world,German world,1571.0,mathematician,europe,re_europe
22638,Q55901520,Peter Hecht,re_german_world,German world,1582.0,theologian,europe,re_europe
22650,Q1553838,Wilhelm Alard,re_german_world,German world,1572.0,theologian,europe,re_europe
22652,Q1620050,Hippolytus Steinwehr,re_german_world,German world,1500.0,theologian,europe,re_europe
22654,Q3431370,Richard de Saint-Laurent,re_france,France,1200.0,theologian,europe,re_europe
22659,Q329866,Abraham Cohen de Herrera,re_german_world,German world,1570.0,theologian | philosopher,europe,re_europe
22662,Q19687596,Ludwig Lutz,re_german_world,German world,1577.0,theologian | philosopher,europe,re_europe
22672,Q103171,Cyriakus Schneegass,re_german_world,German world,1546.0,theologian | musicologist,europe,re_europe
22676,Q76065,Caspar Hedio,re_france,France,1494.0,theologian | historian,europe,re_europe
22682,Q3188335,Jules-César Boulenger,re_france,France,1558.0,historian,europe,re_europe
22685,Q110854,Jakob Schegk,re_german_world,German world,1511.0,philosopher,europe,re_europe
22691,Q120986,Johannes Wolf,re_german_world,German world,1521.0,theologian,europe,re_europe
22698,Q3121530,Guy Autret de Missirien,re_france,France,1599.0,historian,europe,re_europe
22706,Q1679365,Jakob Stratner,re_german_world,German world,1500.0,theologian,europe,re_europe
22708,Q1677624,Jacob Schenck,re_german_world,German world,1508.0,theologian,europe,re_europe
22712,Q123842,Johann Baptist Cysat,re_german_world,German world,1585.0,astronomer | mathematician,europe,re_europe
22740,Q523113,Bernard Silvestris,re_france,France,1085.0,philosopher,europe,re_europe
22743,Q89089,Johann Faber of Heilbronn,re_german_world,German world,1504.0,theologian,europe,re_europe
22748,Q1080763,Christian Lange,re_german_world,German world,1585.0,theologian,europe,re_europe
22781,Q454349,Amandus Polanus,re_german_world,German world,1561.0,theologian,europe,re_europe
22786,Q348702,Adam Bartholomäus,re_german_world,German world,1505.0,theologian,europe,re_europe
22794,Q3173669,Jean Nagerel,re_france,France,1505.0,historian,europe,re_europe
22795,Q734885,Hilduin,re_france,France,775.0,historian,europe,re_europe
22802,Q110658,Jakob Miller,re_german_world,German world,1550.0,theologian,europe,re_europe
22805,Q351062,Adam Theodor Siber,re_german_world,German world,1563.0,linguist,europe,re_europe
22817,Q6076435,Isaac Habrecht II,re_france,France,1589.0,astronomer,europe,re_europe
22832,Q7192779,Pieter Gillis,re_low_countries,Low countries,1486.0,philosopher,europe,re_europe
22837,Q1698338,Johann Schiphower,re_german_world,German world,1463.0,historian,europe,re_europe
22846,Q1852000,Moses ben Joshua,re_france,France,1300.0,philosopher,europe,re_europe
22852,Q7172858,Peter Blomevenna,re_german_world,German world,1466.0,theologian,europe,re_europe
22872,Q349822,Sigfridus Aronus Forsius,re_nordic_countries,Nordic countries,1569.0,astronomer,europe,re_europe
22874,Q58465945,Andreas Alexander,re_german_world,German world,1475.0,mathematician,europe,re_europe
22875,Q1511724,Gerhard Hecker,re_german_world,German world,1470.0,theologian,europe,re_europe
22889,Q55679985,Justus Rösner,re_german_world,German world,1590.0,theologian,europe,re_europe
22893,Q1239570,Jean Tixier de Ravisi,re_france,France,1480.0,philosopher,europe,re_europe
22895,Q2228901,Andreas Cornelius,re_low_countries,Low countries,1550.0,historian,europe,re_europe
22903,Q4237397,Niels Krag,re_nordic_countries,Nordic countries,1568.0,historian,europe,re_europe
22911,Q55905933,Heinrich Urdemann,re_german_world,German world,1420.0,theologian,europe,re_europe
22916,Q3475906,Scipion Dupleix,re_france,France,1569.0,philosopher | historian,europe,re_europe
22918,Q1367280,Leonardus Lessius,re_low_countries,Low countries,1554.0,theologian,europe,re_europe
22919,Q88381,Berchtold Haller,re_german_world,German world,1492.0,theologian,europe,re_europe
22936,Q5493467,François du Souhait,re_france,France,1600.0,philosopher,europe,re_europe
22959,Q805635,Balthasar Menz,re_german_world,German world,1500.0,theologian,europe,re_europe
22962,Q900717,Gerhard Dorn,re_german_world,German world,1530.0,philosopher | chemist,europe,re_europe
22964,Q62570300,Jean Jolivet,re_france,France,1505.0,geographer,europe,re_europe
22968,Q500352,Andreas Schato,re_german_world,German world,1539.0,mathematician,europe,re_europe
22972,Q1308096,Johann Mantel,re_german_world,German world,1468.0,theologian,europe,re_europe
22985,Q57337,Anton Praetorius,re_german_world,German world,1560.0,theologian,europe,re_europe
22986,Q27921342,Colette van den Keere,re_low_countries,Low countries,1568.0,geographer,europe,re_europe
23001,Q115851,Theodore Bibliander,re_german_world,German world,1500.0,theologian | linguist,europe,re_europe
23007,Q111168359,Johann Georg Hochstater,re_german_world,German world,1580.0,theologian,europe,re_europe
23008,Q1678134,Jacques de Guyse,re_france,France,1334.0,historian,europe,re_europe
23011,Q805628,Balthasar Mentzer,re_german_world,German world,1565.0,theologian,europe,re_europe
23013,Q149930,Albin Moller,re_german_world,German world,1541.0,theologian | linguist,europe,re_europe
23019,Q4323,Albert of Aix,re_france,France,1060.0,historian,europe,re_europe
23020,Q103185,Balthasar Bidembach,re_german_world,German world,1533.0,theologian,europe,re_europe
23024,Q859889,Isaac La Peyrère,re_france,France,1596.0,theologian,europe,re_europe
23047,Q90830,Jacobus Theodorus Tabernaemontanus,re_german_world,German world,1522.0,botanist,europe,re_europe
23057,Q73983,Johann Schröder,re_german_world,German world,1600.0,pharmacologist | chemist,europe,re_europe
23065,Q41095850,Ébrard de Watten,re_france,France,1045.0,historian,europe,re_europe
23066,Q1698366,Johann Schradin,re_german_world,German world,1500.0,theologian,europe,re_europe
23070,Q1714504,Justus Feurborn,re_german_world,German world,1587.0,theologian,europe,re_europe
23073,Q27323,Friedrich Risner,re_german_world,German world,1533.0,mathematician,europe,re_europe
23075,Q60756,Leonhart Fuchs,re_german_world,German world,1501.0,botanist,europe,re_europe
23077,Q547901,Johannes Meursius,re_nordic_countries,Nordic countries,1579.0,historian,europe,re_europe
23082,Q1598246,Heinrich Maius,re_german_world,German world,1545.0,theologian,europe,re_europe
23087,Q3174084,Jean Porthaise,re_france,France,1520.0,theologian,europe,re_europe
23096,Q3484500,Simon de Phares,re_france,France,1444.0,astronomer,europe,re_europe
23108,Q2641914,Alexander Christiani,re_german_world,German world,1587.0,theologian | mathematician,europe,re_europe
23113,Q1695278,Johann Leon,re_german_world,German world,1531.0,theologian,europe,re_europe
23118,Q55123813,Nicolaus Baechem de Egmunda,re_low_countries,Low countries,1470.0,theologian,europe,re_europe
23129,Q104711,Christian Entfelder,re_german_world,German world,1526.0,theologian,europe,re_europe
23132,Q633094,Johannes Bureus,re_nordic_countries,Nordic countries,1568.0,archeologist | linguist | historian,europe,re_europe
23134,Q22210332,Antoine de Cousu,re_france,France,1600.0,musicologist,europe,re_europe
23142,Q809357,Bartholomäus Heynemann,re_german_world,German world,1600.0,philosopher,europe,re_europe
23146,Q15430809,Andreas Franckenberger,re_german_world,German world,1536.0,historian,europe,re_europe
23157,Q102223,Johannes Trygophorus,re_german_world,German world,1497.0,theologian,europe,re_europe
23164,Q94825223,Johann Georg Loew,re_german_world,German world,1565.0,philosopher,europe,re_europe
23165,Q338123,Samuel ibn Tibbon,re_france,France,1160.0,philosopher,europe,re_europe
23167,Q15549966,Melchior Nicolai,re_german_world,German world,1578.0,theologian,europe,re_europe
23171,Q55134142,Thomas Wegelin,re_german_world,German world,1577.0,theologian,europe,re_europe
23174,Q3290542,Marguerin de la Bigne,re_france,France,1546.0,theologian,europe,re_europe
23186,Q64137,Caspar Schwenckfeld,re_german_world,German world,1489.0,theologian | philosopher,europe,re_europe
23191,Q3363314,Jørgen Sadolin,re_nordic_countries,Nordic countries,1499.0,theologian,europe,re_europe
23209,Q118413,Kaspar Glatz,re_german_world,German world,1500.0,theologian,europe,re_europe
23219,Q294169,Jan Baptist van Helmont,re_low_countries,Low countries,1578.0,philosopher | physicist | chemist | anatomist,europe,re_europe
23236,Q50181871,Hieronymus Prunner,re_german_world,German world,1550.0,theologian,europe,re_europe
23241,Q316357,Luis Vives,re_low_countries,Low countries,1492.0,philosopher,europe,re_europe
23247,Q1499757,Gellio Sasceride,re_nordic_countries,Nordic countries,1562.0,astronomer,europe,re_europe
23248,Q2697956,Alpert of Metz,re_german_world,German world,1000.0,historian,europe,re_europe
23253,Q104115,Daniel Hitzler,re_france,France,1576.0,theologian,europe,re_europe
23272,Q101080,Ludwig Crocius,re_german_world,German world,1586.0,theologian,europe,re_europe
23281,Q805645,Balthasar Rhaw,re_german_world,German world,1527.0,theologian | historian,europe,re_europe
23290,Q182785,Geoffroy du Breuil,re_france,France,1200.0,historian,europe,re_europe
23295,Q3340181,Nicolas Caussin,re_france,France,1583.0,theologian,europe,re_europe
23298,Q1408608,Hieronymus Weller,re_german_world,German world,1499.0,theologian,europe,re_europe
23305,Q1687570,Jeremias Spiegel,re_german_world,German world,1589.0,theologian,europe,re_europe
23311,Q55133348,Nicolaus Weigel,re_german_world,German world,1350.0,theologian,europe,re_europe
23318,Q21545195,Gerhard Matthisius,re_german_world,German world,1522.0,theologian,europe,re_europe
23319,Q74541,Jakob Twinger von Königshofen,re_france,France,1346.0,historian,europe,re_europe
23322,Q108664,Marquard Freher,re_german_world,German world,1565.0,historian,europe,re_europe
23330,Q1416903,Heinrich Birnbaum,re_german_world,German world,1403.0,theologian,europe,re_europe
23355,Q21209116,Kaspar Uttenhofer,re_german_world,German world,1588.0,astronomer | mathematician,europe,re_europe
23378,Q3385840,Pierre Le Baud,re_france,France,1458.0,historian,europe,re_europe
23381,Q1873046,Lucas Brunn,re_german_world,German world,1572.0,mathematician,europe,re_europe
23386,Q94915704,Christoph Frick,re_german_world,German world,1577.0,theologian | musicologist,europe,re_europe
23397,Q2960534,Charles de Bourgueville,re_france,France,1504.0,historian,europe,re_europe
23398,Q21209068,Pierre de Saint-Joseph,re_france,France,1594.0,theologian | philosopher,europe,re_europe
23413,Q2848891,André du Croquet,re_france,France,1505.0,theologian,europe,re_europe
23428,Q1540005,Gottschalk Kruse,re_german_world,German world,1499.0,theologian,europe,re_europe
23435,Q63293895,Salvatore Cadana,re_france,France,1597.0,theologian,europe,re_europe
23440,Q3129976,Robert Gaguin,re_france,France,1434.0,philosopher | historian,europe,re_europe
23449,Q122751,Johannes Ardüser,re_german_world,German world,1585.0,mathematician,europe,re_europe
23456,Q1693762,Jan Jelecký,re_german_world,German world,1500.0,theologian,europe,re_europe
23464,Q112980,Andreas Angelus,re_german_world,German world,1561.0,historian,europe,re_europe
23465,Q1489503,Nicolaus Boie,re_german_world,German world,1500.0,theologian,europe,re_europe
23477,Q94912040,Georg Faber,re_german_world,German world,1575.0,philosopher,europe,re_europe
23481,Q1327912,Nicolaus Dedelow,re_german_world,German world,1400.0,theologian,europe,re_europe
23491,Q15446200,Johann Poltz,re_german_world,German world,1600.0,theologian,europe,re_europe
23502,Q514315,Georg Stiernhielm,re_nordic_countries,Nordic countries,1598.0,archeologist | philosopher | historian | mathematician,europe,re_europe
23503,Q94934641,Johann Huber,re_france,France,1573.0,theologian,europe,re_europe
23504,Q1090701,Stephan Gerlach,re_german_world,German world,1546.0,theologian,europe,re_europe
23507,Q324420,Nicolaus Taurellus,re_german_world,German world,1547.0,theologian | philosopher,europe,re_europe
23508,Q1329036,Elias Ehinger,re_german_world,German world,1573.0,theologian,europe,re_europe
23514,Q31161,Andreas Libavius,re_german_world,German world,1555.0,chemist,europe,re_europe
23529,Q1432518,Gerard of Florennes,re_france,France,975.0,political scientist,europe,re_europe
23530,Q60059,Albertus Magnus,re_german_world,German world,1193.0,zoologist | philosopher | botanist | musicologist | chemist | theologian | geographer | economist,europe,re_europe
23531,Q16185911,Anton Pietro Filippini,re_france,France,1529.0,historian,europe,re_europe
23533,Q467242,Geert Groote,re_low_countries,Low countries,1340.0,theologian,europe,re_europe
23549,Q809341,Bartholomäus Battus,re_german_world,German world,1571.0,theologian,europe,re_europe
23558,Q19959064,Zacharias Brendel,re_german_world,German world,1553.0,philosopher,europe,re_europe
23572,Q20180650,Elias Reusner,re_german_world,German world,1555.0,historian,europe,re_europe
23578,Q18222736,Valentin Leucht,re_german_world,German world,1550.0,theologian,europe,re_europe
23581,Q1628129,William of St-Thierry,re_france,France,1075.0,theologian | philosopher,europe,re_europe
23588,Q104688,Matthias Bernegger,re_france,France,1582.0,astronomer | linguist | mathematician,europe,re_europe
23594,Q94943552,Ulrich Zwingli,re_german_world,German world,1556.0,theologian,europe,re_europe
23602,Q4679852,Adam Steuart,re_low_countries,Low countries,1591.0,philosopher,europe,re_europe
23606,Q2508266,Valentin Curtius,re_german_world,German world,1493.0,theologian,europe,re_europe
23609,Q2333270,Henricus Antonides Nerdenus,re_low_countries,Low countries,1546.0,theologian,europe,re_europe
23611,Q365557,Rodolphus Agricola,re_german_world,German world,1444.0,philosopher,europe,re_europe
23616,Q109011,Hieronymus Schreiber,re_france,France,1600.0,astronomer | mathematician,europe,re_europe
23622,Q441066,Julius Caesar Scaliger,re_france,France,1484.0,philosopher,europe,re_europe
23624,Q84963,Julius von Pflug,re_german_world,German world,1499.0,theologian,europe,re_europe
23625,Q1576113,Jakob Gresel,re_german_world,German world,1483.0,theologian,europe,re_europe
23640,Q55193572,Georg Sohn,re_german_world,German world,1551.0,theologian,europe,re_europe
23643,Q5722572,Henry Harclay,re_france,France,1270.0,philosopher,europe,re_europe
23647,Q1692668,Johann Berckmann,re_german_world,German world,1450.0,theologian,europe,re_europe
23665,Q3309299,Michel Coignet,re_low_countries,Low countries,1549.0,geographer | mathematician,europe,re_europe
23669,Q310771,Ludolph van Ceulen,re_low_countries,Low countries,1540.0,mathematician,europe,re_europe
23670,Q3175415,Jean de Gagny,re_france,France,1401.0,theologian,europe,re_europe
23671,Q1438509,Hermann von Lerbeck,re_german_world,German world,1345.0,historian,europe,re_europe
23676,Q1697874,Johannes Krabbe,re_german_world,German world,1553.0,geographer | astronomer | mathematician,europe,re_europe
23683,Q190944,Jean Bodin,re_france,France,1530.0,historian | philosopher | economist | political scientist,europe,re_europe
23687,Q107361,Johannes Freitagius,re_low_countries,Low countries,1581.0,philosopher,europe,re_europe
23689,Q77709,Georg Braun,re_german_world,German world,1542.0,geographer,europe,re_europe
23694,Q17174414,Claude Aubery,re_france,France,1501.0,philosopher,europe,re_europe
23707,Q62688,Zacharias Ursinus,re_german_world,German world,1534.0,theologian,europe,re_europe
23737,Q1486995,Matthew Rader,re_german_world,German world,1561.0,historian,europe,re_europe
23739,Q125009,Nicholas Magni,re_german_world,German world,1355.0,theologian,europe,re_europe
23748,Q1089729,James of Hesbaye,re_low_countries,Low countries,1260.0,musicologist,europe,re_europe
23753,Q819521,"John VII, Count of Nassau-Siegen",re_german_world,German world,1561.0,historian,europe,re_europe
23764,Q1677643,Jakob Strauß,re_german_world,German world,1480.0,theologian,europe,re_europe
23767,Q6034276,Nicolaus Palumbus,re_nordic_countries,Nordic countries,1568.0,theologian,europe,re_europe
23768,Q103653,Johann Pfeffinger,re_german_world,German world,1493.0,theologian,europe,re_europe
23781,Q112281949,Michel Roussel,re_france,France,1550.0,historian,europe,re_europe
23785,Q355194,Ari Þorgilsson,re_nordic_countries,Nordic countries,1067.0,historian,europe,re_europe
23796,Q6291070,Josse Ravesteyn,re_low_countries,Low countries,1506.0,theologian,europe,re_europe
23798,Q105344288,Balthasar Dietrich,re_german_world,German world,1527.0,theologian,europe,re_europe
23800,Q583119,Gilbert de La Porrée,re_france,France,1070.0,theologian | philosopher,europe,re_europe
23820,Q2977250,Claude Dausque,re_low_countries,Low countries,1566.0,theologian,europe,re_europe
23821,Q707285,Jacques Cujas,re_france,France,1522.0,philosopher,europe,re_europe
23830,Q18530350,Matthias Pasor,re_german_world,German world,1599.0,linguist | philosopher,europe,re_europe
23835,Q20180771,Erasmus Stockmann,re_german_world,German world,1544.0,physicist | mathematician,europe,re_europe
23846,Q6119888,Jacobus Taurinus,re_low_countries,Low countries,1576.0,theologian,europe,re_europe
23847,Q455874,Regino of Prüm,re_german_world,German world,842.0,musicologist,europe,re_europe
23849,Q232916,Abraham Ortelius,re_low_countries,Low countries,1527.0,geographer | historian,europe,re_europe
23854,Q2745910,Jacques De Meyer,re_low_countries,Low countries,1491.0,historian,europe,re_europe
23860,Q4453681,Erik Jöransson Tegel,re_nordic_countries,Nordic countries,1563.0,historian,europe,re_europe
23861,Q77472,Cornelius Becker,re_german_world,German world,1561.0,theologian,europe,re_europe
23866,Q4256415,Levi ben Abraham ben Hayyim,re_france,France,1245.0,astronomer | philosopher | mathematician,europe,re_europe
23871,Q1955396,Arnold Wachtendonck,re_low_countries,Low countries,1538.0,theologian,europe,re_europe
23872,Q15821159,Johann Baptist Weiganmeir,re_german_world,German world,1587.0,philosopher,europe,re_europe
23873,Q1698178,Johannes Polyander,re_low_countries,Low countries,1568.0,theologian,europe,re_europe
23874,Q2348815,Georges Fournier,re_france,France,1595.0,geographer | mathematician,europe,re_europe
23876,Q1871808,Louis Lallemant,re_france,France,1578.0,theologian,europe,re_europe
23887,Q21200763,Niels Poulsen Schandorph,re_nordic_countries,Nordic countries,1596.0,theologian,europe,re_europe
23904,Q18334973,Ursula Weyda,re_german_world,German world,1504.0,theologian,europe,re_europe
23913,Q2417341,Theodor Berckelmann,re_german_world,German world,1576.0,theologian,europe,re_europe
23928,Q64014,Nikolaus Selnecker,re_german_world,German world,1530.0,theologian,europe,re_europe
23930,Q1294353,Johannes Canter,re_low_countries,Low countries,1424.0,astronomer,europe,re_europe
23960,Q1712294,Stephan Kempe,re_german_world,German world,1500.0,theologian,europe,re_europe
23962,Q3383950,Pierre Berthauld,re_france,France,1600.0,historian,europe,re_europe
23983,Q1271677,Matthaeus Richter,re_german_world,German world,1528.0,theologian,europe,re_europe
23987,Q156902,Primož Trubar,re_german_world,German world,1508.0,theologian,europe,re_europe
23997,Q2746075,Joanes Leizarraga,re_france,France,1506.0,linguist,europe,re_europe
24008,Q109666,Melchior Rink,re_german_world,German world,1494.0,theologian,europe,re_europe
24010,Q1279821,Ebert Baldewein,re_german_world,German world,1525.0,astronomer,europe,re_europe
24013,Q1125307,Tilmann von Lyn,re_german_world,German world,1480.0,theologian,europe,re_europe
24018,Q747321,Melchior Tavernier (II),re_france,France,1594.0,geographer,europe,re_europe
24041,Q7966540,Walter of St Victor,re_france,France,1150.0,theologian,europe,re_europe
24057,Q21545919,"Janus Dousa, the son",re_low_countries,Low countries,1572.0,historian,europe,re_europe
24061,Q2061644,Paul Pfinzing,re_german_world,German world,1554.0,geographer,europe,re_europe
24071,Q19999662,Augustin du Paz,re_france,France,1505.0,historian,europe,re_europe
24078,Q76141,Johannes Piscator,re_german_world,German world,1546.0,theologian,europe,re_europe
24081,Q1615494,Johannes Ludecus,re_german_world,German world,1500.0,theologian,europe,re_europe
24087,Q289626,Étienne Dupérac,re_france,France,1525.0,geographer,europe,re_europe
24094,Q1505423,Georg Muestinger,re_german_world,German world,1400.0,astronomer,europe,re_europe
24108,Q810169,Basil Valentine,re_german_world,German world,1394.0,chemist,europe,re_europe
24111,Q120138,Rudolf Gwalther,re_german_world,German world,1519.0,theologian,europe,re_europe
24120,Q2508426,Valentin Preuenhueber,re_german_world,German world,1600.0,historian,europe,re_europe
24123,Q677718,Paulus Renealmus,re_france,France,1560.0,botanist,europe,re_europe
24129,Q1904579,Martin Mirus,re_german_world,German world,1532.0,theologian,europe,re_europe
24147,Q358629,Jacobus Revius,re_low_countries,Low countries,1586.0,theologian,europe,re_europe
24172,Q1677966,Jacques Dupuy,re_france,France,1591.0,historian,europe,re_europe
24175,Q1237716,Dominicus Sleupner,re_german_world,German world,1483.0,theologian,europe,re_europe
24181,Q3013222,Pierre de Corte,re_low_countries,Low countries,1491.0,theologian,europe,re_europe
24193,Q3592436,Étienne de Rouen,re_france,France,1150.0,historian,europe,re_europe
24200,Q435942,Otto of Freising,re_france,France,1111.0,historian,europe,re_europe
24202,Q1733088,Carl Stengel,re_german_world,German world,1581.0,historian,europe,re_europe
24221,Q110915,Erasmus Schmidt,re_german_world,German world,1570.0,mathematician,europe,re_europe
24236,Q1677552,Jacob Knade,re_german_world,German world,1490.0,theologian,europe,re_europe
24243,Q19280608,Matthaeus Herbenus,re_low_countries,Low countries,1451.0,musicologist,europe,re_europe
24246,Q56459924,Pierre Labat,re_france,France,1600.0,theologian,europe,re_europe
24247,Q86250,Eilhard Lubinus,re_german_world,German world,1565.0,theologian | geographer | philosopher | mathematician,europe,re_europe
24250,Q3160356,Jacques de Vau de Claye,re_france,France,1550.0,geographer,europe,re_europe
24273,Q2571630,Wilhelm Adolf Scribonius,re_german_world,German world,1550.0,philosopher | botanist,europe,re_europe
24314,Q110918,Georg Zingel,re_german_world,German world,1428.0,theologian,europe,re_europe
24322,Q3174141,Jean Puget de la Serre,re_france,France,1594.0,historian,europe,re_europe
24326,Q1693485,Johann Friderich,re_german_world,German world,1563.0,historian,europe,re_europe
24362,Q75977,Christoph Hegendorff,re_german_world,German world,1500.0,theologian,europe,re_europe
24365,Q752061,Astrónomus,re_france,France,800.0,historian,europe,re_europe
24377,Q540799,Gregory of Rimini,re_german_world,German world,1300.0,theologian | philosopher,europe,re_europe
24380,Q308161,Abdias Praetorius,re_german_world,German world,1524.0,theologian,europe,re_europe
24394,Q72274,Johannes Crellius,re_low_countries,Low countries,1590.0,theologian,europe,re_europe
24405,Q668608,Henri de Valenciennes,re_france,France,1200.0,historian,europe,re_europe
24410,Q89653,Paul Felgenhauer,re_german_world,German world,1593.0,theologian,europe,re_europe
24423,Q15451952,Georg Gutke,re_german_world,German world,1589.0,philosopher,europe,re_europe
24425,Q61044,Albertus de Saxonia,re_german_world,German world,1316.0,philosopher | mathematician,europe,re_europe
24441,Q4403683,Jean Savaron,re_france,France,1566.0,historian,europe,re_europe
24453,Q980968,Johannes Silvius,re_low_countries,Low countries,1564.0,theologian,europe,re_europe
24456,Q1910548,Matthäus Röseler,re_german_world,German world,1522.0,astronomer | mathematician,europe,re_europe
24457,Q1505197,Georg Lilien,re_german_world,German world,1597.0,theologian,europe,re_europe
24467,Q15448602,Hans Heinrich Wägmann,re_german_world,German world,1557.0,geographer,europe,re_europe
24479,Q333372,Carolus Clusius,re_low_countries,Low countries,1526.0,botanist | zoologist,europe,re_europe
24484,Q10285493,Franciscus Parcovius,re_german_world,German world,1560.0,mathematician,europe,re_europe
24492,Q1715063,Jón Þórðarson,re_nordic_countries,Nordic countries,1400.0,historian,europe,re_europe
24508,Q1159884,Daniel Meyer,re_german_world,German world,1490.0,theologian,europe,re_europe
24518,Q1821915,Levinus Battus,re_german_world,German world,1545.0,mathematician,europe,re_europe
24540,Q942866,Nicolas Coeffeteau,re_france,France,1574.0,theologian | historian,europe,re_europe
24543,Q5590143,Jonas Bure,re_nordic_countries,Nordic countries,1575.0,geographer,europe,re_europe
24545,Q1326717,Friedrich Hortleder,re_german_world,German world,1579.0,historian,europe,re_europe
24558,Q21282803,Thomas Thomasz,re_low_countries,Low countries,1540.0,geographer,europe,re_europe
24559,Q1341544,Johannes Baazius,re_nordic_countries,Nordic countries,1581.0,theologian,europe,re_europe
24569,Q19588598,Andreas Fulda,re_german_world,German world,1534.0,theologian,europe,re_europe
24570,Q1695345,Johann Ludwig Gottfried,re_german_world,German world,1584.0,theologian,europe,re_europe
24571,Q1441646,Gerd Slewert,re_german_world,German world,1492.0,theologian,europe,re_europe
24573,Q3419323,Raoul de Presles,re_france,France,1316.0,theologian,europe,re_europe
24583,Q353668,Guillaume Budé,re_france,France,1467.0,philosopher,europe,re_europe
24584,Q253974,Flodoard,re_france,France,894.0,historian,europe,re_europe
24593,Q3435231,Robert Girard,re_france,France,1575.0,theologian,europe,re_europe
24608,Q1964653,Gabriel Sagard,re_france,France,1590.0,anthropologist,europe,re_europe
24609,Q57654591,Bartholomaeus Coppen,re_german_world,German world,1565.0,theologian,europe,re_europe
24612,Q5741013,Hermann Thyraeus,re_german_world,German world,1532.0,theologian,europe,re_europe
24620,Q1870124,Lorenz Peckenstein,re_german_world,German world,1549.0,historian,europe,re_europe
24624,Q94893095,Michael Bär,re_german_world,German world,1589.0,theologian,europe,re_europe
24630,Q114671,Christoph Schappeler,re_german_world,German world,1472.0,theologian,europe,re_europe
24632,Q24951263,Raymond of Marseilles,re_france,France,1150.0,astronomer,europe,re_europe
24640,Q2856857,Antoine de la Roche Chandieu,re_france,France,1534.0,theologian,europe,re_europe
24651,Q97464,Georg Pictorius,re_german_world,German world,1500.0,philosopher,europe,re_europe
24653,Q21664131,Johann Petersen,re_german_world,German world,1500.0,historian,europe,re_europe
24667,Q10320226,Lucas Trelcatius,re_low_countries,Low countries,1542.0,theologian,europe,re_europe
24686,Q27493929,Petrus Olai,re_nordic_countries,Nordic countries,1490.0,historian,europe,re_europe
24695,Q1505091,Georg König,re_german_world,German world,1590.0,theologian,europe,re_europe
24709,Q55848694,Johann Brandmüller,re_german_world,German world,1533.0,theologian,europe,re_europe
24724,Q2383250,Jean Taisner,re_german_world,German world,1508.0,mathematician,europe,re_europe
24733,Q39933934,Johannes Cluto,re_german_world,German world,1600.0,theologian,europe,re_europe
24734,Q1066542,Charles de Condren,re_france,France,1588.0,theologian | philosopher,europe,re_europe
24749,Q1538605,Kaspar Alexius,re_france,France,1581.0,theologian,europe,re_europe
24773,Q66459421,Jean Rivius,re_german_world,German world,1599.0,theologian,europe,re_europe
24791,Q1873033,Lucas Bacmeister,re_german_world,German world,1530.0,theologian,europe,re_europe
24808,Q1079843,Christian Gilbert de Spaignart,re_german_world,German world,1600.0,theologian,europe,re_europe
24810,Q3159951,Jacques Sabon,re_german_world,German world,1600.0,theologian,europe,re_europe
24814,Q3058710,Esschius,re_low_countries,Low countries,1507.0,theologian,europe,re_europe
24818,Q1348037,Erasmus Flock,re_german_world,German world,1514.0,astronomer | mathematician,europe,re_europe
24819,Q315347,Peter Lombard,re_france,France,1100.0,theologian,europe,re_europe
24820,Q1504410,Georg Gadner,re_german_world,German world,1522.0,geographer,europe,re_europe
24824,Q596299,Scévole de Sainte-Marthe,re_france,France,1571.0,historian,europe,re_europe
24826,Q2898811,Bernard de Girard Haillan,re_france,France,1535.0,historian,europe,re_europe
24836,Q15452774,Germanus Luidke,re_german_world,German world,1592.0,theologian,europe,re_europe
24862,Q1689821,Mathias Cremerius Peltzer,re_german_world,German world,1465.0,theologian,europe,re_europe
24868,Q1539354,Gottfried Maschop,re_german_world,German world,1501.0,geographer,europe,re_europe
24881,Q107482735,Gerard Eligius,re_low_countries,Low countries,1590.0,historian,europe,re_europe
24889,Q257351,Herrad of Landsberg,re_france,France,1125.0,philosopher,europe,re_europe
24891,Q94927898,Stutte Wikbold,re_german_world,German world,1340.0,theologian,europe,re_europe
24901,Q60854,Johannes Valentinus Andreae,re_german_world,German world,1586.0,theologian | mathematician,europe,re_europe
24912,Q107183,Johannes Aesticampianus,re_german_world,German world,1457.0,theologian | botanist,europe,re_europe
24914,Q1695275,Johann Leisentritt,re_german_world,German world,1527.0,theologian,europe,re_europe
24915,Q76579,Georgius Agricola,re_german_world,German world,1494.0,geologist | philosopher | historian | chemist,europe,re_europe
24924,Q689252,Jans der Enikel,re_german_world,German world,1300.0,historian,europe,re_europe
24932,Q2735514,Johannes Foeniseca,re_german_world,German world,1500.0,mathematician,europe,re_europe
24953,Q388699,Antoine de Laloubère,re_france,France,1600.0,mathematician,europe,re_europe
24954,Q1048037,Caspar Sibelius,re_low_countries,Low countries,1590.0,theologian,europe,re_europe
24961,Q94941284,Martin Wolder,re_german_world,German world,1599.0,theologian,europe,re_europe
24971,Q2465880,Petrus Montanus,re_low_countries,Low countries,1595.0,linguist,europe,re_europe
24972,Q818900,Berechiah ha-Nakdan,re_france,France,1200.0,linguist,europe,re_europe
24976,Q497094,Andreas Fabricius,re_german_world,German world,1528.0,theologian,europe,re_europe
24981,Q3295850,Martine Bertereau,re_france,France,1590.0,geologist,europe,re_europe
25025,Q123417,Thomas Erastus,re_german_world,German world,1524.0,theologian,europe,re_europe
25037,Q1176429,David Runge,re_german_world,German world,1564.0,theologian,europe,re_europe
25042,Q356513,Jacques Lefèvre d'Étaples,re_france,France,1450.0,theologian | musicologist | philosopher,europe,re_europe
25049,Q1482453,Johannes Corputius,re_low_countries,Low countries,1542.0,geographer,europe,re_europe
25065,Q61369,Gabriel Biel,re_german_world,German world,1418.0,theologian | philosopher,europe,re_europe
25070,Q61359,Johann Arndt,re_german_world,German world,1556.0,theologian,europe,re_europe
25072,Q27123045,Johannes Vervaux,re_german_world,German world,1586.0,historian,europe,re_europe
25073,Q95729,William of Hirsau,re_german_world,German world,1030.0,theologian | musicologist,europe,re_europe
25079,Q326684,Johann Heynlin,re_german_world,German world,1430.0,theologian | philosopher,europe,re_europe
25080,Q1346009,Ludolf Quirre,re_german_world,German world,1395.0,theologian,europe,re_europe
25081,Q110553,Heinrich Zell,re_german_world,German world,1501.0,geographer | astronomer,europe,re_europe
25084,Q18945814,Vincent Léotaud,re_france,France,1595.0,mathematician,europe,re_europe
25088,Q27561046,Johann Friedrich Matenesius,re_german_world,German world,1580.0,historian,europe,re_europe
25095,Q1776853,Ottmar Stab,re_german_world,German world,1508.0,theologian,europe,re_europe
25103,Q94934533,Jonas Baier,re_german_world,German world,1585.0,theologian,europe,re_europe
25112,Q3100339,Guillaume de La Perrière,re_france,France,1503.0,philosopher,europe,re_europe
25126,Q3173157,Jean Lejeune,re_france,France,1592.0,theologian,europe,re_europe
25130,Q110267,Rudolph Clenck,re_german_world,German world,1528.0,theologian,europe,re_europe
25132,Q1694711,Pierre Gallisard,re_france,France,1500.0,theologian,europe,re_europe
25142,Q2712134,Petrus Bertius,re_france,France,1565.0,geographer | mathematician,europe,re_europe
25161,Q435456,William Farel,re_german_world,German world,1489.0,theologian,europe,re_europe
25171,Q96185,Neocorus,re_german_world,German world,1550.0,historian,europe,re_europe
25184,Q3289849,Hans Svaning,re_nordic_countries,Nordic countries,1503.0,historian,europe,re_europe
25186,Q912761,Peter Helias,re_france,France,1100.0,linguist,europe,re_europe
25192,Q100371297,Johannes Kornmann,re_german_world,German world,1587.0,historian,europe,re_europe
25199,Q55124000,Leonhard Culmann,re_german_world,German world,1497.0,theologian,europe,re_europe
25200,Q588358,Anton Bocatius,re_german_world,German world,1600.0,theologian,europe,re_europe
25207,Q1617596,Hieronymus Rauscher,re_german_world,German world,1500.0,theologian,europe,re_europe
25214,Q15456174,Rupert Erythropel,re_german_world,German world,1556.0,theologian,europe,re_europe
25217,Q214522,Johann Wolff,re_german_world,German world,1537.0,theologian | historian,europe,re_europe
25221,Q1629652,Nicolaus Pruckner,re_german_world,German world,1494.0,theologian | astronomer | mathematician,europe,re_europe
25235,Q1599321,Melchior Jöstel,re_german_world,German world,1559.0,mathematician,europe,re_europe
25240,Q21637859,Nicolaas van der Horst,re_low_countries,Low countries,1598.0,geographer,europe,re_europe
25252,Q463570,Ole Worm,re_nordic_countries,Nordic countries,1588.0,zoologist | physicist | archeologist | historian,europe,re_europe
25256,Q3471204,Samuel Petit,re_france,France,1594.0,historian,europe,re_europe
25260,Q15438191,Daniel Tossanus,re_german_world,German world,1590.0,theologian,europe,re_europe
25271,Q1313487,Matthias von Kemnat,re_german_world,German world,1429.0,historian,europe,re_europe
25289,Q3592067,Étienne Binet,re_france,France,1569.0,theologian,europe,re_europe
25291,Q1444652,Johannes Crocius,re_german_world,German world,1590.0,theologian,europe,re_europe
25301,Q1927136,Michael Caspar Lundorp,re_german_world,German world,1580.0,historian,europe,re_europe
25304,Q743918,Henricus Regius,re_low_countries,Low countries,1598.0,philosopher | physicist,europe,re_europe
25307,Q1126897,Conrad Lycosthenes,re_german_world,German world,1518.0,theologian,europe,re_europe
25308,Q109091,Philipp Müller,re_german_world,German world,1585.0,mathematician,europe,re_europe
25313,Q78106587,Ernst Stisser,re_german_world,German world,1595.0,theologian,europe,re_europe
25341,Q804757,Baldemar von Petterweil,re_german_world,German world,1320.0,historian,europe,re_europe
25344,Q69253,Konrad Wimpina,re_german_world,German world,1460.0,theologian,europe,re_europe
25353,Q99420,Heinrich Bünting,re_german_world,German world,1545.0,theologian | geographer,europe,re_europe
25354,Q809376,Bartholomaeus Schönborn,re_german_world,German world,1530.0,astronomer | physicist | mathematician,europe,re_europe
25361,Q91154,Reimar Kock,re_german_world,German world,1500.0,theologian,europe,re_europe
25369,Q3828133,Lawrence Beyerlinck,re_low_countries,Low countries,1578.0,theologian,europe,re_europe
25372,Q55122976,Christoph Gewold,re_german_world,German world,1556.0,historian,europe,re_europe
25374,Q931436,János Zsámboky,re_german_world,German world,1531.0,linguist | philosopher | historian,europe,re_europe
25377,Q638418,Aernout van Buchel,re_low_countries,Low countries,1565.0,archeologist,europe,re_europe
25378,Q54913154,Thomas Henrici,re_german_world,German world,1597.0,theologian,europe,re_europe
25381,Q2066187,Peder Aagesen,re_nordic_countries,Nordic countries,1546.0,theologian,europe,re_europe
25403,Q435311,Matthias Flacius,re_german_world,German world,1520.0,theologian | historian,europe,re_europe
25405,Q2016103,Johannes a Leydis,re_low_countries,Low countries,1401.0,historian,europe,re_europe
25430,Q728991,Caspar Barlaeus,re_low_countries,Low countries,1584.0,theologian | geographer | historian,europe,re_europe
25437,Q3159274,Jacobus Latomus,re_low_countries,Low countries,1475.0,theologian,europe,re_europe
25447,Q77277,Heinrich Meibom,re_german_world,German world,1555.0,historian,europe,re_europe
25462,Q1374720,William Ames,re_low_countries,Low countries,1576.0,theologian | philosopher,europe,re_europe
25505,Q94870777,Johann Hagendorn,re_german_world,German world,1563.0,theologian,europe,re_europe
25506,Q3170878,Jean Bouchet,re_france,France,1476.0,historian,europe,re_europe
25516,Q353532,Alfonso de Castro,re_low_countries,Low countries,1494.0,theologian,europe,re_europe
25522,Q20747393,Wigand Orth,re_german_world,German world,1537.0,theologian,europe,re_europe
25525,Q15990449,Jakob Ramminger,re_german_world,German world,1535.0,geographer,europe,re_europe
25529,Q1697707,Johannes Hoffmann von Schweidnitz,re_german_world,German world,1375.0,theologian,europe,re_europe
25530,Q1697415,Johannes Dinckel,re_german_world,German world,1545.0,theologian,europe,re_europe
25537,Q1374486,Nikolaus Beuck,re_german_world,German world,1523.0,theologian,europe,re_europe
25542,Q74248,Johannes Aepinus,re_german_world,German world,1499.0,theologian,europe,re_europe
25546,Q55124802,Heinrich Isselburg,re_german_world,German world,1577.0,theologian,europe,re_europe
25554,Q3109731,Godfrey of St Victor,re_france,France,1125.0,theologian | philosopher,europe,re_europe
25556,Q2085980,Philibert Jambe de Fer,re_france,France,1515.0,musicologist,europe,re_europe
25558,Q102323,Snorri Sturluson,re_nordic_countries,Nordic countries,1179.0,historian,europe,re_europe
25567,Q54862817,Nikolaus Ellenbog,re_german_world,German world,1481.0,theologian,europe,re_europe
25578,Q92506,Johann Carion,re_german_world,German world,1499.0,historian | mathematician,europe,re_europe
25586,Q170267,Andreas Vesalius,re_low_countries,Low countries,1515.0,anatomist,europe,re_europe
25598,Q1458313,Friedrich Balduin,re_german_world,German world,1575.0,theologian,europe,re_europe
25603,Q94831129,Johann Willerding,re_german_world,German world,1594.0,theologian,europe,re_europe
25606,Q78447,Andreas Musculus,re_german_world,German world,1514.0,theologian,europe,re_europe
25608,Q1640529,Lazare de Baïf,re_france,France,1496.0,linguist | philosopher,europe,re_europe
25609,Q29556776,Sixtus Braun,re_german_world,German world,1550.0,historian,europe,re_europe
25613,Q713901,Johannes de Garlandia,re_low_countries,Low countries,1270.0,musicologist,europe,re_europe
25622,Q762,Leonardo da Vinci,re_france,France,1452.0,zoologist | physicist | philosopher | botanist | astronomer | mathematician | chemist | anatomist,europe,re_europe
25634,Q94912456,Bartholomäus Wagner,re_german_world,German world,1560.0,theologian,europe,re_europe
25636,Q1630155,Estienne de La Roche,re_france,France,1470.0,mathematician,europe,re_europe
25664,Q12331687,Peter Payngk,re_nordic_countries,Nordic countries,1575.0,chemist,europe,re_europe
25670,Q219639,William Tyndale,re_low_countries,Low countries,1494.0,theologian | linguist,europe,re_europe
25672,Q95768,David Origanus,re_german_world,German world,1558.0,astronomer | mathematician,europe,re_europe
25673,Q1399489,Hermann Tulichius,re_german_world,German world,1486.0,theologian,europe,re_europe
25688,Q94869773,Sebald Parreuter,re_german_world,German world,1532.0,theologian,europe,re_europe
25690,Q306658,Abbo of Fleury,re_france,France,945.0,philosopher | mathematician,europe,re_europe
25707,Q15877030,Joannes Mantelius,re_low_countries,Low countries,1599.0,geographer | historian,europe,re_europe
25722,Q122059,Gerhoh of Reichersberg,re_german_world,German world,1092.0,theologian,europe,re_europe
25724,Q1697822,Johannes Karg,re_german_world,German world,1525.0,theologian | historian,europe,re_europe
25726,Q124121,Franciscus Irenicus,re_german_world,German world,1495.0,theologian | historian,europe,re_europe
25747,Q1003681,François d'Aguilon,re_low_countries,Low countries,1567.0,physicist | mathematician,europe,re_europe
25756,Q121696,Johann Renner,re_german_world,German world,1525.0,historian,europe,re_europe
25763,Q5492403,Frans Tengnagel,re_low_countries,Low countries,1576.0,astronomer,europe,re_europe
25769,Q318742,Girolamo Zanchi,re_german_world,German world,1516.0,theologian,europe,re_europe
25788,Q3340851,Nicolas Vignier,re_france,France,1575.0,theologian,europe,re_europe
25790,Q2062473,Paul Slevogt,re_german_world,German world,1596.0,philosopher,europe,re_europe
25801,Q16026626,William of Saint-Cloud,re_france,France,1300.0,astronomer,europe,re_europe
25803,Q1685457,Jean Crespin,re_france,France,1520.0,theologian | historian,europe,re_europe
25812,Q371882,Claude Gaspar Bachet de Méziriac,re_france,France,1581.0,mathematician,europe,re_europe
25817,Q21016928,Jodocus Hondius II,re_low_countries,Low countries,1593.0,geographer,europe,re_europe
25837,Q5661,Lambert of Ardres,re_france,France,1160.0,historian,europe,re_europe
25850,Q493014,Louis Bourgeois,re_france,France,1510.0,musicologist,europe,re_europe
25856,Q1080831,Christian Liebenthal,re_german_world,German world,1586.0,philosopher,europe,re_europe
25857,Q1567143,Albert Grawer,re_german_world,German world,1575.0,theologian,europe,re_europe
25859,Q5978482,Martin O. Nycopensis,re_nordic_countries,Nordic countries,1596.0,astronomer | mathematician,europe,re_europe
25865,Q21545896,Wilhelm Hilden,re_german_world,German world,1551.0,mathematician,europe,re_europe
25869,Q543373,Étienne Tempier,re_france,France,1210.0,theologian,europe,re_europe
25872,Q3166217,Jean-Jacques Chifflet,re_low_countries,Low countries,1588.0,archeologist,europe,re_europe
25882,Q1698081,Johann Neldel,re_german_world,German world,1554.0,philosopher,europe,re_europe
25900,Q69764651,Gaillard Guiran,re_france,France,1600.0,historian,europe,re_europe
25916,Q1598617,Heinrich Rimphoff,re_german_world,German world,1599.0,theologian,europe,re_europe
25924,Q200463,Guido da Vigevano,re_france,France,1280.0,anatomist,europe,re_europe
25945,Q7151970,Paul Laymann,re_german_world,German world,1574.0,theologian | philosopher,europe,re_europe
25953,Q1700893,John Lutterell,re_france,France,1250.0,theologian | philosopher,europe,re_europe
25954,Q2202637,Theodorus Schrevelius,re_low_countries,Low countries,1572.0,linguist,europe,re_europe
25964,Q1690494,Joachim Stephani,re_german_world,German world,1544.0,philosopher | mathematician,europe,re_europe
25977,Q55908698,Heinrich Erni,re_german_world,German world,1565.0,theologian,europe,re_europe
25978,Q15485386,Heinrich von Dissen,re_german_world,German world,1415.0,theologian,europe,re_europe
25984,Q3635292,Bartholomäus Westheimer,re_france,France,1499.0,theologian,europe,re_europe
25985,Q326158,Guillaume Costeley,re_france,France,1531.0,musicologist,europe,re_europe
26000,Q94893740,Salomon Winther,re_german_world,German world,1526.0,theologian,europe,re_europe
26001,Q101319,Tobias Adami,re_german_world,German world,1581.0,philosopher,europe,re_europe
26025,Q723274,John Robinson,re_low_countries,Low countries,1575.0,theologian,europe,re_europe
26030,Q3340832,Nicolas Vallard,re_france,France,1600.0,geographer,europe,re_europe
26032,Q1928888,Michael Philipp Beuther,re_german_world,German world,1564.0,theologian,europe,re_europe
26034,Q1541778,Michael Keller,re_german_world,German world,1490.0,theologian,europe,re_europe
26048,Q108908999,Ambrosius Salzer,re_german_world,German world,1476.0,theologian,europe,re_europe
26049,Q1679450,Jacob van Hoogstraten,re_german_world,German world,1460.0,theologian,europe,re_europe
26063,Q785925,Gerardus Vossius,re_low_countries,Low countries,1577.0,theologian | musicologist | linguist | historian,europe,re_europe
26067,Q1617529,Hieronymus Besold,re_german_world,German world,1520.0,theologian,europe,re_europe
26074,Q18012061,Johan Caterus,re_low_countries,Low countries,1590.0,theologian,europe,re_europe
26081,Q1612808,Hermann Fley,re_german_world,German world,1575.0,historian,europe,re_europe
26092,Q459604,Autpert Ambrose,re_france,France,730.0,theologian,europe,re_europe
26093,Q90351,Konrad Hubert,re_france,France,1507.0,theologian,europe,re_europe
26096,Q94852579,Georg Caesius,re_german_world,German world,1543.0,astronomer,europe,re_europe
26098,Q91036,Hermann Wilken,re_german_world,German world,1522.0,mathematician,europe,re_europe
26101,Q1613237,Joachim Tancke,re_german_world,German world,1557.0,astronomer,europe,re_europe
26110,Q3561167,Vitale Zuccolo,re_german_world,German world,1556.0,theologian,europe,re_europe
26112,Q8321471,Jean de Beins,re_france,France,1577.0,geographer,europe,re_europe
26126,Q95007414,Franz Ritter,re_german_world,German world,1579.0,astronomer | mathematician,europe,re_europe
26150,Q324150,Jean Robin,re_france,France,1550.0,botanist,europe,re_europe
26156,Q2643484,Alexander Suchten,re_german_world,German world,1520.0,physicist,europe,re_europe
26183,Q87535,Nikolaus Gerbel,re_france,France,1485.0,theologian,europe,re_europe
26195,Q41568,Michel de Montaigne,re_france,France,1533.0,philosopher,europe,re_europe
26199,Q2433218,Tilemann Krage,re_german_world,German world,1520.0,theologian,europe,re_europe
26202,Q99453,Johann Bugenhagen,re_german_world,German world,1527.0,theologian,europe,re_europe
26222,Q90473,Henricus Grammateus,re_german_world,German world,1492.0,musicologist | astronomer | mathematician,europe,re_europe
26230,Q1819252,Leonhard Marstaller,re_german_world,German world,1488.0,theologian,europe,re_europe
26237,Q99794,Otto Casmann,re_german_world,German world,1562.0,philosopher,europe,re_europe
26239,Q64182,Basil Faber,re_german_world,German world,1520.0,theologian,europe,re_europe
26240,Q94870776,Bartholomäus Rademann,re_german_world,German world,1560.0,theologian,europe,re_europe
26245,Q16853436,Caspar Coolhaes,re_low_countries,Low countries,1536.0,theologian,europe,re_europe
26250,Q1343011,Enguerrand de Monstrelet,re_france,France,1390.0,historian,europe,re_europe
26255,Q96656,Martin Moller,re_german_world,German world,1547.0,theologian | philosopher,europe,re_europe
26265,Q119611,Melchior Goldast,re_german_world,German world,1578.0,historian,europe,re_europe
26281,Q3171057,Jean Beguin,re_france,France,1550.0,chemist,europe,re_europe
26287,Q1463928,Friedrich von Pernstein,re_france,France,1270.0,theologian,europe,re_europe
26306,Q3018699,Florence Rivault,re_france,France,1571.0,mathematician,europe,re_europe
26317,Q311766,Philippe de Vitry,re_france,France,1293.0,musicologist | philosopher | mathematician,europe,re_europe
26324,Q1372350,Jacob ben Machir ibn Tibbon,re_france,France,1236.0,astronomer,europe,re_europe
26342,Q1456927,Conrad of Eberbach,re_german_world,German world,1150.0,historian,europe,re_europe
26347,Q1278868,Eberhard Bidembach der Jüngere,re_german_world,German world,1561.0,theologian,europe,re_europe
26356,Q1236249,Moses Amyraut,re_france,France,1596.0,theologian,europe,re_europe
26361,Q548301,Albert Girard,re_low_countries,Low countries,1595.0,mathematician,europe,re_europe
26367,Q5316205,Durandus of Troarn,re_france,France,1100.0,theologian,europe,re_europe
26368,Q3507195,Sylvestre de Laval,re_france,France,1570.0,theologian,europe,re_europe
26369,Q1460894,Severin Schlüter,re_german_world,German world,1571.0,theologian,europe,re_europe
26376,Q535000,François Annat,re_france,France,1590.0,theologian,europe,re_europe
26386,Q2049240,Pankraz Krüger,re_german_world,German world,1546.0,theologian,europe,re_europe
26397,Q669351,Ludolph of Saxony,re_france,France,1300.0,theologian,europe,re_europe
26402,Q7313246,Renier of St Laurent,re_low_countries,Low countries,1150.0,historian,europe,re_europe
26411,Q2112937,Henricus Reneri,re_low_countries,Low countries,1593.0,philosopher,europe,re_europe
26412,Q708539,Rodulfus Glaber,re_france,France,985.0,historian,europe,re_europe
26415,Q57968,Matthäus Merian,re_german_world,German world,1593.0,geographer,europe,re_europe
26417,Q832264,Johannes Acronius,re_low_countries,Low countries,1565.0,theologian,europe,re_europe
26419,Q30731240,André Duval,re_france,France,1564.0,theologian,europe,re_europe
26424,Q1697851,Johannes Klenkok,re_france,France,1310.0,theologian,europe,re_europe
26447,Q3089251,Fronton du Duc,re_france,France,1558.0,theologian,europe,re_europe
26462,Q1334934,Richard Strein von Schwarzenau,re_german_world,German world,1538.0,historian,europe,re_europe
26475,Q27064349,Corneille Bonaventure Bertram,re_german_world,German world,1531.0,theologian,europe,re_europe
26481,Q5162643,Conrad of Leonberg,re_german_world,German world,1460.0,theologian,europe,re_europe
26489,Q15880673,Philip Rubens,re_low_countries,Low countries,1574.0,archeologist,europe,re_europe
26497,Q6372706,Nicholas of Amiens,re_france,France,1147.0,theologian,europe,re_europe
26498,Q685979,Wolfgang Lazius,re_german_world,German world,1514.0,geographer | historian,europe,re_europe
26503,Q55843563,Friedrich Castellio,re_german_world,German world,1563.0,theologian | philosopher,europe,re_europe
26521,Q126985,Georg Grünwald,re_german_world,German world,1490.0,theologian,europe,re_europe
26524,Q104099717,Pierre Bobynet,re_france,France,1593.0,philosopher,europe,re_europe
26534,Q15446698,Joachim Jeetze,re_german_world,German world,1480.0,theologian,europe,re_europe
26542,Q335171,Menno Simons,re_german_world,German world,1496.0,theologian,europe,re_europe
26565,Q3383940,Pierre Bergeron,re_france,France,1580.0,geographer,europe,re_europe
26569,Q1393342,Jean de Venette,re_france,France,1307.0,historian,europe,re_europe
26572,Q574388,Jacopo Strada,re_german_world,German world,1507.0,archeologist,europe,re_europe
26585,Q1511653,Gerhard Grave,re_german_world,German world,1596.0,theologian,europe,re_europe
26602,Q1733730,Petrus de Dacia,re_nordic_countries,Nordic countries,1300.0,astronomer | mathematician,europe,re_europe
26625,Q95298775,Bernhard Ströbel,re_german_world,German world,1567.0,theologian,europe,re_europe
26629,Q55597400,Jean Dullaert,re_france,France,1471.0,philosopher,europe,re_europe
26632,Q188623,François Viète,re_france,France,1540.0,mathematician,europe,re_europe
26640,Q118356,Johann Jakob Grynaeus,re_german_world,German world,1540.0,theologian,europe,re_europe
26642,Q43598332,Peter Roth,re_german_world,German world,1505.0,mathematician,europe,re_europe
26647,Q692413,Alexander of Villedieu,re_france,France,1175.0,mathematician,europe,re_europe
26651,Q22248724,Guillaume Du Blanc,re_france,France,1561.0,theologian,europe,re_europe
26658,Q6615987,Andreas Ebert,re_german_world,German world,1479.0,theologian,europe,re_europe
26663,Q3298687,Mathieu Béroalde,re_france,France,1520.0,theologian | mathematician,europe,re_europe
26667,Q2898577,Bernard Salignac,re_france,France,1505.0,mathematician,europe,re_europe
26685,Q5616048,Guillaume Guiart,re_france,France,1201.0,historian,europe,re_europe
26701,Q27039182,Johann Kitzel,re_german_world,German world,1574.0,mathematician,europe,re_europe
26711,Q15304847,Johann Schmidt,re_france,France,1594.0,theologian,europe,re_europe
26712,Q3174345,Jean Riolan the Younger,re_france,France,1580.0,anatomist,europe,re_europe
26744,Q68476,Johann Geiler von Kaisersberg,re_france,France,1445.0,theologian,europe,re_europe
26746,Q450192,Guillaume de Puylaurens,re_france,France,1200.0,historian,europe,re_europe
26772,Q3387047,Pierre Sutor,re_france,France,1475.0,theologian,europe,re_europe
26775,Q1927731,Michael Havemann,re_german_world,German world,1597.0,theologian,europe,re_europe
26777,Q380654,Aegidius Tschudi,re_german_world,German world,1505.0,geographer | historian,europe,re_europe
26780,Q1475505,Margaret Clement,re_low_countries,Low countries,1508.0,mathematician,europe,re_europe
26783,Q3314090,Miles de Norry,re_france,France,1532.0,mathematician,europe,re_europe
26785,Q94936567,Adam Ursinus,re_german_world,German world,1524.0,theologian,europe,re_europe
26791,Q67095,Jeremias Drexel,re_german_world,German world,1581.0,theologian,europe,re_europe
26813,Q316835,Arnold of Lübeck,re_german_world,German world,1150.0,historian,europe,re_europe
26835,Q965593,Charles François d'Abra de Raconis,re_france,France,1580.0,theologian,europe,re_europe
26841,Q62676484,Mathijs Wier,re_low_countries,Low countries,1505.0,theologian,europe,re_europe
26864,Q1283998,Heinrich Höpfner,re_german_world,German world,1582.0,theologian,europe,re_europe
26869,Q3093722,Gabriel Dupréau,re_france,France,1511.0,theologian,europe,re_europe
26883,Q957427,Georges Chastellain,re_france,France,1405.0,historian,europe,re_europe
26889,Q56579336,Blaise Marcuard,re_german_world,German world,1535.0,theologian,europe,re_europe
26894,Q3175829,Jean du Tillet,re_france,France,1520.0,historian,europe,re_europe
26905,Q2761474,Cornelis Anthonisz.,re_low_countries,Low countries,1505.0,geographer,europe,re_europe
26914,Q94874564,Philipp Dietrich,re_german_world,German world,1544.0,theologian,europe,re_europe
26931,Q55679974,Johann Lipp,re_france,France,1554.0,theologian,europe,re_europe
26933,Q3358459,Styrmir Kárason,re_nordic_countries,Nordic countries,1170.0,historian,europe,re_europe
26936,Q56006595,Jacobus Jansonius,re_low_countries,Low countries,1547.0,theologian,europe,re_europe
26954,Q3679819,Claude Robert,re_france,France,1564.0,historian,europe,re_europe
26961,Q33245586,Charles Bernard,re_france,France,1572.0,historian,europe,re_europe
26962,Q783040,Isaac Beeckman,re_low_countries,Low countries,1588.0,musicologist | philosopher | physicist | mathematician,europe,re_europe
26976,Q64780753,Tilman Limperger,re_german_world,German world,1455.0,theologian,europe,re_europe
26981,Q1505835,Georg Scharnekau,re_german_world,German world,1505.0,theologian,europe,re_europe
26983,Q26690156,Jacob Aertsz. Colom,re_low_countries,Low countries,1600.0,geographer,europe,re_europe
26984,Q2287781,Simon Schneeweiß,re_german_world,German world,1500.0,theologian,europe,re_europe
26990,Q3384862,Pierre Du Moulin,re_france,France,1568.0,theologian,europe,re_europe
26993,Q160441,Rabanus Maurus,re_german_world,German world,784.0,philosopher | zoologist | theologian,europe,re_europe
26995,Q520327,Willem Blaeu,re_low_countries,Low countries,1571.0,geographer | astronomer,europe,re_europe
27001,Q1806392,Valentin Wanner,re_german_world,German world,1495.0,theologian,europe,re_europe
27016,Q1690822,Moevius Volschov,re_german_world,German world,1588.0,theologian,europe,re_europe
27028,Q1081040,Christian Matthiae,re_german_world,German world,1584.0,theologian,europe,re_europe
27074,Q21543007,Jean Benoît,re_france,France,1483.0,theologian,europe,re_europe
27077,Q71302,Johannes Stöffler,re_german_world,German world,1452.0,geographer | astronomer | mathematician,europe,re_europe
27084,Q1928957,Michael Rackelmann,re_german_world,German world,1505.0,theologian,europe,re_europe
27091,Q101802,Georg Aportanus,re_german_world,German world,1495.0,theologian,europe,re_europe
27094,Q994864,Johann Reinhard Ziegler,re_german_world,German world,1569.0,astronomer,europe,re_europe
27105,Q4570593,Laurids Mortensen Scavenius,re_nordic_countries,Nordic countries,1589.0,theologian,europe,re_europe
27109,Q454553,Odo of Cluny,re_france,France,878.0,musicologist,europe,re_europe
27111,Q31065346,Petrus Fabricius,re_nordic_countries,Nordic countries,1587.0,astronomer,europe,re_europe
27130,Q5493177,François Baudouin,re_france,France,1520.0,philosopher,europe,re_europe
27133,Q1693265,Johann Dryander,re_german_world,German world,1500.0,astronomer | mathematician | anatomist,europe,re_europe
27140,Q95607,Johann Schwebel,re_german_world,German world,1490.0,theologian,europe,re_europe
27152,Q104477791,Samuel Fuchs,re_german_world,German world,1588.0,philosopher,europe,re_europe
27156,Q455518,Sven Aggesen,re_nordic_countries,Nordic countries,1140.0,historian,europe,re_europe
27161,Q4753776,Anders Foss,re_nordic_countries,Nordic countries,1543.0,historian,europe,re_europe
27163,Q1696335,Johannes Streitberger,re_german_world,German world,1517.0,theologian,europe,re_europe
27176,Q1915947,Joost Jansz. Bilhamer,re_low_countries,Low countries,1541.0,geographer,europe,re_europe
27211,Q453591,Menso Alting,re_german_world,German world,1541.0,theologian,europe,re_europe
27218,Q58234372,Marcus Beumler,re_german_world,German world,1555.0,theologian,europe,re_europe
27228,Q94933250,Johann Hund,re_german_world,German world,1597.0,theologian,europe,re_europe
27232,Q146994,Zanobi da Strada,re_france,France,1312.0,linguist,europe,re_europe
27237,Q7792710,Thomas Netter,re_france,France,1372.0,theologian,europe,re_europe
27241,Q805631,Balthasar Menz,re_german_world,German world,1537.0,historian,europe,re_europe
27249,Q927871,Gerard de Jode,re_low_countries,Low countries,1509.0,geographer,europe,re_europe
27256,Q108815,Salomon Alberti,re_german_world,German world,1540.0,anatomist,europe,re_europe
27267,Q5962036,Johannes Loccenius,re_nordic_countries,Nordic countries,1598.0,historian,europe,re_europe
27268,Q1274893,Maximilian Mörlin,re_german_world,German world,1516.0,theologian,europe,re_europe
27274,Q22691350,Nicolaus Beusser,re_german_world,German world,1600.0,mathematician,europe,re_europe
27288,Q65884,Sebastian Virdung,re_german_world,German world,1465.0,musicologist,europe,re_europe
27308,Q2142994,Keimpe fan Martena,re_low_countries,Low countries,1487.0,historian,europe,re_europe
27315,Q1678919,Jakob Bidembach,re_german_world,German world,1557.0,theologian,europe,re_europe
27326,Q1910552,Matthäus Stang,re_german_world,German world,1560.0,geographer,europe,re_europe
27328,Q65027,Basilius Besler,re_german_world,German world,1561.0,botanist | chemist,europe,re_europe
27333,Q2333971,Statius Fabricius,re_german_world,German world,1591.0,theologian,europe,re_europe
27335,Q809290,Barthold Janus,re_german_world,German world,1600.0,theologian,europe,re_europe
27345,Q2144421,Renward Cysat,re_german_world,German world,1545.0,geographer,europe,re_europe
27347,Q24734660,Balthasar Käuffelin,re_german_world,German world,1490.0,theologian,europe,re_europe
27348,Q6191027,Martin Stodius,re_nordic_countries,Nordic countries,1590.0,theologian | philosopher,europe,re_europe
27350,Q5779658,Jöran Gylta,re_nordic_countries,Nordic countries,1550.0,historian,europe,re_europe
27354,Q21282981,Pieter Bruynsz,re_low_countries,Low countries,1550.0,geographer,europe,re_europe
27358,Q1173604,David Auerbach,re_german_world,German world,1599.0,theologian,europe,re_europe
27359,Q119657,Nicolaus Ferber,re_france,France,1485.0,theologian,europe,re_europe
27361,Q90608,Matthäus Alber,re_german_world,German world,1495.0,theologian,europe,re_europe
27363,Q3173074,Jean Le Frère,re_france,France,1583.0,historian,europe,re_europe
27369,Q496645,Andreas Cellarius,re_low_countries,Low countries,1596.0,geographer | astronomer | mathematician,europe,re_europe
27371,Q5582175,Pieter Bor,re_low_countries,Low countries,1559.0,historian,europe,re_europe
27376,Q1999639,Cornelis Kiliaan,re_low_countries,Low countries,1530.0,historian,europe,re_europe
27378,Q1612752,Hermann Serges,re_german_world,German world,1500.0,theologian,europe,re_europe
27382,Q2087675,Philippe Mouskes,re_low_countries,Low countries,1215.0,historian,europe,re_europe
27391,Q24035050,Peter Hafftiz,re_german_world,German world,1525.0,historian,europe,re_europe
27399,Q18945738,Pieter Roest,re_german_world,German world,1562.0,theologian,europe,re_europe
27411,Q70919,Veit Dietrich,re_german_world,German world,1506.0,theologian,europe,re_europe
27435,Q2093220,Pierre Boquin,re_german_world,German world,1518.0,theologian,europe,re_europe
27439,Q71135,Georg Major,re_german_world,German world,1502.0,theologian,europe,re_europe
27444,Q2140187,Étienne Pascal,re_france,France,1588.0,mathematician,europe,re_europe
27449,Q1082152,Christian Tubingius,re_german_world,German world,1500.0,historian,europe,re_europe
27450,Q78433,Johannes Clajus,re_german_world,German world,1535.0,theologian,europe,re_europe
27453,Q679093,Laurent de Premierfait,re_france,France,1380.0,philosopher,europe,re_europe
27460,Q108649893,Nicolas Denisse,re_france,France,1450.0,theologian,europe,re_europe
27465,Q1373185,Walter Chatton,re_france,France,1285.0,philosopher,europe,re_europe
27471,Q645779,Hermann von Wartberge,re_german_world,German world,1330.0,historian,europe,re_europe
27474,Q22694473,Tobias Wagner,re_german_world,German world,1598.0,theologian,europe,re_europe
27475,Q2332441,Pierre Carcavy,re_france,France,1600.0,mathematician,europe,re_europe
27477,Q3309358,Michel Cuvelier,re_german_world,German world,1600.0,mathematician,europe,re_europe
27483,Q2516871,Joos Lambrecht,re_low_countries,Low countries,1491.0,linguist,europe,re_europe
27489,Q320735,Thomas Ebendorfer,re_german_world,German world,1388.0,historian,europe,re_europe
27495,Q16208137,Conrad Porta,re_german_world,German world,1541.0,theologian,europe,re_europe
27500,Q1085039,Christoph Gruner,re_german_world,German world,1551.0,theologian,europe,re_europe
27503,Q454594,Sixtinus Amama,re_low_countries,Low countries,1593.0,theologian,europe,re_europe
27504,Q1085524,Christoph Mendel von Steinfels,re_german_world,German world,1500.0,theologian,europe,re_europe
27511,Q21931606,Eleazar Swalmius,re_low_countries,Low countries,1582.0,theologian,europe,re_europe
27513,Q21634466,Laurent De Cuyper,re_low_countries,Low countries,1528.0,theologian,europe,re_europe
27516,Q1458096,Fridericus Amann,re_german_world,German world,1400.0,astronomer | mathematician,europe,re_europe
27523,Q15446944,Peter Vehr,re_german_world,German world,1585.0,theologian,europe,re_europe
27531,Q323731,Johann Andreas Herbst,re_german_world,German world,1588.0,musicologist,europe,re_europe
27538,Q14941888,Jean Garnier,re_german_world,German world,1600.0,theologian,europe,re_europe
27539,Q1100094,Clemens Sender,re_german_world,German world,1475.0,historian,europe,re_europe
27555,Q1692726,Johann Bornemacher,re_german_world,German world,1500.0,theologian,europe,re_europe
27557,Q283471,Arild Huitfeldt,re_nordic_countries,Nordic countries,1546.0,historian,europe,re_europe
27568,Q290227,Étienne de La Boétie,re_france,France,1530.0,philosopher,europe,re_europe
27572,Q16645556,Johann Pappus,re_france,France,1549.0,theologian,europe,re_europe
27599,Q1476163,Sigismund Badehorn,re_german_world,German world,1585.0,theologian,europe,re_europe
27600,Q733270,"Pierre de Bourdeille, seigneur de Brantôme",re_france,France,1540.0,historian,europe,re_europe
27601,Q1697683,Johannes Heurnius,re_low_countries,Low countries,1543.0,philosopher | anatomist,europe,re_europe
27608,Q21294589,Claude-Louis de Buttet,re_france,France,1562.0,historian,europe,re_europe
27611,Q2466849,Jean Molinet,re_france,France,1435.0,historian,europe,re_europe
27627,Q1991463,Nikolaus Glossenus,re_german_world,German world,1510.0,theologian,europe,re_europe
27630,Q82037541,Jean Girardot de Nozeroy,re_france,France,1580.0,historian,europe,re_europe
27637,Q2473815,Dominicus Baudius,re_low_countries,Low countries,1561.0,historian,europe,re_europe
27641,Q71314,Melchior Lotter,re_german_world,German world,1470.0,geographer,europe,re_europe
27644,Q882619,Ulrich Füetrer,re_german_world,German world,1401.0,historian,europe,re_europe
27656,Q1685416,Jean Catilinet,re_france,France,1450.0,theologian,europe,re_europe
27667,Q1625673,Johannes Vögelin,re_german_world,German world,1500.0,astronomer | mathematician,europe,re_europe
27696,Q6197445,Hans Jensen Svaning,re_nordic_countries,Nordic countries,1600.0,historian,europe,re_europe
27703,Q3159467,Jacques Malbrancq,re_low_countries,Low countries,1579.0,historian,europe,re_europe
27705,Q1259240,Johannes Knebel,re_german_world,German world,1413.0,historian,europe,re_europe
27713,Q94904368,Peter van der Vorst,re_german_world,German world,1500.0,theologian,europe,re_europe
27714,Q440702,Stephen Hansen Stephanius,re_nordic_countries,Nordic countries,1599.0,historian,europe,re_europe
27720,Q1571299,Johannes Gisenius,re_german_world,German world,1577.0,theologian,europe,re_europe
27734,Q1084709,Christoph Crinesius,re_german_world,German world,1584.0,linguist,europe,re_europe
27747,Q1902961,Marteinn Einarsson,re_nordic_countries,Nordic countries,1500.0,theologian,europe,re_europe
27749,Q94854702,Ernst Mylius,re_german_world,German world,1599.0,mathematician,europe,re_europe
27755,Q1085624,Christoph Pelargus,re_german_world,German world,1565.0,theologian,europe,re_europe
27779,Q3526478,Théodore Peeters,re_german_world,German world,1567.0,theologian,europe,re_europe
27781,Q1232944,Sigismund Gelenius,re_german_world,German world,1497.0,linguist | philosopher,europe,re_europe
27782,Q3170874,Jean Boucher,re_low_countries,Low countries,1548.0,theologian,europe,re_europe
27792,Q10882562,Alexander of Roes,re_german_world,German world,1225.0,theologian,europe,re_europe
27799,Q142309,Michael Sattler,re_german_world,German world,1490.0,theologian,europe,re_europe
27801,Q18761970,Gilbert Seagrave,re_france,France,1250.0,theologian,europe,re_europe
27804,Q3387586,Pierre de la Place,re_france,France,1520.0,philosopher | historian,europe,re_europe
27805,Q106704430,Jean Capet,re_france,France,1520.0,theologian,europe,re_europe
27806,Q15449662,Paul Zeidler,re_german_world,German world,1548.0,theologian,europe,re_europe
27824,Q2588065,Adriaan Smout,re_low_countries,Low countries,1580.0,theologian,europe,re_europe
27826,Q3084680,François Garasse,re_france,France,1585.0,theologian,europe,re_europe
27828,Q85654,Werner Rolfinck,re_german_world,German world,1599.0,botanist | philosopher | chemist,europe,re_europe
27835,Q94759390,Erasmus Grüninger,re_german_world,German world,1566.0,theologian,europe,re_europe
27860,Q15431520,William Vorilong,re_france,France,1390.0,philosopher,europe,re_europe
27871,Q116839,Felix Hemmerlin,re_german_world,German world,1388.0,theologian,europe,re_europe
27874,Q1735077,Kaspar Megander,re_german_world,German world,1495.0,theologian,europe,re_europe
27877,Q1506334,Georg Wecker,re_german_world,German world,1566.0,physicist,europe,re_europe
27879,Q705945,Tanchelm,re_low_countries,Low countries,1100.0,theologian,europe,re_europe
27881,Q96765,Valentin Ickelshamer,re_german_world,German world,1500.0,linguist,europe,re_europe
27888,Q1047818,Caspar Borner,re_german_world,German world,1492.0,theologian | astronomer | mathematician,europe,re_europe
27890,Q96404429,Anton Stettler,re_german_world,German world,1587.0,historian,europe,re_europe
27895,Q1506342,Georg Weigel,re_german_world,German world,1594.0,theologian,europe,re_europe
27896,Q46995357,Frans van Dusseldorp,re_german_world,German world,1567.0,theologian,europe,re_europe
27902,Q313070,Jacobus Arminius,re_low_countries,Low countries,1560.0,theologian,europe,re_europe
27924,Q74332,Dietrich of Nieheim,re_low_countries,Low countries,1340.0,historian,europe,re_europe
27935,Q1596866,Heinrich Bukow,re_german_world,German world,1500.0,theologian,europe,re_europe
27951,Q94934557,Adolphus Visscher,re_low_countries,Low countries,1548.0,theologian,europe,re_europe
27961,Q16646009,Johannes Cuno,re_german_world,German world,1463.0,theologian,europe,re_europe
27977,Q302983,Aaron Scotus,re_german_world,German world,950.0,musicologist,europe,re_europe
27982,Q78072930,Wilhelm Techtermann,re_german_world,German world,1551.0,philosopher,europe,re_europe
27983,Q4356567,Balthasar Florisz. van Berckenrode,re_low_countries,Low countries,1591.0,geographer,europe,re_europe
28000,Q36873552,Jean Boisseau,re_france,France,1600.0,geographer,europe,re_europe
28013,Q2140568,Reinhard Bakius,re_german_world,German world,1587.0,theologian,europe,re_europe
28016,Q10294296,Heinrich Pantaleon,re_german_world,German world,1522.0,historian,europe,re_europe
28040,Q110028,Hieronymus Harder,re_german_world,German world,1523.0,botanist,europe,re_europe
28043,Q2121581,Richard de Fournival,re_france,France,1201.0,philosopher,europe,re_europe
28047,Q1503832,Georg Buchholzer,re_german_world,German world,1503.0,theologian,europe,re_europe
28049,Q19959787,Johann Heberer,re_german_world,German world,1568.0,historian,europe,re_europe
28052,Q19630390,Guillaume Ribier,re_france,France,1578.0,historian,europe,re_europe
28054,Q809298,Barthold von Krakewitz,re_german_world,German world,1582.0,theologian,europe,re_europe
28056,Q1873609,Lucius Papa,re_german_world,German world,1566.0,theologian,europe,re_europe
28060,Q109958,Reiner Reineccius,re_german_world,German world,1541.0,historian,europe,re_europe
28065,Q110005,Matthias Martinius,re_german_world,German world,1572.0,theologian,europe,re_europe
28067,Q5218695,Daniel Santbech,re_low_countries,Low countries,1600.0,astronomer | mathematician,europe,re_europe
28079,Q55847001,Azarius Sturtz,re_nordic_countries,Nordic countries,1581.0,historian,europe,re_europe
28083,Q2872066,Aurelian of Réôme,re_france,France,800.0,musicologist,europe,re_europe
28085,Q2287830,Simon Studion,re_german_world,German world,1543.0,theologian | archeologist | historian,europe,re_europe
28090,Q2571987,Wilhelm Bidembach,re_german_world,German world,1538.0,theologian,europe,re_europe
28099,Q77234,Michael Stifel,re_german_world,German world,1487.0,theologian | mathematician,europe,re_europe
28104,Q15457002,Joachimus Illyes,re_german_world,German world,1535.0,theologian,europe,re_europe
28106,Q108173133,Jan David,re_low_countries,Low countries,1545.0,theologian,europe,re_europe
28108,Q15634526,anonymous geographer from Ravenna,re_german_world,German world,700.0,geographer,europe,re_europe
28109,Q1350963,Erhard von Appenweiler,re_german_world,German world,1450.0,historian,europe,re_europe
28134,Q63109234,Johann Friedrich Faust von Aschaffenburg,re_german_world,German world,1569.0,historian,europe,re_europe
28138,Q104566,Petrus Albinus,re_german_world,German world,1543.0,historian,europe,re_europe
28140,Q96188,Johannes Caselius,re_german_world,German world,1533.0,philosopher,europe,re_europe
28149,Q836583,Hermannus Korner,re_german_world,German world,1365.0,historian,europe,re_europe
28154,Q50821556,Theophilus Neuberger,re_german_world,German world,1593.0,theologian,europe,re_europe
28160,Q27994258,Daniel Hofmann,re_german_world,German world,1505.0,theologian,europe,re_europe
28170,Q254814,Jordanus of Giano,re_german_world,German world,1195.0,historian,europe,re_europe
28178,Q323861,Jan de Bakker,re_low_countries,Low countries,1499.0,theologian,europe,re_europe
28179,Q24646868,Tobias Volckmer,re_german_world,German world,1560.0,mathematician,europe,re_europe
28183,Q60844923,Nicolaus Artopoeus,re_german_world,German world,1500.0,theologian,europe,re_europe
28189,Q371962,John of Mirecourt,re_france,France,1300.0,philosopher,europe,re_europe
28192,Q29021438,Gottfried von Hagenau,re_france,France,1270.0,theologian,europe,re_europe
28197,Q2532392,Volkwin Weigel,re_german_world,German world,1516.0,mathematician,europe,re_europe
28205,Q1921391,Hendrik van den Corput,re_low_countries,Low countries,1536.0,theologian,europe,re_europe
28206,Q55904777,Petrus Wittfeld,re_german_world,German world,1587.0,theologian,europe,re_europe
28211,Q15818578,Guillaume Adeline,re_france,France,1400.0,theologian,europe,re_europe
28247,Q5173204,Cort Aslakssøn,re_nordic_countries,Nordic countries,1564.0,astronomer | philosopher,europe,re_europe
28250,Q2066300,Worp fan Thabor,re_low_countries,Low countries,1450.0,historian,europe,re_europe
28253,Q12263166,Martin de Hoyarçabal,re_france,France,1501.0,geographer,europe,re_europe
28257,Q974726,Festus Hommius,re_low_countries,Low countries,1576.0,theologian,europe,re_europe
28285,Q1948686,Morten Pedersen,re_nordic_countries,Nordic countries,1537.0,theologian | astronomer | historian,europe,re_europe
28289,Q107695982,Guillaume Philippi,re_low_countries,Low countries,1600.0,philosopher,europe,re_europe
28298,Q13468784,Claes Jansz. Wytmans,re_low_countries,Low countries,1570.0,geographer,europe,re_europe
28311,Q3373950,Peder Jakobsen Flemløse,re_nordic_countries,Nordic countries,1554.0,astronomer,europe,re_europe
28331,Q1944409,Jean Papire Masson,re_france,France,1544.0,geographer | philosopher | historian,europe,re_europe
28339,Q94909738,Melchior Belkow,re_german_world,German world,1598.0,philosopher,europe,re_europe
28360,Q118892,Johannes Buxtorf II,re_german_world,German world,1599.0,theologian,europe,re_europe
28370,Q124113,Polykarp Leyser the Elder,re_german_world,German world,1552.0,theologian,europe,re_europe
28373,Q1389879,Meno Hanneken,re_german_world,German world,1595.0,theologian,europe,re_europe
28384,Q2343762,Stephan Reich,re_german_world,German world,1512.0,theologian,europe,re_europe
28398,Q2535940,Nicolas Barnaud,re_france,France,1538.0,philosopher,europe,re_europe
28414,Q1697542,Johannes Garcaeus,re_german_world,German world,1502.0,theologian,europe,re_europe
28416,Q1697473,Johannes Fabri,re_german_world,German world,1500.0,theologian,europe,re_europe
28420,Q125308,Johannes Rothe,re_german_world,German world,1360.0,historian,europe,re_europe
28421,Q3014749,Daniel Tossanus,re_german_world,German world,1541.0,theologian,europe,re_europe
28424,Q27644178,Arnold Meerman,re_low_countries,Low countries,1505.0,theologian,europe,re_europe
28426,Q3040420,Joan Albert Ban,re_low_countries,Low countries,1597.0,musicologist,europe,re_europe
28429,Q2218175,Samuel Edel,re_german_world,German world,1593.0,theologian,europe,re_europe
28450,Q1418275,Gerhard Ungefug,re_german_world,German world,1490.0,theologian,europe,re_europe
28471,Q700720,Sigismund von Herberstein,re_german_world,German world,1486.0,historian,europe,re_europe
28475,Q16657271,Marcus Heiland,re_france,France,1500.0,theologian,europe,re_europe
28476,Q1782313,Poul Helgesen,re_nordic_countries,Nordic countries,1485.0,theologian | historian,europe,re_europe
28495,Q712736,Henri de Mondeville,re_france,France,1260.0,anatomist,europe,re_europe
28500,Q36697320,Jean Gelida,re_france,France,1450.0,linguist,europe,re_europe
28514,Q2669938,Claude Mydorge,re_france,France,1585.0,mathematician,europe,re_europe
28526,Q15675601,Franz Schott,re_low_countries,Low countries,1548.0,geographer,europe,re_europe
28530,Q1048011,Caspar Ratzenberger,re_german_world,German world,1533.0,botanist,europe,re_europe
28532,Q713191,Peder Palladius,re_nordic_countries,Nordic countries,1503.0,theologian,europe,re_europe
28535,Q1685842,Jean Taffin,re_low_countries,Low countries,1529.0,theologian,europe,re_europe
28538,Q105954063,Joannes Macarius,re_france,France,1540.0,archeologist | historian,europe,re_europe
28563,Q1678970,Jakob Dachtler,re_german_world,German world,1525.0,theologian,europe,re_europe
28574,Q3175826,Jean du Tillet,re_france,France,1500.0,theologian | historian,europe,re_europe
28580,Q5561738,Giles de Coninck,re_low_countries,Low countries,1571.0,theologian,europe,re_europe
28585,Q15243346,Kaspar Kratzer,re_german_world,German world,1545.0,theologian,europe,re_europe
28604,Q6501067,Laurent Bénard,re_france,France,1573.0,theologian,europe,re_europe
28606,Q25706702,Georg Winckler,re_german_world,German world,1450.0,theologian,europe,re_europe
28634,Q1117297,Conrad Horneius,re_german_world,German world,1590.0,theologian,europe,re_europe
28640,Q15435804,Anton Berckhusen,re_german_world,German world,1500.0,historian,europe,re_europe
28643,Q1911548,Mauritius Piderit,re_german_world,German world,1497.0,theologian,europe,re_europe
28647,Q315871,Justus Lipsius,re_low_countries,Low countries,1547.0,philosopher | historian,europe,re_europe
28654,Q1344799,Richard of Saint Victor,re_france,France,1110.0,theologian | philosopher,europe,re_europe
28658,Q2980590,Clément Cyriaque de Mangin,re_france,France,1570.0,mathematician,europe,re_europe
28664,Q1573641,Kaspar Waser,re_german_world,German world,1565.0,theologian,europe,re_europe
28671,Q3385443,Pierre Hennier,re_france,France,1450.0,theologian,europe,re_europe
28679,Q1694660,Johann Hoepner,re_german_world,German world,1582.0,theologian,europe,re_europe
28683,Q30089724,Matthias Burgklehner,re_german_world,German world,1573.0,historian,europe,re_europe
28693,Q19829104,Theodoricus Adamaeus,re_german_world,German world,1470.0,historian,europe,re_europe
28716,Q71709,Georg Rörer,re_german_world,German world,1492.0,theologian,europe,re_europe
28718,Q3387668,Peter of Poitiers,re_france,France,1130.0,theologian,europe,re_europe
28721,Q577394,Petrus Peregrinus de Maricourt,re_france,France,1240.0,physicist,europe,re_europe
28732,Q1244262,David of Dinant,re_france,France,1165.0,theologian | philosopher,europe,re_europe
28749,Q2583554,Ruard Tapper,re_low_countries,Low countries,1487.0,theologian | philosopher,europe,re_europe
28751,Q97531,Johannes Zwick,re_german_world,German world,1496.0,theologian,europe,re_europe
28763,Q331747,Absalon Pederssøn Beyer,re_nordic_countries,Nordic countries,1528.0,theologian | historian,europe,re_europe
28772,Q1706766,Joseph Clauder,re_german_world,German world,1586.0,theologian,europe,re_europe
28799,Q537015,Willem Baudartius,re_low_countries,Low countries,1565.0,theologian,europe,re_europe
28823,Q42600657,Michael Sachs,re_german_world,German world,1542.0,theologian,europe,re_europe
28828,Q1695450,Johann Martin Rauscher,re_german_world,German world,1592.0,theologian,europe,re_europe
28838,Q376210,Adrianus Turnebus,re_france,France,1512.0,linguist | philosopher,europe,re_europe
28843,Q3340094,Nicolas Bergeron,re_france,France,1505.0,historian,europe,re_europe
28857,Q606558,Antonius Aemilius,re_low_countries,Low countries,1589.0,historian,europe,re_europe
28858,Q1502558,Johann Textor,re_german_world,German world,1582.0,historian,europe,re_europe
28859,Q473515,Hermann Finck,re_german_world,German world,1527.0,musicologist,europe,re_europe
28868,Q55679977,Jeremias Schelhammer,re_german_world,German world,1567.0,theologian,europe,re_europe
28870,Q20656625,Jacob Flach,re_german_world,German world,1537.0,botanist | mathematician,europe,re_europe
28872,Q1343513,Enoch Widmann,re_german_world,German world,1551.0,historian,europe,re_europe
28873,Q1734282,Paul Tarnow,re_german_world,German world,1562.0,theologian,europe,re_europe
28874,Q2090610,Pontus de Huyter,re_low_countries,Low countries,1535.0,theologian | historian,europe,re_europe
28879,Q1504686,Georg Helt,re_german_world,German world,1485.0,theologian,europe,re_europe
28889,Q1538399,Nicolaus Medler,re_german_world,German world,1502.0,theologian,europe,re_europe
28890,Q55193541,Michael Köchlin,re_german_world,German world,1478.0,historian,europe,re_europe
28894,Q1505563,Georg Karg,re_german_world,German world,1512.0,theologian,europe,re_europe
28896,Q1323071,Georg Stampel,re_german_world,German world,1561.0,theologian,europe,re_europe
28909,Q1003677,François de Belleforest,re_france,France,1530.0,historian,europe,re_europe
28914,Q3371207,Paul Ferry,re_france,France,1591.0,theologian,europe,re_europe
28935,Q919119,Sebastian Castellio,re_german_world,German world,1515.0,theologian,europe,re_europe
28936,Q26239670,Georg Günther Kräill,re_nordic_countries,Nordic countries,1584.0,geographer,europe,re_europe
28939,Q1697384,Johann Cothmann,re_german_world,German world,1595.0,theologian,europe,re_europe
28941,Q685610,Simon Goulart,re_france,France,1543.0,theologian | philosopher,europe,re_europe
28943,Q7375728,Ruard Acronius,re_low_countries,Low countries,1546.0,theologian,europe,re_europe
28948,Q55379521,Marie-Nicolas Des Guerrois,re_france,France,1579.0,theologian,europe,re_europe
28953,Q70382,Stephan Agricola,re_german_world,German world,1491.0,theologian,europe,re_europe
28957,Q1609457,Herbord Schene,re_german_world,German world,1330.0,historian,europe,re_europe
28967,Q29896515,Maurice Bouguereau,re_france,France,1505.0,geographer,europe,re_europe
28983,Q88612,Johannes Hartmann,re_german_world,German world,1568.0,chemist,europe,re_europe
28987,Q27983464,Heinrich von Kettenbach,re_german_world,German world,1500.0,theologian,europe,re_europe
28994,Q109044,Adam Tanner,re_german_world,German world,1572.0,theologian | philosopher,europe,re_europe
28996,Q1747950,Philipp Scherbe,re_german_world,German world,1553.0,philosopher,europe,re_europe
29041,Q102806,Stephan Praetorius,re_german_world,German world,1536.0,theologian,europe,re_europe
29047,Q1419061,Johannes Pontisella,re_german_world,German world,1552.0,theologian,europe,re_europe
29050,Q744014,Nicholas of Clémanges,re_france,France,1363.0,theologian | philosopher,europe,re_europe
29061,Q60389,Johannes Althusius,re_german_world,German world,1557.0,theologian | philosopher,europe,re_europe
29068,Q61067,Johann Reuchlin,re_german_world,German world,1455.0,theologian | philosopher,europe,re_europe
29084,Q2960695,Charles de Saint-Paul,re_france,France,1592.0,historian,europe,re_europe
29088,Q6215993,Johann Jacob Grasser,re_german_world,German world,1579.0,historian,europe,re_europe
29122,Q640933,Giulio Pace,re_france,France,1550.0,philosopher,europe,re_europe
29148,Q18911804,Martin Weinrich,re_german_world,German world,1548.0,physicist,europe,re_europe
29152,Q999655,Johann Jakob Rüeger,re_german_world,German world,1548.0,theologian | historian,europe,re_europe
29153,Q94886653,Simon Laßmann,re_german_world,German world,1564.0,theologian,europe,re_europe
29160,Q13522643,Johann Vesembeck,re_german_world,German world,1548.0,theologian,europe,re_europe
29168,Q115638,Conrad Grebel,re_german_world,German world,1498.0,theologian,europe,re_europe
29181,Q2530695,Volckmar Leisring,re_german_world,German world,1588.0,theologian,europe,re_europe
29185,Q1948076,Moritz Valentin Steinmetz,re_german_world,German world,1529.0,astronomer,europe,re_europe
29187,Q122058,Philipp Gallicius,re_german_world,German world,1504.0,theologian,europe,re_europe
29189,Q1903506,Martin Brenner,re_german_world,German world,1548.0,theologian,europe,re_europe
29190,Q5376,Robert the Monk,re_france,France,1055.0,historian,europe,re_europe
29202,Q109400,Benedictus Figulus,re_german_world,German world,1567.0,theologian,europe,re_europe
29213,Q94827933,Bernhard Schöfferlin,re_german_world,German world,1436.0,historian,europe,re_europe
29216,Q60178,Johannes Trithemius,re_german_world,German world,1462.0,mathematician,europe,re_europe
29217,Q3480008,Servais de Lairuelz,re_low_countries,Low countries,1560.0,theologian,europe,re_europe
29223,Q1506156,Georg Stähelin,re_german_world,German world,1450.0,theologian,europe,re_europe
29226,Q92332,Matthias Hoe von Hoenegg,re_german_world,German world,1580.0,theologian,europe,re_europe
29227,Q606757,Antonius Walaeus,re_low_countries,Low countries,1573.0,theologian,europe,re_europe
29236,Q17126532,Sigismundus Gossembrot,re_france,France,1417.0,historian,europe,re_europe
29239,Q15810359,Francesco Flori,re_france,France,1540.0,mathematician,europe,re_europe
29250,Q1749811,Richer of Senones,re_france,France,1190.0,historian,europe,re_europe
29261,Q360464,Adolar Erich,re_german_world,German world,1559.0,geographer,europe,re_europe
29265,Q1986830,Nikolaus Hausmann,re_german_world,German world,1479.0,theologian,europe,re_europe
29280,Q1348035,Erasmus Ebner,re_german_world,German world,1511.0,chemist,europe,re_europe
29284,Q6215574,Johann Alexander Brassicanus,re_german_world,German world,1500.0,theologian,europe,re_europe
29292,Q79465157,Gellius de Bouma,re_low_countries,Low countries,1580.0,theologian,europe,re_europe
29297,Q1525283,Heinrich Stachmann,re_german_world,German world,1485.0,physicist,europe,re_europe
29326,Q3240964,Pieter Cornelisz Bockenberg,re_low_countries,Low countries,1548.0,historian,europe,re_europe
29328,Q17125446,Johannes Remus Quietanus,re_france,France,1588.0,astronomer,europe,re_europe
29330,Q1503529,Georg Alt,re_german_world,German world,1450.0,historian,europe,re_europe
29341,Q465375,Hans Thomissøn,re_nordic_countries,Nordic countries,1532.0,theologian,europe,re_europe
29355,Q55847423,Stephan Brechtel,re_german_world,German world,1523.0,mathematician,europe,re_europe
29360,Q556932,Otto Heurnius,re_low_countries,Low countries,1577.0,philosopher | zoologist | botanist | mathematician | anatomist | theologian | historian,europe,re_europe
29361,Q1575214,Johannes Kridt,re_german_world,German world,1600.0,theologian,europe,re_europe
29363,Q63419,Philipp Clüver,re_low_countries,Low countries,1580.0,geographer | historian,europe,re_europe
29364,Q1160093,Daniel Bidembach,re_german_world,German world,1559.0,theologian,europe,re_europe
29365,Q379941,Jean-Antoine de Baïf,re_france,France,1532.0,historian,europe,re_europe
29370,Q1316917,Johannes Freder,re_german_world,German world,1510.0,theologian,europe,re_europe
29375,Q63146,Martin Chemnitz,re_german_world,German world,1522.0,theologian,europe,re_europe
29380,Q1698022,Johann Meelführer,re_german_world,German world,1570.0,theologian,europe,re_europe
29388,Q65368,George Spalatin,re_german_world,German world,1484.0,theologian | historian,europe,re_europe
29393,Q3837589,Louis Chantereau Le Fèvre,re_france,France,1588.0,historian,europe,re_europe
29402,Q30902182,Jean Filesac,re_france,France,1550.0,theologian,europe,re_europe
29403,Q15454572,Peter Sasse,re_german_world,German world,1571.0,philosopher,europe,re_europe
29405,Q1331236,Conrad Matthaeus,re_german_world,German world,1519.0,historian,europe,re_europe
29406,Q5607549,Nils Chesnecopherus,re_nordic_countries,Nordic countries,1574.0,mathematician,europe,re_europe
29408,Q399131,Ubbo Emmius,re_low_countries,Low countries,1547.0,theologian | geographer | historian,europe,re_europe
29439,Q91797620,Menahem ben Abraham Bonafos,re_france,France,1301.0,philosopher,europe,re_europe
29457,Q1098291,Claudius Clavus,re_nordic_countries,Nordic countries,1388.0,geographer,europe,re_europe
29465,Q445165,Johannes Bertelius,re_german_world,German world,1544.0,historian,europe,re_europe
29466,Q21546722,Henricus Sedulius,re_low_countries,Low countries,1547.0,theologian,europe,re_europe
29477,Q940660,Lodovico Guicciardini,re_low_countries,Low countries,1521.0,geographer | historian | mathematician,europe,re_europe
29479,Q1685749,Jean Petit,re_france,France,1360.0,theologian,europe,re_europe
29512,Q57462240,Anastase Cochelet,re_france,France,1551.0,theologian,europe,re_europe
29515,Q92419,Hartmann Beyer,re_german_world,German world,1516.0,theologian,europe,re_europe
29519,Q5074739,Olivier de Wree,re_low_countries,Low countries,1596.0,historian,europe,re_europe
29526,Q676775,Gottschalk of Orbais,re_france,France,805.0,theologian,europe,re_europe
29527,Q1368959,Guido de Bres,re_france,France,1522.0,theologian,europe,re_europe
29528,Q107696012,Henri de Vicq,re_france,France,1536.0,theologian,europe,re_europe
29540,Q112830,Andreas Helwig,re_german_world,German world,1572.0,linguist,europe,re_europe
29545,Q3171002,Jean Brohon,re_france,France,1501.0,botanist | astronomer,europe,re_europe
29566,Q3471086,Samuel Cottereau du Clos,re_france,France,1598.0,chemist,europe,re_europe
29573,Q1407571,Robert Arnauld d'Andilly,re_france,France,1589.0,linguist,europe,re_europe
29576,Q103856,Bartholomaeus Arnoldi,re_german_world,German world,1465.0,theologian,europe,re_europe
29582,Q33647119,Henricus Denijs,re_low_countries,Low countries,1518.0,theologian,europe,re_europe
29594,Q85737,Otto Walper,re_german_world,German world,1546.0,theologian | philosopher,europe,re_europe
29599,Q1667140,Johannes Velius,re_german_world,German world,1545.0,theologian,europe,re_europe
29610,Q1617581,Hieronymus Mencel,re_german_world,German world,1517.0,theologian,europe,re_europe
29612,Q1229819,Janus Dousa,re_low_countries,Low countries,1545.0,historian,europe,re_europe
29613,Q1512245,Gerhard Omcke,re_german_world,German world,1500.0,theologian,europe,re_europe
29614,Q950840,Corderius,re_france,France,1479.0,theologian,europe,re_europe
29626,Q965102,Johann Campanus,re_german_world,German world,1500.0,theologian,europe,re_europe
29627,Q106596,Michael Neander,re_german_world,German world,1529.0,astronomer | mathematician,europe,re_europe
29628,Q117331,Diebold Schilling the Younger,re_german_world,German world,1460.0,historian,europe,re_europe
29640,Q124025,Jost Bürgi,re_german_world,German world,1552.0,astronomer,europe,re_europe
29652,Q1692675,Johannes Bergius,re_german_world,German world,1587.0,theologian,europe,re_europe
29655,Q1658269,Johann Jakob Fugger,re_german_world,German world,1517.0,historian,europe,re_europe
29692,Q1693805,Johann Georg Dorsche,re_german_world,German world,1597.0,theologian,europe,re_europe
29715,Q2857368,Antonio Mizauld,re_france,France,1510.0,astronomer,europe,re_europe
29717,Q26222356,Thomas Ruscher,re_german_world,German world,1450.0,theologian,europe,re_europe
29722,Q1702593,Wolfgang Reissenbusch,re_german_world,German world,1480.0,theologian,europe,re_europe
29732,Q41083200,Georg Dasen,re_german_world,German world,1568.0,mathematician,europe,re_europe
29739,Q3061037,Eustachius a Sancto Paulo,re_france,France,1575.0,theologian,europe,re_europe
29741,Q94925405,Antoine Léger,re_german_world,German world,1596.0,theologian,europe,re_europe
29747,Q3088440,Michel Baudier,re_france,France,1586.0,historian,europe,re_europe
29748,Q2977375,Claude Fauchet,re_france,France,1530.0,historian,europe,re_europe
29760,Q670819,Sigebert of Gembloux,re_low_countries,Low countries,1030.0,theologian,europe,re_europe
29762,Q3048159,Edmé Thomas,re_france,France,1591.0,historian,europe,re_europe
29770,Q16146649,Alardus of Amsterdam,re_low_countries,Low countries,1491.0,theologian,europe,re_europe
29774,Q94924290,Peter Reich,re_german_world,German world,1543.0,theologian,europe,re_europe
29775,Q33129695,Jean Le Clerc,re_france,France,1560.0,geographer,europe,re_europe
29776,Q505646,Adriaan van Roomen,re_german_world,German world,1561.0,mathematician,europe,re_europe
29779,Q1445985,Frans Alard,re_german_world,German world,1500.0,theologian,europe,re_europe
29806,Q1345599,Leo Jud,re_german_world,German world,1482.0,theologian,europe,re_europe
29808,Q3760962,Gerardo Sereni,re_france,France,1255.0,theologian,europe,re_europe
29813,Q1498115,Alexius Crosner,re_german_world,German world,1490.0,theologian,europe,re_europe
29820,Q1927120,Michael Caelius,re_german_world,German world,1492.0,theologian,europe,re_europe
29822,Q94852020,Salomon Codomann,re_german_world,German world,1560.0,theologian,europe,re_europe
29833,Q461521,Profiat Duran,re_france,France,1350.0,philosopher,europe,re_europe
29840,Q3939246,Roberto de' Bardi,re_france,France,1290.0,theologian,europe,re_europe
29841,Q434550,Jerome of Prague,re_german_world,German world,1380.0,theologian | philosopher,europe,re_europe
29842,Q158097,Johann Crüger,re_german_world,German world,1598.0,musicologist,europe,re_europe
29850,Q4693274,Agnolo Monosini,re_italy,Italy,1568.0,linguist,europe,re_europe
29851,Q2904416,Pietro Coppo,re_italy,Italy,1460.0,geographer,europe,re_europe
29860,Q1095179,Romuald Guarna,re_italy,Italy,1115.0,historian,europe,re_europe
29866,Q2046132,Paganino Gaudenzi,re_italy,Italy,1595.0,theologian,europe,re_europe
29869,Q3838821,Lucio Camarra,re_italy,Italy,1596.0,historian,europe,re_europe
29873,Q46522971,Urbano Monti,re_italy,Italy,1544.0,geographer,europe,re_europe
29879,Q27876006,Bartolomeu da Costa,re_portugal,Portugal,1553.0,theologian,europe,re_europe
29881,Q73427431,Sebastião de Abreu,re_portugal,Portugal,1595.0,theologian | philosopher,europe,re_europe
29887,Q23955355,Francesco Scacchi,re_italy,Italy,1577.0,historian,europe,re_europe
29891,Q323448,Abraham Abulafia,re_spain,Spain,1240.0,philosopher,europe,re_europe
29893,Q7606454,Stefano Lusignan,re_italy,Italy,1537.0,historian,europe,re_europe
29898,Q338661,Antonio Musa Brassavola,re_italy,Italy,1500.0,botanist,europe,re_europe
29905,Q669191,Simone Porzio,re_italy,Italy,1497.0,philosopher,europe,re_europe
29906,Q316339,Francisco Suárez,re_portugal,Portugal,1548.0,theologian | philosopher,europe,re_europe
29907,Q16533133,Bonaventura Stabile,re_italy,Italy,1586.0,theologian,europe,re_europe
29908,Q4207154,Marco Antonio Cadamosto,re_italy,Italy,1476.0,mathematician,europe,re_europe
29911,Q28869743,Valentino Averoni,re_italy,Italy,1530.0,theologian,europe,re_europe
29914,Q467062,Judah Leon Abravanel,re_italy,Italy,1460.0,philosopher,europe,re_europe
29918,Q461640,Isaac ben Joseph ibn Pulgar,re_spain,Spain,1201.0,philosopher,europe,re_europe
29921,Q559622,Joseph Albo,re_spain,Spain,1380.0,philosopher,europe,re_europe
29927,Q560872,Benedetto Castelli,re_italy,Italy,1570.0,astronomer | physicist | mathematician,europe,re_europe
29930,Q435296,Hieronymus Fabricius,re_italy,Italy,1533.0,anatomist,europe,re_europe
29932,Q581159,Pedro de Soto,re_italy,Italy,1493.0,theologian,europe,re_europe
29934,Q3074895,Luis del Mármol Carvajal,re_spain,Spain,1524.0,geographer | historian,europe,re_europe
29935,Q61477488,Marcus de Benevento,re_italy,Italy,1465.0,astronomer | mathematician,europe,re_europe
29937,Q3768946,Girolamo Marafioti,re_italy,Italy,1567.0,historian,europe,re_europe
29941,Q12265675,Pedro Hurtado de Mendoza,re_spain,Spain,1578.0,philosopher,europe,re_europe
29943,Q1390516,Fabio Colonna,re_italy,Italy,1567.0,botanist | paleontologist,europe,re_europe
29946,Q3761960,Giacomo Accarisi,re_italy,Italy,1599.0,philosopher,europe,re_europe
29949,Q3447714,Matthew Ferchi,re_italy,Italy,1583.0,theologian | philosopher,europe,re_europe
29952,Q1237726,Dominicus Gundissalinus,re_spain,Spain,1115.0,linguist | philosopher,europe,re_europe
29956,Q4773781,Anthony of the Mother of God,re_spain,Spain,1583.0,philosopher,europe,re_europe
29958,Q3002898,Christoforo Borri,re_italy,Italy,1583.0,astronomer | mathematician,europe,re_europe
29959,Q3374120,Pedro Ciruelo,re_spain,Spain,1470.0,philosopher | mathematician,europe,re_europe
29960,Q16527382,Antonio Belloni,re_italy,Italy,1479.0,historian,europe,re_europe
29961,Q16185908,Emmanuel-Philibert de Pingon,re_italy,Italy,1525.0,historian,europe,re_europe
29965,Q16617608,Pedro Ruiz Malo de Molina,re_spain,Spain,1576.0,theologian,europe,re_europe
29981,Q1525570,Giorgio Valla,re_italy,Italy,1447.0,musicologist | mathematician,europe,re_europe
29986,Q1240697,Donato Acciaioli,re_italy,Italy,1429.0,philosopher | historian,europe,re_europe
29991,Q2270844,Andrea Argoli,re_italy,Italy,1570.0,astronomer | mathematician,europe,re_europe
29998,Q3893150,Pandolfo Collenuccio,re_italy,Italy,1444.0,historian,europe,re_europe
30010,Q18811895,Giovan Battista Danti,re_italy,Italy,1478.0,mathematician,europe,re_europe
30012,Q731956,Bernardo Tolomei,re_italy,Italy,1272.0,theologian,europe,re_europe
30013,Q4022814,Yohanan Alemanno,re_italy,Italy,1435.0,philosopher,europe,re_europe
30014,Q59685425,Francisco de Mendonça,re_portugal,Portugal,1573.0,philosopher,europe,re_europe
30015,Q250763,Álvar Núñez Cabeza de Vaca,re_spain,Spain,1500.0,historian,europe,re_europe
30019,Q3475912,Scipione Forteguerri,re_italy,Italy,1466.0,linguist,europe,re_europe
30020,Q66538695,Vicente Justiniano Antist,re_spain,Spain,1543.0,theologian,europe,re_europe
30029,Q3796467,Illuminato Aiguino,re_italy,Italy,1520.0,musicologist,europe,re_europe
30036,Q110215173,Giovanni Battista Lauri,re_italy,Italy,1579.0,astronomer | philosopher,europe,re_europe
30037,Q5526542,Gaspar Hurtado,re_spain,Spain,1575.0,theologian,europe,re_europe
30040,Q2427248,Thomas Sergryphius,re_italy,Italy,1505.0,theologian,europe,re_europe
30048,Q5279202,Diogo Homem,re_portugal,Portugal,1521.0,geographer,europe,re_europe
30051,Q65960825,Octavio Pisani,re_italy,Italy,1575.0,geographer | astronomer | mathematician,europe,re_europe
30055,Q950256,Franchinus Gaffurius,re_italy,Italy,1451.0,musicologist,europe,re_europe
30056,Q3611145,Alfonso Ceccarelli,re_italy,Italy,1532.0,historian,europe,re_europe
30059,Q554825,Benedikt Kotruljević,re_italy,Italy,1416.0,economist,europe,re_europe
30063,Q347804,Adriano Banchieri,re_italy,Italy,1568.0,musicologist,europe,re_europe
30064,Q1697209,Johannes Baptista Montanus,re_italy,Italy,1498.0,anatomist,europe,re_europe
30070,Q3839100,Ludovico Della Chiesa,re_italy,Italy,1568.0,historian,europe,re_europe
30074,Q312384,Francisco de Vitoria,re_spain,Spain,1480.0,philosopher | economist,europe,re_europe
30076,Q2262449,Fulvio Orsini,re_italy,Italy,1529.0,archeologist,europe,re_europe
30078,Q109876923,Francesco Rainaldi,re_italy,Italy,1600.0,theologian,europe,re_europe
30081,Q1191140,Antonio Persio,re_italy,Italy,1542.0,philosopher,europe,re_europe
30083,Q3069650,Ferrante Imperato,re_italy,Italy,1525.0,botanist,europe,re_europe
30085,Q10329807,Miguel Leitão de Andrada,re_portugal,Portugal,1553.0,historian,europe,re_europe
30086,Q10729036,Fadrique Furio Ceriol,re_spain,Spain,1527.0,theologian | philosopher,europe,re_europe
30092,Q4734506,Alonso de Espinosa,re_spain,Spain,1543.0,historian,europe,re_europe
30101,Q346523,Andrea Cesalpino,re_italy,Italy,1524.0,botanist | philosopher,europe,re_europe
30102,Q55228464,Antonio Maria Graziani,re_italy,Italy,1537.0,historian,europe,re_europe
30105,Q19984583,Zenobio Bocchi,re_italy,Italy,1501.0,botanist,europe,re_europe
30107,Q93876431,Bartolomeo of Ferrara,re_italy,Italy,1368.0,theologian,europe,re_europe
30111,Q527075,Secundus of Non,re_italy,Italy,600.0,historian,europe,re_europe
30115,Q23841893,Juan Bustamante de la Cámara,re_spain,Spain,1540.0,botanist,europe,re_europe
30119,Q3651449,Camillo Baldi,re_italy,Italy,1547.0,philosopher,europe,re_europe
30123,Q451647,Giambattista Benedetti,re_italy,Italy,1530.0,musicologist | astronomer | physicist | mathematician,europe,re_europe
30132,Q380652,Giles of Viterbo,re_italy,Italy,1469.0,philosopher,europe,re_europe
30133,Q5868127,Francisco de Rades y Andrada,re_spain,Spain,1600.0,historian,europe,re_europe
30136,Q5659931,Agostino Dati,re_italy,Italy,1420.0,linguist | historian,europe,re_europe
30139,Q3436127,Robert Pullen,re_italy,Italy,1080.0,theologian,europe,re_europe
30140,Q51176327,Nicolò Burzio,re_italy,Italy,1450.0,musicologist,europe,re_europe
30141,Q11929280,Juan Dolz del Castellar,re_spain,Spain,1450.0,philosopher,europe,re_europe
30143,Q3531260,Tommaso Fazello,re_italy,Italy,1498.0,theologian | historian,europe,re_europe
30152,Q431054,Martin of Opava,re_italy,Italy,1300.0,historian,europe,re_europe
30159,Q28848553,Giacinto Gigli,re_italy,Italy,1594.0,historian,europe,re_europe
30163,Q42293692,Diego de Soto y Aguilar,re_spain,Spain,1600.0,historian,europe,re_europe
30165,Q12877963,Theodore Spandounes,re_italy,Italy,1401.0,historian,europe,re_europe
30168,Q105826791,Gaspar de Aguilar,re_spain,Spain,1500.0,musicologist,europe,re_europe
30170,Q104830401,João Sobrinho,re_portugal,Portugal,1500.0,theologian,europe,re_europe
30172,Q2297287,Diego Hurtado de Mendoza,re_spain,Spain,1504.0,historian,europe,re_europe
30173,Q21548225,Annibale Briganti,re_italy,Italy,1520.0,philosopher,europe,re_europe
30174,Q3796323,Ilario Altobelli,re_italy,Italy,1560.0,astronomer,europe,re_europe
30178,Q3768368,Giovanni Vincenzo Verzellino,re_italy,Italy,1562.0,historian,europe,re_europe
30179,Q2289542,Catherine de Pallanza,re_italy,Italy,1437.0,philosopher,europe,re_europe
30186,Q5041436,Carlo Abbate,re_italy,Italy,1600.0,musicologist,europe,re_europe
30192,Q1876563,Luis de la Puente,re_spain,Spain,1554.0,theologian,europe,re_europe
30196,Q3620091,Antonio Riccoboni,re_italy,Italy,1541.0,historian,europe,re_europe
30208,Q5484137,Francisco de Lugo,re_spain,Spain,1580.0,theologian,europe,re_europe
30214,Q3476896,Sebastiano Menzocchi,re_italy,Italy,1535.0,historian,europe,re_europe
30220,Q14943669,Jeroni Pujades,re_spain,Spain,1568.0,historian,europe,re_europe
30231,Q3610093,Alessandro Luzzago,re_italy,Italy,1551.0,theologian | philosopher,europe,re_europe
30234,Q1803572,Nathan ben Jehiel,re_italy,Italy,1100.0,linguist,europe,re_europe
30237,Q19399925,Federico Bonaventura,re_italy,Italy,1555.0,mathematician | zoologist,europe,re_europe
30238,Q11905959,Antoni Sala,re_spain,Spain,1600.0,philosopher,europe,re_europe
30244,Q970999,Pietro di Giacomo Cataneo,re_italy,Italy,1510.0,mathematician,europe,re_europe
30247,Q1262734,Duarte Nunes de Leão,re_portugal,Portugal,1530.0,linguist | historian,europe,re_europe
30249,Q1708321,Joseph ha-Kohen,re_italy,Italy,1496.0,historian,europe,re_europe
30264,Q184530,Gerolamo Cardano,re_italy,Italy,1501.0,philosopher | mathematician,europe,re_europe
30273,Q1495249,Gaspar Lax,re_spain,Spain,1487.0,philosopher | mathematician,europe,re_europe
30274,Q18945442,Giovanni Giacomo Lando,re_italy,Italy,1551.0,economist,europe,re_europe
30276,Q352569,Jacopo Nardi,re_italy,Italy,1476.0,historian,europe,re_europe
30279,Q23061025,Ilarione Rancati,re_italy,Italy,1594.0,theologian,europe,re_europe
30280,Q4755694,Andreas de Vega,re_spain,Spain,1498.0,theologian,europe,re_europe
30283,Q4002958,Ugolino of Forlì,re_italy,Italy,1380.0,musicologist,europe,re_europe
30292,Q2739207,Giovanni Battista Doni,re_italy,Italy,1595.0,musicologist,europe,re_europe
30293,Q16863516,Camillo Tarello,re_italy,Italy,1513.0,botanist,europe,re_europe
30294,Q3695658,Costanzo Felici,re_italy,Italy,1525.0,botanist,europe,re_europe
30303,Q936722,Claudio Tolomei,re_italy,Italy,1492.0,linguist,europe,re_europe
30313,Q1617572,Jerónimo Lloret,re_spain,Spain,1600.0,theologian,europe,re_europe
30315,Q3904132,Pietro Paolo Caporella,re_italy,Italy,1450.0,theologian,europe,re_europe
30319,Q5670192,Alonso Palma,re_spain,Spain,1500.0,historian,europe,re_europe
30323,Q5290104,Domenico Malipiero,re_italy,Italy,1445.0,historian,europe,re_europe
30324,Q1383735,Alfonso Salmeron,re_italy,Italy,1515.0,theologian,europe,re_europe
30329,Q4777064,Antonio de León Pinelo house,re_spain,Spain,1589.0,historian,europe,re_europe
30331,Q128027,Giorgio Vasari,re_italy,Italy,1511.0,art theorist,europe,re_europe
30332,Q4890252,Esteban Garibay,re_spain,Spain,1533.0,historian,europe,re_europe
30336,Q110162102,Michele Fabrizio Ferrarini,re_italy,Italy,1450.0,archeologist,europe,re_europe
30340,Q106833119,Agostino Doni,re_italy,Italy,1550.0,philosopher,europe,re_europe
30341,Q87068374,Matteo Donia,re_italy,Italy,1550.0,philosopher,europe,re_europe
30342,Q448557,Alvarus Pelagius,re_spain,Spain,1275.0,theologian,europe,re_europe
30344,Q644162,Melchor Cano,re_spain,Spain,1509.0,philosopher,europe,re_europe
30348,Q3767984,Giovanni Arca,re_italy,Italy,1562.0,historian,europe,re_europe
30350,Q87068388,Biagio Milanesi,re_italy,Italy,1444.0,theologian,europe,re_europe
30355,Q457191,Pietro Andrea Mattioli,re_italy,Italy,1501.0,botanist,europe,re_europe
30358,Q18945788,Silvio Belli,re_italy,Italy,1510.0,mathematician,europe,re_europe
30368,Q936308,Cesare Cremonini,re_italy,Italy,1550.0,philosopher,europe,re_europe
30373,Q1866960,Francesillo de Zúñiga,re_spain,Spain,1490.0,historian,europe,re_europe
30376,Q17478064,Gregorio Hernández de Velasco,re_spain,Spain,1525.0,theologian,europe,re_europe
30380,Q20004062,Agostino De Bellis,re_italy,Italy,1595.0,theologian,europe,re_europe
30384,Q355903,Siger of Brabant,re_italy,Italy,1235.0,philosopher,europe,re_europe
30393,Q109876907,Faustino Tasso,re_italy,Italy,1541.0,historian,europe,re_europe
30394,Q549523,Antonio Guevara Noroña,re_spain,Spain,1480.0,historian,europe,re_europe
30397,Q25091781,Lorenzo Asensio Otaduy Avendaño,re_spain,Spain,1539.0,theologian,europe,re_europe
30399,Q21993844,Francesco Valegio,re_italy,Italy,1570.0,geographer,europe,re_europe
30402,Q90577711,Astruc Cresques,re_spain,Spain,1301.0,philosopher,europe,re_europe
30404,Q3651563,Camillo Pellegrino,re_italy,Italy,1598.0,historian,europe,re_europe
30406,Q29545181,Sigismondo Boldoni,re_italy,Italy,1597.0,philosopher,europe,re_europe
30413,Q15791484,Francesco Rivola,re_italy,Italy,1570.0,linguist,europe,re_europe
30416,Q3769679,Giulio Iasolino,re_italy,Italy,1538.0,geographer | anatomist,europe,re_europe
30419,Q3952406,Scipione Lentolo,re_italy,Italy,1525.0,theologian,europe,re_europe
30420,Q595497,Francesco Pucci,re_italy,Italy,1543.0,philosopher,europe,re_europe
30423,Q430685,Sylvester Mazzolini,re_italy,Italy,1456.0,theologian,europe,re_europe
30429,Q3612905,Alonso de Góngora Marmolejo,re_spain,Spain,1523.0,historian,europe,re_europe
30430,Q104629697,Francisco Antonio,re_spain,Spain,1535.0,theologian,europe,re_europe
30432,Q462374,Samuel Usque,re_portugal,Portugal,1490.0,historian,europe,re_europe
30433,Q26713603,Marino Freccia,re_italy,Italy,1503.0,historian,europe,re_europe
30440,Q6220512,Sabatino de Ursis,re_italy,Italy,1575.0,astronomer,europe,re_europe
30441,Q602742,Antonio Lafreri,re_italy,Italy,1512.0,geographer,europe,re_europe
30447,Q8005196,William Bathe,re_spain,Spain,1564.0,linguist | musicologist,europe,re_europe
30448,Q781481,Agostino Gallo,re_italy,Italy,1499.0,botanist,europe,re_europe
30449,Q436738,Gian Giorgio Trissino,re_italy,Italy,1478.0,philosopher,europe,re_europe
30450,Q15921938,Giovanni Candido,re_italy,Italy,1450.0,historian,europe,re_europe
30455,Q3768172,Giovanni Spataro,re_italy,Italy,1458.0,musicologist,europe,re_europe
30456,Q670581,Uberto Decembrio,re_italy,Italy,1350.0,philosopher | historian,europe,re_europe
30463,Q274484,Tarquinia Molza,re_italy,Italy,1542.0,botanist,europe,re_europe
30464,Q3983865,Teodoro Ameyden,re_italy,Italy,1586.0,historian,europe,re_europe
30469,Q39500224,Francesco Collio,re_italy,Italy,1580.0,theologian,europe,re_europe
30470,Q309733,Vincenzo Scamozzi,re_italy,Italy,1548.0,historian,europe,re_europe
30473,Q523931,Girolamo Zoppio,re_italy,Italy,1516.0,linguist | philosopher,europe,re_europe
30474,Q4274336,Diego de Colmenares,re_spain,Spain,1586.0,historian,europe,re_europe
30475,Q23695787,Bartolomé de Albornoz,re_spain,Spain,1519.0,historian,europe,re_europe
30482,Q3622218,Pero de Magalhães Gândavo,re_portugal,Portugal,1540.0,historian,europe,re_europe
30483,Q6002841,Martín Pérez de Ayala,re_spain,Spain,1504.0,theologian,europe,re_europe
30488,Q3642038,Bonaventura Belluto,re_italy,Italy,1600.0,theologian | philosopher,europe,re_europe
30490,Q55007799,Giovan Battista Hodierna,re_italy,Italy,1597.0,astronomer | zoologist,europe,re_europe
30501,Q41566887,Lelio Bonsi,re_italy,Italy,1532.0,philosopher,europe,re_europe
30505,Q3852092,Matteo Caccini,re_italy,Italy,1573.0,botanist,europe,re_europe
30506,Q96965,Melchior Wieland,re_italy,Italy,1519.0,botanist,europe,re_europe
30512,Q523860,Andrés Bernáldez,re_spain,Spain,1450.0,historian,europe,re_europe
30513,Q26251997,Landolfo Colonna,re_italy,Italy,1250.0,historian,europe,re_europe
30515,Q4013229,Vincenzo Di Giovanni,re_italy,Italy,1550.0,historian,europe,re_europe
30523,Q21480087,Francisco Melchor de Montemayor,re_spain,Spain,1588.0,philosopher,europe,re_europe
30527,Q84561676,Vincenzo Ferrini,re_italy,Italy,1534.0,theologian,europe,re_europe
30529,Q53101,Ioveta of Bethany,re_spain,Spain,1118.0,theologian,europe,re_europe
30530,Q19288776,Bartomeu Gerp,re_spain,Spain,1500.0,theologian | mathematician,europe,re_europe
30534,Q1798685,Vincenzo Maggi,re_italy,Italy,1498.0,philosopher,europe,re_europe
30535,Q3619807,Antonio Manetti,re_italy,Italy,1423.0,mathematician,europe,re_europe
30539,Q3080920,Francesco Buonamici,re_italy,Italy,1533.0,philosopher,europe,re_europe
30540,Q15635935,Celestino Colleoni,re_italy,Italy,1568.0,historian,europe,re_europe
30544,Q55226454,Marcantonio Cappello,re_italy,Italy,1550.0,theologian,europe,re_europe
30546,Q90010346,Jaume Honorat Pomar,re_spain,Spain,1550.0,botanist,europe,re_europe
30547,Q56072781,Antonio d'Arezzo,re_italy,Italy,1380.0,theologian,europe,re_europe
30548,Q5484071,Francisco Ximénez de Urrea,re_spain,Spain,1589.0,historian,europe,re_europe
30549,Q55226089,Girolamo Buonagrazia,re_italy,Italy,1470.0,philosopher,europe,re_europe
30551,Q671145,Ramon Muntaner,re_spain,Spain,1265.0,historian,europe,re_europe
30552,Q167561,Eugene IV,re_italy,Italy,1383.0,philosopher,europe,re_europe
30554,Q47502797,Pietro del Massaio,re_italy,Italy,1420.0,geographer,europe,re_europe
30555,Q3903795,Pietro Colonna Galatino,re_italy,Italy,1460.0,theologian,europe,re_europe
30556,Q4007910,Valerio Rosso,re_italy,Italy,1572.0,philosopher,europe,re_europe
30557,Q16559553,Giorgio Lapazaya,re_italy,Italy,1495.0,mathematician,europe,re_europe
30567,Q97487860,Al-Dabbi,re_spain,Spain,1155.0,historian,europe,re_europe
30570,Q462274,Pedro Mexía,re_spain,Spain,1497.0,philosopher | historian,europe,re_europe
30571,Q1898561,Marino Sanuto the Elder,re_italy,Italy,1270.0,geographer,europe,re_europe
30572,Q3502536,Giovanni Agostino Abate,re_italy,Italy,1495.0,historian,europe,re_europe
30574,Q686754,Duarte Pacheco Pereira,re_portugal,Portugal,1460.0,geographer | astronomer,europe,re_europe
30578,Q16191662,Joan Eixemeno,re_spain,Spain,1350.0,theologian,europe,re_europe
30582,Q2424152,Thomas Gallus,re_italy,Italy,1190.0,theologian,europe,re_europe
30596,Q19958872,Lambert Auer,re_italy,Italy,1533.0,philosopher,europe,re_europe
30610,Q360410,Riccardo Rognoni,re_italy,Italy,1550.0,musicologist,europe,re_europe
30611,Q106832905,Pietro Trapolino,re_italy,Italy,1451.0,philosopher,europe,re_europe
30625,Q298664,Robert Bellarmine,re_italy,Italy,1542.0,theologian,europe,re_europe
30629,Q63255736,Jacopo Pitti,re_italy,Italy,1519.0,historian,europe,re_europe
30630,Q4212873,Andrés Capella,re_spain,Spain,1529.0,theologian,europe,re_europe
30634,Q4896779,Lucio Marineo Sículo,re_spain,Spain,1444.0,historian,europe,re_europe
30637,Q363914,Juan de Herrera,re_spain,Spain,1530.0,mathematician,europe,re_europe
30642,Q722736,Hugh Aycelin,re_italy,Italy,1230.0,theologian,europe,re_europe
30643,Q3663234,Cataldo Antonio Mannarino,re_italy,Italy,1568.0,historian,europe,re_europe
30644,Q249629,Jacopo Dondi dell'Orologio,re_italy,Italy,1293.0,astronomer | mathematician,europe,re_europe
30645,Q318593,Girolamo Fracastoro,re_italy,Italy,1478.0,epidemiologist | physicist | astronomer | mathematician | geographer,europe,re_europe
30646,Q41617689,Tommaso Radini Tedeschi,re_italy,Italy,1488.0,theologian | philosopher,europe,re_europe
30649,Q10994720,Konstantinos the Sicilian,re_italy,Italy,850.0,philosopher,europe,re_europe
30655,Q322331,Lucas Holstenius,re_italy,Italy,1596.0,geographer,europe,re_europe
30657,Q2827097,Agostino Oreggi,re_italy,Italy,1577.0,theologian,europe,re_europe
30660,Q501774,Giuseppe Biancani,re_italy,Italy,1566.0,astronomer | mathematician,europe,re_europe
30661,Q17478136,Martín Laso de Oropesa,re_spain,Spain,1499.0,linguist,europe,re_europe
30663,Q539577,Guarino da Verona,re_italy,Italy,1374.0,philosopher,europe,re_europe
30669,Q3830082,Lelio Pellegrini,re_italy,Italy,1551.0,philosopher,europe,re_europe
30673,Q261554,Pier Angelo Manzolli,re_italy,Italy,1500.0,philosopher,europe,re_europe
30678,Q3875822,Niccolò Aggiunti,re_italy,Italy,1600.0,mathematician,europe,re_europe
30679,Q2857523,Antonio il Verso,re_italy,Italy,1560.0,musicologist,europe,re_europe
30691,Q729799,Atanasiu di Iaci,re_italy,Italy,1201.0,historian,europe,re_europe
30700,Q61775080,Marcos de Sepúlveda,re_spain,Spain,1600.0,theologian,europe,re_europe
30701,Q15711374,Guido Panciroli,re_italy,Italy,1523.0,historian,europe,re_europe
30703,Q5186524,Cristóbal Mosquera de Figueroa,re_spain,Spain,1547.0,historian,europe,re_europe
30706,Q3845887,Marcantonio Genua,re_italy,Italy,1491.0,philosopher,europe,re_europe
30707,Q16557310,Francesco Luna,re_italy,Italy,1586.0,historian,europe,re_europe
30711,Q1390868,Fabrizio Mordente,re_italy,Italy,1532.0,philosopher | mathematician,europe,re_europe
30714,Q3713292,Domenico da Gravina,re_italy,Italy,1300.0,historian,europe,re_europe
30716,Q16167279,Daniele Antonini,re_italy,Italy,1588.0,astronomer | physicist | mathematician,europe,re_europe
30722,Q2286665,Silvestro Ganassi dal Fontego,re_italy,Italy,1492.0,musicologist,europe,re_europe
30725,Q469971,Gjon Buzuku,re_italy,Italy,1499.0,linguist,europe,re_europe
30728,Q100871277,Lelio Baglioni,re_italy,Italy,1550.0,theologian,europe,re_europe
30731,Q7024607,Niccolò Orlandini,re_italy,Italy,1553.0,historian,europe,re_europe
30733,Q19299720,Jaume Ramon Vila,re_spain,Spain,1569.0,historian,europe,re_europe
30736,Q727313,Jerónimo Zurita y Castro,re_spain,Spain,1512.0,historian,europe,re_europe
30737,Q2409668,Alessandra Giliani,re_italy,Italy,1307.0,anatomist,europe,re_europe
30738,Q729597,Pedro Cieza de León,re_spain,Spain,1520.0,historian,europe,re_europe
30740,Q5929451,Jerónimo Ardid,re_spain,Spain,1565.0,botanist | economist,europe,re_europe
30744,Q384460,Cristóvão da Costa,re_spain,Spain,1515.0,botanist,europe,re_europe
30745,Q781378,Marino Sanuto the Younger,re_italy,Italy,1466.0,historian,europe,re_europe
30748,Q321358,Ulisse Aldrovandi,re_italy,Italy,1522.0,botanist | zoologist | geologist,europe,re_europe
30753,Q3081061,Francesco Pona,re_italy,Italy,1595.0,philosopher | historian,europe,re_europe
30755,Q567224,Annio da Viterbo,re_italy,Italy,1437.0,archeologist | historian,europe,re_europe
30759,Q17285106,Domenico Manzoni,re_italy,Italy,1501.0,economist,europe,re_europe
30760,Q318787,Pietro Pomponazzi,re_italy,Italy,1462.0,philosopher,europe,re_europe
30766,Q535676,Angelo Decembrio,re_italy,Italy,1415.0,historian,europe,re_europe
30769,Q1867774,Lodovico Fogliano,re_italy,Italy,1490.0,musicologist,europe,re_europe
30770,Q3645672,Bruno Busale,re_italy,Italy,1530.0,theologian,europe,re_europe
30775,Q3992575,Tomaso Malvenda,re_spain,Spain,1566.0,theologian | philosopher | historian,europe,re_europe
30777,Q330664,Abraham Usque,re_italy,Italy,1521.0,linguist,europe,re_europe
30785,Q295598,Tirso de Molina,re_spain,Spain,1583.0,historian,europe,re_europe
30786,Q5929675,Jerónimo de San José,re_spain,Spain,1587.0,historian,europe,re_europe
30789,Q318254,Poggio Bracciolini,re_italy,Italy,1380.0,philosopher | historian,europe,re_europe
30794,Q5698044,Antonio Cervera de la Torre,re_spain,Spain,1600.0,historian,europe,re_europe
30795,Q3638235,Benito Sánchez de Herrera,re_italy,Italy,1598.0,theologian,europe,re_europe
30802,Q1242861,Giovanni Maria Lanfranco,re_italy,Italy,1490.0,musicologist,europe,re_europe
30803,Q87450162,Defendente Lodi,re_italy,Italy,1578.0,historian,europe,re_europe
30805,Q3766991,Giovanni Cavalcanti,re_italy,Italy,1381.0,historian,europe,re_europe
30814,Q704519,Fernão Lopes,re_portugal,Portugal,1385.0,historian,europe,re_europe
30817,Q1771793,Luke Wadding,re_italy,Italy,1588.0,historian,europe,re_europe
30818,Q1345131,Pietro Cerone,re_italy,Italy,1566.0,musicologist,europe,re_europe
30820,Q192238,Guido of Arezzo,re_italy,Italy,992.0,musicologist,europe,re_europe
30822,Q18945044,Antonio Lupicini,re_italy,Italy,1530.0,astronomer,europe,re_europe
30825,Q109832672,Niccolò Tegrimi,re_italy,Italy,1448.0,historian,europe,re_europe
30827,Q5953060,Juan de Castañeda,re_spain,Spain,1600.0,historian,europe,re_europe
30834,Q3120293,Guillaume de Bray,re_italy,Italy,1201.0,mathematician,europe,re_europe
30835,Q26648,John Argyropoulos,re_italy,Italy,1416.0,philosopher,europe,re_europe
30838,Q1633681,Olegarius,re_spain,Spain,1060.0,philosopher,europe,re_europe
30839,Q2278766,François de Busleyden,re_spain,Spain,1455.0,theologian,europe,re_europe
30847,Q2080920,Petrus Alphonsi,re_spain,Spain,1062.0,theologian | astronomer,europe,re_europe
30854,Q110777709,Girolamo Fazello,re_italy,Italy,1500.0,theologian,europe,re_europe
30856,Q287485,Theodoros Gaza,re_italy,Italy,1398.0,philosopher,europe,re_europe
30858,Q9016836,Justino Antolínez de Burgos,re_spain,Spain,1557.0,historian,europe,re_europe
30861,Q3858676,Miquel Agustí,re_spain,Spain,1560.0,botanist,europe,re_europe
30862,Q1982892,Gabriel Alonso de Herrera,re_spain,Spain,1470.0,botanist,europe,re_europe
30866,Q1324187,Tristano Caracciolo,re_italy,Italy,1439.0,historian,europe,re_europe
30867,Q3805860,Jacopo Cini,re_italy,Italy,1300.0,theologian,europe,re_europe
30869,Q15430545,Roberto Caracciolo,re_italy,Italy,1425.0,theologian,europe,re_europe
30873,Q3810776,Juan Azor,re_italy,Italy,1535.0,philosopher,europe,re_europe
30885,Q111541485,Alessandro Zilioli,re_italy,Italy,1596.0,historian,europe,re_europe
30888,Q11928019,John of Montson,re_spain,Spain,1340.0,theologian,europe,re_europe
30890,Q251291,Luca Pinelli,re_italy,Italy,1542.0,theologian,europe,re_europe
30891,Q729172,Tomás de Santa María,re_spain,Spain,1515.0,musicologist,europe,re_europe
30894,Q15832587,Livio Sanuto,re_italy,Italy,1520.0,geographer,europe,re_europe
30895,Q5445183,Fernão de Oliveira,re_portugal,Portugal,1507.0,linguist | historian,europe,re_europe
30896,Q5526541,Gaspar Frutuoso,re_portugal,Portugal,1522.0,historian,europe,re_europe
30904,Q11927912,Joan Ramon Ferrer,re_spain,Spain,1500.0,linguist,europe,re_europe
30907,Q1363975,Michele Mercati,re_italy,Italy,1541.0,physicist | botanist | archeologist | geologist | anthropologist | historian,europe,re_europe
30910,Q16181304,Joan Bulons,re_spain,Spain,1450.0,philosopher,europe,re_europe
30911,Q5813002,Dominico Vigna,re_italy,Italy,1577.0,botanist,europe,re_europe
30918,Q5660936,Agustín de Cazalla,re_spain,Spain,1510.0,theologian,europe,re_europe
30921,Q105014953,Giovanni Francesco Arma,re_italy,Italy,1500.0,physicist,europe,re_europe
30922,Q3295081,Pere Tomich,re_spain,Spain,1500.0,historian,europe,re_europe
30925,Q329893,Cresques Abraham,re_spain,Spain,1325.0,geographer,europe,re_europe
30927,Q3142752,Manuel de Faria e Sousa,re_spain,Spain,1590.0,historian,europe,re_europe
30928,Q4013375,Vincenzo Maria Cimarelli,re_italy,Italy,1585.0,historian | anatomist,europe,re_europe
30931,Q17629095,Diego de Álava y Viamont,re_spain,Spain,1557.0,mathematician,europe,re_europe
30935,Q947651,John Italus,re_italy,Italy,1025.0,philosopher,europe,re_europe
30940,Q1346310,Matthew of Aquasparta,re_italy,Italy,1240.0,theologian | philosopher,europe,re_europe
30949,Q1776231,Orazio Torsellino,re_italy,Italy,1545.0,historian,europe,re_europe
30961,Q41557829,Livio Agrippa,re_italy,Italy,1501.0,philosopher,europe,re_europe
30964,Q172383,Sylvester II,re_italy,Italy,938.0,theologian | astronomer | philosopher | mathematician,europe,re_europe
30965,Q1232246,Falco of Benevento,re_italy,Italy,1070.0,historian,europe,re_europe
30967,Q18945288,Francesco da Firenze,re_italy,Italy,1401.0,theologian,europe,re_europe
30968,Q8964704,Gonzalo de Illescas,re_spain,Spain,1521.0,historian,europe,re_europe
30974,Q3609641,Alerame Traversagni,re_italy,Italy,1400.0,historian,europe,re_europe
30978,Q16185906,Marco Antonio Ceccaldi,re_italy,Italy,1521.0,historian,europe,re_europe
30979,Q3629754,Janus Parrhasius,re_italy,Italy,1471.0,philosopher | historian,europe,re_europe
30984,Q6068794,Pedro Fernández de Navarrete,re_spain,Spain,1564.0,economist,europe,re_europe
30988,Q514391,Paolo da Firenze,re_italy,Italy,1355.0,musicologist,europe,re_europe
30989,Q16494101,Miguel Caja de Leruela,re_spain,Spain,1550.0,economist,europe,re_europe
30991,Q1796926,Mario Guiducci,re_italy,Italy,1585.0,astronomer,europe,re_europe
30992,Q6185637,Jerónimo Bautista Lanuza,re_spain,Spain,1553.0,theologian,europe,re_europe
30996,Q355240,Adelmann,re_italy,Italy,1000.0,mathematician,europe,re_europe
30998,Q4711897,Albertinus de Virga,re_italy,Italy,1350.0,geographer,europe,re_europe
31007,Q3962007,Sire Raul,re_italy,Italy,1100.0,historian,europe,re_europe
31014,Q52153997,Innocenzo Malvasia,re_italy,Italy,1552.0,botanist,europe,re_europe
31018,Q465056,Alonzo de Santa Cruz,re_spain,Spain,1505.0,geographer | historian,europe,re_europe
31019,Q608713,Louis of Granada,re_portugal,Portugal,1505.0,theologian,europe,re_europe
31021,Q2346104,Diego Fernández,re_spain,Spain,1520.0,historian,europe,re_europe
31022,Q3635458,Bartolomeo Scala,re_italy,Italy,1430.0,historian,europe,re_europe
31025,Q349351,Richard of San Germano,re_italy,Italy,1165.0,historian,europe,re_europe
31026,Q16621758,Vincenzo Barsio,re_italy,Italy,1490.0,theologian | philosopher,europe,re_europe
31028,Q5279225,Diogo das Chagas,re_portugal,Portugal,1584.0,historian,europe,re_europe
31032,Q51788530,Bernardino Rossignoli,re_italy,Italy,1547.0,theologian,europe,re_europe
31034,Q3080911,Francesco Bonafede,re_italy,Italy,1474.0,botanist,europe,re_europe
31044,Q18814567,Mattia Palmerio,re_italy,Italy,1423.0,historian,europe,re_europe
31047,Q108250721,Juan Gallo,re_spain,Spain,1521.0,theologian,europe,re_europe
31058,Q19723817,Ambrogio Fiandino,re_italy,Italy,1460.0,theologian,europe,re_europe
31064,Q3374640,Sixtus of Siena,re_italy,Italy,1520.0,theologian,europe,re_europe
31066,Q177869,Gabriele Falloppio,re_italy,Italy,1523.0,botanist | anatomist,europe,re_europe
31068,Q3762652,Gian Giacomo Adria,re_italy,Italy,1485.0,historian,europe,re_europe
31072,Q3753261,Jerónimo de Ayanz y Beaumont,re_spain,Spain,1553.0,astronomer,europe,re_europe
31074,Q3895848,Paride Grassi,re_italy,Italy,1470.0,theologian,europe,re_europe
31076,Q2755441,Caffaro di Rustico da Caschifellone,re_italy,Italy,1080.0,historian,europe,re_europe
31078,Q15462472,Joseph ben Hayyim Jabez,re_spain,Spain,1507.0,philosopher,europe,re_europe
31081,Q16468682,Bernardino de' Bustis,re_italy,Italy,1450.0,theologian,europe,re_europe
31083,Q89996695,Antonio de Cianca,re_spain,Spain,1550.0,historian,europe,re_europe
31086,Q925697,Girolamo Mei,re_italy,Italy,1519.0,musicologist | historian,europe,re_europe
31093,Q5639632,Francisco Salgado de Somoza,re_spain,Spain,1590.0,theologian,europe,re_europe
31096,Q8201870,Antonio de Viana,re_spain,Spain,1578.0,historian,europe,re_europe
31099,Q334188,Pietro Bembo,re_italy,Italy,1470.0,historian,europe,re_europe
31100,Q21663425,Elisa Oricchio,re_italy,Italy,1111.0,zoologist,europe,re_europe
31105,Q172916,John XXI,re_italy,Italy,1215.0,philosopher | mathematician,europe,re_europe
31107,Q1642977,Vidus Vidius,re_italy,Italy,1509.0,anatomist,europe,re_europe
31116,Q3618321,Anselmo Botturnio,re_italy,Italy,1470.0,theologian,europe,re_europe
31123,Q1893658,Marco Barbaro,re_italy,Italy,1511.0,historian,europe,re_europe
31127,Q27792351,Alessandro Canobbio,re_italy,Italy,1532.0,historian,europe,re_europe
31128,Q352513,Gabriel Vásquez,re_spain,Spain,1549.0,theologian | philosopher,europe,re_europe
31134,Q3769597,Giulio Claro,re_spain,Spain,1525.0,sociologist,europe,re_europe
31136,Q3273991,Macario Melisurgo,re_italy,Italy,1500.0,historian,europe,re_europe
31137,Q725724,Giovanni Artusi,re_italy,Italy,1540.0,musicologist,europe,re_europe
31138,Q18945802,Teofilo Bruni,re_italy,Italy,1569.0,astronomer | mathematician,europe,re_europe
31142,Q2887519,Diego de Zúñiga,re_spain,Spain,1536.0,philosopher,europe,re_europe
31144,Q1771889,Onofrio Panvinio,re_italy,Italy,1530.0,archeologist,europe,re_europe
31150,Q56000080,Miguel Bartolomé Salón,re_spain,Spain,1539.0,theologian,europe,re_europe
31151,Q164823,Girolamo Savonarola,re_italy,Italy,1452.0,philosopher,europe,re_europe
31156,Q940132,Juan Ginés de Sepúlveda,re_spain,Spain,1490.0,philosopher,europe,re_europe
31157,Q6752964,Manuel da Costa,re_portugal,Portugal,1541.0,historian,europe,re_europe
31158,Q85634850,Francesc Martorell de Luna,re_spain,Spain,1586.0,historian,europe,re_europe
31163,Q7819084,Tommaso Tamburini,re_italy,Italy,1591.0,philosopher,europe,re_europe
31171,Q354023,Girolamo Dalla Casa,re_italy,Italy,1600.0,musicologist,europe,re_europe
31172,Q100753815,Abul Qasim Ibn Ahmad Ibn Abdul Rahman Ibn Muhamma,re_spain,Spain,1029.0,historian,europe,re_europe
31176,Q1757022,Jacopo Mazzoni,re_italy,Italy,1548.0,astronomer | philosopher,europe,re_europe
31178,Q3806749,James Tyrie,re_italy,Italy,1543.0,theologian,europe,re_europe
31185,Q2886104,Bartolomeo Zucchi,re_italy,Italy,1570.0,historian,europe,re_europe
31189,Q2068110,Pellegrino Prisciani,re_italy,Italy,1435.0,astronomer,europe,re_europe
31194,Q28669465,Antonio Nardi,re_italy,Italy,1598.0,mathematician,europe,re_europe
31195,Q584706,Andalò del Negro,re_italy,Italy,1260.0,geographer | astronomer,europe,re_europe
31196,Q3830501,Leone Cobelli,re_italy,Italy,1425.0,historian,europe,re_europe
31203,Q9438,Thomas Aquinas,re_italy,Italy,1225.0,theologian | philosopher,europe,re_europe
31216,Q16116881,Giuseppe Rosaccio,re_italy,Italy,1530.0,geographer | astronomer | philosopher,europe,re_europe
31219,Q445084,Fra Mauro,re_italy,Italy,1385.0,geographer,europe,re_europe
31220,Q7177913,Peter of Bergamo,re_italy,Italy,1400.0,theologian,europe,re_europe
31232,Q2050459,Paul of Pergula,re_italy,Italy,1380.0,philosopher | mathematician,europe,re_europe
31234,Q15303557,Giuseppe Carnevale,re_italy,Italy,1558.0,historian,europe,re_europe
31238,Q3768485,Giovanni di Gherardo da Prato,re_italy,Italy,1360.0,mathematician,europe,re_europe
31239,Q282356,Pedro Reinel,re_portugal,Portugal,1500.0,geographer,europe,re_europe
31242,Q10311118,João Baptista Lavanha,re_spain,Spain,1555.0,geographer | mathematician,europe,re_europe
31245,Q358547,Rafael Bombelli,re_italy,Italy,1526.0,mathematician,europe,re_europe
31246,Q22137914,Giovanni Capponi,re_italy,Italy,1586.0,philosopher,europe,re_europe
31250,Q5953620,Juan de la Peña,re_spain,Spain,1513.0,theologian,europe,re_europe
31254,Q3839582,Luigi Dentice,re_italy,Italy,1510.0,musicologist,europe,re_europe
31260,Q19998070,Bernat Oliver,re_spain,Spain,1300.0,philosopher,europe,re_europe
31268,Q2876246,Atto of Pistoia,re_italy,Italy,1070.0,historian,europe,re_europe
31271,Q93636615,Vidal Efrayim Gerondi,re_spain,Spain,1340.0,astronomer,europe,re_europe
31273,Q57087,Adrian VI,re_italy,Italy,1459.0,theologian | philosopher,europe,re_europe
31276,Q105491188,Massimo Teofilo Masi,re_italy,Italy,1509.0,theologian,europe,re_europe
31278,Q41569391,Teofilo Ferrari,re_italy,Italy,1431.0,theologian | philosopher,europe,re_europe
31280,Q26848922,Alfano Alfani,re_italy,Italy,1465.0,mathematician,europe,re_europe
31281,Q62613020,Juan de Cartagena,re_italy,Italy,1563.0,theologian,europe,re_europe
31289,Q3131387,Juan Margarit i Pau,re_italy,Italy,1422.0,historian,europe,re_europe
31290,Q41559704,Giuseppe Balli,re_italy,Italy,1567.0,theologian,europe,re_europe
31298,Q784373,Piero Vettori,re_italy,Italy,1499.0,linguist | philosopher,europe,re_europe
31301,Q2737973,Bernardo Davanzati,re_italy,Italy,1529.0,historian | botanist | linguist | economist,europe,re_europe
31302,Q5705671,Heliodoro de Paiva,re_portugal,Portugal,1502.0,theologian | philosopher,europe,re_europe
31305,Q21184587,Juan Gutiérrez de Gualda,re_spain,Spain,1520.0,mathematician,europe,re_europe
31309,Q7122828,Pacificus of Ceredano,re_italy,Italy,1424.0,theologian,europe,re_europe
31312,Q654608,Jacques de Vitry,re_italy,Italy,1170.0,theologian | philosopher | historian,europe,re_europe
31316,Q737321,Albertino Mussato,re_italy,Italy,1261.0,historian,europe,re_europe
31317,Q3349145,Oderico Rinaldi,re_italy,Italy,1595.0,historian,europe,re_europe
31322,Q106891426,Antoine Millieu,re_italy,Italy,1575.0,theologian,europe,re_europe
31329,Q4023586,Boverius,re_italy,Italy,1568.0,historian,europe,re_europe
31343,Q3769519,Giulio Calvi,re_italy,Italy,1554.0,theologian,europe,re_europe
31344,Q3054623,Enrico Caterino Davila,re_italy,Italy,1576.0,historian,europe,re_europe
31348,Q7452635,Serafino Porrecta,re_italy,Italy,1536.0,theologian,europe,re_europe
31354,Q1168867,Tomás Sánchez,re_spain,Spain,1550.0,theologian,europe,re_europe
31361,Q3350696,Oliva Sabuco,re_spain,Spain,1562.0,philosopher,europe,re_europe
31366,Q975741,Judah ben David Hayyuj,re_spain,Spain,945.0,linguist,europe,re_europe
31368,Q493773,Diego Ortiz,re_italy,Italy,1510.0,musicologist,europe,re_europe
31371,Q3999043,Tristano Calco,re_italy,Italy,1455.0,historian,europe,re_europe
31373,Q712032,Francesco Barbaro,re_italy,Italy,1390.0,philosopher,europe,re_europe
31374,Q94439760,Giovanni Maria da Bitonto,re_italy,Italy,1586.0,mathematician,europe,re_europe
31378,Q770787,Giovanni Aurispa,re_italy,Italy,1376.0,linguist | historian,europe,re_europe
31380,Q3939598,Rocco Rodio,re_italy,Italy,1535.0,musicologist,europe,re_europe
31382,Q612967,Battista Agnese,re_italy,Italy,1500.0,geographer,europe,re_europe
31383,Q105631017,Pedro Agramont Zaldíbar,re_spain,Spain,1567.0,historian,europe,re_europe
31386,Q6247180,John Matthew Rispoli,re_italy,Italy,1582.0,philosopher,europe,re_europe
31394,Q85510943,Guillem Caldentey Sagrera,re_spain,Spain,1500.0,theologian,europe,re_europe
31406,Q19357558,Girolamo Borsieri,re_italy,Italy,1588.0,geographer | historian,europe,re_europe
31407,Q1195977,Obadiah ben Jacob Sforno,re_italy,Italy,1470.0,philosopher,europe,re_europe
31409,Q1926169,Johannes Vasaeus,re_spain,Spain,1511.0,historian,europe,re_europe
31418,Q1340260,Martín de Azpilcueta,re_italy,Italy,1492.0,philosopher | economist,europe,re_europe
31420,Q6593738,Alonso López,re_spain,Spain,1547.0,philosopher | historian,europe,re_europe
31421,Q325647,Diego de Estella,re_spain,Spain,1524.0,theologian,europe,re_europe
31423,Q382863,Diego de Enzinas,re_italy,Italy,1520.0,theologian,europe,re_europe
31424,Q3960318,Sigismondo I Bertacchi,re_italy,Italy,1564.0,historian,europe,re_europe
31427,Q2857742,António Galvão,re_portugal,Portugal,1490.0,historian,europe,re_europe
31429,Q434834,Flavio Biondo,re_italy,Italy,1392.0,geographer | historian | archeologist,europe,re_europe
31434,Q8770846,Duarte Galvão,re_portugal,Portugal,1446.0,historian,europe,re_europe
31438,Q352663,Sperone Speroni,re_italy,Italy,1500.0,philosopher,europe,re_europe
31448,Q614256,Godfrey of Viterbo,re_italy,Italy,1125.0,historian,europe,re_europe
31449,Q1356621,Joannes Baptista Masculus,re_italy,Italy,1583.0,geologist,europe,re_europe
31459,Q2063440,Paul of Middelburg,re_italy,Italy,1445.0,theologian | astronomer | mathematician,europe,re_europe
31463,Q1106691,Pandulf of Pisa,re_italy,Italy,1100.0,historian,europe,re_europe
31465,Q1230439,Pierre Robert Olivétan,re_italy,Italy,1506.0,theologian,europe,re_europe
31469,Q2910148,Bonincontro Morigia,re_italy,Italy,1301.0,historian,europe,re_europe
31471,Q1372875,Maffeo Vegio,re_italy,Italy,1407.0,archeologist,europe,re_europe
31473,Q962334,Hillel ben Samuel,re_italy,Italy,1220.0,philosopher,europe,re_europe
31474,Q1995114,Francis of Mayrone,re_italy,Italy,1285.0,theologian | philosopher,europe,re_europe
31476,Q3638733,Bernardino Tomitano,re_italy,Italy,1517.0,philosopher,europe,re_europe
31479,Q59626443,Cesare Campana,re_italy,Italy,1540.0,historian,europe,re_europe
31485,Q16657916,Teodoro de Lellis,re_italy,Italy,1428.0,theologian,europe,re_europe
31489,Q25937214,Pietro Giustiniani,re_italy,Italy,1490.0,historian,europe,re_europe
31495,Q6185675,Jerónimo de Vivar,re_spain,Spain,1600.0,historian,europe,re_europe
31500,Q710070,Piero Valeriano Bolzani,re_italy,Italy,1477.0,historian,europe,re_europe
31505,Q571078,Guillaume Fillastre,re_italy,Italy,1348.0,geographer,europe,re_europe
31507,Q47469059,Francesco Dal Pozzo,re_italy,Italy,1490.0,philosopher,europe,re_europe
31508,Q809500,Bartolomeo Facio,re_italy,Italy,1400.0,historian,europe,re_europe
31515,Q61476357,Girolamo d'Este,re_italy,Italy,1450.0,historian,europe,re_europe
31518,Q3760954,Gerardo Maurisio,re_italy,Italy,1173.0,historian,europe,re_europe
31519,Q3939593,Rocco Pirri,re_italy,Italy,1577.0,historian,europe,re_europe
31522,Q9016119,Juan de Icíar,re_spain,Spain,1523.0,mathematician,europe,re_europe
31525,Q5290682,Dominic of Flanders,re_italy,Italy,1420.0,philosopher,europe,re_europe
31531,Q3619233,Antonio Beatillo,re_italy,Italy,1570.0,theologian | historian,europe,re_europe
31533,Q2902973,Giovanni da Carignano,re_italy,Italy,1250.0,geographer,europe,re_europe
31535,Q3091925,Juan Huarte de San Juan,re_spain,Spain,1529.0,philosopher,europe,re_europe
31546,Q56000826,Heitor Pinto,re_portugal,Portugal,1528.0,theologian,europe,re_europe
31548,Q5849201,Esteban de Corbera,re_spain,Spain,1563.0,historian,europe,re_europe
31552,Q41569066,Bartolomeo Crescenzio,re_italy,Italy,1565.0,mathematician,europe,re_europe
31556,Q3766621,Giovanni Battista Cattaneo,re_italy,Italy,1488.0,theologian,europe,re_europe
31560,Q3766382,Giovanni Ambrogio Mazenta,re_italy,Italy,1565.0,mathematician,europe,re_europe
31563,Q6776977,Martin of Arles,re_spain,Spain,1501.0,theologian,europe,re_europe
31564,Q3768923,Girolamo Fiocchi,re_italy,Italy,1348.0,historian,europe,re_europe
31566,Q737310,Fulgenzio Micanzio,re_italy,Italy,1570.0,theologian | historian,europe,re_europe
31570,Q2166628,Thomas of Villanova,re_spain,Spain,1488.0,philosopher,europe,re_europe
31579,Q3838933,Lucio Scarano,re_italy,Italy,1540.0,philosopher,europe,re_europe
31584,Q20101075,Zulema the Astrologer,re_spain,Spain,1190.0,astronomer,europe,re_europe
31587,Q12262574,Lope Martínez de Isasti,re_spain,Spain,1565.0,historian,europe,re_europe
31590,Q7028949,Nicola Antonio Stigliola,re_italy,Italy,1546.0,philosopher | mathematician,europe,re_europe
31592,Q2034223,Jean-Charles de la Faille,re_spain,Spain,1597.0,mathematician,europe,re_europe
31593,Q2041910,Benedetto Bordone,re_italy,Italy,1450.0,geographer,europe,re_europe
31594,Q573807,John of Jandun,re_italy,Italy,1280.0,theologian | philosopher,europe,re_europe
31595,Q1220593,Diego de Covarubias y Leyva,re_spain,Spain,1512.0,economist,europe,re_europe
31596,Q605914,Francesc Micó,re_spain,Spain,1528.0,botanist,europe,re_europe
31599,Q55225192,Giovanni Maria Avanzi,re_italy,Italy,1549.0,theologian,europe,re_europe
31604,Q385456,Amatus of Montecassino,re_italy,Italy,1010.0,historian,europe,re_europe
31605,Q978985,Leo of Ostia,re_italy,Italy,1046.0,historian,europe,re_europe
31606,Q2777336,Rodrigo Sánchez de Arévalo,re_italy,Italy,1404.0,historian,europe,re_europe
31607,Q77967427,Juan de Cazalla,re_spain,Spain,1500.0,theologian,europe,re_europe
31610,Q4992148,Cristóbal Suárez de Figueroa,re_spain,Spain,1571.0,historian,europe,re_europe
31613,Q21078273,Sancho de Moncada,re_spain,Spain,1580.0,economist,europe,re_europe
31615,Q54888241,Onorio Belli,re_italy,Italy,1550.0,botanist,europe,re_europe
31618,Q279892,Pietro Cataldi,re_italy,Italy,1552.0,mathematician,europe,re_europe
31622,Q1698611,Johann Vesling,re_italy,Italy,1598.0,botanist | anatomist,europe,re_europe
31625,Q2187661,Francisco de Holanda,re_portugal,Portugal,1517.0,historian,europe,re_europe
31632,Q229190,Catherine of Siena,re_italy,Italy,1347.0,philosopher,europe,re_europe
31640,Q104814224,Garci Ruiz de Castro,re_spain,Spain,1513.0,historian,europe,re_europe
31644,Q313460,Jacobus de Voragine,re_italy,Italy,1228.0,theologian,europe,re_europe
31648,Q16550360,Domenico de Dominicis,re_italy,Italy,1416.0,theologian,europe,re_europe
31652,Q3483539,Sigismondo Conti,re_italy,Italy,1432.0,historian,europe,re_europe
31664,Q3257803,Lodovico Domenichi,re_italy,Italy,1515.0,linguist,europe,re_europe
31666,Q651013,Roberto Valturio,re_italy,Italy,1405.0,historian,europe,re_europe
31667,Q19997866,Antoni Marquès,re_spain,Spain,1570.0,philosopher,europe,re_europe
31668,Q61476333,Alessandro Giorgi,re_italy,Italy,1501.0,mathematician,europe,re_europe
31674,Q1764693,Robert Dudley,re_italy,Italy,1574.0,geographer,europe,re_europe
31675,Q18945091,Benedetto Scotto,re_italy,Italy,1500.0,geographer | mathematician,europe,re_europe
31678,Q3087430,Juan Eusebio Nieremberg,re_spain,Spain,1595.0,theologian | philosopher | botanist,europe,re_europe
31679,Q2107506,Lupercio Leonardo de Argensola,re_italy,Italy,1559.0,historian,europe,re_europe
31681,Q3288565,Marco Antonio Guarini,re_italy,Italy,1505.0,historian,europe,re_europe
31684,Q6002784,Martín Martinez de Cantalapiedra,re_spain,Spain,1519.0,theologian | linguist,europe,re_europe
31691,Q55874277,Lodovico Locatelli,re_italy,Italy,1600.0,chemist,europe,re_europe
31697,Q16599775,Salvatore Massonio,re_italy,Italy,1559.0,historian,europe,re_europe
31698,Q926531,Ostilio Ricci,re_italy,Italy,1540.0,mathematician,europe,re_europe
31703,Q1772482,Miguel da Silva,re_italy,Italy,1480.0,mathematician,europe,re_europe
31712,Q90020454,Melcior de Villena i Vila,re_spain,Spain,1564.0,botanist,europe,re_europe
31722,Q360589,Joseph Calasanctius,re_italy,Italy,1556.0,theologian,europe,re_europe
31723,Q104183238,Bernardino Trebazio,re_italy,Italy,1480.0,philosopher,europe,re_europe
31728,Q83241279,Francesco Longo,re_italy,Italy,1529.0,historian,europe,re_europe
31729,Q321563,Paolo dal Pozzo Toscanelli,re_italy,Italy,1397.0,geographer | astronomer | mathematician,europe,re_europe
31731,Q3120458,William of Saliceto,re_italy,Italy,1210.0,anatomist,europe,re_europe
31735,Q99509450,Juan Benito Guardiola,re_spain,Spain,1535.0,historian,europe,re_europe
31738,Q109331820,Cristóvão Gil,re_portugal,Portugal,1552.0,theologian,europe,re_europe
31741,Q3615520,Andrea Bernardi,re_italy,Italy,1450.0,historian,europe,re_europe
31746,Q7442644,Sebastián Fox Morcillo,re_spain,Spain,1526.0,philosopher,europe,re_europe
31754,Q23906881,Abraham Šalom,re_spain,Spain,1430.0,philosopher,europe,re_europe
31756,Q524380,Andrés Laguna,re_spain,Spain,1499.0,botanist | linguist | philosopher,europe,re_europe
31757,Q436097,Aloysius Lilius,re_italy,Italy,1510.0,astronomer | philosopher | physicist | mathematician,europe,re_europe
31761,Q21297026,Louis de Cressolles,re_italy,Italy,1568.0,theologian,europe,re_europe
31767,Q76191030,Domingo del Pico,re_spain,Spain,1500.0,theologian,europe,re_europe
31768,Q107750482,Pio Cassetta,re_italy,Italy,1596.0,theologian,europe,re_europe
31769,Q28861720,Placido Nigido,re_italy,Italy,1570.0,theologian,europe,re_europe
31772,Q18507382,Andreas Kobavius,re_italy,Italy,1593.0,theologian | mathematician,europe,re_europe
31774,Q21543076,Giovanni Battista Carafa,re_italy,Italy,1495.0,historian,europe,re_europe
31786,Q2355082,García de Silva Figueroa,re_spain,Spain,1551.0,archeologist,europe,re_europe
31792,Q605144,Antonio Serra,re_italy,Italy,1600.0,philosopher | economist,europe,re_europe
31794,Q2849524,Angelo di Costanzo,re_italy,Italy,1507.0,historian,europe,re_europe
31795,Q2696078,Andreas of Bergamo,re_italy,Italy,801.0,historian,europe,re_europe
31796,Q60519816,Giovanni Rinaldi,re_italy,Italy,1600.0,botanist,europe,re_europe
31798,Q75046252,Luis de Bavia,re_spain,Spain,1555.0,historian,europe,re_europe
31800,Q105044982,Giovanni Elisio,re_italy,Italy,1450.0,philosopher,europe,re_europe
31804,Q3839120,Ludovico Jacobilli,re_italy,Italy,1598.0,historian,europe,re_europe
31805,Q64876357,Juan Sánchez Sedeño,re_spain,Spain,1552.0,logician,europe,re_europe
31809,Q4013350,Vincenzo Littara,re_italy,Italy,1551.0,theologian | historian,europe,re_europe
31812,Q204996,Bridget of Sweden,re_italy,Italy,1303.0,theologian | philosopher,europe,re_europe
31815,Q16939344,Cristoforo Sorte,re_italy,Italy,1510.0,geographer,europe,re_europe
31819,Q22991717,Ciro Spontone,re_italy,Italy,1550.0,historian,europe,re_europe
31822,Q41569664,Antonio Gallo,re_italy,Italy,1440.0,historian,europe,re_europe
31824,Q3624792,Ascanio Persio,re_italy,Italy,1554.0,linguist,europe,re_europe
31825,Q1334915,Emanuele Tesauro,re_italy,Italy,1592.0,historian,europe,re_europe
31831,Q3384811,Pierre Du Bois,re_italy,Italy,1430.0,historian,europe,re_europe
31832,Q768718,Francisco Correa de Araujo,re_spain,Spain,1584.0,musicologist,europe,re_europe
31838,Q1698735,Giovanni di Casali,re_italy,Italy,1320.0,mathematician,europe,re_europe
31843,Q5479210,Francesco Berlinghieri,re_italy,Italy,1440.0,geographer,europe,re_europe
31845,Q3767580,Giovanni Lorenzo d'Anania,re_italy,Italy,1545.0,theologian | geographer,europe,re_europe
31846,Q6706854,Luís Teixeira,re_portugal,Portugal,1505.0,geographer | mathematician,europe,re_europe
31847,Q105443676,Giovanni Andrea Salici,re_italy,Italy,1577.0,philosopher,europe,re_europe
31848,Q8246814,Bernardino Gómez Miedes,re_spain,Spain,1515.0,historian,europe,re_europe
31849,Q4069882,Pablo José Arriaga,re_spain,Spain,1564.0,anthropologist,europe,re_europe
31853,Q3613818,Ambrogio Catarino Politi,re_italy,Italy,1487.0,theologian,europe,re_europe
31858,Q711573,Niccolò Leoniceno,re_italy,Italy,1428.0,botanist | linguist,europe,re_europe
31861,Q18945465,Girolamo Borro,re_italy,Italy,1512.0,theologian,europe,re_europe
31862,Q227483,Zuane Pizzigano,re_italy,Italy,1350.0,geographer,europe,re_europe
31870,Q672898,Thomas Dempster,re_italy,Italy,1579.0,historian,europe,re_europe
31873,Q711964,Cristoforo Landino,re_italy,Italy,1424.0,philosopher,europe,re_europe
31875,Q3776547,Gregory of Catino,re_italy,Italy,1062.0,historian,europe,re_europe
31877,Q176391,Raymond of Barbastro,re_spain,Spain,1067.0,philosopher,europe,re_europe
31879,Q7413013,Samuel ibn Seneh Zarza,re_spain,Spain,1360.0,philosopher,europe,re_europe
31880,Q1623758,Pietro Vesconte,re_italy,Italy,1300.0,geographer,europe,re_europe
31881,Q5949636,Juan Frederic Schedler Van der Schueren,re_spain,Spain,1560.0,theologian,europe,re_europe
31885,Q3893707,Álvaro of Córdoba,re_spain,Spain,800.0,historian,europe,re_europe
31888,Q718567,Nicholas Eymerich,re_spain,Spain,1320.0,theologian,europe,re_europe
31889,Q94859226,Luigi Bellacato,re_italy,Italy,1501.0,philosopher,europe,re_europe
31890,Q3619255,Antonio Bernardi,re_italy,Italy,1502.0,philosopher,europe,re_europe
31897,Q14325245,António Bocarro,re_portugal,Portugal,1594.0,historian,europe,re_europe
31900,Q24141512,Ottavio Panciroli,re_italy,Italy,1554.0,theologian | historian,europe,re_europe
31902,Q182046,Leon Battista Alberti,re_italy,Italy,1404.0,musicologist | philosopher | linguist | mathematician,europe,re_europe
31904,Q1407456,Fernão Guerreiro,re_portugal,Portugal,1550.0,historian,europe,re_europe
31906,Q55187125,Giovanni da Correggio,re_italy,Italy,1499.0,theologian,europe,re_europe
31907,Q319902,Isaac Abrabanel,re_italy,Italy,1437.0,theologian | philosopher,europe,re_europe
31917,Q94791060,Diederich Baeck,re_italy,Italy,1599.0,mathematician,europe,re_europe
31925,Q5601620,Tommaso Campeggi,re_italy,Italy,1486.0,theologian,europe,re_europe
31931,Q60843485,Ottaviano Ferrari,re_italy,Italy,1518.0,philosopher,europe,re_europe
31932,Q940017,Francisco Hernández de Toledo,re_spain,Spain,1515.0,botanist | zoologist,europe,re_europe
31935,Q930159,Taddeo Taddei,re_italy,Italy,1470.0,philosopher,europe,re_europe
31938,Q1338411,Giovanni Francesco Pico della Mirandola,re_italy,Italy,1469.0,philosopher,europe,re_europe
31943,Q130351,Marcantonio Zimara,re_italy,Italy,1460.0,philosopher | mathematician,europe,re_europe
31944,Q55835691,Francisco Diego Sayas y Ortubia,re_spain,Spain,1598.0,historian,europe,re_europe
31951,Q356009,Giacomo Antonio Cortuso,re_italy,Italy,1513.0,botanist,europe,re_europe
31958,Q26263533,Lionello de' Vittori,re_italy,Italy,1450.0,philosopher,europe,re_europe
31960,Q17301815,Juan Luís de Moncada,re_spain,Spain,1585.0,historian,europe,re_europe
31967,Q30234205,Mariano Vittori,re_italy,Italy,1485.0,theologian,europe,re_europe
31969,Q3105122,Giambattista Raimondi,re_italy,Italy,1536.0,mathematician,europe,re_europe
31971,Q332089,Bonaventura Badoardo de Peraga,re_italy,Italy,1332.0,theologian,europe,re_europe
31973,Q55225001,Cosimo Alamanni,re_italy,Italy,1559.0,theologian | philosopher,europe,re_europe
31975,Q378870,Daniele Barbaro,re_italy,Italy,1513.0,mathematician,europe,re_europe
31981,Q42909896,Tomás de Carleval,re_italy,Italy,1576.0,theologian | philosopher,europe,re_europe
31982,Q1378086,Adriaan van den Spiegel,re_italy,Italy,1578.0,botanist | anatomist,europe,re_europe
31983,Q5974642,Léon de Castro,re_spain,Spain,1500.0,theologian,europe,re_europe
31986,Q671745,Federico Commandino,re_italy,Italy,1509.0,mathematician,europe,re_europe
31991,Q2918665,Simeon ben Zemah Duran,re_spain,Spain,1361.0,philosopher,europe,re_europe
32004,Q3768882,Girolamo Albertucci de' Borselli,re_italy,Italy,1432.0,historian,europe,re_europe
32015,Q47089248,Raffaello Roncioni,re_italy,Italy,1553.0,historian,europe,re_europe
32016,Q373581,Garcia de Resende,re_portugal,Portugal,1470.0,historian,europe,re_europe
32017,Q5952374,Juan Rodríguez de Cuenca,re_spain,Spain,1400.0,historian,europe,re_europe
32021,Q39471365,Giuseppe Visconti,re_italy,Italy,1570.0,historian,europe,re_europe
32024,Q41617616,Giovanni Pona,re_italy,Italy,1565.0,botanist,europe,re_europe
32026,Q5479586,Francesco Sizzi,re_italy,Italy,1550.0,astronomer,europe,re_europe
32031,Q605447,Antonio Tempesta,re_italy,Italy,1555.0,geographer,europe,re_europe
32033,Q11032805,Jerónimo de Blancas y Tomás,re_spain,Spain,1600.0,historian,europe,re_europe
32040,Q18945471,Girolamo Manfredi,re_italy,Italy,1430.0,astronomer | philosopher,europe,re_europe
32043,Q3387720,Peter of Toledo,re_spain,Spain,1092.0,linguist,europe,re_europe
32045,Q949162,Alessandro Achillini,re_italy,Italy,1463.0,philosopher | anatomist,europe,re_europe
32047,Q21402687,Julio Cesar Firrufino,re_spain,Spain,1578.0,mathematician,europe,re_europe
32048,Q3349320,Odon Van Maelcote,re_italy,Italy,1572.0,astronomer | mathematician,europe,re_europe
32054,Q969370,Domenico Maria Novara da Ferrara,re_italy,Italy,1454.0,astronomer | mathematician,europe,re_europe
32059,Q493469,Andrea Bianco,re_italy,Italy,1500.0,geographer,europe,re_europe
32063,Q356568,Arnaldus de Villa Nova,re_italy,Italy,1258.0,theologian | philosopher,europe,re_europe
32065,Q512584,Giovanni Capis,re_italy,Italy,1501.0,linguist | historian,europe,re_europe
32069,Q104480950,Matteo Selvaggio,re_italy,Italy,1490.0,theologian,europe,re_europe
32071,Q3665387,Cesare Clementini,re_italy,Italy,1561.0,historian,europe,re_europe
32077,Q192374,Marsilio Ficino,re_italy,Italy,1433.0,philosopher,europe,re_europe
32078,Q662424,Andreas Agnellus,re_italy,Italy,805.0,historian,europe,re_europe
32080,Q5563846,Giovanni Francesco Sagredo,re_italy,Italy,1571.0,mathematician,europe,re_europe
32081,Q104099062,Francesco Visdomini,re_italy,Italy,1516.0,theologian | philosopher,europe,re_europe
32082,Q661419,Alphonsus Ciacconius,re_italy,Italy,1530.0,archeologist,europe,re_europe
32083,Q16558270,Gabriele Fiamma,re_italy,Italy,1533.0,theologian,europe,re_europe
32086,Q317900,Caesar Baronius,re_italy,Italy,1538.0,historian,europe,re_europe
32088,Q107832443,Guido Bartolucci,re_italy,Italy,1550.0,theologian,europe,re_europe
32090,Q822873,Bernardino Corio,re_italy,Italy,1459.0,historian,europe,re_europe
32097,Q29850001,Giuseppe Auria,re_italy,Italy,1566.0,mathematician,europe,re_europe
32099,Q378148,Johannes Ciconia,re_italy,Italy,1370.0,musicologist,europe,re_europe
32104,Q3984251,Terenzio Alciati,re_italy,Italy,1570.0,theologian | historian,europe,re_europe
32106,Q457986,Bernardino Telesio,re_italy,Italy,1509.0,philosopher | anatomist,europe,re_europe
32110,Q108296859,Camillo Angelo Alghisi,re_italy,Italy,1560.0,theologian,europe,re_europe
32117,Q88948162,Marco Dandolo,re_italy,Italy,1458.0,philosopher,europe,re_europe
32119,Q741149,Polydore Vergil,re_italy,Italy,1470.0,historian,europe,re_europe
32120,Q3756537,Gabriele Bertazzolo,re_italy,Italy,1570.0,geographer,europe,re_europe
32126,Q71316,Jacob Bidermann,re_italy,Italy,1578.0,theologian | philosopher,europe,re_europe
32129,Q3776496,Gregorio Comanini,re_italy,Italy,1550.0,historian,europe,re_europe
32130,Q28678364,Dom Brás,re_portugal,Portugal,1600.0,mathematician,europe,re_europe
32137,Q41568536,Rafaino Caresini,re_italy,Italy,1314.0,historian,europe,re_europe
32138,Q3770183,Giuseppe Buonfiglio,re_spain,Spain,1547.0,historian,europe,re_europe
32140,Q11940711,Pedro Fernández Pecha,re_spain,Spain,1326.0,philosopher,europe,re_europe
32146,Q3642052,Bonaventura Morone,re_italy,Italy,1557.0,theologian,europe,re_europe
32151,Q725843,Vittorino da Feltre,re_italy,Italy,1378.0,philosopher,europe,re_europe
32152,Q3810604,José de Sigüenza,re_spain,Spain,1544.0,theologian | historian,europe,re_europe
32161,Q1310633,Francesc Eiximenis,re_spain,Spain,1330.0,philosopher,europe,re_europe
32170,Q1393093,Marco Antonio de Dominis,re_italy,Italy,1560.0,theologian | philosopher | physicist,europe,re_europe
32173,Q15695516,Giovanni Bonifacio,re_italy,Italy,1547.0,historian,europe,re_europe
32177,Q17638293,Paolo Principato,re_italy,Italy,1550.0,mathematician,europe,re_europe
32180,Q11939363,Onofre Manescal,re_spain,Spain,1600.0,historian,europe,re_europe
32183,Q3109419,Pedro Teixeira Albernaz,re_spain,Spain,1595.0,geographer,europe,re_europe
32185,Q2337208,Alfonso de Palencia,re_spain,Spain,1423.0,linguist | historian,europe,re_europe
32188,Q1960716,Giulio Cesare Casseri,re_italy,Italy,1552.0,anatomist,europe,re_europe
32191,Q334711,Inca Garcilaso de la Vega,re_spain,Spain,1539.0,historian,europe,re_europe
32192,Q28837246,Antonino da Patti,re_italy,Italy,1539.0,theologian,europe,re_europe
32193,Q59532420,Baltasar Paez,re_portugal,Portugal,1571.0,theologian,europe,re_europe
32196,Q15694807,Girolamo Dalla Corte,re_italy,Italy,1529.0,historian,europe,re_europe
32198,Q28669609,Giovanni Battista Rossi,re_italy,Italy,1507.0,philosopher,europe,re_europe
32201,Q98457352,Matteo Oddi,re_italy,Italy,1576.0,mathematician,europe,re_europe
32202,Q21451684,Juan Martínez Población,re_spain,Spain,1500.0,astronomer | mathematician,europe,re_europe
32203,Q286599,Palla Strozzi,re_italy,Italy,1372.0,linguist | philosopher,europe,re_europe
32208,Q3766663,Giovanni Battista Folengo,re_italy,Italy,1490.0,theologian,europe,re_europe
32209,Q30717150,Archangelo Piccolomini,re_italy,Italy,1525.0,philosopher | anatomist,europe,re_europe
32210,Q2262015,Luca Gaurico,re_italy,Italy,1476.0,mathematician,europe,re_europe
32213,Q3310841,Michele Savonarola,re_italy,Italy,1384.0,historian,europe,re_europe
32219,Q2832753,Alessandro Benedetti,re_italy,Italy,1450.0,anatomist,europe,re_europe
32230,Q3530093,Ambrosio de Morales,re_spain,Spain,1513.0,archeologist | historian,europe,re_europe
32231,Q8199338,Andrés García de Céspedes,re_spain,Spain,1560.0,historian,europe,re_europe
32233,Q30347777,Durante Dorio,re_italy,Italy,1571.0,historian,europe,re_europe
32235,Q3266379,Luigi Anguillara,re_italy,Italy,1512.0,botanist,europe,re_europe
32241,Q1526267,Giovanni Mollio,re_italy,Italy,1500.0,theologian,europe,re_europe
32248,Q8199644,Angelo Pietra,re_italy,Italy,1550.0,economist,europe,re_europe
32251,Q969391,Juan Valverde de Amusco,re_italy,Italy,1525.0,anatomist,europe,re_europe
32252,Q3850151,Martin de Funes,re_italy,Italy,1560.0,theologian,europe,re_europe
32258,Q4505019,David ben Yom Tov,re_spain,Spain,1305.0,astronomer,europe,re_europe
32263,Q19657002,Diego de Haedo,re_spain,Spain,1600.0,historian,europe,re_europe
32264,Q131548,Jordanes,re_italy,Italy,600.0,historian,europe,re_europe
32266,Q3147472,Ibn Al-Thahabi,re_spain,Spain,901.0,chemist,europe,re_europe
32268,Q4869938,Battistina Vernazza,re_italy,Italy,1497.0,theologian,europe,re_europe
32278,Q734140,Walter of Winterburn,re_italy,Italy,1300.0,philosopher,europe,re_europe
32281,Q54888049,Pietro Maria Campi,re_italy,Italy,1569.0,historian,europe,re_europe
32285,Q105320235,Giovanni Ludovico Vivaldi,re_italy,Italy,1450.0,theologian,europe,re_europe
32289,Q59531421,Ferrariensis Johannes,re_italy,Italy,1409.0,theologian,europe,re_europe
32290,Q450246,Luis de León,re_spain,Spain,1527.0,linguist,europe,re_europe
32292,Q332651,Diego de Valera,re_spain,Spain,1412.0,historian,europe,re_europe
32296,Q15428551,Biagio Buonaccorsi,re_italy,Italy,1472.0,historian,europe,re_europe
32306,Q6147368,Tirso de Avilés y Hevia,re_spain,Spain,1530.0,historian,europe,re_europe
32307,Q725872,Ruy Gonzáles de Clavijo,re_spain,Spain,1400.0,historian,europe,re_europe
32308,Q3606836,Agostino da Scarperia,re_italy,Italy,1320.0,theologian,europe,re_europe
32312,Q73802857,Giovanni Argenti,re_italy,Italy,1561.0,historian,europe,re_europe
32315,Q41617826,Innocenzio Ringhieri,re_italy,Italy,1501.0,astronomer,europe,re_europe
32317,Q5804480,Lope de Deza,re_spain,Spain,1546.0,economist,europe,re_europe
32323,Q1385832,Alexander of Telese,re_italy,Italy,1100.0,historian,europe,re_europe
32326,Q816903,Benito Arias Montano,re_spain,Spain,1528.0,linguist,europe,re_europe
32327,Q106830011,Giovanni Francesco Beati,re_italy,Italy,1475.0,philosopher,europe,re_europe
32331,Q983064,Guido Faba,re_italy,Italy,1190.0,musicologist,europe,re_europe
32334,Q3613838,Ambrogio Merodio,re_italy,Italy,1590.0,historian,europe,re_europe
32336,Q38101538,Filippo Arrighetti,re_italy,Italy,1582.0,philosopher,europe,re_europe
32337,Q2038305,Salvino D'Armate,re_italy,Italy,1258.0,physicist,europe,re_europe
32339,Q19300871,Lluís Pons d'Icart,re_spain,Spain,1518.0,archeologist,europe,re_europe
32344,Q2440883,Tommaso del Garbo,re_italy,Italy,1305.0,anatomist,europe,re_europe
32346,Q944773,Nicola Vicentino,re_italy,Italy,1511.0,musicologist,europe,re_europe
32348,Q8076663,Álvar García de Santa María,re_spain,Spain,1370.0,historian,europe,re_europe
32356,Q322560,Abner of Burgos,re_spain,Spain,1270.0,philosopher,europe,re_europe
32357,Q1378950,Giovanni Battista Ramusio,re_italy,Italy,1485.0,geographer | historian,europe,re_europe
32364,Q842493,Diego de Pantoja,re_spain,Spain,1571.0,geographer | astronomer,europe,re_europe
32371,Q59562224,Giovanni Pietro Puricelli,re_italy,Italy,1589.0,historian,europe,re_europe
32377,Q94888483,Matthias Wertwein,re_italy,Italy,1521.0,theologian,europe,re_europe
32382,Q5875787,Gaspar Astete,re_spain,Spain,1537.0,theologian,europe,re_europe
32384,Q809304,Bartholomew of Brescia,re_italy,Italy,1200.0,theologian,europe,re_europe
32389,Q448548,Alvarus Thomaz,re_portugal,Portugal,1500.0,mathematician,europe,re_europe
32393,Q331003,Giulio Camillo,re_italy,Italy,1480.0,philosopher,europe,re_europe
32396,Q20000755,Francesc Joan Mas,re_spain,Spain,1522.0,philosopher,europe,re_europe
32400,Q3852087,Matteo Busale,re_italy,Italy,1525.0,theologian,europe,re_europe
32401,Q3767037,Giovanni Colonna,re_italy,Italy,1298.0,historian,europe,re_europe
32403,Q457070,Moderata Fonte,re_italy,Italy,1555.0,philosopher,europe,re_europe
32406,Q3962996,Smeraldo Smeraldi,re_italy,Italy,1553.0,geographer,europe,re_europe
32407,Q3640397,Bisanzio Lupis,re_italy,Italy,1478.0,historian,europe,re_europe
32411,Q9654039,Benedetto Fioretti,re_italy,Italy,1579.0,philosopher,europe,re_europe
32413,Q10355765,Públia Hortênsia de Castro,re_portugal,Portugal,1548.0,philosopher,europe,re_europe
32414,Q109853474,Marcello Francolini,re_italy,Italy,1533.0,theologian | philosopher,europe,re_europe
32420,Q477855,Angelino Dulcert,re_spain,Spain,1350.0,geographer,europe,re_europe
32421,Q4755002,Andrea Cambini,re_italy,Italy,1445.0,historian,europe,re_europe
32426,Q18945348,Giacomo Campora,re_italy,Italy,1401.0,theologian,europe,re_europe
32427,Q5478415,Paolo Girardi,re_italy,Italy,1350.0,geologist,europe,re_europe
32430,Q823038,Bernardo Segni,re_italy,Italy,1504.0,historian,europe,re_europe
32434,Q3638804,Bernardo Silvano,re_italy,Italy,1465.0,geographer,europe,re_europe
32436,Q3606765,Agostino Giustiniani,re_italy,Italy,1470.0,geographer | linguist | historian,europe,re_europe
32441,Q100234964,Alessandro De Angelis,re_italy,Italy,1559.0,theologian,europe,re_europe
32449,Q5392534,Ermolao Barbaro,re_italy,Italy,1410.0,linguist,europe,re_europe
32450,Q395722,Agostino Steuco,re_italy,Italy,1497.0,philosopher,europe,re_europe
32454,Q5585,Giovanni Giocondo,re_italy,Italy,1433.0,archeologist | philosopher,europe,re_europe
32457,Q3623462,Arnau Albertí,re_italy,Italy,1504.0,theologian,europe,re_europe
32463,Q1752847,Marcantonio della Torre,re_italy,Italy,1481.0,anatomist,europe,re_europe
32465,Q3745346,Filippo Venuti,re_italy,Italy,1531.0,linguist,europe,re_europe
32466,Q3085502,Francesco Panigarola,re_italy,Italy,1548.0,theologian,europe,re_europe
32468,Q2329414,Guillaume Durand,re_italy,Italy,1230.0,theologian,europe,re_europe
32471,Q16863435,Domingo Marcos Durán,re_spain,Spain,1465.0,musicologist,europe,re_europe
32474,Q258369,Peter Damian,re_italy,Italy,1007.0,philosopher,europe,re_europe
32475,Q5952112,Juan Pérez de Moya,re_spain,Spain,1514.0,mathematician,europe,re_europe
32477,Q97065613,Diego de Jesús,re_spain,Spain,1570.0,theologian,europe,re_europe
32479,Q3180743,Giovanni Faber,re_italy,Italy,1574.0,botanist,europe,re_europe
32481,Q3846186,Marco Guazzo,re_italy,Italy,1480.0,historian,europe,re_europe
32483,Q26250734,Gabriele Alessandri,re_italy,Italy,1529.0,theologian,europe,re_europe
32484,Q3635438,Bartolomeo Zuccato,re_italy,Italy,1492.0,historian,europe,re_europe
32490,Q22280767,Umberto Locati,re_italy,Italy,1503.0,historian,europe,re_europe
32494,Q28923839,Torello Saraina,re_italy,Italy,1475.0,historian,europe,re_europe
32498,Q20003439,Joan Baptista Anyés,re_spain,Spain,1480.0,theologian,europe,re_europe
32505,Q26265347,Lucio Anguissola,re_italy,Italy,1520.0,theologian,europe,re_europe
32506,Q6299026,Juan Bautista de Lezana,re_spain,Spain,1586.0,theologian,europe,re_europe
32507,Q328849,Jerónimo Román de la Higuera,re_spain,Spain,1538.0,historian,europe,re_europe
32510,Q61560397,Francesco Bordoni,re_italy,Italy,1595.0,theologian,europe,re_europe
32511,Q2176092,Carlos Coloma,re_spain,Spain,1567.0,historian,europe,re_europe
32513,Q330626,Christoph Grienberger,re_italy,Italy,1561.0,astronomer | mathematician,europe,re_europe
32517,Q26903929,Agustín Collado del Hierro,re_spain,Spain,1582.0,philosopher,europe,re_europe
32520,Q105950394,Juan de Espinosa,re_spain,Spain,1500.0,musicologist,europe,re_europe
32530,Q18945457,Giovanni Nicolò Doglioni,re_italy,Italy,1548.0,historian,europe,re_europe
32532,Q106834931,Niccolò Baldelli,re_italy,Italy,1573.0,theologian | philosopher,europe,re_europe
32533,Q1187173,Martín Cortés de Albacar,re_spain,Spain,1510.0,astronomer,europe,re_europe
32540,Q177692,Andrea Palladio,re_italy,Italy,1508.0,art theorist,europe,re_europe
32542,Q108910979,Pace da Certaldo,re_italy,Italy,1273.0,historian,europe,re_europe
32546,Q21548641,Marc'antonio de Santis,re_italy,Italy,1550.0,economist,europe,re_europe
32547,Q723038,Bernardino de Mendoza,re_spain,Spain,1540.0,linguist,europe,re_europe
32554,Q5670261,Alfonso de Alcalá,re_spain,Spain,1465.0,linguist,europe,re_europe
32556,Q2703863,Gasparo Berti,re_italy,Italy,1600.0,astronomer | physicist | mathematician,europe,re_europe
32557,Q799960,Salimbene di Adam,re_italy,Italy,1221.0,historian,europe,re_europe
32560,Q331154,Guillaume Fichet,re_italy,Italy,1433.0,theologian,europe,re_europe
32564,Q1526059,Giovanni Domenico Peri,re_italy,Italy,1590.0,economist,europe,re_europe
32566,Q186452,Menahem Recanati,re_italy,Italy,1250.0,philosopher,europe,re_europe
32568,Q21545736,Tarquinio Galluzzi,re_italy,Italy,1574.0,philosopher,europe,re_europe
32579,Q983213,Niccolò Zucchi,re_italy,Italy,1586.0,astronomer | physicist,europe,re_europe
32581,Q4693620,Agostino Bernal,re_spain,Spain,1587.0,philosopher,europe,re_europe
32582,Q2338425,Stefano Infessura,re_italy,Italy,1436.0,historian,europe,re_europe
32583,Q59529773,Pompeo Vizani,re_italy,Italy,1540.0,historian,europe,re_europe
32584,Q1290831,Solomon ibn Verga,re_spain,Spain,1460.0,historian,europe,re_europe
32586,Q3106988,Giovanni Andrea Della Croce,re_italy,Italy,1515.0,anatomist,europe,re_europe
32595,Q3620377,Antonio de Encarnação,re_portugal,Portugal,1595.0,theologian,europe,re_europe
32597,Q101866,Gregory VIII,re_italy,Italy,1100.0,philosopher,europe,re_europe
32601,Q3942986,Rutilio Benincasa,re_italy,Italy,1555.0,astronomer,europe,re_europe
32608,Q666687,Juan de Valdés,re_italy,Italy,1505.0,theologian,europe,re_europe
32614,Q55228566,Capoleone Guelfucci,re_italy,Italy,1541.0,historian,europe,re_europe
32615,Q707723,Peter of Eboli,re_italy,Italy,1170.0,historian,europe,re_europe
32620,Q793598,Azariah dei Rossi,re_italy,Italy,1513.0,philosopher | historian,europe,re_europe
32623,Q3481742,Guido of Pisa,re_italy,Italy,1100.0,geographer | historian,europe,re_europe
32626,Q106960077,Giovan Battista Guicciardini,re_italy,Italy,1508.0,geographer,europe,re_europe
32632,Q3642055,Bonaventura Teuli,re_italy,Italy,1596.0,historian,europe,re_europe
32634,Q1727027,Ludovico delle Colombe,re_italy,Italy,1565.0,philosopher,europe,re_europe
32636,Q977216,Giovanni da Ripa,re_italy,Italy,1325.0,theologian | philosopher,europe,re_europe
32637,Q1376849,Jacob ben Asher,re_spain,Spain,1269.0,theologian,europe,re_europe
32641,Q108545632,Juan de Antillón,re_spain,Spain,1580.0,historian,europe,re_europe
32644,Q19818775,Marco Antonio Maioragio,re_italy,Italy,1514.0,philosopher,europe,re_europe
32650,Q524048,Gentile da Foligno,re_italy,Italy,1290.0,philosopher,europe,re_europe
32658,Q3708518,Dionigi di Borgo San Sepolcro,re_italy,Italy,1300.0,theologian,europe,re_europe
32660,Q106624534,Bonaventura Malvasia,re_italy,Italy,1598.0,theologian,europe,re_europe
32662,Q16573520,Lorenzo Bolano,re_italy,Italy,1540.0,archeologist | philosopher,europe,re_europe
32664,Q809513,Bartolomeo da Varignana,re_italy,Italy,1300.0,anatomist,europe,re_europe
32668,Q3908459,Porchetus,re_italy,Italy,1250.0,theologian,europe,re_europe
32670,Q1321578,Gabriele Simeoni,re_italy,Italy,1509.0,historian,europe,re_europe
32680,Q328117,Girolamo Benivieni,re_italy,Italy,1453.0,philosopher,europe,re_europe
32681,Q3417244,Rafael Martí de Viciana,re_spain,Spain,1502.0,historian,europe,re_europe
32682,Q2857161,Antonino Diana,re_italy,Italy,1586.0,theologian,europe,re_europe
32685,Q3852221,Matteo Spinelli da Giovinazzo,re_italy,Italy,1230.0,historian,europe,re_europe
32688,Q777092,Matteo Villani,re_italy,Italy,1285.0,historian,europe,re_europe
32699,Q21684217,Hieronymus Torrella,re_spain,Spain,1450.0,mathematician,europe,re_europe
32724,Q105899877,Giovanni Antonio Roffeni,re_italy,Italy,1580.0,astronomer,europe,re_europe
32725,Q615907,Aonio Paleario,re_italy,Italy,1503.0,theologian | philosopher,europe,re_europe
32726,Q3762764,Gian Vittorio Rossi,re_italy,Italy,1577.0,linguist,europe,re_europe
32729,Q4834287,B. de Canals,re_spain,Spain,1400.0,historian,europe,re_europe
32732,Q3991991,Tiziano,re_italy,Italy,1501.0,theologian,europe,re_europe
32736,Q18945555,Jerònimo Cortés,re_spain,Spain,1560.0,astronomer | mathematician | zoologist,europe,re_europe
32749,Q1719881,Gian Luigi Pascale,re_italy,Italy,1530.0,theologian,europe,re_europe
32752,Q16867479,Giovanni da Mantova,re_italy,Italy,1001.0,philosopher,europe,re_europe
32755,Q89488266,Gasparo Bugati,re_italy,Italy,1587.0,theologian | historian,europe,re_europe
32759,Q982541,Melchior Inchofer,re_italy,Italy,1585.0,theologian,europe,re_europe
32761,Q3064854,Famiano Nardini,re_italy,Italy,1600.0,archeologist,europe,re_europe
32762,Q18945665,Matteo Mainardi,re_italy,Italy,1595.0,economist,europe,re_europe
32771,Q3228790,Galvano Fiamma,re_italy,Italy,1283.0,historian,europe,re_europe
32790,Q867312,Carlo Antonio Manzini,re_italy,Italy,1600.0,astronomer | mathematician,europe,re_europe
32792,Q17300982,Bernat Oller,re_spain,Spain,1315.0,historian,europe,re_europe
32797,Q2196510,Hernando de Escalante Fontaneda,re_spain,Spain,1536.0,historian,europe,re_europe
32799,Q12389012,Felipe de la Gándara,re_spain,Spain,1596.0,historian,europe,re_europe
32800,Q110163624,Graziano da Brescia,re_italy,Italy,1450.0,theologian,europe,re_europe
32803,Q8340823,Pedro Jimeno,re_spain,Spain,1515.0,anatomist,europe,re_europe
32814,Q26720222,Blas de Tineo,re_spain,Spain,1585.0,theologian,europe,re_europe
32815,Q1134021,Cornelius a Lapide,re_italy,Italy,1568.0,theologian,europe,re_europe
32817,Q317126,Joseph of Anchieta,re_spain,Spain,1534.0,linguist | historian,europe,re_europe
32820,Q2015448,Rui de Pina,re_portugal,Portugal,1440.0,historian,europe,re_europe
32826,Q435718,Pedro Nunes,re_portugal,Portugal,1502.0,geographer | astronomer | philosopher | mathematician,europe,re_europe
32827,Q5613374,Gualberto Fabricio de Vagad,re_spain,Spain,1500.0,historian,europe,re_europe
32830,Q3710748,Giuseppe Moletti,re_italy,Italy,1531.0,astronomer | physicist | mathematician,europe,re_europe
32842,Q111154579,Filippo Antonini,re_italy,Italy,1560.0,archeologist,europe,re_europe
32843,Q182128,Giovanni Pico della Mirandola,re_italy,Italy,1463.0,philosopher,europe,re_europe
32846,Q1267054,Ziryab,re_spain,Spain,789.0,geographer | astronomer | linguist,europe,re_europe
32855,Q716994,Dino Compagni,re_italy,Italy,1255.0,historian,europe,re_europe
32856,Q1399,Niccolò Machiavelli,re_italy,Italy,1469.0,philosopher | historian | historian,europe,re_europe
32860,Q3771416,Giuseppe Scala,re_italy,Italy,1556.0,astronomer | philosopher | mathematician,europe,re_europe
32862,Q3081803,Francisco Arias de Párraga,re_spain,Spain,1533.0,theologian | philosopher,europe,re_europe
32866,Q3071889,Filippo Ferrari,re_italy,Italy,1551.0,geographer | astronomer | linguist | mathematician,europe,re_europe
32868,Q12627540,Baldo Lupetino,re_italy,Italy,1505.0,theologian,europe,re_europe
32870,Q55835410,Bonifacio de Ceva,re_italy,Italy,1456.0,theologian,europe,re_europe
32874,Q746300,Johannes Manardus,re_italy,Italy,1462.0,botanist,europe,re_europe
32880,Q3105034,Giacomo Bosio,re_italy,Italy,1544.0,historian,europe,re_europe
32881,Q10295962,Lázaro Luís,re_portugal,Portugal,1500.0,geographer,europe,re_europe
32884,Q11908609,Bartomeu Mates,re_spain,Spain,1500.0,linguist,europe,re_europe
32891,Q3695464,Costantino Caetani,re_italy,Italy,1568.0,historian,europe,re_europe
32894,Q572198,Guglielma de Bohême,re_italy,Italy,1210.0,theologian,europe,re_europe
32896,Q2513067,Girolamo Conestaggio,re_italy,Italy,1530.0,historian,europe,re_europe
32904,Q3901125,Petruccio Ubaldini,re_italy,Italy,1524.0,historian,europe,re_europe
32905,Q55072590,Marco Aurelio Severino,re_italy,Italy,1580.0,zoologist | anatomist,europe,re_europe
32906,Q173441,Muhammad al-Idrisi,re_italy,Italy,1101.0,botanist | historian | geographer,europe,re_europe
32908,Q3830371,Leonardo Garzoni,re_italy,Italy,1543.0,philosopher | physicist,europe,re_europe
32910,Q18945713,Paolo Attavanti,re_italy,Italy,1445.0,theologian,europe,re_europe
32915,Q600982,Antonio Bosio,re_italy,Italy,1576.0,archeologist,europe,re_europe
32920,Q47595,Alfonso X of Castile and Leon,re_spain,Spain,1221.0,astronomer | historian,europe,re_europe
32921,Q5806828,Diego de Torres y Moyachoque,re_spain,Spain,1549.0,geographer,europe,re_europe
32924,Q971757,Shabbethai Donnolo,re_italy,Italy,913.0,astronomer,europe,re_europe
32928,Q199991,Joachim of Fiore,re_italy,Italy,1135.0,theologian,europe,re_europe
32935,Q20202818,Bartolomeo Marliani,re_italy,Italy,1488.0,archeologist | geographer,europe,re_europe
32936,Q56006668,Ludovico Aureli,re_italy,Italy,1592.0,historian,europe,re_europe
32937,Q6701174,Luis Tribaldos de Toledo,re_spain,Spain,1558.0,geographer | historian,europe,re_europe
32941,Q55225115,Antonio da Modena,re_italy,Italy,1578.0,theologian,europe,re_europe
32943,Q15503281,Andrea da Schivenoglia,re_italy,Italy,1411.0,historian,europe,re_europe
32948,Q3638813,Bernardo de Brito,re_portugal,Portugal,1569.0,historian,europe,re_europe
32959,Q19679646,Giovanni Battista Casali,re_italy,Italy,1578.0,archeologist,europe,re_europe
32962,Q6391090,Meir ben Ezekiel ibn Gabbai,re_spain,Spain,1480.0,theologian,europe,re_europe
32964,Q17301900,Ramon of Tàrrega,re_spain,Spain,1310.0,theologian,europe,re_europe
32967,Q721704,Cesare Ripa,re_italy,Italy,1560.0,art theorist | philosopher,europe,re_europe
32968,Q21051990,Francesco Piccolomini,re_italy,Italy,1520.0,philosopher,europe,re_europe
32974,Q3620384,Antonio degli Agli,re_italy,Italy,1400.0,theologian,europe,re_europe
32980,Q953365,Luis de Ávila y Zuniga,re_spain,Spain,1500.0,historian,europe,re_europe
32982,Q994018,Bruno,re_italy,Italy,1100.0,theologian,europe,re_europe
32984,Q343358,Niccolò Massa,re_italy,Italy,1489.0,anatomist,europe,re_europe
32986,Q86536275,Giovanni Giacomo Staserio,re_italy,Italy,1565.0,astronomer | mathematician,europe,re_europe
32987,Q23806362,Tommaso Buoninsegni,re_italy,Italy,1531.0,theologian,europe,re_europe
32992,Q5875795,Gaspar Cardillo de Villalpando,re_spain,Spain,1527.0,theologian | philosopher,europe,re_europe
32994,Q3106971,Giovanni Maria Velmazio,re_italy,Italy,1505.0,philosopher,europe,re_europe
32995,Q599858,Antonio Beccadelli,re_italy,Italy,1394.0,historian,europe,re_europe
32996,Q604460,Georgius Merula,re_italy,Italy,1430.0,philosopher | historian,europe,re_europe
32999,Q41617148,Andrea Molfese,re_italy,Italy,1573.0,theologian,europe,re_europe
33006,Q1400251,Ibn Bassam,re_portugal,Portugal,1058.0,historian,europe,re_europe
33008,Q763720,Andrea Benincasa,re_italy,Italy,1450.0,geographer,europe,re_europe
33017,Q3848482,Mario Cutelli,re_italy,Italy,1589.0,philosopher,europe,re_europe
33027,Q454814,Peter Faber,re_italy,Italy,1506.0,theologian,europe,re_europe
33028,Q111153335,Geronimo Sirtori,re_italy,Italy,1550.0,astronomer | mathematician,europe,re_europe
33039,Q3830391,Leonardo Marini,re_italy,Italy,1509.0,theologian,europe,re_europe
33043,Q18729022,Cornelio Ghirardelli,re_italy,Italy,1501.0,astronomer,europe,re_europe
33044,Q6777860,Martín de Rada,re_spain,Spain,1533.0,linguist,europe,re_europe
33047,Q16826800,Isabella Losa,re_spain,Spain,1473.0,theologian,europe,re_europe
33050,Q1525965,Giovanni Bianchini,re_italy,Italy,1410.0,astronomer,europe,re_europe
33055,Q322023,Federico Cesi,re_italy,Italy,1585.0,botanist,europe,re_europe
33060,Q3735496,John of St. Thomas,re_spain,Spain,1589.0,philosopher,europe,re_europe
33062,Q713344,Leandro Alberti,re_italy,Italy,1479.0,theologian | philosopher | historian,europe,re_europe
33064,Q3633251,Baldassarre Bonaiuti,re_italy,Italy,1336.0,historian,europe,re_europe
33066,Q11924936,Guillem de Peñacorada,re_spain,Spain,1101.0,philosopher,europe,re_europe
33067,Q627941,Jacopo Zabarella,re_italy,Italy,1533.0,philosopher,europe,re_europe
33069,Q59398894,Juan Tomás Porcell,re_spain,Spain,1528.0,anatomist,europe,re_europe
33073,Q63302009,Francesco Capecelatro,re_italy,Italy,1595.0,historian,europe,re_europe
33075,Q24887950,Giovanni Battista Clarici,re_italy,Italy,1542.0,geographer,europe,re_europe
33077,Q721971,Francisco Xerez,re_spain,Spain,1495.0,historian,europe,re_europe
33078,Q354523,Thomas of Celano,re_italy,Italy,1190.0,historian,europe,re_europe
33080,Q266017,Guidobaldo del Monte,re_italy,Italy,1545.0,astronomer | philosopher | physicist | mathematician,europe,re_europe
33084,Q3767643,Giovanni Maria Angiolello,re_italy,Italy,1451.0,historian,europe,re_europe
33093,Q154751,Nicholas of Cusa,re_italy,Italy,1401.0,theologian | astronomer | philosopher | mathematician,europe,re_europe
33094,Q1364057,Giacomo Gastaldi,re_italy,Italy,1500.0,geographer,europe,re_europe
33096,Q948104,Elipando,re_spain,Spain,717.0,theologian,europe,re_europe
33098,Q1345657,Muretus,re_italy,Italy,1526.0,philosopher,europe,re_europe
33105,Q196472,Giovanni Battista Riccioli,re_italy,Italy,1598.0,theologian | geographer | astronomer | philosopher,europe,re_europe
33109,Q660137,Francesco Piccolomini,re_italy,Italy,1582.0,philosopher,europe,re_europe
33112,Q17301464,Antoni Vicenç Domènec,re_spain,Spain,1553.0,historian,europe,re_europe
33113,Q324040,Giovanni Pietro Maffei,re_italy,Italy,1533.0,historian,europe,re_europe
33114,Q293604,Al-Maqrizi,re_spain,Spain,1364.0,historian | economist,europe,re_europe
33115,Q600041,Scipione Ammirato,re_italy,Italy,1531.0,historian,europe,re_europe
33116,Q775194,Giovanni Baptista Ferrari,re_italy,Italy,1584.0,botanist,europe,re_europe
33123,Q64828851,Muzio Muzii,re_italy,Italy,1535.0,historian,europe,re_europe
33130,Q3845545,Marcello Capra,re_italy,Italy,1510.0,philosopher,europe,re_europe
33132,Q4718389,Alexander Bonini,re_italy,Italy,1268.0,theologian,europe,re_europe
33133,Q16568911,Francisco Delgado López,re_spain,Spain,1514.0,theologian,europe,re_europe
33134,Q1042297,Carlo Marsuppini,re_italy,Italy,1398.0,philosopher,europe,re_europe
33136,Q1526138,Giovanni Garzoni,re_italy,Italy,1419.0,historian,europe,re_europe
33137,Q716704,Ibn Malik,re_spain,Spain,600.0,linguist,europe,re_europe
33143,Q3741685,Federico Crisogono,re_italy,Italy,1472.0,mathematician,europe,re_europe
33145,Q107261,Alexander Scultetus,re_italy,Italy,1485.0,geographer | historian,europe,re_europe
33149,Q1541662,Landolfus Sagax,re_italy,Italy,1010.0,historian,europe,re_europe
33151,Q23770642,Camilla Erculiani,re_italy,Italy,1501.0,philosopher,europe,re_europe
33165,Q21207507,Pietro Catena,re_italy,Italy,1501.0,astronomer | philosopher | mathematician,europe,re_europe
33166,Q3816857,Sebastián de Covarrubias,re_spain,Spain,1539.0,linguist,europe,re_europe
33170,Q55225936,Giovanni Antonio Bovio,re_italy,Italy,1560.0,theologian,europe,re_europe
33172,Q348500,Camillo Porzio,re_italy,Italy,1526.0,historian,europe,re_europe
33174,Q54843624,Gonzalo de Arriaga,re_spain,Spain,1593.0,historian,europe,re_europe
33176,Q12263147,Martín de Coscojales,re_spain,Spain,1542.0,historian,europe,re_europe
33180,Q4013150,Vincenzo Carrari,re_italy,Italy,1539.0,historian,europe,re_europe
33196,Q5875806,Gaspar Galcerán de Pinós,re_spain,Spain,1584.0,historian,europe,re_europe
33198,Q3768885,Girolamo Amadei,re_italy,Italy,1483.0,theologian,europe,re_europe
33200,Q3620349,Antonio da Bitonto,re_italy,Italy,1385.0,theologian,europe,re_europe
33202,Q96627040,Isidoro Isolani,re_italy,Italy,1480.0,theologian,europe,re_europe
33203,Q1239049,Andrea Bacci,re_italy,Italy,1524.0,philosopher,europe,re_europe
33226,Q2064265,Paul of Venice,re_italy,Italy,1369.0,theologian | philosopher,europe,re_europe
33227,Q16268510,Eliseo Masini,re_italy,Italy,1550.0,theologian,europe,re_europe
33231,Q3071870,Filippo Beroaldo,re_italy,Italy,1453.0,philosopher,europe,re_europe
33233,Q3750984,Francisco Desquivel,re_italy,Italy,1550.0,archeologist,europe,re_europe
33237,Q325992,Giulio Cesare la Galla,re_italy,Italy,1571.0,philosopher,europe,re_europe
33241,Q108093952,Francesco Antonio Cardassi,re_italy,Italy,1574.0,theologian | philosopher,europe,re_europe
33242,Q3119289,Guglielmo Ventura,re_italy,Italy,1250.0,historian,europe,re_europe
33243,Q330740,Abraham Zacuto,re_spain,Spain,1450.0,astronomer | historian | mathematician,europe,re_europe
33254,Q22348267,Alberto Alberti,re_italy,Italy,1593.0,theologian,europe,re_europe
33256,Q328186,Natalis Comes,re_italy,Italy,1520.0,historian,europe,re_europe
33257,Q12261074,Juan Sada,re_spain,Spain,1500.0,mathematician,europe,re_europe
33259,Q3619317,Antonio Brunelli,re_italy,Italy,1577.0,musicologist,europe,re_europe
33268,Q1247917,Mondino de Liuzzi,re_italy,Italy,1275.0,anatomist,europe,re_europe
33270,Q85832617,Ausiàs Izquierdo,re_spain,Spain,1596.0,historian,europe,re_europe
33273,Q3769355,Giuliano Brigantino,re_italy,Italy,1510.0,theologian,europe,re_europe
33276,Q10347594,Pedro Margalho,re_portugal,Portugal,1474.0,philosopher,europe,re_europe
33290,Q2832837,Alessandro della Spina,re_italy,Italy,1201.0,physicist,europe,re_europe
33294,Q3830464,Leonardo Torriani,re_portugal,Portugal,1559.0,historian,europe,re_europe
33307,Q364278,Bartolomeo Eustachi,re_italy,Italy,1500.0,anatomist,europe,re_europe
33313,Q5678293,Gaspar Juan Escolano,re_spain,Spain,1560.0,historian,europe,re_europe
33316,Q16483625,Antonio López de Vega,re_spain,Spain,1586.0,economist,europe,re_europe
33320,Q3767184,Giovanni Fabrini,re_italy,Italy,1516.0,linguist,europe,re_europe
33321,Q2071598,Bartolomeo Ambrosini,re_italy,Italy,1588.0,botanist,europe,re_europe
33323,Q29862891,Pietro Francesco Zini,re_italy,Italy,1520.0,theologian,europe,re_europe
33324,Q3072158,Luisa Sigea de Velasco,re_spain,Spain,1522.0,philosopher,europe,re_europe
33330,Q33415000,Serafino Serafini,re_italy,Italy,1573.0,historian,europe,re_europe
33332,Q978828,António Brandão,re_portugal,Portugal,1584.0,historian,europe,re_europe
33338,Q18945058,Apollinare Offredi,re_italy,Italy,1401.0,philosopher,europe,re_europe
33340,Q322873,Juan Bautista Villalpando,re_italy,Italy,1552.0,mathematician,europe,re_europe
33346,Q1220565,Diogo Ribeiro,re_spain,Spain,1500.0,geographer,europe,re_europe
33350,Q10855567,Andrés de Poza,re_spain,Spain,1530.0,linguist,europe,re_europe
33352,Q560613,Bernardino Baldi,re_italy,Italy,1553.0,mathematician,europe,re_europe
33357,Q1440321,Fracanzano da Montalboddo,re_italy,Italy,1500.0,geographer,europe,re_europe
33360,Q2080946,Peter of Capua,re_italy,Italy,1150.0,philosopher,europe,re_europe
33361,Q673596,Hieronymus Balbus,re_italy,Italy,1460.0,philosopher,europe,re_europe
33363,Q1107869,Celio Calcagnini,re_italy,Italy,1479.0,astronomer,europe,re_europe
33372,Q1136840,Leonardo Dati,re_italy,Italy,1360.0,geographer,europe,re_europe
33382,Q47015907,Juan de Espina,re_spain,Spain,1583.0,musicologist,europe,re_europe
33384,Q3187835,Juan de Ortega,re_spain,Spain,1480.0,mathematician,europe,re_europe
33386,Q97068219,Agostino Molari,re_italy,Italy,1526.0,theologian,europe,re_europe
33407,Q2528283,Amadeus of Portugal,re_italy,Italy,1420.0,theologian | philosopher,europe,re_europe
33408,Q2312678,John of Genoa,re_italy,Italy,1233.0,theologian | linguist,europe,re_europe
33410,Q18224490,Tiberio Russiliano,re_italy,Italy,1490.0,philosopher,europe,re_europe
33412,Q2030849,Antonio de Herrera y Tordesillas,re_spain,Spain,1549.0,historian,europe,re_europe
33423,Q3767677,Giovanni Maria Tolosani,re_italy,Italy,1471.0,theologian,europe,re_europe
33426,Q5518314,Galeazzo Sabbatini,re_italy,Italy,1597.0,musicologist,europe,re_europe
33430,Q5992477,Ignacio de Arbieto,re_spain,Spain,1585.0,philosopher | historian,europe,re_europe
33434,Q3753207,Jaume Ferrer de Blanes,re_spain,Spain,1445.0,geographer,europe,re_europe
33436,Q2033937,Sampiro,re_spain,Spain,956.0,historian,europe,re_europe
33437,Q352804,Juan Maldonado,re_spain,Spain,1534.0,philosopher,europe,re_europe
33446,Q76728,Christopher Clavius,re_italy,Italy,1538.0,astronomer | mathematician,europe,re_europe
33448,Q18379822,Galeazzo di Santa Sofia,re_italy,Italy,1352.0,anatomist,europe,re_europe
33452,Q63306853,Girolamo Pollini,re_italy,Italy,1544.0,historian,europe,re_europe
33461,Q5925110,Jaume Joan Falcó,re_spain,Spain,1522.0,mathematician,europe,re_europe
33462,Q16208853,Rodrigo Dosma,re_spain,Spain,1533.0,theologian | historian | mathematician,europe,re_europe
33467,Q87190189,Cesare Rovida,re_italy,Italy,1549.0,philosopher,europe,re_europe
33471,Q615523,Juan Bermudo,re_spain,Spain,1510.0,musicologist | mathematician,europe,re_europe
33477,Q2056386,Rodrigo Caro,re_spain,Spain,1573.0,historian,europe,re_europe
33480,Q1397629,Martín Fernández de Enciso,re_spain,Spain,1469.0,geographer,europe,re_europe
33481,Q7183537,Philip Faber,re_italy,Italy,1564.0,philosopher,europe,re_europe
33483,Q30308589,Bartolomeo Tortoletti,re_italy,Italy,1560.0,theologian,europe,re_europe
33487,Q1296705,Giovanni Dondi dell'Orologio,re_italy,Italy,1330.0,astronomer | mathematician,europe,re_europe
33492,Q88806790,Giacomo Grassetti,re_italy,Italy,1579.0,theologian,europe,re_europe
33495,Q685566,Philippe Alegambe,re_italy,Italy,1592.0,historian,europe,re_europe
33497,Q728592,Cecco d'Ascoli,re_italy,Italy,1269.0,astronomer,europe,re_europe
33501,Q8763,Fibonacci,re_italy,Italy,1175.0,mathematician,europe,re_europe
33502,Q2331694,Diego Valadés,re_italy,Italy,1533.0,linguist,europe,re_europe
33503,Q1698718,Johannes van Heeck,re_italy,Italy,1579.0,astronomer | physicist | mathematician | zoologist,europe,re_europe
33509,Q10311400,João Delgado,re_portugal,Portugal,1553.0,astronomer | mathematician,europe,re_europe
33510,Q87620,Luca Pacioli,re_italy,Italy,1440.0,economist | mathematician,europe,re_europe
33513,Q106579253,Giovanni Battista Carello,re_italy,Italy,1550.0,astronomer | mathematician,europe,re_europe
33522,Q98657414,Antonio Robles Cornejo,re_spain,Spain,1600.0,botanist,europe,re_europe
33534,Q47520097,Orlando Malavolti,re_italy,Italy,1515.0,historian,europe,re_europe
33543,Q18945782,Scipione Chiaramonti,re_italy,Italy,1565.0,astronomer | philosopher,europe,re_europe
33545,Q207416,Bartolomé de Las Casas,re_spain,Spain,1484.0,theologian | historian | anthropologist,europe,re_europe
33561,Q3642037,Bonaventura Angeli,re_italy,Italy,1525.0,historian,europe,re_europe
33563,Q5274892,Diego Álvarez Chanca,re_spain,Spain,1500.0,historian,europe,re_europe
33573,Q329975,Abraham ben Mordecai Farissol,re_italy,Italy,1451.0,geographer,europe,re_europe
33579,Q723526,Solomon Molcho,re_italy,Italy,1500.0,philosopher,europe,re_europe
33580,Q16743840,Jerónimo de la Quintana,re_spain,Spain,1576.0,historian,europe,re_europe
33583,Q22915822,Ottavio Rossi,re_italy,Italy,1570.0,archeologist | historian,europe,re_europe
33590,Q395689,Agostino Nifo,re_italy,Italy,1473.0,philosopher,europe,re_europe
33594,Q101437,Pius II,re_italy,Italy,1405.0,geographer | historian,europe,re_europe
33598,Q773822,Antoninus of Florence,re_italy,Italy,1389.0,theologian,europe,re_europe
33608,Q105645626,Bartolomeo Paschetti,re_italy,Italy,1578.0,philosopher,europe,re_europe
33612,Q1855446,Francesco Stelluti,re_italy,Italy,1577.0,mathematician,europe,re_europe
33613,Q3749516,Francesco Albertini,re_italy,Italy,1469.0,archeologist,europe,re_europe
33615,Q55937275,José Teixeira,re_portugal,Portugal,1543.0,theologian,europe,re_europe
33616,Q2837053,Tomás de Mercado,re_spain,Spain,1525.0,economist,europe,re_europe
33617,Q6070472,Pedro de Escavias,re_spain,Spain,1500.0,historian,europe,re_europe
33618,Q3638083,Benedetto Giovio,re_italy,Italy,1471.0,historian,europe,re_europe
33630,Q1364372,Robert Kilwardby,re_italy,Italy,1215.0,theologian | philosopher,europe,re_europe
33632,Q3744481,Paolo Antonio Foscarini,re_italy,Italy,1565.0,mathematician,europe,re_europe
33636,Q314488,Leonardo Bruni,re_italy,Italy,1370.0,philosopher | historian,europe,re_europe
33640,Q22669247,Baltasar Torres,re_italy,Italy,1518.0,mathematician,europe,re_europe
33643,Q3619029,Antonino Amico,re_italy,Italy,1586.0,historian,europe,re_europe
33647,Q7933857,Virgilio Malvezzi,re_italy,Italy,1595.0,historian,europe,re_europe
33654,Q3547624,Ubertino Pusculus,re_italy,Italy,1430.0,historian,europe,re_europe
33657,Q52153970,Giovanni Battista Rasario,re_italy,Italy,1517.0,philosopher,europe,re_europe
33659,Q10347869,Pedro de Mariz,re_portugal,Portugal,1550.0,historian,europe,re_europe
33661,Q3019027,David ben Shlomo ibn Yahya,re_portugal,Portugal,1455.0,philosopher,europe,re_europe
33662,Q12257967,Francisco Tornamira,re_spain,Spain,1534.0,astronomer,europe,re_europe
33663,Q3769562,Giulio Cesare Capaccio,re_italy,Italy,1552.0,theologian | historian,europe,re_europe
33667,Q163381,Peter Martyr d'Anghiera,re_spain,Spain,1457.0,historian,europe,re_europe
33673,Q11905564,Andrés Díaz,re_spain,Spain,1600.0,philosopher,europe,re_europe
33677,Q3290048,Marco Aurel,re_spain,Spain,1505.0,mathematician,europe,re_europe
33679,Q310783,Lodovico Ferrari,re_italy,Italy,1522.0,mathematician,europe,re_europe
33682,Q102284676,Giovanni Proto Arca,re_italy,Italy,1562.0,historian,europe,re_europe
33685,Q740978,Giovanni Antonio Magini,re_italy,Italy,1555.0,geographer | astronomer | mathematician,europe,re_europe
33686,Q25432405,Gonzalo Martínez de Bizcargui,re_spain,Spain,1460.0,musicologist,europe,re_europe
33689,Q1898595,Marinus de Fregeno,re_italy,Italy,1500.0,theologian,europe,re_europe
33692,Q15856825,Bartolomeo Zamberti,re_italy,Italy,1473.0,mathematician,europe,re_europe
33698,Q106084240,Giovanni Battista Antonucci,re_italy,Italy,1532.0,theologian,europe,re_europe
33701,Q55835567,Pedro de Lorca,re_spain,Spain,1560.0,theologian,europe,re_europe
33704,Q107525058,Giuseppe Ghisleri,re_italy,Italy,1573.0,philosopher,europe,re_europe
33709,Q18819259,Gerardo da Sabbioneta,re_italy,Italy,1200.0,astronomer,europe,re_europe
33713,Q1086710,Francisco Diago,re_spain,Spain,1562.0,historian,europe,re_europe
33715,Q3374035,Pedro Chacón,re_italy,Italy,1527.0,historian | mathematician,europe,re_europe
33717,Q5483187,Francisco Bermúdez de Pedraza,re_spain,Spain,1585.0,historian,europe,re_europe
33719,Q1873744,Lucrezia Marinella,re_italy,Italy,1571.0,philosopher,europe,re_europe
33722,Q1140453,Cristoforo Buondelmonti,re_italy,Italy,1385.0,geographer | historian,europe,re_europe
33723,Q45348704,Giugurta Tommasi,re_italy,Italy,1562.0,historian,europe,re_europe
33726,Q47674,Amerigo Vespucci,re_spain,Spain,1454.0,geographer,europe,re_europe
33729,Q53557376,Alberto Alfieri,re_italy,Italy,1400.0,historian,europe,re_europe
33730,Q713482,Callistratus,re_italy,Italy,1000.0,philosopher,europe,re_europe
33731,Q380804,Antonio de Nebrija,re_spain,Spain,1444.0,linguist,europe,re_europe
33734,Q345605,Federico Zuccari,re_italy,Italy,1539.0,art theorist,europe,re_europe
33735,Q3455489,Reginald of Piperno,re_italy,Italy,1230.0,theologian,europe,re_europe
33739,Q3758684,Gasparo Scaruffi,re_italy,Italy,1519.0,economist,europe,re_europe
33749,Q11924110,Gerland de Caltagirone,re_italy,Italy,1150.0,philosopher,europe,re_europe
33750,Q980560,Girolamo Mercuriale,re_italy,Italy,1530.0,linguist,europe,re_europe
33751,Q3960051,Sicco Polenton,re_italy,Italy,1375.0,philosopher,europe,re_europe
33758,Q5573121,Gregorio de Valencia,re_italy,Italy,1549.0,theologian,europe,re_europe
33759,Q3708466,Diogo Andrada de Paiva,re_portugal,Portugal,1576.0,historian,europe,re_europe
33765,Q92284014,Giovanni Battista Carcano Leone,re_italy,Italy,1536.0,anatomist,europe,re_europe
33766,Q3635366,Bartolomeo Fallamonica Gentile,re_italy,Italy,1450.0,philosopher,europe,re_europe
33770,Q711845,Marcantonio Barbaro,re_italy,Italy,1518.0,geographer,europe,re_europe
33771,Q3934689,Riccobaldo of Ferrara,re_italy,Italy,1245.0,historian,europe,re_europe
33773,Q20001575,Francisco Sobrino Morillas,re_spain,Spain,1545.0,theologian,europe,re_europe
33774,Q3063991,Fabrizio Bartoletti,re_italy,Italy,1576.0,chemist,europe,re_europe
33776,Q107008683,Thomas of Pavia,re_italy,Italy,1212.0,historian,europe,re_europe
33780,Q110253160,Antonio Roccatagliata,re_italy,Italy,1530.0,historian,europe,re_europe
33784,Q1711533,Giovanni Mario Alessandri,re_italy,Italy,1550.0,linguist,europe,re_europe
33785,Q464471,Andrea Alciato,re_italy,Italy,1492.0,historian,europe,re_europe
33786,Q5951286,Joan Martí Cordero,re_spain,Spain,1531.0,theologian,europe,re_europe
33789,Q612414,Bernardo de Alderete,re_spain,Spain,1560.0,linguist | historian,europe,re_europe
33793,Q3767067,Giovanni Crisostomo Javelli,re_italy,Italy,1470.0,theologian | philosopher,europe,re_europe
33795,Q26262803,Girolamo Fantoni,re_italy,Italy,1462.0,theologian,europe,re_europe
33796,Q6068986,Pedro González de Mendoza,re_spain,Spain,1570.0,theologian,europe,re_europe
33799,Q21545952,Zomino da Pistoia,re_italy,Italy,1387.0,theologian,europe,re_europe
33808,Q9655409,Bernardo Rodrigues,re_portugal,Portugal,1500.0,historian,europe,re_europe
33810,Q331365,Diogo Ortiz de Villegas,re_portugal,Portugal,1457.0,theologian,europe,re_europe
33811,Q1526100,Giovanni Filoteo Achillini,re_italy,Italy,1466.0,linguist | philosopher,europe,re_europe
33812,Q29949102,Mathaios Johannes Karyofyllis,re_italy,Italy,1565.0,theologian,europe,re_europe
33814,Q3846603,Marco degli Oddi,re_italy,Italy,1526.0,philosopher,europe,re_europe
33818,Q64875933,Juan López de Salamanca,re_spain,Spain,1389.0,theologian,europe,re_europe
33824,Q2886093,Bartolomeo Uliari,re_italy,Italy,1320.0,philosopher,europe,re_europe
33825,Q389140,Luigi Cornaro,re_italy,Italy,1484.0,philosopher,europe,re_europe
33828,Q1387558,Girolamo Diruta,re_italy,Italy,1554.0,musicologist,europe,re_europe
33831,Q5984502,Luis de Alcalá,re_spain,Spain,1490.0,economist,europe,re_europe
33834,Q7026122,Nicholas Riccardi,re_italy,Italy,1585.0,theologian,europe,re_europe
33839,Q3606791,Agostino Mascardi,re_italy,Italy,1590.0,historian,europe,re_europe
33842,Q724672,Giovanni Battista Giraldi,re_italy,Italy,1504.0,philosopher,europe,re_europe
33843,Q55996213,José de Jesús María,re_spain,Spain,1562.0,historian,europe,re_europe
33847,Q1237514,Domingo de Soto,re_spain,Spain,1494.0,physicist,europe,re_europe
33848,Q542434,Boncompagno da Signa,re_italy,Italy,1170.0,philosopher | historian,europe,re_europe
33852,Q28973029,Bernardino Baldini,re_italy,Italy,1515.0,mathematician,europe,re_europe
33855,Q550662,Johannes Magnus,re_italy,Italy,1488.0,theologian | historian,europe,re_europe
33862,Q2877105,Pedro Carrillo de Huete,re_spain,Spain,1380.0,historian,europe,re_europe
33869,Q104028995,Juan de Fonseca,re_spain,Spain,1535.0,theologian,europe,re_europe
33870,Q93638835,Efrayim ben Yehoshua en Balsum,re_spain,Spain,1340.0,mathematician,europe,re_europe
33873,Q6763694,Marinus Becichemus Scodrensis,re_italy,Italy,1468.0,philosopher,europe,re_europe
33876,Q85319694,Gioachimo Alberti,re_italy,Italy,1595.0,historian,europe,re_europe
33878,Q9011532,Jerónimo Muñoz,re_spain,Spain,1520.0,geographer | linguist | mathematician,europe,re_europe
33884,Q55225556,Paolino Bernardini,re_italy,Italy,1518.0,theologian,europe,re_europe
33887,Q22327834,Giovanni da Bazzano,re_italy,Italy,1285.0,historian,europe,re_europe
33891,Q5863242,Florián de Ocampo,re_spain,Spain,1495.0,historian,europe,re_europe
33900,Q105015667,Pomponio Brunelli,re_italy,Italy,1592.0,philosopher,europe,re_europe
33901,Q2761925,Pedro de Medina,re_spain,Spain,1493.0,geographer | astronomer | historian | mathematician,europe,re_europe
33903,Q3619237,Antonio Beffa Negrini,re_italy,Italy,1532.0,historian,europe,re_europe
33907,Q3080753,Rui Faleiro,re_spain,Spain,1500.0,geographer | astronomer,europe,re_europe
33908,Q738554,Paulinus II of Aquileia,re_italy,Italy,740.0,linguist,europe,re_europe
33922,Q18945696,Onofrio Castelli,re_italy,Italy,1580.0,geographer,europe,re_europe
33924,Q3620111,Antonio Rocco,re_italy,Italy,1586.0,philosopher,europe,re_europe
33932,Q12631503,Giovanni Francesco Camocio,re_italy,Italy,1501.0,geographer,europe,re_europe
33936,Q366294,Filippo Salviati,re_spain,Spain,1583.0,astronomer,europe,re_europe
33940,Q264271,Pietro Ranzano,re_italy,Italy,1428.0,historian,europe,re_europe
33944,Q1987549,Francesco Giorgi,re_italy,Italy,1466.0,theologian | philosopher,europe,re_europe
33949,Q929681,Pedro de la Gasca,re_spain,Spain,1493.0,economist,europe,re_europe
33950,Q657600,Francesco Barozzi,re_italy,Italy,1537.0,astronomer | mathematician,europe,re_europe
33951,Q1698181,Johannes Pontisella der Ältere,re_italy,Italy,1510.0,theologian,europe,re_europe
33952,Q3041516,Durand of Huesca,re_spain,Spain,1160.0,theologian,europe,re_europe
33956,Q3749180,Fra' Domenico di Giovanni,re_italy,Italy,1404.0,theologian,europe,re_europe
33958,Q168443,William of Apulia,re_italy,Italy,1100.0,historian,europe,re_europe
33963,Q55228370,Pier Francesco Giustolo,re_italy,Italy,1440.0,historian,europe,re_europe
33975,Q15814089,Roberto Rusca,re_italy,Italy,1565.0,historian,europe,re_europe
33976,Q16855222,Pere Joan Nunyes,re_spain,Spain,1522.0,philosopher,europe,re_europe
33983,Q2663398,Francisco de Salinas,re_spain,Spain,1513.0,musicologist,europe,re_europe
33984,Q3328895,Peter of Aquila,re_italy,Italy,1300.0,theologian,europe,re_europe
33986,Q384263,Barlaam of Seminara,re_italy,Italy,1290.0,philosopher | mathematician,europe,re_europe
33987,Q3259291,Lope García de Salazar,re_spain,Spain,1399.0,historian,europe,re_europe
33992,Q11927776,Joan Jubí,re_spain,Spain,1500.0,theologian,europe,re_europe
34005,Q108314254,Pietro Rossi,re_italy,Italy,1403.0,philosopher,europe,re_europe
34012,Q2815269,Roland of Cremona,re_italy,Italy,1178.0,theologian,europe,re_europe
34017,Q809479,Bartol Kašić,re_italy,Italy,1575.0,linguist,europe,re_europe
34024,Q5924250,Jacinto de Alcázar Arriaza,re_spain,Spain,1597.0,economist,europe,re_europe
34025,Q29376618,Luigi Novarini,re_italy,Italy,1594.0,theologian,europe,re_europe
34028,Q3045526,Dídac Montfar Sorts i Cellers,re_spain,Spain,1600.0,historian,europe,re_europe
34034,Q3613817,Ambrogio Cavalli,re_italy,Italy,1500.0,theologian,europe,re_europe
34036,Q20172498,Joseph ben David Ibn Yaḥya,re_italy,Italy,1495.0,philosopher,europe,re_europe
34039,Q2521066,Visconte Maggiolo,re_italy,Italy,1478.0,geographer,europe,re_europe
34040,Q18945477,Giulio Capilupi,re_italy,Italy,1544.0,mathematician,europe,re_europe
34042,Q313174,Pietro d'Abano,re_italy,Italy,1250.0,astronomer | philosopher,europe,re_europe
34045,Q23840943,Luis López,re_spain,Spain,1520.0,theologian,europe,re_europe
34047,Q72394,Johann Georg Wirsung,re_italy,Italy,1600.0,anatomist,europe,re_europe
34048,Q27656158,Domingo de Oña,re_italy,Italy,1560.0,theologian | philosopher,europe,re_europe
34054,Q26267121,Antonio Boccapaduli,re_italy,Italy,1530.0,theologian | philosopher,europe,re_europe
34056,Q214544,Bonaventura Cavalieri,re_italy,Italy,1598.0,astronomer | mathematician,europe,re_europe
34061,Q2621738,Costanzo Varolio,re_italy,Italy,1543.0,anatomist,europe,re_europe
34062,Q21208970,Giorgio Raguseo,re_italy,Italy,1580.0,philosopher,europe,re_europe
34070,Q2546346,John de Lugo,re_italy,Italy,1583.0,theologian | economist,europe,re_europe
34071,Q99284555,Bartolomeo Ricci,re_italy,Italy,1542.0,theologian,europe,re_europe
34076,Q1933377,Pietro de' Crescenzi,re_italy,Italy,1233.0,botanist,europe,re_europe
34082,Q3565998,Matteo Tafuri,re_italy,Italy,1492.0,philosopher,europe,re_europe
34083,Q555930,Lodovico Grossi da Viadana,re_italy,Italy,1560.0,musicologist,europe,re_europe
34087,Q3992830,Tommaso Porcacchi,re_italy,Italy,1530.0,geographer,europe,re_europe
34088,Q18945447,Giovanni Lodovico Longo,re_italy,Italy,1501.0,mathematician,europe,re_europe
34092,Q3617081,Angelo Mario Edoari Da Erba,re_italy,Italy,1520.0,historian,europe,re_europe
34114,Q2998393,Costanzo Torri,re_italy,Italy,1531.0,philosopher,europe,re_europe
34117,Q5860458,Fernandus Cordubensis,re_italy,Italy,1425.0,theologian | philosopher,europe,re_europe
34119,Q3758075,Gandulf of Bologna,re_italy,Italy,1200.0,theologian,europe,re_europe
34120,Q518117,Francisco Zumel,re_spain,Spain,1540.0,philosopher,europe,re_europe
34121,Q545716,Pere Miquel Carbonell,re_spain,Spain,1434.0,historian,europe,re_europe
34123,Q5880098,Giovanni Antonio Summonte,re_italy,Italy,1600.0,historian,europe,re_europe
34126,Q4095200,Ercole Bottrigari,re_italy,Italy,1531.0,musicologist,europe,re_europe
34127,Q55226214,Pietro Calanna,re_italy,Italy,1531.0,theologian | philosopher,europe,re_europe
34128,Q22671615,Francesco de Pietri,re_italy,Italy,1575.0,historian,europe,re_europe
34129,Q646955,Francesco Fontana,re_italy,Italy,1585.0,astronomer,europe,re_europe
34131,Q5791926,Cristóbal de Fonseca,re_spain,Spain,1550.0,philosopher,europe,re_europe
34133,Q61483702,Ascanio Centorio Degli Ortensi,re_italy,Italy,1550.0,historian,europe,re_europe
34134,Q56006568,Pompeo Della Barba,re_italy,Italy,1521.0,philosopher,europe,re_europe
34137,Q30917156,Pedro Vélez de Guevara,re_spain,Spain,1529.0,philosopher,europe,re_europe
34139,Q3130411,Prudencio de Sandoval,re_spain,Spain,1553.0,historian,europe,re_europe
34143,Q437543,Paolo Giovio,re_italy,Italy,1483.0,historian,europe,re_europe
34149,Q3904042,Pietro Marchetti,re_italy,Italy,1589.0,anatomist,europe,re_europe
34153,Q17064119,Juan Vespucio,re_spain,Spain,1486.0,geographer,europe,re_europe
34155,Q112283632,Ambrogio Taegio,re_italy,Italy,1461.0,historian,europe,re_europe
34161,Q6774959,Martin Bauzer,re_italy,Italy,1595.0,historian,europe,re_europe
34164,Q855257,Blasius of Parma,re_italy,Italy,1355.0,philosopher | mathematician,europe,re_europe
34167,Q5564782,Girolamo Priuli,re_italy,Italy,1476.0,historian,europe,re_europe
34169,Q4792439,Arlotto of Prato,re_italy,Italy,1201.0,theologian,europe,re_europe
34178,Q21208961,Onofrio Puglisi,re_italy,Italy,1500.0,mathematician,europe,re_europe
34180,Q711910,Niccolò Barbaro,re_italy,Italy,1420.0,historian,europe,re_europe
34183,Q458742,Ambrogio Calepino,re_italy,Italy,1436.0,linguist,europe,re_europe
34186,Q89484095,Donato Bosso,re_italy,Italy,1436.0,historian,europe,re_europe
34188,Q365805,Gioseffo Zarlino,re_italy,Italy,1517.0,musicologist,europe,re_europe
34189,Q4887305,Benedict Pereira,re_italy,Italy,1535.0,theologian | philosopher,europe,re_europe
34190,Q435853,Thomas Cajetan,re_italy,Italy,1469.0,theologian | philosopher,europe,re_europe
34196,Q2857327,Antonio Loschi,re_italy,Italy,1368.0,philosopher | historian,europe,re_europe
34202,Q16575734,Marco Antonio Nicodemi,re_italy,Italy,1501.0,historian,europe,re_europe
34203,Q3002469,Crescas Vidal,re_spain,Spain,1301.0,philosopher,europe,re_europe
34208,Q301664,Diego Laynez,re_italy,Italy,1512.0,theologian,europe,re_europe
34209,Q15679359,Giano Pirro Pincio,re_italy,Italy,1600.0,historian,europe,re_europe
34210,Q41569213,Battista De Ruberti,re_italy,Italy,1501.0,astronomer,europe,re_europe
34212,Q3185313,Joseph Marie de Suarès,re_italy,Italy,1599.0,historian,europe,re_europe
34216,Q24265739,Ambrogio Leone,re_italy,Italy,1459.0,philosopher | historian | mathematician,europe,re_europe
34226,Q809391,Bartolomeo da Rinonico,re_italy,Italy,1338.0,historian,europe,re_europe
34231,Q113266373,Francisco Morovelli de Puebla,re_spain,Spain,1575.0,historian,europe,re_europe
34232,Q55225846,Girolamo Bordoni,re_italy,Italy,1510.0,theologian,europe,re_europe
34234,Q704179,Giovanni Villani,re_italy,Italy,1280.0,historian,europe,re_europe
34239,Q17354867,Gerolamo Miolo,re_italy,Italy,1530.0,historian,europe,re_europe
34246,Q2246876,Giovanni Battista Baliani,re_italy,Italy,1582.0,astronomer | physicist | mathematician,europe,re_europe
34250,Q1632875,Guitmund,re_italy,Italy,1100.0,theologian,europe,re_europe
34253,Q1362183,Giovanni de' Marignolli,re_italy,Italy,1290.0,historian,europe,re_europe
34254,Q18945389,Giovanni Antonio Delfini,re_italy,Italy,1506.0,theologian,europe,re_europe
34263,Q24737372,Ambraccio Dell'Ale,re_italy,Italy,1600.0,philosopher,europe,re_europe
34267,Q89345685,Giovan Marco Burigozzo,re_italy,Italy,1472.0,historian,europe,re_europe
34274,Q1679483,James of Venice,re_italy,Italy,1001.0,linguist,europe,re_europe
34275,Q2292575,Petrus Gyllius,re_italy,Italy,1490.0,geographer | philosopher | botanist,europe,re_europe
34278,Q4891971,Pere Antoni Beuter,re_spain,Spain,1500.0,historian,europe,re_europe
34282,Q3903655,Peter Arkoudios,re_italy,Italy,1563.0,theologian,europe,re_europe
34284,Q21548758,Tommaso Bozio,re_italy,Italy,1548.0,theologian | philosopher,europe,re_europe
34294,Q4941212,Bonaventure Hepburn,re_italy,Italy,1573.0,linguist,europe,re_europe
34296,Q3771321,Giuseppe Ripamonti,re_italy,Italy,1573.0,historian,europe,re_europe
34298,Q669640,Judah Messer Leon,re_italy,Italy,1422.0,philosopher,europe,re_europe
34301,Q533514,George of Trebizond,re_italy,Italy,1395.0,philosopher,europe,re_europe
34303,Q1442284,Francisco de Mello,re_portugal,Portugal,1490.0,physicist | mathematician,europe,re_europe
34306,Q1349158,Paolo Sarpi,re_italy,Italy,1552.0,philosopher | astronomer | anatomist | theologian | historian,europe,re_europe
34308,Q12223823,Abd al-Malik ibn Habīb,re_spain,Spain,790.0,historian,europe,re_europe
34311,Q21209115,Josephus Unicornus,re_italy,Italy,1523.0,musicologist,europe,re_europe
34316,Q2919726,Jerónimo de Chaves,re_spain,Spain,1523.0,historian | mathematician,europe,re_europe
34323,Q18945026,Antonio Berga,re_italy,Italy,1535.0,philosopher,europe,re_europe
34325,Q5274883,Diego del Puerto,re_spain,Spain,1500.0,musicologist,europe,re_europe
34332,Q55228111,Gerardo da Siena,re_italy,Italy,1295.0,theologian,europe,re_europe
34334,Q963339,Giovanni Botero,re_italy,Italy,1544.0,historian | geographer | philosopher | economist,europe,re_europe
34335,Q3768970,Girolamo Pico Fonticulano,re_italy,Italy,1541.0,mathematician,europe,re_europe
34336,Q445248,Luís de Sousa Rebelo,re_portugal,Portugal,1555.0,historian,europe,re_europe
34338,Q3805888,Jacopo Guidi,re_italy,Italy,1514.0,theologian,europe,re_europe
34339,Q3768489,Giovanni di Pedrino,re_italy,Italy,1390.0,historian,europe,re_europe
34342,Q3766647,Giovanni Battista Eliano,re_italy,Italy,1530.0,theologian,europe,re_europe
34343,Q439050,Bartolus de Saxoferrato,re_italy,Italy,1313.0,philosopher,europe,re_europe
34349,Q5483782,Francisco Pareja,re_spain,Spain,1600.0,linguist,europe,re_europe
34350,Q558074,Ciriaco de' Pizzicolli,re_italy,Italy,1391.0,archeologist | historian | anthropologist,europe,re_europe
34352,Q6216617,Johannes Crastonis,re_italy,Italy,1420.0,linguist,europe,re_europe
34353,Q16187732,Gabriel Casafages,re_spain,Spain,1450.0,philosopher,europe,re_europe
34358,Q1710206,João Rodrigues,re_portugal,Portugal,1558.0,linguist,europe,re_europe
34359,Q16824678,Ugolino Brunforte,re_italy,Italy,1262.0,historian,europe,re_europe
34362,Q3606775,Agostino Inveges,re_italy,Italy,1595.0,historian,europe,re_europe
34364,Q3049421,Lopo Homem,re_portugal,Portugal,1497.0,geographer,europe,re_europe
34367,Q1686582,Jehuda Cresques,re_spain,Spain,1350.0,geographer,europe,re_europe
34369,Q33125618,Severo Minervio,re_italy,Italy,1470.0,historian,europe,re_europe
34370,Q3607801,Alanus Anglicus,re_italy,Italy,1101.0,theologian,europe,re_europe
34372,Q12784095,Alasia da Sommaripa,re_italy,Italy,1578.0,historian,europe,re_europe
34374,Q983332,Giovanni Baglione,re_italy,Italy,1566.0,historian,europe,re_europe
34389,Q32401,Antonio Vázquez de Espinosa,re_spain,Spain,1570.0,theologian | geographer,europe,re_europe
34395,Q104811079,Joan Salvador i Boscà,re_spain,Spain,1598.0,botanist,europe,re_europe
34410,Q62554420,Joaquín Setantí,re_spain,Spain,1550.0,philosopher,europe,re_europe
34412,Q320546,Peter of Spain,re_spain,Spain,1300.0,philosopher,europe,re_europe
34422,Q3868791,Muzio Oddi,re_italy,Italy,1569.0,mathematician,europe,re_europe
34424,Q160424,Paul the Deacon,re_italy,Italy,720.0,historian,europe,re_europe
34426,Q1960963,Gil Gonzalez de Ávila,re_spain,Spain,1570.0,historian,europe,re_europe
34430,Q8964671,Gonzalo Chacón,re_spain,Spain,1429.0,historian,europe,re_europe
34431,Q3765756,Giorgio Siculo,re_italy,Italy,1517.0,theologian,europe,re_europe
34442,Q922068,Claudius of Turin,re_italy,Italy,750.0,theologian,europe,re_europe
34443,Q503462,Paolo Paruta,re_italy,Italy,1540.0,historian,europe,re_europe
34445,Q523923,Julius Pomponius Laetus,re_italy,Italy,1428.0,philosopher,europe,re_europe
34446,Q3603791,Abramo Bzovio,re_italy,Italy,1567.0,historian,europe,re_europe
34452,Q1229085,Gasparo Tagliacozzi,re_italy,Italy,1545.0,anatomist,europe,re_europe
34457,Q1389329,Odo of Châteauroux,re_italy,Italy,1190.0,philosopher,europe,re_europe
34458,Q27999310,Camillo de' Medici di Gragnano,re_italy,Italy,1543.0,philosopher,europe,re_europe
34460,Q1397271,Fernão Lopes de Castanheda,re_portugal,Portugal,1500.0,historian,europe,re_europe
34467,Q49612155,Joseph Goedenhuyze,re_italy,Italy,1600.0,botanist,europe,re_europe
34471,Q15679697,Leonardo Bufalini,re_italy,Italy,1500.0,geographer,europe,re_europe
34474,Q3635341,Bartolomeo Burchelati,re_italy,Italy,1548.0,historian,europe,re_europe
34479,Q27786526,Antonio Cordeses,re_spain,Spain,1518.0,theologian,europe,re_europe
34480,Q25419426,Estêvão Rodrigues de Castro,re_italy,Italy,1560.0,philosopher,europe,re_europe
34485,Q9057775,Pedro Salazar de Mendoza,re_spain,Spain,1549.0,historian,europe,re_europe
34491,Q1365381,Pedro da Fonseca,re_portugal,Portugal,1528.0,theologian | philosopher,europe,re_europe
34495,Q3762101,Giacomo Filippo Tomasini,re_italy,Italy,1595.0,historian,europe,re_europe
34496,Q969459,Jacobus de Cessolis,re_italy,Italy,1250.0,philosopher,europe,re_europe
34499,Q3606787,Agostino Mainardi,re_italy,Italy,1482.0,theologian,europe,re_europe
34504,Q6301292,Juan de Medina,re_spain,Spain,1490.0,theologian,europe,re_europe
34505,Q55868895,Francesco Negro,re_italy,Italy,1590.0,mathematician,europe,re_europe
34507,Q5641363,Abraham Simuel,re_spain,Spain,1500.0,philosopher,europe,re_europe
34510,Q950531,Nicolás Monardes,re_spain,Spain,1508.0,botanist,europe,re_europe
34518,Q6386099,Antonio Daza,re_spain,Spain,1600.0,historian,europe,re_europe
34527,Q3480834,Severo Bonini,re_italy,Italy,1582.0,musicologist,europe,re_europe
34530,Q366328,Brunetto Latini,re_italy,Italy,1220.0,philosopher,europe,re_europe
34531,Q250089,Alessandro Piccolomini,re_italy,Italy,1508.0,astronomer | philosopher,europe,re_europe
34533,Q112843202,Antonio Filoteo Omodei,re_italy,Italy,1533.0,historian,europe,re_europe
34537,Q3104956,Yom Tob Atías,re_spain,Spain,1500.0,theologian,europe,re_europe
34538,Q23753990,Pietro Antonio Crespi Castoldi,re_italy,Italy,1557.0,historian,europe,re_europe
34540,Q5895941,Hernando Alonso de Herrera,re_spain,Spain,1460.0,linguist,europe,re_europe
34541,Q21544550,Felice Contelori,re_italy,Italy,1588.0,theologian,europe,re_europe
34544,Q3766057,Giovan Battista Bracciolini,re_italy,Italy,1439.0,historian,europe,re_europe
34545,Q3621419,Arcangelo Giani,re_italy,Italy,1552.0,theologian,europe,re_europe
34546,Q8243098,Bartolomé Bravo,re_spain,Spain,1554.0,linguist,europe,re_europe
34547,Q59532903,Pietro Galesini,re_italy,Italy,1520.0,historian,europe,re_europe
34551,Q17327784,Francesco Calzolari,re_italy,Italy,1522.0,botanist,europe,re_europe
34553,Q3750270,Francesco Maturanzio,re_italy,Italy,1443.0,historian,europe,re_europe
34559,Q11917148,Diego Mas,re_spain,Spain,1553.0,philosopher,europe,re_europe
34563,Q55502132,Juan Martinez de Zaldibia,re_spain,Spain,1500.0,historian,europe,re_europe
34564,Q110136409,Jacopo di Porcia,re_italy,Italy,1462.0,historian,europe,re_europe
34565,Q4893871,Bernardino de Escalante,re_spain,Spain,1537.0,geographer,europe,re_europe
34566,Q153024,Tunometecabrasaramambiche,re_italy,Italy,1381.0,philosopher,europe,re_europe
34570,Q40858764,Luis de Guzmán,re_spain,Spain,1544.0,theologian,europe,re_europe
34571,Q3944190,Saba Malaspina,re_italy,Italy,1220.0,historian,europe,re_europe
34577,Q55835575,Juan Briz Martínez,re_spain,Spain,1565.0,theologian | historian,europe,re_europe
34578,Q29684610,Miguel Martínez del Villar y Hernando,re_spain,Spain,1560.0,historian,europe,re_europe
34585,Q727486,Blas Valera,re_spain,Spain,1545.0,historian | anthropologist,europe,re_europe
34589,Q1446615,Gedaliah ibn Yahya ben Joseph,re_italy,Italy,1526.0,historian,europe,re_europe
34602,Q3856712,Michele Monaco,re_italy,Italy,1574.0,historian,europe,re_europe
34608,Q66622267,Pedro Martínez de Brea,re_spain,Spain,1600.0,philosopher,europe,re_europe
34609,Q555161,John of Biclaro,re_spain,Spain,540.0,historian,europe,re_europe
34610,Q671807,Gabriel Barrio,re_italy,Italy,1506.0,historian,europe,re_europe
34611,Q2531858,Famiano Strada,re_italy,Italy,1572.0,historian,europe,re_europe
34615,Q603242,Pietro Castelli,re_italy,Italy,1574.0,botanist,europe,re_europe
34617,Q1136048,Cosimo Bartoli,re_italy,Italy,1503.0,mathematician,europe,re_europe
34618,Q15138232,Ludovico Boccadiferro,re_italy,Italy,1482.0,philosopher,europe,re_europe
34620,Q6119519,Jacob ben David ben Yom Tov,re_spain,Spain,1400.0,astronomer,europe,re_europe
34625,Q1042450,Carlo Ruini,re_italy,Italy,1530.0,anatomist,europe,re_europe
34627,Q19998033,Bartomeu Llull,re_spain,Spain,1565.0,theologian,europe,re_europe
34632,Q12349907,János Mihály Brutus,re_italy,Italy,1517.0,historian,europe,re_europe
34638,Q5481473,Juan de Pineda,re_spain,Spain,1513.0,historian,europe,re_europe
34639,Q721423,Francisco López de Gómara,re_spain,Spain,1511.0,historian,europe,re_europe
34640,Q1377941,Gomes Eanes de Zurara,re_portugal,Portugal,1410.0,historian,europe,re_europe
34642,Q3742149,Felice Figliucci,re_italy,Italy,1518.0,theologian | philosopher,europe,re_europe
34648,Q9093478,Victoriano Zaragozano Zapater,re_spain,Spain,1545.0,astronomer,europe,re_europe
34652,Q3807705,Jean Prévost,re_italy,Italy,1585.0,botanist,europe,re_europe
34654,Q12866007,Teramo Castelli,re_italy,Italy,1597.0,historian,europe,re_europe
34658,Q2036723,Francesco Capuano Di Manfredonia,re_italy,Italy,1450.0,astronomer,europe,re_europe
34660,Q23710591,Giovanni Tarcagnota,re_italy,Italy,1490.0,historian,europe,re_europe
34662,Q5822,Piero della Francesca,re_italy,Italy,1416.0,mathematician,europe,re_europe
34664,Q63115893,Filippo de' Nerli,re_italy,Italy,1486.0,historian,europe,re_europe
34665,Q3766546,Monsignor Giovanni Battista Agucchi,re_italy,Italy,1570.0,astronomer,europe,re_europe
34666,Q960152,Fernán Pérez de Guzmán,re_spain,Spain,1376.0,historian,europe,re_europe
34669,Q41566852,Giovanni Maria Bonardo,re_italy,Italy,1600.0,botanist,europe,re_europe
34670,Q55225218,Bartolomeo Baffi,re_italy,Italy,1544.0,theologian,europe,re_europe
34676,Q10306764,Jerónimo de Mendonça,re_portugal,Portugal,1548.0,historian,europe,re_europe
34679,Q2541804,Giovanni Filippo Ingrassia,re_italy,Italy,1510.0,anatomist,europe,re_europe
34687,Q11921825,Fernando Yáñez de Figueroa,re_spain,Spain,1301.0,philosopher,europe,re_europe
34688,Q494292,Giovanni Bassano,re_italy,Italy,1558.0,musicologist,europe,re_europe
34689,Q1337870,Matthaeus Silvaticus,re_italy,Italy,1280.0,botanist,europe,re_europe
34695,Q1088345,Fortunio Liceti,re_italy,Italy,1577.0,philosopher,europe,re_europe
34702,Q3083864,Francesco Agostino della Chiesa,re_italy,Italy,1593.0,historian,europe,re_europe
34707,Q1317800,Francesco Vettori,re_italy,Italy,1474.0,historian,europe,re_europe
34710,Q2893918,Sebastián de Horozco,re_spain,Spain,1510.0,historian,europe,re_europe
34711,Q18945798,Stefano Ghebelino,re_italy,Italy,1501.0,mathematician,europe,re_europe
34717,Q2632421,Bartolomé Ramos de Pareja,re_italy,Italy,1440.0,musicologist | mathematician,europe,re_europe
34720,Q44838,Martin Behaim,re_portugal,Portugal,1459.0,geographer | astronomer | philosopher,europe,re_europe
34721,Q201543,Niccolò Tartaglia,re_italy,Italy,1499.0,mathematician,europe,re_europe
34723,Q2857377,Antonio Neri,re_italy,Italy,1576.0,chemist,europe,re_europe
34727,Q15839162,Federico Delfino,re_italy,Italy,1477.0,astronomer | philosopher | mathematician,europe,re_europe
34728,Q4734477,Alonso Hernández del Portillo,re_spain,Spain,1543.0,historian,europe,re_europe
34731,Q94818617,Luigi Sanseverino,re_italy,Italy,1588.0,philosopher,europe,re_europe
34734,Q3107295,Giovanni Paolo Gallucci,re_italy,Italy,1538.0,astronomer,europe,re_europe
34736,Q3264973,Luca Danesi,re_italy,Italy,1598.0,mathematician,europe,re_europe
34744,Q24265451,Agostino Ferentilli,re_italy,Italy,1550.0,historian,europe,re_europe
34754,Q713206,Vannoccio Biringuccio,re_italy,Italy,1480.0,physicist,europe,re_europe
34756,Q54888446,Bartolomeo Cerretani,re_italy,Italy,1475.0,historian,europe,re_europe
34762,Q1406896,Hernando del Pulgar,re_spain,Spain,1436.0,historian,europe,re_europe
34766,Q215308,Giulio Caccini,re_italy,Italy,1551.0,musicologist,europe,re_europe
34770,Q2263863,Benedetto Accolti the Elder,re_italy,Italy,1415.0,historian,europe,re_europe
34774,Q1067,Dante Alighieri,re_italy,Italy,1265.0,philosopher,europe,re_europe
34775,Q4755191,Andrea Mocenigo,re_italy,Italy,1473.0,historian,europe,re_europe
34777,Q1798471,"Pedro Afonso, conde de Barcelos",re_portugal,Portugal,1288.0,historian,europe,re_europe
34784,Q21207847,Giason Denores,re_italy,Italy,1530.0,philosopher,europe,re_europe
34790,Q706495,Luis de Milán,re_spain,Spain,1500.0,musicologist,europe,re_europe
34797,Q57078447,Stefano Vanneo,re_italy,Italy,1493.0,musicologist,europe,re_europe
34798,Q4013409,Vincenzo Mirabella,re_italy,Italy,1570.0,archeologist | historian,europe,re_europe
34804,Q3071913,Filippo Pigafetta,re_italy,Italy,1533.0,geographer | mathematician,europe,re_europe
34806,Q126369,Julius Caesar Aranzi,re_italy,Italy,1530.0,anatomist,europe,re_europe
34808,Q10324493,Manuel Severim de Faria,re_portugal,Portugal,1584.0,archeologist | historian,europe,re_europe
34809,Q3953726,Sebastiano Andreantonelli,re_italy,Italy,1594.0,historian,europe,re_europe
34814,Q3327093,Moses of Bergamo,re_italy,Italy,1150.0,linguist,europe,re_europe
34818,Q56006674,Fabio Ambrogio Spinola,re_italy,Italy,1593.0,philosopher,europe,re_europe
34822,Q3417362,Raffaello Maffei,re_italy,Italy,1451.0,historian,europe,re_europe
34824,Q62008124,Simon de Biondo,re_italy,Italy,1350.0,theologian,europe,re_europe
34832,Q18945289,Francesco Galigai,re_italy,Italy,1498.0,mathematician,europe,re_europe
34835,Q279669,Ioannis Kottounios,re_italy,Italy,1577.0,theologian,europe,re_europe
34840,Q745208,Everard Mercurian,re_italy,Italy,1514.0,theologian,europe,re_europe
34855,Q705094,Mutio Vitelleschi,re_italy,Italy,1563.0,theologian,europe,re_europe
34869,Q29118532,Giuseppe Laurenzi,re_italy,Italy,1583.0,historian,europe,re_europe
34871,Q21496169,Agustín de Horozco,re_spain,Spain,1550.0,historian,europe,re_europe
34873,Q5700294,Antonio Salamanca,re_italy,Italy,1478.0,geographer,europe,re_europe
34874,Q809505,Bartolomeo Maranta,re_italy,Italy,1500.0,botanist,europe,re_europe
34875,Q3769409,Giuliano Periccioli,re_italy,Italy,1600.0,geographer,europe,re_europe
34876,Q1102576,Francesco Angeloni,re_italy,Italy,1587.0,historian,europe,re_europe
34877,Q18224885,Giovanni Maria Zappi,re_italy,Italy,1519.0,historian,europe,re_europe
34878,Q5875876,Gaspar Grajal,re_spain,Spain,1530.0,linguist,europe,re_europe
34883,Q4013155,Vincenzo Casciarolo,re_italy,Italy,1571.0,chemist,europe,re_europe
34885,Q2580420,William Roy,re_portugal,Portugal,1500.0,theologian,europe,re_europe
34887,Q8559867,Diego Pérez de Valdivia,re_spain,Spain,1510.0,theologian,europe,re_europe
34890,Q88488273,Guglielmo Maramauro,re_italy,Italy,1317.0,theologian,europe,re_europe
34893,Q23871953,Alfonso Villagut,re_italy,Italy,1566.0,theologian,europe,re_europe
34897,Q3776495,Gregorio Carbonelli,re_italy,Italy,1561.0,theologian,europe,re_europe
34902,Q1248865,Leontios Pilatus,re_italy,Italy,1310.0,philosopher,europe,re_europe
34904,Q19985001,Giovanni Nesi,re_italy,Italy,1456.0,philosopher,europe,re_europe
34905,Q26262807,Tommaso Elisio,re_italy,Italy,1487.0,theologian,europe,re_europe
34908,Q3768904,Girolamo Busale,re_italy,Italy,1520.0,theologian,europe,re_europe
34911,Q21656911,Francesco Sacchini,re_italy,Italy,1570.0,theologian | historian,europe,re_europe
34916,Q87011801,Juan Martínez Serrano,re_spain,Spain,1578.0,theologian,europe,re_europe
34919,Q3659052,Carlo Belleo,re_italy,Italy,1540.0,philosopher,europe,re_europe
34922,Q108250582,Agostino De Cupiti,re_italy,Italy,1550.0,theologian,europe,re_europe
34928,Q3768915,Girolamo Dandini,re_italy,Italy,1552.0,theologian,europe,re_europe
34931,Q631673,Pietro Carrera,re_italy,Italy,1573.0,historian,europe,re_europe
34934,Q60832163,Franciszek Sunyer,re_spain,Spain,1532.0,philosopher,europe,re_europe
34938,Q363165,Clemente d'Olera,re_italy,Italy,1501.0,philosopher,europe,re_europe
34945,Q3547627,Oberto Foglietta,re_italy,Italy,1518.0,historian,europe,re_europe
34949,Q55225927,Timoteo Bottoni,re_italy,Italy,1531.0,theologian,europe,re_europe
34950,Q3766063,Giovan Battista Crispo,re_italy,Italy,1550.0,philosopher | historian,europe,re_europe
34952,Q611129,António Maldonado,re_portugal,Portugal,1600.0,mathematician,europe,re_europe
34957,Q106833324,Pietro d'Afeltro,re_italy,Italy,1463.0,philosopher,europe,re_europe
34960,Q1243452,Burgundio of Pisa,re_italy,Italy,1110.0,philosopher,europe,re_europe
34961,Q3304995,Melchiorre Zoppio,re_italy,Italy,1544.0,philosopher,europe,re_europe
34966,Q3903068,Pierleone Leoni,re_italy,Italy,1445.0,philosopher,europe,re_europe
34967,Q21207266,Francesco Barbarano de' Mironi,re_italy,Italy,1596.0,historian,europe,re_europe
34969,Q3876500,Nicoletto Vernia,re_italy,Italy,1420.0,philosopher,europe,re_europe
34970,Q3713173,Domenico Panaroli,re_italy,Italy,1587.0,botanist,europe,re_europe
34975,Q1710486,Juan Gil de Zámora,re_spain,Spain,1241.0,musicologist | zoologist,europe,re_europe
34978,Q739679,Giovanni Battista Zupi,re_italy,Italy,1589.0,astronomer | mathematician,europe,re_europe
34983,Q380092,"Francis Borgia, 4th Duke of Gandía",re_italy,Italy,1510.0,theologian,europe,re_europe
34985,Q5865933,Francisco Gutiérrez de Cuéllar,re_spain,Spain,1518.0,economist,europe,re_europe
34986,Q3894287,Paolo Morigia,re_italy,Italy,1525.0,historian,europe,re_europe
34988,Q42572804,Tommaso Carafa,re_italy,Italy,1586.0,theologian,europe,re_europe
34998,Q94989588,Giovanni Girolamo Bronziero,re_italy,Italy,1577.0,historian,europe,re_europe
35008,Q3107116,Giovanni Camillo Glorioso,re_italy,Italy,1572.0,astronomer | mathematician,europe,re_europe
35012,Q63164201,Bartolomé Llorente y García,re_spain,Spain,1540.0,historian,europe,re_europe
35014,Q2977518,Claude Guillermet de Bérigard,re_italy,Italy,1578.0,philosopher,europe,re_europe
35015,Q54858045,Cosimo Filiarchi,re_italy,Italy,1520.0,theologian,europe,re_europe
35016,Q48861610,Pietro Leoni,re_italy,Italy,1452.0,philosopher,europe,re_europe
35018,Q17279924,Iacopo Bussolari,re_italy,Italy,1312.0,philosopher,europe,re_europe
35019,Q64823410,Innocenzo a Prato,re_italy,Italy,1550.0,historian,europe,re_europe
35025,Q3876586,Nicolò Stizzìa,re_italy,Italy,1542.0,theologian,europe,re_europe
35026,Q3749759,Francesco Cattani da Diacceto,re_italy,Italy,1446.0,philosopher,europe,re_europe
35027,Q1102344,Giovan Vettorio Soderini,re_italy,Italy,1526.0,botanist,europe,re_europe
35035,Q1261459,Ubald,re_italy,Italy,1084.0,philosopher,europe,re_europe
35042,Q2255249,James Crichton,re_italy,Italy,1560.0,linguist | mathematician,europe,re_europe
35049,Q146993,Zanobi Acciaioli,re_italy,Italy,1461.0,linguist,europe,re_europe
35054,Q1703298,Mordecai Finzi,re_italy,Italy,1440.0,astronomer | mathematician,europe,re_europe
35066,Q555476,José de Acosta,re_spain,Spain,1540.0,historian | anthropologist,europe,re_europe
35067,Q19290949,Francisco Tovar,re_spain,Spain,1500.0,musicologist,europe,re_europe
35068,Q1433261,Jacopo Bonfadio,re_italy,Italy,1508.0,historian,europe,re_europe
35069,Q21543254,Alessandro Sardi,re_italy,Italy,1520.0,philosopher | historian,europe,re_europe
35071,Q102179363,Pietro Della Porta,re_italy,Italy,1530.0,philosopher,europe,re_europe
35073,Q1891449,Manuel Bocarro Francês,re_italy,Italy,1588.0,astronomer,europe,re_europe
35074,Q52154012,Girolamo Gattico,re_italy,Italy,1574.0,theologian,europe,re_europe
35082,Q659093,Benedetto Dei,re_italy,Italy,1418.0,historian,europe,re_europe
35086,Q2265181,Philippus de Caserta,re_italy,Italy,1350.0,musicologist,europe,re_europe
35088,Q367016,Realdo Colombo,re_italy,Italy,1516.0,anatomist,europe,re_europe
35093,Q4403328,Manuel de Sá,re_italy,Italy,1530.0,theologian | philosopher,europe,re_europe
35096,Q436077,Luis de Molina,re_spain,Spain,1535.0,theologian | philosopher | economist,europe,re_europe
35097,Q1236187,Gasparinus de Bergamo,re_italy,Italy,1360.0,linguist,europe,re_europe
35105,Q822913,Bernardino Maffei,re_italy,Italy,1514.0,historian,europe,re_europe
35112,Q11940054,Paul Giustiniani,re_italy,Italy,1476.0,theologian,europe,re_europe
35113,Q53068,Claudio Monteverdi,re_italy,Italy,1567.0,musicologist,europe,re_europe
35114,Q1229872,Matteo Palmieri,re_italy,Italy,1406.0,historian,europe,re_europe
35116,Q744091,Charles Malapert,re_spain,Spain,1581.0,astronomer | mathematician,europe,re_europe
35120,Q931898,William of Auxerre,re_italy,Italy,1145.0,theologian | philosopher,europe,re_europe
35122,Q106463333,Gasparo Sardi,re_italy,Italy,1480.0,philosopher | historian,europe,re_europe
35137,Q708493,Marcus Antonius Coccius Sabellicus,re_italy,Italy,1436.0,historian,europe,re_europe
35138,Q59630610,Fernando Alvares Seco,re_portugal,Portugal,1550.0,geographer,europe,re_europe
35139,Q55226816,Cristoforo da Padova,re_italy,Italy,1500.0,theologian,europe,re_europe
35146,Q3659035,Carlo Baldini,re_italy,Italy,1501.0,theologian,europe,re_europe
35149,Q98386619,Luis de Lemos,re_portugal,Portugal,1530.0,philosopher,europe,re_europe
35157,Q24335639,Lattanzio Domanino,re_italy,Italy,1540.0,theologian,europe,re_europe
35160,Q1442226,Turrianus,re_italy,Italy,1509.0,theologian,europe,re_europe
35161,Q720129,Dunash ben Labrat,re_spain,Spain,920.0,linguist,europe,re_europe
35169,Q2113216,Prosdocimus de Beldemandis,re_italy,Italy,1375.0,musicologist | astronomer | mathematician,europe,re_europe
35172,Q55964768,Pietro Antonio Michiel,re_italy,Italy,1510.0,botanist,europe,re_europe
35176,Q21209139,Francesco de Vieri,re_italy,Italy,1524.0,philosopher,europe,re_europe
35179,Q5479222,Francesco Bocchi,re_italy,Italy,1548.0,historian,europe,re_europe
35182,Q3805875,Giacomo Filippo Foresti,re_italy,Italy,1434.0,theologian,europe,re_europe
35184,Q65965760,Jerónimo Dias Leite,re_portugal,Portugal,1540.0,historian,europe,re_europe
35190,Q6185660,Jerónimo Osório,re_portugal,Portugal,1506.0,theologian | historian,europe,re_europe
35194,Q2875927,Martín de Vargas,re_spain,Spain,1401.0,theologian,europe,re_europe
35197,Q508702,Filippo Villani,re_italy,Italy,1325.0,historian,europe,re_europe
35202,Q29556210,Marc'Antonio Pagani,re_italy,Italy,1515.0,philosopher,europe,re_europe
35203,Q9024887,Luis Alfonso de Carvallo,re_spain,Spain,1571.0,historian,europe,re_europe
35210,Q3410332,Bartholomew of Lucca,re_italy,Italy,1240.0,theologian | historian,europe,re_europe
35211,Q1385583,Jorge Reinel,re_portugal,Portugal,1502.0,geographer,europe,re_europe
35212,Q95309046,Francesco de Padoanis,re_italy,Italy,1541.0,philosopher,europe,re_europe
35223,Q56377592,Damián Fonseca,re_portugal,Portugal,1573.0,historian,europe,re_europe
35225,Q4006391,Urbano Bolzanio,re_italy,Italy,1442.0,geologist,europe,re_europe
35226,Q214115,Lorenzo Valla,re_italy,Italy,1407.0,philosopher,europe,re_europe
35234,Q87480266,Francesco Albertini,re_italy,Italy,1552.0,theologian | philosopher,europe,re_europe
35242,Q112110768,Antonio Maria Garofani,re_italy,Italy,1550.0,historian,europe,re_europe
35243,Q3805962,Jacopo da Forlì,re_italy,Italy,1364.0,philosopher,europe,re_europe
35246,Q23618179,Francisco de Navarra y Hualde,re_spain,Spain,1498.0,archeologist | historian,europe,re_europe
35248,Q3659919,Carlo Turco,re_italy,Italy,1548.0,philosopher,europe,re_europe
35253,Q6301222,Juan de Celaya,re_spain,Spain,1490.0,philosopher | physicist | mathematician,europe,re_europe
35255,Q2839276,Alonso de Zurita,re_spain,Spain,1512.0,historian,europe,re_europe
35256,Q21297349,Philips van Winghe,re_italy,Italy,1560.0,archeologist,europe,re_europe
35266,Q809544,Bartolomé de Medina,re_spain,Spain,1527.0,theologian | economist,europe,re_europe
35267,Q3761607,Gherardo Cibo,re_italy,Italy,1512.0,botanist,europe,re_europe
35270,Q1767444,Lorenzo Franciosini,re_italy,Italy,1600.0,linguist,europe,re_europe
35271,Q346467,Leonardo Botallo,re_italy,Italy,1519.0,anatomist,europe,re_europe
35275,Q6119861,Sancho de Muñón,re_spain,Spain,1501.0,theologian,europe,re_europe
35280,Q4693608,Agostinho Barbosa,re_italy,Italy,1589.0,theologian,europe,re_europe
35282,Q60048014,Janez Štefan Verbec,re_italy,Italy,1600.0,theologian,europe,re_europe
35283,Q17303632,Michele Zappulli,re_italy,Italy,1548.0,historian,europe,re_europe
35285,Q3992755,Tommaso Del Bene,re_italy,Italy,1592.0,theologian | philosopher,europe,re_europe
35290,Q50676191,Juan Ángel de Sumaran,re_spain,Spain,1501.0,linguist,europe,re_europe
35293,Q41569135,Quirico De Augustis,re_italy,Italy,1401.0,botanist,europe,re_europe
35299,Q6440093,Gonzalo Correas,re_spain,Spain,1571.0,linguist,europe,re_europe
35300,Q528415,Hasdai Crescas,re_spain,Spain,1340.0,theologian | philosopher,europe,re_europe
35302,Q105015363,Girolamo Bagolino,re_italy,Italy,1450.0,philosopher,europe,re_europe
35303,Q328150,John of Ravenna,re_italy,Italy,1343.0,philosopher | historian,europe,re_europe
35314,Q22662597,Pietro Antonio Spinelli,re_italy,Italy,1555.0,theologian | philosopher,europe,re_europe
35320,Q2403628,Mariangelo Accorso,re_italy,Italy,1489.0,archeologist,europe,re_europe
35321,Q11328166,Baldassarre Capra,re_italy,Italy,1580.0,astronomer | mathematician,europe,re_europe
35322,Q6770515,Mark of Lisbon,re_portugal,Portugal,1511.0,historian,europe,re_europe
35323,Q170871,Innocent V,re_italy,Italy,1225.0,theologian | philosopher,europe,re_europe
35324,Q16525098,Alessandro Cortese,re_italy,Italy,1460.0,historian,europe,re_europe
35330,Q6070246,Pere Tomás,re_spain,Spain,1280.0,philosopher,europe,re_europe
35337,Q23855649,Pietro Ridolfi,re_italy,Italy,1536.0,historian,europe,re_europe
35344,Q367240,Gerard of Cremona,re_spain,Spain,1114.0,astronomer | linguist,europe,re_europe
35347,Q93077088,Pietro Emmanuele,re_italy,Italy,1600.0,mathematician,europe,re_europe
35350,Q43774856,Scipione Agnelli,re_italy,Italy,1586.0,theologian | historian,europe,re_europe
35351,Q3708465,Diogo de Payva de Andrada,re_portugal,Portugal,1528.0,theologian,europe,re_europe
35353,Q1996629,Petrus Martinez de Osma,re_spain,Spain,1427.0,theologian | philosopher,europe,re_europe
35364,Q107094712,Lorenzo Antico,re_italy,Italy,1550.0,theologian,europe,re_europe
35365,Q3810738,Frei João Álvares,re_portugal,Portugal,1400.0,historian,europe,re_europe
35368,Q59528959,Mattia Palmieri,re_italy,Italy,1423.0,historian,europe,re_europe
35369,Q16569344,Francisco de Mendieta y Retes,re_spain,Spain,1556.0,historian,europe,re_europe
35386,Q3065693,Lucas de Tuy,re_spain,Spain,1200.0,historian,europe,re_europe
35387,Q1459953,Vincenzo Borghini,re_italy,Italy,1515.0,historian,europe,re_europe
35390,Q17166928,Laurentius Pignorius,re_italy,Italy,1571.0,historian,europe,re_europe
35391,Q6055901,Pablo Cibramonte,re_spain,Spain,1600.0,theologian | mathematician,europe,re_europe
35392,Q670782,Jacopo Berengario da Carpi,re_italy,Italy,1460.0,anatomist,europe,re_europe
35393,Q361108,Sanctorius,re_italy,Italy,1561.0,anatomist,europe,re_europe
35399,Q1401,Petrarch,re_italy,Italy,1304.0,philosopher,europe,re_europe
35400,Q464230,Marinus Barletius,re_italy,Italy,1450.0,historian,europe,re_europe
35409,Q18507547,Antonio Ciccarelli,re_italy,Italy,1600.0,theologian,europe,re_europe
35410,Q21544626,Francesco Bernardino Ferrari,re_italy,Italy,1577.0,historian,europe,re_europe
35412,Q29018310,Bernardo Vargas Machuca,re_spain,Spain,1557.0,botanist,europe,re_europe
35413,Q3839144,Ludovico Settala,re_italy,Italy,1552.0,philosopher,europe,re_europe
35414,Q17002216,Anselm of Besate,re_italy,Italy,1050.0,philosopher,europe,re_europe
35423,Q948226,Ignazio Danti,re_italy,Italy,1536.0,geographer | astronomer | philosopher | mathematician,europe,re_europe
35424,Q1898676,Mario Bettinus,re_italy,Italy,1582.0,philosopher | musicologist | astronomer | mathematician,europe,re_europe
35428,Q5482931,Francis of Marchia,re_italy,Italy,1290.0,philosopher,europe,re_europe
35430,Q98034099,Francisco Caro de Torres,re_spain,Spain,1600.0,historian,europe,re_europe
35435,Q15694793,Girolamo Rossi,re_italy,Italy,1539.0,historian,europe,re_europe
35439,Q23823709,Giacomo Marzari,re_italy,Italy,1500.0,historian,europe,re_europe
35449,Q1094178,Luca Valerio,re_italy,Italy,1553.0,mathematician,europe,re_europe
35460,Q193660,Ramon Llull,re_spain,Spain,1232.0,theologian | philosopher,europe,re_europe
35463,Q3667239,Cherubino Ghirardacci,re_italy,Italy,1519.0,historian,europe,re_europe
35466,Q3898009,Giovanni Francesco Fara,re_italy,Italy,1543.0,historian,europe,re_europe
35471,Q30087608,Enrico Palladio degli Olivi,re_italy,Italy,1580.0,historian,europe,re_europe
35472,Q11695609,Nicolao Landuchio,re_italy,Italy,1550.0,linguist,europe,re_europe
35476,Q426862,Guido Bonatti,re_italy,Italy,1223.0,astronomer,europe,re_europe
35480,Q20056547,Muzio Febonio,re_italy,Italy,1597.0,historian,europe,re_europe
35484,Q1772311,Fortanerius Vassalli,re_italy,Italy,1295.0,theologian,europe,re_europe
35488,Q205031,Castore Durante,re_italy,Italy,1529.0,botanist,europe,re_europe
35490,Q18418005,Francesco da Nardò,re_italy,Italy,1410.0,theologian,europe,re_europe
35496,Q313765,Vincenzo Galilei,re_italy,Italy,1520.0,musicologist,europe,re_europe
35501,Q18945688,Nicolò da Bracciano Nicolai,re_italy,Italy,1451.0,theologian,europe,re_europe
35513,Q24737420,Agostino Bucci,re_italy,Italy,1531.0,philosopher,europe,re_europe
35521,Q15838996,Giovanni Battista Personeni,re_italy,Italy,1575.0,theologian,europe,re_europe
35526,Q88878452,Tommaso Benci,re_italy,Italy,1427.0,philosopher,europe,re_europe
35528,Q2852497,Anselmo Marzato,re_italy,Italy,1543.0,theologian,europe,re_europe
35536,Q3190791,Jérôme Abarca-Bolea-y-Portugal,re_spain,Spain,1500.0,historian,europe,re_europe
35546,Q19278320,Diomede Borghesi,re_italy,Italy,1539.0,linguist,europe,re_europe
35552,Q110162230,Domenico Marin,re_italy,Italy,1565.0,theologian,europe,re_europe
35556,Q44601,Francesco Guicciardini,re_italy,Italy,1483.0,philosopher | historian,europe,re_europe
35557,Q703704,João de Barros,re_portugal,Portugal,1496.0,linguist | historian,europe,re_europe
35558,Q174880,Teresa of Ávila,re_spain,Spain,1515.0,philosopher,europe,re_europe
35565,Q21208943,Bassano Politi,re_italy,Italy,1500.0,mathematician,europe,re_europe
35571,Q19288976,Joan Plaça,re_spain,Spain,1525.0,botanist,europe,re_europe
35572,Q725712,Leo Allatius,re_italy,Italy,1586.0,theologian | historian,europe,re_europe
35577,Q964903,Alberic of Monte Cassino,re_italy,Italy,1030.0,philosopher,europe,re_europe
35591,Q16524841,Alberto Gliričić,re_italy,Italy,1510.0,theologian,europe,re_europe
35592,Q2623376,Alfonso de Cartagena,re_spain,Spain,1384.0,historian,europe,re_europe
35597,Q1388187,Juanelo Turriano,re_spain,Spain,1500.0,mathematician,europe,re_europe
35605,Q26896768,Hugolinus de Urbe Vetere,re_italy,Italy,1350.0,theologian,europe,re_europe
35609,Q15485613,Francisco Macedo,re_italy,Italy,1596.0,theologian,europe,re_europe
35612,Q352573,Marius Nizolius,re_italy,Italy,1488.0,linguist | philosopher,europe,re_europe
35615,Q97446092,Matteo Pellegrini,re_italy,Italy,1595.0,art theorist,europe,re_europe
35616,Q720046,Pedro Juan de Lastanosa,re_spain,Spain,1501.0,mathematician,europe,re_europe
35617,Q2251638,Cavalcante de' Cavalcanti,re_italy,Italy,1220.0,philosopher,europe,re_europe
35618,Q5953290,Juan de Mal Lara,re_spain,Spain,1524.0,philosopher,europe,re_europe
35619,Q55226085,Bellisario Bulgarini,re_italy,Italy,1539.0,linguist,europe,re_europe
35622,Q1344586,Lodovico Zacconi,re_italy,Italy,1555.0,musicologist,europe,re_europe
35624,Q19985300,Cristoforo Marcello,re_italy,Italy,1480.0,theologian,europe,re_europe
35625,Q50364964,Andrea Nicolio,re_italy,Italy,1536.0,historian,europe,re_europe
35627,Q1369930,Juan Martínez Silíceo,re_spain,Spain,1486.0,philosopher | mathematician,europe,re_europe
35629,Q6752986,Manuel de Mesquita Perestrelo,re_portugal,Portugal,1510.0,geographer,europe,re_europe
35635,Q978316,Lorenzo Scupoli,re_italy,Italy,1530.0,philosopher,europe,re_europe
35636,Q7818341,Tomas de Lemos,re_italy,Italy,1555.0,theologian,europe,re_europe
35637,Q64760900,Jaime Perez de Valencia,re_spain,Spain,1408.0,theologian,europe,re_europe
35638,Q315804,Olaus Magnus,re_italy,Italy,1490.0,geographer | historian | anthropologist,europe,re_europe
35639,Q20534949,Vasco da Ponte,re_spain,Spain,1470.0,historian,europe,re_europe
35644,Q18945586,Lanfranco Mignoti,re_italy,Italy,1551.0,mathematician,europe,re_europe
35645,Q40992350,Paolo Lembo,re_italy,Italy,1570.0,astronomer,europe,re_europe
35646,Q1485139,Goswin von Marienberg,re_italy,Italy,1320.0,historian,europe,re_europe
35648,Q2898906,Bernardino Scardeone,re_italy,Italy,1478.0,historian,europe,re_europe
35659,Q11927690,Joan Desgarrigues,re_spain,Spain,1400.0,philosopher,europe,re_europe
35660,Q3099938,Gaëtan de Tiène,re_italy,Italy,1387.0,philosopher | physicist,europe,re_europe
35663,Q2871655,Augustinus Triumphus,re_italy,Italy,1243.0,theologian,europe,re_europe
35666,Q3073493,Flavius Mithridates,re_italy,Italy,1445.0,linguist,europe,re_europe
35672,Q2890368,Andrés Pacheco de Cárdenas,re_spain,Spain,1550.0,theologian,europe,re_europe
35677,Q3561345,Vittore Trincavelli,re_italy,Italy,1496.0,philosopher,europe,re_europe
35678,Q3929067,Raffaele Della Torre,re_italy,Italy,1579.0,historian,europe,re_europe
35679,Q10290629,Gonçalo de Lagos,re_portugal,Portugal,1360.0,philosopher,europe,re_europe
35680,Q24351937,Mateus de Aranda,re_portugal,Portugal,1495.0,musicologist,europe,re_europe
35687,Q2032229,Joan Calvet d'Estrella,re_spain,Spain,1520.0,historian,europe,re_europe
35691,Q458842,Ambrose Traversari,re_italy,Italy,1386.0,theologian,europe,re_europe
35693,Q1867806,Lodovico Dolce,re_italy,Italy,1508.0,linguist,europe,re_europe
35694,Q93113,Coluccio Salutati,re_italy,Italy,1331.0,philosopher,europe,re_europe
35696,Q108289874,Luis de Rebolledo,re_spain,Spain,1549.0,historian,europe,re_europe
35700,Q19290948,Francesc Torner,re_spain,Spain,1500.0,linguist,europe,re_europe
35701,Q129402,Antonio Escobar y Mendoza,re_spain,Spain,1589.0,theologian,europe,re_europe
35702,Q41559766,Bernardo Basin,re_spain,Spain,1445.0,theologian,europe,re_europe
35703,Q2260345,Scipione Cerreto,re_italy,Italy,1551.0,musicologist,europe,re_europe
35707,Q63861217,Felipe Diez,re_spain,Spain,1550.0,theologian,europe,re_europe
35709,Q1371903,Yonah Gerondi,re_spain,Spain,1210.0,philosopher,europe,re_europe
35710,Q18530664,Pietro Bizzarri,re_italy,Italy,1525.0,historian,europe,re_europe
35711,Q7193022,Pietro Pontio,re_italy,Italy,1535.0,musicologist,europe,re_europe
35716,Q101438918,Piero Parenti,re_italy,Italy,1450.0,historian,europe,re_europe
35719,Q526613,Giovanni Fontana,re_italy,Italy,1395.0,physicist,europe,re_europe
35724,Q85429883,Nicolao Godinho,re_italy,Italy,1559.0,theologian,europe,re_europe
35726,Q468193,Jan of Jenštejn,re_italy,Italy,1351.0,philosopher,europe,re_europe
35727,Q2919965,Alonso Fernández de Madrid,re_spain,Spain,1474.0,historian,europe,re_europe
35728,Q2280386,Sicard of Cremona,re_italy,Italy,1155.0,historian,europe,re_europe
35731,Q1365254,Hugh of Saint-Cher,re_italy,Italy,1200.0,theologian,europe,re_europe
35735,Q1125443,George of Gallipoli,re_italy,Italy,1201.0,historian,europe,re_europe
35741,Q560868,Campanus of Novara,re_italy,Italy,1220.0,astronomer | mathematician,europe,re_europe
35754,Q1229711,Hippolito Salviani,re_italy,Italy,1514.0,zoologist,europe,re_europe
35758,Q16268626,Antonio Pelacani,re_italy,Italy,1275.0,philosopher,europe,re_europe
35763,Q7029868,Nicolas d'Orbellis,re_italy,Italy,1500.0,theologian | philosopher,europe,re_europe
35767,Q3651581,Camillo Tutini,re_italy,Italy,1594.0,historian,europe,re_europe
35772,Q9052500,Onofre Pelechá,re_spain,Spain,1501.0,astronomer,europe,re_europe
35778,Q18945439,Giovanni Francesco Fiammelli,re_italy,Italy,1565.0,mathematician,europe,re_europe
35785,Q24262669,Girolamo Donati,re_italy,Italy,1454.0,theologian,europe,re_europe
35788,Q307,Galileo Galilei,re_italy,Italy,1564.0,astronomer | philosopher | physicist | mathematician,europe,re_europe
35790,Q18811910,Francesco Angelo de Vico,re_spain,Spain,1580.0,historian,europe,re_europe
35794,Q22789845,Girolamo Ghilini,re_italy,Italy,1589.0,historian,europe,re_europe
35796,Q105084410,Decio Celeri,re_italy,Italy,1550.0,historian,europe,re_europe
35807,Q98690347,Girolamo Briani,re_italy,Italy,1581.0,historian,europe,re_europe
35810,Q3620412,Antonius Andreas,re_spain,Spain,1280.0,theologian | philosopher,europe,re_europe
35816,Q5557891,Giacomo Grimaldi,re_italy,Italy,1568.0,historian,europe,re_europe
35817,Q722525,Asher ben Jehiel,re_spain,Spain,1250.0,theologian | philosopher,europe,re_europe
35826,Q6164807,Jaume Safont,re_spain,Spain,1420.0,historian,europe,re_europe
35840,Q76365,Regiomontanus,re_italy,Italy,1436.0,astronomer | mathematician,europe,re_europe
35841,Q1527055,Girolamo Muzio,re_italy,Italy,1496.0,linguist,europe,re_europe
35844,Q62004518,Egidio Foscarari,re_italy,Italy,1512.0,theologian,europe,re_europe
35846,Q7910793,Valentin Naboth,re_italy,Italy,1523.0,astronomer | mathematician,europe,re_europe
35848,Q1236821,Ermolao Barbaro,re_italy,Italy,1453.0,philosopher | linguist | zoologist,europe,re_europe
35850,Q2918778,Shams al-Din al-Ansari al-Dimashqi,re_spain,Spain,1256.0,geographer | historian,europe,re_europe
35854,Q11940951,Pere Daguí,re_spain,Spain,1435.0,philosopher,europe,re_europe
35855,Q3713060,Domenico Giovanni Candela,re_italy,Italy,1541.0,theologian,europe,re_europe
35861,Q581671,Annibale Annibaldi,re_italy,Italy,1220.0,theologian,europe,re_europe
35862,Q1236037,Girolamo Benzoni,re_spain,Spain,1519.0,historian,europe,re_europe
35864,Q106612617,Gregorio Alasia,re_italy,Italy,1578.0,historian,europe,re_europe
35865,Q23639057,Johannes Gallicus,re_italy,Italy,1415.0,musicologist,europe,re_europe
35867,Q544176,Carolus Sigonius,re_italy,Italy,1520.0,historian,europe,re_europe
35877,Q3133983,Theotonius,re_portugal,Portugal,1082.0,philosopher,europe,re_europe
35879,Q444628,Tullia d'Aragona,re_italy,Italy,1510.0,philosopher,europe,re_europe
35880,Q24953770,Giovanni Rafanelli,re_italy,Italy,1443.0,theologian,europe,re_europe
35885,Q511649,Fray Martín de Murúa,re_spain,Spain,1525.0,historian,europe,re_europe
35888,Q3945940,Salvatore Alepus,re_italy,Italy,1503.0,theologian,europe,re_europe
35896,Q93121627,Grazia Castellani,re_italy,Italy,1350.0,theologian | philosopher | mathematician,europe,re_europe
35908,Q3104282,Gerolamo Sersale,re_italy,Italy,1584.0,astronomer,europe,re_europe
35910,Q979294,Fabio Calvo,re_italy,Italy,1450.0,mathematician,europe,re_europe
35913,Q749487,Erchempert,re_italy,Italy,900.0,historian,europe,re_europe
35915,Q279030,Gómez Pereira,re_spain,Spain,1500.0,philosopher,europe,re_europe
35919,Q2416452,Giovanni Battista Adriani,re_italy,Italy,1513.0,historian,europe,re_europe
35920,Q106084125,Alessandro Altan,re_italy,Italy,1533.0,geographer,europe,re_europe
35929,Q527567,Pedro Jaime Esteve,re_spain,Spain,1500.0,botanist,europe,re_europe
35933,Q1140569,Orazio Grassi,re_italy,Italy,1583.0,astronomer | mathematician,europe,re_europe
35934,Q334154,Giambattista della Porta,re_italy,Italy,1535.0,philosopher | physicist | astronomer | mathematician | chemist,europe,re_europe
35935,Q3374076,Pedro Manrique,re_spain,Spain,1553.0,philosopher,europe,re_europe
35938,Q1383390,Franco of Cologne,re_spain,Spain,1300.0,musicologist,europe,re_europe
35939,Q3499309,Torquato Accetto,re_italy,Italy,1598.0,philosopher,europe,re_europe
35944,Q16496382,Baltasar Teles,re_portugal,Portugal,1596.0,philosopher | historian,europe,re_europe
35945,Q7357434,Rodrigo Zamorano,re_spain,Spain,1542.0,geographer | mathematician,europe,re_europe
35952,Q3086917,Vicente Lusitano,re_portugal,Portugal,1520.0,musicologist,europe,re_europe
35959,Q97066392,Scipione Sgambati,re_italy,Italy,1595.0,philosopher,europe,re_europe
35962,Q3940255,Rolandino of Padua,re_italy,Italy,1200.0,historian,europe,re_europe
35972,Q5698078,Antonio Coronel,re_spain,Spain,1500.0,philosopher,europe,re_europe
35975,Q5564769,Girolamo Maggi,re_italy,Italy,1523.0,archeologist | historian | anthropologist,europe,re_europe
35981,Q268083,André de Resende,re_portugal,Portugal,1500.0,theologian | archeologist | anthropologist,europe,re_europe
35982,Q455140,Bartolomeo Platina,re_italy,Italy,1421.0,historian,europe,re_europe
35986,Q538065,Prospero Alpini,re_italy,Italy,1553.0,botanist,europe,re_europe
35991,Q65515924,Alemanio Fino,re_italy,Italy,1500.0,historian,europe,re_europe
35992,Q350773,Baldo Angelo Abati,re_italy,Italy,1401.0,zoologist | physicist,europe,re_europe
35994,Q21636115,Maiolino Bisaccioni,re_italy,Italy,1582.0,historian,europe,re_europe
36003,Q20002585,Giovanni Tommaso Minadoi,re_italy,Italy,1549.0,philosopher | historian,europe,re_europe
36004,Q41618061,Luis Saravia de la Calle,re_spain,Spain,1501.0,theologian,europe,re_europe
36006,Q83644659,Giovanni Ricciardi,re_italy,Italy,1599.0,theologian,europe,re_europe
36007,Q3769555,Giulio Cesare Baricelli,re_italy,Italy,1574.0,philosopher,europe,re_europe
36010,Q16182035,Onofre Cabell,re_spain,Spain,1600.0,theologian,europe,re_europe
36014,Q653171,Pietro Aron,re_italy,Italy,1489.0,musicologist,europe,re_europe
36015,Q1307637,Pedro de Ribadeneira,re_spain,Spain,1527.0,historian,europe,re_europe
36016,Q104250995,Nicola Villani,re_italy,Italy,1590.0,historian,europe,re_europe
36017,Q10288430,Gaspar Barreiros,re_portugal,Portugal,1501.0,geographer,europe,re_europe
36018,Q2880132,Niccolò Cabeo,re_italy,Italy,1586.0,astronomer | philosopher | physicist | mathematician,europe,re_europe
36033,Q332790,Leo Africanus,re_italy,Italy,1494.0,geographer,europe,re_europe
36034,Q64017275,Michele Aiguani,re_italy,Italy,1320.0,theologian,europe,re_europe
36035,Q3768899,Girolamo Borgia,re_italy,Italy,1475.0,historian,europe,re_europe
36036,Q3992757,Tommaso Donato,re_italy,Italy,1434.0,theologian,europe,re_europe
36039,Q318083,Scipione del Ferro,re_italy,Italy,1465.0,mathematician,europe,re_europe
36041,Q3742587,Ferdinando Epifanio,re_italy,Italy,1569.0,philosopher,europe,re_europe
36043,Q1990693,Nicholas Leonicus Thomaeus,re_italy,Italy,1456.0,philosopher,europe,re_europe
36047,Q18945651,Marsilio Cagnati,re_italy,Italy,1543.0,zoologist,europe,re_europe
36051,Q203814,Lawrence Giustiniani,re_italy,Italy,1381.0,philosopher,europe,re_europe
36052,Q30900642,Sante Ardoini,re_italy,Italy,1390.0,philosopher,europe,re_europe
36053,Q3762141,Giacomo Bracelli,re_italy,Italy,1390.0,historian,europe,re_europe
36056,Q2314211,Michele Ruggieri,re_italy,Italy,1543.0,linguist,europe,re_europe
36058,Q567913,Damião de Góis,re_portugal,Portugal,1502.0,historian,europe,re_europe
36060,Q20017002,Juan Suárez de Peralta,re_spain,Spain,1541.0,historian,europe,re_europe
36062,Q7193021,Pietro Pitati,re_italy,Italy,1490.0,astronomer | mathematician,europe,re_europe
36067,Q3642044,Bonaventura Fauni-Pio,re_italy,Italy,1496.0,theologian,europe,re_europe
36068,Q6700397,Luis Cabrera de Córdoba,re_spain,Spain,1559.0,historian,europe,re_europe
36069,Q81678,Pero López de Ayala,re_spain,Spain,1332.0,historian,europe,re_europe
36070,Q919967,Gonzalo Fernández de Oviedo y Valdés,re_spain,Spain,1478.0,historian | anatomist,europe,re_europe
36077,Q63191144,Antonio de Yepes,re_spain,Spain,1554.0,historian,europe,re_europe
36080,Q251738,Fausto Veranzio,re_italy,Italy,1551.0,linguist,europe,re_europe
36082,Q2857440,Antonio Santini,re_italy,Italy,1577.0,astronomer | mathematician,europe,re_europe
36084,Q511130,Raffaello Magiotti,re_italy,Italy,1597.0,astronomer | physicist | mathematician,europe,re_europe
36086,Q5439205,Fazio Cardano,re_italy,Italy,1444.0,mathematician,europe,re_europe
36092,Q36330,Giordano Bruno,re_italy,Italy,1548.0,astronomer | philosopher | mathematician,europe,re_europe
36095,Q3766049,Giovan Battista Amico,re_italy,Italy,1512.0,astronomer | philosopher | mathematician,europe,re_europe
36101,Q1129216,Léonard d'Udine,re_italy,Italy,1405.0,philosopher,europe,re_europe
36102,Q21888126,Pedro Juan Oliver,re_spain,Spain,1498.0,theologian,europe,re_europe
36104,Q4673703,Achille Gagliardi,re_italy,Italy,1537.0,philosopher,europe,re_europe
36105,Q59631355,Carlenis Antonius de,re_italy,Italy,1386.0,theologian,europe,re_europe
36111,Q726787,Plato Tiburtinus,re_italy,Italy,1110.0,astronomer | mathematician,europe,re_europe
36112,Q176833,Benedetto Varchi,re_italy,Italy,1503.0,historian,europe,re_europe
36114,Q61844,Valerius Cordus,re_italy,Italy,1515.0,botanist | zoologist | pharmacologist | chemist,europe,re_europe
36120,Q3856443,Michelangelo Florio,re_italy,Italy,1515.0,theologian,europe,re_europe
36131,Q88943367,Marzio Milesi,re_italy,Italy,1570.0,archeologist,europe,re_europe
36138,Q1526358,Joseph Vecinho,re_portugal,Portugal,1450.0,mathematician,europe,re_europe
36140,Q21369214,Giovanni Maggi,re_italy,Italy,1566.0,geographer,europe,re_europe
36147,Q105479964,Francesco Ricciardi,re_italy,Italy,1474.0,historian,europe,re_europe
36170,Q88209118,Bartolomeo Alfei,re_italy,Italy,1460.0,historian,europe,re_europe
36175,Q5812793,Paulus Barbus,re_italy,Italy,1401.0,theologian,europe,re_europe
36176,Q323741,Antonio Santarelli,re_italy,Italy,1569.0,theologian,europe,re_europe
36180,Q2840364,Licinianus of Cartagena,re_spain,Spain,554.0,theologian,europe,re_europe
36184,Q717374,Gaspare Aselli,re_italy,Italy,1581.0,anatomist,europe,re_europe
36186,Q281456,Marcos Duarte,re_spain,Spain,1384.0,theologian,europe,re_europe
36188,Q9065993,Ramon Despont,re_spain,Spain,1201.0,theologian,europe,re_europe
36191,Q38158885,Niccolò Arrighetti,re_italy,Italy,1586.0,mathematician,europe,re_europe
36192,Q99653599,Simón de Salazar,re_spain,Spain,1600.0,theologian,europe,re_europe
36194,Q934185,Domingo Báñez,re_spain,Spain,1528.0,philosopher,europe,re_europe
36200,Q3110641,Gonzalo de Céspedes y Meneses,re_spain,Spain,1585.0,historian,europe,re_europe
36201,Q2857295,Antonio Gallonio,re_italy,Italy,1556.0,historian,europe,re_europe
36202,Q55226812,Tullio Crispolti,re_italy,Italy,1510.0,theologian,europe,re_europe
36205,Q2903986,Girolamo Ruscelli,re_italy,Italy,1504.0,physicist,europe,re_europe
36206,Q15640667,Bernardo de Cienfuegos,re_spain,Spain,1580.0,botanist,europe,re_europe
36209,Q316295,Bernardino of Siena,re_italy,Italy,1380.0,theologian,europe,re_europe
36211,Q1168587,Paolo Dagomari di Prato,re_italy,Italy,1281.0,astronomer | mathematician,europe,re_europe
36213,Q435300,Francesco Patrizi,re_italy,Italy,1529.0,philosopher,europe,re_europe
36219,Q1341237,Alexander Sauli,re_italy,Italy,1534.0,theologian,europe,re_europe
36225,Q21209054,Giulio Sirenio,re_italy,Italy,1553.0,theologian | philosopher,europe,re_europe
36229,Q299446,Basilios Bessarion,re_italy,Italy,1403.0,philosopher,europe,re_europe
36230,Q3762037,Giacomo Cenna,re_italy,Italy,1560.0,historian,europe,re_europe
36241,Q714963,Pietro Candido Decembrio,re_italy,Italy,1399.0,historian,europe,re_europe
36242,Q29289191,Gaudenzio Merula,re_italy,Italy,1500.0,historian,europe,re_europe
36245,Q538644,Ghiselin Danckerts,re_italy,Italy,1510.0,musicologist,europe,re_europe
36252,Q28502629,Antonio Rubio de Rueda,re_spain,Spain,1548.0,philosopher,europe,re_europe
36256,Q3903185,Piero Borgi,re_italy,Italy,1424.0,mathematician,europe,re_europe
36267,Q104183329,Emilio Acerbi,re_italy,Italy,1562.0,theologian | philosopher,europe,re_europe
36268,Q10329902,Miguel de Castro,re_portugal,Portugal,1536.0,theologian,europe,re_europe
36271,Q23000129,Marco Antonio Altieri,re_italy,Italy,1450.0,historian,europe,re_europe
36273,Q109684690,Orazio Smeraldi,re_italy,Italy,1592.0,historian,europe,re_europe
36275,Q2978056,Claude Richard,re_spain,Spain,1589.0,mathematician,europe,re_europe
36277,Q6765029,Mario di Calasio,re_italy,Italy,1550.0,linguist,europe,re_europe
36278,Q16854442,Nicolò Zen the younger,re_italy,Italy,1515.0,historian,europe,re_europe
36284,Q343791,Robert Persons,re_italy,Italy,1546.0,theologian,europe,re_europe
36293,Q3750963,Francisco de Paiva de Andrade,re_portugal,Portugal,1540.0,historian,europe,re_europe
36295,Q2090833,Gian Vincenzo Pinelli,re_italy,Italy,1535.0,botanist,europe,re_europe
36312,Q3165125,Jean-Claude Mochet,re_italy,Italy,1600.0,historian,europe,re_europe
36314,Q613632,Luca Ghini,re_italy,Italy,1490.0,botanist,europe,re_europe
36322,Q166876,Isidore of Seville,re_spain,Spain,560.0,musicologist | philosopher | historian,europe,re_europe
36323,Q4667550,Abiathar Crescas,re_spain,Spain,1500.0,philosopher,europe,re_europe
36325,Q3830084,Lelio Zecchi,re_italy,Italy,1532.0,theologian,europe,re_europe
36326,Q395563,Agostino Agazzari,re_italy,Italy,1578.0,musicologist,europe,re_europe
36329,Q939889,Juan de Mariana,re_spain,Spain,1536.0,historian | economist,europe,re_europe
36337,Q1029331,Camillo Agrippa,re_italy,Italy,1501.0,mathematician,europe,re_europe
36339,Q3615086,Anastasio De Filiis,re_italy,Italy,1577.0,astronomer,europe,re_europe
36340,Q561667,Ubertino of Casale,re_italy,Italy,1259.0,theologian,europe,re_europe
36341,Q2155112,Bartolomé Leonardo de Argensola,re_spain,Spain,1562.0,historian,europe,re_europe
36344,Q2848882,Andrea da Segni,re_italy,Italy,1235.0,theologian,europe,re_europe
36345,Q81652024,Lelio Vincenti,re_italy,Italy,1600.0,philosopher,europe,re_europe
36354,Q1208474,Euthymius of Athos,re_balkans,Balkans,955.0,philosopher,europe,re_europe
36358,Q67820,Bartholomäus Ringwaldt,re_central_europe,Central Europe,1532.0,theologian,europe,re_europe
36360,Q590829,Jan Seklucjan,re_slav_world,Slav world,1498.0,theologian | linguist,europe,re_europe
36366,Q9343297,Stanisław Warszewicki,re_central_europe,Central Europe,1527.0,theologian,europe,re_europe
36374,Q1350979,Erhard Sperber,re_slav_world,Slav world,1529.0,theologian,europe,re_europe
36378,Q2344404,Jan Latosz,re_slav_world,Slav world,1539.0,astronomer,europe,re_europe
36384,Q106348,Georg Mancelius,re_central_europe,Central Europe,1593.0,theologian,europe,re_europe
36398,Q13585837,Jonasz Szlichtyng,re_central_europe,Central Europe,1592.0,theologian,europe,re_europe
36400,Q497524,Nicolaus Olahus,re_central_europe,Central Europe,1493.0,historian,europe,re_europe
36405,Q97580,Bernhard Bogentanz,re_central_europe,Central Europe,1494.0,musicologist,europe,re_europe
36413,Q539261,Marcin Bylica,re_central_europe,Central Europe,1433.0,astronomer,europe,re_europe
36420,Q55122658,Benedict Morgenstern,re_slav_world,Slav world,1525.0,theologian,europe,re_europe
36429,Q2063043,Paul Weis,re_slav_world,Slav world,1543.0,theologian,europe,re_europe
36441,Q4703712,Samuel Twardowski,re_central_europe,Central Europe,1600.0,linguist | historian,europe,re_europe
36442,Q1772711,Paul vom Stein,re_slav_world,Slav world,1500.0,physicist,europe,re_europe
36445,Q7599221,Stanisław Sarnicki,re_central_europe,Central Europe,1532.0,historian,europe,re_europe
36456,Q1617580,Hieronim Malecki,re_central_europe,Central Europe,1527.0,theologian,europe,re_europe
36459,Q104602025,Mihovil Vrančić,re_balkans,Balkans,1507.0,historian,europe,re_europe
36469,Q1694271,Johann Gutslaff,re_central_europe,Central Europe,1600.0,theologian,europe,re_europe
36474,Q349632,Adam Hamel,re_central_europe,Central Europe,1505.0,theologian,europe,re_europe
36480,Q1377476,Johann Cogler,re_central_europe,Central Europe,1525.0,theologian,europe,re_europe
36489,Q89614,Thomas Kantzow,re_central_europe,Central Europe,1505.0,historian,europe,re_europe
36495,Q4236588,Jan Kocin z Kocinet,re_central_europe,Central Europe,1543.0,historian,europe,re_europe
36496,Q12792056,Janez Lezicij,re_central_europe,Central Europe,1242.0,astronomer,europe,re_europe
36510,Q4386205,Petrus Codicillus,re_central_europe,Central Europe,1533.0,astronomer,europe,re_europe
36525,Q722544,Filippo Buonaccorsi,re_central_europe,Central Europe,1437.0,historian,europe,re_europe
36550,Q94935858,Christoph Manlius,re_central_europe,Central Europe,1546.0,historian,europe,re_europe
36557,Q350426,Adam Michna z Otradovic,re_central_europe,Central Europe,1600.0,musicologist,europe,re_europe
36562,Q1309623,Oldřich Prefát z Vlkanova,re_central_europe,Central Europe,1523.0,astronomer | mathematician,europe,re_europe
36569,Q4007657,Valentinus Smalcius,re_central_europe,Central Europe,1572.0,linguist,europe,re_europe
36577,Q1297363,Szepsi Laczkó Máté,re_central_europe,Central Europe,1576.0,historian,europe,re_europe
36578,Q1591666,Johannes Sylvius Egranus,re_central_europe,Central Europe,1480.0,theologian,europe,re_europe
36598,Q1986846,Nicolaus Henel von Hennenfeld,re_central_europe,Central Europe,1582.0,historian,europe,re_europe
36607,Q12657632,Jonas Chodzinskis,re_central_europe,Central Europe,1600.0,philosopher,europe,re_europe
36613,Q707663,Isidore of Kiev,re_slav_world,Slav world,1385.0,theologian,europe,re_europe
36618,Q899007,Oswald Croll,re_central_europe,Central Europe,1563.0,chemist,europe,re_europe
36623,Q684662,Péter Alvinczi,re_central_europe,Central Europe,1570.0,theologian,europe,re_europe
36640,Q737756,Pier Paolo Vergerio the Elder,re_central_europe,Central Europe,1370.0,philosopher | historian,europe,re_europe
36641,Q11792104,Nicolaus Pol,re_central_europe,Central Europe,1564.0,historian,europe,re_europe
36646,Q1240239,Theophilos Corydalleus,re_balkans,Balkans,1570.0,philosopher | physicist | astronomer | mathematician | geographer,europe,re_europe
36673,Q1253164,Péter Révay,re_central_europe,Central Europe,1568.0,historian,europe,re_europe
36681,Q86550,Conrad of Vechta,re_central_europe,Central Europe,1370.0,theologian,europe,re_europe
36688,Q9359171,Tomasz Bedermann,re_central_europe,Central Europe,1450.0,theologian | philosopher,europe,re_europe
36703,Q44668811,Lorenz Heidenreich,re_central_europe,Central Europe,1480.0,philosopher,europe,re_europe
36709,Q67136,Bartholomäus Keckermann,re_central_europe,Central Europe,1572.0,theologian | philosopher | historian,europe,re_europe
36713,Q95479,Daniel Cramer,re_central_europe,Central Europe,1568.0,theologian,europe,re_europe
36718,Q713261,Petr Chelčický,re_central_europe,Central Europe,1390.0,theologian | philosopher,europe,re_europe
36723,Q1510196,Laurentius Weger,re_slav_world,Slav world,1599.0,philosopher | logician,europe,re_europe
36738,Q455777,Amato Lusitano,re_balkans,Balkans,1511.0,botanist | anatomist,europe,re_europe
36741,Q1047833,Casparus Clee,re_slav_world,Slav world,1553.0,historian,europe,re_europe
36757,Q11768226,Marek Korona,re_slav_world,Slav world,1590.0,theologian,europe,re_europe
36761,Q1550818,Piotr of Goniądz,re_central_europe,Central Europe,1525.0,theologian,europe,re_europe
36770,Q941595,Symon Budny,re_slav_world,Slav world,1530.0,philosopher | historian,europe,re_europe
36774,Q35564442,Mikołaj Wodka z Kwidzynia,re_central_europe,Central Europe,1442.0,astronomer,europe,re_europe
36788,Q72542,Oliver von Paderborn,re_central_europe,Central Europe,1170.0,theologian | historian,europe,re_europe
36817,Q91183,Joachim Mörlin,re_slav_world,Slav world,1514.0,theologian,europe,re_europe
36819,Q302961,Aaron ben Joseph of Constantinople,re_slav_world,Slav world,1260.0,philosopher,europe,re_europe
36823,Q1372399,Yuriy Drohobych,re_central_europe,Central Europe,1450.0,astronomer | philosopher,europe,re_europe
36849,Q58461096,Adrian Pauli,re_central_europe,Central Europe,1583.0,philosopher,europe,re_europe
36852,Q2330980,Stanislaus Bornbach,re_central_europe,Central Europe,1530.0,historian,europe,re_europe
36867,Q822770,Bernard Wapowski,re_central_europe,Central Europe,1450.0,geographer | astronomer | historian,europe,re_europe
36869,Q26902012,Anton Remmelding,re_central_europe,Central Europe,1513.0,theologian,europe,re_europe
36875,Q832033,István Werbőczy,re_central_europe,Central Europe,1458.0,theologian,europe,re_europe
36878,Q1231843,Roger of Howden,re_central_europe,Central Europe,1200.0,historian,europe,re_europe
36883,Q19834031,Abraham Göllnitz,re_central_europe,Central Europe,1501.0,geographer,europe,re_europe
36896,Q96145569,Johannes von Lübeck,re_central_europe,Central Europe,1450.0,theologian,europe,re_europe
36897,Q9396738,Świętosław Orzelski,re_central_europe,Central Europe,1549.0,historian,europe,re_europe
36901,Q351518,Simplicius of Cilicia,re_balkans,Balkans,501.0,astronomer | philosopher | mathematician,europe,re_europe
36905,Q9334711,Sebastian Bobola,re_central_europe,Central Europe,1586.0,theologian,europe,re_europe
36919,Q106452261,Jan Mirotický,re_central_europe,Central Europe,1540.0,anthropologist,europe,re_europe
36920,Q694908,İbrahim Peçevi,re_central_europe,Central Europe,1574.0,historian,europe,re_europe
36960,Q5269571,Dhimitër Frëngu,re_balkans,Balkans,1443.0,historian,europe,re_europe
36961,Q2080960,Petrus Edeling,re_central_europe,Central Europe,1522.0,theologian,europe,re_europe
36975,Q2081023,Peter Swawe,re_central_europe,Central Europe,1496.0,theologian,europe,re_europe
36989,Q20480460,János Kolozsvári Czementes,re_central_europe,Central Europe,1550.0,chemist,europe,re_europe
37013,Q106522,Abraham Buchholzer,re_central_europe,Central Europe,1529.0,theologian | historian,europe,re_europe
37016,Q1047873,Caspar Elogius,re_central_europe,Central Europe,1530.0,theologian,europe,re_europe
37054,Q32912284,Rajmund Zamanja,re_balkans,Balkans,1587.0,linguist | philosopher,europe,re_europe
37055,Q55681068,Jan Zahrádka,re_central_europe,Central Europe,1501.0,mathematician,europe,re_europe
37069,Q94915561,Johann Hasenberg,re_central_europe,Central Europe,1500.0,theologian,europe,re_europe
37071,Q95728785,Georg Werner,re_central_europe,Central Europe,1497.0,geologist | historian,europe,re_europe
37075,Q710858,Vitello,re_central_europe,Central Europe,1230.0,theologian | philosopher | physicist | mathematician,europe,re_europe
37076,Q969675,Joseph Solomon Delmedigo,re_central_europe,Central Europe,1591.0,philosopher | musicologist | astronomer | mathematician,europe,re_europe
37099,Q63864,Jan Marek Marci,re_central_europe,Central Europe,1595.0,physicist | mathematician,europe,re_europe
37115,Q3259517,Lorenzo de Monacis,re_balkans,Balkans,1351.0,historian,europe,re_europe
37118,Q16454530,Jurgis Tiškevičius Logoiskis IV,re_central_europe,Central Europe,1571.0,theologian | philosopher,europe,re_europe
37126,Q12648348,Andriejus Jurgevičius,re_central_europe,Central Europe,1560.0,theologian,europe,re_europe
37128,Q109730,Matthias Menius,re_slav_world,Slav world,1544.0,astronomer | mathematician,europe,re_europe
37130,Q2081048,Petr z Mladoňovic,re_central_europe,Central Europe,1390.0,theologian,europe,re_europe
37133,Q1599675,Heinrich von Schüttenhofen,re_central_europe,Central Europe,1300.0,philosopher | zoologist,europe,re_europe
37147,Q10400374,Šimon Podolský z Podolí,re_central_europe,Central Europe,1561.0,geographer | astronomer,europe,re_europe
37151,Q4938263,Bohuslav Bílejovský,re_central_europe,Central Europe,1480.0,historian,europe,re_europe
37160,Q106339,Silvester Stodewescher,re_central_europe,Central Europe,1500.0,theologian,europe,re_europe
37173,Q4345404,Jakub Parkoszowic,re_central_europe,Central Europe,1400.0,linguist,europe,re_europe
37175,Q1348667,Epiphanius Slavinetsky,re_slav_world,Slav world,1600.0,linguist,europe,re_europe
37180,Q75667,Martin Helwig,re_central_europe,Central Europe,1516.0,geographer,europe,re_europe
37181,Q11767491,Marcin Biem,re_central_europe,Central Europe,1470.0,astronomer,europe,re_europe
37195,Q23671249,Andrzej Abrek starszy,re_central_europe,Central Europe,1600.0,philosopher,europe,re_europe
37214,Q1174103,David Crolle,re_central_europe,Central Europe,1600.0,theologian,europe,re_europe
37217,Q5753271,Hieronim Moskorzowski,re_central_europe,Central Europe,1560.0,theologian,europe,re_europe
37231,Q1252620,Lea Ráskay,re_central_europe,Central Europe,1401.0,linguist,europe,re_europe
37234,Q1297898,Aegidius Sadeler,re_central_europe,Central Europe,1570.0,geographer,europe,re_europe
37238,Q383003,Nikephoros Bryennios the Younger,re_balkans,Balkans,1062.0,historian,europe,re_europe
37259,Q9376861,Wojciech Sokołowski,re_central_europe,Central Europe,1586.0,philosopher,europe,re_europe
37264,Q704486,Marcin Wadowita,re_central_europe,Central Europe,1567.0,theologian,europe,re_europe
37303,Q13033657,Joachim Bielski,re_central_europe,Central Europe,1540.0,historian,europe,re_europe
37309,Q2142789,Wenceslaus Hajek,re_central_europe,Central Europe,1500.0,historian,europe,re_europe
37333,Q1949189,Moses Isserles,re_central_europe,Central Europe,1520.0,theologian,europe,re_europe
37339,Q2607534,Augustinus Rotundus,re_central_europe,Central Europe,1520.0,historian,europe,re_europe
37343,Q655603,Dávid Frölich,re_central_europe,Central Europe,1595.0,astronomer | mathematician | anatomist,europe,re_europe
37344,Q690877,John of Rokycan,re_central_europe,Central Europe,1396.0,philosopher,europe,re_europe
37371,Q12794358,Krištof Ziegelfest,re_central_europe,Central Europe,1563.0,economist,europe,re_europe
37383,Q945165,Coriolano Cippico,re_balkans,Balkans,1425.0,historian,europe,re_europe
37403,Q93102685,Stanisław Jakobczyk,re_central_europe,Central Europe,1540.0,astronomer,europe,re_europe
37411,Q101829,Johann Heß,re_central_europe,Central Europe,1490.0,theologian,europe,re_europe
37415,Q103024,Jan Roh,re_central_europe,Central Europe,1490.0,theologian,europe,re_europe
37433,Q716769,Vilem Slavata of Chlum,re_central_europe,Central Europe,1572.0,historian,europe,re_europe
37464,Q91670,Laurentius Eichstadius,re_central_europe,Central Europe,1596.0,botanist | astronomer | mathematician,europe,re_europe
37509,Q66394,Jakob Bartsch,re_central_europe,Central Europe,1600.0,astronomer | mathematician,europe,re_europe
37516,Q4271294,Mikołaj Łęczycki,re_central_europe,Central Europe,1574.0,philosopher,europe,re_europe
37528,Q106833837,Daniele Furlani,re_balkans,Balkans,1550.0,philosopher,europe,re_europe
37547,Q107698,Johannes Aurifaber,re_central_europe,Central Europe,1517.0,theologian,europe,re_europe
37562,Q329898,Abraomas Kulvietis,re_central_europe,Central Europe,1509.0,linguist,europe,re_europe
37595,Q1973317,Innocent Giesel,re_slav_world,Slav world,1600.0,theologian | historian,europe,re_europe
37600,Q363513,Judah Loew ben Bezalel,re_central_europe,Central Europe,1520.0,philosopher | mathematician,europe,re_europe
37608,Q220313,Gemistus Pletho,re_balkans,Balkans,1355.0,philosopher,europe,re_europe
37615,Q463405,Elia del Medigo,re_balkans,Balkans,1460.0,philosopher,europe,re_europe
37661,Q1385474,Willem Hondius,re_central_europe,Central Europe,1598.0,geographer,europe,re_europe
37702,Q1176312,David Reutz,re_central_europe,Central Europe,1576.0,theologian,europe,re_europe
37723,Q1991802,Nikolaus von Rakonitz,re_central_europe,Central Europe,1350.0,theologian,europe,re_europe
37736,Q1466890,Ferenc Zay,re_central_europe,Central Europe,1498.0,historian,europe,re_europe
37739,Q621331,Heinrich Stahl,re_slav_world,Slav world,1600.0,theologian,europe,re_europe
37771,Q1174512,David Gans,re_central_europe,Central Europe,1541.0,astronomer | mathematician | theologian | geographer | historian,europe,re_europe
37772,Q11714743,Izajasz Boner,re_central_europe,Central Europe,1400.0,theologian,europe,re_europe
37774,Q94829838,Marcin Chmielnik,re_central_europe,Central Europe,1559.0,botanist,europe,re_europe
37775,Q1080664,Jiří Třanovský,re_central_europe,Central Europe,1592.0,theologian,europe,re_europe
37790,Q4762991,Angelos Akotantos,re_balkans,Balkans,1400.0,historian,europe,re_europe
37794,Q1612418,Hermann Rahtmann,re_central_europe,Central Europe,1585.0,theologian,europe,re_europe
37797,Q108417402,Viktorin Vrbenský,re_central_europe,Central Europe,1580.0,theologian,europe,re_europe
37832,Q1384097,Gül Baba,re_central_europe,Central Europe,1500.0,philosopher,europe,re_europe
37847,Q119291,Celestyn Myślenta,re_slav_world,Slav world,1588.0,theologian,europe,re_europe
37862,Q48850440,Jakub Górski,re_central_europe,Central Europe,1585.0,mathematician,europe,re_europe
37864,Q1569256,Sebastian Artomedes,re_slav_world,Slav world,1544.0,theologian,europe,re_europe
37869,Q2112589,Prokop von Pilsen,re_central_europe,Central Europe,1400.0,theologian,europe,re_europe
37876,Q786884,Stjepan Brodarić,re_central_europe,Central Europe,1480.0,historian,europe,re_europe
37878,Q69151,Nicolaus Reimers,re_central_europe,Central Europe,1551.0,astronomer | mathematician,europe,re_europe
37883,Q435320,Francysk Skaryna,re_central_europe,Central Europe,1486.0,philosopher,europe,re_europe
37889,Q338487,Stanislovas Rapalionis,re_slav_world,Slav world,1485.0,theologian,europe,re_europe
37895,Q73013,Peter Crüger,re_central_europe,Central Europe,1580.0,astronomer | mathematician,europe,re_europe
37898,Q2086074,Leoncjusz,re_central_europe,Central Europe,1580.0,theologian,europe,re_europe
37907,Q1329371,Ēliyyāhû Qapsalî,re_balkans,Balkans,1490.0,historian,europe,re_europe
37932,Q1303585,Matthias Lauterwalt,re_central_europe,Central Europe,1520.0,theologian,europe,re_europe
37956,Q326797,Christian of Prachatice,re_central_europe,Central Europe,1368.0,theologian | astronomer | mathematician,europe,re_europe
37967,Q106134183,Heinrich Písek von Bischofteinitz,re_central_europe,Central Europe,1510.0,theologian,europe,re_europe
37968,Q1697613,Johannes Hagemeister,re_central_europe,Central Europe,1502.0,theologian,europe,re_europe
37980,Q1146725,Constantine of Preslav,re_balkans,Balkans,900.0,linguist | historian,europe,re_europe
37990,Q2331040,Stanisław Sokołowski,re_central_europe,Central Europe,1537.0,theologian,europe,re_europe
38004,Q3302595,Maximus III of Constantinople,re_balkans,Balkans,1450.0,historian,europe,re_europe
38015,Q4253395,Jean Lalemandet,re_central_europe,Central Europe,1595.0,theologian,europe,re_europe
38016,Q579504,John of Głogów,re_central_europe,Central Europe,1445.0,geographer | astronomer | philosopher | mathematician,europe,re_europe
38024,Q105124847,Simon Plachy z Trebnice,re_central_europe,Central Europe,1560.0,historian,europe,re_europe
38035,Q91774,Andreas Fischer,re_central_europe,Central Europe,1480.0,theologian,europe,re_europe
38036,Q1506709,Georg von Venediger,re_central_europe,Central Europe,1500.0,theologian,europe,re_europe
38045,Q1697355,Johannes Cardinalis von Bergreichenstein,re_central_europe,Central Europe,1375.0,theologian,europe,re_europe
38050,Q5763500,Paul Einhorn,re_central_europe,Central Europe,1505.0,historian,europe,re_europe
38065,Q1596989,Heinrich Cunitz,re_central_europe,Central Europe,1580.0,astronomer,europe,re_europe
38067,Q1030704,Gregor Lagus,re_central_europe,Central Europe,1586.0,theologian,europe,re_europe
38068,Q16713710,Khachatur Kafayetsi,re_slav_world,Slav world,1592.0,historian,europe,re_europe
38096,Q3094034,Gabriele Zerbi,re_balkans,Balkans,1445.0,philosopher | anatomist,europe,re_europe
38097,Q12878447,Joseph Philagrios,re_balkans,Balkans,1335.0,theologian | philosopher,europe,re_europe
38098,Q15118093,Hakob Krymetsi,re_slav_world,Slav world,1360.0,philosopher,europe,re_europe
38104,Q1484016,Sigismund Lauxmin,re_central_europe,Central Europe,1596.0,musicologist,europe,re_europe
38109,Q1469478,Ákos,re_central_europe,Central Europe,1205.0,historian,europe,re_europe
38112,Q91467,David Gregor Corner,re_central_europe,Central Europe,1587.0,theologian,europe,re_europe
38117,Q3845683,Marcello Squarcialupi,re_central_europe,Central Europe,1538.0,astronomer,europe,re_europe
38125,Q7192453,Pierre Statorius,re_central_europe,Central Europe,1530.0,theologian,europe,re_europe
38128,Q102116,Joachim Oelhaf,re_central_europe,Central Europe,1570.0,anatomist,europe,re_europe
38138,Q453465,Eustathius of Thessalonica,re_balkans,Balkans,1101.0,historian,europe,re_europe
38146,Q56255117,Jan Puszka,re_central_europe,Central Europe,1400.0,theologian,europe,re_europe
38150,Q64344,Johann Cochlaeus,re_central_europe,Central Europe,1479.0,theologian | musicologist,europe,re_europe
38163,Q70346,Lucas David,re_slav_world,Slav world,1503.0,historian,europe,re_europe
38166,Q6125523,Jakub Górski,re_central_europe,Central Europe,1525.0,philosopher,europe,re_europe
38169,Q1819236,Leonhard Krenzheim,re_central_europe,Central Europe,1532.0,theologian,europe,re_europe
38177,Q1505735,Georg Rhete,re_central_europe,Central Europe,1500.0,theologian,europe,re_europe
38184,Q4678807,Adam Burski,re_central_europe,Central Europe,1560.0,philosopher,europe,re_europe
38192,Q95183,Joachim Curaeus,re_central_europe,Central Europe,1532.0,historian,europe,re_europe
38195,Q1792937,Martin Statius,re_central_europe,Central Europe,1589.0,theologian,europe,re_europe
38221,Q121550,John Kaminiates,re_balkans,Balkans,900.0,historian,europe,re_europe
38226,Q5535811,Georg Schomann,re_central_europe,Central Europe,1539.0,theologian,europe,re_europe
38228,Q20525404,Francesco Bassegli,re_balkans,Balkans,1441.0,theologian,europe,re_europe
38230,Q1355663,Tadeáš Hájek,re_central_europe,Central Europe,1525.0,astronomer | mathematician,europe,re_europe
38269,Q1692651,Johann Behm,re_slav_world,Slav world,1578.0,theologian,europe,re_europe
38283,Q99243,Peter Oelhaf,re_central_europe,Central Europe,1599.0,historian,europe,re_europe
38292,Q2283440,Zygfryd von Boock,re_central_europe,Central Europe,1400.0,theologian,europe,re_europe
38307,Q106040469,Kašpar Ladislav Stehlík z Čeňkova,re_central_europe,Central Europe,1571.0,astronomer | mathematician,europe,re_europe
38331,Q37084,John VI Kantakouzenos,re_balkans,Balkans,1292.0,historian,europe,re_europe
38333,Q1506268,Jiři Strejc,re_central_europe,Central Europe,1536.0,theologian,europe,re_europe
38351,Q324534,Laonikos Chalkokondyles,re_balkans,Balkans,1423.0,historian,europe,re_europe
38353,Q1085953,Christoph Stymmel,re_central_europe,Central Europe,1525.0,theologian,europe,re_europe
38360,Q1323315,Simon Grunau,re_central_europe,Central Europe,1470.0,historian,europe,re_europe
38388,Q1782745,Constantine of Kostenets,re_balkans,Balkans,1380.0,philosopher | historian,europe,re_europe
38390,Q725859,Herman of Carinthia,re_balkans,Balkans,1110.0,astronomer | philosopher | meteorologist | mathematician,europe,re_europe
38393,Q1609210,Fabian Birkowski,re_central_europe,Central Europe,1566.0,theologian,europe,re_europe
38416,Q94778675,Balthasar Conrad,re_central_europe,Central Europe,1599.0,philosopher | mathematician,europe,re_europe
38454,Q27571800,Katerina Vitale,re_balkans,Balkans,1566.0,chemist,europe,re_europe
38466,Q206459,Feodor II of Russia,re_slav_world,Slav world,1589.0,geographer,europe,re_europe
38467,Q266897,Adam of Łowicz,re_central_europe,Central Europe,1500.0,philosopher,europe,re_europe
38474,Q70322,Johann Wigand,re_central_europe,Central Europe,1523.0,theologian | botanist,europe,re_europe
38475,Q2452397,Maciej Miechowita,re_central_europe,Central Europe,1457.0,geographer | historian,europe,re_europe
38477,Q6149576,Jan Mączyński,re_central_europe,Central Europe,1520.0,linguist,europe,re_europe
38497,Q467789,Martin Stredonius,re_central_europe,Central Europe,1587.0,historian,europe,re_europe
38502,Q685774,Jan Šindel,re_central_europe,Central Europe,1375.0,astronomer | mathematician,europe,re_europe
38514,Q7599138,Stanisław Grzepski,re_central_europe,Central Europe,1524.0,historian | mathematician,europe,re_europe
38537,Q1388840,Joris Hoefnagel,re_central_europe,Central Europe,1542.0,geographer,europe,re_europe
38538,Q1677512,Jacob Hegge,re_central_europe,Central Europe,1450.0,theologian,europe,re_europe
38557,Q339351,Jan Łaski,re_central_europe,Central Europe,1499.0,theologian,europe,re_europe
38566,Q15651684,Mélèce Syrigos,re_balkans,Balkans,1586.0,theologian,europe,re_europe
38575,Q505037,Fausto Sozzini,re_central_europe,Central Europe,1539.0,theologian,europe,re_europe
38585,Q5984508,Fridericus Menius,re_central_europe,Central Europe,1593.0,historian,europe,re_europe
38587,Q55126790,Zacharias Theobald,re_central_europe,Central Europe,1584.0,theologian | historian,europe,re_europe
38590,Q11774200,Daniel Basilius z Deutschenberka,re_central_europe,Central Europe,1585.0,astronomer | physicist,europe,re_europe
38596,Q1326883,Albert Brudzewski,re_central_europe,Central Europe,1445.0,astronomer | philosopher | mathematician,europe,re_europe
38606,Q29848881,Paulus Aquilinas,re_central_europe,Central Europe,1520.0,historian,europe,re_europe
38608,Q1465988,Johann Rotenburg,re_central_europe,Central Europe,1572.0,theologian,europe,re_europe
38610,Q97419351,Anton Wied,re_central_europe,Central Europe,1508.0,geographer,europe,re_europe
38619,Q4755025,Harsha Ramdas Bhatkal,re_balkans,Balkans,1547.0,historian,europe,re_europe
38652,Q326493,Jan Długosz,re_central_europe,Central Europe,1415.0,geographer | historian,europe,re_europe
38680,Q2978607,Szymon Starowolski,re_central_europe,Central Europe,1588.0,historian,europe,re_europe
38683,Q16511374,Hasan Kafi Pruščak,re_balkans,Balkans,1544.0,sociologist,europe,re_europe
38686,Q3917646,Kyrylo Stavrovetsky,re_slav_world,Slav world,1570.0,theologian | philosopher,europe,re_europe
38700,Q88618,Ambrosius Moibanus,re_central_europe,Central Europe,1494.0,theologian,europe,re_europe
38701,Q7599194,Stanisław Murzynowski,re_slav_world,Slav world,1528.0,theologian | linguist,europe,re_europe
38721,Q95326515,Martin Seidel,re_central_europe,Central Europe,1540.0,theologian,europe,re_europe
38735,Q559828,Péter Pázmány,re_central_europe,Central Europe,1570.0,philosopher,europe,re_europe
38748,Q1671964,Iohannes Sslechta,re_central_europe,Central Europe,1466.0,philosopher,europe,re_europe
38753,Q9168731,Benedykt Hesse,re_central_europe,Central Europe,1389.0,philosopher,europe,re_europe
38756,Q302718,Pelbartus Ladislaus of Temesvár,re_central_europe,Central Europe,1430.0,philosopher,europe,re_europe
38769,Q5479481,Francesco Negri,re_central_europe,Central Europe,1500.0,theologian,europe,re_europe
38771,Q16854088,Otto Zeinenger,re_central_europe,Central Europe,1513.0,theologian,europe,re_europe
38774,Q1696332,Johann Strauß,re_slav_world,Slav world,1590.0,mathematician,europe,re_europe
38791,Q12035680,Martin Bacháček z Nouměřic,re_central_europe,Central Europe,1539.0,astronomer,europe,re_europe
38811,Q326783,Jan z Příbrami,re_central_europe,Central Europe,1350.0,theologian,europe,re_europe
38825,Q498387,Andreas Iris,re_slav_world,Slav world,1540.0,historian,europe,re_europe
38829,Q2618255,Jerzy Mniszech,re_slav_world,Slav world,1548.0,philosopher,europe,re_europe
38840,Q1745417,Nikolaus von Pelgrims,re_central_europe,Central Europe,1385.0,theologian,europe,re_europe
38842,Q102260628,Tomasz Klage,re_central_europe,Central Europe,1598.0,philosopher | mathematician,europe,re_europe
38855,Q100269611,Andrzej Schonflissius,re_central_europe,Central Europe,1590.0,theologian,europe,re_europe
38874,Q3278585,Wasyl Czartoryski,re_slav_world,Slav world,1375.0,historian,europe,re_europe
38884,Q238511,Mavro Orbin,re_balkans,Balkans,1563.0,historian,europe,re_europe
38886,Q1697500,Johannes Fleck,re_central_europe,Central Europe,1559.0,theologian,europe,re_europe
38888,Q495702,Balthasar Russow,re_central_europe,Central Europe,1536.0,historian,europe,re_europe
38890,Q112347624,Ludmila Kubátová,re_central_europe,Central Europe,927.0,historian,europe,re_europe
38899,Q12880654,Manouēl Malaxos,re_balkans,Balkans,1500.0,historian,europe,re_europe
38922,Q567639,Bele Regis Notarius,re_central_europe,Central Europe,1200.0,historian,europe,re_europe
38934,Q104428785,Seweryn Lubomlczyk,re_central_europe,Central Europe,1532.0,theologian,europe,re_europe
38937,Q538267,William of Moerbeke,re_balkans,Balkans,1215.0,philosopher,europe,re_europe
38947,Q699651,Jan Jesenius,re_central_europe,Central Europe,1566.0,philosopher,europe,re_europe
38952,Q133060,Willem Barents,re_slav_world,Slav world,1550.0,geographer,europe,re_europe
38953,Q5607111,Gregory Paul of Brzeziny,re_central_europe,Central Europe,1525.0,theologian,europe,re_europe
38954,Q98556548,Grgur Budislavic,re_balkans,Balkans,1485.0,theologian | philosopher,europe,re_europe
38961,Q111582,Pankratius Klemme,re_central_europe,Central Europe,1475.0,theologian,europe,re_europe
38962,Q18945786,Sigismundus Suevus,re_central_europe,Central Europe,1526.0,mathematician,europe,re_europe
38969,Q6217047,Johannes Völkel,re_central_europe,Central Europe,1565.0,theologian,europe,re_europe
38971,Q1380865,Jeremias Homberger,re_central_europe,Central Europe,1529.0,theologian,europe,re_europe
38979,Q43674144,Theophil Pistorius,re_central_europe,Central Europe,1592.0,linguist,europe,re_europe
38985,Q12768441,Jan Duchon,re_central_europe,Central Europe,1596.0,philosopher,europe,re_europe
38995,Q1374251,Jan of Stobnica,re_central_europe,Central Europe,1470.0,geographer | astronomer | philosopher,europe,re_europe
38997,Q2590821,Wolfgang Peristerus,re_central_europe,Central Europe,1532.0,theologian,europe,re_europe
38998,Q1070134,Simon of Kéza,re_central_europe,Central Europe,1250.0,historian,europe,re_europe
39017,Q11771481,Mateusz z Szamotuł,re_central_europe,Central Europe,1491.0,astronomer,europe,re_europe
39030,Q605192,Biernat of Lublin,re_central_europe,Central Europe,1465.0,linguist,europe,re_europe
39038,Q1401024,Peter Vietz,re_central_europe,Central Europe,1519.0,theologian,europe,re_europe
39041,Q11719605,Jan z Trzciany,re_slav_world,Slav world,1510.0,philosopher,europe,re_europe
39047,Q104914,Johannes Marienwerder,re_central_europe,Central Europe,1343.0,theologian,europe,re_europe
39066,Q6236549,Georg Werner,re_slav_world,Slav world,1589.0,theologian,europe,re_europe
39071,Q110255,Henning Iwen,re_central_europe,Central Europe,1350.0,theologian,europe,re_europe
39073,Q11780974,z Mościsk Mikołaj,re_central_europe,Central Europe,1559.0,theologian,europe,re_europe
39081,Q104553593,Dujam Hranković,re_balkans,Balkans,1350.0,historian,europe,re_europe
39115,Q1612059,Hermann Marsow,re_central_europe,Central Europe,1485.0,theologian,europe,re_europe
39121,Q6836003,Michał Falkener,re_central_europe,Central Europe,1460.0,astronomer | philosopher | mathematician,europe,re_europe
39134,Q3767871,Gian Paolo Alciati,re_central_europe,Central Europe,1515.0,theologian,europe,re_europe
39153,Q11696649,Eliasz Pielgrzymowski,re_central_europe,Central Europe,1564.0,historian,europe,re_europe
39158,Q709783,Luke of Prague,re_central_europe,Central Europe,1460.0,theologian,europe,re_europe
39188,Q1678998,Jacob Fabricius,re_central_europe,Central Europe,1593.0,theologian,europe,re_europe
39191,Q716140,Vavrinec Benedikt of Nedožery,re_central_europe,Central Europe,1555.0,linguist | mathematician,europe,re_europe
39195,Q4759653,Andrzej Lubieniecki,re_central_europe,Central Europe,1521.0,historian,europe,re_europe
39198,Q12720245,Alexander de Hungaria,re_central_europe,Central Europe,1260.0,theologian,europe,re_europe
39204,Q809383,Bartholomäus Wagner,re_central_europe,Central Europe,1520.0,mathematician,europe,re_europe
39244,Q516773,Marcin Bielski,re_central_europe,Central Europe,1495.0,historian,europe,re_europe
39296,Q1048024,Caspar Schleupner,re_central_europe,Central Europe,1535.0,mathematician,europe,re_europe
39297,Q982860,Nilus of Sora,re_slav_world,Slav world,1433.0,philosopher,europe,re_europe
39312,Q106650,Michael Brüggemann,re_central_europe,Central Europe,1583.0,linguist,europe,re_europe
39313,Q9201391,Daniel Mikołajewski,re_central_europe,Central Europe,1560.0,theologian,europe,re_europe
39319,Q4759737,Andrzej Węgierski,re_central_europe,Central Europe,1600.0,historian,europe,re_europe
39325,Q561626,Maciej Stryjkowski,re_central_europe,Central Europe,1547.0,historian,europe,re_europe
39326,Q11718456,Jan Muscenius,re_central_europe,Central Europe,1532.0,mathematician,europe,re_europe
39328,Q66649,Marcin Kromer,re_central_europe,Central Europe,1512.0,musicologist | historian,europe,re_europe
39358,Q4360589,Sebastian Petrycy,re_central_europe,Central Europe,1554.0,philosopher,europe,re_europe
39359,Q17268944,Augulus Grützner,re_central_europe,Central Europe,1550.0,theologian,europe,re_europe
39361,Q18279226,Feodor Krest'janin,re_slav_world,Slav world,1540.0,musicologist,europe,re_europe
39363,Q1894358,Marcus Schinnagel,re_central_europe,Central Europe,1450.0,astronomer,europe,re_europe
39367,Q1362779,Michael Apostolius,re_balkans,Balkans,1420.0,philosopher,europe,re_europe
39368,Q648868,Michael Critobulus,re_balkans,Balkans,1410.0,historian,europe,re_europe
39372,Q706801,John of Viktring,re_slav_world,Slav world,1300.0,historian,europe,re_europe
39383,Q18012163,Jan Turnowski,re_central_europe,Central Europe,1567.0,theologian,europe,re_europe
39390,Q6216106,Johann Ludwig von Wolzogen,re_central_europe,Central Europe,1600.0,theologian | philosopher,europe,re_europe
39412,Q2287856,Simon Titius,re_slav_world,Slav world,1521.0,physicist,europe,re_europe
39435,Q1618249,Szymon Rudnicki,re_central_europe,Central Europe,1552.0,theologian,europe,re_europe
39454,Q17003247,Jan of Holešov,re_central_europe,Central Europe,1366.0,theologian | anthropologist,europe,re_europe
39491,Q1485070,Petrus Calaminus,re_central_europe,Central Europe,1556.0,theologian,europe,re_europe
39503,Q18246644,Esaias Heidenreich,re_central_europe,Central Europe,1532.0,theologian,europe,re_europe
39504,Q15292115,János Zermegh,re_central_europe,Central Europe,1504.0,historian,europe,re_europe
39515,Q391635,Simeon Partliz,re_central_europe,Central Europe,1590.0,astronomer | philosopher | mathematician,europe,re_europe
39516,Q12049595,Rodrigo de Arriaga,re_central_europe,Central Europe,1592.0,theologian | philosopher,europe,re_europe
39539,Q381211,Gennadius Scholarius,re_balkans,Balkans,1400.0,philosopher,europe,re_europe
39542,Q11339498,Matěj Brikcí z Licka,re_central_europe,Central Europe,1488.0,philosopher | historian,europe,re_europe
39600,Q1697799,Johannes Junge,re_central_europe,Central Europe,1600.0,mathematician,europe,re_europe
39603,Q570603,Francesco Stancaro,re_central_europe,Central Europe,1501.0,linguist,europe,re_europe
39609,Q6786791,Matthaios Kamariotis,re_balkans,Balkans,1401.0,philosopher,europe,re_europe
39623,Q1697502,Johann Fleischer,re_central_europe,Central Europe,1539.0,theologian,europe,re_europe
39631,Q1280353,Thomas the Archdeacon,re_balkans,Balkans,1200.0,historian,europe,re_europe
39658,Q304346,Gáspár Károlyi,re_central_europe,Central Europe,1529.0,theologian,europe,re_europe
39661,Q104256,Johann Micraelius,re_central_europe,Central Europe,1597.0,theologian | philosopher | historian,europe,re_europe
39667,Q19834156,Aegidius Salius,re_central_europe,Central Europe,1536.0,physicist | mathematician,europe,re_europe
39675,Q559090,Fryderyk Getkant,re_slav_world,Slav world,1600.0,geographer,europe,re_europe
39701,Q5244772,Jan Łasicki,re_slav_world,Slav world,1534.0,theologian | historian,europe,re_europe
39714,Q1126408,John of Küküllő,re_central_europe,Central Europe,1320.0,historian,europe,re_europe
39726,Q3898383,Paweł Piasecki,re_central_europe,Central Europe,1579.0,historian,europe,re_europe
39727,Q277766,Rogerius of Apulia,re_balkans,Balkans,1201.0,historian,europe,re_europe
39729,Q2673314,Jakub Sobieski,re_slav_world,Slav world,1590.0,historian,europe,re_europe
39739,Q11767658,Marcin Król z Żurawicy,re_central_europe,Central Europe,1422.0,astronomer | mathematician,europe,re_europe
39744,Q1393020,Konstantin Mihailović,re_balkans,Balkans,1435.0,historian,europe,re_europe
39746,Q2508355,Valentin Krautwald,re_central_europe,Central Europe,1490.0,theologian,europe,re_europe
39750,Q121992,Martin Weiher,re_central_europe,Central Europe,1512.0,theologian,europe,re_europe
39752,Q744494,Peter Nigri,re_central_europe,Central Europe,1434.0,philosopher,europe,re_europe
39776,Q55228331,Girolamo da Pistoia,re_balkans,Balkans,1508.0,theologian,europe,re_europe
39777,Q28671917,Jakub Papenkowic,re_central_europe,Central Europe,1582.0,theologian,europe,re_europe
39779,Q24263095,Eliasz z Wąwolnicy,re_central_europe,Central Europe,1350.0,theologian,europe,re_europe
39784,Q435547,Andreas Osiander,re_slav_world,Slav world,1499.0,theologian | mathematician,europe,re_europe
39791,Q734217,Martynas Mažvydas,re_slav_world,Slav world,1510.0,theologian,europe,re_europe
39800,Q11774229,Daniel Paulina,re_central_europe,Central Europe,1550.0,philosopher,europe,re_europe
39805,Q9343511,Stanisław Łubieński,re_central_europe,Central Europe,1573.0,historian,europe,re_europe
39809,Q20435193,Gyulaffy Lestár,re_central_europe,Central Europe,1557.0,historian,europe,re_europe
39830,Q1681651,Jan Brandt,re_slav_world,Slav world,1554.0,theologian,europe,re_europe
39838,Q1484889,Marcin Ruar,re_central_europe,Central Europe,1589.0,theologian,europe,re_europe
39869,Q2112581,Prokop Lupáč z Hlaváčova,re_central_europe,Central Europe,1535.0,historian,europe,re_europe
39870,Q60946,Martin Opitz,re_central_europe,Central Europe,1597.0,art theorist,europe,re_europe
39877,Q106112,Martin Behm,re_central_europe,Central Europe,1557.0,theologian,europe,re_europe
39878,Q1084798,Christoph Eilard,re_slav_world,Slav world,1585.0,physicist,europe,re_europe
39882,Q673421,Leonhard von Dobschütz,re_central_europe,Central Europe,1450.0,astronomer | mathematician,europe,re_europe
39899,Q2284813,Sigismund Weier,re_slav_world,Slav world,1579.0,astronomer | historian | mathematician,europe,re_europe
39928,Q1228243,Fabian Timaeus,re_central_europe,Central Europe,1507.0,theologian,europe,re_europe
39943,Q1678997,Jacob Faber,re_central_europe,Central Europe,1537.0,theologian,europe,re_europe
39957,Q552684,Michał Sędziwój,re_central_europe,Central Europe,1566.0,chemist,europe,re_europe
39982,Q3787391,Hubert van Giffen,re_central_europe,Central Europe,1534.0,philosopher,europe,re_europe
39983,Q94577194,Andreas Wolan,re_central_europe,Central Europe,1530.0,theologian,europe,re_europe
40024,Q3173616,Jean Morély,re_central_europe,Central Europe,1524.0,theologian,europe,re_europe
40040,Q11686547,Anzelm Gostomski,re_central_europe,Central Europe,1508.0,botanist,europe,re_europe
40048,Q68275,Johannes Poliander,re_slav_world,Slav world,1487.0,theologian,europe,re_europe
40070,Q530956,Gregory of Sanok,re_slav_world,Slav world,1406.0,philosopher,europe,re_europe
40074,Q4115413,Matrakçı Nasuh,re_balkans,Balkans,1480.0,geographer | historian | mathematician,europe,re_europe
40079,Q2344053,Stephan von Kolin,re_central_europe,Central Europe,1360.0,theologian,europe,re_europe
40082,Q56255950,Melchior Stefanides,re_central_europe,Central Europe,1550.0,logician,europe,re_europe
40122,Q20674111,Johann III. Popel von Lobkowitz,re_central_europe,Central Europe,1490.0,historian,europe,re_europe
40133,Q11716531,Jakub Niemojewski,re_central_europe,Central Europe,1532.0,theologian,europe,re_europe
40149,Q2063383,Paulus Rode,re_central_europe,Central Europe,1489.0,theologian,europe,re_europe
40157,Q16584910,Oswald Krüger,re_slav_world,Slav world,1589.0,astronomer | physicist | mathematician,europe,re_europe
40163,Q90469,Johann Funck,re_slav_world,Slav world,1518.0,theologian,europe,re_europe
40172,Q1919142,Melchior Isinder,re_central_europe,Central Europe,1520.0,theologian,europe,re_europe
40183,Q9263120,Franciszek z Brzegu,re_central_europe,Central Europe,1370.0,philosopher,europe,re_europe
40189,Q106994,Johann Briesmann,re_slav_world,Slav world,1488.0,theologian,europe,re_europe
40195,Q610071,Antun Vramec,re_balkans,Balkans,1538.0,historian,europe,re_europe
40196,Q1919122,Melchior Eckhart,re_central_europe,Central Europe,1555.0,theologian,europe,re_europe
40217,Q1928612,Michael Meurer,re_slav_world,Slav world,1475.0,theologian,europe,re_europe
40225,Q266482,Antonio Bonfini,re_central_europe,Central Europe,1427.0,historian,europe,re_europe
40229,Q1543704,Leonhard Stöckel,re_central_europe,Central Europe,1510.0,theologian,europe,re_europe
40266,Q159062,Jan Blahoslav,re_central_europe,Central Europe,1523.0,linguist,europe,re_europe
40292,Q108179,Johannes Gigas,re_central_europe,Central Europe,1514.0,theologian,europe,re_europe
40311,Q2287807,Simone Simoni,re_central_europe,Central Europe,1532.0,philosopher,europe,re_europe
40326,Q55072425,Lorenz Scholz,re_central_europe,Central Europe,1552.0,botanist | zoologist,europe,re_europe
40333,Q1295381,István Szegedi Kis,re_central_europe,Central Europe,1505.0,theologian,europe,re_europe
40335,Q328395,Adalbertus Ranconis de Ericinio,re_central_europe,Central Europe,1320.0,theologian | philosopher,europe,re_europe
40344,Q63439460,Beneš Bavoryňský,re_central_europe,Central Europe,1500.0,theologian,europe,re_europe
40346,Q4283092,Marcin of Urzędów,re_central_europe,Central Europe,1500.0,botanist,europe,re_europe
40392,Q1441094,Francesco Lismanini,re_slav_world,Slav world,1504.0,theologian,europe,re_europe
40398,Q12767770,Jakub Pribicer,re_central_europe,Central Europe,1539.0,astronomer,europe,re_europe
40405,Q2474713,Andreas Volanus,re_central_europe,Central Europe,1530.0,theologian,europe,re_europe
40422,Q4515219,Marcin Czechowic,re_central_europe,Central Europe,1532.0,theologian,europe,re_europe
40468,Q55127469,Franz Köckritz,re_central_europe,Central Europe,1497.0,historian,europe,re_europe
40477,Q12669555,Pilypas Frizijus,re_central_europe,Central Europe,1572.0,philosopher,europe,re_europe
40482,Q822924,Bernardino Ochino,re_central_europe,Central Europe,1487.0,theologian,europe,re_europe
40497,Q13188496,Johann Kittel,re_central_europe,Central Europe,1519.0,theologian,europe,re_europe
40509,Q1809504,Lazarus Ercker,re_central_europe,Central Europe,1528.0,geologist,europe,re_europe
40554,Q2582933,Jan Abramowicz,re_central_europe,Central Europe,1540.0,economist,europe,re_europe
40561,Q1174719,David Herlitz,re_central_europe,Central Europe,1557.0,historian | mathematician,europe,re_europe
40563,Q94919939,Meletios Syrigos,re_balkans,Balkans,1585.0,theologian,europe,re_europe
40575,Q4397576,Adam Romer,re_central_europe,Central Europe,1566.0,theologian,europe,re_europe
40588,Q243787,Gregory Palamas,re_balkans,Balkans,1296.0,philosopher,europe,re_europe
40598,Q1383356,Joseph Volotsky,re_slav_world,Slav world,1440.0,philosopher,europe,re_europe
40616,Q561934,Konstantinos Manasses,re_balkans,Balkans,1130.0,historian,europe,re_europe
40621,Q2077114,Peter Monau,re_central_europe,Central Europe,1551.0,philosopher,europe,re_europe
40632,Q104135250,Baltazar Hostounsky,re_central_europe,Central Europe,1534.0,theologian,europe,re_europe
40643,Q794358,András Beythe,re_central_europe,Central Europe,1564.0,botanist,europe,re_europe
40647,Q969637,Georg von Reicherstorffer,re_central_europe,Central Europe,1495.0,geographer | historian,europe,re_europe
40660,Q3599628,Wacław Grodziecki,re_central_europe,Central Europe,1535.0,geographer,europe,re_europe
40670,Q3395472,Dinko Zlatarić,re_balkans,Balkans,1558.0,linguist,europe,re_europe
40676,Q27863176,Jakob Schickfuß,re_central_europe,Central Europe,1574.0,historian,europe,re_europe
40680,Q12037137,Mikuláš Šúd ze Semanína,re_central_europe,Central Europe,1490.0,astronomer,europe,re_europe
40690,Q469783,Princess Anna of Sweden,re_central_europe,Central Europe,1568.0,botanist,europe,re_europe
40700,Q12784132,Albert Ocicky,re_central_europe,Central Europe,1574.0,economist,europe,re_europe
40721,Q43567862,Elias Pistorius Senior,re_central_europe,Central Europe,1590.0,theologian,europe,re_europe
40730,Q177962,Jonas Bretkūnas,re_slav_world,Slav world,1536.0,theologian | linguist | historian,europe,re_europe
40762,Q369562,Wincenty Kadłubek,re_central_europe,Central Europe,1150.0,historian,europe,re_europe
40766,Q17414318,Johannes Heidenreich,re_central_europe,Central Europe,1542.0,theologian,europe,re_europe
40770,Q4225069,Stanisław Kobierzycki,re_central_europe,Central Europe,1600.0,historian,europe,re_europe
40771,Q124645,Sylvester Tegetmeyer,re_central_europe,Central Europe,1450.0,theologian,europe,re_europe
40776,Q3369448,Patrick Fleming,re_central_europe,Central Europe,1599.0,historian,europe,re_europe
40807,Q997054,Izsák Fegyverneki,re_central_europe,Central Europe,1550.0,theologian,europe,re_europe
40822,Q1136207,Cosmus von Simmer,re_central_europe,Central Europe,1581.0,historian,europe,re_europe
40825,Q1498465,Stanisław Kazimierczyk,re_central_europe,Central Europe,1433.0,philosopher,europe,re_europe
40829,Q107928,Peter Becker,re_central_europe,Central Europe,1491.0,theologian,europe,re_europe
40830,Q900908,Miklós Istvánffy,re_balkans,Balkans,1538.0,historian,europe,re_europe
40842,Q15230268,Matěj Červenka,re_central_europe,Central Europe,1521.0,historian,europe,re_europe
40845,Q91453,Magnus Pegel,re_central_europe,Central Europe,1547.0,mathematician,europe,re_europe
40855,Q1698750,Johannes von Hohenmauth,re_central_europe,Central Europe,1400.0,theologian,europe,re_europe
40873,Q8057492,Mateusz Bembus,re_central_europe,Central Europe,1567.0,philosopher,europe,re_europe
40907,Q1682302,Jan Táborský,re_central_europe,Central Europe,1500.0,astronomer,europe,re_europe
40927,Q1396063,Pavao Skalić,re_central_europe,Central Europe,1534.0,theologian | philosopher,europe,re_europe
40944,Q2315627,Albrycht Stanisław Radziwiłł,re_central_europe,Central Europe,1595.0,historian,europe,re_europe
40961,Q647472,Alexander Guagnini,re_central_europe,Central Europe,1538.0,historian,europe,re_europe
40969,Q1644031,Krzysztof Ostorodt,re_central_europe,Central Europe,1560.0,theologian,europe,re_europe
40975,Q368993,Jacobus Sinapius,re_central_europe,Central Europe,1575.0,chemist,europe,re_europe
40994,Q9257495,Fabian Quadrantinus,re_central_europe,Central Europe,1550.0,theologian,europe,re_europe
41002,Q1986767,Nicolaus Biceps,re_central_europe,Central Europe,1400.0,theologian | philosopher,europe,re_europe
41022,Q1910559,Matthäus Ulicky,re_central_europe,Central Europe,1600.0,theologian,europe,re_europe
41032,Q93588,Georg Joachim Rheticus,re_central_europe,Central Europe,1514.0,geographer | astronomer | mathematician,europe,re_europe
41045,Q1698692,John Zygomalas,re_balkans,Balkans,1498.0,theologian,europe,re_europe
41047,Q2559801,Tomasz Makowski,re_central_europe,Central Europe,1575.0,geographer,europe,re_europe
41058,Q1438496,Georg Schönberger,re_central_europe,Central Europe,1596.0,astronomer | mathematician,europe,re_europe
41061,Q634048,Daniel Adam z Veleslavína,re_central_europe,Central Europe,1546.0,linguist | philosopher,europe,re_europe
41065,Q6374651,Kasper Drużbicki,re_central_europe,Central Europe,1590.0,philosopher,europe,re_europe
41088,Q991553,Tamás Esterházy,re_central_europe,Central Europe,1570.0,linguist,europe,re_europe
41098,Q89904,Johannes Mathesius,re_central_europe,Central Europe,1504.0,theologian | geologist,europe,re_europe
41119,Q36620,Tycho Brahe,re_central_europe,Central Europe,1546.0,astronomer,europe,re_europe
41123,Q11765746,Maciej ze Saspowa,re_central_europe,Central Europe,1408.0,philosopher,europe,re_europe
41128,Q95182,Andreas Knopken,re_central_europe,Central Europe,1468.0,theologian,europe,re_europe
41141,Q1904489,Martin Lupáč,re_central_europe,Central Europe,1400.0,theologian,europe,re_europe
41148,Q712463,Piotr Skarga,re_central_europe,Central Europe,1536.0,theologian,europe,re_europe
41150,Q109833229,Jeremias Reusner,re_central_europe,Central Europe,1557.0,historian,europe,re_europe
41152,Q99980669,Adrian Junga,re_central_europe,Central Europe,1550.0,theologian,europe,re_europe
41166,Q540950,Lazarus Secretarius,re_central_europe,Central Europe,1500.0,geographer,europe,re_europe
41174,Q16356686,Zacharias Stopius,re_central_europe,Central Europe,1530.0,astronomer,europe,re_europe
41193,Q315149,Giovanni da Pian del Carpine,re_balkans,Balkans,1182.0,historian,europe,re_europe
41206,Q780601,Michał Twaróg of Bystrzyków,re_central_europe,Central Europe,1450.0,philosopher,europe,re_europe
41213,Q463808,Justus Ludwik Decjusz,re_central_europe,Central Europe,1485.0,historian,europe,re_europe
41218,Q899649,Ludovik Crijević Tuberon,re_balkans,Balkans,1459.0,historian,europe,re_europe
41223,Q784911,Jan Černý-Nigranus,re_central_europe,Central Europe,1500.0,historian,europe,re_europe
41225,Q720424,Raphael Sobiehrd-Mnishovsky,re_central_europe,Central Europe,1580.0,linguist,europe,re_europe
41229,Q1781926,Conrad Berg,re_central_europe,Central Europe,1544.0,theologian,europe,re_europe
41244,Q730349,Matthias Thoraconymus,re_central_europe,Central Europe,1550.0,theologian,europe,re_europe
41273,Q57466,Christoph Scheiner,re_central_europe,Central Europe,1575.0,astronomer | physicist | mathematician,europe,re_europe
41280,Q650558,John Exarch,re_balkans,Balkans,900.0,linguist,europe,re_europe
41303,Q547873,Galeotto Marzio,re_central_europe,Central Europe,1424.0,astronomer | philosopher | historian,europe,re_europe
41315,Q9152767,Andrzej Lipski,re_central_europe,Central Europe,1572.0,historian,europe,re_europe
41329,Q12360594,Christian Bomhower,re_central_europe,Central Europe,1449.0,theologian,europe,re_europe
41332,Q4328208,Johannes Nucius,re_central_europe,Central Europe,1556.0,musicologist,europe,re_europe
41335,Q1162713,István Magyari,re_central_europe,Central Europe,1501.0,theologian,europe,re_europe
41349,Q3946638,Samuel Przypkowski,re_slav_world,Slav world,1592.0,theologian,europe,re_europe
41384,Q11717750,Jan Innocenty Petrycy,re_central_europe,Central Europe,1592.0,historian,europe,re_europe
41389,Q33641,Stanisław Orzechowski,re_central_europe,Central Europe,1513.0,historian,europe,re_europe
41390,Q833697,Bojthi Veres Gáspár,re_central_europe,Central Europe,1595.0,historian,europe,re_europe
41403,Q1212824,Péter Melius Juhász,re_central_europe,Central Europe,1532.0,botanist,europe,re_europe
41425,Q338718,Lawrence of Březová,re_central_europe,Central Europe,1370.0,historian,europe,re_europe
41429,Q12630940,Feliks Petančić,re_balkans,Balkans,1455.0,historian,europe,re_europe
41434,Q1764051,Nikola Vitov Gučetić,re_balkans,Balkans,1549.0,philosopher,europe,re_europe
41439,Q1659938,Immanuel König,re_central_europe,Central Europe,1590.0,theologian,europe,re_europe
41445,Q56389211,György Purkircher,re_central_europe,Central Europe,1530.0,botanist,europe,re_europe
41449,Q500075,Andreas Pouchenius,re_slav_world,Slav world,1553.0,theologian,europe,re_europe
41477,Q16465120,Mykolas Ginkevičius,re_central_europe,Central Europe,1594.0,philosopher,europe,re_europe
41484,Q7519855,Simon Syrenius,re_central_europe,Central Europe,1540.0,botanist,europe,re_europe
41517,Q20676120,Anton Schneeberger,re_central_europe,Central Europe,1530.0,historian,europe,re_europe
41518,Q325530,Petrus Dathenus,re_central_europe,Central Europe,1531.0,theologian,europe,re_europe
41527,Q1910337,Matthias Stojus,re_slav_world,Slav world,1526.0,mathematician,europe,re_europe
41541,Q317916,Cosmas of Prague,re_central_europe,Central Europe,1045.0,historian,europe,re_europe
41544,Q1373002,Ivan Vyshensky,re_balkans,Balkans,1550.0,philosopher,europe,re_europe
41548,Q56255147,Grzegorz ze Stawiszyna,re_central_europe,Central Europe,1481.0,philosopher,europe,re_europe
41584,Q184500,Johannes Scotus Eriugena,re_central_europe,Central Europe,810.0,philosopher,europe,re_europe
41592,Q11817452,Piotr Fabrycy Kowalski,re_central_europe,Central Europe,1552.0,theologian,europe,re_europe
41593,Q1696199,Johannes Eichhorn,re_slav_world,Slav world,1518.0,theologian | mathematician,europe,re_europe
41622,Q728305,Andrzej Frycz Modrzewski,re_central_europe,Central Europe,1503.0,theologian | philosopher,europe,re_europe
41644,Q677202,Jan Brożek,re_central_europe,Central Europe,1585.0,astronomer | mathematician,europe,re_europe
41650,Q1698599,Johannes Wenceslai von Prag,re_central_europe,Central Europe,1400.0,theologian | philosopher | mathematician,europe,re_europe
41663,Q1793268,Petr Herbert,re_central_europe,Central Europe,1533.0,theologian,europe,re_europe
41682,Q215346,Mikael Agricola,re_slav_world,Slav world,1510.0,theologian | linguist,europe,re_europe
41687,Q1505431,Georg Mylius,re_slav_world,Slav world,1567.0,theologian,europe,re_europe
41702,Q4202467,John Eugenikos,re_balkans,Balkans,1380.0,theologian,europe,re_europe
41717,Q1030331,Gergely Gyöngyösi,re_central_europe,Central Europe,1472.0,historian,europe,re_europe
41722,Q1226315,Wawrzyniec Grzymała Goślicki,re_central_europe,Central Europe,1530.0,philosopher,europe,re_europe
41726,Q1302535,Marin Getaldić,re_balkans,Balkans,1568.0,physicist | mathematician,europe,re_europe
41728,Q74715977,Bernard Wojewódka,re_central_europe,Central Europe,1600.0,mathematician,europe,re_europe
41733,Q11765382,Maciej Głoskowski,re_central_europe,Central Europe,1590.0,geographer | mathematician,europe,re_europe
41735,Q10860785,Zigmund Antoch z Helfenberka,re_central_europe,Central Europe,1508.0,mathematician,europe,re_europe
41737,Q2941160,Caspar Schwenckfeld,re_central_europe,Central Europe,1563.0,zoologist,europe,re_europe
41742,Q163833,Sebastian z Felsztyna,re_central_europe,Central Europe,1485.0,musicologist,europe,re_europe
41761,Q11771392,Mateusz Cygański,re_central_europe,Central Europe,1535.0,zoologist,europe,re_europe
41786,Q1354678,Meletius Smotrytsky,re_slav_world,Slav world,1577.0,linguist,europe,re_europe
41797,Q55127332,Hieronymus Gürtler von Wildenberg,re_central_europe,Central Europe,1465.0,physicist,europe,re_europe
41804,Q1388209,Peter Sick,re_central_europe,Central Europe,1530.0,theologian,europe,re_europe
41812,Q1485186,Peter Hegemon,re_slav_world,Slav world,1512.0,theologian,europe,re_europe
41829,Q11717749,Jan Isner,re_central_europe,Central Europe,1345.0,theologian,europe,re_europe
41834,Q95499,Caspar Schütz,re_central_europe,Central Europe,1540.0,historian,europe,re_europe
41841,Q10989774,Hermann Samson,re_central_europe,Central Europe,1579.0,theologian,europe,re_europe
41844,Q2502886,Benedict Herbest,re_central_europe,Central Europe,1531.0,theologian,europe,re_europe
41845,Q5171313,Cornelius Burges,re_central_europe,Central Europe,1589.0,theologian,europe,re_europe
41853,Q1478049,Wawrzyniec z Raciborza,re_central_europe,Central Europe,1381.0,astronomer | mathematician,europe,re_europe
41854,Q809577,Bartoš Písař,re_central_europe,Central Europe,1470.0,historian,europe,re_europe
41862,Q3044483,Demetrios Chrysoloras,re_balkans,Balkans,1350.0,theologian | astronomer | philosopher,europe,re_europe
41867,Q549965,János Vitéz,re_central_europe,Central Europe,1408.0,astronomer | mathematician,europe,re_europe
41868,Q12043992,Pavel Aretin z Ehrenfeldu,re_central_europe,Central Europe,1600.0,geographer,europe,re_europe
41885,Q2880362,Alexius Sylvius Polonus,re_central_europe,Central Europe,1593.0,astronomer,europe,re_europe
41891,Q3190558,Justus Baronius Calvinus,re_central_europe,Central Europe,1570.0,theologian,europe,re_europe
41915,Q66514,Leonhard Rauwolf,re_central_europe,Central Europe,1535.0,botanist,europe,re_europe
41918,Q94909733,Petrus Fradelius,re_central_europe,Central Europe,1580.0,historian,europe,re_europe
41923,Q435083,Kirik the Novgorodian,re_slav_world,Slav world,1110.0,mathematician,europe,re_europe
41943,Q106548636,Stanisław Grodzicki,re_central_europe,Central Europe,1541.0,theologian,europe,re_europe
41962,Q107975,Jakob Monau,re_central_europe,Central Europe,1546.0,linguist,europe,re_europe
41966,Q320935,Nestor the Chronicler,re_slav_world,Slav world,1056.0,historian,europe,re_europe
41977,Q11698957,Fryderyk Alembek,re_slav_world,Slav world,1598.0,philosopher,europe,re_europe
42023,Q1468644,Tobiah ben Eliezer,re_balkans,Balkans,1050.0,theologian,europe,re_europe
42024,Q67531,Paul Speratus,re_central_europe,Central Europe,1484.0,theologian,europe,re_europe
42029,Q2559749,Wenzel Faber,re_central_europe,Central Europe,1455.0,astronomer,europe,re_europe
42064,Q321191,Přibík Pulkava,re_central_europe,Central Europe,1400.0,historian,europe,re_europe
42065,Q275624,John Cantius,re_central_europe,Central Europe,1390.0,theologian | physicist,europe,re_europe
42068,Q619,Nicolaus Copernicus,re_central_europe,Central Europe,1473.0,philosopher | physicist | astronomer | mathematician | economist,europe,re_europe
42074,Q1894560,Marek Bydžovský z Florentina,re_central_europe,Central Europe,1540.0,astronomer | historian | mathematician,europe,re_europe
42087,Q73571,Valerius Herberger,re_central_europe,Central Europe,1562.0,theologian | historian,europe,re_europe
42109,Q3138994,Stanisław Górski,re_central_europe,Central Europe,1497.0,historian,europe,re_europe
42131,Q103794,Bartholomäus Suawe,re_central_europe,Central Europe,1494.0,theologian,europe,re_europe
42149,Q1280218,Jakob Fabricius,re_central_europe,Central Europe,1551.0,theologian,europe,re_europe
42156,Q9264089,Fryderyk Szembek,re_central_europe,Central Europe,1575.0,historian,europe,re_europe
42158,Q1618122,Konstantinas Sirvydas,re_central_europe,Central Europe,1579.0,linguist,europe,re_europe
42164,Q2492723,Martinus Smiglecius,re_central_europe,Central Europe,1563.0,philosopher,europe,re_europe
42168,Q1306652,Conradus Bitschin,re_central_europe,Central Europe,1400.0,theologian,europe,re_europe
42174,Q1679103,Jakob Hogensee,re_central_europe,Central Europe,1495.0,theologian,europe,re_europe
42176,Q983688,Dimitrios Kydones,re_balkans,Balkans,1324.0,theologian,europe,re_europe
42183,Q1690375,Joachim Praetorius,re_central_europe,Central Europe,1566.0,theologian,europe,re_europe
42186,Q17073754,Johann Burchart,re_central_europe,Central Europe,1546.0,chemist,europe,re_europe
42204,Q13032799,Stanislaw Paholovicky,re_central_europe,Central Europe,1550.0,geographer,europe,re_europe
42217,Q912011,Jalal al-Din Khan ibn Tokhtamysh,re_slav_world,Slav world,1380.0,historian,europe,re_europe
42220,Q3492041,Wenceslas Pantaleon Kirwitzer,re_central_europe,Central Europe,1588.0,astronomer,europe,re_europe
42233,Q7247406,Prochorus Cydones,re_balkans,Balkans,1330.0,theologian,europe,re_europe
42239,Q107629,Andreas Aurifaber,re_slav_world,Slav world,1514.0,physicist,europe,re_europe
42246,Q2287420,Simon Bruns,re_central_europe,Central Europe,1525.0,theologian,europe,re_europe
42248,Q2363840,Avraamy Palitsyn,re_slav_world,Slav world,1550.0,historian,europe,re_europe
42252,Q326530,Peter of Zittau,re_central_europe,Central Europe,1275.0,historian,europe,re_europe
42258,Q1421310,Nikolaus Neodomus,re_slav_world,Slav world,1535.0,mathematician,europe,re_europe
42293,Q764531,Václav Březan,re_central_europe,Central Europe,1568.0,historian,europe,re_europe
42295,Q1313584,Tomáš Štítný ze Štítného,re_central_europe,Central Europe,1333.0,philosopher,europe,re_europe
42309,Q4340740,Wojciech Oczko,re_central_europe,Central Europe,1537.0,philosopher,europe,re_europe
42313,Q1903814,Martin Gallus,re_central_europe,Central Europe,1505.0,theologian,europe,re_europe
42374,Q531492,Gjon Gazulli,re_balkans,Balkans,1400.0,mathematician,europe,re_europe
42379,Q1395241,Mikalojus Daukša,re_central_europe,Central Europe,1527.0,linguist,europe,re_europe
42383,Q3809351,John Hothby,re_central_europe,Central Europe,1410.0,musicologist,europe,re_europe
42385,Q11767677,Marcin Laterna,re_slav_world,Slav world,1552.0,theologian,europe,re_europe
42396,Q897182,Johannes de Thurocz,re_central_europe,Central Europe,1435.0,historian,europe,re_europe
42408,Q94924828,Ludwig Camerarius,re_central_europe,Central Europe,1542.0,botanist,europe,re_europe
42421,Q4396852,Jan Rokyta,re_central_europe,Central Europe,1528.0,theologian,europe,re_europe
42439,Q11766601,Maximus Chrysoberges,re_balkans,Balkans,1400.0,theologian,europe,re_europe
42456,Q2538817,Nikephoros Choumnos,re_balkans,Balkans,1250.0,philosopher,europe,re_europe
42463,Q563306,Caspar Hennenberger,re_slav_world,Slav world,1529.0,geographer | historian,europe,re_europe
42468,Q48840242,Andrzej Łaskarz,re_central_europe,Central Europe,1362.0,theologian,europe,re_europe
42481,Q6302099,Judah Leon ben Moses Mosconi,re_balkans,Balkans,1328.0,historian,europe,re_europe
42483,Q6103681,Aşık Çelebi,re_balkans,Balkans,1519.0,historian,europe,re_europe
42485,Q12278401,Dimitrije Kantakouzenos,re_balkans,Balkans,1500.0,historian,europe,re_europe
42487,Q2548769,Gregory Akindynos,re_balkans,Balkans,1300.0,theologian,europe,re_europe
0,Q316119,Gnaeus Pompeius Trogus,re_latin,Latin World,-100.0,historian,non_europe,re_latin
1,Q782074,Claudianus Mamertus,re_latin,Latin World,420.0,theologian | philosopher,non_europe,re_latin
2,Q182123,Irenaeus,re_latin,Latin World,130.0,theologian | philosopher,non_europe,re_latin
3,Q44344,Hilary of Poitiers,re_latin,Latin World,315.0,theologian | philosopher,non_europe,re_latin
4,Q1430,Marcus Aurelius,re_latin,Latin World,121.0,philosopher,non_europe,re_latin
5,Q313795,John Cassian,re_latin,Latin World,360.0,theologian,non_europe,re_latin
6,Q50082878,Jess Wade,re_latin,Latin World,2.0,physicist,non_europe,re_latin
7,Q723645,Victorius of Aquitaine,re_latin,Latin World,450.0,astronomer | mathematician,non_europe,re_latin
8,Q209102,Lactantius,re_latin,Latin World,250.0,philosopher | historian,non_europe,re_latin
9,Q2891791,Latinius Pacatus Drepanius,re_latin,Latin World,400.0,historian,non_europe,re_latin
10,Q2161,Tacitus,re_latin,Latin World,54.0,philosopher | historian,non_europe,re_latin
11,Q885870,Victorinus Junior,re_latin,Latin World,300.0,historian,non_europe,re_latin
12,Q239448,Pompeia Plotina,re_latin,Latin World,70.0,philosopher,non_europe,re_latin
13,Q532684,Salvian,re_latin,Latin World,400.0,theologian | historian,non_europe,re_latin
14,Q336704,Sulpicius Severus,re_latin,Latin World,360.0,historian,non_europe,re_latin
15,Q297515,Pomponius Mela,re_latin,Latin World,15.0,geographer | historian,non_europe,re_latin
16,Q188646,Lucan,re_latin,Latin World,39.0,historian,non_europe,re_latin
17,Q535060,Terentianus,re_latin,Latin World,150.0,linguist,non_europe,re_latin
18,Q10133,Suetonius,re_latin,Latin World,70.0,historian,non_europe,re_latin
19,Q109998607,Tommaso Massarini,re_latin,Latin World,18.0,historian,non_europe,re_latin
20,Q656891,Arulenus Rusticus,re_latin,Latin World,35.0,philosopher,non_europe,re_latin
21,Q207113,Hippolytus,re_latin,Latin World,170.0,theologian,non_europe,re_latin
22,Q755297,Athenaeus Mechanicus,re_latin,Latin World,-199.0,philosopher | mathematician,non_europe,re_latin
23,Q74243,Marcus Cluvius Rufus,re_latin,Latin World,50.0,historian,non_europe,re_latin
24,Q506540,Didymus Chalcenterus,re_latin,Latin World,-62.0,linguist,non_europe,re_latin
25,Q248733,Eusebius of Myndus,re_latin,Latin World,300.0,philosopher,non_europe,re_latin
26,Q311835,Pittacus of Mytilene,re_greek_world,Greek World,-650.0,philosopher,non_europe,re_greek_world
27,Q708247,Gaius Marius Victorinus,re_latin,Latin World,290.0,theologian | philosopher,non_europe,re_latin
28,Q134189,Plotinus,re_latin,Latin World,205.0,philosopher,non_europe,re_latin
29,Q594441,Publius Clodius Thrasea Paetus,re_latin,Latin World,100.0,philosopher,non_europe,re_latin
30,Q706319,Marinus of Tyre,re_latin,Latin World,100.0,geographer | mathematician,non_europe,re_latin
31,Q82778,Pliny the Elder,re_latin,Latin World,20.0,philosopher | historian | anatomist,non_europe,re_latin
32,Q298376,Gaius Julius Hyginus,re_latin,Latin World,-63.0,astronomer,non_europe,re_latin
33,Q447741,Lucius Calbenus Taurus,re_latin,Latin World,150.0,philosopher,non_europe,re_latin
34,Q758060,Atticus,re_latin,Latin World,150.0,philosopher,non_europe,re_latin
35,Q670317,Gaius Oppius,re_latin,Latin World,-100.0,historian,non_europe,re_latin
36,Q248969,Sopater of Apamea,re_latin,Latin World,242.0,philosopher,non_europe,re_latin
37,Q1164993,Marcus Junius Congus Gracchanus,re_latin,Latin World,-200.0,historian,non_europe,re_latin
38,Q1385296,Quintus Sextius,re_latin,Latin World,-50.0,philosopher,non_europe,re_latin
39,Q365835,Tyrannius Rufinus,re_latin,Latin World,345.0,theologian,non_europe,re_latin
40,Q3624758,Marcus Actorius Naso,re_latin,Latin World,-100.0,historian,non_europe,re_latin
41,Q1376509,Sulpicius Alexander,re_latin,Latin World,400.0,historian,non_europe,re_latin
42,Q174929,Tertullian,re_latin,Latin World,160.0,theologian | philosopher,non_europe,re_latin
43,Q210853,Justin,re_latin,Latin World,101.0,historian,non_europe,re_latin
44,Q1390986,Helvidius Priscus,re_latin,Latin World,50.0,philosopher,non_europe,re_latin
45,Q311733,Titus Pomponius Atticus,re_latin,Latin World,-109.0,philosopher,non_europe,re_latin
46,Q2312613,Flavius Lucius Dexter,re_latin,Latin World,400.0,historian,non_europe,re_latin
47,Q782401,Sallustius,re_latin,Latin World,400.0,philosopher,non_europe,re_latin
48,Q443278,Antonia Gordiana,re_latin,Latin World,201.0,historian,non_europe,re_latin
49,Q294800,Aulus Gellius,re_latin,Latin World,130.0,philosopher,non_europe,re_latin
50,Q44170,Ignatius of Antioch,re_latin,Latin World,35.0,theologian,non_europe,re_latin
51,Q2054,Seneca,re_latin,Latin World,-4.0,philosopher,non_europe,re_latin
52,Q1237555,Aulus Egnatius Priscillianus,re_latin,Latin World,135.0,philosopher,non_europe,re_latin
53,Q273671,Seneca the Elder,re_latin,Latin World,-53.0,philosopher | historian,non_europe,re_latin
54,Q947576,Valerius Antias,re_latin,Latin World,-200.0,historian,non_europe,re_latin
55,Q11923560,Gaius Fannius,re_latin,Latin World,100.0,historian,non_europe,re_latin
56,Q26204,Dionysius of Halicarnassus,re_latin,Latin World,-59.0,historian,non_europe,re_latin
57,Q741160,Lucius Ampelius,re_latin,Latin World,150.0,historian,non_europe,re_latin
58,Q290471,Moderatus of Gades,re_latin,Latin World,50.0,philosopher,non_europe,re_latin
59,Q223615,Flavius Caper,re_latin,Latin World,150.0,linguist,non_europe,re_latin
60,Q727792,Lucius Arruntius the Elder,re_latin,Latin World,-100.0,historian,non_europe,re_latin
61,Q106026,Arius,re_latin,Latin World,250.0,theologian,non_europe,re_latin
62,Q319273,Gaius Asinius Pollio,re_latin,Latin World,-74.0,historian,non_europe,re_latin
63,Q759760,Aufidius Bassus,re_latin,Latin World,-50.0,historian,non_europe,re_latin
64,Q966315,Virius Nicomachus Flavianus,re_latin,Latin World,400.0,historian,non_europe,re_latin
65,Q682860,Julius Obsequens,re_latin,Latin World,400.0,historian,non_europe,re_latin
66,Q669971,Trebellius Pollio,re_latin,Latin World,250.0,historian,non_europe,re_latin
67,Q252841,Seleucus,re_latin,Latin World,200.0,historian,non_europe,re_latin
68,Q1391069,Rabbi Ishmael,re_latin,Latin World,70.0,philosopher,non_europe,re_latin
69,Q897734,Lucius Lucceius,re_latin,Latin World,-105.0,historian,non_europe,re_latin
70,Q190240,Cyprian,re_latin,Latin World,200.0,philosopher,non_europe,re_latin
71,Q313782,Aelian,re_latin,Latin World,200.0,zoologist | historian,non_europe,re_latin
72,Q1271013,Adrian of Tyre,re_latin,Latin World,113.0,philosopher,non_europe,re_latin
73,Q1084333,Flavius Sallustius,re_latin,Latin World,350.0,philosopher,non_europe,re_latin
74,Q313924,Nicolaus of Damascus,re_latin,Latin World,-63.0,philosopher | historian,non_europe,re_latin
75,Q563283,Gaius Asinius Quadratus,re_latin,Latin World,200.0,historian,non_europe,re_latin
76,Q1541,Cicero,re_latin,Latin World,-106.0,philosopher,non_europe,re_latin
77,Q192931,Pausanias,re_latin,Latin World,115.0,geographer | historian,non_europe,re_latin
78,Q175042,Nigidius Figulus,re_latin,Latin World,-97.0,philosopher,non_europe,re_latin
79,Q335309,Aulus Claudius Charax,re_latin,Latin World,150.0,historian,non_europe,re_latin
80,Q12285191,Lucius Aemilius Juncus,re_latin,Latin World,100.0,philosopher,non_europe,re_latin
81,Q1025379,Caelestius,re_latin,Latin World,380.0,theologian,non_europe,re_latin
82,Q2335606,Pierius,re_latin,Latin World,201.0,philosopher,non_europe,re_latin
83,Q772773,Antonius Musa,re_latin,Latin World,-62.0,botanist,non_europe,re_latin
84,Q255448,Porcia,re_latin,Latin World,-100.0,philosopher,non_europe,re_latin
85,Q316098,Marcus Velleius Paterculus,re_latin,Latin World,-18.0,historian,non_europe,re_latin
86,Q451550,Philodemus,re_latin,Latin World,-109.0,philosopher,non_europe,re_latin
87,Q171241,Diodorus Siculus,re_latin,Latin World,-89.0,geographer | historian,non_europe,re_latin
88,Q1159625,Lucius Voltacilius Pitholaus,re_latin,Latin World,-100.0,historian,non_europe,re_latin
89,Q26825,Herodotos,re_greek_world,Greek World,-483.0,historian,non_europe,re_greek_world
90,Q444285,Asconius Pedianus,re_latin,Latin World,-8.0,historian,non_europe,re_latin
91,Q274091,Dionysius Exiguus,re_latin,Latin World,475.0,mathematician,non_europe,re_latin
92,Q222890,Novatian,re_latin,Latin World,220.0,theologian,non_europe,re_latin
93,Q391514,Julius Capitolinus,re_latin,Latin World,250.0,historian,non_europe,re_latin
94,Q15429187,Eumachus of Neapolis,re_latin,Latin World,-200.0,historian,non_europe,re_latin
95,Q450708,Gaius Asinius Gallus,re_latin,Latin World,-39.0,historian,non_europe,re_latin
96,Q934244,Pomponius Porphyrion,re_latin,Latin World,201.0,linguist,non_europe,re_latin
97,Q12093928,Gaius Clodius Licinus,re_latin,Latin World,-50.0,historian,non_europe,re_latin
98,Q47154,Lucretius,re_latin,Latin World,-93.0,philosopher,non_europe,re_latin
99,Q2036794,Timagenes,re_latin,Latin World,-100.0,historian,non_europe,re_latin
100,Q2857528,Antonius Castor,re_latin,Latin World,50.0,botanist,non_europe,re_latin
101,Q248624,Amelius,re_latin,Latin World,200.0,philosopher,non_europe,re_latin
102,Q441590,Eustathius of Cappadocia,re_latin,Latin World,300.0,philosopher,non_europe,re_latin
103,Q248578,Chrysanthius,re_latin,Latin World,310.0,philosopher,non_europe,re_latin
104,Q772677,Aulus Cremutius Cordus,re_latin,Latin World,-50.0,historian,non_europe,re_latin
105,Q185117,Justin Martyr,re_latin,Latin World,100.0,theologian | philosopher,non_europe,re_latin
106,Q11925501,Hermogenes of Carthago,re_latin,Latin World,150.0,theologian,non_europe,re_latin
107,Q561367,Lucius Aelius Stilo Praeconinus,re_latin,Latin World,-153.0,philosopher,non_europe,re_latin
108,Q354431,Aelius Aristides,re_latin,Latin World,117.0,philosopher,non_europe,re_latin
109,Q673402,Gaius Sulpicius Gallus,re_latin,Latin World,-208.0,astronomer,non_europe,re_latin
110,Q927711,Messius Phoebus Severus,re_latin,Latin World,450.0,philosopher,non_europe,re_latin
111,Q451572,Menelaus of Alexandria,re_latin,Latin World,70.0,astronomer | mathematician,non_europe,re_latin
112,Q192365,Cassiodorus,re_latin,Latin World,487.0,musicologist | philosopher | historian,non_europe,re_latin
113,Q134461,Josephus,re_latin,Latin World,37.0,historian,non_europe,re_latin
114,Q537755,Polyaenus,re_latin,Latin World,101.0,historian,non_europe,re_latin
115,Q316123,Silius Italicus,re_latin,Latin World,26.0,historian,non_europe,re_latin
116,Q1121669,Ticonius,re_latin,Latin World,370.0,theologian,non_europe,re_latin
117,Q515249,Caecilius of Calacte,re_latin,Latin World,-50.0,historian,non_europe,re_latin
118,Q554387,Favorinus,re_latin,Latin World,85.0,philosopher,non_europe,re_latin
119,Q1164905,Marius Plotius Sacerdos,re_latin,Latin World,200.0,linguist,non_europe,re_latin
120,Q735515,Aspasius,re_latin,Latin World,80.0,philosopher,non_europe,re_latin
121,Q765147,Januarius Nepotianus,re_latin,Latin World,300.0,historian,non_europe,re_latin
122,Q313056,Herodian,re_latin,Latin World,170.0,historian,non_europe,re_latin
123,Q349959,Quintus Dellius,re_latin,Latin World,-100.0,historian,non_europe,re_latin
124,Q1474972,Furius Dionysius Filocalus,re_latin,Latin World,400.0,historian,non_europe,re_latin
125,Q221465,Hydatius,re_latin,Latin World,400.0,historian,non_europe,re_latin
126,Q507036,Lucius Annaeus Cornutus,re_latin,Latin World,20.0,philosopher,non_europe,re_latin
127,Q833663,Herennius Senecio,re_latin,Latin World,50.0,philosopher | historian,non_europe,re_latin
128,Q109594,Cornelius Nepos,re_latin,Latin World,-99.0,historian,non_europe,re_latin
129,Q201346,Marcion of Sinope,re_latin,Latin World,85.0,theologian | philosopher,non_europe,re_latin
130,Q172198,Ammianus Marcellinus,re_latin,Latin World,330.0,historian,non_europe,re_latin
131,Q441138,Alexandros Polyhistor,re_latin,Latin World,-99.0,geographer,non_europe,re_latin
132,Q1242065,Quintus Baebius Macer,re_latin,Latin World,50.0,historian,non_europe,re_latin
133,Q446155,Cronius the Pythagorean,re_latin,Latin World,200.0,philosopher,non_europe,re_latin
134,Q748621,Victor of Vita,re_latin,Latin World,430.0,historian,non_europe,re_latin
135,Q546375,Publius Egnatius Celer,re_latin,Latin World,100.0,philosopher,non_europe,re_latin
136,Q18999,Junius Rusticus,re_latin,Latin World,100.0,philosopher,non_europe,re_latin
137,Q729244,Calcidius,re_latin,Latin World,350.0,philosopher,non_europe,re_latin
138,Q2868804,Lucius Ateius Praetextatus,re_latin,Latin World,-104.0,linguist,non_europe,re_latin
139,Q718213,Auxentius of Milan,re_latin,Latin World,301.0,theologian,non_europe,re_latin
140,Q1232970,Marcus Servilius Nonianus,re_latin,Latin World,-50.0,historian,non_europe,re_latin
141,Q1243321,Vulcacius Gallicanus,re_latin,Latin World,250.0,historian,non_europe,re_latin
142,Q16932930,Saint Sylvia of Aquitaine,re_latin,Latin World,330.0,historian,non_europe,re_latin
143,Q367422,Julius Firmicus Maternus,re_latin,Latin World,400.0,astronomer,non_europe,re_latin
144,Q365110,Philo of Larissa,re_latin,Latin World,-144.0,philosopher,non_europe,re_latin
145,Q6197,Horace,re_latin,Latin World,-64.0,philosopher,non_europe,re_latin
146,Q1965137,Marcus Favonius,re_latin,Latin World,-89.0,philosopher,non_europe,re_latin
147,Q180081,Cato the Elder,re_latin,Latin World,-233.0,economist,non_europe,re_latin
148,Q833542,Aelius Lampridius,re_latin,Latin World,400.0,historian,non_europe,re_latin
149,Q4807731,Aspasius of Ravenna,re_latin,Latin World,200.0,philosopher,non_europe,re_latin
150,Q1098323,Claudius Maximus,re_latin,Latin World,200.0,philosopher,non_europe,re_latin
151,Q2039,Titus Livius,re_latin,Latin World,-58.0,historian,non_europe,re_latin
152,Q379991,Valerius Maximus,re_latin,Latin World,-100.0,historian,non_europe,re_latin
153,Q3189849,Julius Exsuperantius,re_latin,Latin World,350.0,historian,non_europe,re_latin
154,Q975318,Granius Licinianus,re_latin,Latin World,101.0,historian,non_europe,re_latin
155,Q102851,Boethius,re_latin,Latin World,480.0,musicologist | philosopher | mathematician,non_europe,re_latin
156,Q3838837,Lucius Crassicius Pansa,re_latin,Latin World,-50.0,philosopher,non_europe,re_latin
157,Q185770,Posidonius,re_latin,Latin World,-134.0,philosopher | physicist | astronomer | mathematician | geographer | historian,non_europe,re_latin
158,Q1225062,Siro the Epicurean,re_latin,Latin World,-100.0,philosopher,non_europe,re_latin
159,Q965333,Theodorus of Asine,re_latin,Latin World,275.0,philosopher,non_europe,re_latin
160,Q995441,Fabius Rusticus,re_latin,Latin World,100.0,historian,non_europe,re_latin
161,Q454652,Prosper of Aquitaine,re_latin,Latin World,390.0,theologian | historian,non_europe,re_latin
162,Q11035375,Quintus Aelius Tubero,re_latin,Latin World,-162.0,philosopher,non_europe,re_latin
163,Q535137,Marius Maximus,re_latin,Latin World,165.0,historian,non_europe,re_latin
164,Q8778,Galen,re_latin,Latin World,200.0,anatomist,non_europe,re_latin
165,Q1114706,Romulus of Genoa,re_latin,Latin World,301.0,theologian,non_europe,re_latin
166,Q1232604,Julius Valerius Alexander Polemius,re_latin,Latin World,250.0,historian,non_europe,re_latin
167,Q6033021,Palladius of Ratiaria,re_latin,Latin World,301.0,theologian,non_europe,re_latin
168,Q315370,Celsus,re_latin,Latin World,200.0,philosopher,non_europe,re_latin
169,Q317055,Marcus Cornelius Fronto,re_latin,Latin World,100.0,philosopher,non_europe,re_latin
170,Q381874,Gaius Musonius Rufus,re_latin,Latin World,25.0,philosopher,non_europe,re_latin
171,Q1223467,Quintus Lucilius Balbus,re_latin,Latin World,0.0,philosopher,non_europe,re_latin
172,Q312410,Epicharmus of Kos,re_greek_world,Greek World,-523.0,philosopher | mathematician,non_europe,re_greek_world
173,Q1349817,Castor of Rhodes,re_latin,Latin World,100.0,historian,non_europe,re_latin
174,Q59138,Diogenes Laërtius,re_latin,Latin World,180.0,philosopher | historian,non_europe,re_latin
175,Q1411,Claudius,re_latin,Latin World,-9.0,historian,non_europe,re_latin
176,Q332785,Persius,re_latin,Latin World,34.0,philosopher,non_europe,re_latin
177,Q190368,Appian,re_latin,Latin World,95.0,historian,non_europe,re_latin
178,Q707449,Censorinus,re_latin,Latin World,250.0,musicologist,non_europe,re_latin
179,Q316483,Lucius Annaeus Florus,re_latin,Latin World,70.0,historian,non_europe,re_latin
180,Q1159576,Lucius Aelius Tubero,re_latin,Latin World,-150.0,philosopher | historian,non_europe,re_latin
181,Q1376539,Renatus Profuturus Frigeridus,re_latin,Latin World,400.0,historian,non_europe,re_latin
182,Q138724,Lucius Tarutius Firmanus,re_latin,Latin World,-100.0,astronomer | philosopher | mathematician,non_europe,re_latin
183,Q2994436,Consentius,re_latin,Latin World,400.0,linguist,non_europe,re_latin
184,Q2248247,Quintus Terentius Scaurus,re_latin,Latin World,201.0,linguist,non_europe,re_latin
185,Q10261,Pythagoras,re_greek_world,Greek World,-582.0,musicologist | philosopher | mathematician,non_europe,re_greek_world
186,Q311456,Orosius,re_latin,Latin World,385.0,theologian | historian,non_europe,re_latin
187,Q1133857,Cornelius Labeo,re_latin,Latin World,250.0,philosopher,non_europe,re_latin
188,Q772775,Polemon of Laodicea,re_latin,Latin World,90.0,philosopher,non_europe,re_latin
189,Q521520,Gaius Licinius Mucianus,re_latin,Latin World,100.0,historian,non_europe,re_latin
190,Q1237504,Plotius Crispinus,re_latin,Latin World,-50.0,philosopher,non_europe,re_latin
191,Q662582,Fenestella,re_latin,Latin World,-35.0,historian,non_europe,re_latin
192,Q206119,Marcus Terentius Varro,re_latin,Latin World,-115.0,musicologist | philosopher,non_europe,re_latin
193,Q532315,Athenodoros Cordylion,re_latin,Latin World,-50.0,philosopher,non_europe,re_latin
194,Q950770,Quintus Aelius Tubero,re_latin,Latin World,-73.0,historian,non_europe,re_latin
195,Q4298,Publius Flavius Vegetius Renatus,re_latin,Latin World,400.0,historian,non_europe,re_latin
196,Q1227766,Paeanius,re_latin,Latin World,400.0,historian,non_europe,re_latin
197,Q9200,Paul the Apostle,re_latin,Latin World,5.0,theologian,non_europe,re_latin
198,Q2123334,Quintus Aelius Tubero,re_latin,Latin World,-75.0,historian,non_europe,re_latin
199,Q761346,Servius Fabius Pictor,re_latin,Latin World,-189.0,historian,non_europe,re_latin
200,Q272087,Tatian,re_latin,Latin World,120.0,theologian | philosopher,non_europe,re_latin
201,Q1662957,Julian of Eclanum,re_latin,Latin World,386.0,philosopher,non_europe,re_latin
202,Q859652,Cerdo,re_latin,Latin World,200.0,theologian,non_europe,re_latin
203,Q11906126,Publius Anteius Antiochus,re_latin,Latin World,150.0,philosopher,non_europe,re_latin
204,Q47180,Petronius,re_latin,Latin World,27.0,philosopher,non_europe,re_latin
205,Q794615,Aetius,re_latin,Latin World,200.0,astronomer | philosopher,non_europe,re_latin
206,Q520487,Gaius Julius Solinus,re_latin,Latin World,400.0,geographer | historian,non_europe,re_latin
207,Q1230624,Aelius Spartianus,re_latin,Latin World,301.0,historian,non_europe,re_latin
208,Q43689,Ambrose,re_latin,Latin World,339.0,theologian | philosopher,non_europe,re_latin
209,Q905137,Didymus the Musician,re_latin,Latin World,-100.0,musicologist,non_europe,re_latin
210,Q203445,Porphyry,re_latin,Latin World,233.0,musicologist | philosopher | historian,non_europe,re_latin
211,Q8747,Euclid,re_greek_world,Greek World,-322.0,mathematician,non_europe,re_greek_world
212,Q1150145,Polemon of Athens,re_greek_world,Greek World,200.0,geographer | philosopher | historian,non_europe,re_greek_world
213,Q660170,Isidore of Alexandria,re_greek_world,Greek World,450.0,philosopher,non_europe,re_greek_world
214,Q248287,Peregrinus Proteus,re_greek_world,Greek World,95.0,philosopher,non_europe,re_greek_world
215,Q2369009,Apollodorus the Epicurean,re_greek_world,Greek World,-150.0,philosopher,non_europe,re_greek_world
216,Q185206,Priscian of Lydia,re_greek_world,Greek World,500.0,philosopher,non_europe,re_greek_world
217,Q1377100,Calippus of Syracuse,re_greek_world,Greek World,-350.0,philosopher,non_europe,re_greek_world
218,Q297420,Panaetius,re_greek_world,Greek World,-184.0,philosopher,non_europe,re_greek_world
219,Q1465879,Xeniades,re_greek_world,Greek World,-500.0,philosopher,non_europe,re_greek_world
220,Q359231,Bion of Borysthenes,re_greek_world,Greek World,-324.0,philosopher,non_europe,re_greek_world
221,Q228564,Aspasia,re_greek_world,Greek World,-469.0,philosopher,non_europe,re_greek_world
222,Q580565,Palaephatus,re_greek_world,Greek World,-400.0,historian,non_europe,re_greek_world
223,Q297402,Prodicus,re_greek_world,Greek World,-459.0,philosopher,non_europe,re_greek_world
224,Q179149,Antisthenes,re_greek_world,Greek World,-443.0,philosopher,non_europe,re_greek_world
225,Q555818,Philippus of Opus,re_greek_world,Greek World,-400.0,astronomer | philosopher | mathematician,non_europe,re_greek_world
226,Q2482150,Cleidemus,re_greek_world,Greek World,-350.0,historian,non_europe,re_greek_world
227,Q183144,Epictetus,re_greek_world,Greek World,50.0,philosopher,non_europe,re_greek_world
228,Q913,Socrates,re_greek_world,Greek World,-468.0,philosopher,non_europe,re_greek_world
229,Q5382897,Epigenes,re_greek_world,Greek World,-450.0,philosopher,non_europe,re_greek_world
230,Q928470,Simmias of Thebes,re_greek_world,Greek World,-500.0,philosopher | mathematician,non_europe,re_greek_world
231,Q108577191,Archilochus,re_greek_world,Greek World,-271.0,historian,non_europe,re_greek_world
232,Q983755,Praxagoras of Athens,re_greek_world,Greek World,400.0,historian,non_europe,re_greek_world
233,Q288467,Lastheneia of Mantinea,re_greek_world,Greek World,-350.0,philosopher,non_europe,re_greek_world
234,Q349916,Aristidis of Athens,re_greek_world,Greek World,150.0,philosopher,non_europe,re_greek_world
235,Q962486,Echecrates of Phlius,re_greek_world,Greek World,-499.0,philosopher,non_europe,re_greek_world
236,Q169243,Protagoras,re_greek_world,Greek World,-489.0,philosopher,non_europe,re_greek_world
237,Q366031,Anaxarchus,re_greek_world,Greek World,-379.0,philosopher,non_europe,re_greek_world
238,Q1236440,Bion of Abdera,re_greek_world,Greek World,-429.0,astronomer | mathematician,non_europe,re_greek_world
239,Q1230889,Mnaseas,re_greek_world,Greek World,-300.0,historian,non_europe,re_greek_world
240,Q221623,Heliodorus of Athens,re_greek_world,Greek World,-150.0,historian,non_europe,re_greek_world
241,Q662932,Persaeus,re_greek_world,Greek World,-305.0,philosopher,non_europe,re_greek_world
242,Q1047995,Antipater of Tyre,re_greek_world,Greek World,-50.0,philosopher,non_europe,re_greek_world
243,Q162163,Ion of Chios,re_greek_world,Greek World,-489.0,philosopher | historian | mathematician,non_europe,re_greek_world
244,Q177847,Lucian of Samosata,re_greek_world,Greek World,120.0,philosopher,non_europe,re_greek_world
245,Q271809,Proclus,re_greek_world,Greek World,412.0,philosopher | mathematician,non_europe,re_greek_world
246,Q363468,Dexippus,re_greek_world,Greek World,210.0,historian,non_europe,re_greek_world
247,Q548104,Julius Pollux,re_greek_world,Greek World,200.0,philosopher,non_europe,re_greek_world
248,Q514262,Androtion,re_greek_world,Greek World,-500.0,historian,non_europe,re_greek_world
249,Q1185510,Demetrius of Callatis,re_greek_world,Greek World,-299.0,historian,non_europe,re_greek_world
250,Q554535,Phaedrus,re_greek_world,Greek World,-443.0,philosopher,non_europe,re_greek_world
251,Q965086,Sotades,re_greek_world,Greek World,-400.0,philosopher,non_europe,re_greek_world
252,Q172248,Marcus Junius Brutus,re_greek_world,Greek World,-84.0,philosopher,non_europe,re_greek_world
253,Q667385,Aristos of Ascalon,re_greek_world,Greek World,-50.0,philosopher,non_europe,re_greek_world
254,Q462582,Pythias,re_greek_world,Greek World,-361.0,zoologist,non_europe,re_greek_world
255,Q859,Plato,re_greek_world,Greek World,-426.0,philosopher,non_europe,re_greek_world
256,Q41523,Plutarch,re_greek_world,Greek World,40.0,philosopher | historian,non_europe,re_greek_world
257,Q609147,Phylarchus,re_greek_world,Greek World,-254.0,historian,non_europe,re_greek_world
258,Q444595,Perictione,re_greek_world,Greek World,-500.0,philosopher,non_europe,re_greek_world
259,Q235494,Hipparchia of Maroneia,re_greek_world,Greek World,-349.0,philosopher,non_europe,re_greek_world
260,Q284994,Carneades,re_greek_world,Greek World,-212.0,philosopher,non_europe,re_greek_world
261,Q4355017,Diyllus,re_greek_world,Greek World,-300.0,historian,non_europe,re_greek_world
262,Q221497,Xenophilus,re_greek_world,Greek World,-400.0,musicologist | philosopher,non_europe,re_greek_world
263,Q41683,Thucydides,re_greek_world,Greek World,-460.0,historian,non_europe,re_greek_world
264,Q5264,Hippocrates,re_greek_world,Greek World,-459.0,philosopher,non_europe,re_greek_world
265,Q317331,Aratus of Sicyon,re_greek_world,Greek World,-270.0,historian,non_europe,re_greek_world
266,Q309772,Athenagoras of Athens,re_greek_world,Greek World,133.0,theologian | philosopher,non_europe,re_greek_world
267,Q3012616,Damastes of Sigeum,re_greek_world,Greek World,-500.0,geographer | historian,non_europe,re_greek_world
268,Q312682,Euclid of Megara,re_greek_world,Greek World,-436.0,philosopher,non_europe,re_greek_world
269,Q2661420,Dardanus of Athens,re_greek_world,Greek World,-159.0,philosopher,non_europe,re_greek_world
270,Q3060400,Euphantus,re_greek_world,Greek World,-320.0,philosopher | historian,non_europe,re_greek_world
271,Q1186462,Demon of Athens,re_greek_world,Greek World,-400.0,historian,non_europe,re_greek_world
272,Q920912,Theaetetus,re_greek_world,Greek World,-416.0,philosopher | mathematician,non_europe,re_greek_world
273,Q316353,Strato of Lampsacus,re_greek_world,Greek World,-334.0,philosopher | physicist,non_europe,re_greek_world
274,Q319406,Epimenides of Crete,re_greek_world,Greek World,-700.0,philosopher,non_europe,re_greek_world
275,Q712755,Crates of Athens,re_greek_world,Greek World,-400.0,philosopher,non_europe,re_greek_world
276,Q325955,Speusippus,re_greek_world,Greek World,-406.0,philosopher | mathematician,non_europe,re_greek_world
277,Q205704,Apollodorus of Athens,re_greek_world,Greek World,-179.0,historian,non_europe,re_greek_world
278,Q12960188,Theodotus,re_greek_world,Greek World,150.0,theologian,non_europe,re_greek_world
279,Q553856,Polemon,re_greek_world,Greek World,-400.0,philosopher,non_europe,re_greek_world
280,Q160362,Theophrastus,re_greek_world,Greek World,-370.0,botanist | philosopher | physicist,non_europe,re_greek_world
281,Q868,Aristotle,re_greek_world,Greek World,-383.0,philosopher,non_europe,re_greek_world
282,Q542808,Hermarchus,re_greek_world,Greek World,-324.0,philosopher,non_europe,re_greek_world
283,Q1287486,Metrocles,re_greek_world,Greek World,-400.0,philosopher,non_europe,re_greek_world
284,Q633023,Archiadas,re_greek_world,Greek World,500.0,philosopher,non_europe,re_greek_world
285,Q73527,Arcesilaus,re_greek_world,Greek World,-314.0,philosopher,non_europe,re_greek_world
286,Q42887,Clement I,re_greek_world,Greek World,100.0,theologian,non_europe,re_greek_world
287,Q343607,Archelaus,re_greek_world,Greek World,-500.0,philosopher,non_europe,re_greek_world
288,Q4791018,Aristodemus of Cydathenaeum,re_greek_world,Greek World,-450.0,philosopher,non_europe,re_greek_world
289,Q2346245,Stesimbrotos of Thasos,re_greek_world,Greek World,-469.0,historian,non_europe,re_greek_world
290,Q1057347,Hegesander,re_greek_world,Greek World,-150.0,historian,non_europe,re_greek_world
291,Q433852,Ephippus of Olynthus,re_greek_world,Greek World,-400.0,historian,non_europe,re_greek_world
292,Q316334,Heraclides Ponticus,re_greek_world,Greek World,-384.0,astronomer | philosopher,non_europe,re_greek_world
293,Q2927235,Bryson of Achaea,re_greek_world,Greek World,-450.0,philosopher,non_europe,re_greek_world
294,Q434021,Timycha,re_greek_world,Greek World,-400.0,philosopher,non_europe,re_greek_world
295,Q1747004,Timon of Athens,re_greek_world,Greek World,-500.0,philosopher,non_europe,re_greek_world
296,Q294092,Critias,re_greek_world,Greek World,-459.0,philosopher,non_europe,re_greek_world
297,Q1586059,Harpocration of Argos,re_greek_world,Greek World,200.0,philosopher,non_europe,re_greek_world
298,Q317947,Crates of Thebes,re_greek_world,Greek World,-364.0,philosopher,non_europe,re_greek_world
299,Q2367894,Teles of Megara,re_greek_world,Greek World,-250.0,philosopher,non_europe,re_greek_world
300,Q744125,Chaerephon,re_greek_world,Greek World,-401.0,philosopher,non_europe,re_greek_world
301,Q4721014,Alexandrides of Delphi,re_greek_world,Greek World,-300.0,historian,non_europe,re_greek_world
302,Q409647,Aeschines of Sphettus,re_greek_world,Greek World,-429.0,philosopher,non_europe,re_greek_world
303,Q2217419,Nicomachus,re_greek_world,Greek World,-301.0,philosopher,non_europe,re_greek_world
304,Q218451,Zoilus,re_greek_world,Greek World,-399.0,philosopher | historian,non_europe,re_greek_world
305,Q320132,Nearchus,re_greek_world,Greek World,-355.0,historian,non_europe,re_greek_world
306,Q129772,Xenophon,re_greek_world,Greek World,-429.0,philosopher | historian,non_europe,re_greek_world
307,Q965144,Cebes,re_greek_world,Greek World,-500.0,philosopher | mathematician,non_europe,re_greek_world
308,Q504744,Hellanicus of Mytilene,re_greek_world,Greek World,-489.0,historian,non_europe,re_greek_world
309,Q544987,Aristobulus of Cassandreia,re_greek_world,Greek World,-374.0,historian,non_europe,re_greek_world
310,Q223383,Mnesarchus of Athens,re_greek_world,Greek World,-159.0,philosopher,non_europe,re_greek_world
311,Q452077,Menippus,re_greek_world,Greek World,-299.0,philosopher,non_europe,re_greek_world
312,Q328793,Periander,re_greek_world,Greek World,-700.0,philosopher,non_europe,re_greek_world
313,Q34601,Chilon of Sparta,re_greek_world,Greek World,-599.0,philosopher,non_europe,re_greek_world
314,Q1128200,Lasus of Hermione,re_greek_world,Greek World,-548.0,musicologist,non_europe,re_greek_world
315,Q210573,Hippias,re_greek_world,Greek World,-442.0,astronomer | philosopher | mathematician,non_europe,re_greek_world
316,Q15091905,Deceneo,re_greek_world,Greek World,-100.0,astronomer | philosopher,non_europe,re_greek_world
317,Q381048,Stilpo,re_greek_world,Greek World,-358.0,philosopher,non_europe,re_greek_world
318,Q31845,Arrian,re_greek_world,Greek World,95.0,philosopher | historian,non_europe,re_greek_world
319,Q473381,Ammonius of Athens,re_greek_world,Greek World,50.0,philosopher,non_europe,re_greek_world
320,Q133337,Solon,re_greek_world,Greek World,-637.0,philosopher,non_europe,re_greek_world
321,Q311879,Herodes Atticus,re_greek_world,Greek World,102.0,philosopher,non_europe,re_greek_world
322,Q171303,Zeno of Citium,re_greek_world,Greek World,-333.0,philosopher,non_europe,re_greek_world
323,Q380190,Phaedo of Elis,re_greek_world,Greek World,-401.0,philosopher,non_europe,re_greek_world
324,Q191964,Diogenes of Apollonia,re_greek_world,Greek World,-459.0,philosopher,non_europe,re_greek_world
325,Q964738,Peter the Patrician,re_greek_world,Greek World,500.0,historian,non_europe,re_greek_world
326,Q266299,Philochorus,re_greek_world,Greek World,-339.0,historian,non_europe,re_greek_world
327,Q435274,Hieronymus of Cardia,re_greek_world,Greek World,-353.0,historian,non_europe,re_greek_world
328,Q41980,Democritus,re_greek_world,Greek World,-460.0,philosopher | mathematician,non_europe,re_greek_world
329,Q949530,Demonax,re_greek_world,Greek World,200.0,philosopher,non_europe,re_greek_world
330,Q537304,Ploutarchos of Athens,re_greek_world,Greek World,350.0,philosopher,non_europe,re_greek_world
331,Q1336424,Hermogenes,re_greek_world,Greek World,-500.0,philosopher,non_europe,re_greek_world
332,Q192313,Pyrrho,re_greek_world,Greek World,-360.0,philosopher,non_europe,re_greek_world
333,Q82793,Callisthenes,re_greek_world,Greek World,-359.0,historian,non_europe,re_greek_world
334,Q469199,Victorinus of Pettau,re_latin,Latin World,250.0,theologian | philosopher,non_europe,re_latin
335,Q1367611,Socrates the Younger,re_greek_world,Greek World,-420.0,philosopher,non_europe,re_greek_world
336,Q353580,Adeimantus of Collytus,re_greek_world,Greek World,-431.0,philosopher,non_europe,re_greek_world
337,Q11916247,Ctesibius of Chalcis,re_greek_world,Greek World,-400.0,philosopher,non_europe,re_greek_world
338,Q43216,Epicurus,re_greek_world,Greek World,-341.0,philosopher,non_europe,re_greek_world
339,Q978418,Marsyas of Pella,re_greek_world,Greek World,-400.0,historian,non_europe,re_greek_world
340,Q353264,Diagoras of Melos,re_greek_world,Greek World,-450.0,philosopher,non_europe,re_greek_world
341,Q2274948,Philostratus,re_greek_world,Greek World,170.0,philosopher,non_europe,re_greek_world
342,Q1227107,Diotima of Mantinea,re_greek_world,Greek World,-450.0,philosopher,non_europe,re_greek_world
343,Q43423,Aesop,re_greek_world,Greek World,-619.0,philosopher,non_europe,re_greek_world
344,Q211411,Chrysippus of Soli,re_greek_world,Greek World,-280.0,philosopher | mathematician,non_europe,re_greek_world
345,Q586050,Asclepigenia,re_greek_world,Greek World,400.0,philosopher,non_europe,re_greek_world
346,Q646951,Ariston of Chios,re_greek_world,Greek World,-299.0,philosopher,non_europe,re_greek_world
347,Q668009,Aristotelis the Dialectician,re_greek_world,Greek World,-300.0,philosopher,non_europe,re_greek_world
348,Q214121,Xenocrates,re_greek_world,Greek World,-395.0,philosopher | mathematician,non_europe,re_greek_world
349,Q1279413,Cercidas,re_greek_world,Greek World,-300.0,philosopher,non_europe,re_greek_world
350,Q1364945,Glaucon,re_greek_world,Greek World,-444.0,philosopher,non_europe,re_greek_world
351,Q189759,Zeno of Sidon,re_greek_world,Greek World,-149.0,philosopher | mathematician,non_europe,re_greek_world
352,Q280872,Timon of Phlius,re_greek_world,Greek World,-319.0,philosopher,non_europe,re_greek_world
353,Q905827,Diodorus of Tyre,re_greek_world,Greek World,-150.0,philosopher,non_europe,re_greek_world
354,Q1372239,Eudemus of Cyprus,re_greek_world,Greek World,-400.0,philosopher,non_europe,re_greek_world
355,Q2861408,Aristion,re_greek_world,Greek World,-150.0,philosopher,non_europe,re_greek_world
356,Q3630471,Autocrates,re_greek_world,Greek World,-250.0,historian,non_europe,re_greek_world
357,Q1073837,Critolaus,re_greek_world,Greek World,-199.0,philosopher,non_europe,re_greek_world
358,Q15078686,Antiphon,re_greek_world,Greek World,-500.0,philosopher | mathematician,non_europe,re_greek_world
359,Q466951,Clitomachus,re_greek_world,Greek World,-186.0,philosopher,non_europe,re_greek_world
360,Q261909,Meton of Athens,re_greek_world,Greek World,-500.0,astronomer | mathematician,non_europe,re_greek_world
361,Q310149,Cleanthes,re_greek_world,Greek World,-329.0,philosopher,non_europe,re_greek_world
362,Q125247,Cratylus,re_greek_world,Greek World,-500.0,philosopher,non_europe,re_greek_world
363,Q2346819,Damon of Athens,re_greek_world,Greek World,-450.0,musicologist | philosopher,non_europe,re_greek_world
364,Q934471,Criton,re_greek_world,Greek World,-468.0,philosopher,non_europe,re_greek_world
365,Q1763617,Nicarete of Megara,re_greek_world,Greek World,-400.0,philosopher,non_europe,re_greek_world
366,Q4780369,Apollodorus of Phaleron,re_greek_world,Greek World,-420.0,philosopher,non_europe,re_greek_world
367,Q131169,Polybius,re_greek_world,Greek World,-199.0,historian,non_europe,re_greek_world
368,Q780234,Priscus of Epirus,re_greek_world,Greek World,305.0,philosopher,non_europe,re_greek_world
369,Q2759424,Anticlides,re_greek_world,Greek World,-300.0,historian,non_europe,re_greek_world
370,Q59180,Diogenes of Sinope,re_greek_world,Greek World,-399.0,philosopher,non_europe,re_greek_world
371,Q2087377,Asclepiades of Phlius,re_greek_world,Greek World,-349.0,philosopher,non_europe,re_greek_world
372,Q298071,Hippodamus of Miletus,re_greek_world,Greek World,-497.0,mathematician,non_europe,re_greek_world
373,Q18819268,Mnesarchus of Croton,re_greek_world,Greek World,-450.0,philosopher,non_europe,re_greek_world
374,Q298860,Hippasus,re_greek_world,Greek World,-600.0,musicologist | philosopher | mathematician,non_europe,re_greek_world
375,Q716416,Hippon,re_greek_world,Greek World,-500.0,philosopher,non_europe,re_greek_world
376,Q162593,Pelagius,re_greek_world,Greek World,360.0,theologian | philosopher,non_europe,re_greek_world
377,Q11920485,Escílax d'Halicarnàs,re_greek_world,Greek World,-150.0,astronomer,non_europe,re_greek_world
378,Q928092,Peter the Iberian,re_greek_world,Greek World,411.0,philosopher,non_europe,re_greek_world
379,Q4684706,Adrastus of Cyzicus,re_greek_world,Greek World,-500.0,astronomer,non_europe,re_greek_world
380,Q581732,Antipater of Tarsus,re_greek_world,Greek World,-300.0,philosopher,non_europe,re_greek_world
381,Q291952,Sosipatra,re_greek_world,Greek World,400.0,philosopher,non_europe,re_greek_world
382,Q314467,Aenesidemus,re_greek_world,Greek World,-79.0,philosopher,non_europe,re_greek_world
383,Q200608,Ephrem the Syrian,re_greek_world,Greek World,306.0,theologian,non_europe,re_greek_world
384,Q31278,Cleomedes,re_greek_world,Greek World,1.0,astronomer | mathematician,non_europe,re_greek_world
385,Q486945,Sotion,re_greek_world,Greek World,-100.0,philosopher,non_europe,re_greek_world
386,Q16658175,Zosimus of Ascalona,re_greek_world,Greek World,450.0,historian,non_europe,re_greek_world
387,Q472620,Artemidorus of Ephesus,re_greek_world,Greek World,-150.0,geographer,non_europe,re_greek_world
388,Q510719,Eutocius of Ascalon,re_greek_world,Greek World,480.0,philosopher | mathematician,non_europe,re_greek_world
389,Q352621,Dicaearchus,re_greek_world,Greek World,-349.0,geographer | philosopher | historian | mathematician,non_europe,re_greek_world
390,Q168261,Ptolemy I Soter,re_greek_world,Greek World,-365.0,historian,non_europe,re_greek_world
391,Q2470320,Apollonius of Ephesus,re_greek_world,Greek World,201.0,theologian,non_europe,re_greek_world
392,Q921532,Dorotheus of Sidon,re_greek_world,Greek World,50.0,astronomer,non_europe,re_greek_world
393,Q437869,Evagrius Ponticus,re_greek_world,Greek World,345.0,theologian,non_europe,re_greek_world
394,Q178217,Diofantos,re_greek_world,Greek World,201.0,mathematician,non_europe,re_greek_world
395,Q24068760,Aristobulus of Paneas,re_greek_world,Greek World,-150.0,philosopher,non_europe,re_greek_world
396,Q451566,Menaechmus,re_greek_world,Greek World,-379.0,astronomer | mathematician,non_europe,re_greek_world
397,Q18626710,Julian,re_greek_world,Greek World,400.0,theologian,non_europe,re_greek_world
398,Q211783,Pappus of Alexandria,re_greek_world,Greek World,290.0,astronomer | mathematician,non_europe,re_greek_world
399,Q712572,Philistus,re_greek_world,Greek World,-424.0,historian,non_europe,re_greek_world
400,Q2285961,Silenus Calatinus,re_greek_world,Greek World,-300.0,historian,non_europe,re_greek_world
401,Q310028,Isidore of Miletus,re_greek_world,Greek World,442.0,physicist | mathematician,non_europe,re_greek_world
402,Q242270,Hecataeus of Miletus,re_greek_world,Greek World,-600.0,geographer | historian,non_europe,re_greek_world
403,Q3991387,Timagoras of Gela,re_greek_world,Greek World,-350.0,philosopher,non_europe,re_greek_world
404,Q580661,Antiochus of Syracuse,re_greek_world,Greek World,-450.0,historian,non_europe,re_greek_world
405,Q434773,Crantor,re_greek_world,Greek World,-343.0,philosopher,non_europe,re_greek_world
406,Q80612,Anaximenes of Miletus,re_greek_world,Greek World,-584.0,astronomer | philosopher | mathematician,non_europe,re_greek_world
407,Q433919,Phintys,re_greek_world,Greek World,-400.0,philosopher,non_europe,re_greek_world
408,Q581833,Marinus of Neapolis,re_greek_world,Greek World,440.0,astronomer | philosopher,non_europe,re_greek_world
409,Q313018,Aristophanes of Byzantium,re_greek_world,Greek World,-256.0,linguist,non_europe,re_greek_world
410,Q1354573,Lycus of Rhegium,re_greek_world,Greek World,-350.0,historian,non_europe,re_greek_world
411,Q355664,Theodore of Mopsuestia,re_greek_world,Greek World,350.0,theologian,non_europe,re_greek_world
412,Q311731,Priscus,re_greek_world,Greek World,410.0,philosopher | historian,non_europe,re_greek_world
413,Q310916,Iamblichus,re_greek_world,Greek World,245.0,philosopher,non_europe,re_greek_world
414,Q59137,Diogenes of Oenoanda,re_greek_world,Greek World,200.0,philosopher,non_europe,re_greek_world
415,Q714841,Eustathius of Epiphania,re_greek_world,Greek World,401.0,historian,non_europe,re_greek_world
416,Q721022,Malchus,re_greek_world,Greek World,450.0,historian,non_europe,re_greek_world
417,Q44011,Gregory of Nazianzus,re_greek_world,Greek World,330.0,theologian | philosopher,non_europe,re_greek_world
418,Q372798,Polus,re_greek_world,Greek World,-500.0,philosopher,non_europe,re_greek_world
419,Q297040,Apollonius of Tyana,re_greek_world,Greek World,15.0,philosopher | mathematician,non_europe,re_greek_world
420,Q391202,Agathangelos,re_greek_world,Greek World,500.0,historian,non_europe,re_greek_world
421,Q317029,Theodoret,re_greek_world,Greek World,393.0,historian,non_europe,re_greek_world
422,Q4024777,Zopyrus of Tarentum,re_greek_world,Greek World,-350.0,philosopher,non_europe,re_greek_world
423,Q43182,Eratosthenes,re_greek_world,Greek World,-275.0,musicologist | astronomer | mathematician | geographer | historian,non_europe,re_greek_world
424,Q645774,Bolus of Mendes,re_greek_world,Greek World,-300.0,botanist | philosopher,non_europe,re_greek_world
425,Q2637222,Aesara,re_greek_world,Greek World,-400.0,philosopher,non_europe,re_greek_world
426,Q3731014,Heracleides of Magnesia,re_greek_world,Greek World,-50.0,historian,non_europe,re_greek_world
427,Q3620711,Apollonides of Smyrna,re_greek_world,Greek World,-150.0,philosopher,non_europe,re_greek_world
428,Q356433,Priscian,re_greek_world,Greek World,500.0,philosopher,non_europe,re_greek_world
429,Q1389145,John the Lydian,re_greek_world,Greek World,490.0,historian,non_europe,re_greek_world
430,Q2705204,Evander,re_greek_world,Greek World,-201.0,philosopher,non_europe,re_greek_world
431,Q235426,Theano,re_greek_world,Greek World,-600.0,astronomer | philosopher | mathematician,non_europe,re_greek_world
432,Q354342,Bardaisan,re_greek_world,Greek World,154.0,philosopher,non_europe,re_greek_world
433,Q1270333,Praxeas,re_greek_world,Greek World,200.0,theologian,non_europe,re_greek_world
434,Q463564,Xenophon of Ephesus,re_greek_world,Greek World,101.0,philosopher,non_europe,re_greek_world
435,Q192371,Polycarp,re_greek_world,Greek World,69.0,theologian,non_europe,re_greek_world
436,Q1295215,Satyrus the Peripatetic,re_greek_world,Greek World,-300.0,philosopher | historian,non_europe,re_greek_world
437,Q1616998,Neanthes of Cyzicus,re_greek_world,Greek World,-250.0,historian,non_europe,re_greek_world
438,Q1148501,Diophanes of Nicaea,re_greek_world,Greek World,-100.0,botanist,non_europe,re_greek_world
439,Q180671,Aratus,re_greek_world,Greek World,-314.0,astronomer,non_europe,re_greek_world
440,Q1189157,Nausiphanes,re_greek_world,Greek World,-400.0,philosopher,non_europe,re_greek_world
441,Q1496242,Callinicus,re_greek_world,Greek World,300.0,historian,non_europe,re_greek_world
442,Q180109,Apollonius of Perga,re_greek_world,Greek World,-261.0,astronomer | mathematician,non_europe,re_greek_world
443,Q335156,Aristoxenus,re_greek_world,Greek World,-359.0,musicologist | philosopher | mathematician,non_europe,re_greek_world
444,Q1047689,Menodotus of Nicomedia,re_greek_world,Greek World,100.0,philosopher,non_europe,re_greek_world
445,Q3381179,Philon of Gadara,re_greek_world,Greek World,100.0,mathematician,non_europe,re_greek_world
446,Q287423,Epigenes of Byzantium,re_greek_world,Greek World,-150.0,astronomer | mathematician,non_europe,re_greek_world
447,Q317146,Alexandros of Aphrodisias,re_greek_world,Greek World,200.0,philosopher,non_europe,re_greek_world
448,Q275606,Aurelius Victor,re_greek_world,Greek World,320.0,historian,non_europe,re_greek_world
449,Q451390,Autolycus of Pitane,re_greek_world,Greek World,-359.0,astronomer | mathematician,non_europe,re_greek_world
450,Q83375,Empedocles,re_greek_world,Greek World,-489.0,philosopher,non_europe,re_greek_world
451,Q441448,Carpocrates,re_greek_world,Greek World,100.0,philosopher,non_europe,re_greek_world
452,Q312491,John Malalas,re_greek_world,Greek World,491.0,historian,non_europe,re_greek_world
453,Q248793,Maximus of Ephesus,re_greek_world,Greek World,310.0,philosopher,non_europe,re_greek_world
454,Q404023,Aedesius,re_greek_world,Greek World,280.0,philosopher,non_europe,re_greek_world
455,Q316867,Sosigenes of Alexandria,re_greek_world,Greek World,-100.0,astronomer | philosopher | mathematician,non_europe,re_greek_world
456,Q506553,Olympiodorus of Thebes,re_greek_world,Greek World,380.0,philosopher | historian,non_europe,re_greek_world
457,Q550477,Timocharis,re_greek_world,Greek World,-319.0,astronomer,non_europe,re_greek_world
458,Q346567,Callixenus of Rhodes,re_greek_world,Greek World,-199.0,historian,non_europe,re_greek_world
459,Q385213,Prohaeresius,re_greek_world,Greek World,276.0,philosopher,non_europe,re_greek_world
460,Q2047944,Palladius of Galatia,re_greek_world,Greek World,363.0,historian,non_europe,re_greek_world
461,Q334457,Dio Chrysostom,re_greek_world,Greek World,40.0,philosopher,non_europe,re_greek_world
462,Q51885,Thecla,re_greek_world,Greek World,100.0,theologian,non_europe,re_greek_world
463,Q3044500,Demetrius of Scepsis,re_greek_world,Greek World,-204.0,philosopher | historian,non_europe,re_greek_world
464,Q363818,Nicander,re_greek_world,Greek World,-249.0,historian,non_europe,re_greek_world
465,Q2524557,Anatolius of Laodicea,re_greek_world,Greek World,250.0,philosopher | mathematician,non_europe,re_greek_world
466,Q1373037,Syrianus,re_greek_world,Greek World,500.0,philosopher,non_europe,re_greek_world
467,Q3347025,Neleus of Scepsis,re_greek_world,Greek World,-350.0,philosopher,non_europe,re_greek_world
468,Q459774,Ambrose of Alexandria,re_greek_world,Greek World,200.0,theologian,non_europe,re_greek_world
469,Q1747749,Tiberius Claudius Aristocles,re_greek_world,Greek World,100.0,philosopher,non_europe,re_greek_world
470,Q201867,Cleitarchus,re_greek_world,Greek World,-400.0,historian,non_europe,re_greek_world
471,Q125551,Parmenides,re_greek_world,Greek World,-514.0,philosopher,non_europe,re_greek_world
472,Q3624868,Asclepiades,re_greek_world,Greek World,-150.0,historian,non_europe,re_greek_world
473,Q444459,Alcidamas,re_greek_world,Greek World,-450.0,philosopher,non_europe,re_greek_world
474,Q4441106,Aphthonius of Antioch,re_greek_world,Greek World,300.0,philosopher,non_europe,re_greek_world
475,Q44024,Athanasios of Alexandria,re_greek_world,Greek World,296.0,theologian,non_europe,re_greek_world
476,Q3413787,Archelaus,re_greek_world,Greek World,300.0,theologian,non_europe,re_greek_world
477,Q705950,Theon of Smyrna,re_greek_world,Greek World,70.0,philosopher | musicologist | astronomer | mathematician,non_europe,re_greek_world
478,Q380089,Fulgentius of Ruspe,re_greek_world,Greek World,468.0,theologian,non_europe,re_greek_world
479,Q2861395,Aristodemus of Nysa,re_greek_world,Greek World,-200.0,philosopher | historian,non_europe,re_greek_world
480,Q447451,Sabellius,re_greek_world,Greek World,200.0,theologian,non_europe,re_greek_world
481,Q973954,Philoxenus of Mabbug,re_greek_world,Greek World,440.0,theologian,non_europe,re_greek_world
482,Q433332,Mara Bar-Serapion,re_greek_world,Greek World,50.0,philosopher,non_europe,re_greek_world
483,Q1613489,Hermias,re_greek_world,Greek World,401.0,philosopher,non_europe,re_greek_world
484,Q186153,Procopius,re_greek_world,Greek World,500.0,historian,non_europe,re_greek_world
485,Q188232,Didymus the Blind,re_greek_world,Greek World,313.0,theologian,non_europe,re_greek_world
486,Q1266186,Theodosius of Bithynia,re_greek_world,Greek World,-159.0,astronomer | mathematician,non_europe,re_greek_world
487,Q2696027,Alexander of Damascus,re_greek_world,Greek World,200.0,philosopher,non_europe,re_greek_world
488,Q3714438,Dositheus,re_greek_world,Greek World,-250.0,astronomer | mathematician,non_europe,re_greek_world
489,Q18639389,Abrotelia,re_greek_world,Greek World,-500.0,philosopher,non_europe,re_greek_world
490,Q1531412,Harkhebi,re_greek_world,Greek World,-301.0,astronomer,non_europe,re_greek_world
491,Q185223,Cassius Dio,re_greek_world,Greek World,150.0,historian,non_europe,re_greek_world
492,Q2695834,Agathobulus,re_greek_world,Greek World,100.0,philosopher,non_europe,re_greek_world
493,Q16529474,Astone,re_greek_world,Greek World,-550.0,philosopher,non_europe,re_greek_world
494,Q503075,Crates of Mallus,re_greek_world,Greek World,-200.0,philosopher,non_europe,re_greek_world
495,Q8739,Archimedes,re_greek_world,Greek World,-286.0,astronomer | philosopher | physicist | mathematician,non_europe,re_greek_world
496,Q63456919,Pandrosion,re_greek_world,Greek World,400.0,mathematician,non_europe,re_greek_world
497,Q317014,Sextus Julius Africanus,re_greek_world,Greek World,160.0,philosopher | historian,non_europe,re_greek_world
498,Q170472,Origen,re_greek_world,Greek World,185.0,theologian | philosopher,non_europe,re_greek_world
499,Q1051470,Vettius Valens,re_greek_world,Greek World,120.0,astronomer,non_europe,re_greek_world
500,Q515542,Agathemerus,re_greek_world,Greek World,250.0,geographer,non_europe,re_greek_world
501,Q504771,Philo of Byblos,re_greek_world,Greek World,50.0,historian,non_europe,re_greek_world
502,Q1226993,Dionysius Periegetes,re_greek_world,Greek World,100.0,historian,non_europe,re_greek_world
503,Q312500,Herophilos,re_greek_world,Greek World,-334.0,anatomist,non_europe,re_greek_world
504,Q297390,Craterus,re_greek_world,Greek World,-369.0,historian,non_europe,re_greek_world
505,Q707344,Numenius of Apamea,re_greek_world,Greek World,200.0,philosopher,non_europe,re_greek_world
506,Q42458,Anaximander,re_greek_world,Greek World,-609.0,philosopher | physicist | astronomer | mathematician | geographer,non_europe,re_greek_world
507,Q229246,Julia Domna,re_greek_world,Greek World,165.0,philosopher,non_europe,re_greek_world
508,Q298654,Cyril of Jerusalem,re_greek_world,Greek World,313.0,theologian,non_europe,re_greek_world
509,Q363375,Publilius Syrus,re_greek_world,Greek World,-100.0,philosopher,non_europe,re_greek_world
510,Q391216,Agatharchides,re_greek_world,Greek World,-207.0,geographer | philosopher | historian | anatomist,non_europe,re_greek_world
511,Q2531620,Pamprepius,re_greek_world,Greek World,440.0,philosopher,non_europe,re_greek_world
512,Q4191445,Zenob Glak,re_greek_world,Greek World,300.0,historian,non_europe,re_greek_world
513,Q165589,Leucippus,re_greek_world,Greek World,-500.0,philosopher | physicist,non_europe,re_greek_world
514,Q451719,Damo,re_greek_world,Greek World,-600.0,philosopher | mathematician,non_europe,re_greek_world
515,Q365977,Bias of Priene,re_greek_world,Greek World,-599.0,philosopher,non_europe,re_greek_world
516,Q1378597,Eurytus,re_greek_world,Greek World,-500.0,philosopher | mathematician,non_europe,re_greek_world
517,Q189767,Zeno of Tarsus,re_greek_world,Greek World,-250.0,philosopher,non_europe,re_greek_world
518,Q139567,Zacharias Rhetor,re_greek_world,Greek World,465.0,philosopher | historian,non_europe,re_greek_world
519,Q83041,Anaxagoras,re_greek_world,Greek World,-499.0,astronomer | philosopher | physicist | mathematician,non_europe,re_greek_world
520,Q1400157,Cleinias of Tarentum,re_greek_world,Greek World,-500.0,philosopher,non_europe,re_greek_world
521,Q313791,Ephorus,re_greek_world,Greek World,-399.0,historian,non_europe,re_greek_world
522,Q260951,Dinon,re_greek_world,Greek World,-399.0,historian,non_europe,re_greek_world
523,Q534163,Xanthos,re_greek_world,Greek World,-500.0,historian,non_europe,re_greek_world
524,Q142999,Eusebius of Caesarea,re_greek_world,Greek World,275.0,theologian | historian,non_europe,re_greek_world
525,Q317942,Euhemerus,re_greek_world,Greek World,-400.0,philosopher | historian | anthropologist,non_europe,re_greek_world
526,Q31271346,Dion von Neapel,re_greek_world,Greek World,-500.0,mathematician,non_europe,re_greek_world
527,Q354377,Conon of Samos,re_greek_world,Greek World,-279.0,astronomer | mathematician,non_europe,re_greek_world
528,Q44015,John the Apostle,re_greek_world,Greek World,6.0,theologian,non_europe,re_greek_world
529,Q378236,Aristides Quintilianus,re_greek_world,Greek World,150.0,musicologist,non_europe,re_greek_world
530,Q1226828,Diogenes of Tarsus,re_greek_world,Greek World,-200.0,philosopher,non_europe,re_greek_world
531,Q298226,Anthemius of Tralles,re_greek_world,Greek World,474.0,physicist | mathematician,non_europe,re_greek_world
532,Q1226996,Dionysius of Miletus,re_greek_world,Greek World,-600.0,historian,non_europe,re_greek_world
533,Q313934,Macrobius,re_greek_world,Greek World,370.0,musicologist | philosopher,non_europe,re_greek_world
534,Q1419147,Firmilian,re_greek_world,Greek World,200.0,philosopher,non_europe,re_greek_world
535,Q725225,Thrasyllus of Mendes,re_greek_world,Greek World,-100.0,musicologist | philosopher,non_europe,re_greek_world
536,Q132157,Zeno of Elea,re_greek_world,Greek World,-489.0,philosopher | mathematician,non_europe,re_greek_world
537,Q521203,Duris of Samos,re_greek_world,Greek World,-339.0,historian,non_europe,re_greek_world
538,Q343018,Eunapius,re_greek_world,Greek World,349.0,philosopher | historian,non_europe,re_greek_world
539,Q168707,Pliny the Younger,re_greek_world,Greek World,61.0,historian,non_europe,re_greek_world
540,Q928551,Origen the Pagan,re_greek_world,Greek World,200.0,philosopher,non_europe,re_greek_world
541,Q2749849,Athenodorus of Soli,re_greek_world,Greek World,-300.0,philosopher,non_europe,re_greek_world
542,Q931271,Tisias,re_greek_world,Greek World,-499.0,philosopher,non_europe,re_greek_world
543,Q189597,Philo of Alexandria,re_greek_world,Greek World,-14.0,philosopher | historian,non_europe,re_greek_world
544,Q731906,Asclepiodotus of Alexandria,re_greek_world,Greek World,500.0,philosopher,non_europe,re_greek_world
545,Q315360,Damascius,re_greek_world,Greek World,450.0,philosopher,non_europe,re_greek_world
546,Q510737,Lucian of Antioch,re_greek_world,Greek World,240.0,theologian,non_europe,re_greek_world
547,Q2902906,Rabbi Nehemiah,re_greek_world,Greek World,101.0,mathematician,non_europe,re_greek_world
548,Q43706,John Chrysostom,re_greek_world,Greek World,349.0,theologian,non_europe,re_greek_world
549,Q354384,Theon of Alexandria,re_greek_world,Greek World,335.0,astronomer | mathematician,non_europe,re_greek_world
550,Q11903,Hypatia,re_greek_world,Greek World,360.0,astronomer | philosopher | mathematician,non_europe,re_greek_world
551,Q443510,Hesychius of Alexandria,re_greek_world,Greek World,450.0,linguist,non_europe,re_greek_world
552,Q3826494,Lamiscus,re_greek_world,Greek World,-400.0,philosopher | mathematician,non_europe,re_greek_world
553,Q717647,Gnaeus Claudius Severus Arabianus,re_greek_world,Greek World,113.0,philosopher,non_europe,re_greek_world
554,Q140188,Aristarchus of Samos,re_greek_world,Greek World,-309.0,astronomer,non_europe,re_greek_world
555,Q456560,Myia,re_greek_world,Greek World,-600.0,philosopher | mathematician,non_europe,re_greek_world
556,Q33941,Julian,re_greek_world,Greek World,331.0,philosopher,non_europe,re_greek_world
557,Q317632,John Philoponus,re_greek_world,Greek World,490.0,philosopher | physicist | astronomer | mathematician | theologian,non_europe,re_greek_world
558,Q1722472,Callias of Syracuse,re_greek_world,Greek World,-400.0,historian,non_europe,re_greek_world
559,Q3432037,Aristaeus of Croton,re_greek_world,Greek World,-450.0,philosopher | mathematician,non_europe,re_greek_world
560,Q897689,Chaeremon of Alexandria,re_greek_world,Greek World,10.0,philosopher | historian,non_europe,re_greek_world
561,Q84027027,Didymus of Alexandria,re_greek_world,Greek World,-50.0,mathematician,non_europe,re_greek_world
562,Q942439,Monimus,re_greek_world,Greek World,-400.0,philosopher,non_europe,re_greek_world
563,Q310821,Akiva ben Joseph,re_greek_world,Greek World,15.0,theologian,non_europe,re_greek_world
564,Q280432,Athenodoros Cananites,re_greek_world,Greek World,-100.0,philosopher | historian,non_europe,re_greek_world
565,Q313286,Demetrius of Phalerum,re_greek_world,Greek World,-349.0,philosopher,non_europe,re_greek_world
566,Q123147,Ammonius Hermiae,re_greek_world,Greek World,435.0,astronomer | philosopher,non_europe,re_greek_world
567,Q2570422,Sotion,re_greek_world,Greek World,-250.0,philosopher | historian,non_europe,re_greek_world
568,Q2657803,Asterius the Sophist,re_greek_world,Greek World,300.0,theologian,non_europe,re_greek_world
569,Q1749928,Phaleas of Chalcedon,re_greek_world,Greek World,-400.0,philosopher,non_europe,re_greek_world
570,Q280934,Alexander Lychnus,re_greek_world,Greek World,-50.0,historian,non_europe,re_greek_world
571,Q11925495,Hermodorus,re_greek_world,Greek World,-399.0,philosopher,non_europe,re_greek_world
572,Q15975321,Flavius Boethus,re_greek_world,Greek World,150.0,philosopher,non_europe,re_greek_world
573,Q191734,Gregory of Nyssa,re_greek_world,Greek World,400.0,theologian,non_europe,re_greek_world
574,Q1297839,Serenus of Antinouplis,re_greek_world,Greek World,300.0,mathematician,non_europe,re_greek_world
575,Q1383547,Ulpianus,re_greek_world,Greek World,300.0,philosopher,non_europe,re_greek_world
576,Q138531,Phlegon of Tralles,re_greek_world,Greek World,200.0,historian,non_europe,re_greek_world
577,Q929311,Hegesias of Magnesia,re_greek_world,Greek World,-200.0,historian,non_europe,re_greek_world
578,Q948620,Hermias of Atarneus,re_greek_world,Greek World,-350.0,philosopher,non_europe,re_greek_world
579,Q365183,Themistius,re_greek_world,Greek World,317.0,philosopher,non_europe,re_greek_world
580,Q754890,Athanis,re_greek_world,Greek World,-400.0,historian,non_europe,re_greek_world
581,Q176287,Timaeus of Locri,re_greek_world,Greek World,-500.0,astronomer | philosopher | mathematician,non_europe,re_greek_world
582,Q188883,Clement of Alexandria,re_greek_world,Greek World,150.0,theologian | philosopher,non_europe,re_greek_world
583,Q3556912,Theognostus of Alexandria,re_greek_world,Greek World,210.0,theologian,non_europe,re_greek_world
584,Q5063276,Cephalion,re_greek_world,Greek World,100.0,historian,non_europe,re_greek_world
585,Q1241343,Justus of Tiberias,re_greek_world,Greek World,35.0,historian,non_europe,re_greek_world
586,Q7155483,Pausanias of Damascus,re_greek_world,Greek World,-150.0,geographer,non_europe,re_greek_world
587,Q1185502,Demetrius Lacon,re_greek_world,Greek World,-150.0,philosopher,non_europe,re_greek_world
588,Q360366,Nicomachus,re_greek_world,Greek World,60.0,musicologist | philosopher | mathematician,non_europe,re_greek_world
589,Q3636221,Baton of Sinope,re_greek_world,Greek World,-199.0,historian,non_europe,re_greek_world
590,Q41766,Ctesibius,re_greek_world,Greek World,-283.0,mathematician,non_europe,re_greek_world
591,Q729105,Severus of Antioch,re_greek_world,Greek World,465.0,theologian,non_europe,re_greek_world
592,Q641051,Arius Didymus,re_greek_world,Greek World,-83.0,philosopher,non_europe,re_greek_world
593,Q388333,Cadmus of Miletus,re_greek_world,Greek World,-500.0,historian,non_europe,re_greek_world
594,Q44258,Basil of Caesarea,re_greek_world,Greek World,329.0,theologian | philosopher,non_europe,re_greek_world
595,Q534986,Flavius Vopiscus,re_greek_world,Greek World,201.0,historian,non_europe,re_greek_world
596,Q41155,Heraclitus,re_greek_world,Greek World,-534.0,philosopher,non_europe,re_greek_world
597,Q36303,Thales,re_greek_world,Greek World,-624.0,astronomer | philosopher | physicist | mathematician,non_europe,re_greek_world
598,Q974775,Olympiodorus the Younger,re_greek_world,Greek World,495.0,philosopher,non_europe,re_greek_world
599,Q2763097,Abba Saul,re_greek_world,Greek World,101.0,theologian,non_europe,re_greek_world
600,Q202001,Archytas,re_greek_world,Greek World,-427.0,philosopher | musicologist | astronomer | mathematician,non_europe,re_greek_world
601,Q2312602,Montanus of Phrygia,re_greek_world,Greek World,150.0,theologian,non_europe,re_greek_world
602,Q19715972,Nicostratus of Trebizond,re_greek_world,Greek World,300.0,historian,non_europe,re_greek_world
603,Q44248,Jerome,re_greek_world,Greek World,345.0,theologian | historian,non_europe,re_greek_world
604,Q857017,Gaius Blossius,re_greek_world,Greek World,-150.0,philosopher,non_europe,re_greek_world
605,Q3371179,Polemarchus,re_greek_world,Greek World,-500.0,philosopher,non_europe,re_greek_world
606,Q345277,Basilides,re_greek_world,Greek World,117.0,theologian,non_europe,re_greek_world
607,Q3271431,Leon of Byzantium,re_greek_world,Greek World,-400.0,philosopher,non_europe,re_greek_world
608,Q212338,Philolaus,re_greek_world,Greek World,-469.0,philosopher | musicologist | astronomer | mathematician,non_europe,re_greek_world
609,Q2706119,Telecles,re_greek_world,Greek World,-201.0,philosopher,non_europe,re_greek_world
610,Q11906871,Ascletarió,re_greek_world,Greek World,100.0,mathematician,non_europe,re_greek_world
611,Q2832178,Alcimus,re_greek_world,Greek World,-350.0,historian,non_europe,re_greek_world
612,Q2695686,Abba Hilkiah,re_greek_world,Greek World,1.0,theologian,non_europe,re_greek_world
613,Q359945,Melito of Sardis,re_greek_world,Greek World,100.0,philosopher,non_europe,re_greek_world
614,Q226868,Zosimos of Panopolis,re_greek_world,Greek World,250.0,philosopher,non_europe,re_greek_world
615,Q738605,Boethus of Sidon,re_greek_world,Greek World,-199.0,philosopher,non_europe,re_greek_world
616,Q461067,Pantaenus,re_greek_world,Greek World,200.0,theologian | philosopher,non_europe,re_greek_world
617,Q7807000,Timosthenes,re_greek_world,Greek World,-301.0,geographer,non_europe,re_greek_world
618,Q23061186,Nicolaus Sophista,re_greek_world,Greek World,400.0,philosopher,non_europe,re_greek_world
619,Q161853,Hero of Alexandria,re_greek_world,Greek World,10.0,physicist | mathematician,non_europe,re_greek_world
620,Q1175868,Menander of Ephesus,re_greek_world,Greek World,-299.0,historian,non_europe,re_greek_world
621,Q159905,Hipparchus,re_greek_world,Greek World,-189.0,geographer | astronomer | mathematician,non_europe,re_greek_world
622,Q2601910,Aristo of Pella,re_greek_world,Greek World,100.0,historian,non_europe,re_greek_world
623,Q131671,Xenophanes,re_greek_world,Greek World,-569.0,philosopher,non_europe,re_greek_world
624,Q1113270,Archedemus of Tarsus,re_greek_world,Greek World,-300.0,philosopher,non_europe,re_greek_world
625,Q236594,Sextus Empiricus,re_greek_world,Greek World,200.0,philosopher,non_europe,re_greek_world
626,Q471218,Callippus of Cyzicus,re_greek_world,Greek World,-369.0,astronomer | mathematician,non_europe,re_greek_world
627,Q2639498,Boethus of Sidon,re_greek_world,Greek World,-74.0,philosopher,non_europe,re_greek_world
628,Q320042,Antiochus of Ascalon,re_greek_world,Greek World,-123.0,philosopher,non_europe,re_greek_world
629,Q461007,Eubulides,re_greek_world,Greek World,-500.0,philosopher,non_europe,re_greek_world
630,Q436634,Cassius Longinus,re_greek_world,Greek World,213.0,philosopher,non_europe,re_greek_world
631,Q1383804,Heracleides of Cyme,re_greek_world,Greek World,-399.0,historian,non_europe,re_greek_world
632,Q248975,Herillus,re_greek_world,Greek World,-279.0,philosopher,non_europe,re_greek_world
633,Q447428,Cerinthus,re_greek_world,Greek World,100.0,theologian | philosopher,non_europe,re_greek_world
634,Q297776,Pedanius Dioscorides,re_greek_world,Greek World,40.0,botanist | pharmacologist,non_europe,re_greek_world
635,Q657941,Albinus,re_greek_world,Greek World,100.0,philosopher,non_europe,re_greek_world
636,Q973972,Sporus of Nicaea,re_greek_world,Greek World,240.0,astronomer | mathematician,non_europe,re_greek_world
637,Q370123,Apollodorus of Artemita,re_greek_world,Greek World,-129.0,historian,non_europe,re_greek_world
638,Q312548,Megasthenes,re_greek_world,Greek World,-350.0,historian | anthropologist,non_europe,re_greek_world
639,Q950303,Cratippus of Pergamon,re_greek_world,Greek World,-100.0,philosopher,non_europe,re_greek_world
640,Q450311,Alypius,re_greek_world,Greek World,350.0,musicologist,non_europe,re_greek_world
641,Q2695791,Abtolemus,re_greek_world,Greek World,101.0,theologian,non_europe,re_greek_world
642,Q3502838,Thallus,re_greek_world,Greek World,100.0,historian,non_europe,re_greek_world
643,Q1290567,Maximus I of Constantinople,re_greek_world,Greek World,350.0,philosopher,non_europe,re_greek_world
644,Q2696474,Apollinaris,re_greek_world,Greek World,400.0,philosopher,non_europe,re_greek_world
645,Q365017,Agathocles of Cyzicus,re_greek_world,Greek World,-299.0,historian,non_europe,re_greek_world
646,Q429744,Philinus of Agrigentum,re_greek_world,Greek World,-300.0,historian,non_europe,re_greek_world
647,Q34943,Ptolemy,re_greek_world,Greek World,100.0,philosopher | musicologist | astronomer | mathematician | geographer,non_europe,re_greek_world
648,Q310173,Ammonius Saccas,re_greek_world,Greek World,175.0,philosopher,non_europe,re_greek_world
649,Q2319055,Rhianus,re_greek_world,Greek World,-274.0,historian,non_europe,re_greek_world
650,Q718003,Possidius of Calama,re_latin,Latin World,370.0,historian,non_europe,re_latin
651,Q8018,Augustine of Hippo,re_latin,Latin World,354.0,theologian | musicologist | philosopher | historian,non_europe,re_latin
652,Q342416,Arnobius,re_latin,Latin World,255.0,philosopher,non_europe,re_latin
653,Q348408,Martianus Capella,re_latin,Latin World,360.0,musicologist | philosopher,non_europe,re_latin
654,Q261992,Optatus,re_latin,Latin World,400.0,theologian,non_europe,re_latin
655,Q315670,Juba II,re_latin,Latin World,-47.0,historian,non_europe,re_latin
656,Q170512,Apuleius,re_latin,Latin World,125.0,philosopher,non_europe,re_latin
658,Q722705,Aşıkpaşazade,re_ottoman_turkey,Ottoman Turkey,1400.0,historian,non_europe,re_ottoman_turkey
659,Q1984103,Neşri,re_ottoman_turkey,Ottoman Turkey,1450.0,historian,non_europe,re_ottoman_turkey
662,Q991343,Oruç,re_ottoman_turkey,Ottoman Turkey,1500.0,historian,non_europe,re_ottoman_turkey
666,Q343494,Idris Bitlisi,re_ottoman_turkey,Ottoman Turkey,1457.0,historian,non_europe,re_ottoman_turkey
667,Q317973,Abdüssamed bin-Seyyidî Alî Diyarbekrî,re_ottoman_turkey,Ottoman Turkey,1500.0,historian,non_europe,re_ottoman_turkey
668,Q2843525,Amirdovlat of Amasia,re_ottoman_turkey,Ottoman Turkey,1420.0,botanist,non_europe,re_ottoman_turkey
670,Q12810590,Latîfî,re_ottoman_turkey,Ottoman Turkey,1491.0,historian,non_europe,re_ottoman_turkey
674,Q449254,Ibn Kemal,re_ottoman_turkey,Ottoman Turkey,1469.0,historian,non_europe,re_ottoman_turkey
675,Q15137609,Abraham Ankyuratsi,re_ottoman_turkey,Ottoman Turkey,1405.0,historian,non_europe,re_ottoman_turkey
680,Q353068,Akşemseddin,re_ottoman_turkey,Ottoman Turkey,1389.0,botanist | historian,non_europe,re_ottoman_turkey
691,Q21541505,Dede Cöngi,re_ottoman_turkey,Ottoman Turkey,1495.0,philosopher,non_europe,re_ottoman_turkey
697,Q3561173,George Amiroutzes,re_ottoman_turkey,Ottoman Turkey,1400.0,philosopher,non_europe,re_ottoman_turkey
700,Q5360885,Elijah Bashyazi,re_ottoman_turkey,Ottoman Turkey,1420.0,philosopher,non_europe,re_ottoman_turkey
702,Q388979,Sharaf Khan Bidlisi,re_ottoman_turkey,Ottoman Turkey,1543.0,historian,non_europe,re_ottoman_turkey
703,Q16854270,Şükrullah,re_ottoman_turkey,Ottoman Turkey,1388.0,historian,non_europe,re_ottoman_turkey
704,Q25452040,Hızır Bey,re_ottoman_turkey,Ottoman Turkey,1407.0,theologian | philosopher | logician,non_europe,re_ottoman_turkey
706,Q4452,Thomas of Metsoph,re_ottoman_turkey,Ottoman Turkey,1378.0,historian,non_europe,re_ottoman_turkey
709,Q428705,Mustafa Sheykhoghlu,re_ottoman_turkey,Ottoman Turkey,1341.0,linguist,non_europe,re_ottoman_turkey
710,Q12251667,Yahya al-Yazidi,re_persian_world,Persian world,755.0,linguist,non_europe,re_persian_world
712,Q12178019,Abu Sa'd 'Abd al-Karim al-Samani,re_persian_world,Persian world,1113.0,historian,non_europe,re_persian_world
713,Q5942209,Abd-al-Baqi Nahavandi,re_persian_world,Persian world,1570.0,historian,non_europe,re_persian_world
714,Q729591,Ata-Malik Juvayni,re_persian_world,Persian world,1226.0,historian,non_europe,re_persian_world
715,Q2822174,Abu Nu`aym,re_persian_world,Persian world,948.0,historian,non_europe,re_persian_world
716,Q2228574,Zahir al-Din Marashi,re_persian_world,Persian world,1413.0,historian,non_europe,re_persian_world
717,Q3456753,Abd al-Qahir al-Jurjani,re_persian_world,Persian world,1001.0,linguist,non_europe,re_persian_world
718,Q6419062,Aḥmad Ibn-Fāris,re_persian_world,Persian world,1000.0,historian,non_europe,re_persian_world
719,Q11075,Abd al-Rahman al-Sufi,re_persian_world,Persian world,903.0,astronomer | mathematician,non_europe,re_persian_world
720,Q293520,Abū Ḥanīfa Dīnawarī,re_persian_world,Persian world,828.0,botanist | astronomer | mathematician | geographer | historian,non_europe,re_persian_world
721,Q94875087,ʿAlī Ibn-ʿUbaidallāh Ibn-Bābūya al-Qummī,re_persian_world,Persian world,1100.0,theologian,non_europe,re_persian_world
722,Q2658411,Bahāʾ al-dīn al-ʿĀmilī,re_persian_world,Persian world,1547.0,astronomer | philosopher | mathematician,non_europe,re_persian_world
723,Q4119490,Mohsen Fayz Kashani,re_persian_world,Persian world,1598.0,philosopher,non_europe,re_persian_world
724,Q426523,Kamāl al-Dīn al-Fārisī,re_persian_world,Persian world,1265.0,mathematician,non_europe,re_persian_world
725,Q234908,Nezami Ganjavi,re_persian_world,Persian world,1141.0,philosopher,non_europe,re_persian_world
726,Q61669,Ibn Bibi,re_persian_world,Persian world,1250.0,historian,non_europe,re_persian_world
727,Q4060358,Mu'ayyad al-Din al-'Urdi,re_persian_world,Persian world,1200.0,astronomer,non_europe,re_persian_world
728,Q3458926,Ruzbihan Baqli,re_persian_world,Persian world,1128.0,philosopher,non_europe,re_persian_world
729,Q115466,Jamshīd al-Kāshī,re_persian_world,Persian world,1380.0,astronomer | mathematician,non_europe,re_persian_world
730,Q287573,Baidawi,re_persian_world,Persian world,1201.0,theologian | philosopher,non_europe,re_persian_world
731,Q3315763,Mir Damad,re_persian_world,Persian world,1561.0,philosopher,non_europe,re_persian_world
732,Q8011,Avicenna,re_persian_world,Persian world,980.0,philosopher | physicist | musicologist | astronomer | mathematician | chemist,non_europe,re_persian_world
733,Q140540,Zahed Gilani,re_persian_world,Persian world,1216.0,theologian,non_europe,re_persian_world
734,Q6351410,Ibn Manda,re_persian_world,Persian world,922.0,theologian,non_europe,re_persian_world
735,Q2031579,Shams al-Dīn al-Samarqandī,re_persian_world,Persian world,1250.0,astronomer | mathematician,non_europe,re_persian_world
736,Q335313,Abu Sahl al-Quhi,re_persian_world,Persian world,940.0,astronomer | physicist | mathematician,non_europe,re_persian_world
737,Q1152795,Nizami Aruzi,re_persian_world,Persian world,1110.0,philosopher,non_europe,re_persian_world
738,Q1048593,Amr ibn Ubayd,re_persian_world,Persian world,699.0,theologian,non_europe,re_persian_world
739,Q2024702,Seyid Yahya Bakuvi,re_persian_world,Persian world,1410.0,philosopher,non_europe,re_persian_world
740,Q32075,Baha' al-Din Naqshband,re_persian_world,Persian world,1327.0,theologian,non_europe,re_persian_world
741,Q558205,Khwaja Abdullah Ansari,re_persian_world,Persian world,1006.0,theologian,non_europe,re_persian_world
742,Q5875064,Aziz ad-Din Nasafi,re_persian_world,Persian world,1200.0,philosopher,non_europe,re_persian_world
744,Q4060354,Al-Qaffāl al-Shāshī,re_persian_world,Persian world,904.0,linguist,non_europe,re_persian_world
745,Q25451998,Abu al-Yusr al-Bazdawi,re_persian_world,Persian world,1030.0,theologian,non_europe,re_persian_world
746,Q2986906,Abd al-Qadir Maraghi,re_persian_world,Persian world,1353.0,musicologist,non_europe,re_persian_world
748,Q5636823,Habiballah Esmaili,re_persian_world,Persian world,1344.0,historian,non_europe,re_persian_world
750,Q657968,Minhaj-i-Siraj,re_persian_world,Persian world,1193.0,historian,non_europe,re_persian_world
752,Q4814466,Roxana Moslehi,re_persian_world,Persian world,1348.0,epidemiologist | botanist,non_europe,re_persian_world
756,Q2474377,Muhyi al-Dīn al-Maghribī,re_persian_world,Persian world,1220.0,astronomer | mathematician,non_europe,re_persian_world
757,Q12177831,Manṣūr ibn Muḥammad Samʻānī,re_persian_world,Persian world,1035.0,theologian,non_europe,re_persian_world
758,Q328782,Rashid-al-Din Hamadani,re_persian_world,Persian world,1247.0,historian,non_europe,re_persian_world
759,Q312458,Jami,re_persian_world,Persian world,1414.0,musicologist | philosopher,non_europe,re_persian_world
760,Q1377629,Mīr-Khvānd,re_persian_world,Persian world,1433.0,historian,non_europe,re_persian_world
761,Q6537635,Abu Nasr Ali ibn Hebatallah ibn Djafar ibn Makula,re_persian_world,Persian world,1030.0,historian,non_europe,re_persian_world
762,Q2822092,Abu Sahl 'Isa ibn Yahya al-Masihi,re_persian_world,Persian world,970.0,astronomer | philosopher,non_europe,re_persian_world
763,Q4794354,Ibn Hibban,re_persian_world,Persian world,883.0,historian,non_europe,re_persian_world
764,Q4561714,Ahmad ibn Muhammad,re_persian_world,Persian world,906.0,philosopher,non_europe,re_persian_world
765,Q1093121,Hakim al-Nishaburi,re_persian_world,Persian world,933.0,historian,non_europe,re_persian_world
766,Q3319050,Mohammed Qacim Ferichta,re_persian_world,Persian world,1560.0,historian,non_europe,re_persian_world
768,Q4090633,Bolad,re_persian_world,Persian world,1240.0,historian,non_europe,re_persian_world
769,Q2822093,Abu Said Gorgani,re_persian_world,Persian world,850.0,astronomer | mathematician,non_europe,re_persian_world
770,Q482451,Al-Zamakhshari,re_persian_world,Persian world,1075.0,theologian | linguist | philosopher,non_europe,re_persian_world
771,Q4117220,Amīn Rāzī,re_persian_world,Persian world,1501.0,geographer,non_europe,re_persian_world
773,Q1113860,Rashid al-Din Vatvat,re_persian_world,Persian world,1088.0,linguist,non_europe,re_persian_world
774,Q6414218,Hasan Beg Rumlu,re_persian_world,Persian world,1530.0,historian,non_europe,re_persian_world
775,Q764947,Taftazani,re_persian_world,Persian world,1322.0,theologian | philosopher | mathematician,non_europe,re_persian_world
777,Q2743660,Shaykh Saduq,re_persian_world,Persian world,918.0,theologian,non_europe,re_persian_world
778,Q254739,Fazlallah Astarabadi,re_persian_world,Persian world,1340.0,philosopher,non_europe,re_persian_world
779,Q12227985,Wāḥidī Nīsābūrī,re_persian_world,Persian world,1010.0,theologian | linguist | historian,non_europe,re_persian_world
781,Q3814358,Ibn Khuzaymah,re_persian_world,Persian world,838.0,theologian,non_europe,re_persian_world
782,Q287479,Estakhri,re_persian_world,Persian world,850.0,geographer,non_europe,re_persian_world
783,Q929260,Calanus,re_persian_world,Persian world,-397.0,philosopher,non_europe,re_persian_world
784,Q169234,Abu Bakr al-Razi,re_persian_world,Persian world,865.0,philosopher | chemist | mathematician,non_europe,re_persian_world
785,Q2511004,Abd al-Razzaq Samarqandi,re_persian_world,Persian world,1413.0,historian,non_europe,re_persian_world
786,Q5948206,Abd al-Fattah Fumani,re_persian_world,Persian world,1600.0,historian,non_europe,re_persian_world
787,Q12578225,Abu-l-Qasim al-Farabi,re_persian_world,Persian world,1130.0,geographer,non_europe,re_persian_world
788,Q2991836,Al-Khazini,re_persian_world,Persian world,1077.0,astronomer | philosopher | physicist | mathematician,non_europe,re_persian_world
789,Q62630871,Abu Ishaq al-Saffar al-Bukhari,re_persian_world,Persian world,1067.0,theologian,non_europe,re_persian_world
790,Q2561872,Iskandar Beg Munshi,re_persian_world,Persian world,1560.0,historian,non_europe,re_persian_world
792,Q330893,Abraham the Great of Kashkar,re_persian_world,Persian world,503.0,theologian,non_europe,re_persian_world
793,Q938348,Abou al-Layth As Samarqandî,re_persian_world,Persian world,944.0,theologian,non_europe,re_persian_world
796,Q3109034,Khwaju Kermani,re_persian_world,Persian world,1280.0,mathematician,non_europe,re_persian_world
797,Q2383120,Abu Nasr Mansur,re_persian_world,Persian world,970.0,astronomer | mathematician,non_europe,re_persian_world
799,Q557366,Ibn Tahir al-Baghdadi,re_persian_world,Persian world,980.0,mathematician,non_europe,re_persian_world
802,Q11862838,Muhammad Ibn Masud al-Ayyashi,re_persian_world,Persian world,900.0,theologian,non_europe,re_persian_world
803,Q1151481,Bahmanyār,re_persian_world,Persian world,993.0,philosopher | mathematician,non_europe,re_persian_world
805,Q27825516,Sayyid Ali Akbar,re_persian_world,Persian world,869.0,theologian,non_europe,re_persian_world
806,Q12177809,Imam Ar-Rafi'i,re_persian_world,Persian world,1160.0,theologian | historian,non_europe,re_persian_world
807,Q353889,Sahl ibn Bishr,re_persian_world,Persian world,786.0,astronomer | mathematician,non_europe,re_persian_world
809,Q4164865,Al-Tughrai,re_persian_world,Persian world,1061.0,linguist,non_europe,re_persian_world
810,Q5960565,Mir Shamsuddin Adib-Soltani,re_persian_world,Persian world,1310.0,philosopher,non_europe,re_persian_world
812,Q5724876,Fazl b. Ruzbihan Khunji,re_persian_world,Persian world,1457.0,historian,non_europe,re_persian_world
813,Q983510,Jahm bin Safwan,re_persian_world,Persian world,696.0,theologian,non_europe,re_persian_world
814,Q4502475,Ḥusain Wāʿiẓ Kāšifī,re_persian_world,Persian world,1461.0,astronomer | mathematician,non_europe,re_persian_world
815,Q2620460,Abul-Fazl Bayhaqi,re_persian_world,Persian world,996.0,historian,non_europe,re_persian_world
816,Q796587,Shams Tabrizi,re_persian_world,Persian world,1185.0,philosopher,non_europe,re_persian_world
818,Q6417154,Baba Kuhi of Shiraz,re_persian_world,Persian world,948.0,philosopher,non_europe,re_persian_world
819,Q336653,Alexandre de Rhodes,re_persian_world,Persian world,1593.0,linguist,non_europe,re_persian_world
820,Q11906149,Anushirvan ibn Khalid,re_persian_world,Persian world,1060.0,historian,non_europe,re_persian_world
821,Q203922,Mani,re_persian_world,Persian world,216.0,theologian | philosopher,non_europe,re_persian_world
822,Q983355,Sibawayh,re_persian_world,Persian world,760.0,linguist,non_europe,re_persian_world
823,Q2594199,Al-Mahani,re_persian_world,Persian world,820.0,astronomer | mathematician,non_europe,re_persian_world
825,Q445398,Fātima bint Mūsā,re_persian_world,Persian world,790.0,theologian,non_europe,re_persian_world
828,Q2915197,Wassaf,re_persian_world,Persian world,1265.0,historian,non_europe,re_persian_world
829,Q3773706,Abd al-Jabbar ibn Ahmad,re_persian_world,Persian world,935.0,theologian | philosopher,non_europe,re_persian_world
830,Q16367981,Fatullah Sirvani,re_persian_world,Persian world,1417.0,mathematician,non_europe,re_persian_world
831,Q333703,Fakhr al-Din al-Razi,re_persian_world,Persian world,1150.0,astronomer | philosopher | mathematician,non_europe,re_persian_world
832,Q6820795,Abu Mansur al-Azhari,re_persian_world,Persian world,895.0,linguist,non_europe,re_persian_world
833,Q5946533,Bi Bi Monajemeh Nishaburi,re_persian_world,Persian world,1203.0,astronomer | mathematician,non_europe,re_persian_world
834,Q4116338,Mir Fendereski,re_persian_world,Persian world,1562.0,philosopher,non_europe,re_persian_world
835,Q4115259,Abd al-Karīm ibn Hawāzin Qushayri,re_persian_world,Persian world,986.0,philosopher,non_europe,re_persian_world
836,Q7489382,Sharaf al-Zaman al-Marwazi,re_persian_world,Persian world,1057.0,zoologist,non_europe,re_persian_world
837,Q1231017,Tha'ālibī,re_persian_world,Persian world,961.0,linguist,non_europe,re_persian_world
838,Q5964599,Rasul Jafarian,re_persian_world,Persian world,1343.0,historian,non_europe,re_persian_world
840,Q25453527,Abu Sahl al-Sa'luki,re_persian_world,Persian world,908.0,theologian,non_europe,re_persian_world
841,Q5668442,Naubakht,re_persian_world,Persian world,750.0,astronomer,non_europe,re_persian_world
842,Q461062,Al-Karaji,re_persian_world,Persian world,953.0,mathematician,non_europe,re_persian_world
844,Q106916684,Arshit Dana,re_persian_world,Persian world,-475.0,philosopher,non_europe,re_persian_world
846,Q423644,Ali Qushji,re_persian_world,Persian world,1403.0,astronomer | linguist | physicist | mathematician,non_europe,re_persian_world
847,Q729903,Qutb al-Din al-Shirazi,re_persian_world,Persian world,1236.0,philosopher | physicist | musicologist | astronomer | mathematician,non_europe,re_persian_world
848,Q12223113,ʻAbd al-Ghāfir ibn Ismāʻīl Fārisī,re_persian_world,Persian world,1059.0,historian,non_europe,re_persian_world
849,Q16519243,Abu Abdallah al-Jayhani,re_persian_world,Persian world,801.0,geographer,non_europe,re_persian_world
850,Q328796,Nasir Khusraw,re_persian_world,Persian world,1004.0,philosopher,non_europe,re_persian_world
851,Q3660690,Iranshahri,re_persian_world,Persian world,900.0,astronomer | philosopher | mathematician,non_europe,re_persian_world
852,Q643786,Athīr al-Dīn al-Abharī,re_persian_world,Persian world,1200.0,astronomer | mathematician,non_europe,re_persian_world
853,Q1088315,Al Khakim At Termizi,re_persian_world,Persian world,820.0,theologian,non_europe,re_persian_world
855,Q17303834,Ibn al-Khammar,re_persian_world,Persian world,942.0,philosopher,non_europe,re_persian_world
856,Q9546,Al-Ghazali,re_persian_world,Persian world,1058.0,theologian | philosopher,non_europe,re_persian_world
858,Q292178,Al-Fadl ibn Sahl,re_persian_world,Persian world,770.0,astronomer,non_europe,re_persian_world
859,Q3827234,Ibn Isfandiyar,re_persian_world,Persian world,1210.0,historian,non_europe,re_persian_world
861,Q738649,Hamdallah Mustawfi,re_persian_world,Persian world,1281.0,geographer | historian,non_europe,re_persian_world
862,Q335516,Abu Zayd al-Balkhi,re_persian_world,Persian world,850.0,geographer | physicist | mathematician,non_europe,re_persian_world
863,Q2626083,Kirakos of Gandzak,re_persian_world,Persian world,1200.0,historian,non_europe,re_persian_world
865,Q12177901,Ibn Furak,re_persian_world,Persian world,941.0,theologian,non_europe,re_persian_world
867,Q2908840,Zayn al-Din Gorgani,re_persian_world,Persian world,1040.0,philosopher,non_europe,re_persian_world
868,Q320324,Ahmad Ghazali,re_persian_world,Persian world,1100.0,theologian,non_europe,re_persian_world
869,Q4846224,Abu l-Futuh al-Razi,re_persian_world,Persian world,1087.0,theologian,non_europe,re_persian_world
870,Q1821848,Al-Samawal al-Maghribi,re_persian_world,Persian world,1130.0,astronomer | mathematician,non_europe,re_persian_world
871,Q15891994,Yovanisik Caretsi,re_persian_world,Persian world,1560.0,historian,non_europe,re_persian_world
872,Q52742567,Siraj ud-Din Muhammad ibn Abd ur-Rashid Sajawandi,re_persian_world,Persian world,1200.0,linguist | mathematician,non_europe,re_persian_world
873,Q16050084,Ghiyāth al-Dīn Manṣūr Dashtakī Shīrāzī,re_persian_world,Persian world,1462.0,philosopher,non_europe,re_persian_world
874,Q66999200,Ibn Abi al-Faraj al-Kinani,re_persian_world,Persian world,1036.0,linguist,non_europe,re_persian_world
875,Q11937789,Muhammad ibn Ali Rawandi,re_persian_world,Persian world,1202.0,historian,non_europe,re_persian_world
876,Q4115024,Ayn al-Quzat Hamadani,re_persian_world,Persian world,1098.0,philosopher | mathematician,non_europe,re_persian_world
877,Q2988556,Al-Nayrizi,re_persian_world,Persian world,865.0,astronomer | mathematician,non_europe,re_persian_world
878,Q12194385,An-Nadhar bin Syamil,re_persian_world,Persian world,740.0,astronomer | philosopher | linguist,non_europe,re_persian_world
879,Q11826,Al-Biruni,re_persian_world,Persian world,973.0,philosopher | physicist | botanist | astronomer | linguist | mathematician | chemist | anthropologist | geographer | historian,non_europe,re_persian_world
880,Q25451679,Abu Al - Moin Al - Nasafi,re_persian_world,Persian world,1046.0,theologian,non_europe,re_persian_world
881,Q241026,Muḥammad ibn Ismā‘īl al-Bukhārī,re_persian_world,Persian world,810.0,theologian | historian,non_europe,re_persian_world
882,Q20706345,Faṣīḥ al-Dīn Aḥmad Faṣīḥ Khvāfī,re_persian_world,Persian world,1375.0,historian,non_europe,re_persian_world
884,Q1050887,Al-Shahrastani,re_persian_world,Persian world,1086.0,philosopher | historian,non_europe,re_persian_world
885,Q18325461,Salih ibn Ahmad ibn Hanbal,re_persian_world,Persian world,818.0,theologian,non_europe,re_persian_world
886,Q4670206,Abu Hatim Ahmad ibn Hamdan al-Razi,re_persian_world,Persian world,801.0,theologian | philosopher,non_europe,re_persian_world
887,Q2663540,Muhammad Bal'ami,re_persian_world,Persian world,1000.0,historian,non_europe,re_persian_world
888,Q57633062,Muhammad ibn Hussein al-Zaghuli,re_persian_world,Persian world,1080.0,linguist,non_europe,re_persian_world
890,Q2669359,Najm al-Dīn al-Qazwīnī al-Kātibī,re_persian_world,Persian world,1203.0,astronomer | philosopher | mathematician,non_europe,re_persian_world
891,Q123088,Ismail II,re_persian_world,Persian world,1533.0,astronomer,non_europe,re_persian_world
892,Q5956631,Afdhal al-Din abu Hamid Kermani,re_persian_world,Persian world,1136.0,philosopher | historian,non_europe,re_persian_world
894,Q5787478,Hamza al-Isbahani,re_persian_world,Persian world,893.0,historian,non_europe,re_persian_world
895,Q1148049,Sanai,re_persian_world,Persian world,1080.0,philosopher,non_europe,re_persian_world
897,Q1386256,Qāḍī Zāda al-Rūmī,re_persian_world,Persian world,1364.0,astronomer | mathematician,non_europe,re_persian_world
899,Q3327524,Muhammad ibn Ahmad al-Khwarizmi,re_persian_world,Persian world,899.0,historian,non_europe,re_persian_world
900,Q6932870,Muhammad ibn Falah,re_persian_world,Persian world,1400.0,theologian,non_europe,re_persian_world
901,Q334857,Abu Bakr al-Kalabadhi,re_persian_world,Persian world,950.0,philosopher,non_europe,re_persian_world
902,Q2472579,ʿUbaidallāh Ibn-Maḥmūd Aḥrār,re_persian_world,Persian world,1404.0,theologian,non_europe,re_persian_world
903,Q35900,Omar Khayyám,re_persian_world,Persian world,1048.0,astronomer | philosopher | physicist | mathematician,non_europe,re_persian_world
904,Q12223449,ʿAbdallāh Ibn-Aḥmad Nasafī,re_persian_world,Persian world,1240.0,theologian,non_europe,re_persian_world
905,Q3242122,Hasan ibn Zayd,re_persian_world,Persian world,750.0,theologian,non_europe,re_persian_world
906,Q4116938,Jalaladdin Davani,re_persian_world,Persian world,1426.0,philosopher,non_europe,re_persian_world
907,Q12827721,Abu Mansur al-Maturidi,re_persian_world,Persian world,852.0,philosopher,non_europe,re_persian_world
908,Q6417943,Elahi Ardabili,re_persian_world,Persian world,870.0,mathematician,non_europe,re_persian_world
909,Q3296224,Muhammad ibn Mahmud Amuli,re_persian_world,Persian world,1300.0,mathematician,non_europe,re_persian_world
911,Q563574,Abu Saʿīd Gardēzī,re_persian_world,Persian world,1100.0,geographer | historian,non_europe,re_persian_world
912,Q486088,Ulugh Beg,re_persian_world,Persian world,1394.0,astronomer | mathematician,non_europe,re_persian_world
916,Q631972,Safi-ad-din Ardabili,re_persian_world,Persian world,1252.0,theologian,non_europe,re_persian_world
922,Q5701959,Abu Hafs Omar al-Nasafi,re_persian_world,Persian world,1067.0,theologian | historian,non_europe,re_persian_world
923,Q2991000,Abū Ja'far al-Khāzin,re_persian_world,Persian world,900.0,astronomer | mathematician,non_europe,re_persian_world
924,Q194091,Attar of Nishapur,re_persian_world,Persian world,1145.0,philosopher,non_europe,re_persian_world
926,Q1963396,Najm al-Din Razi,re_persian_world,Persian world,1177.0,philosopher,non_europe,re_persian_world
927,Q315881,Hassan-i Sabbah,re_persian_world,Persian world,1050.0,theologian | astronomer | philosopher,non_europe,re_persian_world
928,Q403498,Ismail ibn Hammad al-Jawhari,re_persian_world,Persian world,940.0,linguist,non_europe,re_persian_world
929,Q481384,Ebn Meskavayh,re_persian_world,Persian world,932.0,philosopher | historian,non_europe,re_persian_world
931,Q4118843,Ibn Khalawayh,re_persian_world,Persian world,950.0,theologian,non_europe,re_persian_world
932,Q90863901,Ibn al-Malāḥimī,re_persian_world,Persian world,1050.0,theologian,non_europe,re_persian_world
933,Q305325,Al-Isfahani,re_persian_world,Persian world,1000.0,mathematician,non_europe,re_persian_world
934,Q2584074,Al-Juwayni,re_persian_world,Persian world,1028.0,theologian,non_europe,re_persian_world
935,Q335282,Abū-Sa'īd Abul-Khayr,re_persian_world,Persian world,967.0,theologian,non_europe,re_persian_world
936,Q8190792,Jamal ad-Din,re_persian_world,Persian world,1300.0,astronomer,non_europe,re_persian_world
937,Q3063378,Ali ibn Mohammed al-Jurjani,re_persian_world,Persian world,1340.0,philosopher,non_europe,re_persian_world
938,Q1797377,Najmuddin Kubra,re_persian_world,Persian world,1145.0,philosopher,non_europe,re_persian_world
939,Q29996106,Budaq Monshi Qazvini,re_persian_world,Persian world,1510.0,historian,non_europe,re_persian_world
941,Q4025793,Ibn Funduq,re_persian_world,Persian world,1106.0,mathematician,non_europe,re_persian_world
942,Q282231,Benjamin Nahawandi,re_persian_world,Persian world,750.0,philosopher,non_europe,re_persian_world
943,Q5954332,Ahmad Monshi Ghomi,re_persian_world,Persian world,1546.0,historian,non_europe,re_persian_world
944,Q293651,Muḥammad Ibn-al-Ḥusain as-Sulamī,re_persian_world,Persian world,937.0,theologian,non_europe,re_persian_world
945,Q3110028,Ibn Shahriyar,re_persian_world,Persian world,900.0,geographer,non_europe,re_persian_world
954,Q683792,Kitabatake Chikafusa,re_japan,Japan,1293.0,historian,non_europe,re_japan
957,Q311478,Nichiren,re_japan,Japan,1222.0,philosopher,non_europe,re_japan
972,Q2399435,Miyoshi Kiyotsura,re_japan,Japan,847.0,philosopher,non_europe,re_japan
973,Q4385767,Bassui Tokushō,re_japan,Japan,1327.0,philosopher,non_europe,re_japan
988,Q193344,Miyamoto Musashi,re_japan,Japan,1585.0,philosopher,non_europe,re_japan
1004,Q1150151,Abe no Seimei,re_japan,Japan,921.0,astronomer,non_europe,re_japan
1015,Q715993,Jien,re_japan,Japan,1155.0,historian,non_europe,re_japan
1026,Q449943,Saichō,re_japan,Japan,767.0,philosopher,non_europe,re_japan
1031,Q1136664,Gyōki,re_japan,Japan,668.0,geographer,non_europe,re_japan
1040,Q378425,Fujiwara no Teika,re_japan,Japan,1162.0,linguist,non_europe,re_japan
1048,Q1063276,Kibi no Makibi,re_japan,Japan,695.0,philosopher,non_europe,re_japan
1053,Q558279,Hayashi Razan,re_japan,Japan,1583.0,philosopher,non_europe,re_japan
1092,Q169352,Zeami Motokiyo,re_japan,Japan,1363.0,philosopher,non_europe,re_japan
1093,Q231603,Sei Shōnagon,re_japan,Japan,966.0,historian,non_europe,re_japan
1110,Q384703,Musō Soseki,re_japan,Japan,1275.0,philosopher,non_europe,re_japan
1122,Q1527039,Yoshida Mitsuyoshi,re_japan,Japan,1598.0,mathematician,non_europe,re_japan
1125,Q1362200,Toneri-shinnō,re_japan,Japan,676.0,historian,non_europe,re_japan
1135,Q318064,Dōgen,re_japan,Japan,1200.0,philosopher,non_europe,re_japan
1137,Q726163,Kambei Mori,re_japan,Japan,1600.0,mathematician,non_europe,re_japan
1139,Q705860,Anjirō,re_japan,Japan,1600.0,linguist,non_europe,re_japan
1159,Q222227,Kūkai,re_japan,Japan,774.0,linguist | philosopher,non_europe,re_japan
1168,Q655390,Fujiwara Seika,re_japan,Japan,1561.0,philosopher,non_europe,re_japan
1200,Q11564289,Minamoto no Yoshiari,re_japan,Japan,845.0,historian,non_europe,re_japan
1203,Q1559382,Minamoto no Shitagō,re_japan,Japan,911.0,linguist,non_europe,re_japan
1209,Q11583182,Zhen Dexiu,re_chinese_world,Chinese world,1178.0,philosopher,non_europe,re_chinese_world
1210,Q2912463,Zhao Mengjian,re_chinese_world,Chinese world,1199.0,historian,non_europe,re_chinese_world
1211,Q6146198,Qian Qianyi,re_chinese_world,Chinese world,1582.0,historian,non_europe,re_chinese_world
1212,Q371966,Feng Menglong,re_chinese_world,Chinese world,1574.0,historian,non_europe,re_chinese_world
1213,Q712287,Jizang,re_chinese_world,Chinese world,549.0,philosopher,non_europe,re_chinese_world
1214,Q15912473,Fan Zuyu,re_chinese_world,Chinese world,1041.0,historian,non_europe,re_chinese_world
1217,Q197958,Zhou Daguan,re_chinese_world,Chinese world,1266.0,geographer,non_europe,re_chinese_world
1218,Q558380,Cheng Yi,re_chinese_world,Chinese world,1033.0,philosopher,non_europe,re_chinese_world
1219,Q1206650,Ma Duanlin,re_chinese_world,Chinese world,1245.0,historian,non_europe,re_chinese_world
1220,Q713013,Song Lian,re_chinese_world,Chinese world,1310.0,historian,non_europe,re_chinese_world
1221,Q4272132,Lü Zuqian,re_chinese_world,Chinese world,1137.0,historian,non_europe,re_chinese_world
1222,Q319329,Wang Chong,re_chinese_world,Chinese world,27.0,astronomer | philosopher | meteorologist | mathematician,non_europe,re_chinese_world
1223,Q699266,Zheng Qiao,re_chinese_world,Chinese world,1104.0,astronomer | historian,non_europe,re_chinese_world
1225,Q36020,Su Shi,re_chinese_world,Chinese world,1037.0,historian,non_europe,re_chinese_world
1226,Q14942746,Gao Panlong,re_chinese_world,Chinese world,1562.0,philosopher,non_europe,re_chinese_world
1227,Q8011232,Wang Gen,re_chinese_world,Chinese world,1483.0,philosopher,non_europe,re_chinese_world
1228,Q319618,Wang Anshi,re_chinese_world,Chinese world,1021.0,economist,non_europe,re_chinese_world
1231,Q981888,Tao Hongjing,re_chinese_world,Chinese world,456.0,philosopher,non_europe,re_chinese_world
1233,Q197206,Zhang Heng,re_chinese_world,Chinese world,78.0,philosopher | astronomer | mathematician | anthropologist | geographer,non_europe,re_chinese_world
1234,Q697553,Ye Shi,re_chinese_world,Chinese world,1150.0,philosopher,non_europe,re_chinese_world
1235,Q10425950,Tian Xi,re_chinese_world,Chinese world,940.0,historian,non_europe,re_chinese_world
1236,Q187172,Bodhidharma,re_chinese_world,Chinese world,483.0,philosopher,non_europe,re_chinese_world
1237,Q1914745,Mazu Daoyi,re_chinese_world,Chinese world,709.0,philosopher,non_europe,re_chinese_world
1240,Q1070259,Qiao Zhou,re_chinese_world,Chinese world,199.0,astronomer,non_europe,re_chinese_world
1241,Q9397,Zhu Xi,re_chinese_world,Chinese world,1130.0,philosopher | historian,non_europe,re_chinese_world
1242,Q420427,Xu Guangqi,re_chinese_world,Chinese world,1562.0,astronomer | mathematician,non_europe,re_chinese_world
1243,Q699485,Liu Ji,re_chinese_world,Chinese world,1311.0,astronomer | philosopher | historian,non_europe,re_chinese_world
1245,Q197172,Zhang Daoling,re_chinese_world,Chinese world,34.0,philosopher,non_europe,re_chinese_world
1247,Q15927765,Fan Zhen,re_chinese_world,Chinese world,1007.0,historian,non_europe,re_chinese_world
1248,Q45378990,Fei Shiyin,re_chinese_world,Chinese world,1160.0,historian,non_europe,re_chinese_world
1250,Q706214,Zhang Dai,re_chinese_world,Chinese world,1597.0,historian,non_europe,re_chinese_world
1251,Q3497131,Luo Hongxian,re_chinese_world,Chinese world,1504.0,geographer,non_europe,re_chinese_world
1253,Q712125,Yin Mo,re_chinese_world,Chinese world,101.0,philosopher,non_europe,re_chinese_world
1255,Q1156713,He Yan,re_chinese_world,Chinese world,195.0,philosopher,non_europe,re_chinese_world
1256,Q979653,Paramartha,re_chinese_world,Chinese world,499.0,philosopher,non_europe,re_chinese_world
1258,Q21814440,Gu Yingxiang,re_chinese_world,Chinese world,1483.0,historian,non_europe,re_chinese_world
1260,Q553678,Ge Hong,re_chinese_world,Chinese world,284.0,philosopher,non_europe,re_chinese_world
1261,Q11147294,Hong Mai,re_chinese_world,Chinese world,1123.0,historian,non_europe,re_chinese_world
1262,Q227444,Zu Chongzhi,re_chinese_world,Chinese world,429.0,astronomer | mathematician,non_europe,re_chinese_world
1263,Q378462,Wang Yangming,re_chinese_world,Chinese world,1472.0,philosopher,non_europe,re_chinese_world
1264,Q698817,Zhao Rukuo,re_chinese_world,Chinese world,1170.0,geographer | historian,non_europe,re_chinese_world
1265,Q3274593,Wang Fan,re_chinese_world,Chinese world,228.0,astronomer | mathematician,non_europe,re_chinese_world
1267,Q1367171,Xu Xiake,re_chinese_world,Chinese world,1587.0,geographer,non_europe,re_chinese_world
1268,Q345012,Huineng,re_chinese_world,Chinese world,638.0,philosopher,non_europe,re_chinese_world
1269,Q17040371,Zhao Youqin,re_chinese_world,Chinese world,1279.0,astronomer | mathematician,non_europe,re_chinese_world
1270,Q3573233,Yungton Dorje Pel,re_chinese_world,Chinese world,1284.0,philosopher,non_europe,re_chinese_world
1272,Q5363752,Cheng Dawei,re_chinese_world,Chinese world,1533.0,mathematician,non_europe,re_chinese_world
1275,Q565225,Qin Jiushao,re_chinese_world,Chinese world,1208.0,meteorologist | mathematician,non_europe,re_chinese_world
1276,Q11067446,Zhang Xie,re_chinese_world,Chinese world,1574.0,geographer,non_europe,re_chinese_world
1278,Q10330338,Zhu Bian,re_chinese_world,Chinese world,1085.0,historian,non_europe,re_chinese_world
1280,Q707875,Fang Xiaoru,re_chinese_world,Chinese world,1357.0,historian,non_europe,re_chinese_world
1282,Q270085,Shen Kuo,re_chinese_world,Chinese world,1031.0,zoologist | physicist | philosopher | botanist | astronomer | meteorologist | mathematician | geologist | anthropologist | geographer | economist,non_europe,re_chinese_world
1283,Q334323,Ouyang Xiu,re_chinese_world,Chinese world,1007.0,philosopher | historian,non_europe,re_chinese_world
1285,Q11646955,Jin Lvxiang,re_chinese_world,Chinese world,1232.0,historian,non_europe,re_chinese_world
1286,Q574521,Yang Hui,re_chinese_world,Chinese world,1238.0,mathematician,non_europe,re_chinese_world
1287,Q626019,Araniko,re_chinese_world,Chinese world,1244.0,astronomer,non_europe,re_chinese_world
1288,Q11097372,Li Tao,re_chinese_world,Chinese world,1115.0,historian,non_europe,re_chinese_world
1289,Q553520,Yang Xiong,re_chinese_world,Chinese world,-52.0,linguist | philosopher,non_europe,re_chinese_world
1290,Q5071661,Chang Qu,re_chinese_world,Chinese world,291.0,historian,non_europe,re_chinese_world
1291,Q561165,Shen Yue,re_chinese_world,Chinese world,441.0,historian,non_europe,re_chinese_world
1292,Q2466384,Lu Jiuyuan,re_chinese_world,Chinese world,1139.0,philosopher,non_europe,re_chinese_world
1293,Q18812219,Qu Taisu,re_chinese_world,Chinese world,1549.0,mathematician,non_europe,re_chinese_world
1294,Q3051507,Hua He,re_chinese_world,Chinese world,219.0,historian,non_europe,re_chinese_world
1296,Q45691164,Qu Jiusi,re_chinese_world,Chinese world,1546.0,historian,non_europe,re_chinese_world
1297,Q6121590,Gu Xiancheng,re_chinese_world,Chinese world,1550.0,philosopher,non_europe,re_chinese_world
1298,Q1292321,Zhang Sixun,re_chinese_world,Chinese world,1050.0,astronomer,non_europe,re_chinese_world
1300,Q15449527,Chen Hongxu,re_chinese_world,Chinese world,1597.0,archeologist | historian,non_europe,re_chinese_world
1301,Q11089447,Yan Shu,re_chinese_world,Chinese world,991.0,historian,non_europe,re_chinese_world
1302,Q457972,Guan Zhong,re_chinese_world,Chinese world,-719.0,philosopher,non_europe,re_chinese_world
1305,Q1088063,Hua Sui,re_chinese_world,Chinese world,1439.0,historian,non_europe,re_chinese_world
1306,Q7267602,Qian Dehong,re_chinese_world,Chinese world,1496.0,philosopher,non_europe,re_chinese_world
1307,Q5950484,Xu Ai,re_chinese_world,Chinese world,1487.0,philosopher,non_europe,re_chinese_world
1310,Q10543449,Lu Zhen,re_chinese_world,Chinese world,957.0,historian,non_europe,re_chinese_world
1312,Q626733,Fan Chengda,re_chinese_world,Chinese world,1126.0,geographer,non_europe,re_chinese_world
1314,Q706837,Liu Yuxi,re_chinese_world,Chinese world,772.0,philosopher,non_europe,re_chinese_world
1317,Q16076318,Xu Dong,re_chinese_world,Chinese world,976.0,historian,non_europe,re_chinese_world
1318,Q3315279,Zheng Ruozeng,re_chinese_world,Chinese world,1503.0,geographer,non_europe,re_chinese_world
1320,Q30949294,Ouyang De,re_chinese_world,Chinese world,1496.0,philosopher,non_europe,re_chinese_world
1321,Q558192,Cheng Hao,re_chinese_world,Chinese world,1032.0,philosopher,non_europe,re_chinese_world
1324,Q699303,Chen Di,re_chinese_world,Chinese world,1541.0,linguist,non_europe,re_chinese_world
1325,Q698177,Li Zhi,re_chinese_world,Chinese world,1527.0,philosopher,non_europe,re_chinese_world
1326,Q197778,Zhiyi,re_chinese_world,Chinese world,538.0,philosopher,non_europe,re_chinese_world
1327,Q1288620,Wen Tong,re_chinese_world,Chinese world,1018.0,historian,non_europe,re_chinese_world
1328,Q4501983,Hu Hong,re_chinese_world,Chinese world,1105.0,philosopher,non_europe,re_chinese_world
1331,Q537211,Dong Qichang,re_chinese_world,Chinese world,1555.0,art theorist,non_europe,re_chinese_world
1332,Q703776,Du Qiong,re_chinese_world,Chinese world,101.0,astronomer,non_europe,re_chinese_world
1333,Q6473698,Lai Zhide,re_chinese_world,Chinese world,1525.0,philosopher,non_europe,re_chinese_world
1334,Q15941622,Chen Ji,re_chinese_world,Chinese world,1363.0,historian,non_europe,re_chinese_world
1335,Q716389,Li Gonglin,re_chinese_world,Chinese world,1049.0,archeologist | anthropologist,non_europe,re_chinese_world
1336,Q379577,Marpa Chokyi Lodro,re_chinese_world,Chinese world,1012.0,philosopher,non_europe,re_chinese_world
1338,Q12159927,Tao Zongyi,re_chinese_world,Chinese world,1329.0,historian,non_europe,re_chinese_world
1339,Q1265657,Su Song,re_chinese_world,Chinese world,1020.0,zoologist | philosopher | botanist | astronomer | mathematician | geographer,non_europe,re_chinese_world
1340,Q16260354,Wang Kentang,re_chinese_world,Chinese world,1549.0,historian,non_europe,re_chinese_world
1342,Q1268609,Wu Zixu,re_chinese_world,Chinese world,-525.0,philosopher,non_europe,re_chinese_world
1344,Q31765,Fan Zhen,re_chinese_world,Chinese world,450.0,philosopher,non_europe,re_chinese_world
1347,Q947874,Gö Lotsawa Zhönnu-pel,re_chinese_world,Chinese world,1392.0,historian,non_europe,re_chinese_world
1350,Q265181,He Xinyin,re_chinese_world,Chinese world,1517.0,philosopher,non_europe,re_chinese_world
1352,Q1275360,Zeng Gong,re_chinese_world,Chinese world,1019.0,historian,non_europe,re_chinese_world
1353,Q4501976,Anguo Hu,re_chinese_world,Chinese world,1074.0,philosopher,non_europe,re_chinese_world
1354,Q1155951,Su Zhe,re_chinese_world,Chinese world,1039.0,philosopher | historian,non_europe,re_chinese_world
1355,Q15920149,Qian Tan,re_chinese_world,Chinese world,1594.0,historian,non_europe,re_chinese_world
1357,Q20048449,Xue Fengzuo,re_chinese_world,Chinese world,1600.0,astronomer | mathematician,non_europe,re_chinese_world
1358,Q698543,Chen Baisha,re_chinese_world,Chinese world,1428.0,philosopher,non_europe,re_chinese_world
1359,Q13553235,Zhan Ruoshui,re_chinese_world,Chinese world,1466.0,philosopher,non_europe,re_chinese_world
1360,Q6728564,Chu Jen,re_chinese_world,Chinese world,1361.0,historian,non_europe,re_chinese_world
1362,Q10897757,Liu Hong,re_chinese_world,Chinese world,130.0,astronomer | mathematician,non_europe,re_chinese_world
1363,Q11835,Manuel Dias,re_chinese_world,Chinese world,1574.0,astronomer,non_europe,re_chinese_world
1364,Q985731,Xu Jingzong,re_chinese_world,Chinese world,592.0,geographer,non_europe,re_chinese_world
1365,Q1207661,Shan Tao,re_chinese_world,Chinese world,205.0,philosopher,non_europe,re_chinese_world
1366,Q37151,Sun Tzu,re_chinese_world,Chinese world,-543.0,philosopher,non_europe,re_chinese_world
1367,Q16076832,Ma Xu,re_chinese_world,Chinese world,70.0,historian,non_europe,re_chinese_world
1369,Q15917614,Wei Liaoweng,re_chinese_world,Chinese world,1178.0,philosopher,non_europe,re_chinese_world
1372,Q5895740,Hong Zicheng,re_chinese_world,Chinese world,1593.0,philosopher,non_europe,re_chinese_world
1373,Q12159141,Xu Yue,re_chinese_world,Chinese world,160.0,astronomer | philosopher | mathematician,non_europe,re_chinese_world
1379,Q42063,Xuanzang,re_chinese_world,Chinese world,602.0,philosopher,non_europe,re_chinese_world
1380,Q7967473,Wang Jia,re_chinese_world,Chinese world,400.0,historian,non_europe,re_chinese_world
1381,Q8070452,Zhang Zhu,re_chinese_world,Chinese world,1287.0,historian,non_europe,re_chinese_world
1382,Q2638471,Wei Shou,re_chinese_world,Chinese world,506.0,historian,non_europe,re_chinese_world
1384,Q6042323,Yi Kaizhan,re_chinese_world,Chinese world,1400.0,mathematician,non_europe,re_chinese_world
1386,Q233340,Matteo Ricci,re_chinese_world,Chinese world,1552.0,geographer | mathematician,non_europe,re_chinese_world
1388,Q3287200,Mao Yuanyi,re_chinese_world,Chinese world,1594.0,historian,non_europe,re_chinese_world
1389,Q713247,Yishiha,re_chinese_world,Chinese world,1409.0,geographer,non_europe,re_chinese_world
1390,Q28414458,Yang Huan,re_chinese_world,Chinese world,1234.0,linguist,non_europe,re_chinese_world
1392,Q1872767,Lu Zhonglian,re_chinese_world,Chinese world,-304.0,philosopher,non_europe,re_chinese_world
1393,Q710705,Yi Xing,re_chinese_world,Chinese world,683.0,astronomer | mathematician,non_europe,re_chinese_world
1394,Q1260120,Dromton Gyelwa Jungne,re_chinese_world,Chinese world,1008.0,theologian,non_europe,re_chinese_world
1395,Q563564,Mahmud al-Kashgari,re_chinese_world,Chinese world,1029.0,geographer | linguist,non_europe,re_chinese_world
1400,Q840344,He Chengtian,re_chinese_world,Chinese world,370.0,mathematician,non_europe,re_chinese_world
1401,Q6688486,Lazzaro Cattaneo,re_chinese_world,Chinese world,1560.0,linguist,non_europe,re_chinese_world
1403,Q11053630,Shi Cui,re_chinese_world,Chinese world,103.0,botanist,non_europe,re_chinese_world
1404,Q16260015,Ma Duo,re_chinese_world,Chinese world,1366.0,historian,non_europe,re_chinese_world
1405,Q47739,Zhuangzi,re_chinese_world,Chinese world,-368.0,philosopher,non_europe,re_chinese_world
1406,Q13634415,Fan Zhi,re_chinese_world,Chinese world,911.0,historian,non_europe,re_chinese_world
1407,Q711413,Pei Ju,re_chinese_world,Chinese world,547.0,geographer,non_europe,re_chinese_world
1410,Q10417558,Wang Yi,re_chinese_world,Chinese world,1433.0,historian,non_europe,re_chinese_world
1415,Q716190,Li Kui,re_chinese_world,Chinese world,-500.0,philosopher,non_europe,re_chinese_world
1416,Q5372193,Xie Cheng,re_chinese_world,Chinese world,182.0,historian,non_europe,re_chinese_world
1417,Q1292375,Zu Gengzhi,re_chinese_world,Chinese world,480.0,mathematician,non_europe,re_chinese_world
1418,Q1194206,Huiyuan,re_chinese_world,Chinese world,334.0,philosopher,non_europe,re_chinese_world
1422,Q12147676,Erdeni,re_chinese_world,Chinese world,1592.0,linguist,non_europe,re_chinese_world
1423,Q15903781,Huo Tao,re_chinese_world,Chinese world,1487.0,historian,non_europe,re_chinese_world
1424,Q580624,Cao Chong,re_chinese_world,Chinese world,196.0,physicist,non_europe,re_chinese_world
1425,Q33566,Sima Guang,re_chinese_world,Chinese world,1019.0,historian,non_europe,re_chinese_world
1427,Q16259917,Xun Can,re_chinese_world,Chinese world,201.0,philosopher,non_europe,re_chinese_world
1428,Q45572545,Wang Kai,re_chinese_world,Chinese world,1317.0,historian,non_europe,re_chinese_world
1429,Q45645724,Zheng Gao,re_chinese_world,Chinese world,1486.0,historian,non_europe,re_chinese_world
1431,Q277386,Wang Xuance,re_chinese_world,Chinese world,700.0,historian,non_europe,re_chinese_world
1434,Q366120,Lü Buwei,re_chinese_world,Chinese world,-290.0,philosopher,non_europe,re_chinese_world
1437,Q45559414,Chen Lian,re_chinese_world,Chinese world,1370.0,historian,non_europe,re_chinese_world
1439,Q45702763,Gu Tianxi,re_chinese_world,Chinese world,1589.0,historian,non_europe,re_chinese_world
1440,Q198136,"Zhu Zaiyu, Prince of Zheng",re_chinese_world,Chinese world,1536.0,historian | astronomer | physicist | mathematician,non_europe,re_chinese_world
1441,Q28959,Han Fei Zi,re_chinese_world,Chinese world,-279.0,philosopher,non_europe,re_chinese_world
1442,Q2898749,Su Shunqin,re_chinese_world,Chinese world,1008.0,historian,non_europe,re_chinese_world
1443,Q713554,Wang Su,re_chinese_world,Chinese world,195.0,philosopher,non_europe,re_chinese_world
1445,Q736629,Guo Huai,re_chinese_world,Chinese world,187.0,historian,non_europe,re_chinese_world
1447,Q10542488,Zhao Fang,re_chinese_world,Chinese world,1319.0,historian,non_europe,re_chinese_world
1449,Q1291953,Guo Xiang,re_chinese_world,Chinese world,252.0,philosopher,non_europe,re_chinese_world
1450,Q864708,Gan Bao,re_chinese_world,Chinese world,201.0,historian,non_europe,re_chinese_world
1452,Q5192697,Cui Renshi,re_chinese_world,Chinese world,580.0,historian,non_europe,re_chinese_world
1453,Q1291946,Zhi Dun,re_chinese_world,Chinese world,314.0,philosopher,non_europe,re_chinese_world
1454,Q657368,Ma Rong,re_chinese_world,Chinese world,79.0,philosopher,non_europe,re_chinese_world
1455,Q1370440,Johann Schreck,re_chinese_world,Chinese world,1576.0,botanist | astronomer,non_europe,re_chinese_world
1458,Q312978,Faxian,re_chinese_world,Chinese world,340.0,historian,non_europe,re_chinese_world
1463,Q17164322,Chen Jian,re_chinese_world,Chinese world,1497.0,historian,non_europe,re_chinese_world
1465,Q11095891,Li Tianjing,re_chinese_world,Chinese world,1579.0,mathematician,non_europe,re_chinese_world
1466,Q843276,Ying Shao,re_chinese_world,Chinese world,140.0,linguist,non_europe,re_chinese_world
1472,Q986624,Jiao Yu,re_chinese_world,Chinese world,1350.0,philosopher,non_europe,re_chinese_world
1473,Q5433784,Fang Hui,re_chinese_world,Chinese world,1227.0,historian,non_europe,re_chinese_world
1476,Q380598,Sun Ce,re_chinese_world,Chinese world,175.0,philosopher,non_europe,re_chinese_world
1477,Q1632823,Huangbo Xiyun,re_chinese_world,Chinese world,800.0,philosopher,non_europe,re_chinese_world
1478,Q765572,Guo Pu,re_chinese_world,Chinese world,276.0,historian,non_europe,re_chinese_world
1479,Q716876,Chen Tuan,re_chinese_world,Chinese world,871.0,philosopher,non_europe,re_chinese_world
1481,Q45469545,Ma Gui,re_chinese_world,Chinese world,1394.0,historian,non_europe,re_chinese_world
1482,Q216072,Xunzi,re_chinese_world,Chinese world,-312.0,philosopher,non_europe,re_chinese_world
1483,Q10816714,Liu Zongzhou,re_chinese_world,Chinese world,1587.0,philosopher,non_europe,re_chinese_world
1484,Q5369940,Kong Yingda,re_chinese_world,Chinese world,574.0,philosopher,non_europe,re_chinese_world
1487,Q994515,Giacomo Rho,re_chinese_world,Chinese world,1592.0,astronomer | mathematician,non_europe,re_chinese_world
1490,Q468712,Ji Kang,re_chinese_world,Chinese world,223.0,philosopher,non_europe,re_chinese_world
1491,Q16138226,Bei Qiong,re_chinese_world,Chinese world,1314.0,historian,non_europe,re_chinese_world
1493,Q316304,Liu Hui,re_chinese_world,Chinese world,225.0,mathematician,non_europe,re_chinese_world
1494,Q11054345,"Chi, Chün-tao",re_chinese_world,Chinese world,263.0,botanist,non_europe,re_chinese_world
1495,Q10910502,Wei Su,re_chinese_world,Chinese world,1303.0,historian,non_europe,re_chinese_world
1496,Q45416277,Qi Jiguang,re_chinese_world,Chinese world,1528.0,historian,non_europe,re_chinese_world
1498,Q559731,Xu Shen,re_chinese_world,Chinese world,58.0,linguist,non_europe,re_chinese_world
1499,Q10788251,Liu Xu,re_chinese_world,Chinese world,888.0,historian,non_europe,re_chinese_world
1500,Q197813,Zhong Hui,re_chinese_world,Chinese world,225.0,philosopher,non_europe,re_chinese_world
1502,Q10944085,Bu Shang,re_chinese_world,Chinese world,-506.0,philosopher,non_europe,re_chinese_world
1503,Q15934970,Wang Wei,re_chinese_world,Chinese world,1322.0,historian,non_europe,re_chinese_world
1504,Q1185798,Chao Cuo,re_chinese_world,Chinese world,-199.0,philosopher,non_europe,re_chinese_world
1506,Q378356,Wei Zheng,re_chinese_world,Chinese world,580.0,philosopher | historian,non_europe,re_chinese_world
1507,Q45613140,Yang Lian,re_chinese_world,Chinese world,1452.0,astronomer | mathematician,non_europe,re_chinese_world
1508,Q8071112,Zhu Guozhen,re_chinese_world,Chinese world,1557.0,historian,non_europe,re_chinese_world
1513,Q152919,Li Si,re_chinese_world,Chinese world,-279.0,philosopher,non_europe,re_chinese_world
1515,Q197338,Zhang Zai,re_chinese_world,Chinese world,1020.0,philosopher,non_europe,re_chinese_world
1517,Q11067613,Zhang Cang,re_chinese_world,Chinese world,-252.0,mathematician,non_europe,re_chinese_world
1519,Q736647,Fang Xuanling,re_chinese_world,Chinese world,578.0,historian,non_europe,re_chinese_world
1520,Q45414781,Feng Zizhen,re_chinese_world,Chinese world,1257.0,historian,non_europe,re_chinese_world
1521,Q698925,Li Shizhen,re_chinese_world,Chinese world,1517.0,botanist,non_europe,re_chinese_world
1523,Q4587779,Yang Guangxian,re_chinese_world,Chinese world,1597.0,astronomer,non_europe,re_chinese_world
1524,Q733082,Guo Shoujing,re_chinese_world,Chinese world,1231.0,astronomer | mathematician,non_europe,re_chinese_world
1525,Q724293,Sengzhao,re_chinese_world,Chinese world,384.0,philosopher,non_europe,re_chinese_world
1526,Q45648447,Zheng Qi,re_chinese_world,Chinese world,1428.0,historian,non_europe,re_chinese_world
1527,Q9372,Sima Qian,re_chinese_world,Chinese world,-144.0,astronomer | philosopher | historian | mathematician,non_europe,re_chinese_world
1529,Q7967402,Wang Daiyu,re_chinese_world,Chinese world,1600.0,philosopher,non_europe,re_chinese_world
1530,Q1147782,Xiang Xiu,re_chinese_world,Chinese world,250.0,philosopher,non_europe,re_chinese_world
1533,Q11125626,Yin Shidan,re_chinese_world,Chinese world,1522.0,historian,non_europe,re_chinese_world
1534,Q45602254,Tang Su,re_chinese_world,Chinese world,1331.0,historian,non_europe,re_chinese_world
1535,Q4604,Confucius,re_chinese_world,Chinese world,-550.0,philosopher,non_europe,re_chinese_world
1537,Q45369541,Bo Ting,re_chinese_world,Chinese world,1248.0,historian,non_europe,re_chinese_world
1538,Q4385580,Pei Wei (Jin dynasty),re_chinese_world,Chinese world,267.0,philosopher,non_europe,re_chinese_world
1541,Q218900,Shi Shen,re_chinese_world,Chinese world,-400.0,astronomer,non_europe,re_chinese_world
1542,Q2401828,Sima Tan,re_chinese_world,Chinese world,-164.0,historian,non_europe,re_chinese_world
1544,Q15912341,Wang Dan,re_chinese_world,Chinese world,957.0,historian,non_europe,re_chinese_world
1546,Q10945451,Sun Yuanhua,re_chinese_world,Chinese world,1582.0,mathematician,non_europe,re_chinese_world
1547,Q8059959,Yu Qin,re_chinese_world,Chinese world,1284.0,geographer,non_europe,re_chinese_world
1548,Q2856647,Fu Sheng,re_chinese_world,Chinese world,-267.0,philosopher,non_europe,re_chinese_world
1550,Q559421,Shen Buhai,re_chinese_world,Chinese world,-384.0,philosopher,non_europe,re_chinese_world
1551,Q5946443,Luo Rufang,re_chinese_world,Chinese world,1515.0,philosopher,non_europe,re_chinese_world
1553,Q4515473,Zhao Mingcheng,re_chinese_world,Chinese world,1081.0,historian,non_europe,re_chinese_world
1554,Q712581,Li Chunfeng,re_chinese_world,Chinese world,602.0,astronomer | historian | mathematician,non_europe,re_chinese_world
1555,Q704525,Liu An,re_chinese_world,Chinese world,-178.0,geographer,non_europe,re_chinese_world
1557,Q15932258,Wu Chen,re_chinese_world,Chinese world,1323.0,historian,non_europe,re_chinese_world
1562,Q453449,Liu Xin,re_chinese_world,Chinese world,-49.0,astronomer | philosopher | historian | mathematician,non_europe,re_chinese_world
1563,Q2655284,Toqto'a,re_chinese_world,Chinese world,1314.0,historian,non_europe,re_chinese_world
1565,Q551391,Zhu Siben,re_chinese_world,Chinese world,1273.0,geographer,non_europe,re_chinese_world
1567,Q301650,Jia Yi,re_chinese_world,Chinese world,-199.0,philosopher,non_europe,re_chinese_world
1569,Q11093738,Zhu Shan,re_chinese_world,Chinese world,1340.0,historian,non_europe,re_chinese_world
1570,Q445626,Dong Zhongshu,re_chinese_world,Chinese world,-178.0,philosopher,non_europe,re_chinese_world
1571,Q721420,Hu Sansheng,re_chinese_world,Chinese world,1230.0,historian,non_europe,re_chinese_world
1574,Q3256864,Liu Yiqing,re_chinese_world,Chinese world,403.0,historian,non_europe,re_chinese_world
1579,Q736726,Emperor Wu of Liang,re_chinese_world,Chinese world,464.0,philosopher,non_europe,re_chinese_world
1580,Q9333,Laozi,re_chinese_world,Chinese world,-579.0,philosopher,non_europe,re_chinese_world
1581,Q981193,Sun Simiao,re_chinese_world,Chinese world,581.0,philosopher,non_europe,re_chinese_world
1585,Q716369,Jia Dan,re_chinese_world,Chinese world,730.0,geographer,non_europe,re_chinese_world
1587,Q11567603,Jiao Hong,re_chinese_world,Chinese world,1540.0,philosopher | historian,non_europe,re_chinese_world
1589,Q537727,Ban Biao,re_chinese_world,Chinese world,3.0,historian,non_europe,re_chinese_world
1590,Q253490,Li Fang,re_chinese_world,Chinese world,925.0,historian,non_europe,re_chinese_world
1591,Q24837460,Wang Xing,re_chinese_world,Chinese world,1331.0,historian,non_europe,re_chinese_world
1592,Q845669,Xu Heng,re_chinese_world,Chinese world,1209.0,philosopher,non_europe,re_chinese_world
1593,Q5945163,Zhao Buzhi,re_chinese_world,Chinese world,1053.0,philosopher,non_europe,re_chinese_world
1595,Q8044361,Xie Daoyun,re_chinese_world,Chinese world,349.0,philosopher,non_europe,re_chinese_world
1596,Q197962,Zhou Dunyi,re_chinese_world,Chinese world,1017.0,philosopher,non_europe,re_chinese_world
1598,Q45488589,Hu Shen,re_chinese_world,Chinese world,1315.0,historian,non_europe,re_chinese_world
1600,Q710078,Pei Songzhi,re_chinese_world,Chinese world,372.0,historian,non_europe,re_chinese_world
1604,Q1349949,Fazang,re_chinese_world,Chinese world,643.0,philosopher,non_europe,re_chinese_world
1605,Q45665755,Liu Heng,re_chinese_world,Chinese world,1358.0,historian,non_europe,re_chinese_world
1606,Q10514369,Yu Xi,re_chinese_world,Chinese world,281.0,astronomer,non_europe,re_chinese_world
1608,Q9452128,Chenweng Liu,re_chinese_world,Chinese world,1232.0,historian,non_europe,re_chinese_world
1610,Q594971,Yuan Hong,re_chinese_world,Chinese world,328.0,historian,non_europe,re_chinese_world
1611,Q323439,Tsongkhapa Lobzang Drakpa,re_chinese_world,Chinese world,1357.0,philosopher,non_europe,re_chinese_world
1613,Q177081,Ban Zhao,re_chinese_world,Chinese world,45.0,philosopher | historian,non_europe,re_chinese_world
1615,Q722288,Shao Yong,re_chinese_world,Chinese world,1012.0,philosopher | historian,non_europe,re_chinese_world
1616,Q11066587,Zhang Yanghao,re_chinese_world,Chinese world,1270.0,philosopher,non_europe,re_chinese_world
1618,Q403757,Gan De,re_chinese_world,Chinese world,-400.0,astronomer,non_europe,re_chinese_world
1620,Q3369486,Huang Daozhou,re_chinese_world,Chinese world,1585.0,astronomer,non_europe,re_chinese_world
1621,Q45427495,Zheng Wenkang,re_chinese_world,Chinese world,1413.0,historian,non_europe,re_chinese_world
1623,Q985861,Wu Cheng,re_chinese_world,Chinese world,1249.0,philosopher,non_europe,re_chinese_world
1624,Q10924410,Yan Yan,re_chinese_world,Chinese world,1575.0,historian,non_europe,re_chinese_world
1628,Q11631202,Xu Fuyuan,re_chinese_world,Chinese world,1535.0,philosopher,non_europe,re_chinese_world
1631,Q2707504,Giulio Alenio,re_chinese_world,Chinese world,1582.0,astronomer | historian,non_europe,re_chinese_world
1632,Q1275708,Xue Juzheng,re_chinese_world,Chinese world,912.0,historian,non_europe,re_chinese_world
1635,Q1131375,Huan Tan,re_chinese_world,Chinese world,-39.0,philosopher,non_europe,re_chinese_world
1636,Q459865,Wang Bi,re_chinese_world,Chinese world,226.0,philosopher,non_europe,re_chinese_world
1638,Q45499308,Liang Ji,re_chinese_world,Chinese world,1518.0,historian,non_europe,re_chinese_world
1639,Q439681,Ban Gu,re_chinese_world,Chinese world,32.0,historian,non_europe,re_chinese_world
1640,Q8666,Toghon Temür,re_chinese_world,Chinese world,1320.0,astronomer,non_europe,re_chinese_world
1641,Q8050738,Ye Chunji,re_chinese_world,Chinese world,1532.0,geographer,non_europe,re_chinese_world
1644,Q6578208,Sun Ch'i-feng,re_chinese_world,Chinese world,1583.0,philosopher,non_europe,re_chinese_world
1645,Q11136454,Kekuan Wang,re_chinese_world,Chinese world,1301.0,historian,non_europe,re_chinese_world
1646,Q2949846,Wang Chen,re_chinese_world,Chinese world,250.0,historian,non_europe,re_chinese_world
1647,Q45461060,Tang Zhida,re_chinese_world,Chinese world,1515.0,historian,non_europe,re_chinese_world
1648,Q351345,Shang Yang,re_chinese_world,Chinese world,-389.0,philosopher,non_europe,re_chinese_world
1651,Q45536040,Shang Wen,re_chinese_world,Chinese world,1236.0,historian,non_europe,re_chinese_world
1652,Q9621698,Wu Yubi,re_chinese_world,Chinese world,1391.0,philosopher,non_europe,re_chinese_world
1654,Q45668827,Liu Ruoyu,re_chinese_world,Chinese world,1584.0,historian,non_europe,re_chinese_world
1656,Q1822759,Daosheng,re_chinese_world,Chinese world,355.0,philosopher,non_europe,re_chinese_world
1657,Q76732,Johann Adam Schall von Bell,re_chinese_world,Chinese world,1592.0,astronomer | mathematician,non_europe,re_chinese_world
1662,Q714270,Zhang Yanyuan,re_chinese_world,Chinese world,815.0,historian,non_europe,re_chinese_world
1663,Q700284,Li Ao,re_chinese_world,Chinese world,772.0,philosopher,non_europe,re_chinese_world
1668,Q1066734,Li Yiji,re_chinese_world,Chinese world,-267.0,philosopher,non_europe,re_chinese_world
1669,Q706832,Liu Ling,re_chinese_world,Chinese world,221.0,philosopher,non_europe,re_chinese_world
1672,Q290825,Wang Fu,re_chinese_world,Chinese world,78.0,philosopher,non_europe,re_chinese_world
1673,Q1069914,Lu You,re_chinese_world,Chinese world,1125.0,historian,non_europe,re_chinese_world
1674,Q37733946,Liu Hong,re_chinese_world,Chinese world,129.0,astronomer,non_europe,re_chinese_world
1675,Q197649,Zheng Xuan,re_chinese_world,Chinese world,127.0,philosopher,non_europe,re_chinese_world
1676,Q465282,Liu Xiang,re_chinese_world,Chinese world,-76.0,astronomer | philosopher | historian,non_europe,re_chinese_world
1677,Q318998,Han Yu,re_chinese_world,Chinese world,768.0,philosopher | historian,non_europe,re_chinese_world
1678,Q45567964,Fu Guan,re_chinese_world,Chinese world,1443.0,astronomer | historian,non_europe,re_chinese_world
1679,Q45592248,Hu Lian,re_chinese_world,Chinese world,1327.0,historian,non_europe,re_chinese_world
1680,Q10864302,Ding Xian,re_chinese_world,Chinese world,1358.0,historian,non_europe,re_chinese_world
1682,Q45563612,Chen Guan,re_chinese_world,Chinese world,1367.0,historian,non_europe,re_chinese_world
1684,Q45412996,Zhang Shu,re_chinese_world,Chinese world,1292.0,historian,non_europe,re_chinese_world
1685,Q1852031,Cui Hong,re_chinese_world,Chinese world,470.0,historian,non_europe,re_chinese_world
1686,Q11618050,Xun Yue,re_chinese_world,Chinese world,148.0,philosopher,non_europe,re_chinese_world
1689,Q142683,Ruan Ji,re_chinese_world,Chinese world,210.0,philosopher,non_europe,re_chinese_world
1691,Q707702,Cai Yong,re_chinese_world,Chinese world,133.0,astronomer | historian,non_europe,re_chinese_world
1692,Q2984064,Lie Yukou,re_chinese_world,Chinese world,-449.0,philosopher,non_europe,re_chinese_world
1693,Q45414461,Ma Zhongxin,re_chinese_world,Chinese world,1260.0,historian,non_europe,re_chinese_world
1694,Q45708930,Qian Jideng,re_chinese_world,Chinese world,1594.0,historian,non_europe,re_chinese_world
1695,Q15931995,Han Bangqi,re_chinese_world,Chinese world,1479.0,astronomer | historian,non_europe,re_chinese_world
1696,Q197286,Zhang Sanfeng,re_chinese_world,Chinese world,1200.0,philosopher,non_europe,re_chinese_world
1699,Q11138243,Shen Tu,re_chinese_world,Chinese world,1357.0,historian,non_europe,re_chinese_world
1701,Q740373,Fan Ye,re_chinese_world,Chinese world,398.0,historian,non_europe,re_chinese_world
1703,Q31758,Han Huang,re_chinese_world,Chinese world,723.0,economist,non_europe,re_chinese_world
1704,Q61466099,Chun Chen,re_chinese_world,Chinese world,1159.0,philosopher,non_europe,re_chinese_world
1708,Q334090,Sun Bin,re_chinese_world,Chinese world,-400.0,philosopher,non_europe,re_chinese_world
1712,Q706887,Pei Xiu,re_chinese_world,Chinese world,224.0,geographer,non_europe,re_chinese_world
1713,Q6538730,Li Daoyuan,re_chinese_world,Chinese world,401.0,geographer,non_europe,re_chinese_world
1714,Q6650143,Li Ze,re_chinese_world,Chinese world,1260.0,historian,non_europe,re_chinese_world
1715,Q716964,Li Ye,re_chinese_world,Chinese world,1192.0,mathematician,non_europe,re_chinese_world
1718,Q715480,Jing Fang,re_chinese_world,Chinese world,-77.0,musicologist | astronomer | mathematician,non_europe,re_chinese_world
1719,Q15912883,Luo Furen,re_chinese_world,Chinese world,1298.0,astronomer,non_europe,re_chinese_world
1721,Q198126,Zhu Shijie,re_chinese_world,Chinese world,1249.0,mathematician,non_europe,re_chinese_world
1722,Q468890,Chen Shou,re_chinese_world,Chinese world,233.0,historian,non_europe,re_chinese_world
1724,Q45593337,Wang Da,re_chinese_world,Chinese world,1333.0,historian,non_europe,re_chinese_world
1735,Q3814009,Manuel Godinho de Erédia,re_south_east_asia,South East Asia,1563.0,geographer,non_europe,re_south_east_asia
1736,Q713224,Trần Thái Tông,re_south_east_asia,South East Asia,1218.0,philosopher,non_europe,re_south_east_asia
1742,Q380415,Anthony van Diemen,re_south_east_asia,South East Asia,1593.0,economist,non_europe,re_south_east_asia
1748,Q961926,Pieter Dirkszoon Keyser,re_south_east_asia,South East Asia,1540.0,geographer | astronomer,non_europe,re_south_east_asia
1759,Q6951228,Mạc Đĩnh Chi,re_south_east_asia,South East Asia,1272.0,philosopher,non_europe,re_south_east_asia
1761,Q5315885,Duong Van An,re_south_east_asia,South East Asia,1514.0,historian,non_europe,re_south_east_asia
1770,Q1155893,Chu Văn An,re_south_east_asia,South East Asia,1292.0,philosopher,non_europe,re_south_east_asia
1771,Q1111882,Le Van Huu,re_south_east_asia,South East Asia,1230.0,historian,non_europe,re_south_east_asia
1774,Q3707182,Diego Aduarte,re_south_east_asia,South East Asia,1570.0,historian,non_europe,re_south_east_asia
1777,Q3210967,Phan Phu Tiên,re_south_east_asia,South East Asia,1370.0,historian,non_europe,re_south_east_asia
1785,Q557726,Chu Suiliang,re_south_east_asia,South East Asia,597.0,historian,non_europe,re_south_east_asia
1789,Q3210944,Vũ Quỳnh,re_south_east_asia,South East Asia,1452.0,historian,non_europe,re_south_east_asia
1790,Q7159521,Pedro Chirino,re_south_east_asia,South East Asia,1557.0,historian,non_europe,re_south_east_asia
1795,Q3210938,Phạm Công Trứ,re_south_east_asia,South East Asia,1600.0,historian,non_europe,re_south_east_asia
1803,Q726381,Jacobus Bontius,re_south_east_asia,South East Asia,1592.0,anatomist,non_europe,re_south_east_asia
1811,Q1347181,Nguyen Trai,re_south_east_asia,South East Asia,1380.0,philosopher,non_europe,re_south_east_asia
1817,Q716585,Ngô Sĩ Liên,re_south_east_asia,South East Asia,1400.0,historian,non_europe,re_south_east_asia
1824,Q1413989,Filippo Sassetti,re_indian_world,Indian world,1540.0,linguist,non_europe,re_indian_world
1833,Q320619,Abhinavagupta,re_indian_world,Indian world,950.0,philosopher,non_europe,re_indian_world
1834,Q320142,Śāriputra,re_indian_world,Indian world,-567.0,philosopher,non_europe,re_indian_world
1835,Q2733487,Ali Hujwiri,re_indian_world,Indian world,1009.0,theologian,non_europe,re_indian_world
1837,Q3964661,Somananda,re_indian_world,Indian world,875.0,philosopher,non_europe,re_indian_world
1839,Q27263305,Muḥammad ibn Abī Bakr Damāmīnī,re_indian_world,Indian world,1362.0,linguist,non_europe,re_indian_world
1842,Q316343,Vasubandhu,re_indian_world,Indian world,300.0,philosopher,non_europe,re_indian_world
1843,Q774847,Kumārila Bhaṭṭa,re_indian_world,Indian world,700.0,linguist | philosopher,non_europe,re_indian_world
1844,Q2723463,Hemachandra,re_indian_world,Indian world,1089.0,philosopher | historian | mathematician,non_europe,re_indian_world
1846,Q6406918,Taleb Amoli,re_indian_world,Indian world,1585.0,mathematician,non_europe,re_indian_world
1848,Q202943,Brahmagupta,re_indian_world,Indian world,590.0,astronomer | mathematician,non_europe,re_indian_world
1851,Q334752,Abu'l-Fazl ibn Mubarak,re_indian_world,Indian world,1551.0,historian,non_europe,re_indian_world
1856,Q11359,Aryabhata,re_indian_world,Indian world,476.0,astronomer | mathematician,non_europe,re_indian_world
1861,Q6785680,Masum Shah,re_indian_world,Indian world,1538.0,historian,non_europe,re_indian_world
1864,Q3080648,Mirza Muhammad Haidar Dughlat,re_indian_world,Indian world,1499.0,historian,non_europe,re_indian_world
1874,Q665235,Gaspar Correia,re_indian_world,Indian world,1496.0,historian,non_europe,re_indian_world
1876,Q2484904,Utpaladeva,re_indian_world,Indian world,900.0,philosopher,non_europe,re_indian_world
1880,Q31829842,Hazrat Shah Makhdum,re_indian_world,Indian world,1216.0,theologian,non_europe,re_indian_world
1884,Q335247,Buddhaghosa,re_indian_world,Indian world,401.0,philosopher,non_europe,re_indian_world
1888,Q2672093,Ramananda,re_indian_world,Indian world,1400.0,philosopher,non_europe,re_indian_world
1890,Q1137118,Diogo do Couto,re_indian_world,Indian world,1542.0,historian,non_europe,re_indian_world
1892,Q312976,Tulsidas,re_indian_world,Indian world,1532.0,philosopher,non_europe,re_indian_world
1895,Q2478699,Sanatana Goswami,re_indian_world,Indian world,1488.0,theologian,non_europe,re_indian_world
1897,Q20397982,Qutb ad-Din an-Nahrawali,re_indian_world,Indian world,1511.0,historian,non_europe,re_indian_world
1901,Q207817,Amir Khosrow,re_indian_world,Indian world,1253.0,philosopher,non_europe,re_indian_world
1907,Q560066,Roberto de Nobili,re_indian_world,Indian world,1577.0,linguist,non_europe,re_indian_world
1912,Q3633981,Dadu Dayal,re_indian_world,Indian world,1544.0,philosopher,non_europe,re_indian_world
1915,Q3160832,Guru Jambheshwar,re_indian_world,Indian world,1451.0,philosopher,non_europe,re_indian_world
1916,Q231680,Patanjali,re_indian_world,Indian world,-199.0,linguist | philosopher | mathematician,non_europe,re_indian_world
1917,Q2269861,Mahāvīra,re_indian_world,Indian world,900.0,mathematician,non_europe,re_indian_world
1918,Q3200157,Kshemaraja,re_indian_world,Indian world,975.0,philosopher,non_europe,re_indian_world
1919,Q3525596,Thomas Stephens,re_indian_world,Indian world,1549.0,linguist,non_europe,re_indian_world
1920,Q2977486,Muhammad Khwandamir,re_indian_world,Indian world,1475.0,historian,non_europe,re_indian_world
1922,Q2493613,Ahmad Sirhindi,re_indian_world,Indian world,1564.0,theologian,non_europe,re_indian_world
1924,Q4832251,Azar Kayvan,re_indian_world,Indian world,1501.0,philosopher,non_europe,re_indian_world
1925,Q379905,Asanga,re_indian_world,Indian world,300.0,philosopher,non_europe,re_indian_world
1932,Q534142,Anthony de Montserrat,re_indian_world,Indian world,1536.0,geographer,non_europe,re_indian_world
1934,Q312551,Kabir,re_indian_world,Indian world,1440.0,philosopher,non_europe,re_indian_world
1935,Q189725,Panini,re_indian_world,Indian world,-500.0,linguist,non_europe,re_indian_world
1950,Q16209128,Makhdoom Bilawal,re_indian_world,Indian world,1451.0,philosopher,non_europe,re_indian_world
1953,Q1493994,Garcia de Orta,re_indian_world,Indian world,1501.0,botanist,non_europe,re_indian_world
1954,Q26223000,Makhdoom Sharfuddin Ahmed Yahya Maneri,re_indian_world,Indian world,1263.0,philosopher,non_europe,re_indian_world
1956,Q9045,Chanakya,re_indian_world,Indian world,-374.0,philosopher | economist,non_europe,re_indian_world
1957,Q4387084,Raghunatha Siromani,re_indian_world,Indian world,1477.0,philosopher,non_europe,re_indian_world
1958,Q858348,Varāhamihira,re_indian_world,Indian world,505.0,astronomer | mathematician,non_europe,re_indian_world
1966,Q2066944,Svātmārāma,re_indian_world,Indian world,1400.0,philosopher,non_europe,re_indian_world
1975,Q3629943,`Abd al-Qadir Bada'uni,re_indian_world,Indian world,1540.0,linguist | historian,non_europe,re_indian_world
1976,Q2511208,Vasugupta,re_indian_world,Indian world,860.0,philosopher,non_europe,re_indian_world
1977,Q15131538,Maheśvarānanda,re_indian_world,Indian world,1201.0,philosopher,non_europe,re_indian_world
1978,Q2639769,Shri Guru Ravidass,re_indian_world,Indian world,1450.0,philosopher,non_europe,re_indian_world
1980,Q140584,Muhammad Aufi,re_indian_world,Indian world,1171.0,historian,non_europe,re_indian_world
1981,Q553722,Śāntarakṣita,re_indian_world,Indian world,725.0,philosopher,non_europe,re_indian_world
1982,Q9422,Mahavira,re_indian_world,Indian world,-539.0,philosopher,non_europe,re_indian_world
1983,Q2041521,Gulbadan Begum,re_indian_world,Indian world,1523.0,historian,non_europe,re_indian_world
1986,Q6934061,Mulla Mahmud Jaunpuri,re_indian_world,Indian world,1585.0,astronomer | philosopher,non_europe,re_indian_world
1988,Q2551244,Anandavardhana,re_indian_world,Indian world,820.0,philosopher,non_europe,re_indian_world
1989,Q115590,Madhava of Sangamagrama,re_indian_world,Indian world,1350.0,astronomer | mathematician,non_europe,re_indian_world
1990,Q2357643,Brahmadeva,re_indian_world,Indian world,1060.0,astronomer | mathematician,non_europe,re_indian_world
1991,Q2548030,Nilakantha Somayaji,re_indian_world,Indian world,1444.0,astronomer | mathematician,non_europe,re_indian_world
1992,Q3524867,Bhadrabahu,re_indian_world,Indian world,-366.0,philosopher,non_europe,re_indian_world
1993,Q3595804,Achyutananda Dasa,re_indian_world,Indian world,1510.0,philosopher,non_europe,re_indian_world
1994,Q3595700,Vararuchi,re_indian_world,Indian world,-250.0,linguist | mathematician,non_europe,re_indian_world
1995,Q153187,Ajita Kesakambali,re_indian_world,Indian world,-500.0,philosopher,non_europe,re_indian_world
1997,Q335371,Madhvacharya,re_indian_world,Indian world,1238.0,philosopher,non_europe,re_indian_world
2002,Q94172306,Narayanacharya,re_indian_world,Indian world,1600.0,philosopher,non_europe,re_indian_world
2004,Q66428184,Satyanidhi Tirtha,re_indian_world,Indian world,1580.0,philosopher,non_europe,re_indian_world
2006,Q4387083,Raghunatha Bhatta Goswami,re_indian_world,Indian world,1505.0,theologian,non_europe,re_indian_world
2007,Q2350157,Purandara Dasa,re_indian_world,Indian world,1484.0,philosopher,non_europe,re_indian_world
2009,Q1033695,Dnyaneshwar,re_indian_world,Indian world,1275.0,philosopher,non_europe,re_indian_world
2013,Q13111845,Govinda Bhattathiri,re_indian_world,Indian world,1237.0,astronomer,non_europe,re_indian_world
2015,Q2075639,Yamunacharya,re_indian_world,Indian world,950.0,philosopher,non_europe,re_indian_world
2017,Q3595755,Jyeṣṭhadeva,re_indian_world,Indian world,1500.0,astronomer | mathematician,non_europe,re_indian_world
2020,Q891045,Parameshvara,re_indian_world,Indian world,1370.0,astronomer | mathematician,non_europe,re_indian_world
2021,Q6150791,Janardanswamy,re_indian_world,Indian world,1504.0,philosopher,non_europe,re_indian_world
2023,Q2655917,Jiva Goswami,re_indian_world,Indian world,1511.0,linguist,non_europe,re_indian_world
2024,Q171195,Nāgārjuna,re_indian_world,Indian world,150.0,philosopher,non_europe,re_indian_world
2025,Q558272,Dignāga,re_indian_world,Indian world,480.0,philosopher,non_europe,re_indian_world
2026,Q1741798,Ramanuja,re_indian_world,Indian world,1017.0,theologian | philosopher,non_europe,re_indian_world
2029,Q3530291,Vedanta Desika,re_indian_world,Indian world,1269.0,philosopher,non_europe,re_indian_world
2030,Q2343604,Vallabha,re_indian_world,Indian world,1479.0,philosopher,non_europe,re_indian_world
2031,Q2989506,Rupa Goswami,re_indian_world,Indian world,1489.0,philosopher,non_europe,re_indian_world
2033,Q5657354,Haridatta,re_indian_world,Indian world,700.0,astronomer | mathematician,non_europe,re_indian_world
2035,Q527384,Pingala,re_indian_world,Indian world,-149.0,linguist | mathematician,non_europe,re_indian_world
2038,Q3537994,Raghavendra Tirtha,re_indian_world,Indian world,1595.0,philosopher,non_europe,re_indian_world
2039,Q7194114,Pillai Lokacharya,re_indian_world,Indian world,1205.0,philosopher,non_europe,re_indian_world
2040,Q6360377,Kanaka Dasa,re_indian_world,Indian world,1509.0,philosopher,non_europe,re_indian_world
2043,Q558275,the one eyed,re_indian_world,Indian world,200.0,philosopher,non_europe,re_indian_world
2044,Q93267410,Raghunatha Tirtha,re_indian_world,Indian world,1405.0,philosopher,non_europe,re_indian_world
2045,Q1423663,Yajnavalkya,re_indian_world,Indian world,-800.0,astronomer | philosopher,non_europe,re_indian_world
2047,Q4143328,Gopala Bhatta Goswami,re_indian_world,Indian world,1503.0,theologian,non_europe,re_indian_world
2048,Q180967,Adi Shankara,re_indian_world,Indian world,788.0,philosopher,non_europe,re_indian_world
2049,Q2349261,Fernão Vaz Dourado,re_indian_world,Indian world,1520.0,geographer,non_europe,re_indian_world
2053,Q16155497,Zainuddin Makhdoom II,re_indian_world,Indian world,1531.0,historian,non_europe,re_indian_world
2054,Q771686,Basava,re_indian_world,Indian world,1134.0,philosopher,non_europe,re_indian_world
2055,Q48730567,Akshobhya Tirtha,re_indian_world,Indian world,1282.0,theologian | philosopher,non_europe,re_indian_world
2056,Q445460,Shantideva,re_indian_world,Indian world,685.0,philosopher,non_europe,re_indian_world
2061,Q64031619,Raghuttama Tirtha,re_indian_world,Indian world,1548.0,philosopher,non_europe,re_indian_world
2063,Q6167696,Jayatirtha,re_indian_world,Indian world,1345.0,philosopher,non_europe,re_indian_world
2064,Q15725063,Jasobanta Dasa,re_indian_world,Indian world,1487.0,philosopher,non_europe,re_indian_world
2065,Q6479873,Lakshmi Kumara Thathachariar,re_indian_world,Indian world,1572.0,philosopher,non_europe,re_indian_world
2066,Q5589914,Govindasvāmi,re_indian_world,Indian world,800.0,astronomer | mathematician,non_europe,re_indian_world
2067,Q213385,Bhāskara II,re_indian_world,Indian world,1114.0,astronomer | mathematician,non_europe,re_indian_world
2068,Q6747104,Manavala Mamunigal,re_indian_world,Indian world,1370.0,philosopher,non_europe,re_indian_world
2072,Q456963,candra ki+rti,re_indian_world,Indian world,600.0,philosopher,non_europe,re_indian_world
2073,Q993504,Yāska,re_indian_world,Indian world,-500.0,linguist,non_europe,re_indian_world
2075,Q15724123,Jagannatha Dasa,re_indian_world,Indian world,1491.0,philosopher,non_europe,re_indian_world
2076,Q2046090,Melpathur Narayana Bhattathiri,re_indian_world,Indian world,1560.0,astronomer | linguist | mathematician,non_europe,re_indian_world
2078,Q625580,Yun Doo-su,re_korea,Korea,1533.0,philosopher,non_europe,re_korea
2079,Q379655,Heo Mok,re_korea,Korea,1595.0,philosopher,non_europe,re_korea
2080,Q7451459,Seo Gyeong-deok,re_korea,Korea,1489.0,philosopher,non_europe,re_korea
2081,Q487042,Choe Chiwon,re_korea,Korea,857.0,philosopher,non_europe,re_korea
2082,Q494615,Jang Yeong-sil,re_korea,Korea,1400.0,astronomer,non_europe,re_korea
2083,Q623637,Choi Myung-kil,re_korea,Korea,1586.0,philosopher,non_europe,re_korea
2084,Q6450511,Kwon Geun,re_korea,Korea,1352.0,philosopher,non_europe,re_korea
2085,Q497595,Lee Lyang,re_korea,Korea,1519.0,philosopher,non_europe,re_korea
2086,Q484795,Hong Yun-sung,re_korea,Korea,1425.0,philosopher,non_europe,re_korea
2087,Q493702,Seongjong,re_korea,Korea,960.0,philosopher,non_europe,re_korea
2091,Q624010,Chung In-hong,re_korea,Korea,1535.0,philosopher,non_europe,re_korea
2092,Q469423,Jeong Mong-ju,re_korea,Korea,1337.0,philosopher,non_europe,re_korea
2097,Q12587609,Kim Sang-heon,re_korea,Korea,1570.0,philosopher,non_europe,re_korea
2098,Q497108,Lim Sa-hong,re_korea,Korea,1445.0,philosopher,non_europe,re_korea
2100,Q484286,Il-yeon,re_korea,Korea,1206.0,historian,non_europe,re_korea
2101,Q705838,Choe Bu,re_korea,Korea,1454.0,historian,non_europe,re_korea
2104,Q704894,Jinul,re_korea,Korea,1158.0,philosopher,non_europe,re_korea
2105,Q486298,Han Myeong-hoe,re_korea,Korea,1415.0,philosopher,non_europe,re_korea
2106,Q486283,Jo Gwang-jo,re_korea,Korea,1482.0,philosopher,non_europe,re_korea
2107,Q486278,Kim Jong-jik,re_korea,Korea,1431.0,philosopher,non_europe,re_korea
2110,Q12602156,Seong Hyeon,re_korea,Korea,1439.0,musicologist,non_europe,re_korea
2111,Q492443,Jang Hyungwang,re_korea,Korea,1554.0,philosopher,non_europe,re_korea
2112,Q624894,Yi Eonjeok,re_korea,Korea,1491.0,philosopher,non_europe,re_korea
2113,Q496942,Kim Hyo-won,re_korea,Korea,1532.0,philosopher,non_europe,re_korea
2114,Q485131,Queen Seondeok of Silla,re_korea,Korea,606.0,astronomer,non_europe,re_korea
2115,Q464510,Hwang Jini,re_korea,Korea,1506.0,philosopher,non_europe,re_korea
2116,Q497077,Kim Jip,re_korea,Korea,1574.0,philosopher,non_europe,re_korea
2118,Q497164,Song Ikp'il,re_korea,Korea,1534.0,philosopher,non_europe,re_korea
2119,Q486266,Yun Won-hyung,re_korea,Korea,1509.0,philosopher,non_europe,re_korea
2121,Q496753,Ha Ryun,re_korea,Korea,1347.0,philosopher,non_europe,re_korea
2122,Q497120,Yi Je-hyun,re_korea,Korea,1287.0,philosopher,non_europe,re_korea
2125,Q625193,Yun Geun-su,re_korea,Korea,1537.0,philosopher,non_europe,re_korea
2134,Q469396,Jeong Do-jeon,re_korea,Korea,1342.0,philosopher,non_europe,re_korea
2136,Q486251,Yangnyeong,re_korea,Korea,1394.0,philosopher,non_europe,re_korea
2137,Q626748,Jeong Chang-son,re_korea,Korea,1402.0,philosopher,non_europe,re_korea
2138,Q8053468,Yi Saek,re_korea,Korea,1328.0,philosopher,non_europe,re_korea
2139,Q495636,Kim Bu-sik,re_korea,Korea,1075.0,historian,non_europe,re_korea
2140,Q7451572,Seong Hui-ahn,re_korea,Korea,1461.0,philosopher,non_europe,re_korea
2143,Q483026,Kwon Ram,re_korea,Korea,1416.0,philosopher,non_europe,re_korea
2144,Q495964,An Hyang,re_korea,Korea,1243.0,philosopher,non_europe,re_korea
2145,Q486311,Yi Su-hyung,re_korea,Korea,1435.0,philosopher,non_europe,re_korea
2146,Q98742917,Yuk Yi,re_korea,Korea,1438.0,philosopher,non_europe,re_korea
2147,Q3565525,Im Gyeong-eop,re_korea,Korea,1594.0,philosopher,non_europe,re_korea
2148,Q709450,Jeong Gu,re_korea,Korea,1543.0,philosopher,non_europe,re_korea
2149,Q487191,Yu Seong-ryong,re_korea,Korea,1542.0,historian,non_europe,re_korea
2150,Q841216,Hyujeong,re_korea,Korea,1520.0,philosopher,non_europe,re_korea
2151,Q287222,Yu Gam-dong,re_korea,Korea,1401.0,philosopher,non_europe,re_korea
2152,Q379653,Yi I,re_korea,Korea,1536.0,philosopher,non_europe,re_korea
2153,Q491778,Jeong Nan-jeong,re_korea,Korea,1506.0,philosopher,non_europe,re_korea
2154,Q7125373,Pak Paengnyeon,re_korea,Korea,1417.0,linguist,non_europe,re_korea
2155,Q470122,Shin Suk-ju,re_korea,Korea,1417.0,philosopher,non_europe,re_korea
2156,Q11287139,Hong Dal-son,re_korea,Korea,1415.0,philosopher,non_europe,re_korea
2157,Q623973,Choe Sejin,re_korea,Korea,1473.0,linguist,non_europe,re_korea
2158,Q37682,Sejong the Great,re_korea,Korea,1397.0,linguist,non_europe,re_korea
2159,Q5103799,Choe Chung,re_korea,Korea,984.0,philosopher,non_europe,re_korea
2160,Q483255,Prince Hyoryeong,re_korea,Korea,1396.0,philosopher,non_europe,re_korea
2161,Q6408542,Kim Dam,re_korea,Korea,1416.0,astronomer,non_europe,re_korea
2163,Q497127,Kim Jang-saeng,re_korea,Korea,1548.0,philosopher,non_europe,re_korea
2165,Q16181541,prince HwaYi,re_korea,Korea,1425.0,linguist,non_europe,re_korea
2166,Q483908,Gil Jae,re_korea,Korea,1353.0,philosopher,non_europe,re_korea
2167,Q11095247,Yi Ji-bang,re_korea,Korea,1466.0,geographer,non_europe,re_korea
2168,Q705336,Sim Ui-gyeom,re_korea,Korea,1535.0,philosopher,non_europe,re_korea
2169,Q490448,Seol Chong,re_korea,Korea,655.0,philosopher,non_europe,re_korea
2170,Q12610537,Yun Hoe,re_korea,Korea,1380.0,linguist,non_europe,re_korea
2171,Q625715,Moon Ik-chum,re_korea,Korea,1329.0,philosopher,non_europe,re_korea
2172,Q491828,Sin Yong-gae,re_korea,Korea,1463.0,philosopher,non_europe,re_korea
2173,Q485278,Ryu Sun-jeong,re_korea,Korea,1459.0,philosopher,non_europe,re_korea
2175,Q486558,Lee San-hae,re_korea,Korea,1539.0,philosopher,non_europe,re_korea
2176,Q5360433,Jeong Hyun-jo,re_korea,Korea,1440.0,philosopher,non_europe,re_korea
2177,Q498626,Nam Gon,re_korea,Korea,1471.0,philosopher,non_europe,re_korea
2178,Q3055709,Uhwudong,re_korea,Korea,1430.0,philosopher,non_europe,re_korea
2179,Q496891,Seong Hon,re_korea,Korea,1535.0,philosopher,non_europe,re_korea
2180,Q22974749,Yi Jun-gyeong,re_korea,Korea,1499.0,philosopher,non_europe,re_korea
2181,Q486291,Yi Hwang,re_korea,Korea,1501.0,philosopher,non_europe,re_korea
2182,Q483049,Uisang,re_korea,Korea,625.0,philosopher,non_europe,re_korea
2183,Q12606285,Yang Sŏng-ji,re_korea,Korea,1415.0,historian,non_europe,re_korea
2184,Q486257,Cho Shik,re_korea,Korea,1501.0,philosopher,non_europe,re_korea
2186,Q709174,Ahn Bang-jun,re_korea,Korea,1573.0,philosopher,non_europe,re_korea
2187,Q484792,Han Hwak,re_korea,Korea,1400.0,philosopher,non_europe,re_korea
2188,Q12612017,Lee Yeo-bin,re_korea,Korea,1556.0,philosopher,non_europe,re_korea
2190,Q16172046,Ki Ja-heon,re_korea,Korea,1562.0,philosopher,non_europe,re_korea
2191,Q16174098,Seong Un,re_korea,Korea,1497.0,philosopher,non_europe,re_korea
2193,Q497153,Yi Gwang-sik,re_korea,Korea,1493.0,historian,non_europe,re_korea
2194,Q8053448,Yi Gae,re_korea,Korea,1417.0,linguist,non_europe,re_korea
2195,Q624466,Uicheon,re_korea,Korea,1055.0,philosopher,non_europe,re_korea
2197,Q1237726,Dominicus Gundissalinus,re_arabic_world,Arabic world,1115.0,linguist | philosopher,non_europe,re_arabic_world
2198,Q7413013,Samuel ibn Seneh Zarza,re_arabic_world,Arabic world,1360.0,philosopher,non_europe,re_arabic_world
2201,Q4664590,Abd al-Rahman al-Tamanarti,re_arabic_world,Arabic world,1585.0,historian,non_europe,re_arabic_world
2207,Q67657447,Hamzah ibn ʻAbd Allah Nashiri,re_arabic_world,Arabic world,1430.0,botanist | historian,non_europe,re_arabic_world
2213,Q12252068,Yusuf al-Maghribi,re_arabic_world,Arabic world,1550.0,linguist,non_europe,re_arabic_world
2214,Q2745413,Al-Hadi ila'l-Haqq Yahya,re_arabic_world,Arabic world,859.0,theologian,non_europe,re_arabic_world
2215,Q6533520,ʻAbd al-Raḥmān ibn ʻAlī Ibn al-Daybaʻ,re_arabic_world,Arabic world,1461.0,historian,non_europe,re_arabic_world
2218,Q3594807,Muhammad al-Munawi,re_arabic_world,Arabic world,1545.0,historian,non_europe,re_arabic_world
2220,Q68167891,Badr al-Din al-Husayn ibn al-Siddiq Ahdal,re_arabic_world,Arabic world,1402.0,historian,non_europe,re_arabic_world
2225,Q12230387,Fakhr al-Dīn Ṭurayḥī,re_arabic_world,Arabic world,1571.0,linguist,non_europe,re_arabic_world
2232,Q105338234,Madyan Qusuni,re_arabic_world,Arabic world,1562.0,historian,non_europe,re_arabic_world
2243,Q16123878,Al-Ashraf Umar II,re_arabic_world,Arabic world,1242.0,astronomer,non_europe,re_arabic_world
2245,Q4116828,Abd al-Qadir al-Fasi,re_arabic_world,Arabic world,1599.0,theologian,non_europe,re_arabic_world
2270,Q439374,Wahb ibn Munabbih,re_arabic_world,Arabic world,655.0,historian,non_europe,re_arabic_world
2271,Q2821427,Abdul Wahid Ibn Ashir,re_arabic_world,Arabic world,1582.0,theologian,non_europe,re_arabic_world
2276,Q293551,Ahmed Mohammed al-Maqqari,re_arabic_world,Arabic world,1578.0,historian,non_europe,re_arabic_world
2277,Q3503419,Sulaiman Al Mahri,re_arabic_world,Arabic world,1480.0,geographer,non_europe,re_arabic_world
2278,Q5791819,Cristobal Lechuga,re_arabic_world,Arabic world,1557.0,mathematician,non_europe,re_arabic_world
2289,Q4695346,Ahmad Ibn al-Qadi,re_arabic_world,Arabic world,1552.0,historian | mathematician,non_europe,re_arabic_world
2295,Q1963394,Najm al-Din al-Gazzi,re_arabic_world,Arabic world,1570.0,historian,non_europe,re_arabic_world
2298,Q970628,Abū Muhammad al-Hasan al-Hamdānī,re_arabic_world,Arabic world,893.0,geographer | astronomer | physicist | chemist,non_europe,re_arabic_world
2324,Q2010955,Mulla Sadra,re_arabic_world,Arabic world,1571.0,philosopher,non_europe,re_arabic_world
2336,Q21099034,Ibn Balban al-Hanbali,re_arabic_world,Arabic world,1597.0,theologian,non_europe,re_arabic_world
2339,Q12198098,ʻAlī Ḥasan ʻAlī ʻAbd al-Ḥamīd,re_arabic_world,Arabic world,1567.0,historian,non_europe,re_arabic_world
2345,Q1673452,Isaac Uziel,re_arabic_world,Arabic world,1600.0,linguist,non_europe,re_arabic_world
2350,Q56506397,Ali ibn Muhammad ibn al-Walid,re_arabic_world,Arabic world,1128.0,philosopher,non_europe,re_arabic_world
2351,Q426371,Ḥasan Ibn-Muḥammad al-Būrīnī,re_arabic_world,Arabic world,1556.0,historian,non_europe,re_arabic_world
2358,Q4115262,Fairuzabadi,re_arabic_world,Arabic world,1329.0,linguist,non_europe,re_arabic_world
2371,Q10324829,Maqqari,re_arabic_world,Arabic world,1591.0,historian,non_europe,re_arabic_world
2373,Q6532754,Ibn Abi Al-Soroor al-Bakri,re_arabic_world,Arabic world,1588.0,historian,non_europe,re_arabic_world
2374,Q3646767,Mustafa Âlî,re_arabic_world,Arabic world,1541.0,historian,non_europe,re_arabic_world
2378,Q3785847,Hisham ibn Urwah,re_arabic_world,Arabic world,680.0,theologian,non_europe,re_arabic_world
2379,Q51884,John of Damascus,re_arabic_world,Arabic world,675.0,theologian | astronomer | philosopher,non_europe,re_arabic_world
2380,Q958986,Ishtori Haparchi,re_arabic_world,Arabic world,1280.0,geographer,non_europe,re_arabic_world
2382,Q2804843,'Abdu Llâh Ibn Muhammad Al Ma'âfirî,re_arabic_world,Arabic world,1050.0,theologian,non_europe,re_arabic_world
2383,Q337029,Abu al-Aswad al-Du'ali,re_arabic_world,Arabic world,603.0,linguist,non_europe,re_arabic_world
2384,Q2916804,Mujir al-Din,re_arabic_world,Arabic world,1456.0,historian,non_europe,re_arabic_world
2386,Q4267,Adémar de Chabannes,re_arabic_world,Arabic world,988.0,historian,non_europe,re_arabic_world
2390,Q4165518,Khalid ibn Yazid,re_arabic_world,Arabic world,655.0,chemist,non_europe,re_arabic_world
2392,Q12218718,Shuraih Al-Qadhi,re_arabic_world,Arabic world,593.0,historian,non_europe,re_arabic_world
2393,Q12183510,Sulaimān Ibn-Mihrān Al-A’mash,re_arabic_world,Arabic world,680.0,theologian,non_europe,re_arabic_world
2395,Q112128,Husayn ibn Ali,re_arabic_world,Arabic world,626.0,theologian,non_europe,re_arabic_world
2399,Q6957308,Ibrahim al-Nakhai,re_arabic_world,Arabic world,670.0,theologian,non_europe,re_arabic_world
2400,Q56250455,Ahmad Ibn-Muhammad Ibn-al-Haʾim,re_arabic_world,Arabic world,1352.0,mathematician,non_europe,re_arabic_world
2401,Q2275364,Severus Sebokht,re_arabic_world,Arabic world,575.0,astronomer | philosopher,non_europe,re_arabic_world
2402,Q4116087,Ka'ab al-Ahbar,re_arabic_world,Arabic world,600.0,theologian,non_europe,re_arabic_world
2403,Q4670027,Abu 'Amr ibn al-'Ala',re_arabic_world,Arabic world,689.0,linguist,non_europe,re_arabic_world
2406,Q12222362,Amir al-Sha'bi,re_arabic_world,Arabic world,641.0,historian,non_europe,re_arabic_world
2407,Q1567837,Ibn Abi Ishaq,re_arabic_world,Arabic world,650.0,linguist,non_europe,re_arabic_world
2408,Q1881341,Sinan ibn Thabit,re_arabic_world,Arabic world,880.0,astronomer | mathematician,non_europe,re_arabic_world
2409,Q11944385,Radegunda de Treviño,re_arabic_world,Arabic world,1119.0,philosopher,non_europe,re_arabic_world
2410,Q1655912,Aḥmad Ibn-ʿAlī Ibn-Zunbul,re_arabic_world,Arabic world,1500.0,historian,non_europe,re_arabic_world
2411,Q12202948,Taqi al-Din al-Subki,re_arabic_world,Arabic world,1284.0,theologian,non_europe,re_arabic_world
2412,Q423210,Banū Mūsā,re_arabic_world,Arabic world,900.0,astronomer | mathematician,non_europe,re_arabic_world
2413,Q12182782,Ibn Muti al-Zawawi,re_arabic_world,Arabic world,1168.0,linguist,non_europe,re_arabic_world
2414,Q503130,Hunayn ibn Ishaq,re_arabic_world,Arabic world,808.0,philosopher,non_europe,re_arabic_world
2415,Q11917497,Al-Ja'd ibn Dirham,re_arabic_world,Arabic world,700.0,theologian | philosopher,non_europe,re_arabic_world
2416,Q12227970,Ibn Yunus Nabati,re_arabic_world,Arabic world,1389.0,philosopher,non_europe,re_arabic_world
2417,Q335966,Jonah ibn Janah,re_arabic_world,Arabic world,990.0,linguist,non_europe,re_arabic_world
2418,Q335145,Ibn al-Baitar,re_arabic_world,Arabic world,1197.0,botanist | pharmacologist,non_europe,re_arabic_world
2419,Q12198436,Bischr ibn al-Muʿtamir,re_arabic_world,Arabic world,800.0,theologian,non_europe,re_arabic_world
2420,Q4703386,Al-Zuhri,re_arabic_world,Arabic world,1130.0,geographer,non_europe,re_arabic_world
2421,Q21208389,Ibn al-A'lam,re_arabic_world,Arabic world,901.0,astronomer,non_europe,re_arabic_world
2422,Q510650,Hilal al-Sabi',re_arabic_world,Arabic world,969.0,historian,non_europe,re_arabic_world
2423,Q19288802,Ibn al-Samh,re_arabic_world,Arabic world,979.0,astronomer | mathematician,non_europe,re_arabic_world
2424,Q5984319,Ibn al-Wardi,re_arabic_world,Arabic world,1290.0,botanist | zoologist | historian | geographer,non_europe,re_arabic_world
2425,Q508501,Ibn Idhari,re_arabic_world,Arabic world,1300.0,historian,non_europe,re_arabic_world
2426,Q1959585,Ibn al-Tiqtaqa,re_arabic_world,Arabic world,1262.0,linguist | historian,non_europe,re_arabic_world
2427,Q4115511,Abu al-Hassan al-Amiri,re_arabic_world,Arabic world,913.0,philosopher,non_europe,re_arabic_world
2428,Q451427,Usama ibn Munqidh,re_arabic_world,Arabic world,1095.0,historian,non_europe,re_arabic_world
2429,Q67092995,Ismail al-Hadhiri,re_arabic_world,Arabic world,1137.0,linguist,non_europe,re_arabic_world
2430,Q7507290,Sibt al-Maridini,re_arabic_world,Arabic world,1423.0,astronomer,non_europe,re_arabic_world
2432,Q328748,Saadia Gaon,re_arabic_world,Arabic world,882.0,philosopher,non_europe,re_arabic_world
2433,Q12252153,Yousef ibn Mohamed ibn Masoud al-Sarmari,re_arabic_world,Arabic world,1296.0,linguist,non_europe,re_arabic_world
2434,Q1356575,Ibn al-Qalanisi,re_arabic_world,Arabic world,1071.0,historian,non_europe,re_arabic_world
2435,Q425501,Al-Azraqi,re_arabic_world,Arabic world,800.0,historian,non_europe,re_arabic_world
2436,Q5984286,Ibn abd al-Malik al-Marrakushi,re_arabic_world,Arabic world,1237.0,historian,non_europe,re_arabic_world
2437,Q648487,Al-Mada'ini,re_arabic_world,Arabic world,753.0,historian,non_europe,re_arabic_world
2438,Q400919,Ahmad al-Qalqashandi,re_arabic_world,Arabic world,1355.0,mathematician,non_europe,re_arabic_world
2439,Q15431116,Al-Quda'i,re_arabic_world,Arabic world,950.0,historian,non_europe,re_arabic_world
2440,Q3571329,Yahya Ibn Khaldun,re_arabic_world,Arabic world,1332.0,historian,non_europe,re_arabic_world
2441,Q287492,Ali ibn Ridwan,re_arabic_world,Arabic world,988.0,astronomer,non_europe,re_arabic_world
2442,Q3460213,Ibn Juljul,re_arabic_world,Arabic world,943.0,pharmacologist,non_europe,re_arabic_world
2443,Q5984161,Ibn Abi Tahir Tayfur,re_arabic_world,Arabic world,819.0,geographer | linguist | historian,non_europe,re_arabic_world
2444,Q6122255,Sayf ibn Umar,re_arabic_world,Arabic world,750.0,historian,non_europe,re_arabic_world
2445,Q1186444,Abu al-Salt,re_arabic_world,Arabic world,1068.0,astronomer | philosopher,non_europe,re_arabic_world
2446,Q2995629,Mohammed ibn Adjurrum,re_arabic_world,Arabic world,1273.0,linguist,non_europe,re_arabic_world
2447,Q2637918,Abu'l-Barakāt al-Baghdādī,re_arabic_world,Arabic world,1080.0,philosopher,non_europe,re_arabic_world
2448,Q1393417,Ali ibn Sahl Rabban al-Tabari,re_arabic_world,Arabic world,838.0,philosopher,non_europe,re_arabic_world
2449,Q3478584,Senoussi,re_arabic_world,Arabic world,1426.0,theologian,non_europe,re_arabic_world
2450,Q46420,Ibn Arabi,re_arabic_world,Arabic world,1165.0,philosopher,non_europe,re_arabic_world
2451,Q3478100,Wasil ibn Ata,re_arabic_world,Arabic world,700.0,theologian,non_europe,re_arabic_world
2452,Q314978,Ali ibn al-Husayn Zayn al-'Abidin,re_arabic_world,Arabic world,659.0,theologian,non_europe,re_arabic_world
2453,Q5847266,Ibn Duqmaq,re_arabic_world,Arabic world,1349.0,historian,non_europe,re_arabic_world
2454,Q536837,Isaac Israeli ben Solomon,re_arabic_world,Arabic world,832.0,philosopher,non_europe,re_arabic_world
2455,Q3772847,Ibn Amira,re_arabic_world,Arabic world,1186.0,historian,non_europe,re_arabic_world
2456,Q203142,Ibn al-Farid,re_arabic_world,Arabic world,1181.0,philosopher,non_europe,re_arabic_world
2457,Q57419639,Aladdin al-Shirazi,re_arabic_world,Arabic world,1386.0,logician,non_europe,re_arabic_world
2458,Q316364,Yaqut al-Hamawi,re_arabic_world,Arabic world,1178.0,geographer | historian,non_europe,re_arabic_world
2459,Q4702931,Al-Mufaddal ibn Abi al-Fada'il,re_arabic_world,Arabic world,1201.0,historian,non_europe,re_arabic_world
2460,Q311462,Abulfeda,re_arabic_world,Arabic world,1273.0,geographer | astronomer | historian,non_europe,re_arabic_world
2461,Q228203,Zufar ibn al-Hudhail,re_arabic_world,Arabic world,728.0,theologian,non_europe,re_arabic_world
2462,Q4702369,Al-Fakihi,re_arabic_world,Arabic world,839.0,historian,non_europe,re_arabic_world
2463,Q6533412,Ibn al-Ḥājib,re_arabic_world,Arabic world,1175.0,historian,non_europe,re_arabic_world
2464,Q3292293,Abu Mansur Mauhub al-Jawaliqi,re_arabic_world,Arabic world,1074.0,linguist,non_europe,re_arabic_world
2465,Q315377,Ali al-Hadi,re_arabic_world,Arabic world,829.0,theologian,non_europe,re_arabic_world
2466,Q12223451,Abdullah bin Asaad Al-Yafi'i,re_arabic_world,Arabic world,1298.0,historian,non_europe,re_arabic_world
2467,Q108733998,Abu al-Faraj al-Armanazi,re_arabic_world,Arabic world,1051.0,historian,non_europe,re_arabic_world
2468,Q42298432,Nasrallah al-Baghdadi,re_arabic_world,Arabic world,1332.0,linguist,non_europe,re_arabic_world
2469,Q4670097,Abu Bakr Ibn Mujāhid,re_arabic_world,Arabic world,900.0,theologian,non_europe,re_arabic_world
2470,Q467161,Samuel ibn Naghrillah,re_arabic_world,Arabic world,993.0,linguist | philosopher,non_europe,re_arabic_world
2471,Q3603848,Abū Isḥāq al-Shīrāzī,re_arabic_world,Arabic world,1003.0,theologian,non_europe,re_arabic_world
2472,Q12220160,"Ṣafadī, Khalīl ibn Aybak",re_arabic_world,Arabic world,1296.0,historian,non_europe,re_arabic_world
2475,Q12198099,Ibrāhīm ibn ʻUmar Biqāʻī,re_arabic_world,Arabic world,1407.0,historian,non_europe,re_arabic_world
2476,Q584679,Muḥammad ibn Ibrāhīm al-Fazārī,re_arabic_world,Arabic world,746.0,astronomer | mathematician,non_europe,re_arabic_world
2477,Q14095767,Muqātil ibn Sulaymān,re_arabic_world,Arabic world,701.0,theologian,non_europe,re_arabic_world
2478,Q12182523,al-Qāsim ibn Fīrruh Shāṭibī,re_arabic_world,Arabic world,1144.0,theologian,non_europe,re_arabic_world
2479,Q4115307,Al-Jubba'i,re_arabic_world,Arabic world,849.0,theologian | philosopher,non_europe,re_arabic_world
2480,Q6536134,Ibn Sallâm al-Jumahî,re_arabic_world,Arabic world,756.0,linguist,non_europe,re_arabic_world
2481,Q945425,Mashallah ibn Athari,re_arabic_world,Arabic world,740.0,astronomer | mathematician,non_europe,re_arabic_world
2482,Q42298972,Ibn Habib al-Halabi,re_arabic_world,Arabic world,1310.0,historian,non_europe,re_arabic_world
2483,Q7395439,Sa'id ibn Aws al-Ansari,re_arabic_world,Arabic world,743.0,linguist,non_europe,re_arabic_world
2484,Q307665,Abd Allah ibn al-Zubayr,re_arabic_world,Arabic world,624.0,theologian,non_europe,re_arabic_world
2485,Q1151805,Al-Qurtubi,re_arabic_world,Arabic world,1214.0,theologian,non_europe,re_arabic_world
2486,Q4120128,Al-Sakhawi,re_arabic_world,Arabic world,1428.0,historian,non_europe,re_arabic_world
2487,Q4322459,Zarkashi,re_arabic_world,Arabic world,1344.0,historian,non_europe,re_arabic_world
2488,Q3535817,ʿAbd Allāh ibn al-Ḥusayn al- ʿUkbarī,re_arabic_world,Arabic world,1143.0,mathematician,non_europe,re_arabic_world
2489,Q39837,Averroes,re_arabic_world,Arabic world,1126.0,astronomer | philosopher,non_europe,re_arabic_world
2490,Q67654781,Ibn al-Kharrat al-Dawalibi,re_arabic_world,Arabic world,1240.0,linguist,non_europe,re_arabic_world
2491,Q144639,Zakariya al-Qazwini,re_arabic_world,Arabic world,1203.0,geographer | zoologist | historian | mathematician,non_europe,re_arabic_world
2492,Q179759,Al-Kindi,re_arabic_world,Arabic world,801.0,philosopher | musicologist | astronomer | mathematician,non_europe,re_arabic_world
2493,Q22908812,Abul Hasan Hankari,re_arabic_world,Arabic world,1018.0,theologian,non_europe,re_arabic_world
2494,Q1061624,Chananel ben Chushiel,re_arabic_world,Arabic world,990.0,theologian,non_europe,re_arabic_world
2495,Q980179,Safi al-Din al-Urmawi,re_arabic_world,Arabic world,1216.0,musicologist,non_europe,re_arabic_world
2496,Q302956,Aaron ben Elijah,re_arabic_world,Arabic world,1328.0,theologian,non_europe,re_arabic_world
2497,Q3069371,Ibn al‐Ha'im al‐Ishbili,re_arabic_world,Arabic world,1213.0,astronomer | philosopher | mathematician,non_europe,re_arabic_world
2498,Q11079,Muḥammad ibn Jābir al-Ḥarrānī al-Battānī,re_arabic_world,Arabic world,858.0,astronomer | mathematician,non_europe,re_arabic_world
2499,Q15603559,Abū Bakr al-Darbandī,re_arabic_world,Arabic world,1068.0,theologian,non_europe,re_arabic_world
2500,Q4540405,'Abd al-'Aziz al-Wafa'i,re_arabic_world,Arabic world,1408.0,astronomer,non_europe,re_arabic_world
2501,Q4116044,Harith al-Muhasibi,re_arabic_world,Arabic world,781.0,theologian,non_europe,re_arabic_world
2502,Q6532914,Ibn Abī Shaiba,re_arabic_world,Arabic world,776.0,historian,non_europe,re_arabic_world
2503,Q251259,Ibn Tufayl,re_arabic_world,Arabic world,1110.0,philosopher,non_europe,re_arabic_world
2504,Q557361,Yahya of Antioch,re_arabic_world,Arabic world,980.0,historian,non_europe,re_arabic_world
2505,Q307250,'Abd al-Hamīd ibn Turk,re_arabic_world,Arabic world,800.0,mathematician,non_europe,re_arabic_world
2506,Q57259185,Ibn al-Ayni,re_arabic_world,Arabic world,1433.0,linguist,non_europe,re_arabic_world
2507,Q340519,Ahimaaz ben Paltiel,re_arabic_world,Arabic world,1017.0,historian,non_europe,re_arabic_world
2508,Q2719051,Ibn Sab'in,re_arabic_world,Arabic world,1217.0,philosopher,non_europe,re_arabic_world
2509,Q6532706,Ibn Abi al-Dunya,re_arabic_world,Arabic world,823.0,historian,non_europe,re_arabic_world
2510,Q316349,Abu al-Hasan al-Ash'ari,re_arabic_world,Arabic world,873.0,theologian | philosopher,non_europe,re_arabic_world
2511,Q16126606,al-Qāsim ibn ʻAbd Allāh Ibn Quṭlūbughā,re_arabic_world,Arabic world,1399.0,theologian | historian,non_europe,re_arabic_world
2512,Q4670034,Abu 'Ubaida,re_arabic_world,Arabic world,728.0,historian,non_europe,re_arabic_world
2513,Q1378989,Eutychius of Alexandria,re_arabic_world,Arabic world,877.0,historian,non_europe,re_arabic_world
2514,Q367319,Ibn Jubayr,re_arabic_world,Arabic world,1145.0,geographer,non_europe,re_arabic_world
2515,Q4063579,Altaïr Ibn-La'Ahad,re_arabic_world,Arabic world,1165.0,philosopher | historian,non_europe,re_arabic_world
2516,Q9294,Ibn Khaldun,re_arabic_world,Arabic world,1332.0,philosopher | sociologist | economist | anthropologist | historian,non_europe,re_arabic_world
2517,Q293608,Ibn al-Banna' al-Marrakushi,re_arabic_world,Arabic world,1256.0,astronomer | mathematician,non_europe,re_arabic_world
2518,Q330821,Abraham ibn Daud,re_arabic_world,Arabic world,1110.0,philosopher | historian,non_europe,re_arabic_world
2519,Q20003180,Ibn al-Dubaythi,re_arabic_world,Arabic world,1163.0,historian,non_europe,re_arabic_world
2520,Q4695507,Ahmad al-Buni,re_arabic_world,Arabic world,1200.0,mathematician,non_europe,re_arabic_world
2521,Q12178189,Ibn ʿAqil,re_arabic_world,Arabic world,1298.0,linguist,non_europe,re_arabic_world
2522,Q2478044,Alī ibn Ahmad al-Nasawī,re_arabic_world,Arabic world,1010.0,astronomer | mathematician,non_europe,re_arabic_world
2523,Q2820894,Abu l-Faraj at-Tayyib,re_arabic_world,Arabic world,980.0,philosopher,non_europe,re_arabic_world
2524,Q107345083,Abdullah ibn al-Hasan al-Qurtubi,re_arabic_world,Arabic world,1161.0,linguist,non_europe,re_arabic_world
2525,Q28714887,Muhammad ibn Saʿdān al-Ḍarīr,re_arabic_world,Arabic world,778.0,linguist,non_europe,re_arabic_world
2526,Q1379164,Taqi al-Din Muhammad ibn Ma'ruf,re_arabic_world,Arabic world,1526.0,astronomer | mathematician,non_europe,re_arabic_world
2527,Q846536,Ibn al-Adim,re_arabic_world,Arabic world,1192.0,historian,non_europe,re_arabic_world
2529,Q20383681,Abu al-Qassim al-Amidi,re_arabic_world,Arabic world,905.0,linguist,non_europe,re_arabic_world
2530,Q239355,Solomon ibn Gabirol,re_arabic_world,Arabic world,1021.0,philosopher,non_europe,re_arabic_world
2531,Q52200506,Ibn Naja al-Erbili,re_arabic_world,Arabic world,1190.0,linguist | philosopher,non_europe,re_arabic_world
2532,Q557961,Al-Khatib al-Baghdadi,re_arabic_world,Arabic world,1002.0,historian,non_europe,re_arabic_world
2533,Q119679,Ibn Qayyim Al-Jawziy,re_arabic_world,Arabic world,1292.0,theologian,non_europe,re_arabic_world
2534,Q481455,Abu-Shama al-Maqdissí,re_arabic_world,Arabic world,1203.0,historian,non_europe,re_arabic_world
2535,Q107344255,Abu al-Hajjaj al-Balawi,re_arabic_world,Arabic world,1132.0,linguist,non_europe,re_arabic_world
2536,Q11937838,Izz al-Din ibn Shaddad,re_arabic_world,Arabic world,1217.0,historian,non_europe,re_arabic_world
2537,Q4121967,Ibn al-Majdi,re_arabic_world,Arabic world,1359.0,astronomer | mathematician,non_europe,re_arabic_world
2538,Q3303997,Abu Sulayman Sijistani,re_arabic_world,Arabic world,932.0,philosopher,non_europe,re_arabic_world
2539,Q732363,Ibn 'Abd al-Barr,re_arabic_world,Arabic world,978.0,historian,non_europe,re_arabic_world
2540,Q846343,Sibt ibn al-Jawzi,re_arabic_world,Arabic world,1186.0,historian,non_europe,re_arabic_world
2541,Q55997606,Ibn al-Uqlishi,re_arabic_world,Arabic world,1097.0,linguist,non_europe,re_arabic_world
2542,Q2922506,Busiri,re_arabic_world,Arabic world,1213.0,mathematician,non_europe,re_arabic_world
2543,Q5963182,Abū al-Ṣalāḥ al-Ḥalabī,re_arabic_world,Arabic world,984.0,theologian,non_europe,re_arabic_world
2544,Q285255,Al-Waqidi,re_arabic_world,Arabic world,747.0,historian,non_europe,re_arabic_world
2545,Q2481432,Ibn al-Qifti,re_arabic_world,Arabic world,1172.0,historian,non_europe,re_arabic_world
2546,Q2665215,Ibrahim ibn Adham,re_arabic_world,Arabic world,718.0,theologian,non_europe,re_arabic_world
2547,Q20422810,Muḥammad ibn ʻAbd al-Malik Hamadhānī,re_arabic_world,Arabic world,1071.0,historian,non_europe,re_arabic_world
2548,Q11133,Abū Ishāq Ibrāhīm al-Zarqālī,re_arabic_world,Arabic world,1027.0,astronomer,non_europe,re_arabic_world
2549,Q3147440,Ibn Xabbat,re_arabic_world,Arabic world,1221.0,historian,non_europe,re_arabic_world
2550,Q6820252,Al-Jaṣṣās,re_arabic_world,Arabic world,918.0,theologian,non_europe,re_arabic_world
2551,Q423600,`Abdullah ibn `Abbas,re_arabic_world,Arabic world,619.0,historian,non_europe,re_arabic_world
2552,Q3321466,Ibn al-Abbar,re_arabic_world,Arabic world,1199.0,historian,non_europe,re_arabic_world
2553,Q2822098,Abul Barakat al-Balafiki,re_arabic_world,Arabic world,1264.0,historian,non_europe,re_arabic_world
2554,Q3751049,Al-Udri,re_arabic_world,Arabic world,1003.0,historian,non_europe,re_arabic_world
2555,Q6538102,Ibn Hisham Al-Ansari,re_arabic_world,Arabic world,1309.0,linguist,non_europe,re_arabic_world
2556,Q367330,Ibn Hawqal,re_arabic_world,Arabic world,943.0,geographer,non_europe,re_arabic_world
2558,Q298439,Abu al-Wafa Buzjani,re_arabic_world,Arabic world,940.0,astronomer | mathematician,non_europe,re_arabic_world
2559,Q107355618,Abd al-Malik ibn al-Siraj,re_arabic_world,Arabic world,1009.0,linguist,non_europe,re_arabic_world
2561,Q3317409,Mkhitar of Ani,re_arabic_world,Arabic world,1200.0,historian,non_europe,re_arabic_world
2562,Q2898339,Judah ibn Kuraish,re_arabic_world,Arabic world,850.0,linguist,non_europe,re_arabic_world
2563,Q2745220,Ibn Hayyan,re_arabic_world,Arabic world,987.0,historian,non_europe,re_arabic_world
2564,Q5907908,Ibn Bassal,re_arabic_world,Arabic world,1050.0,botanist,non_europe,re_arabic_world
2565,Q9593473,al-Musabbihi,re_arabic_world,Arabic world,977.0,historian,non_europe,re_arabic_world
2566,Q1299570,Ibn Zafar,re_arabic_world,Arabic world,1104.0,philosopher | political scientist,non_europe,re_arabic_world
2567,Q3875793,Husam al-Din Chalabi,re_arabic_world,Arabic world,1225.0,theologian,non_europe,re_arabic_world
2568,Q19629001,Sidi Boushaki,re_arabic_world,Arabic world,1394.0,theologian,non_europe,re_arabic_world
2569,Q12183231,Abu Bakr al-Ajurri,re_arabic_world,Arabic world,893.0,theologian,non_europe,re_arabic_world
2570,Q315920,Hasan al-Askari,re_arabic_world,Arabic world,846.0,theologian,non_europe,re_arabic_world
2571,Q6056774,İbni Arapşah,re_arabic_world,Arabic world,1389.0,philosopher,non_europe,re_arabic_world
2572,Q401463,Ahmed ar-Rifa'i,re_arabic_world,Arabic world,1118.0,theologian,non_europe,re_arabic_world
2573,Q2846653,Ibn Faradi,re_arabic_world,Arabic world,962.0,historian,non_europe,re_arabic_world
2574,Q130169,Sharif al-Murtadha,re_arabic_world,Arabic world,966.0,theologian,non_europe,re_arabic_world
2575,Q2821719,Abu Raita al-Takriti,re_arabic_world,Arabic world,775.0,theologian,non_europe,re_arabic_world
2576,Q2462319,Abū al-Ḥasan ibn ʿAlī al-Qalaṣādī,re_arabic_world,Arabic world,1412.0,mathematician,non_europe,re_arabic_world
2577,Q6533916,Ibn al-Sha'ar,re_arabic_world,Arabic world,1197.0,historian,non_europe,re_arabic_world
2578,Q31439,Abraham bar Hiyya,re_arabic_world,Arabic world,1070.0,geographer | astronomer | philosopher | mathematician,non_europe,re_arabic_world
2579,Q21208801,Muhammad al-Baghdadi,re_arabic_world,Arabic world,980.0,mathematician,non_europe,re_arabic_world
2580,Q982406,Sheikh Adi ibn Musafir,re_arabic_world,Arabic world,1073.0,theologian,non_europe,re_arabic_world
2581,Q6088021,Issachar ben Mordecai ibn Susan,re_arabic_world,Arabic world,1510.0,mathematician,non_europe,re_arabic_world
2582,Q81627,al-Jazari,re_arabic_world,Arabic world,1136.0,astronomer | mathematician,non_europe,re_arabic_world
2583,Q20384863,Muhammad ibn al-Hasan Saʼigh,re_arabic_world,Arabic world,1247.0,linguist,non_europe,re_arabic_world
2584,Q3043486,Sultan Walad,re_arabic_world,Arabic world,1226.0,philosopher,non_europe,re_arabic_world
2585,Q1399609,Ibn al-Rawandi,re_arabic_world,Arabic world,827.0,philosopher | historian,non_europe,re_arabic_world
2586,Q2231534,Yusuf al-Mu'taman ibn Hud,re_arabic_world,Arabic world,1001.0,mathematician,non_europe,re_arabic_world
2587,Q3154800,Isaac ibn Saul,re_arabic_world,Arabic world,950.0,linguist,non_europe,re_arabic_world
2588,Q168705,Al-Masudi,re_arabic_world,Arabic world,896.0,geographer | historian,non_europe,re_arabic_world
2589,Q12178782,Abu al-'Abbas Tha'lab,re_arabic_world,Arabic world,815.0,linguist,non_europe,re_arabic_world
2590,Q1370661,Menahem ben Saruq,re_arabic_world,Arabic world,920.0,philosopher,non_europe,re_arabic_world
2591,Q11104,Ibn al-Haytham,re_arabic_world,Arabic world,965.0,astronomer | philosopher | physicist | mathematician,non_europe,re_arabic_world
2592,Q55835386,Abū-Saʻīd Faraǧ Ibn-Qāsim Ibn-Lubb,re_arabic_world,Arabic world,1301.0,linguist,non_europe,re_arabic_world
2593,Q19291166,Ishaq ben Reuben,re_arabic_world,Arabic world,1073.0,philosopher,non_europe,re_arabic_world
2594,Q299200,Judah Halevi,re_arabic_world,Arabic world,1075.0,theologian | philosopher,non_europe,re_arabic_world
2595,Q16693597,Saad bin Ibrahim al-Zuhri,re_arabic_world,Arabic world,700.0,theologian,non_europe,re_arabic_world
2596,Q732429,Muhammad ibn Sa'd ibn Mani' al-Baghdadi,re_arabic_world,Arabic world,784.0,historian,non_europe,re_arabic_world
2597,Q2975510,Ibrahim ibn Sinan,re_arabic_world,Arabic world,908.0,astronomer | mathematician,non_europe,re_arabic_world
2598,Q7684920,Taqi al-Din Muhammad ibn Ahmad al-Fasi,re_arabic_world,Arabic world,1373.0,historian,non_europe,re_arabic_world
2599,Q334854,Ali ibn al-Athir,re_arabic_world,Arabic world,1160.0,theologian | historian,non_europe,re_arabic_world
2600,Q292484,Sayf al-Din al-Amidi,re_arabic_world,Arabic world,1156.0,philosopher,non_europe,re_arabic_world
2601,Q762229,Bahya ibn Paquda,re_arabic_world,Arabic world,1050.0,theologian | philosopher,non_europe,re_arabic_world
2602,Q192124,Muhammad ibn Jarir al-Tabari,re_arabic_world,Arabic world,839.0,philosopher | historian,non_europe,re_arabic_world
2603,Q2277088,Niftawayh,re_arabic_world,Arabic world,858.0,linguist | historian,non_europe,re_arabic_world
2604,Q5675767,"Kāzarūnī, ʻAlī ibn Muḥammad",re_arabic_world,Arabic world,1217.0,historian,non_europe,re_arabic_world
2605,Q716228,Hisham Ibn Al-Kalbi,re_arabic_world,Arabic world,737.0,historian,non_europe,re_arabic_world
2606,Q481499,Ibn Taghribirdi,re_arabic_world,Arabic world,1410.0,historian,non_europe,re_arabic_world
2607,Q1238067,Muhammad ibn Yūsuf al-Warrāq,re_arabic_world,Arabic world,904.0,geographer | historian,non_europe,re_arabic_world
2608,Q20388315,Afdal al-Din al-Khunaji,re_arabic_world,Arabic world,1194.0,philosopher,non_europe,re_arabic_world
2609,Q12251200,Wakee ibn al-Jarrah,re_arabic_world,Arabic world,746.0,theologian,non_europe,re_arabic_world
2610,Q66587206,Ibn al-Fahham,re_arabic_world,Arabic world,1031.0,linguist,non_europe,re_arabic_world
2611,Q7331,Ibn Battuta,re_arabic_world,Arabic world,1304.0,geographer,non_europe,re_arabic_world
2612,Q770298,Sadr al-Din al-Qunawi,re_arabic_world,Arabic world,1209.0,philosopher,non_europe,re_arabic_world
2613,Q16169783,Arib ibn Sa'd al-Katib al-Qurtubi,re_arabic_world,Arabic world,979.0,historian,non_europe,re_arabic_world
2614,Q12177924,Ahmad ibn Muhammad abu Yafar al-Gafiqi,re_arabic_world,Arabic world,1100.0,botanist | historian,non_europe,re_arabic_world
2615,Q317787,Ibn Hazm,re_arabic_world,Arabic world,994.0,geographer | philosopher,non_europe,re_arabic_world
2616,Q2390573,Al-ʾAṣmaʿiyy,re_arabic_world,Arabic world,740.0,botanist,non_europe,re_arabic_world
2617,Q16118116,Yaḥyā Ibn-Ziyād Farrāʾ,re_arabic_world,Arabic world,761.0,astronomer | linguist,non_europe,re_arabic_world
2618,Q12233266,Mūsá ibn Muḥammad Yūnīnī,re_arabic_world,Arabic world,1242.0,historian,non_europe,re_arabic_world
2619,Q4666111,Abdullah ibn Mubarak,re_arabic_world,Arabic world,736.0,historian,non_europe,re_arabic_world
2620,Q26215542,Kamal al-Din bin Younis,re_arabic_world,Arabic world,1156.0,astronomer | chemist | mathematician,non_europe,re_arabic_world
2621,Q984663,Ibn Qutaybah,re_arabic_world,Arabic world,828.0,theologian | historian,non_europe,re_arabic_world
2622,Q482353,al-Qadi al-Nuʿman,re_arabic_world,Arabic world,903.0,theologian | historian,non_europe,re_arabic_world
2623,Q12178297,Abū ʿAlī al-Fārisī,re_arabic_world,Arabic world,901.0,linguist,non_europe,re_arabic_world
2624,Q5984300,Ibn al-Furat,re_arabic_world,Arabic world,1336.0,historian,non_europe,re_arabic_world
2625,Q112465,Nafi' al-Madani,re_arabic_world,Arabic world,689.0,theologian,non_europe,re_arabic_world
2626,Q5410881,Muḥammad Ibn-Ibrāhīm Ibn-Ǧamāʿa,re_arabic_world,Arabic world,1241.0,theologian,non_europe,re_arabic_world
2627,Q514144,Guillaume de Sonnac,re_arabic_world,Arabic world,1200.0,historian,non_europe,re_arabic_world
2628,Q11373,Abu Ma'shar al-Balkhi,re_arabic_world,Arabic world,787.0,astronomer | philosopher | mathematician,non_europe,re_arabic_world
2629,Q22933487,Ibn al-Sa'i,re_arabic_world,Arabic world,1196.0,historian,non_europe,re_arabic_world
2630,Q369690,Ibn Kathir,re_arabic_world,Arabic world,1301.0,historian,non_europe,re_arabic_world
2631,Q293669,Abd al-Rahman al-Awza'i,re_arabic_world,Arabic world,707.0,theologian | philosopher,non_europe,re_arabic_world
2632,Q174325,Ibn Wasil,re_arabic_world,Arabic world,1208.0,philosopher | historian | mathematician,non_europe,re_arabic_world
2633,Q731866,Abu'l-Faraj ibn al-Jawzi,re_arabic_world,Arabic world,1116.0,philosopher | historian,non_europe,re_arabic_world
2634,Q12201802,ʿAbd-al-Wahhāb Ibn-ʿAlī Tāǧ-ad-Dīn as-Subkī,re_arabic_world,Arabic world,1327.0,theologian,non_europe,re_arabic_world
2635,Q319146,Ibn al-Nafis,re_arabic_world,Arabic world,1210.0,philosopher,non_europe,re_arabic_world
2636,Q334847,Ibn Ishaq,re_arabic_world,Arabic world,704.0,historian,non_europe,re_arabic_world
2637,Q2440642,Thomas of Jesus,re_arabic_world,Arabic world,1529.0,theologian,non_europe,re_arabic_world
2638,Q1153185,Sahl al-Tustari,re_arabic_world,Arabic world,818.0,theologian,non_europe,re_arabic_world
2639,Q57693362,Muhammad ibn Abd al-Wahid Mallahi,re_arabic_world,Arabic world,1154.0,historian,non_europe,re_arabic_world
2640,Q12243677,Muadh al-Harra,re_arabic_world,Arabic world,800.0,linguist,non_europe,re_arabic_world
2641,Q3308706,Ibn al-Wafid,re_arabic_world,Arabic world,997.0,botanist,non_europe,re_arabic_world
2642,Q6533428,Ibn al-Kashshab,re_arabic_world,Arabic world,1098.0,linguist,non_europe,re_arabic_world
2643,Q6407970,ʻAbd Allah ibn Muhammad al-Husayni Nuqrahkar,re_arabic_world,Arabic world,1307.0,linguist,non_europe,re_arabic_world
2644,Q12205849,Muhammad ibn Ibrahim ibn Yahya Watwat,re_arabic_world,Arabic world,1235.0,botanist | linguist | zoologist | chemist,non_europe,re_arabic_world
2645,Q6535133,Ibn Jinni,re_arabic_world,Arabic world,941.0,linguist,non_europe,re_arabic_world
2646,Q2477222,Abdullah ibn Saba',re_arabic_world,Arabic world,600.0,theologian,non_europe,re_arabic_world
2647,Q335635,Al-Mawardi,re_arabic_world,Arabic world,974.0,political scientist | sociologist,non_europe,re_arabic_world
2648,Q200947,Ahmad ibn Fadlan,re_arabic_world,Arabic world,879.0,geographer,non_europe,re_arabic_world
2649,Q4118605,Muhammad al-Maghili,re_arabic_world,Arabic world,1440.0,theologian,non_europe,re_arabic_world
2650,Q12187054,Jalal al-Din al-Qazwini,re_arabic_world,Arabic world,1268.0,linguist,non_europe,re_arabic_world
2651,Q2081331,Haly Abenragel,re_arabic_world,Arabic world,901.0,astronomer,non_europe,re_arabic_world
2652,Q2918077,Said al-Andalusi,re_arabic_world,Arabic world,1029.0,astronomer | historian,non_europe,re_arabic_world
2653,Q8192126,Ahmad ibn Muhammad al-Razi,re_arabic_world,Arabic world,887.0,historian,non_europe,re_arabic_world
2654,Q3637065,Baybars al-Mansûrî,re_arabic_world,Arabic world,1247.0,historian,non_europe,re_arabic_world
2655,Q467148,Joseph ben Ephraim Karo,re_arabic_world,Arabic world,1488.0,philosopher,non_europe,re_arabic_world
2656,Q6536330,Muhammad ibn Shakir al-Kutubi,re_arabic_world,Arabic world,1287.0,historian,non_europe,re_arabic_world
2657,Q12178232,Abu Hashim al-Jubba'i,re_arabic_world,Arabic world,888.0,theologian,non_europe,re_arabic_world
2658,Q12181671,Ibrahim al-Riyadi al-Shaybani,re_arabic_world,Arabic world,838.0,linguist,non_europe,re_arabic_world
2659,Q288111,Jabir ibn Aflah,re_arabic_world,Arabic world,1100.0,astronomer | mathematician,non_europe,re_arabic_world
2661,Q4664586,Abd al-Rahman al-Jadiri,re_arabic_world,Arabic world,1375.0,astronomer,non_europe,re_arabic_world
2662,Q307686,Abdullah ibn Salam,re_arabic_world,Arabic world,550.0,theologian,non_europe,re_arabic_world
2663,Q2342579,Sharaf al-Dīn al-Ṭūsī,re_arabic_world,Arabic world,1135.0,astronomer | mathematician,non_europe,re_arabic_world
2664,Q3772449,Ibn al-Saffar,re_arabic_world,Arabic world,950.0,astronomer,non_europe,re_arabic_world
2665,Q7902047,Usman Harooni,re_arabic_world,Arabic world,1107.0,philosopher,non_europe,re_arabic_world
2666,Q20384774,Muḥammad ibn ʻAbd al-Wāḥid Ibn al-Humām,re_arabic_world,Arabic world,1388.0,theologian,non_europe,re_arabic_world
2667,Q108687011,Aḥmad ibn Yūsuf Qaramānī,re_arabic_world,Arabic world,1532.0,historian,non_europe,re_arabic_world
2668,Q1235399,Ibn al-'Awwam,re_arabic_world,Arabic world,1150.0,botanist,non_europe,re_arabic_world
2669,Q330776,Abraham ben Solomon,re_arabic_world,Arabic world,1482.0,historian,non_europe,re_arabic_world
2670,Q3147451,Ibn Qurqūl,re_arabic_world,Arabic world,1111.0,theologian,non_europe,re_arabic_world
2671,Q639821,Ibn Kammuna,re_arabic_world,Arabic world,1215.0,theologian | philosopher,non_europe,re_arabic_world
2672,Q918471,Abu Bakr ibn al-Arabi,re_arabic_world,Arabic world,1076.0,historian,non_europe,re_arabic_world
2673,Q4670442,Abu al-Hasan Ali al-Jaznai,re_arabic_world,Arabic world,1300.0,historian,non_europe,re_arabic_world
2674,Q56063581,Judah ben Solomon ha-Kohen,re_arabic_world,Arabic world,1215.0,astronomer,non_europe,re_arabic_world
2675,Q4670036,Abu Abdallah ibn Askar,re_arabic_world,Arabic world,1529.0,historian,non_europe,re_arabic_world
2676,Q13176625,Aḥmad ibn Yūsuf ibn ʻAlī Ibn al-Azraq al-Fāriqī,re_arabic_world,Arabic world,1116.0,historian,non_europe,re_arabic_world
2678,Q57420531,Ibn Khatib al-Nasiriya,re_arabic_world,Arabic world,1372.0,historian,non_europe,re_arabic_world
2679,Q4116640,Muhammad ibn Aslam Al-Ghafiqi,re_arabic_world,Arabic world,1100.0,botanist,non_europe,re_arabic_world
2680,Q106595657,Al-Ṭignarī,re_arabic_world,Arabic world,1100.0,botanist,non_europe,re_arabic_world
2681,Q3147455,Ibn Masarra,re_arabic_world,Arabic world,883.0,philosopher,non_europe,re_arabic_world
2682,Q565665,Ibn 'Asakir,re_arabic_world,Arabic world,1105.0,theologian | historian,non_europe,re_arabic_world
2683,Q380295,Bar Hebraeus,re_arabic_world,Arabic world,1226.0,historian,non_europe,re_arabic_world
2684,Q2608002,Al-Baqillani,re_arabic_world,Arabic world,950.0,theologian,non_europe,re_arabic_world
2685,Q28714944,Al-Rummani,re_arabic_world,Arabic world,909.0,linguist | logician,non_europe,re_arabic_world
2686,Q20418542,Abu-l-Hasan al-Tamgruti,re_arabic_world,Arabic world,1534.0,historian,non_europe,re_arabic_world
2687,Q5949576,Bondari Esfahani,re_arabic_world,Arabic world,1190.0,historian,non_europe,re_arabic_world
2688,Q57316754,Ibn Hasnun,re_arabic_world,Arabic world,908.0,linguist,non_europe,re_arabic_world
2689,Q527284,Yaʿqūb ibn Ṭāriq,re_arabic_world,Arabic world,800.0,astronomer | mathematician,non_europe,re_arabic_world
2690,Q3483161,Sidi Abderrahmane ath-Thaalibi,re_arabic_world,Arabic world,1384.0,theologian,non_europe,re_arabic_world
2692,Q404554,William of Tripoli,re_arabic_world,Arabic world,1250.0,anthropologist,non_europe,re_arabic_world
2693,Q2474911,Al-Abbās ibn Said al-Jawharī,re_arabic_world,Arabic world,800.0,astronomer | mathematician,non_europe,re_arabic_world
2694,Q253568,Baha ad-Din ibn Shaddad,re_arabic_world,Arabic world,1145.0,theologian | historian,non_europe,re_arabic_world
2695,Q20639763,Taghi-o-din Rased,re_arabic_world,Arabic world,1521.0,mathematician,non_europe,re_arabic_world
2696,Q3607440,Al-Harran,re_arabic_world,Arabic world,1030.0,theologian | astronomer | philosopher,non_europe,re_arabic_world
2697,Q11904608,Al-Birzali,re_arabic_world,Arabic world,1267.0,historian,non_europe,re_arabic_world
2698,Q3180928,Abu Hafs Umar al-Suhrawardi,re_arabic_world,Arabic world,1145.0,theologian | philosopher,non_europe,re_arabic_world
2699,Q4164868,Al-Jaldaki,re_arabic_world,Arabic world,1300.0,chemist,non_europe,re_arabic_world
2700,Q4116117,Ibrahim El-Desouki,re_arabic_world,Arabic world,1255.0,theologian,non_europe,re_arabic_world
2701,Q225496,Abu Bakr bin Yahya al-Suli,re_arabic_world,Arabic world,880.0,historian,non_europe,re_arabic_world
2702,Q2829269,Al-Qatrawani,re_arabic_world,Arabic world,1450.0,mathematician,non_europe,re_arabic_world
2703,Q335103,Abū Kāmil Shujāʿ ibn Aslam,re_arabic_world,Arabic world,850.0,mathematician,non_europe,re_arabic_world
2704,Q5657658,Muhammad al-Khushani,re_arabic_world,Arabic world,901.0,historian,non_europe,re_arabic_world
2705,Q19715092,Ibn Muyassar,re_arabic_world,Arabic world,1231.0,historian,non_europe,re_arabic_world
2706,Q2822074,Abu Chama Chihab al-Din Abu al-Qasim abd al-Rahman,re_arabic_world,Arabic world,1203.0,historian,non_europe,re_arabic_world
2707,Q71394,Ibn Khallikan,re_arabic_world,Arabic world,1211.0,historian,non_europe,re_arabic_world
2708,Q459921,Ibn Yunus,re_arabic_world,Arabic world,950.0,astronomer | philosopher | mathematician,non_europe,re_arabic_world
2709,Q42332045,Ibn al-Dhibithi,re_arabic_world,Arabic world,1163.0,historian,non_europe,re_arabic_world
2710,Q4165460,Aban bin Uthman bin Affan,re_arabic_world,Arabic world,641.0,historian,non_europe,re_arabic_world
2711,Q11926333,Ibn Abi l-Dam,re_arabic_world,Arabic world,1187.0,historian,non_europe,re_arabic_world
2712,Q94875106,ʿAlī Ibn-al-Mufaḍḍal al- Maqdisī,re_arabic_world,Arabic world,1150.0,theologian,non_europe,re_arabic_world
2713,Q5602779,Al-Marzubānī,re_arabic_world,Arabic world,909.0,historian,non_europe,re_arabic_world
2714,Q16148550,Abu'l Hasan ibn Arfa Ra'a,re_arabic_world,Arabic world,1121.0,chemist,non_europe,re_arabic_world
2715,Q2837555,Abu Bakr Muhammad al-Turtushi,re_arabic_world,Arabic world,1059.0,political scientist,non_europe,re_arabic_world
2716,Q51454069,Ibn al-Haitham,re_arabic_world,Arabic world,850.0,historian,non_europe,re_arabic_world
2717,Q20003172,Ibn Abī Ṭayyiʼ,re_arabic_world,Arabic world,1180.0,historian,non_europe,re_arabic_world
2718,Q4695527,Ahmad ibn Qasim Al-Hajarī,re_arabic_world,Arabic world,1570.0,linguist,non_europe,re_arabic_world
2719,Q12228305,Umara bin Abi al-Hasan al-Hakami,re_arabic_world,Arabic world,1121.0,historian,non_europe,re_arabic_world
2720,Q590185,Abu Madyan,re_arabic_world,Arabic world,1126.0,theologian,non_europe,re_arabic_world
2721,Q6834951,Muḥammad Ibn-al-Huḏail Abu-'l-Huḏail al-ʿAllāf,re_arabic_world,Arabic world,752.0,theologian,non_europe,re_arabic_world
2722,Q2474018,Kushyar Gilani,re_arabic_world,Arabic world,971.0,geographer | astronomer | mathematician,non_europe,re_arabic_world
2723,Q3773066,Ibn Juzayy,re_arabic_world,Arabic world,1321.0,historian,non_europe,re_arabic_world
2724,Q99975913,Ahmad ibn Arabxah,re_arabic_world,Arabic world,1389.0,historian,non_europe,re_arabic_world
2725,Q12193844,Mundhirī,re_arabic_world,Arabic world,1185.0,historian,non_europe,re_arabic_world
2726,Q6288216,Joseph ibn Shem-Tov,re_arabic_world,Arabic world,1400.0,philosopher,non_europe,re_arabic_world
2727,Q4115862,Abu al-Abbas al-Nabati,re_arabic_world,Arabic world,1166.0,theologian | botanist,non_europe,re_arabic_world
2728,Q293497,Al-Jahiz,re_arabic_world,Arabic world,775.0,zoologist | historian,non_europe,re_arabic_world
2729,Q783253,Maslamah ibn Aḥmad Majrīṭī,re_arabic_world,Arabic world,950.0,astronomer | chemist | mathematician,non_europe,re_arabic_world
2730,Q12180143,Akmal al-Din al-Babarti,re_arabic_world,Arabic world,1314.0,theologian | linguist,non_europe,re_arabic_world
2731,Q5984216,Ibn Jurayj,re_arabic_world,Arabic world,699.0,theologian,non_europe,re_arabic_world
2732,Q60832196,Ibn Fallus,re_arabic_world,Arabic world,1194.0,mathematician,non_europe,re_arabic_world
2733,Q3101035,Qadi Ayyad,re_arabic_world,Arabic world,1084.0,historian,non_europe,re_arabic_world
2734,Q3561501,Ishaq ibn Hunayn,re_arabic_world,Arabic world,830.0,mathematician,non_europe,re_arabic_world
2735,Q6532961,Ibn Abī Yaʿlā,re_arabic_world,Arabic world,1059.0,historian,non_europe,re_arabic_world
2736,Q318820,Benjamin of Tudela,re_arabic_world,Arabic world,1130.0,historian,non_europe,re_arabic_world
2737,Q11904655,Al-Mubashshir ibn Fātik,re_arabic_world,Arabic world,1019.0,philosopher | mathematician,non_europe,re_arabic_world
2738,Q3791575,Ibn Shihab al-Zuhri,re_arabic_world,Arabic world,678.0,theologian | historian,non_europe,re_arabic_world
2739,Q12177686,Ibn al-Sarī al-Zajjāj,re_arabic_world,Arabic world,857.0,linguist,non_europe,re_arabic_world
2740,Q250568,Thābit ibn Qurra,re_arabic_world,Arabic world,836.0,astronomer | mathematician,non_europe,re_arabic_world
2741,Q423774,Urwah ibn Zubayr,re_arabic_world,Arabic world,644.0,historian,non_europe,re_arabic_world
2742,Q3594808,Abd Al-Wahhab bin Ahmad Al-Misri Al-Sharani,re_arabic_world,Arabic world,1491.0,philosopher | historian,non_europe,re_arabic_world
2743,Q6718226,Jaʻfar ibn Thaʻlab Udfuwi,re_arabic_world,Arabic world,1286.0,linguist | historian,non_europe,re_arabic_world
2744,Q3607422,Al-Abiwardi,re_arabic_world,Arabic world,1064.0,historian,non_europe,re_arabic_world
2745,Q217915,Piri Reis,re_arabic_world,Arabic world,1470.0,geographer,non_europe,re_arabic_world
2746,Q3675585,Ibn al-Mustawfī,re_arabic_world,Arabic world,1170.0,linguist | historian,non_europe,re_arabic_world
2747,Q5984236,Ibn Maḍāʾ,re_arabic_world,Arabic world,1116.0,mathematician,non_europe,re_arabic_world
2748,Q54861334,Ahmad ibn Muhammad Fayyumi,re_arabic_world,Arabic world,1291.0,linguist,non_europe,re_arabic_world
2749,Q61056,al-Maʾmun,re_arabic_world,Arabic world,786.0,geographer,non_europe,re_arabic_world
2750,Q718169,Ibn al-Shatir,re_arabic_world,Arabic world,1304.0,astronomer | mathematician,non_europe,re_arabic_world
2751,Q5655018,Abenalsid,re_arabic_world,Arabic world,1052.0,philosopher,non_europe,re_arabic_world
2752,Q2462345,Al-Shaykh Al-Mufid,re_arabic_world,Arabic world,948.0,theologian,non_europe,re_arabic_world
2753,Q42298572,Taj al-Din al-Sinjari,re_arabic_world,Arabic world,1322.0,linguist,non_europe,re_arabic_world
2754,Q3603852,Ibn Kabar,re_arabic_world,Arabic world,1201.0,historian,non_europe,re_arabic_world
2755,Q22684344,Ismail bin Muhammad al-Saffar,re_arabic_world,Arabic world,861.0,linguist,non_europe,re_arabic_world
2756,Q3353450,Fakhr-al-Din Iraqi,re_arabic_world,Arabic world,1213.0,philosopher,non_europe,re_arabic_world
2757,Q160460,Al-Farabi,re_arabic_world,Arabic world,870.0,musicologist | philosopher | physicist,non_europe,re_arabic_world
2758,Q57477040,Qutb al-Din al-Safawi,re_arabic_world,Arabic world,1495.0,logician,non_europe,re_arabic_world
2759,Q363852,Moses Bar-Kepha,re_arabic_world,Arabic world,813.0,theologian,non_europe,re_arabic_world
2760,Q4119124,Ibn Hamza al-Maghribi,re_arabic_world,Arabic world,1500.0,mathematician,non_europe,re_arabic_world
2761,Q270670,Abraham ibn Ezra,re_arabic_world,Arabic world,1092.0,astronomer | philosopher,non_europe,re_arabic_world
2762,Q170046,Ja'far al-Sadiq,re_arabic_world,Arabic world,702.0,theologian,non_europe,re_arabic_world
2763,Q735601,Junayd of Baghdad,re_arabic_world,Arabic world,830.0,philosopher,non_europe,re_arabic_world
2764,Q981803,Dhul-Nun al-Misri,re_arabic_world,Arabic world,796.0,theologian | archeologist | historian,non_europe,re_arabic_world
2765,Q11482162,Ibn al-Haddad,re_arabic_world,Arabic world,1030.0,mathematician,non_europe,re_arabic_world
2766,Q3157606,Jacob ben Nissim,re_arabic_world,Arabic world,950.0,philosopher,non_europe,re_arabic_world
2767,Q6118970,Jacob Mantino ben Samuel,re_arabic_world,Arabic world,1490.0,philosopher,non_europe,re_arabic_world
2768,Q1397028,Ibn Manzur,re_arabic_world,Arabic world,1233.0,historian,non_europe,re_arabic_world
2769,Q2822099,Abu al-Abbas as-Sabti,re_arabic_world,Arabic world,1129.0,philosopher,non_europe,re_arabic_world
2770,Q18204876,Hisham ibn Hakam,re_arabic_world,Arabic world,750.0,philosopher,non_europe,re_arabic_world
2771,Q25088,Muhammad al-Jawad,re_arabic_world,Arabic world,811.0,theologian,non_europe,re_arabic_world
2772,Q10394588,Yaʿīsh ibn Ibrāhīm al-Umawī,re_arabic_world,Arabic world,1400.0,mathematician,non_europe,re_arabic_world
2773,Q12178132,Muḥammad ibn Yūsuf al-Kindi,re_arabic_world,Arabic world,897.0,historian,non_europe,re_arabic_world
2774,Q302835,Nasir al-Din al-Tusi,re_arabic_world,Arabic world,1201.0,theologian | astronomer | philosopher | mathematician,non_europe,re_arabic_world
2775,Q4695524,Ahmad ibn Munim al-Abdari,re_arabic_world,Arabic world,1150.0,mathematician,non_europe,re_arabic_world
2776,Q12198431,Bishr ibn Ghayāth Marīsī,re_arabic_world,Arabic world,800.0,theologian,non_europe,re_arabic_world
2777,Q9038,Al-Khwarizmi,re_arabic_world,Arabic world,780.0,philosopher | astronomer | mathematician | geographer | historian,non_europe,re_arabic_world
2778,Q97144071,Daoud bin Haytham al-Tanukhi,re_arabic_world,Arabic world,843.0,linguist,non_europe,re_arabic_world
2779,Q468432,Jalal al-Din al-Suyuti,re_arabic_world,Arabic world,1445.0,geographer | historian,non_europe,re_arabic_world
2780,Q12183326,Al-Akhfash al-Asghar,re_arabic_world,Arabic world,849.0,linguist,non_europe,re_arabic_world
2781,Q288067,Al-Nuwayri,re_arabic_world,Arabic world,1278.0,historian,non_europe,re_arabic_world
2782,Q557882,Azriel,re_arabic_world,Arabic world,1160.0,philosopher,non_europe,re_arabic_world
2783,Q4117458,Zakariyya al-Ansari,re_arabic_world,Arabic world,1420.0,linguist | historian,non_europe,re_arabic_world
2784,Q5984322,Ibn al-Yasamin,re_arabic_world,Arabic world,1100.0,mathematician,non_europe,re_arabic_world
2785,Q287501,Ibrahim an-Nazzam,re_arabic_world,Arabic world,775.0,theologian,non_europe,re_arabic_world
2786,Q61065695,Muḥibb al-Dīn Ibn al-Najjār,re_arabic_world,Arabic world,1183.0,historian,non_europe,re_arabic_world
2788,Q1655886,Ḫalaf Ibn-ʿAbd-al-Malik Ibn-Baškuwāl,re_arabic_world,Arabic world,1101.0,historian,non_europe,re_arabic_world
2789,Q3147671,"Yashūʻadnāḥ, Bishop of Basra",re_arabic_world,Arabic world,801.0,theologian,non_europe,re_arabic_world
2790,Q25489664,Isaac Albalia,re_arabic_world,Arabic world,1035.0,astronomer,non_europe,re_arabic_world
2791,Q4076086,Abd al-Rashid al-Bakuwi,re_arabic_world,Arabic world,1400.0,geographer,non_europe,re_arabic_world
2792,Q519405,Khalifa ibn Khayyat,re_arabic_world,Arabic world,777.0,historian,non_europe,re_arabic_world
2793,Q144287,Zayd ibn Ali,re_arabic_world,Arabic world,695.0,theologian,non_europe,re_arabic_world
2794,Q290506,Al-Hilli,re_arabic_world,Arabic world,1250.0,theologian,non_europe,re_arabic_world
2795,Q2475262,Habash al-Hasib al-Marwazi,re_arabic_world,Arabic world,766.0,astronomer | mathematician,non_europe,re_arabic_world
2796,Q461096,Ibn Hišām,re_arabic_world,Arabic world,701.0,historian,non_europe,re_arabic_world
2797,Q2829271,Al-Qastallani,re_arabic_world,Arabic world,1448.0,historian,non_europe,re_arabic_world
2798,Q4195341,Ibrahim ibn Muhàmmad ibn Ibrahim al-Halabí,re_arabic_world,Arabic world,1460.0,historian,non_europe,re_arabic_world
2799,Q293528,Al-Baladhuri,re_arabic_world,Arabic world,820.0,geographer | historian,non_europe,re_arabic_world
2800,Q16117724,Ahmad al-Wansharisi,re_arabic_world,Arabic world,1431.0,theologian,non_europe,re_arabic_world
2801,Q1032839,Khalaf al-Ahmar,re_arabic_world,Arabic world,733.0,linguist,non_europe,re_arabic_world
2802,Q6534226,Abu Ya'la,re_arabic_world,Arabic world,990.0,theologian,non_europe,re_arabic_world
2803,Q3128063,Hasan al-Rammah,re_arabic_world,Arabic world,1200.0,chemist,non_europe,re_arabic_world
2804,Q1383938,Shem-Tov ibn Falaquera,re_arabic_world,Arabic world,1225.0,philosopher,non_europe,re_arabic_world
2805,Q6533780,Ibn al-Sikkit,re_arabic_world,Arabic world,802.0,linguist,non_europe,re_arabic_world
2806,Q982170,Shlomo ben Aderet,re_arabic_world,Arabic world,1235.0,philosopher,non_europe,re_arabic_world
2807,Q2829242,Al-Mubarrad,re_arabic_world,Arabic world,826.0,linguist,non_europe,re_arabic_world
2808,Q23951994,Ibrahim ibn Said al-Sahli,re_arabic_world,Arabic world,1001.0,astronomer | mathematician,non_europe,re_arabic_world
2809,Q471116,Ibn Hajar al-Asqalani,re_arabic_world,Arabic world,1372.0,historian,non_europe,re_arabic_world
2810,Q357940,Dunash ibn Tamim,re_arabic_world,Arabic world,890.0,astronomer,non_europe,re_arabic_world
2811,Q4670236,Abu Jafar ibn Harun al-Turjali,re_arabic_world,Arabic world,1180.0,philosopher,non_europe,re_arabic_world
2812,Q75007,Muhammad ibn Iyas,re_arabic_world,Arabic world,1448.0,historian,non_europe,re_arabic_world
2813,Q57749726,Ibn al-Qawba',re_arabic_world,Arabic world,1266.0,linguist,non_europe,re_arabic_world
2814,Q12191204,Aḥmad Ibn-Muḥammad al- Qudūrī,re_arabic_world,Arabic world,973.0,theologian,non_europe,re_arabic_world
2815,Q3045396,Ibn Said al-Maghribi,re_arabic_world,Arabic world,1213.0,geographer,non_europe,re_arabic_world
2816,Q840652,Omar Tiberiades,re_arabic_world,Arabic world,762.0,astronomer | philosopher | linguist,non_europe,re_arabic_world
2817,Q107341628,Ibn Sa'd al-Khayr of Valencia,re_arabic_world,Arabic world,1116.0,linguist,non_europe,re_arabic_world
2818,Q3777146,Izz al-Din ibn Hibatullah ibn Abi l-Hadid,re_arabic_world,Arabic world,1191.0,theologian | historian,non_europe,re_arabic_world
2819,Q11728390,Ibn Aqil,re_arabic_world,Arabic world,1040.0,theologian,non_europe,re_arabic_world
2820,Q2987645,Ibn Muʿādh al-Jayyānī,re_arabic_world,Arabic world,989.0,mathematician,non_europe,re_arabic_world
2821,Q3571334,Yahya ibn Adi,re_arabic_world,Arabic world,893.0,philosopher,non_europe,re_arabic_world
2822,Q4664888,Abdelwahid al-Marrakushi,re_arabic_world,Arabic world,1185.0,historian,non_europe,re_arabic_world
2823,Q67201430,Ibn al-Qabisi,re_arabic_world,Arabic world,1163.0,linguist,non_europe,re_arabic_world
2824,Q3046604,Ibn Abi Zar,re_arabic_world,Arabic world,1250.0,historian,non_europe,re_arabic_world
2825,Q127398,Moshe ben Maimon,re_arabic_world,Arabic world,1138.0,astronomer | philosopher,non_europe,re_arabic_world
2826,Q6758211,Jalaluddin al-Mahalli,re_arabic_world,Arabic world,1389.0,theologian,non_europe,re_arabic_world
2827,Q1640082,Abu Hayyan al-Gharnati,re_arabic_world,Arabic world,1256.0,theologian,non_europe,re_arabic_world
2828,Q308115,Abd as-Salam ibn Mashish al-Alami,re_arabic_world,Arabic world,1165.0,theologian,non_europe,re_arabic_world
2829,Q256506,Rabia of Basri,re_arabic_world,Arabic world,710.0,philosopher,non_europe,re_arabic_world
2830,Q307277,Abd al-Latif al-Baghdadi,re_arabic_world,Arabic world,1162.0,archeologist | historian,non_europe,re_arabic_world
2831,Q27546923,Al-Haytham ibn 'Adi,re_arabic_world,Arabic world,748.0,linguist | historian,non_europe,re_arabic_world
2832,Q330616,Al-Damiri,re_arabic_world,Arabic world,1341.0,philosopher | zoologist,non_europe,re_arabic_world
2834,Q742319,Imad ad-Din al-Isfahani,re_arabic_world,Arabic world,1125.0,historian,non_europe,re_arabic_world
2835,Q12242407,Al-ʻIjliyyah,re_arabic_world,Arabic world,950.0,astronomer,non_europe,re_arabic_world
2836,Q3147431,Ibn Abd al-Zahir,re_arabic_world,Arabic world,1223.0,historian,non_europe,re_arabic_world
2837,Q220697,Abu Yusuf,re_arabic_world,Arabic world,731.0,philosopher,non_europe,re_arabic_world
2838,Q958426,Joseph ibn Tzaddik,re_arabic_world,Arabic world,1075.0,philosopher,non_europe,re_arabic_world
2839,Q6930533,Mu'ayyad fi'l-Din al-Shirazi,re_arabic_world,Arabic world,1000.0,philosopher,non_europe,re_arabic_world
2840,Q5907931,Ibn Tumlus,re_arabic_world,Arabic world,1164.0,philosopher,non_europe,re_arabic_world
2841,Q355455,Nahmanides,re_arabic_world,Arabic world,1194.0,philosopher,non_europe,re_arabic_world
2842,Q16159801,Abu-Bayhas,re_arabic_world,Arabic world,700.0,theologian,non_europe,re_arabic_world
2843,Q712890,Mujahid ibn Jabr,re_arabic_world,Arabic world,642.0,theologian,non_europe,re_arabic_world
2844,Q6533039,Ibn Abi al-Khisal,re_arabic_world,Arabic world,1073.0,historian,non_europe,re_arabic_world
2845,Q1919866,Ahmad ibn Mājid,re_arabic_world,Arabic world,1432.0,geographer,non_europe,re_arabic_world
2846,Q2829407,Abu al-Abbas al-Sharishi,re_arabic_world,Arabic world,1162.0,linguist,non_europe,re_arabic_world
2847,Q335599,Abu al-Faraj al-Isfahani,re_arabic_world,Arabic world,897.0,historian,non_europe,re_arabic_world
2848,Q97143599,Abu al-'Ala al-Majashi'i,re_arabic_world,Arabic world,1066.0,linguist,non_europe,re_arabic_world
2849,Q3607504,al-Himyari,re_arabic_world,Arabic world,1401.0,geographer,non_europe,re_arabic_world
2850,Q3778265,Ibn Sidah,re_arabic_world,Arabic world,1007.0,linguist | philosopher | logician,non_europe,re_arabic_world
2851,Q2479109,Abul Abbas al-Mursi,re_arabic_world,Arabic world,1219.0,theologian,non_europe,re_arabic_world
2852,Q11926367,Ibn al-Mudjawir,re_arabic_world,Arabic world,1204.0,geographer,non_europe,re_arabic_world
2853,Q3607662,Alam al-Din al-Hanafi,re_arabic_world,Arabic world,1178.0,astronomer | mathematician,non_europe,re_arabic_world
2854,Q293554,Al-Dhahabi,re_arabic_world,Arabic world,1274.0,historian,non_europe,re_arabic_world
2855,Q400930,Ahmad ibn Arabshah,re_arabic_world,Arabic world,1389.0,historian,non_europe,re_arabic_world
2856,Q4703267,Al-Suhayli,re_arabic_world,Arabic world,1114.0,theologian,non_europe,re_arabic_world
2857,Q3128841,Sayyid Haydar Amuli,re_arabic_world,Arabic world,1319.0,philosopher,non_europe,re_arabic_world
2858,Q1673518,Isaac ibn Latif,re_arabic_world,Arabic world,1210.0,philosopher,non_europe,re_arabic_world
2859,Q12177855,Al-Bazzar,re_arabic_world,Arabic world,820.0,theologian,non_europe,re_arabic_world
2860,Q527954,Asad ibn al-Furat,re_arabic_world,Arabic world,759.0,theologian,non_europe,re_arabic_world
2861,Q20810372,Abu Saeed Mubarak Makhzoomi,re_arabic_world,Arabic world,1013.0,theologian,non_europe,re_arabic_world
2862,Q2198528,Ahmad ibn Yusuf,re_arabic_world,Arabic world,835.0,astronomer | mathematician,non_europe,re_arabic_world
2863,Q1395668,Ibn Abi Usaibia,re_arabic_world,Arabic world,1203.0,historian,non_europe,re_arabic_world
2864,Q63487755,Shaydhalah,re_arabic_world,Arabic world,1001.0,theologian,non_europe,re_arabic_world
2865,Q22690798,Yahya al-Obaidaly,re_arabic_world,Arabic world,829.0,historian,non_europe,re_arabic_world
2866,Q305975,Abbas Ibn Firnas,re_arabic_world,Arabic world,810.0,astronomer | chemist,non_europe,re_arabic_world
2867,Q294116,Al-Muqaddasi,re_arabic_world,Arabic world,945.0,geographer,non_europe,re_arabic_world
2868,Q6536228,Fatḥ al-Din Ibn Sayyid al-Nās,re_arabic_world,Arabic world,1272.0,historian,non_europe,re_arabic_world
2869,Q8061995,Yusuf bin Ahmad al-Kawneyn,re_arabic_world,Arabic world,1150.0,philosopher,non_europe,re_arabic_world
2870,Q315031,Musa al-Kadhim,re_arabic_world,Arabic world,745.0,theologian,non_europe,re_arabic_world
2871,Q48703,Al-Muzani,re_arabic_world,Arabic world,791.0,theologian,non_europe,re_arabic_world
2872,Q107356660,Ibrahim ibn Abi Bakr al-Ansari,re_arabic_world,Arabic world,1212.0,linguist,non_europe,re_arabic_world
2873,Q337126,Al-Bakri,re_arabic_world,Arabic world,1014.0,botanist | historian | geographer,non_europe,re_arabic_world
2874,Q3719891,Al-Hasan ibn 'Ali al-Barbahari,re_arabic_world,Arabic world,867.0,theologian,non_europe,re_arabic_world
2875,Q293689,al-Yaʿqubi,re_arabic_world,Arabic world,801.0,geographer | historian | mathematician,non_europe,re_arabic_world
2877,Q1706130,Joseph ben Judah ibn Aknin,re_arabic_world,Arabic world,1150.0,philosopher,non_europe,re_arabic_world
2878,Q3389798,Martin of Leon,re_arabic_world,Arabic world,1130.0,philosopher,non_europe,re_arabic_world
2879,Q615555,Hamza ibn Ali ibn Ahmad,re_arabic_world,Arabic world,985.0,theologian,non_europe,re_arabic_world
2881,Q470795,Nur ad-Din al-Bitruji,re_arabic_world,Arabic world,1200.0,astronomer,non_europe,re_arabic_world
2882,Q337009,Abu Mikhnaf,re_arabic_world,Arabic world,709.0,historian,non_europe,re_arabic_world
2883,Q4170178,Ibn al-Qaisarani,re_arabic_world,Arabic world,1056.0,historian,non_europe,re_arabic_world
2884,Q19999496,Ezra ben Salomon de Gérone,re_arabic_world,Arabic world,1150.0,theologian,non_europe,re_arabic_world
2885,Q5984303,Ibn al-Fuwati,re_arabic_world,Arabic world,1244.0,astronomer | historian,non_europe,re_arabic_world
2886,Q85962479,Abdullah ibn Ahmad al-Fakihi,re_arabic_world,Arabic world,1493.0,linguist,non_europe,re_arabic_world
2887,Q31003843,'Ala' al-Din al-Bukhari,re_arabic_world,Arabic world,1377.0,theologian | logician,non_europe,re_arabic_world
2888,Q2695766,Abū Hayyān al-Tawhīdī,re_arabic_world,Arabic world,923.0,philosopher,non_europe,re_arabic_world
2889,Q12220518,Ḍirār ibn ʻAmr al-Ghaṭafānī,re_arabic_world,Arabic world,728.0,theologian,non_europe,re_arabic_world
2890,Q3147466,Ibn Zura,re_arabic_world,Arabic world,943.0,philosopher,non_europe,re_arabic_world
2891,Q706588,Khashkhash Ibn Saeed Ibn Aswad,re_arabic_world,Arabic world,801.0,geographer,non_europe,re_arabic_world
2892,Q311495,Abu al-Qasim al-Zahrawi,re_arabic_world,Arabic world,936.0,philosopher | anatomist,non_europe,re_arabic_world
2893,Q282883,Shahab al-Din Suhrawardi,re_arabic_world,Arabic world,1155.0,philosopher,non_europe,re_arabic_world
2894,Q25468769,Majd ad-Dīn Ibn Athir,re_arabic_world,Arabic world,1150.0,linguist | historian,non_europe,re_arabic_world
2895,Q2737184,Ibn al-Khatib,re_arabic_world,Arabic world,1313.0,philosopher | historian,non_europe,re_arabic_world
2896,Q3603837,Abu 'Ali al-Khaiyat,re_arabic_world,Arabic world,770.0,astronomer,non_europe,re_arabic_world
2897,Q10299689,Ibn Ghazi al-Miknasi,re_arabic_world,Arabic world,1437.0,linguist | historian | mathematician,non_europe,re_arabic_world
2898,Q2658869,Chihab al-Umari,re_arabic_world,Arabic world,1301.0,historian,non_europe,re_arabic_world
2899,Q6532342,Ibrahim ibn Ishaq al-Harbi,re_arabic_world,Arabic world,813.0,linguist,non_europe,re_arabic_world
2900,Q97143762,Al-Khidr bin Tharwan,re_arabic_world,Arabic world,1111.0,linguist,non_europe,re_arabic_world
2901,Q1384613,Ibn al-Nadim,re_arabic_world,Arabic world,1000.0,historian,non_europe,re_arabic_world
2902,Q10296786,Sayyed Ibn Tawus,re_arabic_world,Arabic world,1193.0,historian,non_europe,re_arabic_world
2903,Q11908846,Bayan ibn Saman al-Tamimi,re_arabic_world,Arabic world,700.0,theologian,non_europe,re_arabic_world
2904,Q4670019,Abu'l Husayn al-Basri,re_arabic_world,Arabic world,980.0,theologian,non_europe,re_arabic_world
2905,Q1168219,Josef ben Meir ibn Zabara,re_arabic_world,Arabic world,1140.0,physicist,non_europe,re_arabic_world
2906,Q12190429,ʻAlī ibn Muḥammad Sakhāwī,re_arabic_world,Arabic world,1163.0,linguist,non_europe,re_arabic_world
2907,Q167852,Jabir ibn Hayyan,re_arabic_world,Arabic world,721.0,astronomer | philosopher | mathematician,non_europe,re_arabic_world
2908,Q40379014,Ibn Khatib Daraya,re_arabic_world,Arabic world,1344.0,linguist,non_europe,re_arabic_world
2909,Q5661709,Al-Ruayni,re_arabic_world,Arabic world,950.0,philosopher,non_europe,re_arabic_world
2910,Q2637658,Sawirus ibn al-Muqaffaʿ,re_arabic_world,Arabic world,1000.0,historian,non_europe,re_arabic_world
2911,Q178638,Nasreddin,re_arabic_world,Arabic world,1200.0,philosopher,non_europe,re_arabic_world
2912,Q57252424,Ahmad ibn Khalil al-Khoei,re_arabic_world,Arabic world,1187.0,theologian,non_europe,re_arabic_world
2913,Q11362,Avempace,re_arabic_world,Arabic world,1080.0,botanist | astronomer | philosopher | mathematician,non_europe,re_arabic_world
2914,Q1243803,George Elmacin,re_arabic_world,Arabic world,1223.0,historian,non_europe,re_arabic_world
2915,Q18397639,Mūsá ibn ʻUqbah,re_arabic_world,Arabic world,674.0,historian,non_europe,re_arabic_world
2916,Q733598,Moses ben Jacob Cordovero,re_arabic_world,Arabic world,1522.0,theologian,non_europe,re_arabic_world
