,wikidata_id,individual_name,region_code,region_name,birthyear,meta_occupation,meta_region
0,Q316119,Gnaeus Pompeius Trogus,re_latin,Latin World,-100.0,historian,non_europe
1,Q782074,Claudianus Mamertus,re_latin,Latin World,420.0,theologian | philosopher,non_europe
2,Q182123,Irenaeus,re_latin,Latin World,130.0,theologian | philosopher,non_europe
3,Q44344,Hilary of Poitiers,re_latin,Latin World,315.0,theologian | philosopher,non_europe
4,Q1430,Marcus Aurelius,re_latin,Latin World,121.0,philosopher,non_europe
5,Q313795,John Cassian,re_latin,Latin World,360.0,theologian,non_europe
6,Q50082878,Jess Wade,re_latin,Latin World,2.0,physicist,non_europe
7,Q723645,Victorius of Aquitaine,re_latin,Latin World,450.0,astronomer | mathematician,non_europe
8,Q209102,Lactantius,re_latin,Latin World,250.0,philosopher | historian,non_europe
9,Q2891791,Latinius Pacatus Drepanius,re_latin,Latin World,400.0,historian,non_europe
10,Q2161,Tacitus,re_latin,Latin World,54.0,philosopher | historian,non_europe
11,Q885870,Victorinus Junior,re_latin,Latin World,300.0,historian,non_europe
12,Q239448,Pompeia Plotina,re_latin,Latin World,70.0,philosopher,non_europe
13,Q532684,Salvian,re_latin,Latin World,400.0,theologian | historian,non_europe
14,Q336704,Sulpicius Severus,re_latin,Latin World,360.0,historian,non_europe
15,Q297515,Pomponius Mela,re_latin,Latin World,15.0,geographer | historian,non_europe
16,Q188646,Lucan,re_latin,Latin World,39.0,historian,non_europe
17,Q535060,Terentianus,re_latin,Latin World,150.0,linguist,non_europe
18,Q10133,Suetonius,re_latin,Latin World,70.0,historian,non_europe
19,Q109998607,Tommaso Massarini,re_latin,Latin World,18.0,historian,non_europe
20,Q656891,Arulenus Rusticus,re_latin,Latin World,35.0,philosopher,non_europe
21,Q207113,Hippolytus,re_latin,Latin World,170.0,theologian,non_europe
22,Q755297,Athenaeus Mechanicus,re_latin,Latin World,-199.0,philosopher | mathematician,non_europe
23,Q74243,Marcus Cluvius Rufus,re_latin,Latin World,50.0,historian,non_europe
24,Q506540,Didymus Chalcenterus,re_latin,Latin World,-62.0,linguist,non_europe
25,Q248733,Eusebius of Myndus,re_latin,Latin World,300.0,philosopher,non_europe
26,Q311835,Pittacus of Mytilene,re_greek_world,Greek World,-650.0,philosopher,non_europe
27,Q708247,Gaius Marius Victorinus,re_latin,Latin World,290.0,theologian | philosopher,non_europe
28,Q134189,Plotinus,re_latin,Latin World,205.0,philosopher,non_europe
29,Q594441,Publius Clodius Thrasea Paetus,re_latin,Latin World,100.0,philosopher,non_europe
30,Q706319,Marinus of Tyre,re_latin,Latin World,100.0,geographer | mathematician,non_europe
31,Q82778,Pliny the Elder,re_latin,Latin World,20.0,philosopher | historian | anatomist,non_europe
32,Q298376,Gaius Julius Hyginus,re_latin,Latin World,-63.0,astronomer,non_europe
33,Q447741,Lucius Calbenus Taurus,re_latin,Latin World,150.0,philosopher,non_europe
34,Q758060,Atticus,re_latin,Latin World,150.0,philosopher,non_europe
35,Q670317,Gaius Oppius,re_latin,Latin World,-100.0,historian,non_europe
36,Q248969,Sopater of Apamea,re_latin,Latin World,242.0,philosopher,non_europe
37,Q1164993,Marcus Junius Congus Gracchanus,re_latin,Latin World,-200.0,historian,non_europe
38,Q1385296,Quintus Sextius,re_latin,Latin World,-50.0,philosopher,non_europe
39,Q365835,Tyrannius Rufinus,re_latin,Latin World,345.0,theologian,non_europe
40,Q3624758,Marcus Actorius Naso,re_latin,Latin World,-100.0,historian,non_europe
41,Q1376509,Sulpicius Alexander,re_latin,Latin World,400.0,historian,non_europe
42,Q174929,Tertullian,re_latin,Latin World,160.0,theologian | philosopher,non_europe
43,Q210853,Justin,re_latin,Latin World,101.0,historian,non_europe
44,Q1390986,Helvidius Priscus,re_latin,Latin World,50.0,philosopher,non_europe
45,Q311733,Titus Pomponius Atticus,re_latin,Latin World,-109.0,philosopher,non_europe
46,Q2312613,Flavius Lucius Dexter,re_latin,Latin World,400.0,historian,non_europe
47,Q782401,Sallustius,re_latin,Latin World,400.0,philosopher,non_europe
48,Q443278,Antonia Gordiana,re_latin,Latin World,201.0,historian,non_europe
49,Q294800,Aulus Gellius,re_latin,Latin World,130.0,philosopher,non_europe
50,Q44170,Ignatius of Antioch,re_latin,Latin World,35.0,theologian,non_europe
51,Q2054,Seneca,re_latin,Latin World,-4.0,philosopher,non_europe
52,Q1237555,Aulus Egnatius Priscillianus,re_latin,Latin World,135.0,philosopher,non_europe
53,Q273671,Seneca the Elder,re_latin,Latin World,-53.0,philosopher | historian,non_europe
54,Q947576,Valerius Antias,re_latin,Latin World,-200.0,historian,non_europe
55,Q11923560,Gaius Fannius,re_latin,Latin World,100.0,historian,non_europe
56,Q26204,Dionysius of Halicarnassus,re_latin,Latin World,-59.0,historian,non_europe
57,Q741160,Lucius Ampelius,re_latin,Latin World,150.0,historian,non_europe
58,Q290471,Moderatus of Gades,re_latin,Latin World,50.0,philosopher,non_europe
59,Q223615,Flavius Caper,re_latin,Latin World,150.0,linguist,non_europe
60,Q727792,Lucius Arruntius the Elder,re_latin,Latin World,-100.0,historian,non_europe
61,Q106026,Arius,re_latin,Latin World,250.0,theologian,non_europe
62,Q319273,Gaius Asinius Pollio,re_latin,Latin World,-74.0,historian,non_europe
63,Q759760,Aufidius Bassus,re_latin,Latin World,-50.0,historian,non_europe
64,Q966315,Virius Nicomachus Flavianus,re_latin,Latin World,400.0,historian,non_europe
65,Q682860,Julius Obsequens,re_latin,Latin World,400.0,historian,non_europe
66,Q669971,Trebellius Pollio,re_latin,Latin World,250.0,historian,non_europe
67,Q252841,Seleucus,re_latin,Latin World,200.0,historian,non_europe
68,Q1391069,Rabbi Ishmael,re_latin,Latin World,70.0,philosopher,non_europe
69,Q897734,Lucius Lucceius,re_latin,Latin World,-105.0,historian,non_europe
70,Q190240,Cyprian,re_latin,Latin World,200.0,philosopher,non_europe
71,Q313782,Aelian,re_latin,Latin World,200.0,zoologist | historian,non_europe
72,Q1271013,Adrian of Tyre,re_latin,Latin World,113.0,philosopher,non_europe
73,Q1084333,Flavius Sallustius,re_latin,Latin World,350.0,philosopher,non_europe
74,Q313924,Nicolaus of Damascus,re_latin,Latin World,-63.0,philosopher | historian,non_europe
75,Q563283,Gaius Asinius Quadratus,re_latin,Latin World,200.0,historian,non_europe
76,Q1541,Cicero,re_latin,Latin World,-106.0,philosopher,non_europe
77,Q192931,Pausanias,re_latin,Latin World,115.0,geographer | historian,non_europe
78,Q175042,Nigidius Figulus,re_latin,Latin World,-97.0,philosopher,non_europe
79,Q335309,Aulus Claudius Charax,re_latin,Latin World,150.0,historian,non_europe
80,Q12285191,Lucius Aemilius Juncus,re_latin,Latin World,100.0,philosopher,non_europe
81,Q1025379,Caelestius,re_latin,Latin World,380.0,theologian,non_europe
82,Q2335606,Pierius,re_latin,Latin World,201.0,philosopher,non_europe
83,Q772773,Antonius Musa,re_latin,Latin World,-62.0,botanist,non_europe
84,Q255448,Porcia,re_latin,Latin World,-100.0,philosopher,non_europe
85,Q316098,Marcus Velleius Paterculus,re_latin,Latin World,-18.0,historian,non_europe
86,Q451550,Philodemus,re_latin,Latin World,-109.0,philosopher,non_europe
87,Q171241,Diodorus Siculus,re_latin,Latin World,-89.0,geographer | historian,non_europe
88,Q1159625,Lucius Voltacilius Pitholaus,re_latin,Latin World,-100.0,historian,non_europe
89,Q26825,Herodotos,re_greek_world,Greek World,-483.0,historian,non_europe
90,Q444285,Asconius Pedianus,re_latin,Latin World,-8.0,historian,non_europe
91,Q274091,Dionysius Exiguus,re_latin,Latin World,475.0,mathematician,non_europe
92,Q222890,Novatian,re_latin,Latin World,220.0,theologian,non_europe
93,Q391514,Julius Capitolinus,re_latin,Latin World,250.0,historian,non_europe
94,Q15429187,Eumachus of Neapolis,re_latin,Latin World,-200.0,historian,non_europe
95,Q450708,Gaius Asinius Gallus,re_latin,Latin World,-39.0,historian,non_europe
96,Q934244,Pomponius Porphyrion,re_latin,Latin World,201.0,linguist,non_europe
97,Q12093928,Gaius Clodius Licinus,re_latin,Latin World,-50.0,historian,non_europe
98,Q47154,Lucretius,re_latin,Latin World,-93.0,philosopher,non_europe
99,Q2036794,Timagenes,re_latin,Latin World,-100.0,historian,non_europe
100,Q2857528,Antonius Castor,re_latin,Latin World,50.0,botanist,non_europe
101,Q248624,Amelius,re_latin,Latin World,200.0,philosopher,non_europe
102,Q441590,Eustathius of Cappadocia,re_latin,Latin World,300.0,philosopher,non_europe
103,Q248578,Chrysanthius,re_latin,Latin World,310.0,philosopher,non_europe
104,Q772677,Aulus Cremutius Cordus,re_latin,Latin World,-50.0,historian,non_europe
105,Q185117,Justin Martyr,re_latin,Latin World,100.0,theologian | philosopher,non_europe
106,Q11925501,Hermogenes of Carthago,re_latin,Latin World,150.0,theologian,non_europe
107,Q561367,Lucius Aelius Stilo Praeconinus,re_latin,Latin World,-153.0,philosopher,non_europe
108,Q354431,Aelius Aristides,re_latin,Latin World,117.0,philosopher,non_europe
109,Q673402,Gaius Sulpicius Gallus,re_latin,Latin World,-208.0,astronomer,non_europe
110,Q927711,Messius Phoebus Severus,re_latin,Latin World,450.0,philosopher,non_europe
111,Q451572,Menelaus of Alexandria,re_latin,Latin World,70.0,astronomer | mathematician,non_europe
112,Q192365,Cassiodorus,re_latin,Latin World,487.0,musicologist | philosopher | historian,non_europe
113,Q134461,Josephus,re_latin,Latin World,37.0,historian,non_europe
114,Q537755,Polyaenus,re_latin,Latin World,101.0,historian,non_europe
115,Q316123,Silius Italicus,re_latin,Latin World,26.0,historian,non_europe
116,Q1121669,Ticonius,re_latin,Latin World,370.0,theologian,non_europe
117,Q515249,Caecilius of Calacte,re_latin,Latin World,-50.0,historian,non_europe
118,Q554387,Favorinus,re_latin,Latin World,85.0,philosopher,non_europe
119,Q1164905,Marius Plotius Sacerdos,re_latin,Latin World,200.0,linguist,non_europe
120,Q735515,Aspasius,re_latin,Latin World,80.0,philosopher,non_europe
121,Q765147,Januarius Nepotianus,re_latin,Latin World,300.0,historian,non_europe
122,Q313056,Herodian,re_latin,Latin World,170.0,historian,non_europe
123,Q349959,Quintus Dellius,re_latin,Latin World,-100.0,historian,non_europe
124,Q1474972,Furius Dionysius Filocalus,re_latin,Latin World,400.0,historian,non_europe
125,Q221465,Hydatius,re_latin,Latin World,400.0,historian,non_europe
126,Q507036,Lucius Annaeus Cornutus,re_latin,Latin World,20.0,philosopher,non_europe
127,Q833663,Herennius Senecio,re_latin,Latin World,50.0,philosopher | historian,non_europe
128,Q109594,Cornelius Nepos,re_latin,Latin World,-99.0,historian,non_europe
129,Q201346,Marcion of Sinope,re_latin,Latin World,85.0,theologian | philosopher,non_europe
130,Q172198,Ammianus Marcellinus,re_latin,Latin World,330.0,historian,non_europe
131,Q441138,Alexandros Polyhistor,re_latin,Latin World,-99.0,geographer,non_europe
132,Q1242065,Quintus Baebius Macer,re_latin,Latin World,50.0,historian,non_europe
133,Q446155,Cronius the Pythagorean,re_latin,Latin World,200.0,philosopher,non_europe
134,Q748621,Victor of Vita,re_latin,Latin World,430.0,historian,non_europe
135,Q546375,Publius Egnatius Celer,re_latin,Latin World,100.0,philosopher,non_europe
136,Q18999,Junius Rusticus,re_latin,Latin World,100.0,philosopher,non_europe
137,Q729244,Calcidius,re_latin,Latin World,350.0,philosopher,non_europe
138,Q2868804,Lucius Ateius Praetextatus,re_latin,Latin World,-104.0,linguist,non_europe
139,Q718213,Auxentius of Milan,re_latin,Latin World,301.0,theologian,non_europe
140,Q1232970,Marcus Servilius Nonianus,re_latin,Latin World,-50.0,historian,non_europe
141,Q1243321,Vulcacius Gallicanus,re_latin,Latin World,250.0,historian,non_europe
142,Q16932930,Saint Sylvia of Aquitaine,re_latin,Latin World,330.0,historian,non_europe
143,Q367422,Julius Firmicus Maternus,re_latin,Latin World,400.0,astronomer,non_europe
144,Q365110,Philo of Larissa,re_latin,Latin World,-144.0,philosopher,non_europe
145,Q6197,Horace,re_latin,Latin World,-64.0,philosopher,non_europe
146,Q1965137,Marcus Favonius,re_latin,Latin World,-89.0,philosopher,non_europe
147,Q180081,Cato the Elder,re_latin,Latin World,-233.0,economist,non_europe
148,Q833542,Aelius Lampridius,re_latin,Latin World,400.0,historian,non_europe
149,Q4807731,Aspasius of Ravenna,re_latin,Latin World,200.0,philosopher,non_europe
150,Q1098323,Claudius Maximus,re_latin,Latin World,200.0,philosopher,non_europe
151,Q2039,Titus Livius,re_latin,Latin World,-58.0,historian,non_europe
152,Q379991,Valerius Maximus,re_latin,Latin World,-100.0,historian,non_europe
153,Q3189849,Julius Exsuperantius,re_latin,Latin World,350.0,historian,non_europe
154,Q975318,Granius Licinianus,re_latin,Latin World,101.0,historian,non_europe
155,Q102851,Boethius,re_latin,Latin World,480.0,musicologist | philosopher | mathematician,non_europe
156,Q3838837,Lucius Crassicius Pansa,re_latin,Latin World,-50.0,philosopher,non_europe
157,Q185770,Posidonius,re_latin,Latin World,-134.0,philosopher | physicist | astronomer | mathematician | geographer | historian,non_europe
158,Q1225062,Siro the Epicurean,re_latin,Latin World,-100.0,philosopher,non_europe
159,Q965333,Theodorus of Asine,re_latin,Latin World,275.0,philosopher,non_europe
160,Q995441,Fabius Rusticus,re_latin,Latin World,100.0,historian,non_europe
161,Q454652,Prosper of Aquitaine,re_latin,Latin World,390.0,theologian | historian,non_europe
162,Q11035375,Quintus Aelius Tubero,re_latin,Latin World,-162.0,philosopher,non_europe
163,Q535137,Marius Maximus,re_latin,Latin World,165.0,historian,non_europe
164,Q8778,Galen,re_latin,Latin World,200.0,anatomist,non_europe
165,Q1114706,Romulus of Genoa,re_latin,Latin World,301.0,theologian,non_europe
166,Q1232604,Julius Valerius Alexander Polemius,re_latin,Latin World,250.0,historian,non_europe
167,Q6033021,Palladius of Ratiaria,re_latin,Latin World,301.0,theologian,non_europe
168,Q315370,Celsus,re_latin,Latin World,200.0,philosopher,non_europe
169,Q317055,Marcus Cornelius Fronto,re_latin,Latin World,100.0,philosopher,non_europe
170,Q381874,Gaius Musonius Rufus,re_latin,Latin World,25.0,philosopher,non_europe
171,Q1223467,Quintus Lucilius Balbus,re_latin,Latin World,0.0,philosopher,non_europe
172,Q312410,Epicharmus of Kos,re_greek_world,Greek World,-523.0,philosopher | mathematician,non_europe
173,Q1349817,Castor of Rhodes,re_latin,Latin World,100.0,historian,non_europe
174,Q59138,Diogenes Laërtius,re_latin,Latin World,180.0,philosopher | historian,non_europe
175,Q1411,Claudius,re_latin,Latin World,-9.0,historian,non_europe
176,Q332785,Persius,re_latin,Latin World,34.0,philosopher,non_europe
177,Q190368,Appian,re_latin,Latin World,95.0,historian,non_europe
178,Q707449,Censorinus,re_latin,Latin World,250.0,musicologist,non_europe
179,Q316483,Lucius Annaeus Florus,re_latin,Latin World,70.0,historian,non_europe
180,Q1159576,Lucius Aelius Tubero,re_latin,Latin World,-150.0,philosopher | historian,non_europe
181,Q1376539,Renatus Profuturus Frigeridus,re_latin,Latin World,400.0,historian,non_europe
182,Q138724,Lucius Tarutius Firmanus,re_latin,Latin World,-100.0,astronomer | philosopher | mathematician,non_europe
183,Q2994436,Consentius,re_latin,Latin World,400.0,linguist,non_europe
184,Q2248247,Quintus Terentius Scaurus,re_latin,Latin World,201.0,linguist,non_europe
185,Q10261,Pythagoras,re_greek_world,Greek World,-582.0,musicologist | philosopher | mathematician,non_europe
186,Q311456,Orosius,re_latin,Latin World,385.0,theologian | historian,non_europe
187,Q1133857,Cornelius Labeo,re_latin,Latin World,250.0,philosopher,non_europe
188,Q772775,Polemon of Laodicea,re_latin,Latin World,90.0,philosopher,non_europe
189,Q521520,Gaius Licinius Mucianus,re_latin,Latin World,100.0,historian,non_europe
190,Q1237504,Plotius Crispinus,re_latin,Latin World,-50.0,philosopher,non_europe
191,Q662582,Fenestella,re_latin,Latin World,-35.0,historian,non_europe
192,Q206119,Marcus Terentius Varro,re_latin,Latin World,-115.0,musicologist | philosopher,non_europe
193,Q532315,Athenodoros Cordylion,re_latin,Latin World,-50.0,philosopher,non_europe
194,Q950770,Quintus Aelius Tubero,re_latin,Latin World,-73.0,historian,non_europe
195,Q4298,Publius Flavius Vegetius Renatus,re_latin,Latin World,400.0,historian,non_europe
196,Q1227766,Paeanius,re_latin,Latin World,400.0,historian,non_europe
197,Q9200,Paul the Apostle,re_latin,Latin World,5.0,theologian,non_europe
198,Q2123334,Quintus Aelius Tubero,re_latin,Latin World,-75.0,historian,non_europe
199,Q761346,Servius Fabius Pictor,re_latin,Latin World,-189.0,historian,non_europe
200,Q272087,Tatian,re_latin,Latin World,120.0,theologian | philosopher,non_europe
201,Q1662957,Julian of Eclanum,re_latin,Latin World,386.0,philosopher,non_europe
202,Q859652,Cerdo,re_latin,Latin World,200.0,theologian,non_europe
203,Q11906126,Publius Anteius Antiochus,re_latin,Latin World,150.0,philosopher,non_europe
204,Q47180,Petronius,re_latin,Latin World,27.0,philosopher,non_europe
205,Q794615,Aetius,re_latin,Latin World,200.0,astronomer | philosopher,non_europe
206,Q520487,Gaius Julius Solinus,re_latin,Latin World,400.0,geographer | historian,non_europe
207,Q1230624,Aelius Spartianus,re_latin,Latin World,301.0,historian,non_europe
208,Q43689,Ambrose,re_latin,Latin World,339.0,theologian | philosopher,non_europe
209,Q905137,Didymus the Musician,re_latin,Latin World,-100.0,musicologist,non_europe
210,Q203445,Porphyry,re_latin,Latin World,233.0,musicologist | philosopher | historian,non_europe
211,Q8747,Euclid,re_greek_world,Greek World,-322.0,mathematician,non_europe
212,Q1150145,Polemon of Athens,re_greek_world,Greek World,200.0,geographer | philosopher | historian,non_europe
213,Q660170,Isidore of Alexandria,re_greek_world,Greek World,450.0,philosopher,non_europe
214,Q248287,Peregrinus Proteus,re_greek_world,Greek World,95.0,philosopher,non_europe
215,Q2369009,Apollodorus the Epicurean,re_greek_world,Greek World,-150.0,philosopher,non_europe
216,Q185206,Priscian of Lydia,re_greek_world,Greek World,500.0,philosopher,non_europe
217,Q1377100,Calippus of Syracuse,re_greek_world,Greek World,-350.0,philosopher,non_europe
218,Q297420,Panaetius,re_greek_world,Greek World,-184.0,philosopher,non_europe
219,Q1465879,Xeniades,re_greek_world,Greek World,-500.0,philosopher,non_europe
220,Q359231,Bion of Borysthenes,re_greek_world,Greek World,-324.0,philosopher,non_europe
221,Q228564,Aspasia,re_greek_world,Greek World,-469.0,philosopher,non_europe
222,Q580565,Palaephatus,re_greek_world,Greek World,-400.0,historian,non_europe
223,Q297402,Prodicus,re_greek_world,Greek World,-459.0,philosopher,non_europe
224,Q179149,Antisthenes,re_greek_world,Greek World,-443.0,philosopher,non_europe
225,Q555818,Philippus of Opus,re_greek_world,Greek World,-400.0,astronomer | philosopher | mathematician,non_europe
226,Q2482150,Cleidemus,re_greek_world,Greek World,-350.0,historian,non_europe
227,Q183144,Epictetus,re_greek_world,Greek World,50.0,philosopher,non_europe
228,Q913,Socrates,re_greek_world,Greek World,-468.0,philosopher,non_europe
229,Q5382897,Epigenes,re_greek_world,Greek World,-450.0,philosopher,non_europe
230,Q928470,Simmias of Thebes,re_greek_world,Greek World,-500.0,philosopher | mathematician,non_europe
231,Q108577191,Archilochus,re_greek_world,Greek World,-271.0,historian,non_europe
232,Q983755,Praxagoras of Athens,re_greek_world,Greek World,400.0,historian,non_europe
233,Q288467,Lastheneia of Mantinea,re_greek_world,Greek World,-350.0,philosopher,non_europe
234,Q349916,Aristidis of Athens,re_greek_world,Greek World,150.0,philosopher,non_europe
235,Q962486,Echecrates of Phlius,re_greek_world,Greek World,-499.0,philosopher,non_europe
236,Q169243,Protagoras,re_greek_world,Greek World,-489.0,philosopher,non_europe
237,Q366031,Anaxarchus,re_greek_world,Greek World,-379.0,philosopher,non_europe
238,Q1236440,Bion of Abdera,re_greek_world,Greek World,-429.0,astronomer | mathematician,non_europe
239,Q1230889,Mnaseas,re_greek_world,Greek World,-300.0,historian,non_europe
240,Q221623,Heliodorus of Athens,re_greek_world,Greek World,-150.0,historian,non_europe
241,Q662932,Persaeus,re_greek_world,Greek World,-305.0,philosopher,non_europe
242,Q1047995,Antipater of Tyre,re_greek_world,Greek World,-50.0,philosopher,non_europe
243,Q162163,Ion of Chios,re_greek_world,Greek World,-489.0,philosopher | historian | mathematician,non_europe
244,Q177847,Lucian of Samosata,re_greek_world,Greek World,120.0,philosopher,non_europe
245,Q271809,Proclus,re_greek_world,Greek World,412.0,philosopher | mathematician,non_europe
246,Q363468,Dexippus,re_greek_world,Greek World,210.0,historian,non_europe
247,Q548104,Julius Pollux,re_greek_world,Greek World,200.0,philosopher,non_europe
248,Q514262,Androtion,re_greek_world,Greek World,-500.0,historian,non_europe
249,Q1185510,Demetrius of Callatis,re_greek_world,Greek World,-299.0,historian,non_europe
250,Q554535,Phaedrus,re_greek_world,Greek World,-443.0,philosopher,non_europe
251,Q965086,Sotades,re_greek_world,Greek World,-400.0,philosopher,non_europe
252,Q172248,Marcus Junius Brutus,re_greek_world,Greek World,-84.0,philosopher,non_europe
253,Q667385,Aristos of Ascalon,re_greek_world,Greek World,-50.0,philosopher,non_europe
254,Q462582,Pythias,re_greek_world,Greek World,-361.0,zoologist,non_europe
255,Q859,Plato,re_greek_world,Greek World,-426.0,philosopher,non_europe
256,Q41523,Plutarch,re_greek_world,Greek World,40.0,philosopher | historian,non_europe
257,Q609147,Phylarchus,re_greek_world,Greek World,-254.0,historian,non_europe
258,Q444595,Perictione,re_greek_world,Greek World,-500.0,philosopher,non_europe
259,Q235494,Hipparchia of Maroneia,re_greek_world,Greek World,-349.0,philosopher,non_europe
260,Q284994,Carneades,re_greek_world,Greek World,-212.0,philosopher,non_europe
261,Q4355017,Diyllus,re_greek_world,Greek World,-300.0,historian,non_europe
262,Q221497,Xenophilus,re_greek_world,Greek World,-400.0,musicologist | philosopher,non_europe
263,Q41683,Thucydides,re_greek_world,Greek World,-460.0,historian,non_europe
264,Q5264,Hippocrates,re_greek_world,Greek World,-459.0,philosopher,non_europe
265,Q317331,Aratus of Sicyon,re_greek_world,Greek World,-270.0,historian,non_europe
266,Q309772,Athenagoras of Athens,re_greek_world,Greek World,133.0,theologian | philosopher,non_europe
267,Q3012616,Damastes of Sigeum,re_greek_world,Greek World,-500.0,geographer | historian,non_europe
268,Q312682,Euclid of Megara,re_greek_world,Greek World,-436.0,philosopher,non_europe
269,Q2661420,Dardanus of Athens,re_greek_world,Greek World,-159.0,philosopher,non_europe
270,Q3060400,Euphantus,re_greek_world,Greek World,-320.0,philosopher | historian,non_europe
271,Q1186462,Demon of Athens,re_greek_world,Greek World,-400.0,historian,non_europe
272,Q920912,Theaetetus,re_greek_world,Greek World,-416.0,philosopher | mathematician,non_europe
273,Q316353,Strato of Lampsacus,re_greek_world,Greek World,-334.0,philosopher | physicist,non_europe
274,Q319406,Epimenides of Crete,re_greek_world,Greek World,-700.0,philosopher,non_europe
275,Q712755,Crates of Athens,re_greek_world,Greek World,-400.0,philosopher,non_europe
276,Q325955,Speusippus,re_greek_world,Greek World,-406.0,philosopher | mathematician,non_europe
277,Q205704,Apollodorus of Athens,re_greek_world,Greek World,-179.0,historian,non_europe
278,Q12960188,Theodotus,re_greek_world,Greek World,150.0,theologian,non_europe
279,Q553856,Polemon,re_greek_world,Greek World,-400.0,philosopher,non_europe
280,Q160362,Theophrastus,re_greek_world,Greek World,-370.0,botanist | philosopher | physicist,non_europe
281,Q868,Aristotle,re_greek_world,Greek World,-383.0,philosopher,non_europe
282,Q542808,Hermarchus,re_greek_world,Greek World,-324.0,philosopher,non_europe
283,Q1287486,Metrocles,re_greek_world,Greek World,-400.0,philosopher,non_europe
284,Q633023,Archiadas,re_greek_world,Greek World,500.0,philosopher,non_europe
285,Q73527,Arcesilaus,re_greek_world,Greek World,-314.0,philosopher,non_europe
286,Q42887,Clement I,re_greek_world,Greek World,100.0,theologian,non_europe
287,Q343607,Archelaus,re_greek_world,Greek World,-500.0,philosopher,non_europe
288,Q4791018,Aristodemus of Cydathenaeum,re_greek_world,Greek World,-450.0,philosopher,non_europe
289,Q2346245,Stesimbrotos of Thasos,re_greek_world,Greek World,-469.0,historian,non_europe
290,Q1057347,Hegesander,re_greek_world,Greek World,-150.0,historian,non_europe
291,Q433852,Ephippus of Olynthus,re_greek_world,Greek World,-400.0,historian,non_europe
292,Q316334,Heraclides Ponticus,re_greek_world,Greek World,-384.0,astronomer | philosopher,non_europe
293,Q2927235,Bryson of Achaea,re_greek_world,Greek World,-450.0,philosopher,non_europe
294,Q434021,Timycha,re_greek_world,Greek World,-400.0,philosopher,non_europe
295,Q1747004,Timon of Athens,re_greek_world,Greek World,-500.0,philosopher,non_europe
296,Q294092,Critias,re_greek_world,Greek World,-459.0,philosopher,non_europe
297,Q1586059,Harpocration of Argos,re_greek_world,Greek World,200.0,philosopher,non_europe
298,Q317947,Crates of Thebes,re_greek_world,Greek World,-364.0,philosopher,non_europe
299,Q2367894,Teles of Megara,re_greek_world,Greek World,-250.0,philosopher,non_europe
300,Q744125,Chaerephon,re_greek_world,Greek World,-401.0,philosopher,non_europe
301,Q4721014,Alexandrides of Delphi,re_greek_world,Greek World,-300.0,historian,non_europe
302,Q409647,Aeschines of Sphettus,re_greek_world,Greek World,-429.0,philosopher,non_europe
303,Q2217419,Nicomachus,re_greek_world,Greek World,-301.0,philosopher,non_europe
304,Q218451,Zoilus,re_greek_world,Greek World,-399.0,philosopher | historian,non_europe
305,Q320132,Nearchus,re_greek_world,Greek World,-355.0,historian,non_europe
306,Q129772,Xenophon,re_greek_world,Greek World,-429.0,philosopher | historian,non_europe
307,Q965144,Cebes,re_greek_world,Greek World,-500.0,philosopher | mathematician,non_europe
308,Q504744,Hellanicus of Mytilene,re_greek_world,Greek World,-489.0,historian,non_europe
309,Q544987,Aristobulus of Cassandreia,re_greek_world,Greek World,-374.0,historian,non_europe
310,Q223383,Mnesarchus of Athens,re_greek_world,Greek World,-159.0,philosopher,non_europe
311,Q452077,Menippus,re_greek_world,Greek World,-299.0,philosopher,non_europe
312,Q328793,Periander,re_greek_world,Greek World,-700.0,philosopher,non_europe
313,Q34601,Chilon of Sparta,re_greek_world,Greek World,-599.0,philosopher,non_europe
314,Q1128200,Lasus of Hermione,re_greek_world,Greek World,-548.0,musicologist,non_europe
315,Q210573,Hippias,re_greek_world,Greek World,-442.0,astronomer | philosopher | mathematician,non_europe
316,Q15091905,Deceneo,re_greek_world,Greek World,-100.0,astronomer | philosopher,non_europe
317,Q381048,Stilpo,re_greek_world,Greek World,-358.0,philosopher,non_europe
318,Q31845,Arrian,re_greek_world,Greek World,95.0,philosopher | historian,non_europe
319,Q473381,Ammonius of Athens,re_greek_world,Greek World,50.0,philosopher,non_europe
320,Q133337,Solon,re_greek_world,Greek World,-637.0,philosopher,non_europe
321,Q311879,Herodes Atticus,re_greek_world,Greek World,102.0,philosopher,non_europe
322,Q171303,Zeno of Citium,re_greek_world,Greek World,-333.0,philosopher,non_europe
323,Q380190,Phaedo of Elis,re_greek_world,Greek World,-401.0,philosopher,non_europe
324,Q191964,Diogenes of Apollonia,re_greek_world,Greek World,-459.0,philosopher,non_europe
325,Q964738,Peter the Patrician,re_greek_world,Greek World,500.0,historian,non_europe
326,Q266299,Philochorus,re_greek_world,Greek World,-339.0,historian,non_europe
327,Q435274,Hieronymus of Cardia,re_greek_world,Greek World,-353.0,historian,non_europe
328,Q41980,Democritus,re_greek_world,Greek World,-460.0,philosopher | mathematician,non_europe
329,Q949530,Demonax,re_greek_world,Greek World,200.0,philosopher,non_europe
330,Q537304,Ploutarchos of Athens,re_greek_world,Greek World,350.0,philosopher,non_europe
331,Q1336424,Hermogenes,re_greek_world,Greek World,-500.0,philosopher,non_europe
332,Q192313,Pyrrho,re_greek_world,Greek World,-360.0,philosopher,non_europe
333,Q82793,Callisthenes,re_greek_world,Greek World,-359.0,historian,non_europe
334,Q469199,Victorinus of Pettau,re_latin,Latin World,250.0,theologian | philosopher,non_europe
335,Q1367611,Socrates the Younger,re_greek_world,Greek World,-420.0,philosopher,non_europe
336,Q353580,Adeimantus of Collytus,re_greek_world,Greek World,-431.0,philosopher,non_europe
337,Q11916247,Ctesibius of Chalcis,re_greek_world,Greek World,-400.0,philosopher,non_europe
338,Q43216,Epicurus,re_greek_world,Greek World,-341.0,philosopher,non_europe
339,Q978418,Marsyas of Pella,re_greek_world,Greek World,-400.0,historian,non_europe
340,Q353264,Diagoras of Melos,re_greek_world,Greek World,-450.0,philosopher,non_europe
341,Q2274948,Philostratus,re_greek_world,Greek World,170.0,philosopher,non_europe
342,Q1227107,Diotima of Mantinea,re_greek_world,Greek World,-450.0,philosopher,non_europe
343,Q43423,Aesop,re_greek_world,Greek World,-619.0,philosopher,non_europe
344,Q211411,Chrysippus of Soli,re_greek_world,Greek World,-280.0,philosopher | mathematician,non_europe
345,Q586050,Asclepigenia,re_greek_world,Greek World,400.0,philosopher,non_europe
346,Q646951,Ariston of Chios,re_greek_world,Greek World,-299.0,philosopher,non_europe
347,Q668009,Aristotelis the Dialectician,re_greek_world,Greek World,-300.0,philosopher,non_europe
348,Q214121,Xenocrates,re_greek_world,Greek World,-395.0,philosopher | mathematician,non_europe
349,Q1279413,Cercidas,re_greek_world,Greek World,-300.0,philosopher,non_europe
350,Q1364945,Glaucon,re_greek_world,Greek World,-444.0,philosopher,non_europe
351,Q189759,Zeno of Sidon,re_greek_world,Greek World,-149.0,philosopher | mathematician,non_europe
352,Q280872,Timon of Phlius,re_greek_world,Greek World,-319.0,philosopher,non_europe
353,Q905827,Diodorus of Tyre,re_greek_world,Greek World,-150.0,philosopher,non_europe
354,Q1372239,Eudemus of Cyprus,re_greek_world,Greek World,-400.0,philosopher,non_europe
355,Q2861408,Aristion,re_greek_world,Greek World,-150.0,philosopher,non_europe
356,Q3630471,Autocrates,re_greek_world,Greek World,-250.0,historian,non_europe
357,Q1073837,Critolaus,re_greek_world,Greek World,-199.0,philosopher,non_europe
358,Q15078686,Antiphon,re_greek_world,Greek World,-500.0,philosopher | mathematician,non_europe
359,Q466951,Clitomachus,re_greek_world,Greek World,-186.0,philosopher,non_europe
360,Q261909,Meton of Athens,re_greek_world,Greek World,-500.0,astronomer | mathematician,non_europe
361,Q310149,Cleanthes,re_greek_world,Greek World,-329.0,philosopher,non_europe
362,Q125247,Cratylus,re_greek_world,Greek World,-500.0,philosopher,non_europe
363,Q2346819,Damon of Athens,re_greek_world,Greek World,-450.0,musicologist | philosopher,non_europe
364,Q934471,Criton,re_greek_world,Greek World,-468.0,philosopher,non_europe
365,Q1763617,Nicarete of Megara,re_greek_world,Greek World,-400.0,philosopher,non_europe
366,Q4780369,Apollodorus of Phaleron,re_greek_world,Greek World,-420.0,philosopher,non_europe
367,Q131169,Polybius,re_greek_world,Greek World,-199.0,historian,non_europe
368,Q780234,Priscus of Epirus,re_greek_world,Greek World,305.0,philosopher,non_europe
369,Q2759424,Anticlides,re_greek_world,Greek World,-300.0,historian,non_europe
370,Q59180,Diogenes of Sinope,re_greek_world,Greek World,-399.0,philosopher,non_europe
371,Q2087377,Asclepiades of Phlius,re_greek_world,Greek World,-349.0,philosopher,non_europe
372,Q298071,Hippodamus of Miletus,re_greek_world,Greek World,-497.0,mathematician,non_europe
373,Q18819268,Mnesarchus of Croton,re_greek_world,Greek World,-450.0,philosopher,non_europe
374,Q298860,Hippasus,re_greek_world,Greek World,-600.0,musicologist | philosopher | mathematician,non_europe
375,Q716416,Hippon,re_greek_world,Greek World,-500.0,philosopher,non_europe
376,Q162593,Pelagius,re_greek_world,Greek World,360.0,theologian | philosopher,non_europe
377,Q11920485,Escílax d'Halicarnàs,re_greek_world,Greek World,-150.0,astronomer,non_europe
378,Q928092,Peter the Iberian,re_greek_world,Greek World,411.0,philosopher,non_europe
379,Q4684706,Adrastus of Cyzicus,re_greek_world,Greek World,-500.0,astronomer,non_europe
380,Q581732,Antipater of Tarsus,re_greek_world,Greek World,-300.0,philosopher,non_europe
381,Q291952,Sosipatra,re_greek_world,Greek World,400.0,philosopher,non_europe
382,Q314467,Aenesidemus,re_greek_world,Greek World,-79.0,philosopher,non_europe
383,Q200608,Ephrem the Syrian,re_greek_world,Greek World,306.0,theologian,non_europe
384,Q31278,Cleomedes,re_greek_world,Greek World,1.0,astronomer | mathematician,non_europe
385,Q486945,Sotion,re_greek_world,Greek World,-100.0,philosopher,non_europe
386,Q16658175,Zosimus of Ascalona,re_greek_world,Greek World,450.0,historian,non_europe
387,Q472620,Artemidorus of Ephesus,re_greek_world,Greek World,-150.0,geographer,non_europe
388,Q510719,Eutocius of Ascalon,re_greek_world,Greek World,480.0,philosopher | mathematician,non_europe
389,Q352621,Dicaearchus,re_greek_world,Greek World,-349.0,geographer | philosopher | historian | mathematician,non_europe
390,Q168261,Ptolemy I Soter,re_greek_world,Greek World,-365.0,historian,non_europe
391,Q2470320,Apollonius of Ephesus,re_greek_world,Greek World,201.0,theologian,non_europe
392,Q921532,Dorotheus of Sidon,re_greek_world,Greek World,50.0,astronomer,non_europe
393,Q437869,Evagrius Ponticus,re_greek_world,Greek World,345.0,theologian,non_europe
394,Q178217,Diofantos,re_greek_world,Greek World,201.0,mathematician,non_europe
395,Q24068760,Aristobulus of Paneas,re_greek_world,Greek World,-150.0,philosopher,non_europe
396,Q451566,Menaechmus,re_greek_world,Greek World,-379.0,astronomer | mathematician,non_europe
397,Q18626710,Julian,re_greek_world,Greek World,400.0,theologian,non_europe
398,Q211783,Pappus of Alexandria,re_greek_world,Greek World,290.0,astronomer | mathematician,non_europe
399,Q712572,Philistus,re_greek_world,Greek World,-424.0,historian,non_europe
400,Q2285961,Silenus Calatinus,re_greek_world,Greek World,-300.0,historian,non_europe
401,Q310028,Isidore of Miletus,re_greek_world,Greek World,442.0,physicist | mathematician,non_europe
402,Q242270,Hecataeus of Miletus,re_greek_world,Greek World,-600.0,geographer | historian,non_europe
403,Q3991387,Timagoras of Gela,re_greek_world,Greek World,-350.0,philosopher,non_europe
404,Q580661,Antiochus of Syracuse,re_greek_world,Greek World,-450.0,historian,non_europe
405,Q434773,Crantor,re_greek_world,Greek World,-343.0,philosopher,non_europe
406,Q80612,Anaximenes of Miletus,re_greek_world,Greek World,-584.0,astronomer | philosopher | mathematician,non_europe
407,Q433919,Phintys,re_greek_world,Greek World,-400.0,philosopher,non_europe
408,Q581833,Marinus of Neapolis,re_greek_world,Greek World,440.0,astronomer | philosopher,non_europe
409,Q313018,Aristophanes of Byzantium,re_greek_world,Greek World,-256.0,linguist,non_europe
410,Q1354573,Lycus of Rhegium,re_greek_world,Greek World,-350.0,historian,non_europe
411,Q355664,Theodore of Mopsuestia,re_greek_world,Greek World,350.0,theologian,non_europe
412,Q311731,Priscus,re_greek_world,Greek World,410.0,philosopher | historian,non_europe
413,Q310916,Iamblichus,re_greek_world,Greek World,245.0,philosopher,non_europe
414,Q59137,Diogenes of Oenoanda,re_greek_world,Greek World,200.0,philosopher,non_europe
415,Q714841,Eustathius of Epiphania,re_greek_world,Greek World,401.0,historian,non_europe
416,Q721022,Malchus,re_greek_world,Greek World,450.0,historian,non_europe
417,Q44011,Gregory of Nazianzus,re_greek_world,Greek World,330.0,theologian | philosopher,non_europe
418,Q372798,Polus,re_greek_world,Greek World,-500.0,philosopher,non_europe
419,Q297040,Apollonius of Tyana,re_greek_world,Greek World,15.0,philosopher | mathematician,non_europe
420,Q391202,Agathangelos,re_greek_world,Greek World,500.0,historian,non_europe
421,Q317029,Theodoret,re_greek_world,Greek World,393.0,historian,non_europe
422,Q4024777,Zopyrus of Tarentum,re_greek_world,Greek World,-350.0,philosopher,non_europe
423,Q43182,Eratosthenes,re_greek_world,Greek World,-275.0,musicologist | astronomer | mathematician | geographer | historian,non_europe
424,Q645774,Bolus of Mendes,re_greek_world,Greek World,-300.0,botanist | philosopher,non_europe
425,Q2637222,Aesara,re_greek_world,Greek World,-400.0,philosopher,non_europe
426,Q3731014,Heracleides of Magnesia,re_greek_world,Greek World,-50.0,historian,non_europe
427,Q3620711,Apollonides of Smyrna,re_greek_world,Greek World,-150.0,philosopher,non_europe
428,Q356433,Priscian,re_greek_world,Greek World,500.0,philosopher,non_europe
429,Q1389145,John the Lydian,re_greek_world,Greek World,490.0,historian,non_europe
430,Q2705204,Evander,re_greek_world,Greek World,-201.0,philosopher,non_europe
431,Q235426,Theano,re_greek_world,Greek World,-600.0,astronomer | philosopher | mathematician,non_europe
432,Q354342,Bardaisan,re_greek_world,Greek World,154.0,philosopher,non_europe
433,Q1270333,Praxeas,re_greek_world,Greek World,200.0,theologian,non_europe
434,Q463564,Xenophon of Ephesus,re_greek_world,Greek World,101.0,philosopher,non_europe
435,Q192371,Polycarp,re_greek_world,Greek World,69.0,theologian,non_europe
436,Q1295215,Satyrus the Peripatetic,re_greek_world,Greek World,-300.0,philosopher | historian,non_europe
437,Q1616998,Neanthes of Cyzicus,re_greek_world,Greek World,-250.0,historian,non_europe
438,Q1148501,Diophanes of Nicaea,re_greek_world,Greek World,-100.0,botanist,non_europe
439,Q180671,Aratus,re_greek_world,Greek World,-314.0,astronomer,non_europe
440,Q1189157,Nausiphanes,re_greek_world,Greek World,-400.0,philosopher,non_europe
441,Q1496242,Callinicus,re_greek_world,Greek World,300.0,historian,non_europe
442,Q180109,Apollonius of Perga,re_greek_world,Greek World,-261.0,astronomer | mathematician,non_europe
443,Q335156,Aristoxenus,re_greek_world,Greek World,-359.0,musicologist | philosopher | mathematician,non_europe
444,Q1047689,Menodotus of Nicomedia,re_greek_world,Greek World,100.0,philosopher,non_europe
445,Q3381179,Philon of Gadara,re_greek_world,Greek World,100.0,mathematician,non_europe
446,Q287423,Epigenes of Byzantium,re_greek_world,Greek World,-150.0,astronomer | mathematician,non_europe
447,Q317146,Alexandros of Aphrodisias,re_greek_world,Greek World,200.0,philosopher,non_europe
448,Q275606,Aurelius Victor,re_greek_world,Greek World,320.0,historian,non_europe
449,Q451390,Autolycus of Pitane,re_greek_world,Greek World,-359.0,astronomer | mathematician,non_europe
450,Q83375,Empedocles,re_greek_world,Greek World,-489.0,philosopher,non_europe
451,Q441448,Carpocrates,re_greek_world,Greek World,100.0,philosopher,non_europe
452,Q312491,John Malalas,re_greek_world,Greek World,491.0,historian,non_europe
453,Q248793,Maximus of Ephesus,re_greek_world,Greek World,310.0,philosopher,non_europe
454,Q404023,Aedesius,re_greek_world,Greek World,280.0,philosopher,non_europe
455,Q316867,Sosigenes of Alexandria,re_greek_world,Greek World,-100.0,astronomer | philosopher | mathematician,non_europe
456,Q506553,Olympiodorus of Thebes,re_greek_world,Greek World,380.0,philosopher | historian,non_europe
457,Q550477,Timocharis,re_greek_world,Greek World,-319.0,astronomer,non_europe
458,Q346567,Callixenus of Rhodes,re_greek_world,Greek World,-199.0,historian,non_europe
459,Q385213,Prohaeresius,re_greek_world,Greek World,276.0,philosopher,non_europe
460,Q2047944,Palladius of Galatia,re_greek_world,Greek World,363.0,historian,non_europe
461,Q334457,Dio Chrysostom,re_greek_world,Greek World,40.0,philosopher,non_europe
462,Q51885,Thecla,re_greek_world,Greek World,100.0,theologian,non_europe
463,Q3044500,Demetrius of Scepsis,re_greek_world,Greek World,-204.0,philosopher | historian,non_europe
464,Q363818,Nicander,re_greek_world,Greek World,-249.0,historian,non_europe
465,Q2524557,Anatolius of Laodicea,re_greek_world,Greek World,250.0,philosopher | mathematician,non_europe
466,Q1373037,Syrianus,re_greek_world,Greek World,500.0,philosopher,non_europe
467,Q3347025,Neleus of Scepsis,re_greek_world,Greek World,-350.0,philosopher,non_europe
468,Q459774,Ambrose of Alexandria,re_greek_world,Greek World,200.0,theologian,non_europe
469,Q1747749,Tiberius Claudius Aristocles,re_greek_world,Greek World,100.0,philosopher,non_europe
470,Q201867,Cleitarchus,re_greek_world,Greek World,-400.0,historian,non_europe
471,Q125551,Parmenides,re_greek_world,Greek World,-514.0,philosopher,non_europe
472,Q3624868,Asclepiades,re_greek_world,Greek World,-150.0,historian,non_europe
473,Q444459,Alcidamas,re_greek_world,Greek World,-450.0,philosopher,non_europe
474,Q4441106,Aphthonius of Antioch,re_greek_world,Greek World,300.0,philosopher,non_europe
475,Q44024,Athanasios of Alexandria,re_greek_world,Greek World,296.0,theologian,non_europe
476,Q3413787,Archelaus,re_greek_world,Greek World,300.0,theologian,non_europe
477,Q705950,Theon of Smyrna,re_greek_world,Greek World,70.0,philosopher | musicologist | astronomer | mathematician,non_europe
478,Q380089,Fulgentius of Ruspe,re_greek_world,Greek World,468.0,theologian,non_europe
479,Q2861395,Aristodemus of Nysa,re_greek_world,Greek World,-200.0,philosopher | historian,non_europe
480,Q447451,Sabellius,re_greek_world,Greek World,200.0,theologian,non_europe
481,Q973954,Philoxenus of Mabbug,re_greek_world,Greek World,440.0,theologian,non_europe
482,Q433332,Mara Bar-Serapion,re_greek_world,Greek World,50.0,philosopher,non_europe
483,Q1613489,Hermias,re_greek_world,Greek World,401.0,philosopher,non_europe
484,Q186153,Procopius,re_greek_world,Greek World,500.0,historian,non_europe
485,Q188232,Didymus the Blind,re_greek_world,Greek World,313.0,theologian,non_europe
486,Q1266186,Theodosius of Bithynia,re_greek_world,Greek World,-159.0,astronomer | mathematician,non_europe
487,Q2696027,Alexander of Damascus,re_greek_world,Greek World,200.0,philosopher,non_europe
488,Q3714438,Dositheus,re_greek_world,Greek World,-250.0,astronomer | mathematician,non_europe
489,Q18639389,Abrotelia,re_greek_world,Greek World,-500.0,philosopher,non_europe
490,Q1531412,Harkhebi,re_greek_world,Greek World,-301.0,astronomer,non_europe
491,Q185223,Cassius Dio,re_greek_world,Greek World,150.0,historian,non_europe
492,Q2695834,Agathobulus,re_greek_world,Greek World,100.0,philosopher,non_europe
493,Q16529474,Astone,re_greek_world,Greek World,-550.0,philosopher,non_europe
494,Q503075,Crates of Mallus,re_greek_world,Greek World,-200.0,philosopher,non_europe
495,Q8739,Archimedes,re_greek_world,Greek World,-286.0,astronomer | philosopher | physicist | mathematician,non_europe
496,Q63456919,Pandrosion,re_greek_world,Greek World,400.0,mathematician,non_europe
497,Q317014,Sextus Julius Africanus,re_greek_world,Greek World,160.0,philosopher | historian,non_europe
498,Q170472,Origen,re_greek_world,Greek World,185.0,theologian | philosopher,non_europe
499,Q1051470,Vettius Valens,re_greek_world,Greek World,120.0,astronomer,non_europe
500,Q515542,Agathemerus,re_greek_world,Greek World,250.0,geographer,non_europe
501,Q504771,Philo of Byblos,re_greek_world,Greek World,50.0,historian,non_europe
502,Q1226993,Dionysius Periegetes,re_greek_world,Greek World,100.0,historian,non_europe
503,Q312500,Herophilos,re_greek_world,Greek World,-334.0,anatomist,non_europe
504,Q297390,Craterus,re_greek_world,Greek World,-369.0,historian,non_europe
505,Q707344,Numenius of Apamea,re_greek_world,Greek World,200.0,philosopher,non_europe
506,Q42458,Anaximander,re_greek_world,Greek World,-609.0,philosopher | physicist | astronomer | mathematician | geographer,non_europe
507,Q229246,Julia Domna,re_greek_world,Greek World,165.0,philosopher,non_europe
508,Q298654,Cyril of Jerusalem,re_greek_world,Greek World,313.0,theologian,non_europe
509,Q363375,Publilius Syrus,re_greek_world,Greek World,-100.0,philosopher,non_europe
510,Q391216,Agatharchides,re_greek_world,Greek World,-207.0,geographer | philosopher | historian | anatomist,non_europe
511,Q2531620,Pamprepius,re_greek_world,Greek World,440.0,philosopher,non_europe
512,Q4191445,Zenob Glak,re_greek_world,Greek World,300.0,historian,non_europe
513,Q165589,Leucippus,re_greek_world,Greek World,-500.0,philosopher | physicist,non_europe
514,Q451719,Damo,re_greek_world,Greek World,-600.0,philosopher | mathematician,non_europe
515,Q365977,Bias of Priene,re_greek_world,Greek World,-599.0,philosopher,non_europe
516,Q1378597,Eurytus,re_greek_world,Greek World,-500.0,philosopher | mathematician,non_europe
517,Q189767,Zeno of Tarsus,re_greek_world,Greek World,-250.0,philosopher,non_europe
518,Q139567,Zacharias Rhetor,re_greek_world,Greek World,465.0,philosopher | historian,non_europe
519,Q83041,Anaxagoras,re_greek_world,Greek World,-499.0,astronomer | philosopher | physicist | mathematician,non_europe
520,Q1400157,Cleinias of Tarentum,re_greek_world,Greek World,-500.0,philosopher,non_europe
521,Q313791,Ephorus,re_greek_world,Greek World,-399.0,historian,non_europe
522,Q260951,Dinon,re_greek_world,Greek World,-399.0,historian,non_europe
523,Q534163,Xanthos,re_greek_world,Greek World,-500.0,historian,non_europe
524,Q142999,Eusebius of Caesarea,re_greek_world,Greek World,275.0,theologian | historian,non_europe
525,Q317942,Euhemerus,re_greek_world,Greek World,-400.0,philosopher | historian | anthropologist,non_europe
526,Q31271346,Dion von Neapel,re_greek_world,Greek World,-500.0,mathematician,non_europe
527,Q354377,Conon of Samos,re_greek_world,Greek World,-279.0,astronomer | mathematician,non_europe
528,Q44015,John the Apostle,re_greek_world,Greek World,6.0,theologian,non_europe
529,Q378236,Aristides Quintilianus,re_greek_world,Greek World,150.0,musicologist,non_europe
530,Q1226828,Diogenes of Tarsus,re_greek_world,Greek World,-200.0,philosopher,non_europe
531,Q298226,Anthemius of Tralles,re_greek_world,Greek World,474.0,physicist | mathematician,non_europe
532,Q1226996,Dionysius of Miletus,re_greek_world,Greek World,-600.0,historian,non_europe
533,Q313934,Macrobius,re_greek_world,Greek World,370.0,musicologist | philosopher,non_europe
534,Q1419147,Firmilian,re_greek_world,Greek World,200.0,philosopher,non_europe
535,Q725225,Thrasyllus of Mendes,re_greek_world,Greek World,-100.0,musicologist | philosopher,non_europe
536,Q132157,Zeno of Elea,re_greek_world,Greek World,-489.0,philosopher | mathematician,non_europe
537,Q521203,Duris of Samos,re_greek_world,Greek World,-339.0,historian,non_europe
538,Q343018,Eunapius,re_greek_world,Greek World,349.0,philosopher | historian,non_europe
539,Q168707,Pliny the Younger,re_greek_world,Greek World,61.0,historian,non_europe
540,Q928551,Origen the Pagan,re_greek_world,Greek World,200.0,philosopher,non_europe
541,Q2749849,Athenodorus of Soli,re_greek_world,Greek World,-300.0,philosopher,non_europe
542,Q931271,Tisias,re_greek_world,Greek World,-499.0,philosopher,non_europe
543,Q189597,Philo of Alexandria,re_greek_world,Greek World,-14.0,philosopher | historian,non_europe
544,Q731906,Asclepiodotus of Alexandria,re_greek_world,Greek World,500.0,philosopher,non_europe
545,Q315360,Damascius,re_greek_world,Greek World,450.0,philosopher,non_europe
546,Q510737,Lucian of Antioch,re_greek_world,Greek World,240.0,theologian,non_europe
547,Q2902906,Rabbi Nehemiah,re_greek_world,Greek World,101.0,mathematician,non_europe
548,Q43706,John Chrysostom,re_greek_world,Greek World,349.0,theologian,non_europe
549,Q354384,Theon of Alexandria,re_greek_world,Greek World,335.0,astronomer | mathematician,non_europe
550,Q11903,Hypatia,re_greek_world,Greek World,360.0,astronomer | philosopher | mathematician,non_europe
551,Q443510,Hesychius of Alexandria,re_greek_world,Greek World,450.0,linguist,non_europe
552,Q3826494,Lamiscus,re_greek_world,Greek World,-400.0,philosopher | mathematician,non_europe
553,Q717647,Gnaeus Claudius Severus Arabianus,re_greek_world,Greek World,113.0,philosopher,non_europe
554,Q140188,Aristarchus of Samos,re_greek_world,Greek World,-309.0,astronomer,non_europe
555,Q456560,Myia,re_greek_world,Greek World,-600.0,philosopher | mathematician,non_europe
556,Q33941,Julian,re_greek_world,Greek World,331.0,philosopher,non_europe
557,Q317632,John Philoponus,re_greek_world,Greek World,490.0,philosopher | physicist | astronomer | mathematician | theologian,non_europe
558,Q1722472,Callias of Syracuse,re_greek_world,Greek World,-400.0,historian,non_europe
559,Q3432037,Aristaeus of Croton,re_greek_world,Greek World,-450.0,philosopher | mathematician,non_europe
560,Q897689,Chaeremon of Alexandria,re_greek_world,Greek World,10.0,philosopher | historian,non_europe
561,Q84027027,Didymus of Alexandria,re_greek_world,Greek World,-50.0,mathematician,non_europe
562,Q942439,Monimus,re_greek_world,Greek World,-400.0,philosopher,non_europe
563,Q310821,Akiva ben Joseph,re_greek_world,Greek World,15.0,theologian,non_europe
564,Q280432,Athenodoros Cananites,re_greek_world,Greek World,-100.0,philosopher | historian,non_europe
565,Q313286,Demetrius of Phalerum,re_greek_world,Greek World,-349.0,philosopher,non_europe
566,Q123147,Ammonius Hermiae,re_greek_world,Greek World,435.0,astronomer | philosopher,non_europe
567,Q2570422,Sotion,re_greek_world,Greek World,-250.0,philosopher | historian,non_europe
568,Q2657803,Asterius the Sophist,re_greek_world,Greek World,300.0,theologian,non_europe
569,Q1749928,Phaleas of Chalcedon,re_greek_world,Greek World,-400.0,philosopher,non_europe
570,Q280934,Alexander Lychnus,re_greek_world,Greek World,-50.0,historian,non_europe
571,Q11925495,Hermodorus,re_greek_world,Greek World,-399.0,philosopher,non_europe
572,Q15975321,Flavius Boethus,re_greek_world,Greek World,150.0,philosopher,non_europe
573,Q191734,Gregory of Nyssa,re_greek_world,Greek World,400.0,theologian,non_europe
574,Q1297839,Serenus of Antinouplis,re_greek_world,Greek World,300.0,mathematician,non_europe
575,Q1383547,Ulpianus,re_greek_world,Greek World,300.0,philosopher,non_europe
576,Q138531,Phlegon of Tralles,re_greek_world,Greek World,200.0,historian,non_europe
577,Q929311,Hegesias of Magnesia,re_greek_world,Greek World,-200.0,historian,non_europe
578,Q948620,Hermias of Atarneus,re_greek_world,Greek World,-350.0,philosopher,non_europe
579,Q365183,Themistius,re_greek_world,Greek World,317.0,philosopher,non_europe
580,Q754890,Athanis,re_greek_world,Greek World,-400.0,historian,non_europe
581,Q176287,Timaeus of Locri,re_greek_world,Greek World,-500.0,astronomer | philosopher | mathematician,non_europe
582,Q188883,Clement of Alexandria,re_greek_world,Greek World,150.0,theologian | philosopher,non_europe
583,Q3556912,Theognostus of Alexandria,re_greek_world,Greek World,210.0,theologian,non_europe
584,Q5063276,Cephalion,re_greek_world,Greek World,100.0,historian,non_europe
585,Q1241343,Justus of Tiberias,re_greek_world,Greek World,35.0,historian,non_europe
586,Q7155483,Pausanias of Damascus,re_greek_world,Greek World,-150.0,geographer,non_europe
587,Q1185502,Demetrius Lacon,re_greek_world,Greek World,-150.0,philosopher,non_europe
588,Q360366,Nicomachus,re_greek_world,Greek World,60.0,musicologist | philosopher | mathematician,non_europe
589,Q3636221,Baton of Sinope,re_greek_world,Greek World,-199.0,historian,non_europe
590,Q41766,Ctesibius,re_greek_world,Greek World,-283.0,mathematician,non_europe
591,Q729105,Severus of Antioch,re_greek_world,Greek World,465.0,theologian,non_europe
592,Q641051,Arius Didymus,re_greek_world,Greek World,-83.0,philosopher,non_europe
593,Q388333,Cadmus of Miletus,re_greek_world,Greek World,-500.0,historian,non_europe
594,Q44258,Basil of Caesarea,re_greek_world,Greek World,329.0,theologian | philosopher,non_europe
595,Q534986,Flavius Vopiscus,re_greek_world,Greek World,201.0,historian,non_europe
596,Q41155,Heraclitus,re_greek_world,Greek World,-534.0,philosopher,non_europe
597,Q36303,Thales,re_greek_world,Greek World,-624.0,astronomer | philosopher | physicist | mathematician,non_europe
598,Q974775,Olympiodorus the Younger,re_greek_world,Greek World,495.0,philosopher,non_europe
599,Q2763097,Abba Saul,re_greek_world,Greek World,101.0,theologian,non_europe
600,Q202001,Archytas,re_greek_world,Greek World,-427.0,philosopher | musicologist | astronomer | mathematician,non_europe
601,Q2312602,Montanus of Phrygia,re_greek_world,Greek World,150.0,theologian,non_europe
602,Q19715972,Nicostratus of Trebizond,re_greek_world,Greek World,300.0,historian,non_europe
603,Q44248,Jerome,re_greek_world,Greek World,345.0,theologian | historian,non_europe
604,Q857017,Gaius Blossius,re_greek_world,Greek World,-150.0,philosopher,non_europe
605,Q3371179,Polemarchus,re_greek_world,Greek World,-500.0,philosopher,non_europe
606,Q345277,Basilides,re_greek_world,Greek World,117.0,theologian,non_europe
607,Q3271431,Leon of Byzantium,re_greek_world,Greek World,-400.0,philosopher,non_europe
608,Q212338,Philolaus,re_greek_world,Greek World,-469.0,philosopher | musicologist | astronomer | mathematician,non_europe
609,Q2706119,Telecles,re_greek_world,Greek World,-201.0,philosopher,non_europe
610,Q11906871,Ascletarió,re_greek_world,Greek World,100.0,mathematician,non_europe
611,Q2832178,Alcimus,re_greek_world,Greek World,-350.0,historian,non_europe
612,Q2695686,Abba Hilkiah,re_greek_world,Greek World,1.0,theologian,non_europe
613,Q359945,Melito of Sardis,re_greek_world,Greek World,100.0,philosopher,non_europe
614,Q226868,Zosimos of Panopolis,re_greek_world,Greek World,250.0,philosopher,non_europe
615,Q738605,Boethus of Sidon,re_greek_world,Greek World,-199.0,philosopher,non_europe
616,Q461067,Pantaenus,re_greek_world,Greek World,200.0,theologian | philosopher,non_europe
617,Q7807000,Timosthenes,re_greek_world,Greek World,-301.0,geographer,non_europe
618,Q23061186,Nicolaus Sophista,re_greek_world,Greek World,400.0,philosopher,non_europe
619,Q161853,Hero of Alexandria,re_greek_world,Greek World,10.0,physicist | mathematician,non_europe
620,Q1175868,Menander of Ephesus,re_greek_world,Greek World,-299.0,historian,non_europe
621,Q159905,Hipparchus,re_greek_world,Greek World,-189.0,geographer | astronomer | mathematician,non_europe
622,Q2601910,Aristo of Pella,re_greek_world,Greek World,100.0,historian,non_europe
623,Q131671,Xenophanes,re_greek_world,Greek World,-569.0,philosopher,non_europe
624,Q1113270,Archedemus of Tarsus,re_greek_world,Greek World,-300.0,philosopher,non_europe
625,Q236594,Sextus Empiricus,re_greek_world,Greek World,200.0,philosopher,non_europe
626,Q471218,Callippus of Cyzicus,re_greek_world,Greek World,-369.0,astronomer | mathematician,non_europe
627,Q2639498,Boethus of Sidon,re_greek_world,Greek World,-74.0,philosopher,non_europe
628,Q320042,Antiochus of Ascalon,re_greek_world,Greek World,-123.0,philosopher,non_europe
629,Q461007,Eubulides,re_greek_world,Greek World,-500.0,philosopher,non_europe
630,Q436634,Cassius Longinus,re_greek_world,Greek World,213.0,philosopher,non_europe
631,Q1383804,Heracleides of Cyme,re_greek_world,Greek World,-399.0,historian,non_europe
632,Q248975,Herillus,re_greek_world,Greek World,-279.0,philosopher,non_europe
633,Q447428,Cerinthus,re_greek_world,Greek World,100.0,theologian | philosopher,non_europe
634,Q297776,Pedanius Dioscorides,re_greek_world,Greek World,40.0,botanist | pharmacologist,non_europe
635,Q657941,Albinus,re_greek_world,Greek World,100.0,philosopher,non_europe
636,Q973972,Sporus of Nicaea,re_greek_world,Greek World,240.0,astronomer | mathematician,non_europe
637,Q370123,Apollodorus of Artemita,re_greek_world,Greek World,-129.0,historian,non_europe
638,Q312548,Megasthenes,re_greek_world,Greek World,-350.0,historian | anthropologist,non_europe
639,Q950303,Cratippus of Pergamon,re_greek_world,Greek World,-100.0,philosopher,non_europe
640,Q450311,Alypius,re_greek_world,Greek World,350.0,musicologist,non_europe
641,Q2695791,Abtolemus,re_greek_world,Greek World,101.0,theologian,non_europe
642,Q3502838,Thallus,re_greek_world,Greek World,100.0,historian,non_europe
643,Q1290567,Maximus I of Constantinople,re_greek_world,Greek World,350.0,philosopher,non_europe
644,Q2696474,Apollinaris,re_greek_world,Greek World,400.0,philosopher,non_europe
645,Q365017,Agathocles of Cyzicus,re_greek_world,Greek World,-299.0,historian,non_europe
646,Q429744,Philinus of Agrigentum,re_greek_world,Greek World,-300.0,historian,non_europe
647,Q34943,Ptolemy,re_greek_world,Greek World,100.0,philosopher | musicologist | astronomer | mathematician | geographer,non_europe
648,Q310173,Ammonius Saccas,re_greek_world,Greek World,175.0,philosopher,non_europe
649,Q2319055,Rhianus,re_greek_world,Greek World,-274.0,historian,non_europe
650,Q718003,Possidius of Calama,re_latin,Latin World,370.0,historian,non_europe
651,Q8018,Augustine of Hippo,re_latin,Latin World,354.0,theologian | musicologist | philosopher | historian,non_europe
652,Q342416,Arnobius,re_latin,Latin World,255.0,philosopher,non_europe
653,Q348408,Martianus Capella,re_latin,Latin World,360.0,musicologist | philosopher,non_europe
654,Q261992,Optatus,re_latin,Latin World,400.0,theologian,non_europe
655,Q315670,Juba II,re_latin,Latin World,-47.0,historian,non_europe
656,Q170512,Apuleius,re_latin,Latin World,125.0,philosopher,non_europe
658,Q722705,Aşıkpaşazade,re_ottoman_turkey,Ottoman Turkey,1400.0,historian,non_europe
659,Q1984103,Neşri,re_ottoman_turkey,Ottoman Turkey,1450.0,historian,non_europe
662,Q991343,Oruç,re_ottoman_turkey,Ottoman Turkey,1500.0,historian,non_europe
666,Q343494,Idris Bitlisi,re_ottoman_turkey,Ottoman Turkey,1457.0,historian,non_europe
667,Q317973,Abdüssamed bin-Seyyidî Alî Diyarbekrî,re_ottoman_turkey,Ottoman Turkey,1500.0,historian,non_europe
668,Q2843525,Amirdovlat of Amasia,re_ottoman_turkey,Ottoman Turkey,1420.0,botanist,non_europe
670,Q12810590,Latîfî,re_ottoman_turkey,Ottoman Turkey,1491.0,historian,non_europe
672,Q1559975,Göynüklü Ahmed Efendi,re_ottoman_turkey,Ottoman Turkey,1700.0,historian,non_europe
674,Q449254,Ibn Kemal,re_ottoman_turkey,Ottoman Turkey,1469.0,historian,non_europe
675,Q15137609,Abraham Ankyuratsi,re_ottoman_turkey,Ottoman Turkey,1405.0,historian,non_europe
678,Q4054386,Abbas Wasim Efendi,re_ottoman_turkey,Ottoman Turkey,1689.0,astronomer,non_europe
679,Q1280128,Ebu Sehil Nu'man Efendi,re_ottoman_turkey,Ottoman Turkey,1700.0,historian,non_europe
680,Q353068,Akşemseddin,re_ottoman_turkey,Ottoman Turkey,1389.0,botanist | historian,non_europe
681,Q16329554,Adamantios Risios,re_ottoman_turkey,Ottoman Turkey,1675.0,theologian,non_europe
685,Q462745,Ahmad Khani,re_ottoman_turkey,Ottoman Turkey,1650.0,philosopher,non_europe
686,Q572436,Anthim the Iberian,re_ottoman_turkey,Ottoman Turkey,1650.0,philosopher,non_europe
687,Q317913,Abdurrahman Hibri,re_ottoman_turkey,Ottoman Turkey,1604.0,historian,non_europe
691,Q21541505,Dede Cöngi,re_ottoman_turkey,Ottoman Turkey,1495.0,philosopher,non_europe
697,Q3561173,George Amiroutzes,re_ottoman_turkey,Ottoman Turkey,1400.0,philosopher,non_europe
698,Q64167657,Yeghia Musheghyan,re_ottoman_turkey,Ottoman Turkey,1689.0,historian,non_europe
700,Q5360885,Elijah Bashyazi,re_ottoman_turkey,Ottoman Turkey,1420.0,philosopher,non_europe
702,Q388979,Sharaf Khan Bidlisi,re_ottoman_turkey,Ottoman Turkey,1543.0,historian,non_europe
703,Q16854270,Şükrullah,re_ottoman_turkey,Ottoman Turkey,1388.0,historian,non_europe
704,Q25452040,Hızır Bey,re_ottoman_turkey,Ottoman Turkey,1407.0,theologian | philosopher | logician,non_europe
706,Q4452,Thomas of Metsoph,re_ottoman_turkey,Ottoman Turkey,1378.0,historian,non_europe
709,Q428705,Mustafa Sheykhoghlu,re_ottoman_turkey,Ottoman Turkey,1341.0,linguist,non_europe
710,Q12251667,Yahya al-Yazidi,re_persian_world,Persian world,755.0,linguist,non_europe
711,Q4116564,Mohammad Tahir Vahid Qazvini,re_persian_world,Persian world,1607.0,historian,non_europe
712,Q12178019,Abu Sa'd 'Abd al-Karim al-Samani,re_persian_world,Persian world,1113.0,historian,non_europe
713,Q5942209,Abd-al-Baqi Nahavandi,re_persian_world,Persian world,1570.0,historian,non_europe
714,Q729591,Ata-Malik Juvayni,re_persian_world,Persian world,1226.0,historian,non_europe
715,Q2822174,Abu Nu`aym,re_persian_world,Persian world,948.0,historian,non_europe
716,Q2228574,Zahir al-Din Marashi,re_persian_world,Persian world,1413.0,historian,non_europe
717,Q3456753,Abd al-Qahir al-Jurjani,re_persian_world,Persian world,1001.0,linguist,non_europe
718,Q6419062,Aḥmad Ibn-Fāris,re_persian_world,Persian world,1000.0,historian,non_europe
719,Q11075,Abd al-Rahman al-Sufi,re_persian_world,Persian world,903.0,astronomer | mathematician,non_europe
720,Q293520,Abū Ḥanīfa Dīnawarī,re_persian_world,Persian world,828.0,botanist | astronomer | mathematician | geographer | historian,non_europe
721,Q94875087,ʿAlī Ibn-ʿUbaidallāh Ibn-Bābūya al-Qummī,re_persian_world,Persian world,1100.0,theologian,non_europe
722,Q2658411,Bahāʾ al-dīn al-ʿĀmilī,re_persian_world,Persian world,1547.0,astronomer | philosopher | mathematician,non_europe
723,Q4119490,Mohsen Fayz Kashani,re_persian_world,Persian world,1598.0,philosopher,non_europe
724,Q426523,Kamāl al-Dīn al-Fārisī,re_persian_world,Persian world,1265.0,mathematician,non_europe
725,Q234908,Nezami Ganjavi,re_persian_world,Persian world,1141.0,philosopher,non_europe
726,Q61669,Ibn Bibi,re_persian_world,Persian world,1250.0,historian,non_europe
727,Q4060358,Mu'ayyad al-Din al-'Urdi,re_persian_world,Persian world,1200.0,astronomer,non_europe
728,Q3458926,Ruzbihan Baqli,re_persian_world,Persian world,1128.0,philosopher,non_europe
729,Q115466,Jamshīd al-Kāshī,re_persian_world,Persian world,1380.0,astronomer | mathematician,non_europe
730,Q287573,Baidawi,re_persian_world,Persian world,1201.0,theologian | philosopher,non_europe
731,Q3315763,Mir Damad,re_persian_world,Persian world,1561.0,philosopher,non_europe
732,Q8011,Avicenna,re_persian_world,Persian world,980.0,philosopher | physicist | musicologist | astronomer | mathematician | chemist,non_europe
733,Q140540,Zahed Gilani,re_persian_world,Persian world,1216.0,theologian,non_europe
734,Q6351410,Ibn Manda,re_persian_world,Persian world,922.0,theologian,non_europe
735,Q2031579,Shams al-Dīn al-Samarqandī,re_persian_world,Persian world,1250.0,astronomer | mathematician,non_europe
736,Q335313,Abu Sahl al-Quhi,re_persian_world,Persian world,940.0,astronomer | physicist | mathematician,non_europe
737,Q1152795,Nizami Aruzi,re_persian_world,Persian world,1110.0,philosopher,non_europe
738,Q1048593,Amr ibn Ubayd,re_persian_world,Persian world,699.0,theologian,non_europe
739,Q2024702,Seyid Yahya Bakuvi,re_persian_world,Persian world,1410.0,philosopher,non_europe
740,Q32075,Baha' al-Din Naqshband,re_persian_world,Persian world,1327.0,theologian,non_europe
741,Q558205,Khwaja Abdullah Ansari,re_persian_world,Persian world,1006.0,theologian,non_europe
742,Q5875064,Aziz ad-Din Nasafi,re_persian_world,Persian world,1200.0,philosopher,non_europe
744,Q4060354,Al-Qaffāl al-Shāshī,re_persian_world,Persian world,904.0,linguist,non_europe
745,Q25451998,Abu al-Yusr al-Bazdawi,re_persian_world,Persian world,1030.0,theologian,non_europe
746,Q2986906,Abd al-Qadir Maraghi,re_persian_world,Persian world,1353.0,musicologist,non_europe
747,Q3412455,Qazi Sa’id Qumi,re_persian_world,Persian world,1640.0,philosopher,non_europe
748,Q5636823,Habiballah Esmaili,re_persian_world,Persian world,1344.0,historian,non_europe
749,Q336146,Abu al-Ghazi Bahadur,re_persian_world,Persian world,1603.0,historian,non_europe
750,Q657968,Minhaj-i-Siraj,re_persian_world,Persian world,1193.0,historian,non_europe
752,Q4814466,Roxana Moslehi,re_persian_world,Persian world,1348.0,epidemiologist | botanist,non_europe
756,Q2474377,Muhyi al-Dīn al-Maghribī,re_persian_world,Persian world,1220.0,astronomer | mathematician,non_europe
757,Q12177831,Manṣūr ibn Muḥammad Samʻānī,re_persian_world,Persian world,1035.0,theologian,non_europe
758,Q328782,Rashid-al-Din Hamadani,re_persian_world,Persian world,1247.0,historian,non_europe
759,Q312458,Jami,re_persian_world,Persian world,1414.0,musicologist | philosopher,non_europe
760,Q1377629,Mīr-Khvānd,re_persian_world,Persian world,1433.0,historian,non_europe
761,Q6537635,Abu Nasr Ali ibn Hebatallah ibn Djafar ibn Makula,re_persian_world,Persian world,1030.0,historian,non_europe
762,Q2822092,Abu Sahl 'Isa ibn Yahya al-Masihi,re_persian_world,Persian world,970.0,astronomer | philosopher,non_europe
763,Q4794354,Ibn Hibban,re_persian_world,Persian world,883.0,historian,non_europe
764,Q4561714,Ahmad ibn Muhammad,re_persian_world,Persian world,906.0,philosopher,non_europe
765,Q1093121,Hakim al-Nishaburi,re_persian_world,Persian world,933.0,historian,non_europe
766,Q3319050,Mohammed Qacim Ferichta,re_persian_world,Persian world,1560.0,historian,non_europe
768,Q4090633,Bolad,re_persian_world,Persian world,1240.0,historian,non_europe
769,Q2822093,Abu Said Gorgani,re_persian_world,Persian world,850.0,astronomer | mathematician,non_europe
770,Q482451,Al-Zamakhshari,re_persian_world,Persian world,1075.0,theologian | linguist | philosopher,non_europe
771,Q4117220,Amīn Rāzī,re_persian_world,Persian world,1501.0,geographer,non_europe
772,Q4497394,Khasta Qasim,re_persian_world,Persian world,1684.0,philosopher,non_europe
773,Q1113860,Rashid al-Din Vatvat,re_persian_world,Persian world,1088.0,linguist,non_europe
774,Q6414218,Hasan Beg Rumlu,re_persian_world,Persian world,1530.0,historian,non_europe
775,Q764947,Taftazani,re_persian_world,Persian world,1322.0,theologian | philosopher | mathematician,non_europe
777,Q2743660,Shaykh Saduq,re_persian_world,Persian world,918.0,theologian,non_europe
778,Q254739,Fazlallah Astarabadi,re_persian_world,Persian world,1340.0,philosopher,non_europe
779,Q12227985,Wāḥidī Nīsābūrī,re_persian_world,Persian world,1010.0,theologian | linguist | historian,non_europe
781,Q3814358,Ibn Khuzaymah,re_persian_world,Persian world,838.0,theologian,non_europe
782,Q287479,Estakhri,re_persian_world,Persian world,850.0,geographer,non_europe
783,Q929260,Calanus,re_persian_world,Persian world,-397.0,philosopher,non_europe
784,Q169234,Abu Bakr al-Razi,re_persian_world,Persian world,865.0,philosopher | chemist | mathematician,non_europe
785,Q2511004,Abd al-Razzaq Samarqandi,re_persian_world,Persian world,1413.0,historian,non_europe
786,Q5948206,Abd al-Fattah Fumani,re_persian_world,Persian world,1600.0,historian,non_europe
787,Q12578225,Abu-l-Qasim al-Farabi,re_persian_world,Persian world,1130.0,geographer,non_europe
788,Q2991836,Al-Khazini,re_persian_world,Persian world,1077.0,astronomer | philosopher | physicist | mathematician,non_europe
789,Q62630871,Abu Ishaq al-Saffar al-Bukhari,re_persian_world,Persian world,1067.0,theologian,non_europe
790,Q2561872,Iskandar Beg Munshi,re_persian_world,Persian world,1560.0,historian,non_europe
791,Q3777119,Al-Hurr al-Aamili,re_persian_world,Persian world,1624.0,theologian,non_europe
792,Q330893,Abraham the Great of Kashkar,re_persian_world,Persian world,503.0,theologian,non_europe
793,Q938348,Abou al-Layth As Samarqandî,re_persian_world,Persian world,944.0,theologian,non_europe
795,Q10293670,Seyyed Nematollah Jazayeri,re_persian_world,Persian world,1640.0,theologian,non_europe
796,Q3109034,Khwaju Kermani,re_persian_world,Persian world,1280.0,mathematician,non_europe
797,Q2383120,Abu Nasr Mansur,re_persian_world,Persian world,970.0,astronomer | mathematician,non_europe
799,Q557366,Ibn Tahir al-Baghdadi,re_persian_world,Persian world,980.0,mathematician,non_europe
801,Q5680834,Mohsin Fani,re_persian_world,Persian world,1615.0,historian,non_europe
802,Q11862838,Muhammad Ibn Masud al-Ayyashi,re_persian_world,Persian world,900.0,theologian,non_europe
803,Q1151481,Bahmanyār,re_persian_world,Persian world,993.0,philosopher | mathematician,non_europe
805,Q27825516,Sayyid Ali Akbar,re_persian_world,Persian world,869.0,theologian,non_europe
806,Q12177809,Imam Ar-Rafi'i,re_persian_world,Persian world,1160.0,theologian | historian,non_europe
807,Q353889,Sahl ibn Bishr,re_persian_world,Persian world,786.0,astronomer | mathematician,non_europe
808,Q7226225,Mashrab,re_persian_world,Persian world,1657.0,philosopher,non_europe
809,Q4164865,Al-Tughrai,re_persian_world,Persian world,1061.0,linguist,non_europe
810,Q5960565,Mir Shamsuddin Adib-Soltani,re_persian_world,Persian world,1310.0,philosopher,non_europe
812,Q5724876,Fazl b. Ruzbihan Khunji,re_persian_world,Persian world,1457.0,historian,non_europe
813,Q983510,Jahm bin Safwan,re_persian_world,Persian world,696.0,theologian,non_europe
814,Q4502475,Ḥusain Wāʿiẓ Kāšifī,re_persian_world,Persian world,1461.0,astronomer | mathematician,non_europe
815,Q2620460,Abul-Fazl Bayhaqi,re_persian_world,Persian world,996.0,historian,non_europe
816,Q796587,Shams Tabrizi,re_persian_world,Persian world,1185.0,philosopher,non_europe
818,Q6417154,Baba Kuhi of Shiraz,re_persian_world,Persian world,948.0,philosopher,non_europe
819,Q336653,Alexandre de Rhodes,re_persian_world,Persian world,1593.0,linguist,non_europe
820,Q11906149,Anushirvan ibn Khalid,re_persian_world,Persian world,1060.0,historian,non_europe
821,Q203922,Mani,re_persian_world,Persian world,216.0,theologian | philosopher,non_europe
822,Q983355,Sibawayh,re_persian_world,Persian world,760.0,linguist,non_europe
823,Q2594199,Al-Mahani,re_persian_world,Persian world,820.0,astronomer | mathematician,non_europe
825,Q445398,Fātima bint Mūsā,re_persian_world,Persian world,790.0,theologian,non_europe
828,Q2915197,Wassaf,re_persian_world,Persian world,1265.0,historian,non_europe
829,Q3773706,Abd al-Jabbar ibn Ahmad,re_persian_world,Persian world,935.0,theologian | philosopher,non_europe
830,Q16367981,Fatullah Sirvani,re_persian_world,Persian world,1417.0,mathematician,non_europe
831,Q333703,Fakhr al-Din al-Razi,re_persian_world,Persian world,1150.0,astronomer | philosopher | mathematician,non_europe
832,Q6820795,Abu Mansur al-Azhari,re_persian_world,Persian world,895.0,linguist,non_europe
833,Q5946533,Bi Bi Monajemeh Nishaburi,re_persian_world,Persian world,1203.0,astronomer | mathematician,non_europe
834,Q4116338,Mir Fendereski,re_persian_world,Persian world,1562.0,philosopher,non_europe
835,Q4115259,Abd al-Karīm ibn Hawāzin Qushayri,re_persian_world,Persian world,986.0,philosopher,non_europe
836,Q7489382,Sharaf al-Zaman al-Marwazi,re_persian_world,Persian world,1057.0,zoologist,non_europe
837,Q1231017,Tha'ālibī,re_persian_world,Persian world,961.0,linguist,non_europe
838,Q5964599,Rasul Jafarian,re_persian_world,Persian world,1343.0,historian,non_europe
840,Q25453527,Abu Sahl al-Sa'luki,re_persian_world,Persian world,908.0,theologian,non_europe
841,Q5668442,Naubakht,re_persian_world,Persian world,750.0,astronomer,non_europe
842,Q461062,Al-Karaji,re_persian_world,Persian world,953.0,mathematician,non_europe
844,Q106916684,Arshit Dana,re_persian_world,Persian world,-475.0,philosopher,non_europe
845,Q864619,Rajab Ali Tabrizi,re_persian_world,Persian world,1650.0,philosopher,non_europe
846,Q423644,Ali Qushji,re_persian_world,Persian world,1403.0,astronomer | linguist | physicist | mathematician,non_europe
847,Q729903,Qutb al-Din al-Shirazi,re_persian_world,Persian world,1236.0,philosopher | physicist | musicologist | astronomer | mathematician,non_europe
848,Q12223113,ʻAbd al-Ghāfir ibn Ismāʻīl Fārisī,re_persian_world,Persian world,1059.0,historian,non_europe
849,Q16519243,Abu Abdallah al-Jayhani,re_persian_world,Persian world,801.0,geographer,non_europe
850,Q328796,Nasir Khusraw,re_persian_world,Persian world,1004.0,philosopher,non_europe
851,Q3660690,Iranshahri,re_persian_world,Persian world,900.0,astronomer | philosopher | mathematician,non_europe
852,Q643786,Athīr al-Dīn al-Abharī,re_persian_world,Persian world,1200.0,astronomer | mathematician,non_europe
853,Q1088315,Al Khakim At Termizi,re_persian_world,Persian world,820.0,theologian,non_europe
855,Q17303834,Ibn al-Khammar,re_persian_world,Persian world,942.0,philosopher,non_europe
856,Q9546,Al-Ghazali,re_persian_world,Persian world,1058.0,theologian | philosopher,non_europe
858,Q292178,Al-Fadl ibn Sahl,re_persian_world,Persian world,770.0,astronomer,non_europe
859,Q3827234,Ibn Isfandiyar,re_persian_world,Persian world,1210.0,historian,non_europe
861,Q738649,Hamdallah Mustawfi,re_persian_world,Persian world,1281.0,geographer | historian,non_europe
862,Q335516,Abu Zayd al-Balkhi,re_persian_world,Persian world,850.0,geographer | physicist | mathematician,non_europe
863,Q2626083,Kirakos of Gandzak,re_persian_world,Persian world,1200.0,historian,non_europe
865,Q12177901,Ibn Furak,re_persian_world,Persian world,941.0,theologian,non_europe
867,Q2908840,Zayn al-Din Gorgani,re_persian_world,Persian world,1040.0,philosopher,non_europe
868,Q320324,Ahmad Ghazali,re_persian_world,Persian world,1100.0,theologian,non_europe
869,Q4846224,Abu l-Futuh al-Razi,re_persian_world,Persian world,1087.0,theologian,non_europe
870,Q1821848,Al-Samawal al-Maghribi,re_persian_world,Persian world,1130.0,astronomer | mathematician,non_europe
871,Q15891994,Yovanisik Caretsi,re_persian_world,Persian world,1560.0,historian,non_europe
872,Q52742567,Siraj ud-Din Muhammad ibn Abd ur-Rashid Sajawandi,re_persian_world,Persian world,1200.0,linguist | mathematician,non_europe
873,Q16050084,Ghiyāth al-Dīn Manṣūr Dashtakī Shīrāzī,re_persian_world,Persian world,1462.0,philosopher,non_europe
874,Q66999200,Ibn Abi al-Faraj al-Kinani,re_persian_world,Persian world,1036.0,linguist,non_europe
875,Q11937789,Muhammad ibn Ali Rawandi,re_persian_world,Persian world,1202.0,historian,non_europe
876,Q4115024,Ayn al-Quzat Hamadani,re_persian_world,Persian world,1098.0,philosopher | mathematician,non_europe
877,Q2988556,Al-Nayrizi,re_persian_world,Persian world,865.0,astronomer | mathematician,non_europe
878,Q12194385,An-Nadhar bin Syamil,re_persian_world,Persian world,740.0,astronomer | philosopher | linguist,non_europe
879,Q11826,Al-Biruni,re_persian_world,Persian world,973.0,philosopher | physicist | botanist | astronomer | linguist | mathematician | chemist | anthropologist | geographer | historian,non_europe
880,Q25451679,Abu Al - Moin Al - Nasafi,re_persian_world,Persian world,1046.0,theologian,non_europe
881,Q241026,Muḥammad ibn Ismā‘īl al-Bukhārī,re_persian_world,Persian world,810.0,theologian | historian,non_europe
882,Q20706345,Faṣīḥ al-Dīn Aḥmad Faṣīḥ Khvāfī,re_persian_world,Persian world,1375.0,historian,non_europe
884,Q1050887,Al-Shahrastani,re_persian_world,Persian world,1086.0,philosopher | historian,non_europe
885,Q18325461,Salih ibn Ahmad ibn Hanbal,re_persian_world,Persian world,818.0,theologian,non_europe
886,Q4670206,Abu Hatim Ahmad ibn Hamdan al-Razi,re_persian_world,Persian world,801.0,theologian | philosopher,non_europe
887,Q2663540,Muhammad Bal'ami,re_persian_world,Persian world,1000.0,historian,non_europe
888,Q57633062,Muhammad ibn Hussein al-Zaghuli,re_persian_world,Persian world,1080.0,linguist,non_europe
890,Q2669359,Najm al-Dīn al-Qazwīnī al-Kātibī,re_persian_world,Persian world,1203.0,astronomer | philosopher | mathematician,non_europe
891,Q123088,Ismail II,re_persian_world,Persian world,1533.0,astronomer,non_europe
892,Q5956631,Afdhal al-Din abu Hamid Kermani,re_persian_world,Persian world,1136.0,philosopher | historian,non_europe
894,Q5787478,Hamza al-Isbahani,re_persian_world,Persian world,893.0,historian,non_europe
895,Q1148049,Sanai,re_persian_world,Persian world,1080.0,philosopher,non_europe
897,Q1386256,Qāḍī Zāda al-Rūmī,re_persian_world,Persian world,1364.0,astronomer | mathematician,non_europe
899,Q3327524,Muhammad ibn Ahmad al-Khwarizmi,re_persian_world,Persian world,899.0,historian,non_europe
900,Q6932870,Muhammad ibn Falah,re_persian_world,Persian world,1400.0,theologian,non_europe
901,Q334857,Abu Bakr al-Kalabadhi,re_persian_world,Persian world,950.0,philosopher,non_europe
902,Q2472579,ʿUbaidallāh Ibn-Maḥmūd Aḥrār,re_persian_world,Persian world,1404.0,theologian,non_europe
903,Q35900,Omar Khayyám,re_persian_world,Persian world,1048.0,astronomer | philosopher | physicist | mathematician,non_europe
904,Q12223449,ʿAbdallāh Ibn-Aḥmad Nasafī,re_persian_world,Persian world,1240.0,theologian,non_europe
905,Q3242122,Hasan ibn Zayd,re_persian_world,Persian world,750.0,theologian,non_europe
906,Q4116938,Jalaladdin Davani,re_persian_world,Persian world,1426.0,philosopher,non_europe
907,Q12827721,Abu Mansur al-Maturidi,re_persian_world,Persian world,852.0,philosopher,non_europe
908,Q6417943,Elahi Ardabili,re_persian_world,Persian world,870.0,mathematician,non_europe
909,Q3296224,Muhammad ibn Mahmud Amuli,re_persian_world,Persian world,1300.0,mathematician,non_europe
911,Q563574,Abu Saʿīd Gardēzī,re_persian_world,Persian world,1100.0,geographer | historian,non_europe
912,Q486088,Ulugh Beg,re_persian_world,Persian world,1394.0,astronomer | mathematician,non_europe
913,Q22907093,Muhammad Sadiq Ardestani,re_persian_world,Persian world,1644.0,philosopher,non_europe
915,Q5951549,Qutb al-Din al-Ashkawari,re_persian_world,Persian world,1601.0,philosopher,non_europe
916,Q631972,Safi-ad-din Ardabili,re_persian_world,Persian world,1252.0,theologian,non_europe
919,Q5727594,Muhammad Baqir al-Sabzevari,re_persian_world,Persian world,1608.0,philosopher,non_europe
921,Q5794930,Aqa Husayn Khwansari,re_persian_world,Persian world,1637.0,philosopher,non_europe
922,Q5701959,Abu Hafs Omar al-Nasafi,re_persian_world,Persian world,1067.0,theologian | historian,non_europe
923,Q2991000,Abū Ja'far al-Khāzin,re_persian_world,Persian world,900.0,astronomer | mathematician,non_europe
924,Q194091,Attar of Nishapur,re_persian_world,Persian world,1145.0,philosopher,non_europe
926,Q1963396,Najm al-Din Razi,re_persian_world,Persian world,1177.0,philosopher,non_europe
927,Q315881,Hassan-i Sabbah,re_persian_world,Persian world,1050.0,theologian | astronomer | philosopher,non_europe
928,Q403498,Ismail ibn Hammad al-Jawhari,re_persian_world,Persian world,940.0,linguist,non_europe
929,Q481384,Ebn Meskavayh,re_persian_world,Persian world,932.0,philosopher | historian,non_europe
931,Q4118843,Ibn Khalawayh,re_persian_world,Persian world,950.0,theologian,non_europe
932,Q90863901,Ibn al-Malāḥimī,re_persian_world,Persian world,1050.0,theologian,non_europe
933,Q305325,Al-Isfahani,re_persian_world,Persian world,1000.0,mathematician,non_europe
934,Q2584074,Al-Juwayni,re_persian_world,Persian world,1028.0,theologian,non_europe
935,Q335282,Abū-Sa'īd Abul-Khayr,re_persian_world,Persian world,967.0,theologian,non_europe
936,Q8190792,Jamal ad-Din,re_persian_world,Persian world,1300.0,astronomer,non_europe
937,Q3063378,Ali ibn Mohammed al-Jurjani,re_persian_world,Persian world,1340.0,philosopher,non_europe
938,Q1797377,Najmuddin Kubra,re_persian_world,Persian world,1145.0,philosopher,non_europe
939,Q29996106,Budaq Monshi Qazvini,re_persian_world,Persian world,1510.0,historian,non_europe
941,Q4025793,Ibn Funduq,re_persian_world,Persian world,1106.0,mathematician,non_europe
942,Q282231,Benjamin Nahawandi,re_persian_world,Persian world,750.0,philosopher,non_europe
943,Q5954332,Ahmad Monshi Ghomi,re_persian_world,Persian world,1546.0,historian,non_europe
944,Q293651,Muḥammad Ibn-al-Ḥusain as-Sulamī,re_persian_world,Persian world,937.0,theologian,non_europe
945,Q3110028,Ibn Shahriyar,re_persian_world,Persian world,900.0,geographer,non_europe
951,Q6538434,Sawaguchi Kazuyuki,re_japan,Japan,1670.0,mathematician,non_europe
954,Q683792,Kitabatake Chikafusa,re_japan,Japan,1293.0,historian,non_europe
957,Q311478,Nichiren,re_japan,Japan,1222.0,philosopher,non_europe
960,Q786877,Shibukawa Shunkai,re_japan,Japan,1639.0,astronomer,non_europe
963,Q6538396,Andō Yūeki,re_japan,Japan,1624.0,astronomer,non_europe
970,Q177059,Hakuin Ekaku,re_japan,Japan,1686.0,philosopher,non_europe
972,Q2399435,Miyoshi Kiyotsura,re_japan,Japan,847.0,philosopher,non_europe
973,Q4385767,Bassui Tokushō,re_japan,Japan,1327.0,philosopher,non_europe
974,Q11389078,Irumagawa Shigetsune,re_japan,Japan,1688.0,astronomer,non_europe
976,Q6538534,Muramatsu Shigekiyo,re_japan,Japan,1608.0,mathematician,non_europe
979,Q1150441,Miyake Kanran,re_japan,Japan,1674.0,philosopher,non_europe
982,Q15304349,Tanabe Marefumi,re_japan,Japan,1692.0,historian,non_europe
987,Q1095270,Yamaga Sokō,re_japan,Japan,1622.0,philosopher,non_europe
988,Q193344,Miyamoto Musashi,re_japan,Japan,1585.0,philosopher,non_europe
993,Q1319454,Ishida Baigan,re_japan,Japan,1685.0,philosopher,non_europe
999,Q4067901,Konʼyō Aoki,re_japan,Japan,1698.0,botanist,non_europe
1000,Q6560770,Amenomori Hōshū,re_japan,Japan,1668.0,philosopher,non_europe
1004,Q1150151,Abe no Seimei,re_japan,Japan,921.0,astronomer,non_europe
1011,Q369158,Ogyū Sorai,re_japan,Japan,1666.0,linguist | philosopher | political scientist,non_europe
1014,Q1334965,Keichū,re_japan,Japan,1640.0,linguist,non_europe
1015,Q715993,Jien,re_japan,Japan,1155.0,historian,non_europe
1021,Q1343397,Kamo no Mabuchi,re_japan,Japan,1697.0,linguist | philosopher,non_europe
1025,Q470531,Takakazu Seki,re_japan,Japan,1642.0,mathematician,non_europe
1026,Q449943,Saichō,re_japan,Japan,767.0,philosopher,non_europe
1031,Q1136664,Gyōki,re_japan,Japan,668.0,geographer,non_europe
1032,Q2753679,Nishikawa Joken,re_japan,Japan,1648.0,astronomer,non_europe
1040,Q378425,Fujiwara no Teika,re_japan,Japan,1162.0,linguist,non_europe
1046,Q6563258,Dazai Shundai,re_japan,Japan,1680.0,political scientist,non_europe
1048,Q1063276,Kibi no Makibi,re_japan,Japan,695.0,philosopher,non_europe
1049,Q551135,Miyazaki Yasusada,re_japan,Japan,1623.0,botanist,non_europe
1051,Q11561574,Shibukawa Hirotada,re_japan,Japan,1696.0,astronomer,non_europe
1053,Q558279,Hayashi Razan,re_japan,Japan,1583.0,philosopher,non_europe
1055,Q6565179,Muro Kyūsō,re_japan,Japan,1658.0,philosopher,non_europe
1059,Q11661892,Aoki Nagayuki,re_japan,Japan,1669.0,astronomer,non_europe
1062,Q11575248,Tanaka Kyūgu,re_japan,Japan,1662.0,political scientist,non_europe
1064,Q6538413,Imamura Tomoaki,re_japan,Japan,1624.0,mathematician,non_europe
1070,Q467616,Arai Hakuseki,re_japan,Japan,1657.0,historian | philosopher | economist,non_europe
1092,Q169352,Zeami Motokiyo,re_japan,Japan,1363.0,philosopher,non_europe
1093,Q231603,Sei Shōnagon,re_japan,Japan,966.0,historian,non_europe
1094,Q1037304,Kumazawa Banzan,re_japan,Japan,1619.0,philosopher,non_europe
1098,Q548162,Yamamoto Tsunetomo,re_japan,Japan,1659.0,philosopher,non_europe
1100,Q11366221,Nakane Genkei,re_japan,Japan,1662.0,musicologist,non_europe
1104,Q12954243,Yoshisuke Matsunaga,re_japan,Japan,1690.0,mathematician,non_europe
1109,Q3915605,Kurushima Kinai,re_japan,Japan,1650.0,mathematician,non_europe
1110,Q384703,Musō Soseki,re_japan,Japan,1275.0,philosopher,non_europe
1113,Q640808,Jinsai Itō,re_japan,Japan,1627.0,philosopher,non_europe
1117,Q3148401,Ikeda Mitsumasa,re_japan,Japan,1609.0,philosopher,non_europe
1119,Q1334955,Kada no Azumamaro,re_japan,Japan,1669.0,linguist,non_europe
1120,Q1065728,Toju Nakae,re_japan,Japan,1608.0,philosopher,non_europe
1122,Q1527039,Yoshida Mitsuyoshi,re_japan,Japan,1598.0,mathematician,non_europe
1125,Q1362200,Toneri-shinnō,re_japan,Japan,676.0,historian,non_europe
1132,Q3128831,Hayashi Ryūkō,re_japan,Japan,1681.0,philosopher,non_europe
1135,Q318064,Dōgen,re_japan,Japan,1200.0,philosopher,non_europe
1137,Q726163,Kambei Mori,re_japan,Japan,1600.0,mathematician,non_europe
1139,Q705860,Anjirō,re_japan,Japan,1600.0,linguist,non_europe
1147,Q662447,Takebe Katahiro,re_japan,Japan,1664.0,mathematician,non_europe
1152,Q1721396,Kaibara Ekken,re_japan,Japan,1630.0,botanist | philosopher,non_europe
1154,Q6565636,Yamazaki Ansai,re_japan,Japan,1619.0,philosopher,non_europe
1159,Q222227,Kūkai,re_japan,Japan,774.0,linguist | philosopher,non_europe
1167,Q11642302,Endō Moritoshi,re_japan,Japan,1669.0,astronomer,non_europe
1168,Q655390,Fujiwara Seika,re_japan,Japan,1561.0,philosopher,non_europe
1176,Q6538408,Isomura Yoshinori,re_japan,Japan,1650.0,mathematician,non_europe
1177,Q63566583,Jinzan Tani,re_japan,Japan,1663.0,astronomer,non_europe
1184,Q3128822,Hayashi Hōkō,re_japan,Japan,1644.0,philosopher,non_europe
1200,Q11564289,Minamoto no Yoshiari,re_japan,Japan,845.0,historian,non_europe
1203,Q1559382,Minamoto no Shitagō,re_japan,Japan,911.0,linguist,non_europe
1205,Q1952005,Mukai Genshō,re_japan,Japan,1609.0,botanist,non_europe
1209,Q11583182,Zhen Dexiu,re_chinese_world,Chinese world,1178.0,philosopher,non_europe
1210,Q2912463,Zhao Mengjian,re_chinese_world,Chinese world,1199.0,historian,non_europe
1211,Q6146198,Qian Qianyi,re_chinese_world,Chinese world,1582.0,historian,non_europe
1212,Q371966,Feng Menglong,re_chinese_world,Chinese world,1574.0,historian,non_europe
1213,Q712287,Jizang,re_chinese_world,Chinese world,549.0,philosopher,non_europe
1214,Q15912473,Fan Zuyu,re_chinese_world,Chinese world,1041.0,historian,non_europe
1217,Q197958,Zhou Daguan,re_chinese_world,Chinese world,1266.0,geographer,non_europe
1218,Q558380,Cheng Yi,re_chinese_world,Chinese world,1033.0,philosopher,non_europe
1219,Q1206650,Ma Duanlin,re_chinese_world,Chinese world,1245.0,historian,non_europe
1220,Q713013,Song Lian,re_chinese_world,Chinese world,1310.0,historian,non_europe
1221,Q4272132,Lü Zuqian,re_chinese_world,Chinese world,1137.0,historian,non_europe
1222,Q319329,Wang Chong,re_chinese_world,Chinese world,27.0,astronomer | philosopher | meteorologist | mathematician,non_europe
1223,Q699266,Zheng Qiao,re_chinese_world,Chinese world,1104.0,astronomer | historian,non_europe
1225,Q36020,Su Shi,re_chinese_world,Chinese world,1037.0,historian,non_europe
1226,Q14942746,Gao Panlong,re_chinese_world,Chinese world,1562.0,philosopher,non_europe
1227,Q8011232,Wang Gen,re_chinese_world,Chinese world,1483.0,philosopher,non_europe
1228,Q319618,Wang Anshi,re_chinese_world,Chinese world,1021.0,economist,non_europe
1231,Q981888,Tao Hongjing,re_chinese_world,Chinese world,456.0,philosopher,non_europe
1233,Q197206,Zhang Heng,re_chinese_world,Chinese world,78.0,philosopher | astronomer | mathematician | anthropologist | geographer,non_europe
1234,Q697553,Ye Shi,re_chinese_world,Chinese world,1150.0,philosopher,non_europe
1235,Q10425950,Tian Xi,re_chinese_world,Chinese world,940.0,historian,non_europe
1236,Q187172,Bodhidharma,re_chinese_world,Chinese world,483.0,philosopher,non_europe
1237,Q1914745,Mazu Daoyi,re_chinese_world,Chinese world,709.0,philosopher,non_europe
1238,Q11042295,Qu Dajun,re_chinese_world,Chinese world,1630.0,geographer | historian,non_europe
1239,Q1154748,Jin Shengtan,re_chinese_world,Chinese world,1610.0,philosopher,non_europe
1240,Q1070259,Qiao Zhou,re_chinese_world,Chinese world,199.0,astronomer,non_europe
1241,Q9397,Zhu Xi,re_chinese_world,Chinese world,1130.0,philosopher | historian,non_europe
1242,Q420427,Xu Guangqi,re_chinese_world,Chinese world,1562.0,astronomer | mathematician,non_europe
1243,Q699485,Liu Ji,re_chinese_world,Chinese world,1311.0,astronomer | philosopher | historian,non_europe
1245,Q197172,Zhang Daoling,re_chinese_world,Chinese world,34.0,philosopher,non_europe
1247,Q15927765,Fan Zhen,re_chinese_world,Chinese world,1007.0,historian,non_europe
1248,Q45378990,Fei Shiyin,re_chinese_world,Chinese world,1160.0,historian,non_europe
1249,Q15913733,Xichan Wang,re_chinese_world,Chinese world,1628.0,astronomer | mathematician,non_europe
1250,Q706214,Zhang Dai,re_chinese_world,Chinese world,1597.0,historian,non_europe
1251,Q3497131,Luo Hongxian,re_chinese_world,Chinese world,1504.0,geographer,non_europe
1252,Q15888775,Zhongtong Fang,re_chinese_world,Chinese world,1634.0,mathematician,non_europe
1253,Q712125,Yin Mo,re_chinese_world,Chinese world,101.0,philosopher,non_europe
1254,Q11115066,Mei Juecheng,re_chinese_world,Chinese world,1681.0,mathematician,non_europe
1255,Q1156713,He Yan,re_chinese_world,Chinese world,195.0,philosopher,non_europe
1256,Q979653,Paramartha,re_chinese_world,Chinese world,499.0,philosopher,non_europe
1258,Q21814440,Gu Yingxiang,re_chinese_world,Chinese world,1483.0,historian,non_europe
1259,Q11080108,Wen Bing,re_chinese_world,Chinese world,1609.0,historian,non_europe
1260,Q553678,Ge Hong,re_chinese_world,Chinese world,284.0,philosopher,non_europe
1261,Q11147294,Hong Mai,re_chinese_world,Chinese world,1123.0,historian,non_europe
1262,Q227444,Zu Chongzhi,re_chinese_world,Chinese world,429.0,astronomer | mathematician,non_europe
1263,Q378462,Wang Yangming,re_chinese_world,Chinese world,1472.0,philosopher,non_europe
1264,Q698817,Zhao Rukuo,re_chinese_world,Chinese world,1170.0,geographer | historian,non_europe
1265,Q3274593,Wang Fan,re_chinese_world,Chinese world,228.0,astronomer | mathematician,non_europe
1266,Q11094966,Heling Zhu,re_chinese_world,Chinese world,1606.0,philosopher,non_europe
1267,Q1367171,Xu Xiake,re_chinese_world,Chinese world,1587.0,geographer,non_europe
1268,Q345012,Huineng,re_chinese_world,Chinese world,638.0,philosopher,non_europe
1269,Q17040371,Zhao Youqin,re_chinese_world,Chinese world,1279.0,astronomer | mathematician,non_europe
1270,Q3573233,Yungton Dorje Pel,re_chinese_world,Chinese world,1284.0,philosopher,non_europe
1271,Q11109045,Zha Jizuo,re_chinese_world,Chinese world,1601.0,historian,non_europe
1272,Q5363752,Cheng Dawei,re_chinese_world,Chinese world,1533.0,mathematician,non_europe
1275,Q565225,Qin Jiushao,re_chinese_world,Chinese world,1208.0,meteorologist | mathematician,non_europe
1276,Q11067446,Zhang Xie,re_chinese_world,Chinese world,1574.0,geographer,non_europe
1277,Q45537230,Mao Qianqian,re_chinese_world,Chinese world,1653.0,astronomer | mathematician,non_europe
1278,Q10330338,Zhu Bian,re_chinese_world,Chinese world,1085.0,historian,non_europe
1280,Q707875,Fang Xiaoru,re_chinese_world,Chinese world,1357.0,historian,non_europe
1282,Q270085,Shen Kuo,re_chinese_world,Chinese world,1031.0,zoologist | physicist | philosopher | botanist | astronomer | meteorologist | mathematician | geologist | anthropologist | geographer | economist,non_europe
1283,Q334323,Ouyang Xiu,re_chinese_world,Chinese world,1007.0,philosopher | historian,non_europe
1285,Q11646955,Jin Lvxiang,re_chinese_world,Chinese world,1232.0,historian,non_europe
1286,Q574521,Yang Hui,re_chinese_world,Chinese world,1238.0,mathematician,non_europe
1287,Q626019,Araniko,re_chinese_world,Chinese world,1244.0,astronomer,non_europe
1288,Q11097372,Li Tao,re_chinese_world,Chinese world,1115.0,historian,non_europe
1289,Q553520,Yang Xiong,re_chinese_world,Chinese world,-52.0,linguist | philosopher,non_europe
1290,Q5071661,Chang Qu,re_chinese_world,Chinese world,291.0,historian,non_europe
1291,Q561165,Shen Yue,re_chinese_world,Chinese world,441.0,historian,non_europe
1292,Q2466384,Lu Jiuyuan,re_chinese_world,Chinese world,1139.0,philosopher,non_europe
1293,Q18812219,Qu Taisu,re_chinese_world,Chinese world,1549.0,mathematician,non_europe
1294,Q3051507,Hua He,re_chinese_world,Chinese world,219.0,historian,non_europe
1296,Q45691164,Qu Jiusi,re_chinese_world,Chinese world,1546.0,historian,non_europe
1297,Q6121590,Gu Xiancheng,re_chinese_world,Chinese world,1550.0,philosopher,non_europe
1298,Q1292321,Zhang Sixun,re_chinese_world,Chinese world,1050.0,astronomer,non_europe
1300,Q15449527,Chen Hongxu,re_chinese_world,Chinese world,1597.0,archeologist | historian,non_europe
1301,Q11089447,Yan Shu,re_chinese_world,Chinese world,991.0,historian,non_europe
1302,Q457972,Guan Zhong,re_chinese_world,Chinese world,-719.0,philosopher,non_europe
1303,Q11073410,Hui Dong,re_chinese_world,Chinese world,1697.0,philosopher,non_europe
1304,Q1387854,Desi Sangye Gyatso,re_chinese_world,Chinese world,1653.0,historian,non_europe
1305,Q1088063,Hua Sui,re_chinese_world,Chinese world,1439.0,historian,non_europe
1306,Q7267602,Qian Dehong,re_chinese_world,Chinese world,1496.0,philosopher,non_europe
1307,Q5950484,Xu Ai,re_chinese_world,Chinese world,1487.0,philosopher,non_europe
1308,Q31754,Huang Zongxi,re_chinese_world,Chinese world,1610.0,philosopher | historian,non_europe
1309,Q11095476,Li Guangdi,re_chinese_world,Chinese world,1642.0,philosopher,non_europe
1310,Q10543449,Lu Zhen,re_chinese_world,Chinese world,957.0,historian,non_europe
1311,Q714374,Wang Fuzhi,re_chinese_world,Chinese world,1619.0,philosopher | historian,non_europe
1312,Q626733,Fan Chengda,re_chinese_world,Chinese world,1126.0,geographer,non_europe
1313,Q515272,Rigdzin Tsewang Norbu,re_chinese_world,Chinese world,1698.0,historian,non_europe
1314,Q706837,Liu Yuxi,re_chinese_world,Chinese world,772.0,philosopher,non_europe
1317,Q16076318,Xu Dong,re_chinese_world,Chinese world,976.0,historian,non_europe
1318,Q3315279,Zheng Ruozeng,re_chinese_world,Chinese world,1503.0,geographer,non_europe
1319,Q12165238,Fang Yizhi,re_chinese_world,Chinese world,1611.0,linguist,non_europe
1320,Q30949294,Ouyang De,re_chinese_world,Chinese world,1496.0,philosopher,non_europe
1321,Q558192,Cheng Hao,re_chinese_world,Chinese world,1032.0,philosopher,non_europe
1323,Q4578350,Chen Hongmou,re_chinese_world,Chinese world,1696.0,philosopher,non_europe
1324,Q699303,Chen Di,re_chinese_world,Chinese world,1541.0,linguist,non_europe
1325,Q698177,Li Zhi,re_chinese_world,Chinese world,1527.0,philosopher,non_europe
1326,Q197778,Zhiyi,re_chinese_world,Chinese world,538.0,philosopher,non_europe
1327,Q1288620,Wen Tong,re_chinese_world,Chinese world,1018.0,historian,non_europe
1328,Q4501983,Hu Hong,re_chinese_world,Chinese world,1105.0,philosopher,non_europe
1331,Q537211,Dong Qichang,re_chinese_world,Chinese world,1555.0,art theorist,non_europe
1332,Q703776,Du Qiong,re_chinese_world,Chinese world,101.0,astronomer,non_europe
1333,Q6473698,Lai Zhide,re_chinese_world,Chinese world,1525.0,philosopher,non_europe
1334,Q15941622,Chen Ji,re_chinese_world,Chinese world,1363.0,historian,non_europe
1335,Q716389,Li Gonglin,re_chinese_world,Chinese world,1049.0,archeologist | anthropologist,non_europe
1336,Q379577,Marpa Chokyi Lodro,re_chinese_world,Chinese world,1012.0,philosopher,non_europe
1337,Q1195906,Gu Yanwu,re_chinese_world,Chinese world,1613.0,philosopher | astronomer | linguist | geographer | historian,non_europe
1338,Q12159927,Tao Zongyi,re_chinese_world,Chinese world,1329.0,historian,non_europe
1339,Q1265657,Su Song,re_chinese_world,Chinese world,1020.0,zoologist | philosopher | botanist | astronomer | mathematician | geographer,non_europe
1340,Q16260354,Wang Kentang,re_chinese_world,Chinese world,1549.0,historian,non_europe
1342,Q1268609,Wu Zixu,re_chinese_world,Chinese world,-525.0,philosopher,non_europe
1344,Q31765,Fan Zhen,re_chinese_world,Chinese world,450.0,philosopher,non_europe
1345,Q11094003,Zhu Yizun,re_chinese_world,Chinese world,1629.0,historian,non_europe
1347,Q947874,Gö Lotsawa Zhönnu-pel,re_chinese_world,Chinese world,1392.0,historian,non_europe
1350,Q265181,He Xinyin,re_chinese_world,Chinese world,1517.0,philosopher,non_europe
1352,Q1275360,Zeng Gong,re_chinese_world,Chinese world,1019.0,historian,non_europe
1353,Q4501976,Anguo Hu,re_chinese_world,Chinese world,1074.0,philosopher,non_europe
1354,Q1155951,Su Zhe,re_chinese_world,Chinese world,1039.0,philosopher | historian,non_europe
1355,Q15920149,Qian Tan,re_chinese_world,Chinese world,1594.0,historian,non_europe
1357,Q20048449,Xue Fengzuo,re_chinese_world,Chinese world,1600.0,astronomer | mathematician,non_europe
1358,Q698543,Chen Baisha,re_chinese_world,Chinese world,1428.0,philosopher,non_europe
1359,Q13553235,Zhan Ruoshui,re_chinese_world,Chinese world,1466.0,philosopher,non_europe
1360,Q6728564,Chu Jen,re_chinese_world,Chinese world,1361.0,historian,non_europe
1362,Q10897757,Liu Hong,re_chinese_world,Chinese world,130.0,astronomer | mathematician,non_europe
1363,Q11835,Manuel Dias,re_chinese_world,Chinese world,1574.0,astronomer,non_europe
1364,Q985731,Xu Jingzong,re_chinese_world,Chinese world,592.0,geographer,non_europe
1365,Q1207661,Shan Tao,re_chinese_world,Chinese world,205.0,philosopher,non_europe
1366,Q37151,Sun Tzu,re_chinese_world,Chinese world,-543.0,philosopher,non_europe
1367,Q16076832,Ma Xu,re_chinese_world,Chinese world,70.0,historian,non_europe
1369,Q15917614,Wei Liaoweng,re_chinese_world,Chinese world,1178.0,philosopher,non_europe
1372,Q5895740,Hong Zicheng,re_chinese_world,Chinese world,1593.0,philosopher,non_europe
1373,Q12159141,Xu Yue,re_chinese_world,Chinese world,160.0,astronomer | philosopher | mathematician,non_europe
1379,Q42063,Xuanzang,re_chinese_world,Chinese world,602.0,philosopher,non_europe
1380,Q7967473,Wang Jia,re_chinese_world,Chinese world,400.0,historian,non_europe
1381,Q8070452,Zhang Zhu,re_chinese_world,Chinese world,1287.0,historian,non_europe
1382,Q2638471,Wei Shou,re_chinese_world,Chinese world,506.0,historian,non_europe
1383,Q587037,Antoine Thomas,re_chinese_world,Chinese world,1644.0,astronomer | linguist | mathematician,non_europe
1384,Q6042323,Yi Kaizhan,re_chinese_world,Chinese world,1400.0,mathematician,non_europe
1386,Q233340,Matteo Ricci,re_chinese_world,Chinese world,1552.0,geographer | mathematician,non_europe
1388,Q3287200,Mao Yuanyi,re_chinese_world,Chinese world,1594.0,historian,non_europe
1389,Q713247,Yishiha,re_chinese_world,Chinese world,1409.0,geographer,non_europe
1390,Q28414458,Yang Huan,re_chinese_world,Chinese world,1234.0,linguist,non_europe
1392,Q1872767,Lu Zhonglian,re_chinese_world,Chinese world,-304.0,philosopher,non_europe
1393,Q710705,Yi Xing,re_chinese_world,Chinese world,683.0,astronomer | mathematician,non_europe
1394,Q1260120,Dromton Gyelwa Jungne,re_chinese_world,Chinese world,1008.0,theologian,non_europe
1395,Q563564,Mahmud al-Kashgari,re_chinese_world,Chinese world,1029.0,geographer | linguist,non_europe
1397,Q11097685,Li Fu,re_chinese_world,Chinese world,1673.0,philosopher,non_europe
1398,Q62575481,Su Ma,re_chinese_world,Chinese world,1621.0,historian,non_europe
1400,Q840344,He Chengtian,re_chinese_world,Chinese world,370.0,mathematician,non_europe
1401,Q6688486,Lazzaro Cattaneo,re_chinese_world,Chinese world,1560.0,linguist,non_europe
1403,Q11053630,Shi Cui,re_chinese_world,Chinese world,103.0,botanist,non_europe
1404,Q16260015,Ma Duo,re_chinese_world,Chinese world,1366.0,historian,non_europe
1405,Q47739,Zhuangzi,re_chinese_world,Chinese world,-368.0,philosopher,non_europe
1406,Q13634415,Fan Zhi,re_chinese_world,Chinese world,911.0,historian,non_europe
1407,Q711413,Pei Ju,re_chinese_world,Chinese world,547.0,geographer,non_europe
1408,Q1151004,Yan Yuan,re_chinese_world,Chinese world,1635.0,philosopher,non_europe
1409,Q11069736,Peng Shiwang,re_chinese_world,Chinese world,1610.0,historian,non_europe
1410,Q10417558,Wang Yi,re_chinese_world,Chinese world,1433.0,historian,non_europe
1412,Q16259886,Xiong Bolong,re_chinese_world,Chinese world,1617.0,philosopher,non_europe
1413,Q11665206,Gu Zuyu,re_chinese_world,Chinese world,1631.0,geographer,non_europe
1414,Q11611790,Wei Hu,re_chinese_world,Chinese world,1633.0,historian,non_europe
1415,Q716190,Li Kui,re_chinese_world,Chinese world,-500.0,philosopher,non_europe
1416,Q5372193,Xie Cheng,re_chinese_world,Chinese world,182.0,historian,non_europe
1417,Q1292375,Zu Gengzhi,re_chinese_world,Chinese world,480.0,mathematician,non_europe
1418,Q1194206,Huiyuan,re_chinese_world,Chinese world,334.0,philosopher,non_europe
1421,Q265470,Xavier Ehrenbert Fridelli,re_chinese_world,Chinese world,1673.0,geographer,non_europe
1422,Q12147676,Erdeni,re_chinese_world,Chinese world,1592.0,linguist,non_europe
1423,Q15903781,Huo Tao,re_chinese_world,Chinese world,1487.0,historian,non_europe
1424,Q580624,Cao Chong,re_chinese_world,Chinese world,196.0,physicist,non_europe
1425,Q33566,Sima Guang,re_chinese_world,Chinese world,1019.0,historian,non_europe
1426,Q2361499,Jean-François Gerbillon,re_chinese_world,Chinese world,1654.0,astronomer | mathematician,non_europe
1427,Q16259917,Xun Can,re_chinese_world,Chinese world,201.0,philosopher,non_europe
1428,Q45572545,Wang Kai,re_chinese_world,Chinese world,1317.0,historian,non_europe
1429,Q45645724,Zheng Gao,re_chinese_world,Chinese world,1486.0,historian,non_europe
1431,Q277386,Wang Xuance,re_chinese_world,Chinese world,700.0,historian,non_europe
1432,Q197295,Zhang Tingyu,re_chinese_world,Chinese world,1672.0,historian,non_europe
1433,Q11084989,Fang Bao,re_chinese_world,Chinese world,1668.0,philosopher,non_europe
1434,Q366120,Lü Buwei,re_chinese_world,Chinese world,-290.0,philosopher,non_europe
1437,Q45559414,Chen Lian,re_chinese_world,Chinese world,1370.0,historian,non_europe
1439,Q45702763,Gu Tianxi,re_chinese_world,Chinese world,1589.0,historian,non_europe
1440,Q198136,"Zhu Zaiyu, Prince of Zheng",re_chinese_world,Chinese world,1536.0,historian | astronomer | physicist | mathematician,non_europe
1441,Q28959,Han Fei Zi,re_chinese_world,Chinese world,-279.0,philosopher,non_europe
1442,Q2898749,Su Shunqin,re_chinese_world,Chinese world,1008.0,historian,non_europe
1443,Q713554,Wang Su,re_chinese_world,Chinese world,195.0,philosopher,non_europe
1445,Q736629,Guo Huai,re_chinese_world,Chinese world,187.0,historian,non_europe
1447,Q10542488,Zhao Fang,re_chinese_world,Chinese world,1319.0,historian,non_europe
1449,Q1291953,Guo Xiang,re_chinese_world,Chinese world,252.0,philosopher,non_europe
1450,Q864708,Gan Bao,re_chinese_world,Chinese world,201.0,historian,non_europe
1451,Q378277,Ferdinand Verbiest,re_chinese_world,Chinese world,1623.0,astronomer | mathematician,non_europe
1452,Q5192697,Cui Renshi,re_chinese_world,Chinese world,580.0,historian,non_europe
1453,Q1291946,Zhi Dun,re_chinese_world,Chinese world,314.0,philosopher,non_europe
1454,Q657368,Ma Rong,re_chinese_world,Chinese world,79.0,philosopher,non_europe
1455,Q1370440,Johann Schreck,re_chinese_world,Chinese world,1576.0,botanist | astronomer,non_europe
1458,Q312978,Faxian,re_chinese_world,Chinese world,340.0,historian,non_europe
1460,Q110945420,Shen Bingzhen,re_chinese_world,Chinese world,1679.0,historian,non_europe
1462,Q16078617,Gu Donggao,re_chinese_world,Chinese world,1679.0,historian,non_europe
1463,Q17164322,Chen Jian,re_chinese_world,Chinese world,1497.0,historian,non_europe
1465,Q11095891,Li Tianjing,re_chinese_world,Chinese world,1579.0,mathematician,non_europe
1466,Q843276,Ying Shao,re_chinese_world,Chinese world,140.0,linguist,non_europe
1472,Q986624,Jiao Yu,re_chinese_world,Chinese world,1350.0,philosopher,non_europe
1473,Q5433784,Fang Hui,re_chinese_world,Chinese world,1227.0,historian,non_europe
1474,Q704075,Mao Qiling,re_chinese_world,Chinese world,1623.0,philosopher | historian,non_europe
1476,Q380598,Sun Ce,re_chinese_world,Chinese world,175.0,philosopher,non_europe
1477,Q1632823,Huangbo Xiyun,re_chinese_world,Chinese world,800.0,philosopher,non_europe
1478,Q765572,Guo Pu,re_chinese_world,Chinese world,276.0,historian,non_europe
1479,Q716876,Chen Tuan,re_chinese_world,Chinese world,871.0,philosopher,non_europe
1480,Q10900149,Liu Xianting,re_chinese_world,Chinese world,1648.0,historian,non_europe
1481,Q45469545,Ma Gui,re_chinese_world,Chinese world,1394.0,historian,non_europe
1482,Q216072,Xunzi,re_chinese_world,Chinese world,-312.0,philosopher,non_europe
1483,Q10816714,Liu Zongzhou,re_chinese_world,Chinese world,1587.0,philosopher,non_europe
1484,Q5369940,Kong Yingda,re_chinese_world,Chinese world,574.0,philosopher,non_europe
1485,Q11353853,Wan Sitong,re_chinese_world,Chinese world,1638.0,historian,non_europe
1487,Q994515,Giacomo Rho,re_chinese_world,Chinese world,1592.0,astronomer | mathematician,non_europe
1488,Q15926393,Ma Wei,re_chinese_world,Chinese world,1621.0,historian,non_europe
1490,Q468712,Ji Kang,re_chinese_world,Chinese world,223.0,philosopher,non_europe
1491,Q16138226,Bei Qiong,re_chinese_world,Chinese world,1314.0,historian,non_europe
1493,Q316304,Liu Hui,re_chinese_world,Chinese world,225.0,mathematician,non_europe
1494,Q11054345,"Chi, Chün-tao",re_chinese_world,Chinese world,263.0,botanist,non_europe
1495,Q10910502,Wei Su,re_chinese_world,Chinese world,1303.0,historian,non_europe
1496,Q45416277,Qi Jiguang,re_chinese_world,Chinese world,1528.0,historian,non_europe
1498,Q559731,Xu Shen,re_chinese_world,Chinese world,58.0,linguist,non_europe
1499,Q10788251,Liu Xu,re_chinese_world,Chinese world,888.0,historian,non_europe
1500,Q197813,Zhong Hui,re_chinese_world,Chinese world,225.0,philosopher,non_europe
1501,Q95369,Ignaz Kögler,re_chinese_world,Chinese world,1680.0,astronomer,non_europe
1502,Q10944085,Bu Shang,re_chinese_world,Chinese world,-506.0,philosopher,non_europe
1503,Q15934970,Wang Wei,re_chinese_world,Chinese world,1322.0,historian,non_europe
1504,Q1185798,Chao Cuo,re_chinese_world,Chinese world,-199.0,philosopher,non_europe
1506,Q378356,Wei Zheng,re_chinese_world,Chinese world,580.0,philosopher | historian,non_europe
1507,Q45613140,Yang Lian,re_chinese_world,Chinese world,1452.0,astronomer | mathematician,non_europe
1508,Q8071112,Zhu Guozhen,re_chinese_world,Chinese world,1557.0,historian,non_europe
1509,Q1243676,Martino Martini,re_chinese_world,Chinese world,1614.0,geographer | historian,non_europe
1513,Q152919,Li Si,re_chinese_world,Chinese world,-279.0,philosopher,non_europe
1514,Q17163746,Wan Jing,re_chinese_world,Chinese world,1659.0,historian,non_europe
1515,Q197338,Zhang Zai,re_chinese_world,Chinese world,1020.0,philosopher,non_europe
1517,Q11067613,Zhang Cang,re_chinese_world,Chinese world,-252.0,mathematician,non_europe
1518,Q1049563,Lodovico Buglio,re_chinese_world,Chinese world,1606.0,mathematician,non_europe
1519,Q736647,Fang Xuanling,re_chinese_world,Chinese world,578.0,historian,non_europe
1520,Q45414781,Feng Zizhen,re_chinese_world,Chinese world,1257.0,historian,non_europe
1521,Q698925,Li Shizhen,re_chinese_world,Chinese world,1517.0,botanist,non_europe
1523,Q4587779,Yang Guangxian,re_chinese_world,Chinese world,1597.0,astronomer,non_europe
1524,Q733082,Guo Shoujing,re_chinese_world,Chinese world,1231.0,astronomer | mathematician,non_europe
1525,Q724293,Sengzhao,re_chinese_world,Chinese world,384.0,philosopher,non_europe
1526,Q45648447,Zheng Qi,re_chinese_world,Chinese world,1428.0,historian,non_europe
1527,Q9372,Sima Qian,re_chinese_world,Chinese world,-144.0,astronomer | philosopher | historian | mathematician,non_europe
1529,Q7967402,Wang Daiyu,re_chinese_world,Chinese world,1600.0,philosopher,non_europe
1530,Q1147782,Xiang Xiu,re_chinese_world,Chinese world,250.0,philosopher,non_europe
1531,Q118467,Nicolas Fiva,re_chinese_world,Chinese world,1609.0,theologian | mathematician,non_europe
1532,Q13424361,Liu Zhi,re_chinese_world,Chinese world,1669.0,philosopher,non_europe
1533,Q11125626,Yin Shidan,re_chinese_world,Chinese world,1522.0,historian,non_europe
1534,Q45602254,Tang Su,re_chinese_world,Chinese world,1331.0,historian,non_europe
1535,Q4604,Confucius,re_chinese_world,Chinese world,-550.0,philosopher,non_europe
1536,Q5049015,Caspar Castner,re_chinese_world,Chinese world,1655.0,geographer | astronomer | mathematician,non_europe
1537,Q45369541,Bo Ting,re_chinese_world,Chinese world,1248.0,historian,non_europe
1538,Q4385580,Pei Wei (Jin dynasty),re_chinese_world,Chinese world,267.0,philosopher,non_europe
1539,Q3508627,Karel Slavíček,re_chinese_world,Chinese world,1678.0,astronomer | linguist | mathematician | musicologist,non_europe
1541,Q218900,Shi Shen,re_chinese_world,Chinese world,-400.0,astronomer,non_europe
1542,Q2401828,Sima Tan,re_chinese_world,Chinese world,-164.0,historian,non_europe
1543,Q10918606,Wu Renchen,re_chinese_world,Chinese world,1628.0,historian | mathematician,non_europe
1544,Q15912341,Wang Dan,re_chinese_world,Chinese world,957.0,historian,non_europe
1546,Q10945451,Sun Yuanhua,re_chinese_world,Chinese world,1582.0,mathematician,non_europe
1547,Q8059959,Yu Qin,re_chinese_world,Chinese world,1284.0,geographer,non_europe
1548,Q2856647,Fu Sheng,re_chinese_world,Chinese world,-267.0,philosopher,non_europe
1549,Q4260681,Li Gong,re_chinese_world,Chinese world,1659.0,historian,non_europe
1550,Q559421,Shen Buhai,re_chinese_world,Chinese world,-384.0,philosopher,non_europe
1551,Q5946443,Luo Rufang,re_chinese_world,Chinese world,1515.0,philosopher,non_europe
1552,Q2372474,Tang Zhen,re_chinese_world,Chinese world,1630.0,philosopher,non_europe
1553,Q4515473,Zhao Mingcheng,re_chinese_world,Chinese world,1081.0,historian,non_europe
1554,Q712581,Li Chunfeng,re_chinese_world,Chinese world,602.0,astronomer | historian | mathematician,non_europe
1555,Q704525,Liu An,re_chinese_world,Chinese world,-178.0,geographer,non_europe
1556,Q15946543,Pan Chengzhang,re_chinese_world,Chinese world,1626.0,historian,non_europe
1557,Q15932258,Wu Chen,re_chinese_world,Chinese world,1323.0,historian,non_europe
1559,Q11118543,Yang Chun,re_chinese_world,Chinese world,1675.0,historian,non_europe
1562,Q453449,Liu Xin,re_chinese_world,Chinese world,-49.0,astronomer | philosopher | historian | mathematician,non_europe
1563,Q2655284,Toqto'a,re_chinese_world,Chinese world,1314.0,historian,non_europe
1564,Q17130836,Claudio Filippo Grimaldi,re_chinese_world,Chinese world,1638.0,astronomer | mathematician,non_europe
1565,Q551391,Zhu Siben,re_chinese_world,Chinese world,1273.0,geographer,non_europe
1567,Q301650,Jia Yi,re_chinese_world,Chinese world,-199.0,philosopher,non_europe
1569,Q11093738,Zhu Shan,re_chinese_world,Chinese world,1340.0,historian,non_europe
1570,Q445626,Dong Zhongshu,re_chinese_world,Chinese world,-178.0,philosopher,non_europe
1571,Q721420,Hu Sansheng,re_chinese_world,Chinese world,1230.0,historian,non_europe
1573,Q94790915,Kaspar Castner,re_chinese_world,Chinese world,1665.0,philosopher | mathematician,non_europe
1574,Q3256864,Liu Yiqing,re_chinese_world,Chinese world,403.0,historian,non_europe
1575,Q15919171,Chen Houyao,re_chinese_world,Chinese world,1648.0,mathematician,non_europe
1577,Q11980612,Kilian Stumpf,re_chinese_world,Chinese world,1655.0,astronomer,non_europe
1579,Q736726,Emperor Wu of Liang,re_chinese_world,Chinese world,464.0,philosopher,non_europe
1580,Q9333,Laozi,re_chinese_world,Chinese world,-579.0,philosopher,non_europe
1581,Q981193,Sun Simiao,re_chinese_world,Chinese world,581.0,philosopher,non_europe
1583,Q20611787,Sagan Setsen,re_chinese_world,Chinese world,1604.0,historian,non_europe
1585,Q716369,Jia Dan,re_chinese_world,Chinese world,730.0,geographer,non_europe
1587,Q11567603,Jiao Hong,re_chinese_world,Chinese world,1540.0,philosopher | historian,non_europe
1588,Q5484029,Francisco Varo,re_chinese_world,Chinese world,1627.0,linguist,non_europe
1589,Q537727,Ban Biao,re_chinese_world,Chinese world,3.0,historian,non_europe
1590,Q253490,Li Fang,re_chinese_world,Chinese world,925.0,historian,non_europe
1591,Q24837460,Wang Xing,re_chinese_world,Chinese world,1331.0,historian,non_europe
1592,Q845669,Xu Heng,re_chinese_world,Chinese world,1209.0,philosopher,non_europe
1593,Q5945163,Zhao Buzhi,re_chinese_world,Chinese world,1053.0,philosopher,non_europe
1595,Q8044361,Xie Daoyun,re_chinese_world,Chinese world,349.0,philosopher,non_europe
1596,Q197962,Zhou Dunyi,re_chinese_world,Chinese world,1017.0,philosopher,non_europe
1598,Q45488589,Hu Shen,re_chinese_world,Chinese world,1315.0,historian,non_europe
1600,Q710078,Pei Songzhi,re_chinese_world,Chinese world,372.0,historian,non_europe
1601,Q11114865,Mei Wending,re_chinese_world,Chinese world,1633.0,astronomer | mathematician,non_europe
1604,Q1349949,Fazang,re_chinese_world,Chinese world,643.0,philosopher,non_europe
1605,Q45665755,Liu Heng,re_chinese_world,Chinese world,1358.0,historian,non_europe
1606,Q10514369,Yu Xi,re_chinese_world,Chinese world,281.0,astronomer,non_europe
1607,Q4294055,Minggatu,re_chinese_world,Chinese world,1692.0,astronomer | mathematician,non_europe
1608,Q9452128,Chenweng Liu,re_chinese_world,Chinese world,1232.0,historian,non_europe
1610,Q594971,Yuan Hong,re_chinese_world,Chinese world,328.0,historian,non_europe
1611,Q323439,Tsongkhapa Lobzang Drakpa,re_chinese_world,Chinese world,1357.0,philosopher,non_europe
1613,Q177081,Ban Zhao,re_chinese_world,Chinese world,45.0,philosopher | historian,non_europe
1615,Q722288,Shao Yong,re_chinese_world,Chinese world,1012.0,philosopher | historian,non_europe
1616,Q11066587,Zhang Yanghao,re_chinese_world,Chinese world,1270.0,philosopher,non_europe
1617,Q16075563,Chen Jingyun,re_chinese_world,Chinese world,1670.0,historian,non_europe
1618,Q403757,Gan De,re_chinese_world,Chinese world,-400.0,astronomer,non_europe
1619,Q836027,Lü Liuliang,re_chinese_world,Chinese world,1629.0,philosopher,non_europe
1620,Q3369486,Huang Daozhou,re_chinese_world,Chinese world,1585.0,astronomer,non_europe
1621,Q45427495,Zheng Wenkang,re_chinese_world,Chinese world,1413.0,historian,non_europe
1623,Q985861,Wu Cheng,re_chinese_world,Chinese world,1249.0,philosopher,non_europe
1624,Q10924410,Yan Yan,re_chinese_world,Chinese world,1575.0,historian,non_europe
1628,Q11631202,Xu Fuyuan,re_chinese_world,Chinese world,1535.0,philosopher,non_europe
1631,Q2707504,Giulio Alenio,re_chinese_world,Chinese world,1582.0,astronomer | historian,non_europe
1632,Q1275708,Xue Juzheng,re_chinese_world,Chinese world,912.0,historian,non_europe
1634,Q5291163,Dominique Parrenin,re_chinese_world,Chinese world,1665.0,geographer | anatomist,non_europe
1635,Q1131375,Huan Tan,re_chinese_world,Chinese world,-39.0,philosopher,non_europe
1636,Q459865,Wang Bi,re_chinese_world,Chinese world,226.0,philosopher,non_europe
1638,Q45499308,Liang Ji,re_chinese_world,Chinese world,1518.0,historian,non_europe
1639,Q439681,Ban Gu,re_chinese_world,Chinese world,32.0,historian,non_europe
1640,Q8666,Toghon Temür,re_chinese_world,Chinese world,1320.0,astronomer,non_europe
1641,Q8050738,Ye Chunji,re_chinese_world,Chinese world,1532.0,geographer,non_europe
1643,Q7129670,Pan Pingge,re_chinese_world,Chinese world,1610.0,philosopher,non_europe
1644,Q6578208,Sun Ch'i-feng,re_chinese_world,Chinese world,1583.0,philosopher,non_europe
1645,Q11136454,Kekuan Wang,re_chinese_world,Chinese world,1301.0,historian,non_europe
1646,Q2949846,Wang Chen,re_chinese_world,Chinese world,250.0,historian,non_europe
1647,Q45461060,Tang Zhida,re_chinese_world,Chinese world,1515.0,historian,non_europe
1648,Q351345,Shang Yang,re_chinese_world,Chinese world,-389.0,philosopher,non_europe
1649,Q45468001,Wu Yan,re_chinese_world,Chinese world,1624.0,historian,non_europe
1651,Q45536040,Shang Wen,re_chinese_world,Chinese world,1236.0,historian,non_europe
1652,Q9621698,Wu Yubi,re_chinese_world,Chinese world,1391.0,philosopher,non_europe
1654,Q45668827,Liu Ruoyu,re_chinese_world,Chinese world,1584.0,historian,non_europe
1656,Q1822759,Daosheng,re_chinese_world,Chinese world,355.0,philosopher,non_europe
1657,Q76732,Johann Adam Schall von Bell,re_chinese_world,Chinese world,1592.0,astronomer | mathematician,non_europe
1660,Q16260817,Hu Tianyou,re_chinese_world,Chinese world,1696.0,astronomer,non_europe
1662,Q714270,Zhang Yanyuan,re_chinese_world,Chinese world,815.0,historian,non_europe
1663,Q700284,Li Ao,re_chinese_world,Chinese world,772.0,philosopher,non_europe
1667,Q6149510,Jan Mikołaj Smogulecki,re_chinese_world,Chinese world,1610.0,astronomer | philosopher | mathematician,non_europe
1668,Q1066734,Li Yiji,re_chinese_world,Chinese world,-267.0,philosopher,non_europe
1669,Q706832,Liu Ling,re_chinese_world,Chinese world,221.0,philosopher,non_europe
1671,Q8059993,Yu Yonghe,re_chinese_world,Chinese world,1645.0,historian,non_europe
1672,Q290825,Wang Fu,re_chinese_world,Chinese world,78.0,philosopher,non_europe
1673,Q1069914,Lu You,re_chinese_world,Chinese world,1125.0,historian,non_europe
1674,Q37733946,Liu Hong,re_chinese_world,Chinese world,129.0,astronomer,non_europe
1675,Q197649,Zheng Xuan,re_chinese_world,Chinese world,127.0,philosopher,non_europe
1676,Q465282,Liu Xiang,re_chinese_world,Chinese world,-76.0,astronomer | philosopher | historian,non_europe
1677,Q318998,Han Yu,re_chinese_world,Chinese world,768.0,philosopher | historian,non_europe
1678,Q45567964,Fu Guan,re_chinese_world,Chinese world,1443.0,astronomer | historian,non_europe
1679,Q45592248,Hu Lian,re_chinese_world,Chinese world,1327.0,historian,non_europe
1680,Q10864302,Ding Xian,re_chinese_world,Chinese world,1358.0,historian,non_europe
1682,Q45563612,Chen Guan,re_chinese_world,Chinese world,1367.0,historian,non_europe
1683,Q11632916,Gu Yingtai,re_chinese_world,Chinese world,1620.0,historian,non_europe
1684,Q45412996,Zhang Shu,re_chinese_world,Chinese world,1292.0,historian,non_europe
1685,Q1852031,Cui Hong,re_chinese_world,Chinese world,470.0,historian,non_europe
1686,Q11618050,Xun Yue,re_chinese_world,Chinese world,148.0,philosopher,non_europe
1689,Q142683,Ruan Ji,re_chinese_world,Chinese world,210.0,philosopher,non_europe
1691,Q707702,Cai Yong,re_chinese_world,Chinese world,133.0,astronomer | historian,non_europe
1692,Q2984064,Lie Yukou,re_chinese_world,Chinese world,-449.0,philosopher,non_europe
1693,Q45414461,Ma Zhongxin,re_chinese_world,Chinese world,1260.0,historian,non_europe
1694,Q45708930,Qian Jideng,re_chinese_world,Chinese world,1594.0,historian,non_europe
1695,Q15931995,Han Bangqi,re_chinese_world,Chinese world,1479.0,astronomer | historian,non_europe
1696,Q197286,Zhang Sanfeng,re_chinese_world,Chinese world,1200.0,philosopher,non_europe
1697,Q845480,Yan Ruoqu,re_chinese_world,Chinese world,1636.0,geographer | philosopher | mathematician,non_europe
1698,Q586221,Antoine Gaubil,re_chinese_world,Chinese world,1689.0,astronomer | linguist | mathematician,non_europe
1699,Q11138243,Shen Tu,re_chinese_world,Chinese world,1357.0,historian,non_europe
1700,Q17163779,Wan Yan,re_chinese_world,Chinese world,1637.0,historian,non_europe
1701,Q740373,Fan Ye,re_chinese_world,Chinese world,398.0,historian,non_europe
1703,Q31758,Han Huang,re_chinese_world,Chinese world,723.0,economist,non_europe
1704,Q61466099,Chun Chen,re_chinese_world,Chinese world,1159.0,philosopher,non_europe
1706,Q45585703,Xia Zhirong,re_chinese_world,Chinese world,1697.0,historian,non_europe
1708,Q334090,Sun Bin,re_chinese_world,Chinese world,-400.0,philosopher,non_europe
1709,Q10565611,Chen Que,re_chinese_world,Chinese world,1604.0,philosopher,non_europe
1712,Q706887,Pei Xiu,re_chinese_world,Chinese world,224.0,geographer,non_europe
1713,Q6538730,Li Daoyuan,re_chinese_world,Chinese world,401.0,geographer,non_europe
1714,Q6650143,Li Ze,re_chinese_world,Chinese world,1260.0,historian,non_europe
1715,Q716964,Li Ye,re_chinese_world,Chinese world,1192.0,mathematician,non_europe
1716,Q11176038,Shulin Huang,re_chinese_world,Chinese world,1672.0,historian,non_europe
1717,Q3088895,Joachim Bouvet,re_chinese_world,Chinese world,1656.0,geographer | mathematician,non_europe
1718,Q715480,Jing Fang,re_chinese_world,Chinese world,-77.0,musicologist | astronomer | mathematician,non_europe
1719,Q15912883,Luo Furen,re_chinese_world,Chinese world,1298.0,astronomer,non_europe
1720,Q267350,Michał Boym,re_chinese_world,Chinese world,1612.0,linguist | botanist,non_europe
1721,Q198126,Zhu Shijie,re_chinese_world,Chinese world,1249.0,mathematician,non_europe
1722,Q468890,Chen Shou,re_chinese_world,Chinese world,233.0,historian,non_europe
1723,Q2501012,Joseph-Anne-Marie de Moyriac de Mailla,re_chinese_world,Chinese world,1669.0,geographer | linguist | historian,non_europe
1724,Q45593337,Wang Da,re_chinese_world,Chinese world,1333.0,historian,non_europe
1727,Q7876210,U Kala,re_south_east_asia,South East Asia,1678.0,historian,non_europe
1731,Q5483466,Francisco Ignacio Alcina,re_south_east_asia,South East Asia,1610.0,theologian | historian,non_europe
1735,Q3814009,Manuel Godinho de Erédia,re_south_east_asia,South East Asia,1563.0,geographer,non_europe
1736,Q713224,Trần Thái Tông,re_south_east_asia,South East Asia,1218.0,philosopher,non_europe
1741,Q28503447,Gaspar de San Agustín,re_south_east_asia,South East Asia,1650.0,historian,non_europe
1742,Q380415,Anthony van Diemen,re_south_east_asia,South East Asia,1593.0,economist,non_europe
1743,Q18511413,Pablo Clain,re_south_east_asia,South East Asia,1652.0,botanist | astronomer | philosopher | linguist,non_europe
1746,Q3262434,Louis Laneau,re_south_east_asia,South East Asia,1637.0,theologian,non_europe
1748,Q961926,Pieter Dirkszoon Keyser,re_south_east_asia,South East Asia,1540.0,geographer | astronomer,non_europe
1758,Q972307,Willem ten Rhijne,re_south_east_asia,South East Asia,1647.0,botanist,non_europe
1759,Q6951228,Mạc Đĩnh Chi,re_south_east_asia,South East Asia,1272.0,philosopher,non_europe
1761,Q5315885,Duong Van An,re_south_east_asia,South East Asia,1514.0,historian,non_europe
1762,Q60215,Bernhardus Varenius,re_south_east_asia,South East Asia,1622.0,geographer,non_europe
1763,Q1673469,Isaac de l'Ostal de Saint-Martin,re_south_east_asia,South East Asia,1629.0,botanist,non_europe
1769,Q77821,Andreas Cleyer,re_south_east_asia,South East Asia,1634.0,botanist,non_europe
1770,Q1155893,Chu Văn An,re_south_east_asia,South East Asia,1292.0,philosopher,non_europe
1771,Q1111882,Le Van Huu,re_south_east_asia,South East Asia,1230.0,historian,non_europe
1774,Q3707182,Diego Aduarte,re_south_east_asia,South East Asia,1570.0,historian,non_europe
1777,Q3210967,Phan Phu Tiên,re_south_east_asia,South East Asia,1370.0,historian,non_europe
1785,Q557726,Chu Suiliang,re_south_east_asia,South East Asia,597.0,historian,non_europe
1789,Q3210944,Vũ Quỳnh,re_south_east_asia,South East Asia,1452.0,historian,non_europe
1790,Q7159521,Pedro Chirino,re_south_east_asia,South East Asia,1557.0,historian,non_europe
1795,Q3210938,Phạm Công Trứ,re_south_east_asia,South East Asia,1600.0,historian,non_europe
1797,Q2676510,Johannes Klencke,re_south_east_asia,South East Asia,1618.0,philosopher,non_europe
1803,Q726381,Jacobus Bontius,re_south_east_asia,South East Asia,1592.0,anatomist,non_europe
1807,Q552049,Georg Joseph Kamel,re_south_east_asia,South East Asia,1661.0,botanist | zoologist,non_europe
1811,Q1347181,Nguyen Trai,re_south_east_asia,South East Asia,1380.0,philosopher,non_europe
1817,Q716585,Ngô Sĩ Liên,re_south_east_asia,South East Asia,1400.0,historian,non_europe
1823,Q96711604,Jean Richaud,re_indian_world,Indian world,1633.0,astronomer,non_europe
1824,Q1413989,Filippo Sassetti,re_indian_world,Indian world,1540.0,linguist,non_europe
1833,Q320619,Abhinavagupta,re_indian_world,Indian world,950.0,philosopher,non_europe
1834,Q320142,Śāriputra,re_indian_world,Indian world,-567.0,philosopher,non_europe
1835,Q2733487,Ali Hujwiri,re_indian_world,Indian world,1009.0,theologian,non_europe
1837,Q3964661,Somananda,re_indian_world,Indian world,875.0,philosopher,non_europe
1839,Q27263305,Muḥammad ibn Abī Bakr Damāmīnī,re_indian_world,Indian world,1362.0,linguist,non_europe
1842,Q316343,Vasubandhu,re_indian_world,Indian world,300.0,philosopher,non_europe
1843,Q774847,Kumārila Bhaṭṭa,re_indian_world,Indian world,700.0,linguist | philosopher,non_europe
1844,Q2723463,Hemachandra,re_indian_world,Indian world,1089.0,philosopher | historian | mathematician,non_europe
1846,Q6406918,Taleb Amoli,re_indian_world,Indian world,1585.0,mathematician,non_europe
1848,Q202943,Brahmagupta,re_indian_world,Indian world,590.0,astronomer | mathematician,non_europe
1851,Q334752,Abu'l-Fazl ibn Mubarak,re_indian_world,Indian world,1551.0,historian,non_europe
1854,Q4860674,Bari Imam,re_indian_world,Indian world,1617.0,theologian,non_europe
1856,Q11359,Aryabhata,re_indian_world,Indian world,476.0,astronomer | mathematician,non_europe
1857,Q4112614,Visvanatha Chakravarti,re_indian_world,Indian world,1626.0,theologian,non_europe
1861,Q6785680,Masum Shah,re_indian_world,Indian world,1538.0,historian,non_europe
1864,Q3080648,Mirza Muhammad Haidar Dughlat,re_indian_world,Indian world,1499.0,historian,non_europe
1874,Q665235,Gaspar Correia,re_indian_world,Indian world,1496.0,historian,non_europe
1876,Q2484904,Utpaladeva,re_indian_world,Indian world,900.0,philosopher,non_europe
1880,Q31829842,Hazrat Shah Makhdum,re_indian_world,Indian world,1216.0,theologian,non_europe
1884,Q335247,Buddhaghosa,re_indian_world,Indian world,401.0,philosopher,non_europe
1887,Q774062,Philippe Couplet,re_indian_world,Indian world,1623.0,historian,non_europe
1888,Q2672093,Ramananda,re_indian_world,Indian world,1400.0,philosopher,non_europe
1890,Q1137118,Diogo do Couto,re_indian_world,Indian world,1542.0,historian,non_europe
1891,Q5313951,Dumont de Montigny,re_indian_world,Indian world,1696.0,historian,non_europe
1892,Q312976,Tulsidas,re_indian_world,Indian world,1532.0,philosopher,non_europe
1895,Q2478699,Sanatana Goswami,re_indian_world,Indian world,1488.0,theologian,non_europe
1897,Q20397982,Qutb ad-Din an-Nahrawali,re_indian_world,Indian world,1511.0,historian,non_europe
1901,Q207817,Amir Khosrow,re_indian_world,Indian world,1253.0,philosopher,non_europe
1904,Q892489,Francesco della Penna,re_indian_world,Indian world,1680.0,linguist,non_europe
1905,Q3351571,Bulleh Shah,re_indian_world,Indian world,1680.0,philosopher,non_europe
1907,Q560066,Roberto de Nobili,re_indian_world,Indian world,1577.0,linguist,non_europe
1912,Q3633981,Dadu Dayal,re_indian_world,Indian world,1544.0,philosopher,non_europe
1915,Q3160832,Guru Jambheshwar,re_indian_world,Indian world,1451.0,philosopher,non_europe
1916,Q231680,Patanjali,re_indian_world,Indian world,-199.0,linguist | philosopher | mathematician,non_europe
1917,Q2269861,Mahāvīra,re_indian_world,Indian world,900.0,mathematician,non_europe
1918,Q3200157,Kshemaraja,re_indian_world,Indian world,975.0,philosopher,non_europe
1919,Q3525596,Thomas Stephens,re_indian_world,Indian world,1549.0,linguist,non_europe
1920,Q2977486,Muhammad Khwandamir,re_indian_world,Indian world,1475.0,historian,non_europe
1922,Q2493613,Ahmad Sirhindi,re_indian_world,Indian world,1564.0,theologian,non_europe
1924,Q4832251,Azar Kayvan,re_indian_world,Indian world,1501.0,philosopher,non_europe
1925,Q379905,Asanga,re_indian_world,Indian world,300.0,philosopher,non_europe
1927,Q824771,Bernhard Bischopinck,re_indian_world,Indian world,1692.0,theologian,non_europe
1930,Q6739386,Makhdoom Muhammad Hashim Thattvi,re_indian_world,Indian world,1692.0,theologian,non_europe
1932,Q534142,Anthony de Montserrat,re_indian_world,Indian world,1536.0,geographer,non_europe
1934,Q312551,Kabir,re_indian_world,Indian world,1440.0,philosopher,non_europe
1935,Q189725,Panini,re_indian_world,Indian world,-500.0,linguist,non_europe
1942,Q1557587,Guy Tachard,re_indian_world,Indian world,1648.0,mathematician,non_europe
1943,Q312967,Guru Gobind Singh,re_indian_world,Indian world,1666.0,philosopher,non_europe
1944,Q7487700,Shams ud Daula Shah Nawaz Khan,re_indian_world,Indian world,1700.0,historian,non_europe
1950,Q16209128,Makhdoom Bilawal,re_indian_world,Indian world,1451.0,philosopher,non_europe
1952,Q1029392,Claude de Visdelou,re_indian_world,Indian world,1656.0,mathematician,non_europe
1953,Q1493994,Garcia de Orta,re_indian_world,Indian world,1501.0,botanist,non_europe
1954,Q26223000,Makhdoom Sharfuddin Ahmed Yahya Maneri,re_indian_world,Indian world,1263.0,philosopher,non_europe
1956,Q9045,Chanakya,re_indian_world,Indian world,-374.0,philosopher | economist,non_europe
1957,Q4387084,Raghunatha Siromani,re_indian_world,Indian world,1477.0,philosopher,non_europe
1958,Q858348,Varāhamihira,re_indian_world,Indian world,505.0,astronomer | mathematician,non_europe
1966,Q2066944,Svātmārāma,re_indian_world,Indian world,1400.0,philosopher,non_europe
1969,Q2785614,Albert d'Orville,re_indian_world,Indian world,1621.0,geographer,non_europe
1973,Q1344635,Niccolao Manucci,re_indian_world,Indian world,1639.0,historian,non_europe
1975,Q3629943,`Abd al-Qadir Bada'uni,re_indian_world,Indian world,1540.0,linguist | historian,non_europe
1976,Q2511208,Vasugupta,re_indian_world,Indian world,860.0,philosopher,non_europe
1977,Q15131538,Maheśvarānanda,re_indian_world,Indian world,1201.0,philosopher,non_europe
1978,Q2639769,Shri Guru Ravidass,re_indian_world,Indian world,1450.0,philosopher,non_europe
1980,Q140584,Muhammad Aufi,re_indian_world,Indian world,1171.0,historian,non_europe
1981,Q553722,Śāntarakṣita,re_indian_world,Indian world,725.0,philosopher,non_europe
1982,Q9422,Mahavira,re_indian_world,Indian world,-539.0,philosopher,non_europe
1983,Q2041521,Gulbadan Begum,re_indian_world,Indian world,1523.0,historian,non_europe
1986,Q6934061,Mulla Mahmud Jaunpuri,re_indian_world,Indian world,1585.0,astronomer | philosopher,non_europe
1988,Q2551244,Anandavardhana,re_indian_world,Indian world,820.0,philosopher,non_europe
1989,Q115590,Madhava of Sangamagrama,re_indian_world,Indian world,1350.0,astronomer | mathematician,non_europe
1990,Q2357643,Brahmadeva,re_indian_world,Indian world,1060.0,astronomer | mathematician,non_europe
1991,Q2548030,Nilakantha Somayaji,re_indian_world,Indian world,1444.0,astronomer | mathematician,non_europe
1992,Q3524867,Bhadrabahu,re_indian_world,Indian world,-366.0,philosopher,non_europe
1993,Q3595804,Achyutananda Dasa,re_indian_world,Indian world,1510.0,philosopher,non_europe
1994,Q3595700,Vararuchi,re_indian_world,Indian world,-250.0,linguist | mathematician,non_europe
1995,Q153187,Ajita Kesakambali,re_indian_world,Indian world,-500.0,philosopher,non_europe
1997,Q335371,Madhvacharya,re_indian_world,Indian world,1238.0,philosopher,non_europe
2002,Q94172306,Narayanacharya,re_indian_world,Indian world,1600.0,philosopher,non_europe
2004,Q66428184,Satyanidhi Tirtha,re_indian_world,Indian world,1580.0,philosopher,non_europe
2006,Q4387083,Raghunatha Bhatta Goswami,re_indian_world,Indian world,1505.0,theologian,non_europe
2007,Q2350157,Purandara Dasa,re_indian_world,Indian world,1484.0,philosopher,non_europe
2009,Q1033695,Dnyaneshwar,re_indian_world,Indian world,1275.0,philosopher,non_europe
2010,Q45740313,Shridhar Swami Nazarekar,re_indian_world,Indian world,1658.0,philosopher,non_europe
2011,Q6936683,Munishvara,re_indian_world,Indian world,1650.0,mathematician,non_europe
2012,Q66183627,Satyanatha Tirtha,re_indian_world,Indian world,1648.0,philosopher,non_europe
2013,Q13111845,Govinda Bhattathiri,re_indian_world,Indian world,1237.0,astronomer,non_europe
2015,Q2075639,Yamunacharya,re_indian_world,Indian world,950.0,philosopher,non_europe
2017,Q3595755,Jyeṣṭhadeva,re_indian_world,Indian world,1500.0,astronomer | mathematician,non_europe
2020,Q891045,Parameshvara,re_indian_world,Indian world,1370.0,astronomer | mathematician,non_europe
2021,Q6150791,Janardanswamy,re_indian_world,Indian world,1504.0,philosopher,non_europe
2023,Q2655917,Jiva Goswami,re_indian_world,Indian world,1511.0,linguist,non_europe
2024,Q171195,Nāgārjuna,re_indian_world,Indian world,150.0,philosopher,non_europe
2025,Q558272,Dignāga,re_indian_world,Indian world,480.0,philosopher,non_europe
2026,Q1741798,Ramanuja,re_indian_world,Indian world,1017.0,theologian | philosopher,non_europe
2029,Q3530291,Vedanta Desika,re_indian_world,Indian world,1269.0,philosopher,non_europe
2030,Q2343604,Vallabha,re_indian_world,Indian world,1479.0,philosopher,non_europe
2031,Q2989506,Rupa Goswami,re_indian_world,Indian world,1489.0,philosopher,non_europe
2033,Q5657354,Haridatta,re_indian_world,Indian world,700.0,astronomer | mathematician,non_europe
2035,Q527384,Pingala,re_indian_world,Indian world,-149.0,linguist | mathematician,non_europe
2036,Q7919473,Vemana,re_indian_world,Indian world,1652.0,philosopher,non_europe
2038,Q3537994,Raghavendra Tirtha,re_indian_world,Indian world,1595.0,philosopher,non_europe
2039,Q7194114,Pillai Lokacharya,re_indian_world,Indian world,1205.0,philosopher,non_europe
2040,Q6360377,Kanaka Dasa,re_indian_world,Indian world,1509.0,philosopher,non_europe
2043,Q558275,the one eyed,re_indian_world,Indian world,200.0,philosopher,non_europe
2044,Q93267410,Raghunatha Tirtha,re_indian_world,Indian world,1405.0,philosopher,non_europe
2045,Q1423663,Yajnavalkya,re_indian_world,Indian world,-800.0,astronomer | philosopher,non_europe
2047,Q4143328,Gopala Bhatta Goswami,re_indian_world,Indian world,1503.0,theologian,non_europe
2048,Q180967,Adi Shankara,re_indian_world,Indian world,788.0,philosopher,non_europe
2049,Q2349261,Fernão Vaz Dourado,re_indian_world,Indian world,1520.0,geographer,non_europe
2053,Q16155497,Zainuddin Makhdoom II,re_indian_world,Indian world,1531.0,historian,non_europe
2054,Q771686,Basava,re_indian_world,Indian world,1134.0,philosopher,non_europe
2055,Q48730567,Akshobhya Tirtha,re_indian_world,Indian world,1282.0,theologian | philosopher,non_europe
2056,Q445460,Shantideva,re_indian_world,Indian world,685.0,philosopher,non_europe
2061,Q64031619,Raghuttama Tirtha,re_indian_world,Indian world,1548.0,philosopher,non_europe
2063,Q6167696,Jayatirtha,re_indian_world,Indian world,1345.0,philosopher,non_europe
2064,Q15725063,Jasobanta Dasa,re_indian_world,Indian world,1487.0,philosopher,non_europe
2065,Q6479873,Lakshmi Kumara Thathachariar,re_indian_world,Indian world,1572.0,philosopher,non_europe
2066,Q5589914,Govindasvāmi,re_indian_world,Indian world,800.0,astronomer | mathematician,non_europe
2067,Q213385,Bhāskara II,re_indian_world,Indian world,1114.0,astronomer | mathematician,non_europe
2068,Q6747104,Manavala Mamunigal,re_indian_world,Indian world,1370.0,philosopher,non_europe
2071,Q66449255,Satyabhinava Tirtha,re_indian_world,Indian world,1673.0,philosopher,non_europe
2072,Q456963,candra ki+rti,re_indian_world,Indian world,600.0,philosopher,non_europe
2073,Q993504,Yāska,re_indian_world,Indian world,-500.0,linguist,non_europe
2075,Q15724123,Jagannatha Dasa,re_indian_world,Indian world,1491.0,philosopher,non_europe
2076,Q2046090,Melpathur Narayana Bhattathiri,re_indian_world,Indian world,1560.0,astronomer | linguist | mathematician,non_europe
2078,Q625580,Yun Doo-su,re_korea,Korea,1533.0,philosopher,non_europe
2079,Q379655,Heo Mok,re_korea,Korea,1595.0,philosopher,non_europe
2080,Q7451459,Seo Gyeong-deok,re_korea,Korea,1489.0,philosopher,non_europe
2081,Q487042,Choe Chiwon,re_korea,Korea,857.0,philosopher,non_europe
2082,Q494615,Jang Yeong-sil,re_korea,Korea,1400.0,astronomer,non_europe
2083,Q623637,Choi Myung-kil,re_korea,Korea,1586.0,philosopher,non_europe
2084,Q6450511,Kwon Geun,re_korea,Korea,1352.0,philosopher,non_europe
2085,Q497595,Lee Lyang,re_korea,Korea,1519.0,philosopher,non_europe
2086,Q484795,Hong Yun-sung,re_korea,Korea,1425.0,philosopher,non_europe
2087,Q493702,Seongjong,re_korea,Korea,960.0,philosopher,non_europe
2088,Q485009,Yeongjo of Joseon,re_korea,Korea,1694.0,geographer,non_europe
2089,Q16181658,Jo Mun-myeong,re_korea,Korea,1680.0,philosopher,non_europe
2090,Q5895710,Hong Woo-won,re_korea,Korea,1605.0,philosopher,non_europe
2091,Q624010,Chung In-hong,re_korea,Korea,1535.0,philosopher,non_europe
2092,Q469423,Jeong Mong-ju,re_korea,Korea,1337.0,philosopher,non_europe
2094,Q486364,Kwon Sang-ha,re_korea,Korea,1641.0,philosopher,non_europe
2097,Q12587609,Kim Sang-heon,re_korea,Korea,1570.0,philosopher,non_europe
2098,Q497108,Lim Sa-hong,re_korea,Korea,1445.0,philosopher,non_europe
2100,Q484286,Il-yeon,re_korea,Korea,1206.0,historian,non_europe
2101,Q705838,Choe Bu,re_korea,Korea,1454.0,historian,non_europe
2102,Q483181,Crown Prince Sohyeon,re_korea,Korea,1612.0,philosopher,non_europe
2103,Q12612765,Yi Chung-hwan,re_korea,Korea,1690.0,philosopher,non_europe
2104,Q704894,Jinul,re_korea,Korea,1158.0,philosopher,non_europe
2105,Q486298,Han Myeong-hoe,re_korea,Korea,1415.0,philosopher,non_europe
2106,Q486283,Jo Gwang-jo,re_korea,Korea,1482.0,philosopher,non_europe
2107,Q486278,Kim Jong-jik,re_korea,Korea,1431.0,philosopher,non_europe
2108,Q12612363,Yi Yi-myeong,re_korea,Korea,1658.0,philosopher,non_europe
2109,Q12619596,Choe Seok-jeong,re_korea,Korea,1646.0,mathematician,non_europe
2110,Q12602156,Seong Hyeon,re_korea,Korea,1439.0,musicologist,non_europe
2111,Q492443,Jang Hyungwang,re_korea,Korea,1554.0,philosopher,non_europe
2112,Q624894,Yi Eonjeok,re_korea,Korea,1491.0,philosopher,non_europe
2113,Q496942,Kim Hyo-won,re_korea,Korea,1532.0,philosopher,non_europe
2114,Q485131,Queen Seondeok of Silla,re_korea,Korea,606.0,astronomer,non_europe
2115,Q464510,Hwang Jini,re_korea,Korea,1506.0,philosopher,non_europe
2116,Q497077,Kim Jip,re_korea,Korea,1574.0,philosopher,non_europe
2118,Q497164,Song Ikp'il,re_korea,Korea,1534.0,philosopher,non_europe
2119,Q486266,Yun Won-hyung,re_korea,Korea,1509.0,philosopher,non_europe
2120,Q380577,Yun Hyu,re_korea,Korea,1617.0,philosopher,non_europe
2121,Q496753,Ha Ryun,re_korea,Korea,1347.0,philosopher,non_europe
2122,Q497120,Yi Je-hyun,re_korea,Korea,1287.0,philosopher,non_europe
2123,Q486384,Yun Jeung,re_korea,Korea,1629.0,philosopher,non_europe
2125,Q625193,Yun Geun-su,re_korea,Korea,1537.0,philosopher,non_europe
2126,Q495259,Yi Ik,re_korea,Korea,1681.0,philosopher,non_europe
2131,Q484883,Heo Jeok,re_korea,Korea,1610.0,philosopher,non_europe
2132,Q12587864,Kim Su-hang,re_korea,Korea,1629.0,philosopher,non_europe
2134,Q469396,Jeong Do-jeon,re_korea,Korea,1342.0,philosopher,non_europe
2136,Q486251,Yangnyeong,re_korea,Korea,1394.0,philosopher,non_europe
2137,Q626748,Jeong Chang-son,re_korea,Korea,1402.0,philosopher,non_europe
2138,Q8053468,Yi Saek,re_korea,Korea,1328.0,philosopher,non_europe
2139,Q495636,Kim Bu-sik,re_korea,Korea,1075.0,historian,non_europe
2140,Q7451572,Seong Hui-ahn,re_korea,Korea,1461.0,philosopher,non_europe
2143,Q483026,Kwon Ram,re_korea,Korea,1416.0,philosopher,non_europe
2144,Q495964,An Hyang,re_korea,Korea,1243.0,philosopher,non_europe
2145,Q486311,Yi Su-hyung,re_korea,Korea,1435.0,philosopher,non_europe
2146,Q98742917,Yuk Yi,re_korea,Korea,1438.0,philosopher,non_europe
2147,Q3565525,Im Gyeong-eop,re_korea,Korea,1594.0,philosopher,non_europe
2148,Q709450,Jeong Gu,re_korea,Korea,1543.0,philosopher,non_europe
2149,Q487191,Yu Seong-ryong,re_korea,Korea,1542.0,historian,non_europe
2150,Q841216,Hyujeong,re_korea,Korea,1520.0,philosopher,non_europe
2151,Q287222,Yu Gam-dong,re_korea,Korea,1401.0,philosopher,non_europe
2152,Q379653,Yi I,re_korea,Korea,1536.0,philosopher,non_europe
2153,Q491778,Jeong Nan-jeong,re_korea,Korea,1506.0,philosopher,non_europe
2154,Q7125373,Pak Paengnyeon,re_korea,Korea,1417.0,linguist,non_europe
2155,Q470122,Shin Suk-ju,re_korea,Korea,1417.0,philosopher,non_europe
2156,Q11287139,Hong Dal-son,re_korea,Korea,1415.0,philosopher,non_europe
2157,Q623973,Choe Sejin,re_korea,Korea,1473.0,linguist,non_europe
2158,Q37682,Sejong the Great,re_korea,Korea,1397.0,linguist,non_europe
2159,Q5103799,Choe Chung,re_korea,Korea,984.0,philosopher,non_europe
2160,Q483255,Prince Hyoryeong,re_korea,Korea,1396.0,philosopher,non_europe
2161,Q6408542,Kim Dam,re_korea,Korea,1416.0,astronomer,non_europe
2162,Q497137,Kim Seok-ju,re_korea,Korea,1634.0,philosopher,non_europe
2163,Q497127,Kim Jang-saeng,re_korea,Korea,1548.0,philosopher,non_europe
2165,Q16181541,prince HwaYi,re_korea,Korea,1425.0,linguist,non_europe
2166,Q483908,Gil Jae,re_korea,Korea,1353.0,philosopher,non_europe
2167,Q11095247,Yi Ji-bang,re_korea,Korea,1466.0,geographer,non_europe
2168,Q705336,Sim Ui-gyeom,re_korea,Korea,1535.0,philosopher,non_europe
2169,Q490448,Seol Chong,re_korea,Korea,655.0,philosopher,non_europe
2170,Q12610537,Yun Hoe,re_korea,Korea,1380.0,linguist,non_europe
2171,Q625715,Moon Ik-chum,re_korea,Korea,1329.0,philosopher,non_europe
2172,Q491828,Sin Yong-gae,re_korea,Korea,1463.0,philosopher,non_europe
2173,Q485278,Ryu Sun-jeong,re_korea,Korea,1459.0,philosopher,non_europe
2174,Q497092,Song Jun-gil,re_korea,Korea,1606.0,philosopher,non_europe
2175,Q486558,Lee San-hae,re_korea,Korea,1539.0,philosopher,non_europe
2176,Q5360433,Jeong Hyun-jo,re_korea,Korea,1440.0,philosopher,non_europe
2177,Q498626,Nam Gon,re_korea,Korea,1471.0,philosopher,non_europe
2178,Q3055709,Uhwudong,re_korea,Korea,1430.0,philosopher,non_europe
2179,Q496891,Seong Hon,re_korea,Korea,1535.0,philosopher,non_europe
2180,Q22974749,Yi Jun-gyeong,re_korea,Korea,1499.0,philosopher,non_europe
2181,Q486291,Yi Hwang,re_korea,Korea,1501.0,philosopher,non_europe
2182,Q483049,Uisang,re_korea,Korea,625.0,philosopher,non_europe
2183,Q12606285,Yang Sŏng-ji,re_korea,Korea,1415.0,historian,non_europe
2184,Q486257,Cho Shik,re_korea,Korea,1501.0,philosopher,non_europe
2186,Q709174,Ahn Bang-jun,re_korea,Korea,1573.0,philosopher,non_europe
2187,Q484792,Han Hwak,re_korea,Korea,1400.0,philosopher,non_europe
2188,Q12612017,Lee Yeo-bin,re_korea,Korea,1556.0,philosopher,non_europe
2189,Q379647,Song Si-yeol,re_korea,Korea,1607.0,philosopher,non_europe
2190,Q16172046,Ki Ja-heon,re_korea,Korea,1562.0,philosopher,non_europe
2191,Q16174098,Seong Un,re_korea,Korea,1497.0,philosopher,non_europe
2193,Q497153,Yi Gwang-sik,re_korea,Korea,1493.0,historian,non_europe
2194,Q8053448,Yi Gae,re_korea,Korea,1417.0,linguist,non_europe
2195,Q624466,Uicheon,re_korea,Korea,1055.0,philosopher,non_europe
2197,Q1237726,Dominicus Gundissalinus,re_arabic_world,Arabic world,1115.0,linguist | philosopher,non_europe
2198,Q7413013,Samuel ibn Seneh Zarza,re_arabic_world,Arabic world,1360.0,philosopher,non_europe
2199,Q87474494,Mustafa ibn Fathallah al-Hamawi,re_arabic_world,Arabic world,1634.0,historian,non_europe
2201,Q4664590,Abd al-Rahman al-Tamanarti,re_arabic_world,Arabic world,1585.0,historian,non_europe
2207,Q67657447,Hamzah ibn ʻAbd Allah Nashiri,re_arabic_world,Arabic world,1430.0,botanist | historian,non_europe
2211,Q202308,Evliya Çelebi,re_arabic_world,Arabic world,1611.0,historian,non_europe
2213,Q12252068,Yusuf al-Maghribi,re_arabic_world,Arabic world,1550.0,linguist,non_europe
2214,Q2745413,Al-Hadi ila'l-Haqq Yahya,re_arabic_world,Arabic world,859.0,theologian,non_europe
2215,Q6533520,ʻAbd al-Raḥmān ibn ʻAlī Ibn al-Daybaʻ,re_arabic_world,Arabic world,1461.0,historian,non_europe
2218,Q3594807,Muhammad al-Munawi,re_arabic_world,Arabic world,1545.0,historian,non_europe
2220,Q68167891,Badr al-Din al-Husayn ibn al-Siddiq Ahdal,re_arabic_world,Arabic world,1402.0,historian,non_europe
2225,Q12230387,Fakhr al-Dīn Ṭurayḥī,re_arabic_world,Arabic world,1571.0,linguist,non_europe
2226,Q6813266,Abd as-Salam al-Qadiri,re_arabic_world,Arabic world,1648.0,linguist | historian,non_europe
2230,Q3460419,Saadia Azankot,re_arabic_world,Arabic world,1629.0,linguist,non_europe
2232,Q105338234,Madyan Qusuni,re_arabic_world,Arabic world,1562.0,historian,non_europe
2233,Q12240239,Muhammad al-Muhibbi,re_arabic_world,Arabic world,1651.0,historian,non_europe
2237,Q3622231,Müneccimbaşı Ahmed Dede,re_arabic_world,Arabic world,1631.0,astronomer | historian,non_europe
2240,Q105277177,Aḥmad Ibn-ʿAlī al-Manīnī,re_arabic_world,Arabic world,1678.0,historian,non_europe
2243,Q16123878,Al-Ashraf Umar II,re_arabic_world,Arabic world,1242.0,astronomer,non_europe
2245,Q4116828,Abd al-Qadir al-Fasi,re_arabic_world,Arabic world,1599.0,theologian,non_europe
2246,Q110905270,Sidi Amar Cherif,re_arabic_world,Arabic world,1700.0,theologian,non_europe
2253,Q110166188,Ismāʿīl ibn Saʿd Khashshāb,re_arabic_world,Arabic world,1700.0,historian,non_europe
2261,Q16654725,Ibrahim ibn Muhammad ibn Abd al-Wahhab,re_arabic_world,Arabic world,1650.0,theologian,non_europe
2270,Q439374,Wahb ibn Munabbih,re_arabic_world,Arabic world,655.0,historian,non_europe
2271,Q2821427,Abdul Wahid Ibn Ashir,re_arabic_world,Arabic world,1582.0,theologian,non_europe
2273,Q6893433,Mohammed al-Mahdi al-Fasi,re_arabic_world,Arabic world,1624.0,historian,non_europe
2274,Q19715067,Ibn Abi-r-Rijal,re_arabic_world,Arabic world,1620.0,theologian,non_europe
2276,Q293551,Ahmed Mohammed al-Maqqari,re_arabic_world,Arabic world,1578.0,historian,non_europe
2277,Q3503419,Sulaiman Al Mahri,re_arabic_world,Arabic world,1480.0,geographer,non_europe
2278,Q5791819,Cristobal Lechuga,re_arabic_world,Arabic world,1557.0,mathematician,non_europe
2287,Q6534150,Ibn al-Imad al-Hanbali,re_arabic_world,Arabic world,1623.0,historian,non_europe
2289,Q4695346,Ahmad Ibn al-Qadi,re_arabic_world,Arabic world,1552.0,historian | mathematician,non_europe
2291,Q4664587,Abd al-Rahman al-Fasi,re_arabic_world,Arabic world,1631.0,astronomer | historian,non_europe
2294,Q28936372,Sharaf al-Din Ansari,re_arabic_world,Arabic world,1620.0,historian,non_europe
2295,Q1963394,Najm al-Din al-Gazzi,re_arabic_world,Arabic world,1570.0,historian,non_europe
2298,Q970628,Abū Muhammad al-Hasan al-Hamdānī,re_arabic_world,Arabic world,893.0,geographer | astronomer | physicist | chemist,non_europe
2299,Q6893491,Mohammed ibn Qasim ibn Zakur,re_arabic_world,Arabic world,1664.0,historian,non_europe
2307,Q12178566,Ahmad Damanhuri,re_arabic_world,Arabic world,1689.0,linguist | chemist,non_europe
2316,Q6893439,Mohammed al-Rudani,re_arabic_world,Arabic world,1628.0,astronomer,non_europe
2318,Q58977026,Al-ʿIsāmī,re_arabic_world,Arabic world,1639.0,historian,non_europe
2324,Q2010955,Mulla Sadra,re_arabic_world,Arabic world,1571.0,philosopher,non_europe
2325,Q3108470,Mohammed al-Ifrani,re_arabic_world,Arabic world,1670.0,historian,non_europe
2334,Q12239694,Muhammad al-Kharashi,re_arabic_world,Arabic world,1601.0,theologian,non_europe
2336,Q21099034,Ibn Balban al-Hanbali,re_arabic_world,Arabic world,1597.0,theologian,non_europe
2339,Q12198098,ʻAlī Ḥasan ʻAlī ʻAbd al-Ḥamīd,re_arabic_world,Arabic world,1567.0,historian,non_europe
2345,Q1673452,Isaac Uziel,re_arabic_world,Arabic world,1600.0,linguist,non_europe
2348,Q29360046,Ibn Kinan,re_arabic_world,Arabic world,1663.0,historian,non_europe
2350,Q56506397,Ali ibn Muhammad ibn al-Walid,re_arabic_world,Arabic world,1128.0,philosopher,non_europe
2351,Q426371,Ḥasan Ibn-Muḥammad al-Būrīnī,re_arabic_world,Arabic world,1556.0,historian,non_europe
2352,Q6893500,Mohammed ibn al-Tayyib,re_arabic_world,Arabic world,1698.0,musicologist | linguist,non_europe
2356,Q94025057,Muhammad Ibn Muhammad Al-Fulani Al-Kishwani,re_arabic_world,Arabic world,1699.0,astronomer | mathematician,non_europe
2358,Q4115262,Fairuzabadi,re_arabic_world,Arabic world,1329.0,linguist,non_europe
2369,Q42279499,Abdullah ibn Husayn al-Suwaydi,re_arabic_world,Arabic world,1692.0,linguist,non_europe
2371,Q10324829,Maqqari,re_arabic_world,Arabic world,1591.0,historian,non_europe
2373,Q6532754,Ibn Abi Al-Soroor al-Bakri,re_arabic_world,Arabic world,1588.0,historian,non_europe
2374,Q3646767,Mustafa Âlî,re_arabic_world,Arabic world,1541.0,historian,non_europe
2378,Q3785847,Hisham ibn Urwah,re_arabic_world,Arabic world,680.0,theologian,non_europe
2379,Q51884,John of Damascus,re_arabic_world,Arabic world,675.0,theologian | astronomer | philosopher,non_europe
2380,Q958986,Ishtori Haparchi,re_arabic_world,Arabic world,1280.0,geographer,non_europe
2382,Q2804843,'Abdu Llâh Ibn Muhammad Al Ma'âfirî,re_arabic_world,Arabic world,1050.0,theologian,non_europe
2383,Q337029,Abu al-Aswad al-Du'ali,re_arabic_world,Arabic world,603.0,linguist,non_europe
2384,Q2916804,Mujir al-Din,re_arabic_world,Arabic world,1456.0,historian,non_europe
2386,Q4267,Adémar de Chabannes,re_arabic_world,Arabic world,988.0,historian,non_europe
2390,Q4165518,Khalid ibn Yazid,re_arabic_world,Arabic world,655.0,chemist,non_europe
2392,Q12218718,Shuraih Al-Qadhi,re_arabic_world,Arabic world,593.0,historian,non_europe
2393,Q12183510,Sulaimān Ibn-Mihrān Al-A’mash,re_arabic_world,Arabic world,680.0,theologian,non_europe
2395,Q112128,Husayn ibn Ali,re_arabic_world,Arabic world,626.0,theologian,non_europe
2399,Q6957308,Ibrahim al-Nakhai,re_arabic_world,Arabic world,670.0,theologian,non_europe
2400,Q56250455,Ahmad Ibn-Muhammad Ibn-al-Haʾim,re_arabic_world,Arabic world,1352.0,mathematician,non_europe
2401,Q2275364,Severus Sebokht,re_arabic_world,Arabic world,575.0,astronomer | philosopher,non_europe
2402,Q4116087,Ka'ab al-Ahbar,re_arabic_world,Arabic world,600.0,theologian,non_europe
2403,Q4670027,Abu 'Amr ibn al-'Ala',re_arabic_world,Arabic world,689.0,linguist,non_europe
2406,Q12222362,Amir al-Sha'bi,re_arabic_world,Arabic world,641.0,historian,non_europe
2407,Q1567837,Ibn Abi Ishaq,re_arabic_world,Arabic world,650.0,linguist,non_europe
2408,Q1881341,Sinan ibn Thabit,re_arabic_world,Arabic world,880.0,astronomer | mathematician,non_europe
2409,Q11944385,Radegunda de Treviño,re_arabic_world,Arabic world,1119.0,philosopher,non_europe
2410,Q1655912,Aḥmad Ibn-ʿAlī Ibn-Zunbul,re_arabic_world,Arabic world,1500.0,historian,non_europe
2411,Q12202948,Taqi al-Din al-Subki,re_arabic_world,Arabic world,1284.0,theologian,non_europe
2412,Q423210,Banū Mūsā,re_arabic_world,Arabic world,900.0,astronomer | mathematician,non_europe
2413,Q12182782,Ibn Muti al-Zawawi,re_arabic_world,Arabic world,1168.0,linguist,non_europe
2414,Q503130,Hunayn ibn Ishaq,re_arabic_world,Arabic world,808.0,philosopher,non_europe
2415,Q11917497,Al-Ja'd ibn Dirham,re_arabic_world,Arabic world,700.0,theologian | philosopher,non_europe
2416,Q12227970,Ibn Yunus Nabati,re_arabic_world,Arabic world,1389.0,philosopher,non_europe
2417,Q335966,Jonah ibn Janah,re_arabic_world,Arabic world,990.0,linguist,non_europe
2418,Q335145,Ibn al-Baitar,re_arabic_world,Arabic world,1197.0,botanist | pharmacologist,non_europe
2419,Q12198436,Bischr ibn al-Muʿtamir,re_arabic_world,Arabic world,800.0,theologian,non_europe
2420,Q4703386,Al-Zuhri,re_arabic_world,Arabic world,1130.0,geographer,non_europe
2421,Q21208389,Ibn al-A'lam,re_arabic_world,Arabic world,901.0,astronomer,non_europe
2422,Q510650,Hilal al-Sabi',re_arabic_world,Arabic world,969.0,historian,non_europe
2423,Q19288802,Ibn al-Samh,re_arabic_world,Arabic world,979.0,astronomer | mathematician,non_europe
2424,Q5984319,Ibn al-Wardi,re_arabic_world,Arabic world,1290.0,botanist | zoologist | historian | geographer,non_europe
2425,Q508501,Ibn Idhari,re_arabic_world,Arabic world,1300.0,historian,non_europe
2426,Q1959585,Ibn al-Tiqtaqa,re_arabic_world,Arabic world,1262.0,linguist | historian,non_europe
2427,Q4115511,Abu al-Hassan al-Amiri,re_arabic_world,Arabic world,913.0,philosopher,non_europe
2428,Q451427,Usama ibn Munqidh,re_arabic_world,Arabic world,1095.0,historian,non_europe
2429,Q67092995,Ismail al-Hadhiri,re_arabic_world,Arabic world,1137.0,linguist,non_europe
2430,Q7507290,Sibt al-Maridini,re_arabic_world,Arabic world,1423.0,astronomer,non_europe
2432,Q328748,Saadia Gaon,re_arabic_world,Arabic world,882.0,philosopher,non_europe
2433,Q12252153,Yousef ibn Mohamed ibn Masoud al-Sarmari,re_arabic_world,Arabic world,1296.0,linguist,non_europe
2434,Q1356575,Ibn al-Qalanisi,re_arabic_world,Arabic world,1071.0,historian,non_europe
2435,Q425501,Al-Azraqi,re_arabic_world,Arabic world,800.0,historian,non_europe
2436,Q5984286,Ibn abd al-Malik al-Marrakushi,re_arabic_world,Arabic world,1237.0,historian,non_europe
2437,Q648487,Al-Mada'ini,re_arabic_world,Arabic world,753.0,historian,non_europe
2438,Q400919,Ahmad al-Qalqashandi,re_arabic_world,Arabic world,1355.0,mathematician,non_europe
2439,Q15431116,Al-Quda'i,re_arabic_world,Arabic world,950.0,historian,non_europe
2440,Q3571329,Yahya Ibn Khaldun,re_arabic_world,Arabic world,1332.0,historian,non_europe
2441,Q287492,Ali ibn Ridwan,re_arabic_world,Arabic world,988.0,astronomer,non_europe
2442,Q3460213,Ibn Juljul,re_arabic_world,Arabic world,943.0,pharmacologist,non_europe
2443,Q5984161,Ibn Abi Tahir Tayfur,re_arabic_world,Arabic world,819.0,geographer | linguist | historian,non_europe
2444,Q6122255,Sayf ibn Umar,re_arabic_world,Arabic world,750.0,historian,non_europe
2445,Q1186444,Abu al-Salt,re_arabic_world,Arabic world,1068.0,astronomer | philosopher,non_europe
2446,Q2995629,Mohammed ibn Adjurrum,re_arabic_world,Arabic world,1273.0,linguist,non_europe
2447,Q2637918,Abu'l-Barakāt al-Baghdādī,re_arabic_world,Arabic world,1080.0,philosopher,non_europe
2448,Q1393417,Ali ibn Sahl Rabban al-Tabari,re_arabic_world,Arabic world,838.0,philosopher,non_europe
2449,Q3478584,Senoussi,re_arabic_world,Arabic world,1426.0,theologian,non_europe
2450,Q46420,Ibn Arabi,re_arabic_world,Arabic world,1165.0,philosopher,non_europe
2451,Q3478100,Wasil ibn Ata,re_arabic_world,Arabic world,700.0,theologian,non_europe
2452,Q314978,Ali ibn al-Husayn Zayn al-'Abidin,re_arabic_world,Arabic world,659.0,theologian,non_europe
2453,Q5847266,Ibn Duqmaq,re_arabic_world,Arabic world,1349.0,historian,non_europe
2454,Q536837,Isaac Israeli ben Solomon,re_arabic_world,Arabic world,832.0,philosopher,non_europe
2455,Q3772847,Ibn Amira,re_arabic_world,Arabic world,1186.0,historian,non_europe
2456,Q203142,Ibn al-Farid,re_arabic_world,Arabic world,1181.0,philosopher,non_europe
2457,Q57419639,Aladdin al-Shirazi,re_arabic_world,Arabic world,1386.0,logician,non_europe
2458,Q316364,Yaqut al-Hamawi,re_arabic_world,Arabic world,1178.0,geographer | historian,non_europe
2459,Q4702931,Al-Mufaddal ibn Abi al-Fada'il,re_arabic_world,Arabic world,1201.0,historian,non_europe
2460,Q311462,Abulfeda,re_arabic_world,Arabic world,1273.0,geographer | astronomer | historian,non_europe
2461,Q228203,Zufar ibn al-Hudhail,re_arabic_world,Arabic world,728.0,theologian,non_europe
2462,Q4702369,Al-Fakihi,re_arabic_world,Arabic world,839.0,historian,non_europe
2463,Q6533412,Ibn al-Ḥājib,re_arabic_world,Arabic world,1175.0,historian,non_europe
2464,Q3292293,Abu Mansur Mauhub al-Jawaliqi,re_arabic_world,Arabic world,1074.0,linguist,non_europe
2465,Q315377,Ali al-Hadi,re_arabic_world,Arabic world,829.0,theologian,non_europe
2466,Q12223451,Abdullah bin Asaad Al-Yafi'i,re_arabic_world,Arabic world,1298.0,historian,non_europe
2467,Q108733998,Abu al-Faraj al-Armanazi,re_arabic_world,Arabic world,1051.0,historian,non_europe
2468,Q42298432,Nasrallah al-Baghdadi,re_arabic_world,Arabic world,1332.0,linguist,non_europe
2469,Q4670097,Abu Bakr Ibn Mujāhid,re_arabic_world,Arabic world,900.0,theologian,non_europe
2470,Q467161,Samuel ibn Naghrillah,re_arabic_world,Arabic world,993.0,linguist | philosopher,non_europe
2471,Q3603848,Abū Isḥāq al-Shīrāzī,re_arabic_world,Arabic world,1003.0,theologian,non_europe
2472,Q12220160,"Ṣafadī, Khalīl ibn Aybak",re_arabic_world,Arabic world,1296.0,historian,non_europe
2474,Q3147432,Ibn Abi-Dínar al-Qayrawaní,re_arabic_world,Arabic world,1650.0,historian,non_europe
2475,Q12198099,Ibrāhīm ibn ʻUmar Biqāʻī,re_arabic_world,Arabic world,1407.0,historian,non_europe
2476,Q584679,Muḥammad ibn Ibrāhīm al-Fazārī,re_arabic_world,Arabic world,746.0,astronomer | mathematician,non_europe
2477,Q14095767,Muqātil ibn Sulaymān,re_arabic_world,Arabic world,701.0,theologian,non_europe
2478,Q12182523,al-Qāsim ibn Fīrruh Shāṭibī,re_arabic_world,Arabic world,1144.0,theologian,non_europe
2479,Q4115307,Al-Jubba'i,re_arabic_world,Arabic world,849.0,theologian | philosopher,non_europe
2480,Q6536134,Ibn Sallâm al-Jumahî,re_arabic_world,Arabic world,756.0,linguist,non_europe
2481,Q945425,Mashallah ibn Athari,re_arabic_world,Arabic world,740.0,astronomer | mathematician,non_europe
2482,Q42298972,Ibn Habib al-Halabi,re_arabic_world,Arabic world,1310.0,historian,non_europe
2483,Q7395439,Sa'id ibn Aws al-Ansari,re_arabic_world,Arabic world,743.0,linguist,non_europe
2484,Q307665,Abd Allah ibn al-Zubayr,re_arabic_world,Arabic world,624.0,theologian,non_europe
2485,Q1151805,Al-Qurtubi,re_arabic_world,Arabic world,1214.0,theologian,non_europe
2486,Q4120128,Al-Sakhawi,re_arabic_world,Arabic world,1428.0,historian,non_europe
2487,Q4322459,Zarkashi,re_arabic_world,Arabic world,1344.0,historian,non_europe
2488,Q3535817,ʿAbd Allāh ibn al-Ḥusayn al- ʿUkbarī,re_arabic_world,Arabic world,1143.0,mathematician,non_europe
2489,Q39837,Averroes,re_arabic_world,Arabic world,1126.0,astronomer | philosopher,non_europe
2490,Q67654781,Ibn al-Kharrat al-Dawalibi,re_arabic_world,Arabic world,1240.0,linguist,non_europe
2491,Q144639,Zakariya al-Qazwini,re_arabic_world,Arabic world,1203.0,geographer | zoologist | historian | mathematician,non_europe
2492,Q179759,Al-Kindi,re_arabic_world,Arabic world,801.0,philosopher | musicologist | astronomer | mathematician,non_europe
2493,Q22908812,Abul Hasan Hankari,re_arabic_world,Arabic world,1018.0,theologian,non_europe
2494,Q1061624,Chananel ben Chushiel,re_arabic_world,Arabic world,990.0,theologian,non_europe
2495,Q980179,Safi al-Din al-Urmawi,re_arabic_world,Arabic world,1216.0,musicologist,non_europe
2496,Q302956,Aaron ben Elijah,re_arabic_world,Arabic world,1328.0,theologian,non_europe
2497,Q3069371,Ibn al‐Ha'im al‐Ishbili,re_arabic_world,Arabic world,1213.0,astronomer | philosopher | mathematician,non_europe
2498,Q11079,Muḥammad ibn Jābir al-Ḥarrānī al-Battānī,re_arabic_world,Arabic world,858.0,astronomer | mathematician,non_europe
2499,Q15603559,Abū Bakr al-Darbandī,re_arabic_world,Arabic world,1068.0,theologian,non_europe
2500,Q4540405,'Abd al-'Aziz al-Wafa'i,re_arabic_world,Arabic world,1408.0,astronomer,non_europe
2501,Q4116044,Harith al-Muhasibi,re_arabic_world,Arabic world,781.0,theologian,non_europe
2502,Q6532914,Ibn Abī Shaiba,re_arabic_world,Arabic world,776.0,historian,non_europe
2503,Q251259,Ibn Tufayl,re_arabic_world,Arabic world,1110.0,philosopher,non_europe
2504,Q557361,Yahya of Antioch,re_arabic_world,Arabic world,980.0,historian,non_europe
2505,Q307250,'Abd al-Hamīd ibn Turk,re_arabic_world,Arabic world,800.0,mathematician,non_europe
2506,Q57259185,Ibn al-Ayni,re_arabic_world,Arabic world,1433.0,linguist,non_europe
2507,Q340519,Ahimaaz ben Paltiel,re_arabic_world,Arabic world,1017.0,historian,non_europe
2508,Q2719051,Ibn Sab'in,re_arabic_world,Arabic world,1217.0,philosopher,non_europe
2509,Q6532706,Ibn Abi al-Dunya,re_arabic_world,Arabic world,823.0,historian,non_europe
2510,Q316349,Abu al-Hasan al-Ash'ari,re_arabic_world,Arabic world,873.0,theologian | philosopher,non_europe
2511,Q16126606,al-Qāsim ibn ʻAbd Allāh Ibn Quṭlūbughā,re_arabic_world,Arabic world,1399.0,theologian | historian,non_europe
2512,Q4670034,Abu 'Ubaida,re_arabic_world,Arabic world,728.0,historian,non_europe
2513,Q1378989,Eutychius of Alexandria,re_arabic_world,Arabic world,877.0,historian,non_europe
2514,Q367319,Ibn Jubayr,re_arabic_world,Arabic world,1145.0,geographer,non_europe
2515,Q4063579,Altaïr Ibn-La'Ahad,re_arabic_world,Arabic world,1165.0,philosopher | historian,non_europe
2516,Q9294,Ibn Khaldun,re_arabic_world,Arabic world,1332.0,philosopher | sociologist | economist | anthropologist | historian,non_europe
2517,Q293608,Ibn al-Banna' al-Marrakushi,re_arabic_world,Arabic world,1256.0,astronomer | mathematician,non_europe
2518,Q330821,Abraham ibn Daud,re_arabic_world,Arabic world,1110.0,philosopher | historian,non_europe
2519,Q20003180,Ibn al-Dubaythi,re_arabic_world,Arabic world,1163.0,historian,non_europe
2520,Q4695507,Ahmad al-Buni,re_arabic_world,Arabic world,1200.0,mathematician,non_europe
2521,Q12178189,Ibn ʿAqil,re_arabic_world,Arabic world,1298.0,linguist,non_europe
2522,Q2478044,Alī ibn Ahmad al-Nasawī,re_arabic_world,Arabic world,1010.0,astronomer | mathematician,non_europe
2523,Q2820894,Abu l-Faraj at-Tayyib,re_arabic_world,Arabic world,980.0,philosopher,non_europe
2524,Q107345083,Abdullah ibn al-Hasan al-Qurtubi,re_arabic_world,Arabic world,1161.0,linguist,non_europe
2525,Q28714887,Muhammad ibn Saʿdān al-Ḍarīr,re_arabic_world,Arabic world,778.0,linguist,non_europe
2526,Q1379164,Taqi al-Din Muhammad ibn Ma'ruf,re_arabic_world,Arabic world,1526.0,astronomer | mathematician,non_europe
2527,Q846536,Ibn al-Adim,re_arabic_world,Arabic world,1192.0,historian,non_europe
2529,Q20383681,Abu al-Qassim al-Amidi,re_arabic_world,Arabic world,905.0,linguist,non_europe
2530,Q239355,Solomon ibn Gabirol,re_arabic_world,Arabic world,1021.0,philosopher,non_europe
2531,Q52200506,Ibn Naja al-Erbili,re_arabic_world,Arabic world,1190.0,linguist | philosopher,non_europe
2532,Q557961,Al-Khatib al-Baghdadi,re_arabic_world,Arabic world,1002.0,historian,non_europe
2533,Q119679,Ibn Qayyim Al-Jawziy,re_arabic_world,Arabic world,1292.0,theologian,non_europe
2534,Q481455,Abu-Shama al-Maqdissí,re_arabic_world,Arabic world,1203.0,historian,non_europe
2535,Q107344255,Abu al-Hajjaj al-Balawi,re_arabic_world,Arabic world,1132.0,linguist,non_europe
2536,Q11937838,Izz al-Din ibn Shaddad,re_arabic_world,Arabic world,1217.0,historian,non_europe
2537,Q4121967,Ibn al-Majdi,re_arabic_world,Arabic world,1359.0,astronomer | mathematician,non_europe
2538,Q3303997,Abu Sulayman Sijistani,re_arabic_world,Arabic world,932.0,philosopher,non_europe
2539,Q732363,Ibn 'Abd al-Barr,re_arabic_world,Arabic world,978.0,historian,non_europe
2540,Q846343,Sibt ibn al-Jawzi,re_arabic_world,Arabic world,1186.0,historian,non_europe
2541,Q55997606,Ibn al-Uqlishi,re_arabic_world,Arabic world,1097.0,linguist,non_europe
2542,Q2922506,Busiri,re_arabic_world,Arabic world,1213.0,mathematician,non_europe
2543,Q5963182,Abū al-Ṣalāḥ al-Ḥalabī,re_arabic_world,Arabic world,984.0,theologian,non_europe
2544,Q285255,Al-Waqidi,re_arabic_world,Arabic world,747.0,historian,non_europe
2545,Q2481432,Ibn al-Qifti,re_arabic_world,Arabic world,1172.0,historian,non_europe
2546,Q2665215,Ibrahim ibn Adham,re_arabic_world,Arabic world,718.0,theologian,non_europe
2547,Q20422810,Muḥammad ibn ʻAbd al-Malik Hamadhānī,re_arabic_world,Arabic world,1071.0,historian,non_europe
2548,Q11133,Abū Ishāq Ibrāhīm al-Zarqālī,re_arabic_world,Arabic world,1027.0,astronomer,non_europe
2549,Q3147440,Ibn Xabbat,re_arabic_world,Arabic world,1221.0,historian,non_europe
2550,Q6820252,Al-Jaṣṣās,re_arabic_world,Arabic world,918.0,theologian,non_europe
2551,Q423600,`Abdullah ibn `Abbas,re_arabic_world,Arabic world,619.0,historian,non_europe
2552,Q3321466,Ibn al-Abbar,re_arabic_world,Arabic world,1199.0,historian,non_europe
2553,Q2822098,Abul Barakat al-Balafiki,re_arabic_world,Arabic world,1264.0,historian,non_europe
2554,Q3751049,Al-Udri,re_arabic_world,Arabic world,1003.0,historian,non_europe
2555,Q6538102,Ibn Hisham Al-Ansari,re_arabic_world,Arabic world,1309.0,linguist,non_europe
2556,Q367330,Ibn Hawqal,re_arabic_world,Arabic world,943.0,geographer,non_europe
2558,Q298439,Abu al-Wafa Buzjani,re_arabic_world,Arabic world,940.0,astronomer | mathematician,non_europe
2559,Q107355618,Abd al-Malik ibn al-Siraj,re_arabic_world,Arabic world,1009.0,linguist,non_europe
2561,Q3317409,Mkhitar of Ani,re_arabic_world,Arabic world,1200.0,historian,non_europe
2562,Q2898339,Judah ibn Kuraish,re_arabic_world,Arabic world,850.0,linguist,non_europe
2563,Q2745220,Ibn Hayyan,re_arabic_world,Arabic world,987.0,historian,non_europe
2564,Q5907908,Ibn Bassal,re_arabic_world,Arabic world,1050.0,botanist,non_europe
2565,Q9593473,al-Musabbihi,re_arabic_world,Arabic world,977.0,historian,non_europe
2566,Q1299570,Ibn Zafar,re_arabic_world,Arabic world,1104.0,philosopher | political scientist,non_europe
2567,Q3875793,Husam al-Din Chalabi,re_arabic_world,Arabic world,1225.0,theologian,non_europe
2568,Q19629001,Sidi Boushaki,re_arabic_world,Arabic world,1394.0,theologian,non_europe
2569,Q12183231,Abu Bakr al-Ajurri,re_arabic_world,Arabic world,893.0,theologian,non_europe
2570,Q315920,Hasan al-Askari,re_arabic_world,Arabic world,846.0,theologian,non_europe
2571,Q6056774,İbni Arapşah,re_arabic_world,Arabic world,1389.0,philosopher,non_europe
2572,Q401463,Ahmed ar-Rifa'i,re_arabic_world,Arabic world,1118.0,theologian,non_europe
2573,Q2846653,Ibn Faradi,re_arabic_world,Arabic world,962.0,historian,non_europe
2574,Q130169,Sharif al-Murtadha,re_arabic_world,Arabic world,966.0,theologian,non_europe
2575,Q2821719,Abu Raita al-Takriti,re_arabic_world,Arabic world,775.0,theologian,non_europe
2576,Q2462319,Abū al-Ḥasan ibn ʿAlī al-Qalaṣādī,re_arabic_world,Arabic world,1412.0,mathematician,non_europe
2577,Q6533916,Ibn al-Sha'ar,re_arabic_world,Arabic world,1197.0,historian,non_europe
2578,Q31439,Abraham bar Hiyya,re_arabic_world,Arabic world,1070.0,geographer | astronomer | philosopher | mathematician,non_europe
2579,Q21208801,Muhammad al-Baghdadi,re_arabic_world,Arabic world,980.0,mathematician,non_europe
2580,Q982406,Sheikh Adi ibn Musafir,re_arabic_world,Arabic world,1073.0,theologian,non_europe
2581,Q6088021,Issachar ben Mordecai ibn Susan,re_arabic_world,Arabic world,1510.0,mathematician,non_europe
2582,Q81627,al-Jazari,re_arabic_world,Arabic world,1136.0,astronomer | mathematician,non_europe
2583,Q20384863,Muhammad ibn al-Hasan Saʼigh,re_arabic_world,Arabic world,1247.0,linguist,non_europe
2584,Q3043486,Sultan Walad,re_arabic_world,Arabic world,1226.0,philosopher,non_europe
2585,Q1399609,Ibn al-Rawandi,re_arabic_world,Arabic world,827.0,philosopher | historian,non_europe
2586,Q2231534,Yusuf al-Mu'taman ibn Hud,re_arabic_world,Arabic world,1001.0,mathematician,non_europe
2587,Q3154800,Isaac ibn Saul,re_arabic_world,Arabic world,950.0,linguist,non_europe
2588,Q168705,Al-Masudi,re_arabic_world,Arabic world,896.0,geographer | historian,non_europe
2589,Q12178782,Abu al-'Abbas Tha'lab,re_arabic_world,Arabic world,815.0,linguist,non_europe
2590,Q1370661,Menahem ben Saruq,re_arabic_world,Arabic world,920.0,philosopher,non_europe
2591,Q11104,Ibn al-Haytham,re_arabic_world,Arabic world,965.0,astronomer | philosopher | physicist | mathematician,non_europe
2592,Q55835386,Abū-Saʻīd Faraǧ Ibn-Qāsim Ibn-Lubb,re_arabic_world,Arabic world,1301.0,linguist,non_europe
2593,Q19291166,Ishaq ben Reuben,re_arabic_world,Arabic world,1073.0,philosopher,non_europe
2594,Q299200,Judah Halevi,re_arabic_world,Arabic world,1075.0,theologian | philosopher,non_europe
2595,Q16693597,Saad bin Ibrahim al-Zuhri,re_arabic_world,Arabic world,700.0,theologian,non_europe
2596,Q732429,Muhammad ibn Sa'd ibn Mani' al-Baghdadi,re_arabic_world,Arabic world,784.0,historian,non_europe
2597,Q2975510,Ibrahim ibn Sinan,re_arabic_world,Arabic world,908.0,astronomer | mathematician,non_europe
2598,Q7684920,Taqi al-Din Muhammad ibn Ahmad al-Fasi,re_arabic_world,Arabic world,1373.0,historian,non_europe
2599,Q334854,Ali ibn al-Athir,re_arabic_world,Arabic world,1160.0,theologian | historian,non_europe
2600,Q292484,Sayf al-Din al-Amidi,re_arabic_world,Arabic world,1156.0,philosopher,non_europe
2601,Q762229,Bahya ibn Paquda,re_arabic_world,Arabic world,1050.0,theologian | philosopher,non_europe
2602,Q192124,Muhammad ibn Jarir al-Tabari,re_arabic_world,Arabic world,839.0,philosopher | historian,non_europe
2603,Q2277088,Niftawayh,re_arabic_world,Arabic world,858.0,linguist | historian,non_europe
2604,Q5675767,"Kāzarūnī, ʻAlī ibn Muḥammad",re_arabic_world,Arabic world,1217.0,historian,non_europe
2605,Q716228,Hisham Ibn Al-Kalbi,re_arabic_world,Arabic world,737.0,historian,non_europe
2606,Q481499,Ibn Taghribirdi,re_arabic_world,Arabic world,1410.0,historian,non_europe
2607,Q1238067,Muhammad ibn Yūsuf al-Warrāq,re_arabic_world,Arabic world,904.0,geographer | historian,non_europe
2608,Q20388315,Afdal al-Din al-Khunaji,re_arabic_world,Arabic world,1194.0,philosopher,non_europe
2609,Q12251200,Wakee ibn al-Jarrah,re_arabic_world,Arabic world,746.0,theologian,non_europe
2610,Q66587206,Ibn al-Fahham,re_arabic_world,Arabic world,1031.0,linguist,non_europe
2611,Q7331,Ibn Battuta,re_arabic_world,Arabic world,1304.0,geographer,non_europe
2612,Q770298,Sadr al-Din al-Qunawi,re_arabic_world,Arabic world,1209.0,philosopher,non_europe
2613,Q16169783,Arib ibn Sa'd al-Katib al-Qurtubi,re_arabic_world,Arabic world,979.0,historian,non_europe
2614,Q12177924,Ahmad ibn Muhammad abu Yafar al-Gafiqi,re_arabic_world,Arabic world,1100.0,botanist | historian,non_europe
2615,Q317787,Ibn Hazm,re_arabic_world,Arabic world,994.0,geographer | philosopher,non_europe
2616,Q2390573,Al-ʾAṣmaʿiyy,re_arabic_world,Arabic world,740.0,botanist,non_europe
2617,Q16118116,Yaḥyā Ibn-Ziyād Farrāʾ,re_arabic_world,Arabic world,761.0,astronomer | linguist,non_europe
2618,Q12233266,Mūsá ibn Muḥammad Yūnīnī,re_arabic_world,Arabic world,1242.0,historian,non_europe
2619,Q4666111,Abdullah ibn Mubarak,re_arabic_world,Arabic world,736.0,historian,non_europe
2620,Q26215542,Kamal al-Din bin Younis,re_arabic_world,Arabic world,1156.0,astronomer | chemist | mathematician,non_europe
2621,Q984663,Ibn Qutaybah,re_arabic_world,Arabic world,828.0,theologian | historian,non_europe
2622,Q482353,al-Qadi al-Nuʿman,re_arabic_world,Arabic world,903.0,theologian | historian,non_europe
2623,Q12178297,Abū ʿAlī al-Fārisī,re_arabic_world,Arabic world,901.0,linguist,non_europe
2624,Q5984300,Ibn al-Furat,re_arabic_world,Arabic world,1336.0,historian,non_europe
2625,Q112465,Nafi' al-Madani,re_arabic_world,Arabic world,689.0,theologian,non_europe
2626,Q5410881,Muḥammad Ibn-Ibrāhīm Ibn-Ǧamāʿa,re_arabic_world,Arabic world,1241.0,theologian,non_europe
2627,Q514144,Guillaume de Sonnac,re_arabic_world,Arabic world,1200.0,historian,non_europe
2628,Q11373,Abu Ma'shar al-Balkhi,re_arabic_world,Arabic world,787.0,astronomer | philosopher | mathematician,non_europe
2629,Q22933487,Ibn al-Sa'i,re_arabic_world,Arabic world,1196.0,historian,non_europe
2630,Q369690,Ibn Kathir,re_arabic_world,Arabic world,1301.0,historian,non_europe
2631,Q293669,Abd al-Rahman al-Awza'i,re_arabic_world,Arabic world,707.0,theologian | philosopher,non_europe
2632,Q174325,Ibn Wasil,re_arabic_world,Arabic world,1208.0,philosopher | historian | mathematician,non_europe
2633,Q731866,Abu'l-Faraj ibn al-Jawzi,re_arabic_world,Arabic world,1116.0,philosopher | historian,non_europe
2634,Q12201802,ʿAbd-al-Wahhāb Ibn-ʿAlī Tāǧ-ad-Dīn as-Subkī,re_arabic_world,Arabic world,1327.0,theologian,non_europe
2635,Q319146,Ibn al-Nafis,re_arabic_world,Arabic world,1210.0,philosopher,non_europe
2636,Q334847,Ibn Ishaq,re_arabic_world,Arabic world,704.0,historian,non_europe
2637,Q2440642,Thomas of Jesus,re_arabic_world,Arabic world,1529.0,theologian,non_europe
2638,Q1153185,Sahl al-Tustari,re_arabic_world,Arabic world,818.0,theologian,non_europe
2639,Q57693362,Muhammad ibn Abd al-Wahid Mallahi,re_arabic_world,Arabic world,1154.0,historian,non_europe
2640,Q12243677,Muadh al-Harra,re_arabic_world,Arabic world,800.0,linguist,non_europe
2641,Q3308706,Ibn al-Wafid,re_arabic_world,Arabic world,997.0,botanist,non_europe
2642,Q6533428,Ibn al-Kashshab,re_arabic_world,Arabic world,1098.0,linguist,non_europe
2643,Q6407970,ʻAbd Allah ibn Muhammad al-Husayni Nuqrahkar,re_arabic_world,Arabic world,1307.0,linguist,non_europe
2644,Q12205849,Muhammad ibn Ibrahim ibn Yahya Watwat,re_arabic_world,Arabic world,1235.0,botanist | linguist | zoologist | chemist,non_europe
2645,Q6535133,Ibn Jinni,re_arabic_world,Arabic world,941.0,linguist,non_europe
2646,Q2477222,Abdullah ibn Saba',re_arabic_world,Arabic world,600.0,theologian,non_europe
2647,Q335635,Al-Mawardi,re_arabic_world,Arabic world,974.0,political scientist | sociologist,non_europe
2648,Q200947,Ahmad ibn Fadlan,re_arabic_world,Arabic world,879.0,geographer,non_europe
2649,Q4118605,Muhammad al-Maghili,re_arabic_world,Arabic world,1440.0,theologian,non_europe
2650,Q12187054,Jalal al-Din al-Qazwini,re_arabic_world,Arabic world,1268.0,linguist,non_europe
2651,Q2081331,Haly Abenragel,re_arabic_world,Arabic world,901.0,astronomer,non_europe
2652,Q2918077,Said al-Andalusi,re_arabic_world,Arabic world,1029.0,astronomer | historian,non_europe
2653,Q8192126,Ahmad ibn Muhammad al-Razi,re_arabic_world,Arabic world,887.0,historian,non_europe
2654,Q3637065,Baybars al-Mansûrî,re_arabic_world,Arabic world,1247.0,historian,non_europe
2655,Q467148,Joseph ben Ephraim Karo,re_arabic_world,Arabic world,1488.0,philosopher,non_europe
2656,Q6536330,Muhammad ibn Shakir al-Kutubi,re_arabic_world,Arabic world,1287.0,historian,non_europe
2657,Q12178232,Abu Hashim al-Jubba'i,re_arabic_world,Arabic world,888.0,theologian,non_europe
2658,Q12181671,Ibrahim al-Riyadi al-Shaybani,re_arabic_world,Arabic world,838.0,linguist,non_europe
2659,Q288111,Jabir ibn Aflah,re_arabic_world,Arabic world,1100.0,astronomer | mathematician,non_europe
2660,Q16027759,Hussein Baroudi,re_arabic_world,Arabic world,1698.0,theologian,non_europe
2661,Q4664586,Abd al-Rahman al-Jadiri,re_arabic_world,Arabic world,1375.0,astronomer,non_europe
2662,Q307686,Abdullah ibn Salam,re_arabic_world,Arabic world,550.0,theologian,non_europe
2663,Q2342579,Sharaf al-Dīn al-Ṭūsī,re_arabic_world,Arabic world,1135.0,astronomer | mathematician,non_europe
2664,Q3772449,Ibn al-Saffar,re_arabic_world,Arabic world,950.0,astronomer,non_europe
2665,Q7902047,Usman Harooni,re_arabic_world,Arabic world,1107.0,philosopher,non_europe
2666,Q20384774,Muḥammad ibn ʻAbd al-Wāḥid Ibn al-Humām,re_arabic_world,Arabic world,1388.0,theologian,non_europe
2667,Q108687011,Aḥmad ibn Yūsuf Qaramānī,re_arabic_world,Arabic world,1532.0,historian,non_europe
2668,Q1235399,Ibn al-'Awwam,re_arabic_world,Arabic world,1150.0,botanist,non_europe
2669,Q330776,Abraham ben Solomon,re_arabic_world,Arabic world,1482.0,historian,non_europe
2670,Q3147451,Ibn Qurqūl,re_arabic_world,Arabic world,1111.0,theologian,non_europe
2671,Q639821,Ibn Kammuna,re_arabic_world,Arabic world,1215.0,theologian | philosopher,non_europe
2672,Q918471,Abu Bakr ibn al-Arabi,re_arabic_world,Arabic world,1076.0,historian,non_europe
2673,Q4670442,Abu al-Hasan Ali al-Jaznai,re_arabic_world,Arabic world,1300.0,historian,non_europe
2674,Q56063581,Judah ben Solomon ha-Kohen,re_arabic_world,Arabic world,1215.0,astronomer,non_europe
2675,Q4670036,Abu Abdallah ibn Askar,re_arabic_world,Arabic world,1529.0,historian,non_europe
2676,Q13176625,Aḥmad ibn Yūsuf ibn ʻAlī Ibn al-Azraq al-Fāriqī,re_arabic_world,Arabic world,1116.0,historian,non_europe
2678,Q57420531,Ibn Khatib al-Nasiriya,re_arabic_world,Arabic world,1372.0,historian,non_europe
2679,Q4116640,Muhammad ibn Aslam Al-Ghafiqi,re_arabic_world,Arabic world,1100.0,botanist,non_europe
2680,Q106595657,Al-Ṭignarī,re_arabic_world,Arabic world,1100.0,botanist,non_europe
2681,Q3147455,Ibn Masarra,re_arabic_world,Arabic world,883.0,philosopher,non_europe
2682,Q565665,Ibn 'Asakir,re_arabic_world,Arabic world,1105.0,theologian | historian,non_europe
2683,Q380295,Bar Hebraeus,re_arabic_world,Arabic world,1226.0,historian,non_europe
2684,Q2608002,Al-Baqillani,re_arabic_world,Arabic world,950.0,theologian,non_europe
2685,Q28714944,Al-Rummani,re_arabic_world,Arabic world,909.0,linguist | logician,non_europe
2686,Q20418542,Abu-l-Hasan al-Tamgruti,re_arabic_world,Arabic world,1534.0,historian,non_europe
2687,Q5949576,Bondari Esfahani,re_arabic_world,Arabic world,1190.0,historian,non_europe
2688,Q57316754,Ibn Hasnun,re_arabic_world,Arabic world,908.0,linguist,non_europe
2689,Q527284,Yaʿqūb ibn Ṭāriq,re_arabic_world,Arabic world,800.0,astronomer | mathematician,non_europe
2690,Q3483161,Sidi Abderrahmane ath-Thaalibi,re_arabic_world,Arabic world,1384.0,theologian,non_europe
2692,Q404554,William of Tripoli,re_arabic_world,Arabic world,1250.0,anthropologist,non_europe
2693,Q2474911,Al-Abbās ibn Said al-Jawharī,re_arabic_world,Arabic world,800.0,astronomer | mathematician,non_europe
2694,Q253568,Baha ad-Din ibn Shaddad,re_arabic_world,Arabic world,1145.0,theologian | historian,non_europe
2695,Q20639763,Taghi-o-din Rased,re_arabic_world,Arabic world,1521.0,mathematician,non_europe
2696,Q3607440,Al-Harran,re_arabic_world,Arabic world,1030.0,theologian | astronomer | philosopher,non_europe
2697,Q11904608,Al-Birzali,re_arabic_world,Arabic world,1267.0,historian,non_europe
2698,Q3180928,Abu Hafs Umar al-Suhrawardi,re_arabic_world,Arabic world,1145.0,theologian | philosopher,non_europe
2699,Q4164868,Al-Jaldaki,re_arabic_world,Arabic world,1300.0,chemist,non_europe
2700,Q4116117,Ibrahim El-Desouki,re_arabic_world,Arabic world,1255.0,theologian,non_europe
2701,Q225496,Abu Bakr bin Yahya al-Suli,re_arabic_world,Arabic world,880.0,historian,non_europe
2702,Q2829269,Al-Qatrawani,re_arabic_world,Arabic world,1450.0,mathematician,non_europe
2703,Q335103,Abū Kāmil Shujāʿ ibn Aslam,re_arabic_world,Arabic world,850.0,mathematician,non_europe
2704,Q5657658,Muhammad al-Khushani,re_arabic_world,Arabic world,901.0,historian,non_europe
2705,Q19715092,Ibn Muyassar,re_arabic_world,Arabic world,1231.0,historian,non_europe
2706,Q2822074,Abu Chama Chihab al-Din Abu al-Qasim abd al-Rahman,re_arabic_world,Arabic world,1203.0,historian,non_europe
2707,Q71394,Ibn Khallikan,re_arabic_world,Arabic world,1211.0,historian,non_europe
2708,Q459921,Ibn Yunus,re_arabic_world,Arabic world,950.0,astronomer | philosopher | mathematician,non_europe
2709,Q42332045,Ibn al-Dhibithi,re_arabic_world,Arabic world,1163.0,historian,non_europe
2710,Q4165460,Aban bin Uthman bin Affan,re_arabic_world,Arabic world,641.0,historian,non_europe
2711,Q11926333,Ibn Abi l-Dam,re_arabic_world,Arabic world,1187.0,historian,non_europe
2712,Q94875106,ʿAlī Ibn-al-Mufaḍḍal al- Maqdisī,re_arabic_world,Arabic world,1150.0,theologian,non_europe
2713,Q5602779,Al-Marzubānī,re_arabic_world,Arabic world,909.0,historian,non_europe
2714,Q16148550,Abu'l Hasan ibn Arfa Ra'a,re_arabic_world,Arabic world,1121.0,chemist,non_europe
2715,Q2837555,Abu Bakr Muhammad al-Turtushi,re_arabic_world,Arabic world,1059.0,political scientist,non_europe
2716,Q51454069,Ibn al-Haitham,re_arabic_world,Arabic world,850.0,historian,non_europe
2717,Q20003172,Ibn Abī Ṭayyiʼ,re_arabic_world,Arabic world,1180.0,historian,non_europe
2718,Q4695527,Ahmad ibn Qasim Al-Hajarī,re_arabic_world,Arabic world,1570.0,linguist,non_europe
2719,Q12228305,Umara bin Abi al-Hasan al-Hakami,re_arabic_world,Arabic world,1121.0,historian,non_europe
2720,Q590185,Abu Madyan,re_arabic_world,Arabic world,1126.0,theologian,non_europe
2721,Q6834951,Muḥammad Ibn-al-Huḏail Abu-'l-Huḏail al-ʿAllāf,re_arabic_world,Arabic world,752.0,theologian,non_europe
2722,Q2474018,Kushyar Gilani,re_arabic_world,Arabic world,971.0,geographer | astronomer | mathematician,non_europe
2723,Q3773066,Ibn Juzayy,re_arabic_world,Arabic world,1321.0,historian,non_europe
2724,Q99975913,Ahmad ibn Arabxah,re_arabic_world,Arabic world,1389.0,historian,non_europe
2725,Q12193844,Mundhirī,re_arabic_world,Arabic world,1185.0,historian,non_europe
2726,Q6288216,Joseph ibn Shem-Tov,re_arabic_world,Arabic world,1400.0,philosopher,non_europe
2727,Q4115862,Abu al-Abbas al-Nabati,re_arabic_world,Arabic world,1166.0,theologian | botanist,non_europe
2728,Q293497,Al-Jahiz,re_arabic_world,Arabic world,775.0,zoologist | historian,non_europe
2729,Q783253,Maslamah ibn Aḥmad Majrīṭī,re_arabic_world,Arabic world,950.0,astronomer | chemist | mathematician,non_europe
2730,Q12180143,Akmal al-Din al-Babarti,re_arabic_world,Arabic world,1314.0,theologian | linguist,non_europe
2731,Q5984216,Ibn Jurayj,re_arabic_world,Arabic world,699.0,theologian,non_europe
2732,Q60832196,Ibn Fallus,re_arabic_world,Arabic world,1194.0,mathematician,non_europe
2733,Q3101035,Qadi Ayyad,re_arabic_world,Arabic world,1084.0,historian,non_europe
2734,Q3561501,Ishaq ibn Hunayn,re_arabic_world,Arabic world,830.0,mathematician,non_europe
2735,Q6532961,Ibn Abī Yaʿlā,re_arabic_world,Arabic world,1059.0,historian,non_europe
2736,Q318820,Benjamin of Tudela,re_arabic_world,Arabic world,1130.0,historian,non_europe
2737,Q11904655,Al-Mubashshir ibn Fātik,re_arabic_world,Arabic world,1019.0,philosopher | mathematician,non_europe
2738,Q3791575,Ibn Shihab al-Zuhri,re_arabic_world,Arabic world,678.0,theologian | historian,non_europe
2739,Q12177686,Ibn al-Sarī al-Zajjāj,re_arabic_world,Arabic world,857.0,linguist,non_europe
2740,Q250568,Thābit ibn Qurra,re_arabic_world,Arabic world,836.0,astronomer | mathematician,non_europe
2741,Q423774,Urwah ibn Zubayr,re_arabic_world,Arabic world,644.0,historian,non_europe
2742,Q3594808,Abd Al-Wahhab bin Ahmad Al-Misri Al-Sharani,re_arabic_world,Arabic world,1491.0,philosopher | historian,non_europe
2743,Q6718226,Jaʻfar ibn Thaʻlab Udfuwi,re_arabic_world,Arabic world,1286.0,linguist | historian,non_europe
2744,Q3607422,Al-Abiwardi,re_arabic_world,Arabic world,1064.0,historian,non_europe
2745,Q217915,Piri Reis,re_arabic_world,Arabic world,1470.0,geographer,non_europe
2746,Q3675585,Ibn al-Mustawfī,re_arabic_world,Arabic world,1170.0,linguist | historian,non_europe
2747,Q5984236,Ibn Maḍāʾ,re_arabic_world,Arabic world,1116.0,mathematician,non_europe
2748,Q54861334,Ahmad ibn Muhammad Fayyumi,re_arabic_world,Arabic world,1291.0,linguist,non_europe
2749,Q61056,al-Maʾmun,re_arabic_world,Arabic world,786.0,geographer,non_europe
2750,Q718169,Ibn al-Shatir,re_arabic_world,Arabic world,1304.0,astronomer | mathematician,non_europe
2751,Q5655018,Abenalsid,re_arabic_world,Arabic world,1052.0,philosopher,non_europe
2752,Q2462345,Al-Shaykh Al-Mufid,re_arabic_world,Arabic world,948.0,theologian,non_europe
2753,Q42298572,Taj al-Din al-Sinjari,re_arabic_world,Arabic world,1322.0,linguist,non_europe
2754,Q3603852,Ibn Kabar,re_arabic_world,Arabic world,1201.0,historian,non_europe
2755,Q22684344,Ismail bin Muhammad al-Saffar,re_arabic_world,Arabic world,861.0,linguist,non_europe
2756,Q3353450,Fakhr-al-Din Iraqi,re_arabic_world,Arabic world,1213.0,philosopher,non_europe
2757,Q160460,Al-Farabi,re_arabic_world,Arabic world,870.0,musicologist | philosopher | physicist,non_europe
2758,Q57477040,Qutb al-Din al-Safawi,re_arabic_world,Arabic world,1495.0,logician,non_europe
2759,Q363852,Moses Bar-Kepha,re_arabic_world,Arabic world,813.0,theologian,non_europe
2760,Q4119124,Ibn Hamza al-Maghribi,re_arabic_world,Arabic world,1500.0,mathematician,non_europe
2761,Q270670,Abraham ibn Ezra,re_arabic_world,Arabic world,1092.0,astronomer | philosopher,non_europe
2762,Q170046,Ja'far al-Sadiq,re_arabic_world,Arabic world,702.0,theologian,non_europe
2763,Q735601,Junayd of Baghdad,re_arabic_world,Arabic world,830.0,philosopher,non_europe
2764,Q981803,Dhul-Nun al-Misri,re_arabic_world,Arabic world,796.0,theologian | archeologist | historian,non_europe
2765,Q11482162,Ibn al-Haddad,re_arabic_world,Arabic world,1030.0,mathematician,non_europe
2766,Q3157606,Jacob ben Nissim,re_arabic_world,Arabic world,950.0,philosopher,non_europe
2767,Q6118970,Jacob Mantino ben Samuel,re_arabic_world,Arabic world,1490.0,philosopher,non_europe
2768,Q1397028,Ibn Manzur,re_arabic_world,Arabic world,1233.0,historian,non_europe
2769,Q2822099,Abu al-Abbas as-Sabti,re_arabic_world,Arabic world,1129.0,philosopher,non_europe
2770,Q18204876,Hisham ibn Hakam,re_arabic_world,Arabic world,750.0,philosopher,non_europe
2771,Q25088,Muhammad al-Jawad,re_arabic_world,Arabic world,811.0,theologian,non_europe
2772,Q10394588,Yaʿīsh ibn Ibrāhīm al-Umawī,re_arabic_world,Arabic world,1400.0,mathematician,non_europe
2773,Q12178132,Muḥammad ibn Yūsuf al-Kindi,re_arabic_world,Arabic world,897.0,historian,non_europe
2774,Q302835,Nasir al-Din al-Tusi,re_arabic_world,Arabic world,1201.0,theologian | astronomer | philosopher | mathematician,non_europe
2775,Q4695524,Ahmad ibn Munim al-Abdari,re_arabic_world,Arabic world,1150.0,mathematician,non_europe
2776,Q12198431,Bishr ibn Ghayāth Marīsī,re_arabic_world,Arabic world,800.0,theologian,non_europe
2777,Q9038,Al-Khwarizmi,re_arabic_world,Arabic world,780.0,philosopher | astronomer | mathematician | geographer | historian,non_europe
2778,Q97144071,Daoud bin Haytham al-Tanukhi,re_arabic_world,Arabic world,843.0,linguist,non_europe
2779,Q468432,Jalal al-Din al-Suyuti,re_arabic_world,Arabic world,1445.0,geographer | historian,non_europe
2780,Q12183326,Al-Akhfash al-Asghar,re_arabic_world,Arabic world,849.0,linguist,non_europe
2781,Q288067,Al-Nuwayri,re_arabic_world,Arabic world,1278.0,historian,non_europe
2782,Q557882,Azriel,re_arabic_world,Arabic world,1160.0,philosopher,non_europe
2783,Q4117458,Zakariyya al-Ansari,re_arabic_world,Arabic world,1420.0,linguist | historian,non_europe
2784,Q5984322,Ibn al-Yasamin,re_arabic_world,Arabic world,1100.0,mathematician,non_europe
2785,Q287501,Ibrahim an-Nazzam,re_arabic_world,Arabic world,775.0,theologian,non_europe
2786,Q61065695,Muḥibb al-Dīn Ibn al-Najjār,re_arabic_world,Arabic world,1183.0,historian,non_europe
2787,Q12208197,Hussein Khouja,re_arabic_world,Arabic world,1666.0,historian,non_europe
2788,Q1655886,Ḫalaf Ibn-ʿAbd-al-Malik Ibn-Baškuwāl,re_arabic_world,Arabic world,1101.0,historian,non_europe
2789,Q3147671,"Yashūʻadnāḥ, Bishop of Basra",re_arabic_world,Arabic world,801.0,theologian,non_europe
2790,Q25489664,Isaac Albalia,re_arabic_world,Arabic world,1035.0,astronomer,non_europe
2791,Q4076086,Abd al-Rashid al-Bakuwi,re_arabic_world,Arabic world,1400.0,geographer,non_europe
2792,Q519405,Khalifa ibn Khayyat,re_arabic_world,Arabic world,777.0,historian,non_europe
2793,Q144287,Zayd ibn Ali,re_arabic_world,Arabic world,695.0,theologian,non_europe
2794,Q290506,Al-Hilli,re_arabic_world,Arabic world,1250.0,theologian,non_europe
2795,Q2475262,Habash al-Hasib al-Marwazi,re_arabic_world,Arabic world,766.0,astronomer | mathematician,non_europe
2796,Q461096,Ibn Hišām,re_arabic_world,Arabic world,701.0,historian,non_europe
2797,Q2829271,Al-Qastallani,re_arabic_world,Arabic world,1448.0,historian,non_europe
2798,Q4195341,Ibrahim ibn Muhàmmad ibn Ibrahim al-Halabí,re_arabic_world,Arabic world,1460.0,historian,non_europe
2799,Q293528,Al-Baladhuri,re_arabic_world,Arabic world,820.0,geographer | historian,non_europe
2800,Q16117724,Ahmad al-Wansharisi,re_arabic_world,Arabic world,1431.0,theologian,non_europe
2801,Q1032839,Khalaf al-Ahmar,re_arabic_world,Arabic world,733.0,linguist,non_europe
2802,Q6534226,Abu Ya'la,re_arabic_world,Arabic world,990.0,theologian,non_europe
2803,Q3128063,Hasan al-Rammah,re_arabic_world,Arabic world,1200.0,chemist,non_europe
2804,Q1383938,Shem-Tov ibn Falaquera,re_arabic_world,Arabic world,1225.0,philosopher,non_europe
2805,Q6533780,Ibn al-Sikkit,re_arabic_world,Arabic world,802.0,linguist,non_europe
2806,Q982170,Shlomo ben Aderet,re_arabic_world,Arabic world,1235.0,philosopher,non_europe
2807,Q2829242,Al-Mubarrad,re_arabic_world,Arabic world,826.0,linguist,non_europe
2808,Q23951994,Ibrahim ibn Said al-Sahli,re_arabic_world,Arabic world,1001.0,astronomer | mathematician,non_europe
2809,Q471116,Ibn Hajar al-Asqalani,re_arabic_world,Arabic world,1372.0,historian,non_europe
2810,Q357940,Dunash ibn Tamim,re_arabic_world,Arabic world,890.0,astronomer,non_europe
2811,Q4670236,Abu Jafar ibn Harun al-Turjali,re_arabic_world,Arabic world,1180.0,philosopher,non_europe
2812,Q75007,Muhammad ibn Iyas,re_arabic_world,Arabic world,1448.0,historian,non_europe
2813,Q57749726,Ibn al-Qawba',re_arabic_world,Arabic world,1266.0,linguist,non_europe
2814,Q12191204,Aḥmad Ibn-Muḥammad al- Qudūrī,re_arabic_world,Arabic world,973.0,theologian,non_europe
2815,Q3045396,Ibn Said al-Maghribi,re_arabic_world,Arabic world,1213.0,geographer,non_europe
2816,Q840652,Omar Tiberiades,re_arabic_world,Arabic world,762.0,astronomer | philosopher | linguist,non_europe
2817,Q107341628,Ibn Sa'd al-Khayr of Valencia,re_arabic_world,Arabic world,1116.0,linguist,non_europe
2818,Q3777146,Izz al-Din ibn Hibatullah ibn Abi l-Hadid,re_arabic_world,Arabic world,1191.0,theologian | historian,non_europe
2819,Q11728390,Ibn Aqil,re_arabic_world,Arabic world,1040.0,theologian,non_europe
2820,Q2987645,Ibn Muʿādh al-Jayyānī,re_arabic_world,Arabic world,989.0,mathematician,non_europe
2821,Q3571334,Yahya ibn Adi,re_arabic_world,Arabic world,893.0,philosopher,non_europe
2822,Q4664888,Abdelwahid al-Marrakushi,re_arabic_world,Arabic world,1185.0,historian,non_europe
2823,Q67201430,Ibn al-Qabisi,re_arabic_world,Arabic world,1163.0,linguist,non_europe
2824,Q3046604,Ibn Abi Zar,re_arabic_world,Arabic world,1250.0,historian,non_europe
2825,Q127398,Moshe ben Maimon,re_arabic_world,Arabic world,1138.0,astronomer | philosopher,non_europe
2826,Q6758211,Jalaluddin al-Mahalli,re_arabic_world,Arabic world,1389.0,theologian,non_europe
2827,Q1640082,Abu Hayyan al-Gharnati,re_arabic_world,Arabic world,1256.0,theologian,non_europe
2828,Q308115,Abd as-Salam ibn Mashish al-Alami,re_arabic_world,Arabic world,1165.0,theologian,non_europe
2829,Q256506,Rabia of Basri,re_arabic_world,Arabic world,710.0,philosopher,non_europe
2830,Q307277,Abd al-Latif al-Baghdadi,re_arabic_world,Arabic world,1162.0,archeologist | historian,non_europe
2831,Q27546923,Al-Haytham ibn 'Adi,re_arabic_world,Arabic world,748.0,linguist | historian,non_europe
2832,Q330616,Al-Damiri,re_arabic_world,Arabic world,1341.0,philosopher | zoologist,non_europe
2833,Q3318809,Mohamed Seghir Ben Youssef,re_arabic_world,Arabic world,1691.0,historian,non_europe
2834,Q742319,Imad ad-Din al-Isfahani,re_arabic_world,Arabic world,1125.0,historian,non_europe
2835,Q12242407,Al-ʻIjliyyah,re_arabic_world,Arabic world,950.0,astronomer,non_europe
2836,Q3147431,Ibn Abd al-Zahir,re_arabic_world,Arabic world,1223.0,historian,non_europe
2837,Q220697,Abu Yusuf,re_arabic_world,Arabic world,731.0,philosopher,non_europe
2838,Q958426,Joseph ibn Tzaddik,re_arabic_world,Arabic world,1075.0,philosopher,non_europe
2839,Q6930533,Mu'ayyad fi'l-Din al-Shirazi,re_arabic_world,Arabic world,1000.0,philosopher,non_europe
2840,Q5907931,Ibn Tumlus,re_arabic_world,Arabic world,1164.0,philosopher,non_europe
2841,Q355455,Nahmanides,re_arabic_world,Arabic world,1194.0,philosopher,non_europe
2842,Q16159801,Abu-Bayhas,re_arabic_world,Arabic world,700.0,theologian,non_europe
2843,Q712890,Mujahid ibn Jabr,re_arabic_world,Arabic world,642.0,theologian,non_europe
2844,Q6533039,Ibn Abi al-Khisal,re_arabic_world,Arabic world,1073.0,historian,non_europe
2845,Q1919866,Ahmad ibn Mājid,re_arabic_world,Arabic world,1432.0,geographer,non_europe
2846,Q2829407,Abu al-Abbas al-Sharishi,re_arabic_world,Arabic world,1162.0,linguist,non_europe
2847,Q335599,Abu al-Faraj al-Isfahani,re_arabic_world,Arabic world,897.0,historian,non_europe
2848,Q97143599,Abu al-'Ala al-Majashi'i,re_arabic_world,Arabic world,1066.0,linguist,non_europe
2849,Q3607504,al-Himyari,re_arabic_world,Arabic world,1401.0,geographer,non_europe
2850,Q3778265,Ibn Sidah,re_arabic_world,Arabic world,1007.0,linguist | philosopher | logician,non_europe
2851,Q2479109,Abul Abbas al-Mursi,re_arabic_world,Arabic world,1219.0,theologian,non_europe
2852,Q11926367,Ibn al-Mudjawir,re_arabic_world,Arabic world,1204.0,geographer,non_europe
2853,Q3607662,Alam al-Din al-Hanafi,re_arabic_world,Arabic world,1178.0,astronomer | mathematician,non_europe
2854,Q293554,Al-Dhahabi,re_arabic_world,Arabic world,1274.0,historian,non_europe
2855,Q400930,Ahmad ibn Arabshah,re_arabic_world,Arabic world,1389.0,historian,non_europe
2856,Q4703267,Al-Suhayli,re_arabic_world,Arabic world,1114.0,theologian,non_europe
2857,Q3128841,Sayyid Haydar Amuli,re_arabic_world,Arabic world,1319.0,philosopher,non_europe
2858,Q1673518,Isaac ibn Latif,re_arabic_world,Arabic world,1210.0,philosopher,non_europe
2859,Q12177855,Al-Bazzar,re_arabic_world,Arabic world,820.0,theologian,non_europe
2860,Q527954,Asad ibn al-Furat,re_arabic_world,Arabic world,759.0,theologian,non_europe
2861,Q20810372,Abu Saeed Mubarak Makhzoomi,re_arabic_world,Arabic world,1013.0,theologian,non_europe
2862,Q2198528,Ahmad ibn Yusuf,re_arabic_world,Arabic world,835.0,astronomer | mathematician,non_europe
2863,Q1395668,Ibn Abi Usaibia,re_arabic_world,Arabic world,1203.0,historian,non_europe
2864,Q63487755,Shaydhalah,re_arabic_world,Arabic world,1001.0,theologian,non_europe
2865,Q22690798,Yahya al-Obaidaly,re_arabic_world,Arabic world,829.0,historian,non_europe
2866,Q305975,Abbas Ibn Firnas,re_arabic_world,Arabic world,810.0,astronomer | chemist,non_europe
2867,Q294116,Al-Muqaddasi,re_arabic_world,Arabic world,945.0,geographer,non_europe
2868,Q6536228,Fatḥ al-Din Ibn Sayyid al-Nās,re_arabic_world,Arabic world,1272.0,historian,non_europe
2869,Q8061995,Yusuf bin Ahmad al-Kawneyn,re_arabic_world,Arabic world,1150.0,philosopher,non_europe
2870,Q315031,Musa al-Kadhim,re_arabic_world,Arabic world,745.0,theologian,non_europe
2871,Q48703,Al-Muzani,re_arabic_world,Arabic world,791.0,theologian,non_europe
2872,Q107356660,Ibrahim ibn Abi Bakr al-Ansari,re_arabic_world,Arabic world,1212.0,linguist,non_europe
2873,Q337126,Al-Bakri,re_arabic_world,Arabic world,1014.0,botanist | historian | geographer,non_europe
2874,Q3719891,Al-Hasan ibn 'Ali al-Barbahari,re_arabic_world,Arabic world,867.0,theologian,non_europe
2875,Q293689,al-Yaʿqubi,re_arabic_world,Arabic world,801.0,geographer | historian | mathematician,non_europe
2876,Q2829422,Al Wazir Al Sarraj,re_arabic_world,Arabic world,1659.0,historian,non_europe
2877,Q1706130,Joseph ben Judah ibn Aknin,re_arabic_world,Arabic world,1150.0,philosopher,non_europe
2878,Q3389798,Martin of Leon,re_arabic_world,Arabic world,1130.0,philosopher,non_europe
2879,Q615555,Hamza ibn Ali ibn Ahmad,re_arabic_world,Arabic world,985.0,theologian,non_europe
2881,Q470795,Nur ad-Din al-Bitruji,re_arabic_world,Arabic world,1200.0,astronomer,non_europe
2882,Q337009,Abu Mikhnaf,re_arabic_world,Arabic world,709.0,historian,non_europe
2883,Q4170178,Ibn al-Qaisarani,re_arabic_world,Arabic world,1056.0,historian,non_europe
2884,Q19999496,Ezra ben Salomon de Gérone,re_arabic_world,Arabic world,1150.0,theologian,non_europe
2885,Q5984303,Ibn al-Fuwati,re_arabic_world,Arabic world,1244.0,astronomer | historian,non_europe
2886,Q85962479,Abdullah ibn Ahmad al-Fakihi,re_arabic_world,Arabic world,1493.0,linguist,non_europe
2887,Q31003843,'Ala' al-Din al-Bukhari,re_arabic_world,Arabic world,1377.0,theologian | logician,non_europe
2888,Q2695766,Abū Hayyān al-Tawhīdī,re_arabic_world,Arabic world,923.0,philosopher,non_europe
2889,Q12220518,Ḍirār ibn ʻAmr al-Ghaṭafānī,re_arabic_world,Arabic world,728.0,theologian,non_europe
2890,Q3147466,Ibn Zura,re_arabic_world,Arabic world,943.0,philosopher,non_europe
2891,Q706588,Khashkhash Ibn Saeed Ibn Aswad,re_arabic_world,Arabic world,801.0,geographer,non_europe
2892,Q311495,Abu al-Qasim al-Zahrawi,re_arabic_world,Arabic world,936.0,philosopher | anatomist,non_europe
2893,Q282883,Shahab al-Din Suhrawardi,re_arabic_world,Arabic world,1155.0,philosopher,non_europe
2894,Q25468769,Majd ad-Dīn Ibn Athir,re_arabic_world,Arabic world,1150.0,linguist | historian,non_europe
2895,Q2737184,Ibn al-Khatib,re_arabic_world,Arabic world,1313.0,philosopher | historian,non_europe
2896,Q3603837,Abu 'Ali al-Khaiyat,re_arabic_world,Arabic world,770.0,astronomer,non_europe
2897,Q10299689,Ibn Ghazi al-Miknasi,re_arabic_world,Arabic world,1437.0,linguist | historian | mathematician,non_europe
2898,Q2658869,Chihab al-Umari,re_arabic_world,Arabic world,1301.0,historian,non_europe
2899,Q6532342,Ibrahim ibn Ishaq al-Harbi,re_arabic_world,Arabic world,813.0,linguist,non_europe
2900,Q97143762,Al-Khidr bin Tharwan,re_arabic_world,Arabic world,1111.0,linguist,non_europe
2901,Q1384613,Ibn al-Nadim,re_arabic_world,Arabic world,1000.0,historian,non_europe
2902,Q10296786,Sayyed Ibn Tawus,re_arabic_world,Arabic world,1193.0,historian,non_europe
2903,Q11908846,Bayan ibn Saman al-Tamimi,re_arabic_world,Arabic world,700.0,theologian,non_europe
2904,Q4670019,Abu'l Husayn al-Basri,re_arabic_world,Arabic world,980.0,theologian,non_europe
2905,Q1168219,Josef ben Meir ibn Zabara,re_arabic_world,Arabic world,1140.0,physicist,non_europe
2906,Q12190429,ʻAlī ibn Muḥammad Sakhāwī,re_arabic_world,Arabic world,1163.0,linguist,non_europe
2907,Q167852,Jabir ibn Hayyan,re_arabic_world,Arabic world,721.0,astronomer | philosopher | mathematician,non_europe
2908,Q40379014,Ibn Khatib Daraya,re_arabic_world,Arabic world,1344.0,linguist,non_europe
2909,Q5661709,Al-Ruayni,re_arabic_world,Arabic world,950.0,philosopher,non_europe
2910,Q2637658,Sawirus ibn al-Muqaffaʿ,re_arabic_world,Arabic world,1000.0,historian,non_europe
2911,Q178638,Nasreddin,re_arabic_world,Arabic world,1200.0,philosopher,non_europe
2912,Q57252424,Ahmad ibn Khalil al-Khoei,re_arabic_world,Arabic world,1187.0,theologian,non_europe
2913,Q11362,Avempace,re_arabic_world,Arabic world,1080.0,botanist | astronomer | philosopher | mathematician,non_europe
2914,Q1243803,George Elmacin,re_arabic_world,Arabic world,1223.0,historian,non_europe
2915,Q18397639,Mūsá ibn ʻUqbah,re_arabic_world,Arabic world,674.0,historian,non_europe
2916,Q733598,Moses ben Jacob Cordovero,re_arabic_world,Arabic world,1522.0,theologian,non_europe
